any_suggestion,suggest_safe,suggest_efficient,agree_proposal,discuss_coordinate,discuss_fairness,discuss_efficient,discuss_rules,explanation,discuss_howtoplay,ask_game,receive_report,truthful,falsehood,contradict,neither_report,original_message,row_id
1,1,0,1,0,1,0,0,0,0,0,1,1,0,0,0,"1; y luego en el juego 2 / 1; te vendra mejor a ti 4 y 4 / 1; miralo / 1; pero si no te fias / 1; ponemos 3 y 3 / 1; okey / 2; Mejor 3 y 3 / 2; Aqui nos favorece jugar a mi favor / 2; seria 1 y 1 / 0; okay / 0; o q beneficie aalguien? / 2; 3,3? / 1; ajaja / 1; me estais rallando / 0; lo q digais / 2; quieres 3,3 / 1; 2 / 1; c2 f2?",7
1,1,0,1,0,0,0,0,0,0,0,0,0,0,0,1,2; fila 2 / 1; ya queda menosssss / 0; perdooooon / 1; habiamos dicho 2 y 2,0
1,0,0,1,0,0,0,1,1,1,0,1,1,0,0,0,1; tiene que ser el que aprezca en pantalla? / 0; nooo / 2; sí / 2; el no sabe que juego es / 2; pero al final le dicen que es ese / 0; a mi me sale una cosa que dice prueba varias posibilidades / 1; lo que veas..... / 2; yo lo veo guay / 2; q son 8 ptos cuando llevas 1000000000000000000 / 1; f5 y c5 / 2; j 5 / 1; al fin jajaj / 2; tirali jajajja / 0; va q solo queda 1 / 1; y a casa / 1; que hora es?,4
1,1,0,1,0,1,0,0,0,0,0,0,0,0,0,1,"1; f3 / 2; pero son 54 y 26 / 2; que es lo mismo si elegimos 40 / 2; son 80 / 2; decidamos / 1; ha habido un momento que yo he ganado 50 y tu 26 y luego te ha tocado lo mismo y has cogido tu 50 y yo 26 tb / 1; lo que quieras / 2; vale / 2; el a se estara aburriendo maximo / 2; jajajaja / 1; jajajaj ademas de verdad / 1; pero y lo que va a ganar? / 1; no 3 como tu antes / 2; c1 y f1 / 1; yo creo que f3 / 2; claro , o ganas tu más o ganamos igual XD / 1; cuando toque juego 1 ponemos f1 y c1 y compensa / 2; pero no sabes cuando va a salir / 2; esa esa / 2; ganamos todos / 2; el A mas / 0; c3 f3 / 1; vale / 1; sii esa / 1; C3 F3 / 1; lo he mirado ahora / 1; c3 f3? / 1; pero lo que quieras / 0; c2 f2 / 1; me da igual / 2; vale va / 2; pues esa / 1; va / 2; que asi comenso un poco / 2; que en la ronda una tengo 8 puntos y 10 / 1; valee / 2; que vais a escoger",8
1,1,0,1,1,1,0,0,0,0,0,1,0,0,1,0,"2; qué mal xd / 2; c3 y f3? / 1; jaja esque el A se nos desmadra / 1; f5 / 2; c3 y f3 ganamos mas / 1; vañe / 1; vale* / 2; ok / 1; vamos bien, no? / 2; si jajaj / 2; es mejor el c2 f2 / 1; c3-f3 / 2; para ambos / 2; vale c3 f3 / 1; f3-c3 / 1; son 32 / 2; no sabia a cual le ibas a dar / 1; en el bloque c5f5 de cualquier juego gano yo y en ese mismo juego, en c1-f1 ganas tu / 2; se / 2; iguales? / 1; perfecto / 1; peroq / 1; que sentido tiene / 1; juego 3 empate / 1; f3 c3 / 1; juego cuatro f4c4 gano yo / 1; juego cinco f5c5 gano yo / 1; f3 c3 buen / 1; el A ganas mucho / 1; o cual? / 2; esa / 1; el A se foora / 1; forra / 2; de 50 -30-80 y al reves / 2; encima el A gana un poco mas tambn / 1; ya / 2; la siguiente tu o yo depende / 1; pero si hay de iguales siempre renta tb / 2; c3 f3 / 1; el juego es el 3 / 2; filas4 / 2; no / 1; columna 4 fila 4 / 2; fila 3 / 0; 3 / 0; fila 3 / 2; c / 2; columna 3 / 0; si",11
1,1,1,1,1,1,1,0,1,0,0,1,1,0,0,0,"1; le vamos a quitar a A? / 2; si le quitamos a A / 2; tambien perdemos nosotros jajaj / 1; ya.. / 1; que ponemos? / 2; c2 f2 o c3 f3? / 1; y xq no c4, f4? / 2; c3f3 / 2; se acaba ek tiempo xd / 2; no?* / 1; sii, son 32, no esta mal / 1; si vemos que en alguna de c3-f3 la cantidad es peque, podemos mirar otra cosa / 2; en verdad te la puedo jugar y elegir otra / 2; o tu / 2; jaajja / 1; solo nos llevamos 6 puntos de diferencia entre nosotros / 1; ya ves / 1; gana si quieres esta tu mas me da igual / 1; jajajaj pero diii / 2; vale / 2; c1f1 / 1; oki / 1; me llevas unos 20 puntos más tu / 1; en esta podemos ir igual / 2; vale / 2; pero de que juego de los 5 ? / 1; el 4 / 1; han selecccionado ellos / 1; lo pone arriba / 2; okey / 2; es verdad / 2; Hola / 2; o c3 f3 ? / 1; f5c5 / 1; que acabamos de hacer f1c1 / 2; asi ganamos lo mismo , realmente la idea es llevarnos el máximo de dinero / 1; f3c3? / 2; okey / 1; a ver yo lo que digo es que si en lugar de llevarnos 30 y 30 dos veces que son 60 te llevas en una ronda 26 y otra 54 al final suman mas / 2; interesante .... / 1; aunque en la anterior hayas tenido que sacar 3 o 6 menos porque la otra persona saca 10 veces mas / 2; si , tienes razón sr. F / 1; esa es mi teoría.. / 1; dome / 2; habia una de 80-26.80 / 2; pero luego gano un poco mas yo / 1; c3 f3 / 1; ganampos 36 los dos / 1; mejor / 2; a ver por 3 puntos / 2; me da iguyal / 2; sabes / 0; c3 y f3 entonces / 2; c4 c4 si quieres / 0; uy / 0; se acaba / 0; jajajajajajaja / 1; cuales son mejor / 1; adelantando / 2; no me acuerdo pero siempre pomgo / 2; c2 c2 / 0; 42464 / 0; i la 3-3? / 1; el juego es el 1 / 1; 4-4? / 0; 2 2 / 2; 42432 / 1; 42432 / 0; vale / 1; el juego es el 5 / 1; 4-4? / 2; 42432 / 0; yo creo que 3-3 / 1; okay / 0; y 5-5? / 0; y luego ponemos una en la que el c gane mas",13
1,1,0,0,0,0,0,0,0,0,0,1,1,0,0,0,1; por eso eres C / 0; ahi si que me corrompo / 1; jaja / 0; jajajajajajaja / 0; exacto / 0; jajajajajaja / 2; jajjjajjaja / 0; pos si suertee / 2; mas money / 2; 3 / 2; 3 3 / 1; 3 3?,1
1,1,1,1,0,1,0,0,0,0,0,1,1,0,0,0,"2; un momento xd / 1; que crees que tiene que hacer A? / 1; dime / 2; no se ni si existe xd / 2; c2 f2? / 1; yo pienso igual jajajajaj / 1; no, asi tu ganas mas / 2; tu ganas 3 menos y yo 11 más xd / 2; A otra ronda lo arreglamos al reves / 2; e igual ganamos mas jajaj / 1; no se yo si fiarme.. / 2; que si que si jajaj / 1; ok / 2; lo que digas / 2; ok? / 1; mismo / 2; va / 1; pero luego quiero mi parte / 1; jajaja / 2; c2f2 / 2; si jajaj / 2; a ver, si en esta por ejemplo gano yo mas y en la siguiente tu / 2; salimos ganando los dos / 1; pero es que en la primera has ganado tu mas que yo / 1; me deberia de tocar a mi ganar mas / 2; pues gana mas tu ahora / 2; y yo en la siguiente / 2; que lioteeee / 2; jajajajajaja / 1; totaaaal / 2; jajajaja / 1; esto es muy complicado :( / 1; jajajajajaj / 1; jajajaj a lo mismo? / 2; okey , yo c3 / 1; ok / 2; c3 / 1; cojo f5 / 2; y f3 / 2; f5? / 1; si / 2; entonces yo gano mucho menos / 1; es que ahi hay bastante diferencia en mi color / 2; c3 y f3 y ganamos lo mismo / 2; para ganar o perder más / 1; pero si yo elijo una fila / 1; te llevas menos / 1; aunque yo tb / 1; f2c2 / 2; Hello otra vez / 2; okey / 1; ultima ronda / 2; sip , un placer / 2; hasta la próxima sr. F / 1; igualmente sr C! / 2; portate bien A / 2; que filas vas a elegir? / 2; y columna / 2; noo / 1; 5 5 / 0; c 2 f2 / 1; si / 0; perfecto / 2; a la larga asi ganamos pero con q la caguemos una ya no / 1; vale ahora lo miramos bien / 1; todo / 2; okey / 2; c3 c3 / 2; esa es clave / 2; 40-40-80 / 1; vale va / 1; ese / 2; c2 c2 o c1 c1 la que quieras / 0; y en la proxima el maximo para c / 1; no el 4 4 / 1; es mas equitativo / 1; para C / 1; son solo 3 puntos para mi / 1; 10 para C / 1; juego 2 / 0; 2-2? / 1; 2-2? / 2; vale / 0; yo diria que si que es la misma puntuación que la anterior pero al reves la c y la f / 2; sii / 1; el A es el que gana siempre",17
1,1,1,1,0,1,0,0,0,0,0,0,0,0,0,1,"2; ya ?? / 0; igual hay mas / 1; supongo.... / 2; eso q no llevo reloj jajajaj / 1; mismo de antes / 1; jaja / 2; vavava ultima ronda / 1; o f4c3 / 2; f3c3 mejor no? / 1; esq todo el rato a lo seguro... / 0; yo lo digo por vosotros para que subáis / 2; nos llevamos lo maximo / 1; vale / 2; esque está montado para que A gane siempre más / 0; es para que por ejemplo en esta ronda se beneficie C y en la otra F / 1; si tio :C / 2; y luego entre C y F lo máximo es que estemos equilibrados, porque si no gana F / 0; Entonces cual cojo??? / 2; yo nunca gano / 2; jajajaja / 0; decirmeee / 2; por mi f3c3 y te forras :P / 0; Me sabe mal / 1; coge f1c1 y en la siguiente salgo ganando yo / 2; y C y F estamos equilibrados / 1; vale?=",5
1,1,1,1,0,1,0,0,0,0,0,1,1,0,0,0,"2; la ultima xd / 1; pff / 1; que hacemos / 2; c3 f3? ni para ti ni para mi xd / 2; o que propones? / 1; c3 f4 jajaja / 1; que yo llevo menos / 2; no tio / 2; o tia xd / 2; llevo yo menos / 1; en total? / 1; yo creo que no / 2; yo diria que si / 1; que tu antes has ganado 15 mas que yo / 2; va c3 f3 / 1; y al principio tambien / 2; por que en la primera has elegido esa? / 1; no pillaba el juego / 2; grande jajaja / 2; claro / 1; no, en esta no / 1; las rentables son las de 50 jajaja / 2; pero mira, el la ronda dos y tres yo he ganado 71 y si hieramos dado las dos veces a 36 serian 72 / 1; lo se / 2; c4 / 1; o / 1; fila 5 / 1; para ti son 3 menos / 1; que la otra combinacion / 1; f5 c5? / 2; pero tu ganas mucho más , / 2; okey / 1; eso a ti no te resta / 1; ahora f3 / 1; aunque ojalá ser A / 1; nos duplica siempre jajajajaj / 2; si , quién se supone que es A ? / 2; otra persona que no hace nada durante toda la sesión? / 1; una persona que no hace nada / 2; XD / 1; exacto / 2; q estamos viendo / 1; c5 f5 / 2; c1 f2 / 1; y la proxima tu mas / 2; vale / 2; pero no dejamos a uno / 2; con menos de 30 / 2; vale? / 2; nono / 2; c1 c1 o c2 c2 / 2; q ganas un poco menos / 2; y luego comepnsa / 1; un poquito mejor / 2; y la proxima para la f / 0; vale / 1; perfecto / 0; 2-2 entonces? / 1; sii / 2; mas igual / 1; juego 2 / 0; 42464 / 1; 4-4? / 1; vale / 0; yo diria que si / 2; o 3-3",15
1,1,1,1,0,1,0,0,0,0,0,1,1,0,0,0,"2; c2 f2? / 2; que antes he ganado menos que tu jajaj / 1; como? / 1; c3 f2? / 2; antes yo he ganado 18 y tu 29 / 2; f2 c2 ganamos mas que c3 f2 / 1; vale / 2; f2 c2 entonces? jajaj / 1; jajajajajaj no lo hagassss / 2; jajajaja / 2; la ultima lo hacemos / 1; okay / 1; 32-32, porque mi maximo aqqui son 38, asique da igual / 2; porque a ti no te sale rentable / 1; hola / 2; hacemos c2 / 2; fila f2 ? / 2; y ganamos los 2 lo máximo? / 1; fila 4 yo gano mas / 2; hola / 1; hola / 1; fila 4 / 1; sr c jajajaja / 2; f1 c1 / 1; f1c1 / 2; esto es pura suerte y probabilidad , si ya tenemos una estrategia de juego / 2; depende lo que salga / 1; exacto / 2; ya tenemos los resultados / 2; pillamos cada vez uno 70 puntos / 0; yo la que me digais / 1; vale / 0; va / 0; cual / 2; espera / 1; bueno pues esa / 2; c2 c2 / 2; ? / 2; y luego ganas mas tu lo q veas / 2; te dan 33 / 1; vale / 2; no esta mal / 1; pues ese y luego al reves / 2; si es el 2 / 2; si es el 4 / 2; c4 c4 / 2; mas o menos asi / 1; c3 f3 / 1; ? / 1; el juego es el 2 / 2; 2-2? / 1; 3-3? / 0; y si ponemos uno que gane mucho la f y luego en la siguiente que gane3 el c? / 1; podemos probar la tactica / 2; vale pero queda ests y otra / 0; probamos? / 1; poned / 1; 11 / 1; 42370 / 1; no / 0; vale / 1; 42402",14
1,1,1,1,0,1,1,1,1,1,1,1,1,0,0,0,"0; Vale / 1; Es lo que te iba a decir / 1; menos mal, me ahorras tener que explicartelo / 2; f2 c2 jajajaj / 1; pues eso, ahora elegimos el 2 / 1; esque en la anterior nos ha costado darnos cuenta / 2; igual / 1; f3 c3 no? / 2; como el de antes, c3 f3 / 2; si / 1; pues que tal? Te has acordado de coger paraguas? / 2; no / 1; Yo no y me he chopado / 2; jajaj / 1; mal vamos tomando decisiones / 2; he aparcado lejos / 1; vale sii / 2; luego si averiguamos quien es, que nos pague 2 birras y au / 1; jajaja ea / 1; c3 fc3? / 2; c3 y f3? / 2; perfecto / 2; seguimos con c3 f3? / 1; si / 1; pero en otras rondas podriamos cambiarnos en plan seleccionamos para que obtengas la mejor pubtuacion para ti / 1; y ala siguiente ronda la mejor puntuacion para mi / 1; para ir ganando mas nosotros, sabes? / 2; sii / 1; pero bueno esta c3 f3 / 2; también lo he pensado / 2; en la siguiente lo hacemos pues / 1; perf / 2; c1 f1? / 1; la que mas te beneficia a ti es esa / 2; sii / 1; a la siguiente buscamos una que me beneficie a mi? / 2; luego miramos la que más a ti / 2; te juro que he pensado que volvia a salir... jajajaja / 1; jajajajajajaja sii seguroo / 2; lo juro / 1; aaahhh okey / 2; nosotros tenemos que decirle que juego es / 0; pero da igual que ponga 1 que 2 que 3 / 2; y el toma una decicsion dentro de ese juego / 1; vale / 2; juego 2 / 1; juego 2 / 0; enserio la tarea del rol A esta sobrevalorada / 0; encima que no ve el juego gana mas... / 2; jajaj ya ves / 2; eres el de lla toma de decisiones / 1; fila5 y columna 5 / 1; A no tienes hora no? / 0; noo / 2; me gustaria saber q nos estudian con esto / 0; hola / 2; hola / 1; a cual vas a coger / 0; puedo preguntar cual ha tocado? / 0; o elijo yo? / 1; elige fila y columna / 2; en el juego 3 la mejor es la fila y columna 3 no? / 1; coge fila 5 columna c5 / 0; Del juego 3? / 2; sí / 0; Perfecto / 2; nan / 2; como querais / 1; 1 / 0; ahora para F / 1; f5c5 / 2; bien por mi / 0; vale / 0; f5c5 / 2; auque no sé si nos sale rentable esto eh? si hubieramos amarrado tendríamos 32 en las dos rondas / 2; jajajaaj / 1; y la siguiente para c, pq A siempre gana mas / 2; i me ha tocado mojarme / 1; no vives por aqui? / 2; no, soy de fuera / 1; aah / 1; pero estudias en la universidad / 1; aqui somos todos estudiantes? o hay gente que no lo es? / 2; ahora 9 rondas ya es aburrido / 2; no lo se / 2; creo que tienes que ser universitario / 1; y tanto jaja / 1; esque como a veces he visto gente mayor no estaba seguro / 1; tu es la primera vez que vienes? / 2; pues eso",6
1,1,1,1,1,1,1,1,1,1,1,1,0,0,1,0,"1; HOLA / 2; hola / 1; z / 1; Y TU? / 2; c2 / 2; bien? / 1; perfecto / 2; hoola / 2; el bloque 1 / 1; hola / 1; c1? / 1; c4f4 / 2; entonces gano yo ahora 50? / 1; ? / 2; correee / 1; la siguiente / 1; mira / 1; fijate / 2; yaa / 1; ahora si, ve a por el de 50 / 2; peeerf / 1; se pensaban que habíamos hecho trampas jaja que susto tú / 2; que? / 2; eeeh / 2; ya lo he pillado / 1; jajaj que pasa? / 2; tenemos que coger el que sume 80 siempre / 2; o si no sale / 1; quedan 7 rondas / 2; antes has ganado tu , ahora quiero ganar yo / 1; no querias ganar? / 2; c3 y f3 / 1; f3 c3? / 0; perfecto / 1; esa esa / 2; asi asi juego en equipo / 2; buah te vas a forrar A / 2; vale va c3 f3 sui no hay mejor / 1; por eso / 0; cual / 2; por 3 puntos me da igual / 2; c4 c4 / 0; c4 f4 entonces / 1; 4 4 / 1; columna 4 fila 4 / 2; yo solo tengo tres filas / 0; que juego vas a escoger? / 1; 4 / 1; el juego es el 4 por defecto / 0; vale / 1; la columna 4 y la fila 4 es el que mas nos beneficia / 0; que vais a marcar? / 1; el juego es el 2",9
1,1,1,1,0,1,0,0,0,0,1,1,1,0,0,0,"1; como antes? c3 f3? / 2; me parece bien / 1; el F siempre recibe menos / 1; o sino cual? / 2; recibimos lo mismo en esta / 1; ya, ya / 2; 32 cad uno / 2; que antes he perdido 18 xd / 1; jajajajajaja porq estabais despuntando / 2; sii / 1; para ambos / 1; c3-f3 jajajaja siempre el mismo pero son 40 / 1; lo mismo / 1; miralo / 1; a ver si lo entiendes / 2; c5f5? ganas otra vez mas / 2; el que? / 1; tener que ganar 80? si esos 80 no van para ti / 2; ya, pero es como mas ganas / 2; y si nos turnabamos / 2; no? / 2; no se, da igual, ya se ha acabado / 2; jajaja / 1; jajaja pues eso / 2; cuanto habremos ganado? / 1; poquito / 2; ajajajajaja oke / 2; okey / 2; aceptamos barco / 1; y es lo mismo solo dependemos del azar de las rondas que sangan / 1; salgan / 2; por mi esa / 0; f3 c3 / 1; pues esa / 0; defnitiva f3 c3 / 1; probemos mas por si acaso / 0; vale / 2; vale? / 0; cual / 0; el que me digais / 2; spera / 1; f2 c2? / 1; no / 1; espera / 1; c3 f3 / 2; jajajaja / 1; ole jajaj / 0; vale / 0; jajajjajaj / 2; ya me lo se hasta de memoria / 1; este si renta / 2; si / 1; fila 3 columna3 / 1; el juego es el 5 / 0; que juego es / 0; 4 4? / 1; columna 5 fila 5 / 2; fila 2 c 2 / 0; la 5-5 / 1; el 2 2 es menos puntos / 1; 5-5 o 4-4",12
1,0,1,1,0,1,0,0,0,0,0,0,0,0,0,1,"1; di tu primero / 2; c1 / 1; f1 / 2; vale bien / 1; mejor la f5 / 2; ya estaba decidido jajaj / 2; si / 1; f3 / 2; ganas mas con el f1 / 1; c3-f2 esta bien / 2; uuuf / 2; que miedo / 2; jajajajja / 1; en el bloque c5 / 2; ajajaja / 1; por? / 2; un poco tarde ya / 2; porque es la suma mas alta / 1; entonces que / 2; ahora ya no, no? / 1; me da uq eno / 1; iguales? / 2; okey , estamos deacuerdo / 1; menosmal :P / 2; c1 / 1; f1 / 1; mira tengo una teoria / 2; iluminame / 1; en el juego 1 f1 c1 ganas tu / 1; juego dos f2 c2 ganas mas tu / 2; jajaja / 2; BUENA / 0; bien jugada / 1; vamos / 0; sigamos / 1; pues esa / 0; por ahira c3 f3 / 1; si / 2; leugo hacemos una / 2; esque hacer eso compensa si luego lo hacemos al reves / 2; si / 1; vale pues ya estmos iguales / 2; tenemos q ir haciendo eso q se va turnando / 1; columna4 fila 4 / 0; valeç / 0; siempre lo mismo? / 1; no / 1; mira las variantes / 1; hay que ver que nos sume el maximo de puntos a cada uno / 1; para poder tener mas ganancias / 0; vale ya lo entiendo / 1; en las casillas que haya negativo no le des / 1; porque nos afecta y perdemos dinero / 1; el juego es el 5 / 2; fila 4 / 1; columna 4 fila 4 / 2; si / 0; si / 1; ganamos todos",10
1,1,1,1,0,1,1,0,1,1,0,0,0,0,0,1,"1; cef3 / 2; igualar que te refieres? / 1; f3c3* / 1; creo que saldria bien / 2; de acuerdo / 1; porque hay tablas que salen grandes pagos para f y otras para c / 2; aunque el A se lleva 80 / 1; por ejemplo cuando nos toque la 1 elegimos c1 f1 / 2; en este no hay muchos pagos de C / 2; c3 f3? / 1; de hecho me acabo de dar cuenta que la tabla 1 y 5 son la misma pero a la inversa, y la 2 y la 4 igual, con lo cual deberiamos estar eligiendo siempre el mayor pago para A / 2; porque? / 1; elegimos ahora f4 y c4 y cuando toquen las tablas 1 y 2 elegimos tus mejores pagos / 2; solo queda una ronda / 1; lo tendriamos que haber hecho así desde el principio, no me habia dado cuenta, mierda / 2; noentiendo lo de mayor pagopara A / 2; sí / 1; y nos bevenificia mas a nosotros f1 y c1 / 1; no? / 2; cual cogemos? / 1; es que practicmanete A sieore sale ganando / 2; podriamos coger uno que le reste más al A / 2; f1 y c5 / 2; ahi perdemos todos, pero A más / 1; o f5 y c1 / 2; vamos a mirar con cual ganamos más, y el A pues ha tenido suerte... / 1; pues c1 f1 / 2; vale / 1; o / 1; c2 f2 / 1; a gana menos",3
1,1,1,1,0,1,0,0,0,0,0,1,1,0,0,0,"0; valeee / 2; que bien estamos de acuerdo siempre jajaja / 0; si tio, y oigo a la gente escribir mucho / 2; quieres / 2; dime / 1; perfe voy / 1; c4 f4 / 2; y poque no c5f5 / 2; ganas mas / 2; juego 4 / 1; siii no la vi / 1; esaa / 1; 5 5 / 2; ok / 1; fila 5 / 1; columna 5 / 2; fila 1 / 1; propongo 3 y 3 / 1; si / 0; vale mirar / 0; todos los 3 y 3 / 0; de todos los juegos / 2; dos y dos tmb esta bien eh / 0; pongo siempre 3 y 3? / 2; lo que querais / 1; eh / 0; liada mia / 0; perdonarme / 0; es que al final habia leido el 1 y 1 / 1; ahora es el juego 4 / 0; y se me habia ido la cabeza / 1; igualmente si te fijas / 1; tampoco es que te lleves mucho mas / 2; a ver no creo k fuera cabrona / 2; la verdad / 2; xk me sabria mal que venga la gente  yo jodiendo / 0; eso espero porque como haya tercera ronda y cambiemos de rol... / 0; jajajajajaja / 2; prefiero ser buena xD / 1; jajaja / 1; no creo que haya ya / 1; congeniamos muy bien jaja / 2; jaja yo igual digo que escribeen... / 0; quiero saber quin soooois / 2; y yoo / 0; jope / 2; igual,no? / 1; muy bien sigaMOS DOS MAS AMIGO@ / 1; SII / 2; ok / 1; 5 Y 5 / 2; c5f5, no / 2; ?? / 1; siii / 2; igual que antes / 1; perfecto / 2; okais / 1; ahora te tocara a ti / 2; en la siguiente ya / 1; ? / 0; columna 1 / 2; lo vamos viendo / 1; 3 y 3",2
1,1,1,1,0,1,0,0,0,0,0,1,1,0,0,0,"2; hacemos una cosa / 2; c3 y f3 ahora / 2; cuando toque juego 5 c4 f4 / 1; si mas que nada porque el resto no me compresa / 2; y recuperamos lo tuyo / 1; compresa no jajaj compensa / 2; AJAJAJJAA / 1; ok / 2; va pues 3 / 1; pero sino toca el 5 me lo pienso sobrar iguale n otro / 1; jajajja / 1; que lo sepas / 2; vale jajaja / 1; cobrar* / 2; es que yo en el uno podia ganar 54, y tu cmo mucho 38 / 1; ya / 1; jajajaj / 2; pillamos ahora el c5f5 / 1; entonces que? seguimos esta ronda y la siguiente igual y en la ultima ya cada uno lo que quiera? / 2; nooo / 1; vale / 2; cogemos el c5f5 y a la siguiente gano yo mas / 1; okay / 1; mientras que no reste / 1; perfect / 1; c5f5 / 1; ok esta vez te toca a ti / 1; f1 c1 / 1; por la d antes / 2; gracias / 1; f5 / 2; c3 y f3 / 0; va / 2; espera / 0; 73 / 2; c3 / 1; f3 / 0; perfecto / 1; no / 0; mo / 0; se acaba el tiempo / 0; 21 / 1; y yo gane 10 / 1; ya pero no me ha dado tiemmpo a ver mas / 0; va / 0; se acaba el tiempo / 0; mirad / 2; c2 c2 / 2; c4 c4 / 2; pero ahora C3 C3 / 0; si / 1; a veces si / 2; cual quieres / 1; c2 f2 diria yo / 2; va pues esa / 1; mas igualado / 1; uno / 0; la penultima / 0; pero vosotras ganas menos aun / 1; juego 3 / 0; 3-3? / 2; 3-3? / 1; si / 1; juego 1 / 1; 3 3 / 0; si",19
1,1,1,1,1,1,0,0,0,0,0,1,1,0,0,0,"2; mmmm / 1; f5 c5? / 2; no tio / 2; yo ahi gano mucho menos / 1; c4 f4 / 2; esta que son 40 hacemos c3 f3? / 2; pero te juro que me acuerdo de lo tuyo para las siguientes jajaj / 1; gano mas en c4 f4 / 1; ok / 2; pero solo 3 mas / 2; yo pierdo 11 / 1; sino, me lo tomare por mi cuenta / 2; los que he ganado antes jaja / 2; jajaja va / 2; c3f3 ok? / 1; ok / 1; jajajajajaj / 1; si es que lo mejor es lo mismo / 1; o 54-26 y en la proxima ganas mas tu? / 2; vale / 1; en otros juegos pasa lo mismo con tu color / 2; asi ninguno gana poco no? / 2; ponemos c3 y f3 / 1; f3 c3? / 2; si / 2; o c1 y f1 / 0; la que todos ganamos más / 2; la 4 / 0; decidme / 2; 8 puntos tio / 0; antes no me a dado tiempo / 2; jajaja / 0; lo siento / 2; esa / 2; no / 2; f / 2; pero no me rreferia a dejar a uno con 10 / 1; vale ahora uno que ganes tu mas / 2; me referia a uno con 20 / 2; o x ahi / 1; c3 f3 / 2; sisi / 2; es la mejor / 0; perfecto / 2; os habeis dado cuenta / 2; siempre la mejor es c3 c3 / 1; c2 f2 / 2; gano 11 mas / 1; no hay tanta diferencia / 2; pero tu 3 menos / 1; el que mas putnos suma / 1; el F y C siempre son menos / 2; te vas a forrar jajaja / 0; jajaja si quereis ponemos uno de menos",18
1,1,1,1,1,1,0,0,0,0,0,1,1,0,0,0,"2; hola / 1; hola / 1; c3 f3? / 2; bien / 1; los hacemos de forma que ganemos siempre lo mismo nosotros? / 2; me parece lo más sensato jajaja / 1; Genial / 1; jaja sorry / 1; te parecen bien 32? / 1; no me he dado cuenta / 2; que lioooo / 1; y ganamos igual / 1; con c3 / 2; okey / 1; y tú ganas más que si cojo f4 o 5 / 2; tu vas a poner f3 no? / 1; sii / 2; y se lleva más que nosotros todo el rato .... / 1; y se lleva el doble que nosotros que estamos aquí calentandonos la cabeza / 2; es qu para que A pierda , tenemos que perder nosotros también / 2; c1 y f1 / 1; f1c1 / 2; A se va a llevar un sobre con un fajo de billetes XD / 2; jajajaja / 1; ya ves / 1; a la proxima me pido A / 1; realmente lo peor es C / 1; porque depende de F bastante / 2; por? / 2; los 2 dependemos de ambos / 1; o cual / 2; valre / 0; cual / 0; se acaba / 2; asi sale rentable / 1; vale / 2; si no no sale / 2; c2 c2? / 2; es x 3 puntos / 2; lo que he hecho antes / 1; pon la f / 1; vale / 1; que el A se va a liar jajaja / 0; pero es el que mas a la f / 2; vale / 1; es que la diferencia 3 3 es mas grande.. / 0; cual entonces? / 1; 4 4 / 0; vale / 1; juego 4 / 1; 42464 / 2; fila 3 - columna 3 / 1; ? / 2; para que este mas igual / 0; yo pondria 4-4 / 1; si / 0; y en la siguiente damos mas puntos al c / 1; y hacemos lo de abtes / 1; antes* / 0; en al 5-5 es donde mas puntos gana f / 1; si / 0; ponemos esa? / 2; vale",16
1,1,1,1,0,1,1,0,1,0,0,1,1,0,0,0,"2; ups / 2; he aquí un dilema jajaj / 2; hacemos lo que digas xd / 1; pfffffffffffffffffffffffffffffffffffffffff / 2; jajjaja / 1; c3f3 / 2; va / 2; me parece bien / 1; y a la siguiente mi / 1; mia* / 1; sea lo que sea jajaja / 2; a no ser que salga el 1 otra vez xd / 1; bueno pues si sale uno de neuvo tambien ganare yo / 2; jajajaja / 2; bueno, eso ya lo debatimos xd / 1; mm no / 2; venga va / 1; no da lugar / 2; jajaj / 1; escuchame / 1; podemos ganar más dineor y más rapido / 2; escucho / 1; hay que turnarnos / 2; como? / 1; las proporciones son siempre las mismas / 1; entre 12-15 / 1; el de antes / 1; jajajaja / 1; ahora coges tu el de 50 / 1; esta a medias igual / 2; Okey / 1; f4 / 2; c4 / 2; o c3 y f2 y ganamos lo mismo? / 2; c3 y f3 y ganamos lo mismo / 1; para ti son 3 menos y para mi 11 mas / 2; y ganamos más los 2 / 2; vamosa verlo rapido / 2; vavava / 1; va / 2; a ver si vemos una q nos de a ti o a mi f mucho / 1; o sino c3 f3, pero me da igual ganar menos esta vez / 2; pero qno se quede uno con 10 / 1; c3 f3, los dos ganamos 36 / 2; c2 f2 / 2; y luego tu mas / 2; un poco as / 2; o da igual / 1; es que antes ya he ganado menos yo / 2; yaya / 1; jo / 0; cual / 1; o sino / 1; c3 f3 / 1; ya / 2; no prefieres q te compense la ultima? / 2; son 3 puntos / 2; soo / 0; vale / 2; si / 2; el tres no hayla opcion esa / 1; es que hay otros con mas diferencia / 1; este el 3 3 esta bien / 2; si, 3-3 / 0; pues ese entonces / 1; juego 1",23
1,1,1,1,1,1,0,0,0,0,0,1,1,0,0,0,"1; aqui si c3f3 es donde mas ganamos / 2; c3 f3? / 2; si / 1; vamooooos / 2; el juego 4 y 5 te pueden beneficiar / 2; y el 1 y 2 a mí / 2; si volvemos a repetir lo de antes xd / 1; jajajaja / 1; lo miraremos.. / 2; ok jaja / 1; crees que vamos a sacar pasta? / 2; pues en esta ronda contigo / 2; algo mas que con quien me ha tocado en la anterior xd / 1; como a mi.. / 2; que no nos coordinabamos para nada jajaja / 2; oooh / 1; bueno jajaj son 36, el otro eran 40 / 2; bueno, f3c3 / 1; por cuatro puntillos / 1; sep / 2; bien bien / 1; sabes que es una miseria no? jajajajaj son 0.02 por punto / 2; jajajajaja / 2; ya / 2; creo que llevamos los mismos puntos / 2; lo has calculado? / 1; nou jajaj me sacas 6 pero da igual / 2; ah si? / 1; si / 2; sii / 1; en la siguiente si tienes no de 50 para ti, ve / 2; cuanto nos llevamos ahora? / 1; cada uno 40 no? / 2; de diferencia digo / 1; en las otras combinaciones solo perdias 6 / 2; igual que antes he perdido yo más de 10 / 1; 32-26 son 6 / 2; antes te he dejado ganar a ti , ahora quiero ganar yo / 1; es el doble / 1; no es ganar, es ganas más o menosc / 1; compensar / 2; c1 / 1; es la ultima ronda / 2; perdon / 2; porfa / 2; ahora mejor / 2; gracias / 0; jajajaj / 0; va / 0; donde todos ganemos / 2; espera vamos a ver / 2; q me lia esto / 1; hay que calcular / 1; muchas opciones / 1; y ganas tu 38 y yo 10 / 1; y estmos igual ya / 2; vale / 2; no hay mejor / 2; pero escucha / 0; vale / 2; no tenemos q hacerlo asi / 2; asi perdemos / 1; ya / 1; hay que buscar de mas / 2; me refiero / 1; vale a ver / 0; me estaoy portando bien / 2; sisii / 0; que miro por todos / 1; vamoss / 1; claro / 1; va / 1; cual / 2; c3 c 3? / 2; c3 f3? / 2; esque no hay ninguna com antes / 1; bien / 1; ganamos lo mismo / 0; se queda c3 f3 / 2; espera / 0; vale / 2; vamos a ver / 1; 2 2 / 1; y luego que tenga yo mas / 1; ? / 1; juego 5 / 1; 5 5? / 2; 42464 / 0; 42464 / 2; 4-4 es como antes / 0; i es el mismo de antes / 1; okay",21
1,1,1,1,0,1,0,0,0,0,0,1,1,0,0,0,"2; mmmm / 2; qué dices? jajaj / 1; hacemos como antes / 1; luego gano yo / 2; f2 c2? / 1; y la ultima hacemos tablas / 1; te parece? / 2; vale / 2; f2 c2? / 1; sip / 2; confirmame jajaj / 2; vale / 2; asi me quedo tranquilo xd / 1; confirmado / 1; relax / 1; respira / 2; jajajajajajaja / 2; ups, el primero ha sido el fallo / 2; pero no pasa nah / 1; claro / 1; da igual / 2; es lo mismo, no? / 1; eso parece / 1; seguimos igual? / 1; son 36 / 2; vale / 1; o dices de diferencia? / 1; ah / 2; c3 y f3 / 1; vale / 1; la que mas nos de / 1; a ver cual / 0; claro / 1; F di tu / 2; c1 f1 / 1; esa no me da casi / 0; iguales lo he dejado / 1; ahora si / 2; c1 c2 una opcion / 2; y luego tu / 2; espera vamos a ver / 1; c2 f2 mejor / 2; sisi / 2; esa esta bien / 0; entonces c2 f2 / 1; si / 2; si / 2; esta es buena / 2; c2 f2 gano yo mas pero tu 3 puntos menos / 2; los comepnsamos / 2; en la siguiente? / 2; esq es la de antes / 0; porque 5-5 es mucha diferencia, no? / 1; para c solo son 3 puntos / 2; podiamos a la siguiente hacer la fila que a se lleva 80 y f  y C 26 o 54 / 2; yo lo dejaria asi / 2; y luegos hacemos la fila esa / 1; okay / 2; y nos llevamos siempre lo maximo / 0; esta 4-4 y a la siguiente la de 54 / 2; turnandonos f y c / 0; no? / 1; juego 3 / 0; maximo a quien? / 1; hacemos el 3 3? / 1; es el mas equitativo en este",22
1,1,1,1,0,0,1,0,1,0,1,1,1,0,0,0,0; juego 5 entonces? / 1; da igual probamos juego 5 fila 5 columna 5 / 2; todo 5 agora / 1; vale va / 1; nos llevamos* / 0; sisi / 2; Y segun tu eleccion se divide para nosotros / 0; pero decidme uno que no perdamos ninguno / 2; con la f1 c1 / 2; Y realmente maximizar beneficio / 0; con 33 creo que esta bien / 2; Vale A / 0; 3.3 / 2; mismamente / 2; cincoo / 1; 3.3 / 1; Siempre es igual,41
1,1,0,1,0,0,0,0,0,0,0,0,0,0,0,1,"1; ui mira, el 5 / 1; jajajajajjajajajajjaja / 2; jajaja / 2; c3 f3 entonces / 1; c4 f4 era / 2; jajaja si / 2; c4f4 / 1; valee / 1; no me la trames ahora ¬¬ / 2; no no jajaja / 2; soy de fiar / 1; me lo creeré jajaja / 2; ya veras / 1; :) / 2; c1f1 / 1; c2-f2 esta bien / 1; ostras tu jajaja menuda diferencia / 2; yo prefiero c1f1, que llevas ganando tu dos / 1; bueno vale / 2; y el proximo iguales / 2; si nos toca el juego tres perfecto / 1; ya ves / 1; jajajajaja haz fuerza / 2; jajajaja valee / 2; que hacemos? yo ya me he perdido / 1; jajajaj aqui en realidad nos renta ir iguales porque son 40, tu aqui tu maximop ara llevarte son 46 / 2; f3c3? / 2; y ganamos los 2 lo mismo / 1; pero si se trata de ganar lo max / 2; no sabemos en la siguiente ronda que nos va a salir+ / 1; vamos compensando cada ronda / 1; ya pero los numeros son los mismos en todas las tablas / 1; solo cambia el orden / 1; buscamos las combinaciones / 2; okey , en la siguiente ronda , gano yo y pierdes más tu entonces / 1; f2 c2? / 1; pierdo 3 ganas 11 / 2; c1 y f1 / 1; ahi pierdo yo mas de 10 / 2; c2 / 2; f2 / 2; c2 / 2; f2 / 1; va / 1; c1 f 1 / 0; c3 f3 / 1; sii eso A / 2; ENCIMA TAMBN ES LA Q UE MAS LE DAN AL a / 0; esa definitiva / 1; al A le dan mucho / 1; que suerte / 2; flipas / 2; jajaja / 1; que me compense ahora / 1; no? / 2; creo q no hay / 2; si / 1; que eficacia jajaja / 0; si jajaja / 1; o mejor 22",20
1,1,0,0,0,0,0,0,0,0,0,1,1,0,0,0,"2; c4 y c5 son los qu emás / 0; ni c4 de las primeras filas / 2; mirad la c2 y c3 en todos los juegos son positivos / 0; ni c1 de las ultimas filas / 2; menos alguna cosilla / 0; si mi idea es escoger / 0; filas 2,3 o 4 / 0; y columnas  2 3 o 4 / 0; f3 y c3? / 1; si / 0; okey / 0; no me digais la j por si despues comprueban el chat XD / 2; pues auí igual no? juego 5 f3 y c3",25
1,1,0,1,0,1,0,0,0,0,0,1,0,0,1,0,"2; si / 0; vale / 1; y si no sale pues en la ultima el maximo de F / 1; ahora vemos / 0; vale perfecto / 0; eso / 0; cmo digasis / 2; j3 f3 y c3 / 1; dale ese q te hemos dicho / 0; okey / 1; dime cuanto nos estaremos llevando C / 1; ? / 2; nuestro máximo depende porque el suyo es 80 en todas / 0; bueno, pos ahora si que si es la despedida / 1; juego 1 / 1; 3 3' / 1; ? / 0; el maximo de f es el 5-5 no? / 2; creo que va / 2; en el 1 y 2 gano yo / 0; jajaja / 0; ula ultima sugerencia? / 1; A VER  2 3 3 / 2; pues f3 c3 del j2 / 1; SI VEIS UNA MEJOR DECIR / 2; o si F quiere perder 3 puintos / 0; veo una mejor / 0; o lo hacemos equitativo? / 1; pero para ganar 38 prefiero los 32 equitativo / 0; hacemos esta equitativa y la ultima el maximo a f? / 1; y al siguiente si sale mas ese / 2; f de diferencia son 6 puntos, esperamos a la siguiente a ver si puede tener mas / 1; si / 1; mejor / 0; vale pues 3-3 / 1; juego 2",24
1,1,0,1,1,0,0,0,0,0,0,1,1,0,0,0,"1; juego3 otra vez / 0; pues c3f3 / 2; juego 3 / 2; Si, el tema es no repetir los juegos excepto el 3 / 2; Si el 5 se volviese a repetir / 1; C, entonces cada partida, se pone la diagonal con el numero del juego que toque no? / 2; exaaacto / 1; vale / 2; pues igual f1 c1 / 2; buah que lastima / 2; aqui no te puedes llevar casi puntos",29
1,1,1,1,0,1,0,0,0,0,1,1,0,0,1,0,"2; escoge la fila 1 / 1; ok / 1; yo f1 / 2; di / 2; vale / 1; en la siguiente los punto mas alto para ti / 2; vale / 1; 1? / 2; pues cogemos f1 y c1 y en la siguiente eliges tu / 2; okey / 1; 3 / 2; 2 y 2? / 1; si / 2; vale / 1; ynosotros 40 / 1; jajajaja / 2; xd / 0; igual no? juego 3 / 2; igual todo el rato / 1; sisi / 0; vale / 0; se los echará de menos pequeños :'( un placer! / 0; no porque? / 2; de todas formas te ibas a llevar el doble siempre / 0; aaah / 0; lei otra cosa, lei \qborrado\q / 0; jejeje / 1; jajaja / 2; un placer A! / 1; A siempre te llevabas 80 / 1; esoooo / 1; un placer / 2; Enserio aun no lo has entendido? / 0; para compensar / 1; si / 2; si estoy bucando lo mejor / 1; madre mia / 0; ahora decidme cual hay / 0; que elija / 2; Desde el principio / 1; ha salido el 4 / 2; juego 1 / 0; o pongo 33 y a callar / 1; el 4 / 0; vale vale / 1; yo f5 y tu c5 / 2; perfecto",36
1,0,1,1,0,1,1,1,1,0,0,1,1,0,0,0,2; en dos juegos no hemos ganado ni lo que ha ganado el en uno.. / 1; jajajaj ya!! / 2; pero creo que si lo haciamos uno tu y otro yo A ganaba aun mas / 1; 3 / 2; si jajaja / 2; 3 / 1; ;) / 1; 3 =) / 2; perf / 2; 3 / 1; pues son  18 rondas en total / 1; y llevamos 11 / 2; 5/5? / 1; si quieres f4 y c4 / 1; porq asi ganas tu 10 mas / 1; y yo solo pierdo 3 opuntos / 2; okey / 2; como quieras / 2; 4/4 entonces? / 1; si / 2; gracias / 1; xd / 1; de nada / 1; xD,43
1,0,1,1,0,1,0,0,0,0,0,1,0,0,1,0,1; 1-1 2-2 las que benefician al c / 2; Ya estas viendo que los datos el que mas ganas eres tu / 2; No te miento / 1; te esra engañando / 0; ahora pongo c5f5 / 0; alaaaa / 2; Enserio? / 0; aclaraos / 2; Que dices tu / 0; que liada / 2; juego 1 / 1; lleva todo el rato saliendo el 1 y no me he quejado / 2; Lo que pasa es que te estas rayando / 2; Por eso / 1; nos has engañado al principio / 2; Porque sale mas el 1 / 2; Es suerte / 1; y dices que sale el 1 ahora? / 2; Que he engañado de que / 1; por 40 centimos / 1; ?? / 2; sisi / 1; elijes tu la cantidad mas alta de c / 1; y en la siguiente yo la de f / 2; vale,35
1,1,1,1,0,1,1,0,1,0,0,0,0,0,0,1,2; todo 3 / 0; valee / 1; eso / 2; Vale espera / 2; Lo mas justo es repartir ganancias / 1; aunque lo mejor seria f3c3 / 0; decidme el que mas ganemos todos,45
1,1,1,1,0,1,0,0,0,0,0,1,1,0,0,0,"0; sii / 2; desde que lo hemos pillado si / 2; solo quedan dos / 2; animo! / 2; pequeños mios / 1; vamos / 1; pequeñines / 0; si lo hubiesemos pillado desde la primera ronda, podriamos haber elegido conforme, que ganeis loos dos por igual y me daria lo mismo ganar menos de 80 / 0; dime / 2; Esto se trata de que tu obtengas el mayor beneficio / 2; Que siempre esta en la columna c1 f1 / 1; A, No ves que te esta engañando todo el rato, te esta diciendo el1-1 porque es el que mas gana el, que se me quita a mi. yo podria decirte 5-5 / 2; Miralo en todos compruebalo / 1; juego 2 / 2; Juego 2 / 1; elige la 22 / 2; F2 c2 / 0; valep / 2; Una pena no darnos cuenta antes / 2; Juego 1 / 0; cual cojo? / 2; f1 c1",33
1,1,1,1,0,0,0,0,0,0,0,1,1,0,0,0,2; f5 c5 / 2; no? / 1; f5 c5 / 2; escogeré c3 / 2; yo habia pensado columna 3 / 1; pero ganamos menos los dos / 1; no? / 2; no / 1; si / 2; porque aunque cojamos el mismo numero de filas y columnas el numero de lacelda es diferente / 1; ya / 2; por eso / 1; el juego es el 3 / 2; si / 2; 1 y 1? / 1; en la f4 y c4 es mas / 2; cierto / 2; va 4 y 4 / 1; ok / 0; es lo mismo / 1; vale sa la siguiente / 1; vamos a poner todoe el rato / 1; juego 3 columna 3 fila 3 / 2; si / 1; vale? / 0; deberíamos elegir el juego 1,31
1,0,0,1,0,1,0,0,1,0,1,1,1,0,0,0,0; weee!!! / 1; jjajjajajajajja / 2; todo 2 / 1; eso / 0; y si elegimos c3 y fila 3 / 0; asi los dos ganais por = / 2; todo 2 / 2; c1 / 0; decidme / 2; Vale es muy sencillo / 2; o c1 f1 como antes para seguir repartiendo / 0; es que yo no se que juego hay en cada caso entonces no se como elegir una buena combinacion / 2; o f3 c3 / 1; a como que para seguir repartiendo / 2; Respecto a F / 2; ahora f5 c5 / 2; Asi es lo mas equilibrado / 2; f3 c3 / 2; Juego 3 / 0; pues f3c3 / 2; Porque es donde mas se reparte,47
1,0,1,1,0,1,0,0,0,0,0,0,0,0,0,1,"2; no / 0; asi ganamos todos mas que en los demas juegos / 2; todo 1 / 0; pequeños míos, paz / 2; todo 1 / 1; yo podria decirte 55 / 2; A escucha / 2; IMPORTANTE / 2; y despues c / 1; entonces segun el juego que toque / 1; coges ese numero / 2; Pero si se repite el juego hay que cambiar el ciclo / 1; y estadisticamente tu siempre ganas el max / 1; y los otros dos acabaremos repartiendo / 0; pq cambiar el ciclo? / 2; Para que sea mas justo / 0; ahh vale vale / 1; no lo cambies / 1; al final van a salir los mismos juegos / 1; y es en el que tu ganas mas / 1; siempre / 2; No porque hay 5 juegos / 2; 9 rondas / 1; que c5 vas a elejir?? / 1; yo f3 / 1; f5 / 2; si coges otra fila ganariamos mas puntos / 2; por ejemplo f3 con c3 / 1; cual / 1; vale / 2; f3 y c3? / 1; ok / 2; f3 y c3? / 1; es siempre igual si queremos ganar igual :) / 2; ya jajaja / 2; espera / 2; 3 y 3 / 2; es mas / 2; nada no dejalo / 1; si / 1; 3 3 / 2; ok / 2; 3 y 3 / 2; el 3 / 1; nono el 3 ganamos todos / 0; no / 2; si / 1; tu ganas 80 en los dos / 2; exacto / 1; joder jajaja / 1; igual / 2; todo 1 / 1; esta clara / 1; la jugada digo",32
1,0,1,1,0,1,0,0,0,0,0,1,0,0,1,0,"1; si / 0; vale pues 11 / 1; hacemos todo el rato eso y ya esta / 1; a lo tonto a va a sacar dinero / 1; el maximo cada ronda / 2; Juego 1 / 2; c1 f1 / 1; otra vez.. :( / 0; valee / 2; Juego 1 / 2; c1 f1 / 1; juego4 / 2; juego 1 otra vez jajajaja / 1; el ultimo ya / 1; pero si ha salido el 4 / 2; Como que 4? / 1; como me estas rateando por 40 centimos / 2; Porque te beneficia mas a ti? / 1; si ha salido el 4 / 1; que dices / 2; 3 / 1; ok / 1; yo f3 / 1; podemos elejir en esta ronda tu o yo el mas alto / 1; y en la siguiente el otro para compensar los beneficios que se lleva a no / 1; si eligimos en una ronda los putnos mas alto para ti y en la siguiente los puntos mas alto para mi, es peor? / 2; no se, el que mas gana es A siempre / 1; bueno ahora eligimos 3 / 1; el 4 / 2; 3 y 3 / 1; pues fila 5 columna 5 / 2; ? / 1; ? / 1; bueno vale / 2; o si quieres gana tu un poco mas ahora y en la siguiente yo? / 1; me parece bien / 2; pkey / 2; pues 5 y 5? / 1; si / 0; vale el 3 / 2; tu ganas lo mismo en todas / 2; vamos a coger el 3 / 1; asi el grupo A gana siempre 80 / 0; jejeje vale / 0; o almenos yo no lo pille en las primeras :( / 1; tranquiii / 2; no pasa nada / 1; muy amable / 1; es unhonor trabajar asi / 2; tu te ibas a llevar siempre el doble que nosotros / 2; todo 4 / 1; yessss / 0; valee / 2; te has forrado A / 1; y es la que mas ganaria yo y a / 2; Y si tu ganas mas los demas al final tambien / 1; que mentira / 2; f1 c1 todo el rato",34
1,1,1,1,0,1,0,0,0,0,0,1,1,0,0,0,"0; F que dices? / 2; y para vosotros más / 1; vale bien / 0; de acuerdo / 1; vale / 0; vale, quedan dos rondas / 1; a ver / 2; f3 c3 juego 3? / 2; JUEGO 2 PERDON / 2; o f2 c2 juego 2 / 0; por mi esa / 0; y asi ganamos todos mas / 1; vale / 1; mirar otra mejor / 1; que ahi ganamos poco / 0; esa es la mejor / 1; nada dejalo / 1; asi / 1; sii / 1; nan / 0; decirme / 0; de acuerdo / 1; bien / 2; A me das envidia jajajaj llevarás ya casi 10 pavos / 2; más los 5 / 1; el que mas se va a llevar siempre es A / 2; sana, siempre sana / 0; bueno grupo / 0; ultima ronda / 1; sii / 2; buen trabajo chicxs, me gusta el compañerismo / 0; que quereis que elija? / 1; y a mi jaja / 0; a mi si salimos todos bien parados tb jajaja / 1; algo equitativo / 0; pues decirme / 0; o pongo 4 4 / 2; pues entonces c3 f3 del juego 2? / 0; lo que veais / 2; F, bien? / 0; buenas / 2; seguís con los mismos roles? / 1; ya te vale / 2; porque te estás portando muy bien la verdad / 1; si / 0; que tal ha ido la primera ronda? / 2; joe macho jajajajaj / 1; pero que no somos los mismo? / 0; que me aconsejais pillar? / 0; la ultima vez era mas facil / 2; podrías haber sido egoísta y haber buscado tu beneficio solo / 2; si no? / 0; no lo se / 2; somos diferentes? / 2; juego 4 f3 c3 / 0; se supone que si, no? / 1; jajaja / 1; no se / 2; A tenemos un esquirol, si duda es que no es el mismo jajaja / 1; que esquirol? / 1; ? / 0; ?? / 2; has dicho antes que te gustaba el compañerismo? / 2; o no eras tu? / 1; siiii / 2; bueno, que a ti también / 0; por el compañerismo / 0; y avaricia tb / 0; que es navidad... / 0; y hay mucho gasto / 2; vas a ir a por tu máximo todo el rato? / 2; po ir compensando en las rondas nuestros números / 1; exacto",27
1,0,1,1,0,1,0,0,0,0,0,1,1,0,0,0,"0; y nos llevamos todos los de mi grupo 23 / 2; muchas gracias :D / 2; y coger en esta el mío de 47 y el suyo de 33 / 0; nop, voy a por vuestros maximos / 2; que en la anterior ha sido al revés / 1; ves a por nuestros maximos / 1; siii / 0; nah, jajaj no soy tan cabron / 1; la verdad es que te estas portando bien / 2; juego 2 f2 y c2, bien? / 0; decirme cual pillar en esta y cada vez que uno palme un poco / 1; vale / 0; por mi vale / 2; creo que vas a sacar tu máximo en la mayoría / 1; he palmado yo / 0; por eso / 2; por coincide con uno nuestro / 1; q lo sepais / 2; en la anterior yo / 2; me ha dado a mi 33",28
0,0,0,0,0,0,0,0,0,0,0,0,0,0,0,1,0; jajaja / 2; un placer equipo jajajaj / 2; os habeis portao / 1; A no nos falles en esta eh / 1; jajajaja / 0; jajajaajjajaaja,52
0,0,0,0,0,0,0,1,1,0,0,0,0,0,0,1,1; Qué ganas de verdad / 2; no sabemos ni la hora que es / 1; 0.51458333333333295 / 0; ya es de noche? / 0; jajajaja / 2; ya pa casa o hya mas cosas? / 1; Jjajaja / 1; Esperar a que nos paguen / 1; jajajajaja / 2; que rapido / 0; esto ya es la despedida,51
1,1,1,1,0,1,0,0,0,0,0,1,1,0,0,0,"0; decirme a priori cual pillarais jajaz / 2; hombre nosotros no te estamos diciendo que es ese el indicado, te ponemos solamente lo que haríamos / 2; yo en esta ronda me la jugaría al 5 / 0; jajajaj / 0; ahi ahi / 1; que te sale que gans c¿ / 1; c / 0; como lo veis? / 2; eso es / 2; muy bien / 0; vale, he estado mirando los juegos / 0; y depende de cada uno / 0; pero las mejores son / 0; f2 y c2 / 0; f3 y c3 / 0; f4 y c4 / 2; me acabi o de fijar que arriba nos pone que el juego seleccionado es el 5 / 0; donde te pone eso? / 1; que te sale que ganas? / 0; tiene lag / 2; he sumado los máximos / 2; y para C y F son 200 / 0; estaria bien que sumasen puntos de los 3 / 1; y que tal / 0; y se repartiera / 2; haciendolo para ganar más o menos lo mismo, estamos palmando todos / 1; todos 3? / 2; suma unos 180 / 0; si es individual, el que mas gana siempre es A / 0; porque si es asi / 0; cojo f4 y c4 / 0; cual quereis que eleja? / 0; elija* / 0; jaajajaj / 0; lo has clavado / 0; cual te pone ahora? / 1; el 3 / 2; no podia decir nada antes, acabo de leer las intrucciones. llo siento me callo jajajaj / 2; coge el c3 f3 del juego 3 / 0; se / 2; que no tiene mala pinta / 0; nada mala / 0; me da miedo la siguiente parte del experimento / 2; por ser un poco equitativos.. f3 c3 del juego 5? / 0; lo que veais / 0; por mi ok / 2; lo malo es que teníamos que haberlo hecho desde el principìo a máximos de 2 e ir tunándonos cuándo palmamos nosotros / 2; ahora ya seguimos aasi o que? / 0; que me sugeris coger en este? / 2; me la juego al juego 3 f3 y c3 / 0; lo que querais / 1; si / 0; si por mi vale",26
1,1,0,1,0,1,0,1,0,0,0,0,0,0,0,1,1; ahora estamos igualados c / 0; voy a ganar pasta por poner todo el rato 3 / 0; jajajajajaj / 0; volvemos al c3 f3 / 0; ajjaja / 2; jajajjajjjja / 1; si la verdad que asi da gusto / 0; habrá otra ronda más o que? / 0; ya no se,54
1,1,1,1,1,1,1,0,1,1,1,1,1,0,0,0,2; asi tu y yo ganamos lo mismo no? / 1; entre los juegos si / 2; vale / 1; el juego es el 5 / 2; si / 2; que fila coges? / 1; fila 5 columna 5 / 1; ? / 2; no? / 0; si / 1; sii / 0; que juego es grupo? / 2; lo mismo / 1; vamos a hacer ahora juego 5 fila 5 columna 5 / 0; juego 5 entonces? / 2; vale / 2; y porque no hacemos todo el rato juego 3 fila 3 columna 3 / 2; ? / 2; en las anteriores rondas / 1; no te enojes / 2; yo lo veo justo asi / 0; el num de juego solo os lo dicen a vosotros / 2; Ahora mismo A estas teniendo mucho beneficio / 1; juego 1 / 0; por eso yo no se que combinacion ager / 0; hacer* / 2; Sigue haciendo caso / 1; coge la f3c3 / 2; Que vamos bien / 1; que es la mas justo / 2; f1 c1 / 2; Seria c / 2; ahora f3 c3 / 2; Hay que buscar el 80 para A todo el rato beneficiandonos / 1; si / 2; Yo me he apuntado los juegos / 2; Juego 3 / 0; lo ultimo que habeis dicho antes / 1; otra vez rl 3 / 0; nno me ha dado tiempo / 0; a leerle / 0; leerlo* / 2; Ahora mismo A tiene el mayor beneficio / 1; tu ganas 80 en el juego 1 11 juego2 22 juego3 33 / 2; Despues F / 1; y asi todo el rato / 2; pero di / 1; f3 c3 / 2; perfe / 2; thanks,30
1,1,1,1,1,1,0,0,0,0,0,0,0,0,0,1,"2; pero lo que quieras / 1; mejor seguir asi para mi ;) / 1; eligimos 3? / 2; como? / 2; vale / 1; seguimos con 3? / 2; entonces la cogemos igual? / 1; que opinas? / 1; si / 2; 42495 / 1; sep / 2; no? / 2; okey / 2; tenemos que quitarle al otro con negativo sin perder nostross mucho jajjajajajajjaajaj / 1; he pensado lo mismo / 1; xd / 1; pero seria cruel / 2; ya / 2; pero es que sino... / 1; que mas dara / 2; jajjajajajajaj / 1; igual / 2; lo mismo / 2; nan / 1; todo 3 / 0; me di cuenta que pocos segundos antes de que se acabe el chat, se cambia solo de juego. Yo antes si pulsé todo 3 / 1; yaya / 2; Habria que hablar mas / 2; A, deberias elegir la fila 1 columna 1 / 0; que se supone que hay que hablar? / 2; El lio no F / 2; Aqui vamos a ir a buenas todos / 0; no os peleeis / 0; hago c3f3 / 2; cuatro / 1; 3.3? / 0; si / 2; sip / 1; Perfecto / 2; para que estaran las negativas / 1; Para restar a los demás, pero supongo que a ninguno de los 3 nos interesa que nos resten / 1; jajajaja / 1; nan / 2; claro / 2; jajajajaj / 1; lo que veas / 1; f3 / 2; por 6 puntos ya ves / 2; si eliges f3 me haces un favor / 1; vele / 1; vale / 2; solo pierdes 6 puntos de lo maximo que te puedes llevar / 2; yo 22 puntos / 2; okey? / 2; grande / 1; XD / 2; elige tu ahora lo maximo / 2; y la siguiente yo / 1; o si no esta ronda yo y la proxima tu / 2; creo que ganamos mas haciendo una tu unz yo pero lo que quieras / 2; vale / 1; ok / 2; pues esta tu / 1; 5? / 2; vale / 1; ok / 2; vale / 1; xd / 2; 42495 / 2; entocnes",38
1,1,0,0,0,0,0,0,0,0,0,0,0,0,0,1,0; oki / 0; si c3 f3 es la clave / 0; jajajaja / 2; jajajajjajaja / 0; si gano lo suficiente me tatuo f3 c3 / 2; otra mas de 9 plis / 0; vale,59
1,1,0,0,0,0,0,0,0,0,0,0,0,0,0,1,"1; si / 2; ok / 2; te toca ganar mas no? / 1; esq tu en ningun cuadro ganas mucho la verdad / 2; 42495 / 2; ? / 1; vale gracias / 2; okey / 2; y el otro 80 como no... / 1; solo gana eso / 2; o 72 / 1; 80 y 72 / 1; xd / 2; excepto en las dos primeras que la he liado yo jajaja / 1; xd jaj / 2; 42495 / 1; a mi tmabie se me cambio / 0; y esta vez me di cuenta a tiempo y dije, uy, porque se cambió, y lo cambié rápido / 1; tiene razon / 0; estas atentos equipo / 1; estad atentos / 2; vale / 0; bien! / 1; sigamosa asi xd / 2; mote / 1; que no se os cambie e juego / 0; estuve atenta y no se cambió :( / 2; Sobre eso, intentar maximizar ganancias / 1; elige mejor f3c3 / 0; es que yo no se el juego",39
1,1,0,1,0,1,0,0,0,0,0,1,1,0,0,0,"2; pues pillala igual / 2; vale / 0; alguna propuesta? / 2; si que se puede / 2; temnemos el juego cinco / 2; 2.2000000000000002 / 2; o 3.3 / 2; para equilibrar / 0; jueg? / 2; tres / 1; Si coincidimos se supone que ganamos mas? / 2; puede / 0; ni idea, posiblemente / 1; Que decis? / 2; 3.3? / 0; ok / 1; ok / 2; el rojo se va pero nosotros igual / 0; es dnd mas podeis ganar vosotros no? / 2; si / 0; ok / 1; Si / 2; f3 / 2; q esta mas equilibrado",37
1,1,1,1,1,1,0,0,0,0,0,1,1,0,0,0,"1; nod llrvsmod 40 y 40 los dos / 1; y a 80 / 2; Tu tienes que elegir para obtener ganancias / 2; Que nos tenemos que poner de acuerdo / 0; y asi / 0; teneis lo mismo / 0; o q? / 2; Vale A / 1; 33 desde el principio hubiera sido lo mas justo / 2; Vamos a ponernos de acuerdo F / 1; Hay que compensarse y así todos ganamos / 2; tres / 1; TRES / 1; 3.3 / 0; 3.3? / 2; 3.3 / 0; ok / 2; jajaja la de siempre / 1; Siempre es la que nos iguala a C y F / 2; si te fijas la 3.3 es siempre lo mismop y el rojo el doble / 1; sI / 2; uno / 1; 3.3 / 1; ? / 1; f5 y c5 / 2; bien / 1; elie / 2; f1 / 1; ok / 2; f5 c5? / 1; ok / 2; c1 y f1 / 2; ahora 1 / 1; perfecto / 2; mira si sumas 26 + 38 de las de antes y ahora da lo mismo que tu 54+10 / 1; si pero da igual que 32 +32 / 1; per ote tocaa / 2; y luego en la siguiente gano yo mas? / 1; vale / 2; asi lo haciamos antes / 1; sisi / 2; con el otro componente / 2; okey / 2; tu antes eras el a no? / 1; el mio tampoco / 1; c estate atento nats / 2; ni el mio / 0; pues no lo entiendo / 1; sigamos igual / 1; da igual / 2; dale / 2; coge juego 5 / 1; que pasa / 2; fila 5 / 2; columna 5 / 0; porque / 2; se selecciona un juego / 2; que nos pone a f y mi / 1; prueba a ver / 0; por eso, el juego 3 que ganamos todos mas que en ningun otro juego / 2; y ahora es el 5 / 2; no / 2; hazme caso",40
1,1,0,1,1,1,0,1,1,0,0,1,1,0,0,0,1; Yo la otra vez que vine el juego no se parecia mucho / 2; yo empiezo hoy jaja / 2; 3.3 / 2; 2 / 2; 3.3 / 2; el A es siempre la suma de los dos / 1; lO TÍPICO / 0; si / 0; nan / 1; sí / 2; yo creo que al igualar c y f nos daran algo / 1; No creo yo jajajaja / 1; nan / 0; seguro q luego hacen una compensacion / 2; jajajajajajajajajjaaja / 1; No tendremos esa suerte / 2; a eso me refiero / 0; es trabajo en equipo en teoria,49
1,1,1,1,1,1,0,0,0,0,0,1,0,0,1,0,1; Jajajajaja / 0; jajaja / 2; nan / 1; nan / 1; nan / 2; nan / 2; jajajajajajajaja / 1; La gente escribe mucho / 2; didi / 1; jajajajajaja / 2; no entiendo / 2; estan haciendo cahnchullos / 2; cinco / 0; 1.5 / 1; o f3 y c3 ques esta mas compensado / 1; pero cmo tu me dejaste elejir / 1; elijo el c1 f1 / 2; nono / 2; tienes razon / 1; ok / 2; pero hazme el favor si la siguiente sale juego n1 elijo yo y luego tu porfavor / 2; ya / 1; (si eligiamos siempre el numero 3) / 1; nan / 1; =) / 2; pues elegimos 3 porque si da lo mismo.. / 1; seguimos siempre con el 3? / 1; vale perfecto / 1; no / 1; seguimos siendo los mismos / 2; ahhh / 1; yo soy f / 2; pensaba que iba rodando / 1; de antes / 0; vale / 2; te sale mas rentable a / 1; A ganas 80 igualmente / 1; ahora que / 0; porque no jugamos con el juego 3? / 0; no entiendo el cambio / 2; sigue con el 5 / 1; sigue con 5 / 1; te viene bien / 0; pero porque ? si elegiendo el juego 3 ganais mas los dos / 1; ganas 80 / 0; si lo digo por vosotros / 1; es el juego 3 / 2; ganamos todos / 1; f3c3 / 2; Tu el que mas / 0; ahora que? / 1; las diagonales son en las que mas ganamos / 1; f1c1 f2c2 f3c3 f4c4 f5c5 / 2; f1 c1 / 0; sigo con c3f3? / 2; No / 2; En el juego 1 y 2 / 1; como que no / 2; Tienes que poner f1 c1 / 2; en el 3 / 0; jajaja es broma / 2; jajajajajaajaj / 2; 33 / 1; Jajajajja,42
1,1,0,1,0,1,0,0,0,0,0,1,1,0,0,0,"0; y ganamos todos / 2; ole ole / 1; Bien / 2; el 3 jajajaja / 2; cuenta eso A / 1; Ya nos queda poco / 0; pues habia que repartir dinero, parecido a ahora / 0; nos dimos lo mismo todo el rato / 0; en la ultima ronda me resto / 2; que liante / 1; Ehh no nos hagas eso ehh!! Que aquí ganamos todos / 2; lo malo esque no sabes quien es jajajajaj / 1; Te resto mucho? / 0; jajajajaja / 0; si, si.. me resto bastante / 0; aun asi gane mucho / 2; si no la peña saldria de aqui a golpes jajaja / 1; Como son así / 2; sisi / 2; c2 f2 / 2; vale ahora si / 2; nan / 1; cual / 2; f1 c1 / 1; jajaja / 1; vale / 1; abajo / 2; 3? / 1; vale / 2; la* / 2; que es la unica que gano 54? / 2; y luego tu / 1; vale entonces me tocan dos seguidas tambien / 2; si si / 1; bien / 2; gracias / 1; la uno uno / 2; si / 2; elige / 1; pf / 1; yo q se / 2; 3/3? / 1; la 55 / 1; a vale / 2; lo que quieras / 0; y yo aunque gane menos, pero ya llevo ganado mucho / 2; antes el se ha llevado mas / 2; y ahora yo mas / 0; vale / 2; es lo justo / 2; todo 2 / 1; sisi / 1; es lo justo / 2; todo 1 / 2; hoy ganas mucho participante A / 1; jajajaja sisi / 1; yo ganare poco / 1; si estas ganando tu el doble que yo en las ultimas / 2; tio entiende el juego / 2; tu 80 nosotros 40 / 2; serian 80+40+40 / 0; era diferente, el ganaba mas",48
1,1,0,1,0,1,0,0,0,0,0,0,0,0,0,1,1; pero ya esta hahah sigamos asi / 1; hombre o mujer disculpa hahah / 1; 42464 / 2; ok / 2; tell me / 1; x 12 centimos me da ihual / 1; dale 3-3 / 2; ok / 2; thanks / 1; haha solidaridad es lo ke hace falta sigamos asiii,61
1,1,0,1,0,1,0,0,0,0,0,0,0,0,0,1,0; juego 3 fila 3 columna 3 / 1; mi idolo jajaja / 0; jajajjaj / 2; ? guaita / 0; ?? / 1; nada nada / 2; todo 3 ahora participante a / 1; sisi / 0; entendido / 1; cuidado / 0; fijaros si cambia / 1; no se cambie / 1; eso / 2; todo 3 / 2; todo 3 / 1; 3 / 0; vale / 0; con cual ganamos mas? / 1; la 11 22 gana mas el f y 44 55 gano mas yo / 1; el c* / 1; la 33 es la mas igualada / 0; pero cual cojo ahora? / 1; en todos creo / 2; la c1 f1 / 2; Es la mas repartida / 2; Dentro de que todos ganamos / 0; decidme que cojo ahora / 1; f5c5 / 2; fa c4 y c5 l5 / 0; y eso? / 0; con lo facil q es poner 3.3 / 2; con lo rapido que se hace / 1; Exacto / 1; Dan mucho tiempo creo yo / 2; y despues de esto que habra / 1; En un minuto se puede / 0; y la gente escribe hasta el final / 2; que bien ahora / 1; Que suerte / 2; el 3 / 2; manteca / 2; 3.3 / 2; ahora ha ido mas rapido / 0; jajaja que no pare / 2; sisi / 1; Jajajajaja / 2; pero si toca el juego 1 o 2 dejame elegir es lo unico / 1; vale / 2; eso si el jugadorA se va llevar 500 millones / 1; yes / 2; ;) / 1; no entiendo porque los otros se escriban tanto :) / 2; ya ves jajaja / 2; se estaran contando su vida o algo -.- / 1; jajajaj / 1; pero no se puede =) / 2; ya jajaja / 2; bueno 3 / 2; 2/2? / 1; podemos coger la 3/3 / 1; y la siguiente ganas tu / 2; vale / 2; entonces 3/3? / 1; es q lo unico q pierdes son unos puntilos / 2; si si me parece bien / 2; entonces hacemos 18 y acabamos todo lo del lineex? / 2; a esperar / 1; que no cambie / 1; atentos / 2; todo 3 / 0; siii / 1; A te estas llevando buen botin eh nats jajaja / 1; que suerte jajaja / 0; jejejeje  :P / 2; ojala me hubiera tocado a / 1; jajaja ya ves,44
1,1,1,1,0,1,0,0,0,0,0,1,1,0,0,0,"1; perfe / 0; si / 0; porque el resto se difernecian demasiado / 2; exacto / 2; en la próxima hacemos que los dos ganemos lo mismo / 0; con el boli de firmar el consentimiento / 0; xd / 2; te aburres mucho / 0; pos si / 2; c3, f3 ganamos ambos otra vez / 1; ok / 1; hacemos 4 y 4 ? / 1; y la siguiente si se puede tu gasnas mas asi / 2; elige f5 yo c5 y ganas 50 y yo 26 / 2; asi ganas tu mas aun / 2; la siguiento yo el que mas / 1; ok / 1; 2 y 2 ? / 2; vale si, es la maxima para c / 1; 5 y 5 y la proxima al reves para favorecerte a ti / 2; vale va / 2; 1, 1 / 0; 1 y 1 / 1; 5 y 5 / 1; juego 4 / 0; 1 y 1 / 1; no puede ser que te ponga juego 2",63
1,1,1,1,0,1,0,0,0,0,0,0,0,0,0,1,0; ahora cual? / 2; dos dos / 1; 3 y 3 / 0; eliges tu ahora f / 1; pues mi mayor beneficio por la liada del anterior jjajaj / 1; 5 y 5 / 0; perfecto / 2; 4 y 4 no / 0; perdona! / 2; por solo tres monedas yo subo 11 / 2; rneta / 2; renta* / 1; ya pero yo acabo de perder 11 / 1; en el naterior / 1; asi compoenso,53
1,1,0,1,0,1,1,0,1,0,0,1,1,0,0,0,"2; YO HARIA LO QUE ME DIJERAIS JAJAJA / 1; al final de las intrucciones lo pone / 0; pero es que hemos estado poco tiempo / 0; bueno va en esta hemos ganado un poco más / 0; no no hay otra / 2; sii / 1; a las 5 haran los 90 minutos / 2; no? / 2; jou / 1; esta ya es la ultima creo / 0; si / 0; eso pone / 2; viva el c3f3 / 0; es que es maximo 90 min / 0; vivaaa / 1; cena gratis / 0; jajajajaja / 1; No se puede decir nada de nada por aqui no? / 2; no / 1; Pos vaya / 0; nope / 0; yaa / 1; eso es dsps lo k diga usted / 1; diga / 2; c1f1 / 1; perfe / 2; igual / 2; c1f1 / 1; okey / 2; c1f1 / 1; 1 / 2; hagamos una cosa / 1; dime / 2; en esta primera escogemos la que ganemos lo mismo ambos / 2; es decir la c3f3 / 2; y en la rondas 2,3,4 y 5 Elijo yo / 1; vale si xk crea desigualdad esto / 1; vale / 0; fila 1 / 1; columna 1 / 1; fila 1 / 2; fila 1 coluna 1 / 0; bueno como querais / 1; hemos dicho / 1; asi nos llevamos lo mismo / 2; que por tres moneditas es lo mismo / 1; c no seas avaricioso / 2; y en la proxima te lo llevas tu / 0; juego? / 1; 4 / 0; que elija el f ahora / 0; y en la ultima el c / 1; vale / 0; ahora si / 1; a partir de ahora 2 y 2 o 4 y 4 / 1; juego 4 / 1; otra vez / 0; buas / 0; elegir / 2; yo pense que iba a venir y que no me iba a enterar de nada / 1; no te rompes mucho la cabeza y a cobrar jaja / 0; yo igual la verdad / 1; este es el mas facil de los que he estado la verdad / 2; me espere fuera mas de media hora / 0; pensaba que esto seria to difivil / 0; tu ya has ido a mas? / 0; yo soy debutante / 1; si esta es la 4 vez que vengo creo",55
1,1,0,1,0,1,0,0,0,0,0,1,1,0,0,0,2; y con c3 f3 / 2; tu 72 / 2; nosotros 36 36 / 2; Pero si quieres igualar porque tengo un poco menos seria justo / 2; Y empezar a repartir totalmente / 2; Y salir ganando todos / 2; La la f1 / 2; Seria esa opcion / 1; estamos en el juego 5 / 1; ahoar / 1; ahora / 2; Porque asis e reparte / 2; Aunque en unas yo gane menos / 2; Como en esta / 2; en la 4 y 5 yo gano menos / 2; en la 3 igual / 2; y en la 1 y en la 2 / 2; Yo mas / 1; por 3 puntos entonces / 2; el 3 las 6 que quedan / 0; aqui me faltan los emoticonos / 1; No entiendo de que habla la gente / 1; Todo el rato es lo mismo / 2; estaran ligando / 0; o discuten pq restan / 1; Jjajajajjaja / 0; jajaja / 2; jajajaja / 1; Tan malos son? / 2; el A los esta poniendo mal todo el rato / 1; Porque se trata de que ganemos todos / 2; claro / 0; a mi me la jugaron la ultima vez jaja / 2; nuestro A si que mola jajajajaj / 2; si o q? / 1; Creo yo vamos / 0; oh yeah / 1; SI? / 2; ahoera cuentas jaja / 2; madre mia / 2; lo estamos haciendo de oro / 1; ya estaba mirando si podemos ponerle una cantidad negativa / 1; elije / 2; vale a ver / 2; o c1 f1 / 2; o c2 f2 / 2; por tres puntos ya ves / 1; c2 f2 mejor no / 1; ajaja / 2; por eso te digo / 1; si / 1; 3..y ya acabamos / 2; sii / 2; hola / 1; hola / 2; que fila vas a coger? / 1; pero q juego seleccionamos / 2; donde se selecciona / 2; ? / 1; creo q si / 2; ah / 2; 2/2? / 1; si / 2; okey / 2; porque si cogemos la 1 pierdes mucho tu / 1; aa es verdad / 1; lo q quieras / 2; no no la 2 por que yo pierdo 3 y tu ganas 11 / 1; me parece bien / 1; :) / 2; te parece bien lña 1? / 1; que no se cambiee / 2; va que dentro de nada acabamos / 2; vamos equipo,46
1,1,1,1,1,1,1,0,1,1,0,1,1,0,0,0,"1; columna? / 2; f3-c3 / 1; vale / 2; yo voy a coger c1 / 1; yo la 4 o la 5 / 2; y si no coincidimos que pasa? / 1; pues o nos ponemos de acurdo pa ganar o nos joderemos, no? / 2; coje la 1 es mejor / 1; cogiendo la 4 pillabamos cacho ambos, ahora consensuamos / 2; la c3-f3 es mejor / 2; pillamos lo mismo / 1; genial / 1; joder es q es muy injusto! jaja / 2; o podemos cojer la c1-f2 que gano yo y a la de despues ganas tu / 2; 4 / 2; juego? / 1; 5 / 2; fila? / 1; fila 5 / 1; columna? / 2; 5 / 1; juego 4 / 2; ok / 2; fila? / 1; 5 / 1; columna entre c4 y c5 / 1; cual ? / 2; 5 / 1; ok / 2; juego 3 / 2; fila? / 1; 3 / 1; fila 5 ejor / 1; columna? / 2; aci vamos a ganar mas / 2; no crees? / 1; venga va confie en ti eh / 2; c1-f1",72
1,1,0,0,0,1,0,0,0,0,0,0,0,0,0,1,0; jajajaj / 0; joder te habras sacao ya bastante no? / 1; jaja / 2; jajjajajja bueno un placer xikos / 2; xikas / 1; igualmente / 0; staba mirando a ver si habia alguna que vosotros ganarais más pero no c3 f3 es la más compensada / 0; igualmente / 0; un placer / 1; claro si es la mejor en cualquier juego / 2; tranki si / 0; bueno pues ya me he pagado una buena cena o un festival / 0; jajajaja / 0; encantado / 2; jjajajajja igual,56
1,1,0,1,0,1,0,0,0,0,0,1,0,0,1,0,"1; 1 / 2; 3 / 0; 3 3 / 1; 4 4 / 2; lo mismo, / 2; siii / 1; joder eso / 2; y en la 6,7,8 y 9 eliges tu / 2; que te parece / 2; ? / 1; haha  okeey vale tambien",57
1,1,1,1,0,1,0,0,0,0,0,1,1,0,0,0,"2; graciassss / 2; nan / 1; el que tiene q dar gracia es A / 1; fila uno / 1; ci / 1; si / 2; 3/3 entonces? / 1; si / 2; joder / 1; xd / 2; jajajjaja / 2; elige / 1; la 33 / 2; oki / 2; gracias / 2; nan / 2; 42495 / 1; en la 44 / 2; vale / 2; que hacemos? / 1; juego 1 / 1; fila / 1; 1 / 1; columna 1 / 2; igual / 0; juego 1? / 2; el ganara el doble que nosotros / 1; ya / 2; pero esta hecho asi el juego / 2; todo 1 / 0; jejeje pues si :( / 1; claro rula y au / 0; vale, todo 1 / 1; jajajaja / 2; a doblar en la ruleta esa es buena jaja / 2; todo 1 / 1; que pesaos jajaja / 1; me llevo to poco / 0; ajajajaj / 1; pero bueno / 1; jajjajajaja / 2; Elige f1 c1 / 1; tendriamos que coger f3c3 / 1; entonces juego 1 f1c1 juego 3f3c3 (este caso) 5 f5c5 / 2; SI / 1; y en el 2 y 4? / 1; el 22 y el 44? / 2; Al menos este bloque hemos estado mas atentos / 2; nan / 2; En el y en el 2 / 2; Lo explico otra vez / 0; en c3f3 siempre reparte bn / 2; Si, pero no se saca mas beneficio / 0; no estaria el chat / 2; claro / 1; Ya eso es verdad / 1; Y lo de hacer 2 rondas será por algo no? / 2; aunque es una investigacion , les da igual quien s elo quede / 2; ni idea jajaja / 0; hay mas rondas? / 0; me muero / 2; nose / 2; podrian cambiar el juego / 2; jajaja / 0; que calor hace / 2; 1 / 2; siis / 1; yo al principio no había pillado el juego / 2; jajajajajajaaj / 2; si esque en verdad no tiene demasiado sentido",50
1,1,0,1,0,1,0,0,0,0,0,1,1,0,0,0,"2; c2f2? / 0; el equitativo para f y c es c3 f3 en todos los juegos, no? / 2; siii / 2; pero sales siemore ganando A / 0; ya, pero no puedo hacer nada / 1; c3 f3 prefiero yo / 2; vale c3f3 / 0; a ver, si no podemos ir alternando que uno gane mas en una ronda y el otro en la otra / 0; lo que prefirais / 1; vale tambien bien / 2; vale a la siguiente lo hacemos asi / 2; esta c3f3 / 0; vale / 1; perfe / 2; nada / 1; No ni yo / 0; yo si / 0; en la mano / 0; ;) / 2; vaya tela.. / 1; okiii / 2; en la siguiente ya empiezas a elegir tu / 2; c1f1 / 1; perfectoo / 2; cual quieres? / 1; 42495 / 2; ok / 2; igual, no? / 1; no en esta de regalo / 1; escoge el 4 / 1; 42464 / 2; ok / 2; gracias / 1; nada hombre es que estoy descubriendo ahora cosas / 0; vale / 0; como antes? / 1; fila 5 / 2; juego 2 / 1; c 5 / 0; 3 y 3 / 2; columna 2 / 0; ah vale wsi / 0; perdona / 1; perfecto / 0; c / 1; yo veo un 3 y 3 / 2; 3 Y 3 / 1; pero que idga c / 0; 3 y 3?",60
1,1,0,1,0,0,0,0,0,0,0,0,0,0,0,1,0; jajajajajja / 2; lo mismo digoo / 1; jajaja lo mismo digo / 1; entonces ahora en las otras rondas cambian grupos? / 2; 3 / 2; que son 40 para cada uno / 1; vale perfecto,65
0,0,0,0,0,1,0,0,0,0,0,0,0,0,0,1,"1; que diga que prefiere / 0; a mi me da igual / 2; porque luego sere yo el puteado / 0; yo tambien lo creo, quedan mucahs rondas...",79
1,1,0,0,0,0,0,0,0,0,0,0,0,0,0,1,1; elijo yo? / 1; vale / 0; 3 cada uno / 1; pues 4 y4 / 0; okeis / 0; escojo esa no?,66
1,0,0,1,0,1,0,0,0,0,0,1,1,0,0,0,"2; encantado iguamente / 0; ah vale! / 2; va un chiste che+ / 2; el que me aconsejo venir un dia cobro 90 pavos / 0; joderrr / 2; asi sin mas / 2; vale si / 1; o que gane más uno ahora y en la otra el otro / 2; vale uno mas ahora / 1; la 4 4 ? / 0; va benne / 1; y luego gana más c? / 2; genial / 0; pues 4 4 adjudicado / 2; 3 / 1; 3 / 0; tiene qew ganar mas c? / 2; sii / 1; si / 0; 2 2 / 1; valee / 2; por mi bien / 0; vale pues / 0; ha sido un placer, personas desconocidas",64
1,1,1,1,0,1,1,0,0,0,0,0,0,0,0,1,"1; si? o compensamos? / 2; que propones / 2; busca la que te favorezca mas a ti / 2; y la siguiente, la qu eme favorezca mas a mi / 1; f5, c5 y despues eliges tu? / 2; ok / 2; palmo yo / 2; osea / 2; de 36 he pasado a 22 / 2; tendria que obtener 50 para estar en las mismas que haber elegido 36 cada vez / 2; y en este juego no tengo 50 en ninguna / 2; c3f3 / 1; puedes f1,c1 / 2; tu sales muy perjudicado / 2; c3f3 / 2; hasta que encuentre otra que vaya bien / 1; vale / 2; ahora si / 2; c1f1 / 1; vale / 2; creo que lo mejor en este juego es que favorezcamos a uno / 1; empate o compensamos? / 2; elige tu / 1; 5 / 2; ok / 2; c3f3 / 2; empate / 1; vale / 2; o si quieres / 2; c4f4 / 2; y las proximas dos que me compensen en igual medida / 1; como prefieras / 2; pues 4 / 1; vale / 2; c2f2 / 2; y compensamos justo la anterior / 1; perfecto / 2; que mierda / 2; no me compensa / 1; empate? / 2; c2f2 / 2; para quedar en igualdad de puntos / 2; tendria que ser f1c1 / 2; y tendriamos exactamente los mismo / 2; trato? / 2; c3f3? / 1; vale / 2; no, mejor / 2; c4f4 / 2; yo solo pierdo 3 / 2; tu ganas 11 / 2; y en otra lo compensamos / 1; bien / 2; c3f3 / 2; la que mas favorece a los dos / 2; ya compensaremos la ronda 1 en otra / 1; vale / 2; era f3c3 anteeeees / 2; ahora f1c1 / 2; si? / 2; ¿? / 1; y compensamos? / 2; si / 2; con la ronda 1 / 2; lo ideal es siempre ir a por los 80 puntos / 1; 2? / 2; yo volveria a hacer f1c1 / 2; y en la siguiente compensarte a ti / 2; si? / 2; F1C1",69
1,1,0,1,1,1,0,0,0,0,0,1,0,0,1,0,"2; :) / 1; knos vamos a gastar yaa! / 1; perfecto igual compa / 2; okis thanks / 1; 42432 / 1; seloecciona la columna 3 yo pondre la 3 tbn / 1; asi ganamos ambos / 2; okay / 1; no no / 0; 2 o 4? / 2; es el 2 / 2; a mi me pone eso / 0; ah val vale / 1; es que el juego es el que nos dicen ellos / 1; a mi me pone que es el 4 / 2; a mi el dos / 0; que quereis? / 2; fila 1 columna 1 mismo / 1; nooo / 2; te he hecho un favor f / 1; graciassss / 2; podria haber dicho 1 y 1 / 0; el c es generoso! / 0; todos aqui somos generosos / 2; siiiiiiii / 0; perfecto / 0; 3 y 3 esta / 2; contar un chiste o algo / 1; sii / 0; va / 1; sois chicos / 1; ambos / 1; jajaja / 2; k no os enterais / 0; otros* / 0; jajajajajajajaja / 2; jajjaajajajja / 0; exacto xd / 2; lo malo es que las plazas / 0; 4 4 / 2; sii / 1; valee / 0; geniaaal / 2; 4 / 1; 4 / 0; pueees o iguales y hacemos 3 3, o 2 2 y gana c más / 0; lo que prefirais / 2; pues 2 2 y a la siguiente gana mas f / 1; valee / 0; valee / 2; 5 / 1; 5 / 2; 4 4?",62
1,1,0,1,1,0,0,0,0,0,0,1,1,0,0,0,1; f1c1 / 2; yes / 2; sip / 1; dos rondas mas confio en tiii haha / 1; la cooperacion sumaaa / 1; dos despues de esta / 2; c1f1 / 1; siii / 2; esta es la ultima que elijo yo / 0; perfecto / 1; juego 4 / 0; juego? / 1; 3 / 0; ccccc te toca elegir / 2; fila 2 / 1; bueno vale / 2; vale!!!! / 1; juego 3,58
1,1,1,1,0,1,0,0,0,0,0,1,0,0,1,0,2; perfect / 2; C2F2 / 1; bien / 2; C3F3 / 1; si / 1; hola / 2; columna 4 / 1; juego? / 1; es q todos tienen negativo / 1; dime columna / 1; cual nos da mas? / 2; la primera / 2; no? / 1; joder es q el A se llleva siempre el doble.. / 2; si / 2; tu columna? / 1; pero al principio sale seleccionar juego / 1; cual selecciono / 2; 4 / 1; juego 3 / 2; vale / 2; fila? / 1; 4 / 1; que columna has cogido? / 2; 4 / 1; cambio de fila 5 / 1; dejo la 4 ganamos mas / 2; juego 2 / 1; fila ? / 2; fila? / 1; f5 / 1; columna c5 / 2; juego? / 1; 4 / 2; fila? / 1; fila f4 / 1; columna? / 2; 5 / 2; 4 perdona / 1; ok / 1; se queda asi entonces / 2; ok / 2; juego 3 / 1; juego 3 / 1; f3 i c3 nos llevamos mas / 2; yo voy a poner c1 / 2; el se lleva lo mismo / 2; y antes tu ya obtuviste mas que yo / 1; f3 / 2; c3 / 2; pero esque el A siempre se lleva mucho mas / 1; muchisimo / 1; pero tampoco quiero perjudicar porq nos perjudicamxs todxs / 2; pues yo c3 / 1; fila ? / 1; 3 / 2; columna 1 / 2; columna 3 ok / 1; columna 3 / 1; ok / 2; juego 1 / 2; columna 1 / 2; tu fila? / 1; 2 / 2; juego? / 1; 3 / 1; fila 3 / 1; columna? / 2; 3 / 2; juego? / 1; 2 / 1; fila 4,71
1,1,1,1,0,1,0,0,0,0,0,1,1,0,0,0,"2; vale / 1; por mi si jaja creo que es la mas igualada / 0; si si / 1; c3 f3? / 0; esa bien? / 0; es la que mejor parece no? / 1; si yo creo que si / 1; igual? / 0; de nuevo la misma no? / 0; si no? / 2; si por mi si / 1; por mi tambien / 1; y como se hace eso jaja / 2; no se / 1; 58 ya es una exageracion / 0; 3 3? / 0; o quereis alternar? / 2; lo hacemos siempre equitativo? / 0; lo que querais / 2; a mi me da igual / 0; a mi me da un poco lo mismo / 1; a mi tambien me da igual / 2; podemos hacer que uno gane mas en una que en la otra / 2; ahora mas f y luego mas c / 1; Si y luego que gane mas el otro / 0; va pues si quereis ahora hacemos 4 4, y luego que gane mas c / 2; en este es que si yo gano mas, tu pierdes mucho / 1; esta vez si quieres c3 f3 / 2; si quierers cgemos el de enmedio / 2; perfe / 2; Como lo ves? / 1; nos ha tocado el peor de los cinco / 2; ya / 2; si quieres ganamos igual / 1; vale es o c3 f3 / 1; o si quieres c4 f4 / 2; ahora si quieres f2 c2 / 1; vale perfecto / 2; antes no me ha dado tiempo a contestarte / 1; ya digo como la cambie sin querer la liamos + / 1; jaja / 2; ajaja yo he pensado lo mismo / 1; habriamos obtenido mucho menos / 1; jajaj / 1; y ganarias 28 mas q yo / 1; en las otras he ganado 14 / 1; en cada una quedariamos igual / 2; vale / 1; hacemos 2 y 2 q la suma es la mayor 80 / 2; mejor si 2,2 / 2; 4,4 / 2; suma 80 / 1; si esa perfecta / 1; y de momento estariamos ganando lo mismo / 1; y c 5 / 0; okeis / 2; pon el 1 y 1 / 0; el 1 y 1 y el 5 y 5 / 0; siempre son positivos / 1; 5 y 5 / 0; para los 3 / 2; grande f¡¡¡¡¡ / 0; cccc / 0; te toca !!! / 1; juego 4 / 0; otra vez? / 2; si / 0; madremia les mola el juego 4 jajaj / 1; pero nos llevaremos super poco dinero, no? / 0; pues elije c / 0; por? / 1; elige c / 2; voy / 1; 1 punto es 0.02 €",67
1,1,0,1,0,0,0,0,0,0,0,0,0,0,0,1,"2; yo tengo que ir a estudiar / 2; jajaja / 1; uff.. / 2; hoy no se come / 1; f2-c2? / 2; ahora c1-f1 que en la ronda 2 escojimos c5-f5 / 2; que estaba mirandolo antes / 1; iba a decirte q memoria! / 2; jajaa / 1; vale, c1-f1 / 2; c3?f3? / 1; f5? / 1; c5? / 2; no me compensa / 2; si quieres / 2; c2 f2 / 2; y la siguiente que me compense a mi / 1; c3 y f3? Empate / 2; si / 2; guay / 2; mismo juego / 1; si / 2; c3f3? / 1; vale / 2; en todos los juegos c3f3 es la que nos compensa por igual / 2; idem / 2; c3f3",68
1,1,0,1,0,1,0,1,1,0,1,1,1,0,0,0,1; f3 c3 es el mas igualdo / 0; osea 4 4 joder / 0; vale 3 3 no mareo mas jajajja / 1; como veas y la siguiente / 1; 2 / 2; c2f2 / 0; 2 2 ? / 1; bien / 0; vale / 2; el juego esta hecho para que se seleccione siempre cuando A se lleva 80 / 1; pero porque se hace balance de / 1; f y c / 2; y C y F se llevan al final la mitad que A cada uno / 0; si :/ / 0; he tenido flor en el culo / 1; sisi jajaja / 2; ya ves jaja / 2; invitate a algo / 0; vale / 1; te envidimos jajaja / 2; jaja / 1; 5 / 2; 5 / 2; pilla ahora c3f3 / 1; si / 2; para igualar / 2; que tu te has forrao jajaja / 0; la democracia es la democracia... / 1; jajaja / 1; podriamos habernos cruzado con un dictador que se llevase todos los 80 puntos / 1; jajajajaja / 1; :DDDD / 0; jajajaja / 0; juego? / 1; 4 / 2; 4 / 0; f4 c4? / 1; bien / 2; si / 0; okey / 0; nos han cambiado de grupos? / 1; creo que no / 1; nan / 2; creo que no / 1; yo sigo siendo la f desgraciada jajajaj / 2; y yo el C / 1; pues todo igual / 2; A que suerte tienes / 0; estabais hablando de democracia y dicatdores? / 2; JAJAJA / 2; sep / 1; :$$$$ / 0; pues somos los mismos / 1; jajajajajajaa / 2; mejor / 0; yo sigo sintiendome mal / 1; 3 / 2; 3 / 2; c3f3 / 0; si / 2; claramente / 1; c3 f3 / 1; jajajaja / 2; JAJA / 0; obiusli / 1; estamos ya conectados jajaja / 2; lo de invitarte a cervezas ahora con mas razon jajaja / 0; un trio luegoi? / 1; JAJAJA / 0; yo pago el alcohol y la droga.... / 2; me parece bien / 2; AJJAJ / 1; muero jaja / 0; f es chica / 0; jajaja / 2; sep jajaj / 0; c tiene pilila como yo / 1; maybe jajajaaj / 0; jajajaja / 1; 1 / 2; 1 / 1; c3 f3 / 2; c2f2? / 0; c1 f1? / 2; o esa / 2; por mi mejor / 0; y luego damos por ti f...,88
1,1,1,1,0,1,1,0,1,0,0,1,1,0,0,0,0; a la siguiente por ti C / 2; me la apunto jaja / 0; jajajaja / 0; a mi me sabe mal llevarme siempre mas por regla... / 2; esta hecho para que siempre a se lleve 80 / 2; fijaros / 1; has tenido suerte jaja / 0; mucha / 1; yaa siempre hay alguno que tiene menos / 2; c y f se llevan lo mismo / 1; mucho menos / 2; si elejimos esa / 2; nan / 1; 4 / 2; c3f3? / 1; bien / 0; c3 f4 f se lleva mas en compensacion / 0; 11 mnas y c solo 3 menos / 2; c3 f4 no / 2; nos llevamos todos menos / 0; f4 c3 perdon,87
1,1,1,1,1,1,1,1,1,1,1,1,0,0,1,0,"2; c3f3 es una opcion de ganancia intermedia / 1; creo que esperan ver eso de nosotros, si el mercado hace que nos destruyamos o cooperamos jajaja / 2; pero equitativa / 2; somos muy cooperativos jajaja / 1; como lo ves? / 2; podemos seguir empatando / 2; 42432 / 2; aunque mesta dando rabia a jajajajaja / 1; mejor alternando ganas 50 y luego lo vemos / 2; vale / 2; 1-1? / 1; seee / 2; uff / 2; yo digo de empatar en esta / 2; porque tu ganancia maxima es 42 / 1; vale, la siguiente en mi favor pues / 1; si si estaba pensando lo mismo / 2; dejamos tu compensacion para un juego que tu puedas ganar mas / 1; 42432 / 2; si / 1; ya tio, soy una pringada / 2; jajajaja / 1; c4 f4? / 2; perff / 1; nos sale juego fila y columna / 0; a vale jajaja / 2; al rol A al final / 0; sii sii a mi me sale cuando hacen el recuento de puntos / 0; por eso lo decia / 1; qué hacemos / 0; el c3, f3 del 3 es el que mas puntos da, no? / 1; vale / 1; a ver / 1; tanto j5 f5 c5 y j4 f4 c4 / 1; todos esos dan 80 / 1; menos el 5 / 2; lo de jueg9o no lo pilloo / 0; yo tampoco se lo de los juegos / 1; fila 2 coluna 2 / 2; puede ser q tengas q poner el q pone arriba? / 0; a mi no me sale nada / 0; decidmleo / 1; fila 2 columna 2 / 1; o fila 4 columna 4 / 2; 2 y 2 / 1; Fila 3 columna 3 mejor / 2; juego 2 creo / 1; f3 c3 / 0; anda esq el juego solo os sale a vosotros / 2; creo q no / 1; jajaja / 1; 3 / 1; f3 c3 / 0; f3 c3? / 2; f3c3 es justo no? / 1; sip / 2; madre mía el A cómo se está forrando jajajaja / 1; jajajaja / 2; jajajaja / 1; la gente escribe un monton, no? / 2; jajaja yo creo que estarán ahi debatiendo a tope / 0; estarán discutiendo jajaja / 1; seguro jajajja / 2; nosotros somos pros :P / 0; una amiga hizo el mismo y discutieron en su grupo / 2; jajajaja / 1; jura / 0; sisi insultandose y todo / 1; esq puedes ser egoista o ser piadoso / 2; esque esta bpensado para que A y F se alíen / 2; peor bueno lo que prefieras / 2; porque estoy viendo que tampoco tienes numeros muy altos en las otras / 1; ya xD / 1; a ver yo aun  confio en que salga la 4 o la 5 / 1; XDDDDDD / 2; jajaja / 2; 5-5? / 1; va / 1; a ver, lo hacemos ahora a mi favor y en la siguiente al tuyo? esta complicado que vuelva a salirme xD / 1; tu decides / 2; vale / 2; 5-5? / 1; yeah / 1; asi da gusto xD / 2; jajajaja / 1; seguro que en la siguiente si no me toca el A me jode que fliiipas jajajaja / 2; jo yo espero que la gente lo este haciendo asi tambien / 2; sin que importe el a / 1; ya, es lo suyo realmente / 1; 1-1? / 2; si no? / 2; que mal jajaja / 1; creo que no hay otra rque salga mejor voy a mirar pero si se acaba el tiempo, dale al 1",90
1,1,1,1,0,1,1,0,1,0,0,1,1,0,0,0,"1; gracias / 2; hola / 1; hola / 2; si usamos la c3-f3 siempre ganaremos lo mismo tu y yo / 2; apostamos por esa? / 2; c3-f3? / 1; vale / 2; c3 f3 siempre / 1; si cogemos la f5-c5 me llevo yo más pero luego hacemos para q te lleves tu y así. / 1; como lo ves? / 1; así A no se lleva el doble q nosotros / 2; venga vale / 1; asi vamos a medias / 2; vale / 1; juego 2 / 1; fila 5 / 1; columna c4 / 1; o vamos a medias? / 2; a medias / 1; ok / 1; entonces fila 3 columna 3 / 2; que sino no me da casi puntos / 1; okii / 2; ya / 1; juego 2 / 1; fila 4 c4 / 2; no / 2; lo mismo de antes / 1; f5-c5 / 2; esta ganas tu mas y la siguiente gano yo mas y asi succesivamente / 2; ok? / 1; y luego por tí y así.. vale / 1; exacto / 2; c1-f1 / 1; de acuerdo / 1; A siempre gana / 2; si / 2; y mucho mas que nosotros / 1; da rabia, pero bueno.. intentaremos hacer algo de bote i au / 1; c5-f5 / 2; f4-c4? / 2; tu ganas casi lo mismo pero yo gano mucho mas que en c5-f5 / 1; vale va / 2; esque tu pierdes 3 puntos pero yo gano 11 / 1; ahh okk / 2; sino",74
1,1,1,1,0,1,0,0,0,0,0,0,0,0,0,1,2; y la siguiente para la que mas te favorezca / 1; vale / 2; elige / 2; o empatamos / 2; la cuestion es / 1; 4 o 5 / 2; la que quieras / 1; 5 / 2; 4? / 2; jajajaj / 2; 5 pues / 2; 5!! / 2; F1C1? / 2; la misma / 2; y luego compensamos / 2; a la suma obtenemos 68 puntos entre dos rondas / 1; voy con bastante desventaja / 2; que area vas a escojer? / 1; f3 / 1; como lo ves? / 2; esque la has pifiado en la segunda ronda! / 2; C3F3 entonces? / 2; confirma / 1; si / 2; C3F3? / 1; 4? / 2; o C4F4 y luego compensamos / 2; ok / 2; C4F4 / 2; nos queda esta y dos mas / 2; la siguiente compensamos y la ultima empatamos / 2; o viceversa / 1; vale,70
1,1,1,1,0,1,0,0,1,0,0,1,1,0,0,0,"2; 4 / 2; perfecto / 2; ah no / 0; 4 4 / 2; pensaba que era el 3 / 1; f5 c5 / 2; si / 1; yo creo que es para ver si somos avariciosos o no jaja / 2; 1 otra vez / 1; otra vez 1 / 2; ahoroa si que 3.3 / 2; no? / 0; Vamos a 3.3 o 2,2 / 2; o 2.2 que el F no pierde mucho y los demas si ganamos bastante mas / 1; como querais / 1; vale / 0; Vale, en la siguiente beneficiamos a F por si acaso lo spuntos van individuales / 2; vale / 1; ok / 2; 2 / 2; 4.4000000000000004 / 2; ? / 0; 4.4000000000000004 / 0; Si / 2; si / 1; por mi bien / 1; que majos jaja / 0; jajaj / 2; el A que invite a cervezas luego jaja / 1; pues si podria jaja / 0; y compensaqmos a f... / 1; esta es mi jajajajaa / 1; mia* / 2; esque F no s elleva mucho mas / 0; yo creo que  4 4 mejor / 2; y yo mucho menos / 1; que he tenido dos de 26 / 2; si / 1; vale / 2; entonces? / 2; 44? / 0; 4 4 / 1; pero juego 5 si quiero mis 54 jum / 1; 4 4 / 0; ouuuuuh yeah / 0; jajajaja bien / 2; 1 / 2; 2.2000000000000002 / 2; 1.1000000000000001 / 1; 2.2? / 2; 3.3 / 2; uno de esos tres pienso yo / 1; si quereis ahora 2.2 y a la proxima ya vemos / 1; 4 / 2; 4 / 2; 4.4000000000000004 / 1; si, 4.4 / 0; Estoy de acuerdo / 1; no he leido lo ultimo que habeis escrito antes jaja / 0; yo tampoco",84
1,1,1,1,0,1,0,0,0,0,0,1,1,0,0,0,"1; f5 / 2; ok / 2; c5-f5? / 1; perfect / 1; el q mas palma yo / 1; x( / 2; el A siempre sale ganando / 1; siempre, lo hacen apostas pa que seamos mala gente / 2; c1-f1 / 2; 53 / 2; 5 / 1; fila 3 c3? asi vamos a mitades / 1; juego1 / 2; ok / 1; fila 5 / 1; columna? / 2; 5 / 1; y fila 2 y columna 2 ? / 1; no mejor como estaba / 1; juego 1 / 1; fila 5 / 2; porque no la 2? / 2; es que sino no me favorece en nada / 2; en ningun momento / 1; pues la fila 3 / 1; c3 / 2; no? / 1; voto por f5  - c5 q me llevo más y tu también / 1; y luego lo hacemos por ti+ / 1; dime / 1; corre / 2; c1-f1 / 1; ves? en esta te llevabas tu 50.. joder / 1; asi ganamos a medias / 2; porque no f2 y c2? / 2; tambien ganamos a medias / 1; no ganas casi el doble que yo / 2; de la otra manera igual / 2; ganas mas del doble / 1; de la otra son 32 / 1; y 32 / 1; a ver fila 3 columna c3 / 1; juego 2m / 2; juego 2 / 2; vamos a jugart a mitad / 1; fila 3 y c3 / 2; f3 / 1; f5-c5 / 2; c4-f4 / 2; ganas tu mas que yo pero yo gano algo mas / 1; no / 1; f5 / 1; q en la primera me llevado solo 5puntos / 2; vale / 2; c1-f1 / 2; vale? / 1; f3-c3 / 2; ahora me toca ganar mas a mi / 2; c3 / 2; sisi / 2; jeje / 1; seguro  ? no vale despues cambiar / 1; jajaja / 2; seguro / 2; y lo mismo digo / 1; juego 1 / 1; fila 3 c 3 ? / 2; perfecto / 2; vamos a jugar a medias / 2; asi ganancias a mitad / 1; exacto, asi ganamos los 2 / 2; sii / 1; juego 4 / 1; fila 3 columna c3 / 2; c1-f1 / 1; pero lo hemos hecho impar y ganas mas tu que yo / 1; por 6 puntos... / 2; venga vale / 1; guay",73
1,1,1,1,0,1,1,0,0,0,0,0,0,0,0,1,"1; ahora 4, no? / 2; si / 2; c4-f4 / 2; esto va muy lento / 1; muchoo / 1; jaja / 2; estamos mas de un minuto sin hacer nada / 1; habrá quien se peleará xD / 2; supongo / 1; venga q ya acaba / 2; c2 f2 / 1; ok / 2; ahora que toca? / 1; f4-c4 / 2; ok / 1; que hambre.. / 1; fila 3, columna 3 / 2; si / 2; aunque se podrian dividir en 3 rondas a cada uno / 2; que le beneficie mas / 2; es decir / 2; escoger 3 veces la posibilidad que mas beneficie a F / 2; luego tres veces a C / 2; y otras 3 a A / 0; no puedes saber que juego / 1; si, pero nunca seran las mismas cantidades / 2; se miran / 1; 3,3 / 2; seguimos con 3 3 / 1; este es el juego que mas nos beneficia / 2; a partir de la 4a ronda / 2; podemos elegir cada vez una que beneficie a uno mas / 2; asi tendremos dos rondas cada uno con mas puntos / 1; 3,3 / 2; seguimos 3 3 / 1; yo haria todo 3,3 / 1; porque las diferencias son grandes / 2; vale / 1; 3,3 / 2; si / 2; 3, 3",76
1,1,1,1,0,0,0,0,0,0,0,1,1,0,0,0,"2; 2.2? / 2; o 4.4 / 1; la empatia jajajaja / 2; a mi tambien / 1; el a puede hacer lo que le da la gana / 1; y c y f se pelean / 2; que en conjunto es mejor / 0; 4,4 lo veo / 1; si mejor / 2; es que el C sempre es el peor en todas jaja / 2; 3 / 1; 3 / 2; 3.3? / 1; ahora la mejor la 3.3",82
1,1,0,1,0,1,0,0,0,0,0,1,1,0,0,0,"1; vale coge ese y lurgo miramos por mi jajaja / 0; vale / 0; 1 1 pues.... / 1; 2 / 2; fila 2 columna 2 / 0; Juego? / 1; juego 4 otra vez / 2; 4 / 1; la misma? fila 3 columna 3? / 2; si, es lo mas justo / 2; aun que el A se lleve mas / 0; 5, 5 y luego beneficiamos a C? / 1; si, parece que A se lleva la suma de nosotros 2 / 2; juego 1 / 1; juego 1 / 2; fila 2 columna 1 / 2; no? / 1; ahora fila 1 columna 1? / 2; si mejor / 2; 22? / 1; c3 f3 / 1; ummm vale / 1; pero en juego 4 y 5 me dais los puntos de 50 / 0; entonces 2 2? / 2; ahora empezaran a putearme a mi / 2; no te preocupes / 2; jajaja / 1; seguro jajaja",80
1,1,1,1,0,1,1,0,1,0,0,1,1,0,0,0,"0; donde A gana 80 / 0; a la larga es el mejor en todos los juegos / 0; daos cuenta / 0; de esa forma lo que se os quita despues se os da / 1; f5 c5 / 1; ? / 0; y es donde mas ganais / 0; me seguis? / 0; entendeis= / 0; donde gana 80 A / 1; a gana 80 en f5  c5 / 0; es el mejor porque vosotros lo que se os quita en uno se os da en los otros dos / 0; si si / 1; y 72 en f4 c4 / 0; a ver si c dice algo / 1; y c solo pierde 3 en f5 c5 / 2; me quedaria con 26 / 2; pero si luego igualais / 1; si / 2; o rapido / 1; 3,3 esta bien / 2; quien sabe / 2; ea / 2; 3,3 / 2; dale a esa / 0; algun@ le encuentra el sentido? / 1; no / 1; ajajja / 1; nan / 2; a que? / 2; a la vida? / 1; es una investigacion / 0; jajajaj / 2; a ver / 1; jajajaja / 2; si / 2; ahora f / 1; elegimos 5, 5? / 0; si / 2; hablad de algo / 2; que queda un minuto / 2; ponemos fila 2, columna 2? / 0; vale / 1; es lo que más nos beneficia a todos por igual / 1; si / 1; juego 3 / 2; c3,f3? / 0; si / 1; si / 0; es lo mejor para todos / 1; eh jugador A te vas a forrar a este ritmo jajaja / 2; ya ves jajajajaa / 0; Luego os tocará a vosotros jajajajaja / 1; la cosa es no engañarnos y nos ira mejor a todos / 1; 5 / 2; c5,f5? / 1; juego 5 / 1; si",98
1,1,1,1,0,1,1,0,1,0,0,1,1,0,0,0,"2; igualmente jajaja / 1; juego 2 fila 1 y columna uno ganas 50 / 1; yo 22 / 1; en la siguiente pones una donde gano yo mas / 2; al final no he sabido a cual darle y has salido beneficiado/a tu / 2; esto ha pasado m,uy rapido / 1; que va te han dado mas a ti / 1; yo 22 / 1; tu 44 / 2; creo que todavia no se mirar muy bien esto / 1; pon 5 ahora / 1; creo que nos llevamos bastante los dos / 2; fila 5 columna 5 / 1; si / 2; yo 10 y tu 38 / 1; quien sea a se esta forrando / 1; vale / 2; me parece bien / 1; perfecto / 0; y yo 8 mas / 0; vale / 1; f2 c2 entonces? / 2; lueg se reparte mas al f / 0; pues luego veremos las siguientes para darle eso al f / 1; siiii / 0; si f2 c2 / 2; 2 / 1; 2 / 0; ahora creo que lo mas justo es f3 c3 / 0; porque si hago f4 c4 / 0; para darle las 3 a f / 0; c pierde 11 / 0; que opinais? / 2; que tienes razón / 1; f3 c3 / 1; 3,3 / 2; bueno / 0; aunque es aleatorio / 2; que te quiten lo bailaó / 1; jajajajja / 0; exacto / 2; pero no lo uso por la fama / 2; ya os imaginais / 1; ajjaja si claro nos lo imaginamos / 0; jajajaj te entendemos / 2; asias / 2; 4 / 1; 4 / 2; te gané / 1; jajaja / 0; jajajaja q pique",97
1,1,0,1,0,0,0,0,0,0,0,0,0,0,0,1,"1; si / 1; 3,3 / 2; si / 2; A siempre gana la suma de las ganancias de F y C / 1; si / 1; c3 f 3 o si no / 1; me compensais luego a saco jajaja / 1; a no porque va a ganar igual / 1; pero c / 2; pilla entonces 1 1",77
1,1,1,1,0,1,0,0,0,0,0,1,1,0,0,0,"1; 3,3 / 1; la mejor / 2; 3, 3 / 1; 3,3 / 2; 3, 3 / 1; 3,3 / 2; 3, 3 / 0; es la ultima ya no ? / 1; si / 1; hola / 0; Juego seleccionado? / 2; 2 / 1; hola, si puedes elegir fila 5 columna 5? / 1; es el 2 / 1; o la columna 4, fila 4, ganamos todos en esa / 2; juego 4 / 1; ahora es el juego 4 / 0; Vale / 1; fila 4, columna 4 esta bien / 1; aunque f3, C3 es mas justa",78
1,1,1,1,0,1,0,0,0,0,0,0,0,0,0,1,"1; vale vale a medias / 2; fila 3 c2 / 2; jajaj lo que veas / 2; fila 3 y c3 no? / 2; a medias / 2; ok / 1; si a medias / 2; fila 1, columna 1? / 2; fila 1 columna 1 / 1; fila 5 columna 5 / 1; fila 3 columna 3 / 1; todos ganamos / 2; si / 2; fila 3 columna 3 / 1; si, esa opcion nos beenficia todos mucho / 2; en la proxima ronda sera 2 veces el mismo juego / 1; ? / 1; cada ronda cambia el juego? / 0; si / 2; por lo que parecia era cada 2 / 1; sisi, me parece bien / 2; f2-c2 / 1; joder, los de 50 siempre te los llevas tu... / 2; asi hacemos como antes / 1; iba a decirtelo / 1; guay / 2; hacemos siempre lo mismo? / 1; ok / 2; c2-f2 y c4-f4 / 1; claro.. / 1; de todos modos nos da mogollon de tiempo / 1; per si / 2; ya / 2; hasta ahora no / 1; en la ronda 4 ha cambiado / 0; en la hoja ponen cada ronda cambia / 1; valee / 1; no me habia dado cuenta / 1; pues ahora fuila 3 columna 3 / 2; fila 3 columna 3 / 2; si / 0; vale / 2; fila 2 columna 2 / 1; fila 5 columna 5 / 2; fila 3 columna 3 / 2; la mejor para todos / 1; ahora si no? / 1; a A lo que mas le beneficia es 5, 5 / 1; a no juega a 3, 3 / 0; 1 1 / 1; no / 2; fila 3 columna 3 / 1; 3,3 / 1; 3, 3 siempre ganamos / 2; en la 1 hay pocas ganancias / 0; ok / 2; el 3 3 siempre es justo / 2; para todos / 1; si / 2; en todos los juegos / 0; ahora cual / 1; nunca vas a hacernos caso no? / 2; el mas justo siempre es el 3 3 / 2; en la anterior ronda has perdido ganancias por elegir el 1 1 A / 2; 3 3 / 1; si",75
1,1,1,1,0,1,0,0,0,0,0,1,1,0,0,0,"0; 1,1 / 1; si / 2; perfecto / 2; el A se forra en todas jaja / 2; 5 / 1; juego 5 / 1; vamos a hacerte rico A jeje / 0; jajaj / 2; columna 3 fila 3 / 2; os parece bien? / 1; si / 0; No os parece mejor que alternemos? / 1; como quieras / 1; depende si no ssale mejor / 2; mientras no nos quiten puntos / 1; la 5,5 / 2; 4 / 1; juego 4 / 1; siempre hay una que da 80 en A / 1; que hay mas puntos / 2; fila2 columna2 / 1; da muchos a A pero tambien mas a nosotros xD / 1; vale / 2; 2 / 1; si, el 2 / 2; si 22 / 0; okey / 1; a debe de estari distrutando de esto jajaja / 2; segurisimo / 2; JAJAJA / 0; no se que decir... :( / 1; 1 / 0; esto es injusto / 2; si / 2; pilla si eso el 33 / 1; si por dios / 1; jajajaja / 0; vale / 1; se están pasando / 0; c3 f3... / 0; me meo muchoooooooooooooooooo / 2; yo ya me aburro jajajja / 1; yo no :'(((((( / 1; o lo decias de forma literal ? jajajajaja / 0; me gustaria saber que conclusiones sacan con este experimento / 1; la generosidad / 0; Propuestas? / 2; 2,2? / 1; si, ahora la mejor es esa / 0; Estoy de acuerdo / 2; perfecto / 2; 5 / 1; ahira la 5, 5? / 1; ahora* / 2; o la 3.3 / 1; ya pero como en las dos anteriores me ha dado un poco menos a mi / 1; pero bueno la 3.3 tampoco esta mal / 0; Seria lo más justo pero F y A pierdenmucho más que C / 0; Juego? / 2; 4 / 1; juego 4",81
1,1,1,1,0,1,0,0,0,0,1,1,1,0,0,0,"0; en qu ejuego estamos? / 1; si / 2; 2 / 1; juego 2 / 1; f2 / 1; es el que tiene mas ingresos para todos / 2; si / 0; ya lo he seleccionado / 2; c2 f2 / 0; en que juegto estamos=? / 2; el mismo ue antes / 1; el mismo / 0; perfecto / 1; el f tiene los numeros mas bajos que bien / 0; pues selecciono lo mismo / 1; en todos los juegos / 0; jajaja / 0; pero en todos... / 2; luego cambia / 0; que cosas... / 1; en todos todos jaja el chollo lo tiene el a / 0; la verdad que he tenido suerte / 0; juego? / 2; jajajaja / 0; pues ya esta / 1; gracias gracias :$$$$ / 1; jajaja / 2; tampoco es tanto dinero no se / 0; 5 5 / 0; el trio cuando? / 2; no hay que ser ratas JAJA / 1; jajajaja a solo le interesa el trio / 1; jajajajajajaja / 2; ahora a la salida nos lo montamos en el baño / 2; JAJAJAJA / 0; si , yo voy directo / 1; informer uv JAJA / 2; SII JAJAJJA / 2; 4 / 0; ce f3? / 1; c4 y f 4 quizaas? / 2; f3 c3 es el mas repartido / 0; si / 2; o ese / 1; pero c4 son soslo 3 puntos menos para c / 1; y muchos mas para los otros dos / 2; vale ese / 1; perfect / 0; f3 c3 pues... / 1; noo / 1; c4 f4 / 2; el mismo / 0; perdon me he liado, estaba mirando la 3 / 1; el mismo / 0; f4 c4? / 1; no pasa nada jaja / 2; si / 0; valee jaja / 1; 1 / 0; juego? / 0; vale / 2; c2f2? / 2; c3f3? / 1; c3 f3 / 1; ?? / 0; 2 2 lo veo mejhor / 2; c3f3 / 0; f solo se lleva 3 mas en 3 3 / 1; pero de c y f varia mucho / 2; lo que veais / 1; bueno f no jaja / 1; pero c si / 2; c2f2? / 1; vale / 1; puyes ese / 0; lo qu eme digais",85
1,1,0,0,0,1,0,0,0,0,0,1,0,0,1,0,"2; si / 0; si / 1; creia que en este bloque nos cambiarian de rol jeje / 2; alomejor luego suman todos los puntos entre los 3 y los dividen / 2; no se / 1; espero / 2; sino no es muy justo / 1; aunque en estos experimentos son un poco trolls / 2; jaja a saber / 0; puede ser / 0; jajajaj / 2; el A mientras no ponga negativos perfecto / 1; si / 2; 1 / 1; 1 / 2; 2.2 o 3.3 / 2; espero que el A tenga el mismo juego que nosotros / 1; o 1.1, no me quejo / 2; la verdad es que no entiendo el juego mucho jaja / 1; jajajajajaja / 0; si, pero tengo que confiar en que me digais el juego correcto / 2; pero si no le dijesemos el juego / 0; es algo mutuo.... / 1; 4",83
1,1,0,1,0,1,1,1,1,0,0,1,1,0,0,0,"2; 3,3 me parece bien / 1; y a mí / 0; no voy a ser mala de llevarme siempre 80 / 0; e intento siempre compensar / 1; buena gente / 2; gracias jaja / 2; juego 1 / 0; le toca a c más no? / 0; que llevaba menos / 1; yo he palmado dos veces pero es que f no tiene muchas opciones en ninguna jajaj / 2; 3,3 está compensado f y c / 0; decidme o me llevo los 80 jaja / 1; bien / 1; por mi perfecto A / 2; pues 3,3 / 2; juego 4 / 2; a ver, lo mas compensadosiempre es 3,3 / 1; 4,4 / 0; 4 4 clarisimamente / 1; 4, 4 que c gana muy poco igual / 2; que asi remonta f / 0; si?* / 0; vale / 0; 4 4 / 1; queda esta ronda y otra / 2; okey / 1; en la ultima compensamos C? / 1; si tocase juego 1 o 2 / 2; mejor calculamos ahora y veremos / 2; que creo que iremos a la par / 1; oksy / 2; se puede usar la hoja que te dan entonces no? / 1; ni idea... / 2; fila 3 / 2; columna 2/3 / 1; f3 / 2; c2 / 2; f2 / 2; c2 / 2; mejor opcion... / 1; si / 2; f3 c3 / 2; igualados / 1; ok / 1; f2c2 / 2; okey / 1; o / 1; f3c3 y estamos igualados / 2; vale mejor / 1; valee / 2; el a se esta llevando... / 1; f3c3 / 2; vale / 1; a se lleva el doble / 2; ya / 2; pero a mi me da igual a / 1; ya / 1; f3c3 / 2; me quiero llevas mas / 2; esta por mi y la otra por ti / 2; f1c1 / 1; vale / 1; si creo que si / 1; creo que no se puede decir en que juego estamos / 0; f2c2 / 2; f2c2 / 1; solo puede decidir A no?ç / 2; asi ganamos todos / 1; vale / 0; f3c3 / 1; f3c3 / 2; vale / 1; si elegimo siempre f3 c3 mejor / 0; f3c3 / 2; f3c3 / 1; A como sabias que filas escoger si no sabies el juego? / 1; f3c3 / 2; si queremos que el participante F gana mas tendremos que elegir otras cosas. no entiendo / 2; A siempre gana el maximo y F el minimo / 1; en f3c3 no / 0; f4c4 / 2; f2c2",105
1,1,0,1,0,0,0,0,0,0,0,0,0,0,0,1,2; oleee / 2; 5 5 / 1; sacamos 5 y 5 y la ultima para ti? / 1; perfecto,91
1,1,1,1,0,1,1,1,1,0,0,1,1,0,0,0,"0; f2c2 / 2; no es mejor f3c3? / 1; si / 1; f3c3 / 0; f3c3 / 0; f3c3 / 1; f3c3 / 2; porque no f1c1? / 1; porque entonces yo gano lo mínimo / 0; ganas mas con f3c3 / 2; ah perfecto / 0; porque el juego no lo sabemos y es lo que mas nos compensa a los tres / 0; f3c3 / 1; Pero como lo sabe el A si no sabe que juego es? / 2; o 2,2 / 2; que F solo pierdes 3 puntos / 2; comparado con el otro / 2; o como lo veis? / 1; si luego compensas con F / 1; a mi no me importa / 0; 2,2 me parece bien / 2; por mi bien / 0; okey / 2; A es el que tiene que ser bueno con nosotros jaja / 2; juego 5 / 1; 4,4? / 2; 4,4 / 2; y compensa a F / 2; vale / 1; o 5,5 / 0; yo prefiero 5,5, que ganamos mucho mas de lo que pierde c / 2; vale / 2; pues 5,5 / 1; okey / 2; ya compensaremos en otra / 0; okkkey / 2; juego 5 otra vez / 1; podemos c5 f5? / 2; 55 / 2; exacto / 1; GRACIAS C <3 / 0; el 5 5 / 1; A gozas / 2; yo no se la de pasta que se va a llevar jajajajaja / 0; menos en la 1a que no sabua como iba esto / 1; pues para comprarse una casa mas o menos / 0; 5 5 entonces",107
1,1,0,1,0,1,0,0,1,0,1,1,1,0,0,0,"2; jeje / 1; espero ser A en los siguientes 9 / 2; lo mismo que antes no? / 2; c3 / 1; f3, c3? / 2; f3 / 1; si, vale / 2; correcto / 1; me da que no saldre de aqui con mas de 15 euros xd... / 1; y si llega / 2; a ver si nos seleccionan como A despues / 1; A ver is hay suerte / 1; si* / 2; c3 f3? / 1; bien / 2; A siempre el doble nuestro / 1; Y por no hacer nada... / 1; me dan ganas de poner f5 c5 xddd / 1; f3 c3, no? / 2; jejeje / 2; pues si jugamos de manera justa si / 1; me parece bien / 1; como antes / 2; ok f3 c3 / 1; si / 1; c3, f3? / 2; ok / 1; que mierda..queria ser A...XD / 2; A tiene mucho morro / 1; creo que el a sin saber el juego / 1; tiene que darse cuenta cual es la mejor opcion / 1; para todos / 2; entonces va a ser siempre f3c3 / 1; si / 1; A ganará el doble que F y C / 0; de los anteriores solo faltaba por salir el juego 4 y la mejor opcion seria f4c4 / 1; el 4 había salido dos veces / 2; es mejor f3c3 ahora / 0; siii pero en los juegos estipulados no en los aleatorios / 0; que lo he comprobado / 0; pero si f3c3 / 1; okay / 2; asumiré que me odia el experimento este / 1; jaajajaja / 2; en los que podria ganar yo es en los juegos 1 y 2 / 2; y no tocan nunca jaja / 2; juego 1 / 0; bieeen / 0; jaja / 0; elige / 2; 1,1 no? / 2; si / 1; pensaba que si / 1; sisi somos los mismos / 2; 22? / 0; juego 1 otra vez??? / 1; si / 1; JUEGO / 1; 1 / 1; 2 2 / 0; 2 2 o 1 1 ??¿? / 1; 22 / 0; vale / 2; jaja / 2; nan / 2; c3, f3? / 1; No queda otra, es lo mas justo",110
1,1,1,1,0,0,0,0,0,0,0,1,1,0,0,0,0; juego? / 1; juego 5 / 1; c3 f 3? / 2; si / 1; o f 4 / 1; c4 / 0; f5 c5? / 1; ese a mi me interesa mas / 1; que digaa c / 1; pero estaria bien que f esta seca jajajaa / 2; c5f5 va / 0; vale,86
1,1,1,1,0,1,1,0,0,0,0,1,1,0,0,0,"0; f3c3 / 1; si yo pensaba eso tambien / 0; creo que he sido bastante parcial / 1; sisi / 0; c? / 2; si molt / 0; no opina / 0; ah vale / 1; 1 / 0; juego 1? / 1; si / 0; que opinais de f2 c2? / 0; nan / 1; f3 c3? / 0; le quito 3 al f que luego se lo doy / 0; asi gana el c 11 mas / 2; ganas toa la pasata / 0; jajajaja / 2; pasta / 0; pero q luego no creo q sea asi jajaja / 2; 3 bloques de 3 / 2; donde una vez favorezca a uno / 2; otra vez a otro / 2; y luego iguales / 0; esas matemáticas jajaja / 2; y vuelta a repetir / 1; jajajajaja / 2; einstein es mi apellido / 0; jajajajajja / 2; yo a lavar el coche / 0; rt F / 1; y a merendar / 1; ajajja / 2; ea / 0; al poli / 2; estudiar es para covardes / 0; jajajajaj asi estas tu / 0; cobarde con b / 0; jajajajaj / 2; eh / 1; jajajja / 2; que están al lao / 1; no pasa nada es comprensivo / 0; okiis / 2; genial / 1; f3 c3 / 2; sii / 0; Ahora sí, un placer! / 1; igualmente gente",96
1,1,0,1,1,1,0,0,1,0,0,1,1,0,0,0,"2; Casi la lio / 1; lo mismo / 1; numeros y ya esta / 2; sorry / 1; tranquilo / 1; f3,c3 / 2; ok / 2; f3, c3 / 1; si / 1; hola / 2; hola, / 1; tenemos que elegir / 2; c3 f3 ?? / 2; ganamos los dos 36 / 1; ok / 1; valee / 1; hola nuevamente / 2; si el juego es el 5,  c3 f3 volvemos a ganar lo mismo jaja / 1; elegimos fila jajaja / 2; aunque A se lleve mas / 1; si era lo que estaba pensando / 2; perfecto / 1; jajaja okay / 2; pues otra vez 3 i 3 / 1; sii / 1; genial / 2; hola jaja, aver juego 2 / 1; elegimos el mismo? 3 y3? / 1; jaja / 2; vale / 2; no entiendo el sentido del juego pero esta bien jaja / 1; el A en todos los casos gana más / 1; la verdad jajaj / 0; si eso no lo entiendo ni lo veo justo pero como es aleatorio te toca lo que te toca / 1; pues si / 0; pero yo creo que el fin es ponerse de acuerdo y que todos ganemos / 1; no debería ser asi / 0; ya / 0; f3c3 / 2; en serio? / 2; jajaj / 0; sii / 0; a mi claro / 0; si f está de acuerdo... / 2; F? / 1; si / 1; es justo / 0; okey / 2; perfecto / 2; juego 4 / 2; 3,3 / 1; 3,3 / 0; okey / 1; 4,4 tampoco me quejaria jajaja / 2; pero entonces vuelvo a perder yo / 0; pasa lo mismo que antes / 2; :( / 0; c solo gana 3 más / 0; con 3,3 y tú con 5,5 ganas mucho más / 1; por eso lo gigo / 1; vale perdon",111
1,0,1,1,0,1,0,0,0,0,0,1,1,0,0,0,"2; igual / 1; lo que querais / 0; luego cambiamos / 2; pues 3,3 / 1; no te cabrees e jaaj / 2; no hay problema / 2; yo soy comprensiv@ / 0; jaaajajj / 1; pues 3,3 / 2; me lo dice mi novi@ / 1; y lugo 5,5 / 2; imaginaria / 0; sii / 2; si / 1; oke / 1; okey* / 2; el A se forra / 2; siempre jajajajaj / 0; Un golpe de surte / 0; suerte / 1; 4 / 1; ahora c4 f4 no? / 1; Ey C / 2; si / 1; a ti y a mi se nos esta quedando igual todo el rato / 0; Valee / 2; me sacrificaré otra vez / 2; jajajaja / 1; te estas dando cuenta cuando sale el global? / 1; se compensa si seguimos asi / 2; siii / 1; buah hemos dado con la buena eh jjajajaja / 0; Lo puntos que os quitan en unos, se regulan en la siguiente ronda / 1; que crema / 1; pero no tengo la compensacion / 2; para la proxima ronda cuando salga un juego 5 jugamos a tu favor / 1; de la ronda anterior / 1; no hay mas rondas / 2; Es decir te queda uno para la proxima ronda / 1; jajajaja / 0; f4 c4 / 1; 5 / 0; jajajaja / 2; 1 / 0; juego? / 1; 1 / 0; perf / 0; 3,3 / 2; como renta ser a / 1; mejor 3 ,3 / 2; en plan",95
1,0,1,1,0,0,1,1,1,0,0,1,1,0,0,0,1; jajajaja / 0; no creo / 2; pero es que entonces estarian mintiendo / 1; buenas* / 0; ahi te pone los putnos que t llevas / 2; porque no indica nada en ningun sitio / 0; no es mentira / 1; yaya esta bien / 1; lo estamos haciendo bien / 0; si / 2; juego 4 / 0; 4 4 / 1; 4 4 / 0; si no? / 2; si si la 44 / 2; la gente no escribe demasiado para lo poco que hay que decir? JAJAJAJA / 1; si jajajajaj / 1; estaba pensando lo mismo / 0; ajjajjaja si / 0; yo estaba observando a la gente / 0; y pensaba lo mismo / 1; igual estan discutiendo / 0; jajajajaj / 0; diciendo palabras malsonantes / 2; juego 2 / 1; juego 2 / 1; 2 2 / 0; es que nosotros somos muy listos y  no nos hace falta discutir mucho / 1; creeis que los demas habran llegado a la misma conlcusion? / 2; pues no se / 0; bueno vosotros sois muy listos porque yo / 0; jaja / 0; yo creo que si / 2; peoro lo veo muy raro jajajajaja / 2; eso o es que se estan contando su vida / 1; con que A vaya a por los 80 siempre / 1; ganan todos / 0; yo creo que luego leen nuestras conversaciones para saber que hacemos / 0; claro....,114
0,0,0,0,0,1,0,0,0,0,0,0,0,0,0,1,1; creo que tenemos los mismos puntos / 2; 42402 / 0; BIEN F / 0; LUEGO INVITO A ALGO / 1; es lo que hay / 1; ya lo he asumido / 1; jajajaja / 2; a mi me han regañado... / 1; con que?,117
1,1,1,1,1,1,0,0,0,0,1,1,1,0,0,0,"0; si? / 0; lla / 0; uy / 0; si ya f3 c3 / 1; si / 2; si / 1; f3 c3 / 1; f4 c4 / 1; no es mejor? / 1; 3 / 0; decidimos rapido q nos lo quitan jaja / 2; c3 f 3 / 2; ahí salimos ganado / 1; ronda / 2; em plan / 2; nuevqas / 2; en total 18 / 2; pq sino nos morimos aquí / 2; de calor / 1; vale / 1; jajaj si / 0; holaa / 2; ye / 1; holaa / 0; que juego es? / 1; es el 1 / 2; es el juego 1 / 0; 3,3? / 2; vamos a ver / 0; ganais los dos / 1; si / 2; pongamonos de acuerdo / 0; ya sabeis el funcionamiento no? / 1; el 3,3 / 2; hacem,os cada vez una que nos vbeneficie a uno? / 2; si / 1; tambien podemos hacer eso / 0; como queraiss / 1; ajjaj / 2; con su vasito de leche / 1; ajjajajajajaja / 2; un masaje en los pies / 2; televisión / 0; ajajjaja me voy a un spa / 1; y a seguir estudiando / 0; ufff / 2; uffff / 1; c3 f3 / 1; claramente / 0; sii / 2; vale jaja / 0; Somos un buen equipo y no nos troleamos jajajajaj / 1; la guerra sucia es lo peor aqui / 1; perdemos todo / 2; si / 1; todos / 2; se gana mas siendo un buen compañero / 2; jajajaj / 1; 4 / 1; os renta aqui c4 f4? / 2; creo que es mejor c3,f3 / 0; f3 c3 es más equitativa / 0; no / 0; porque no es igualitario / 1; vale / 1; pues f3 c3 / 1; 4 / 2; 4 / 0; pues otra vez lo mismo / 0; f3 c3 / 1; yo veo mejor f4 c4 / 1; no? / 1; compruebalo / 0; tu si / 0; por mi bn / 1; 5 5 / 2; yo antes las primearas 4 veces 3,3",102
1,1,0,1,0,1,0,0,0,0,0,1,1,0,0,0,"0; algo hay nano jajaja / 1; es siempore igual / 2; si.. / 2; muy extraño / 2; luego nos dan 5 euros y ale pa tu casa / 1; f3c2? / 2; por equilibrar yo diria f1c1 / 0; vosotros diréis / 1; yo en f1c1 casi no gano / 2; que F ha ganado como 60 más que yo en las dos primeras rondas / 1; f2c2 esta mas igualado para los dos / 0; Lo que queráis los dos / 2; :D / 2; jajajajaja / 0; C llevatelo / 0; Por la putada / 1; me daran el sobre con una nota: tienes 5 euros menos por los desperfectos / 1; jajajjaa / 2; y un ordenador / 0; Exacto / 2; por las molestias / 0; Aunque no valdrán mucho jajaja / 2; jajajajaja / 1; JAJAJAJA / 2; algo hace :· / 2; :3 / 1; c llevate el boli / 0; para wallapop / 1; vale / 1; voy a elegir f5 / 1; tu mejor opcion c5 / 2; me lo has puesto dificil / 1; eso haré / 2; ¿cuál vas a elegir ahora? / 1; f4 / 2; yo c3 / 2; o c2 / 1; esta bien elegire f3 / 2; f3 c3 o f4 c4 / 1; creo que en esta tabla si que podriamos llegar al acuerdo de f3 c3 / 2; okay / 2; ahora cuento pero creo que tenemos que empatar / 2; ojalaa / 1; si creo que nos quedamos a unos 10 pts o asi / 2; no ahora estamos a 300 los dos / 1; ah si? tremen xd / 2; jajajaja / 2; ahora un 3 y listo jaja / 1; tu crees que de verdad hay gente A? / 1; yo estoy pensando que lo mismo no xd / 2; jo / 1; bueno, 3 y 3 / 2; si / 2; yo lo que creo / 2; es que si hay gente a / 2; no estan haciendo nada no? / 1; me da palo girarme xd / 2; porque no deciden ni tienen chat / 2; jajaajajaja / 2; yo tampoco veo / 2; pero hay mucho tecleo / 1; pues eres un crack enserio / 2; me iré a echar la quiniela / 1; sisi echala eh / 1; o a la ruleta o apuestas o algo jajaja / 2; jajajaja gracias gracias / 0; sii sii es lo que he dicho que deberian haber cambiado los roles / 0; para observar la forma de pensar desde diferentes roles / 0; pero no, seguimos todos igual / 2; pero seguimos , manteniendo el mismo rol.. / 1; po vaya / 0; igual? / 2; sí / 1; es el juego 1 / 1; espera / 1; ah vale igual / 2; siemore el proporcional es el f3 c3 / 2; nan / 0; mas mas / 0; jajaja / 1; hombre al A / 1; mas de 30 fijo / 2; ojala bastante jajajjaajaj / 1; 1,6 gana cada ronda / 1; y hay 18 / 2; bueno scalculos ahi / 1; fila 3 columna 3?",93
1,1,0,1,0,1,0,0,0,0,0,1,1,0,0,0,"2; no la ultima empatamos / 1; ah claro / 1; con suerte sale la 3 / 1; Dime que lo ves o algo / 1; enserioooooooo / 2; nono / 2; pura intuición / 1; muy heavy lo tuyo / 2; jajajajaa / 0; pos siempre lo mismo / 2; para el f y c / 1; vale / 0; que es lo que mas puntos da / 2; sí / 2; juego 3 / 1; c3 y f3 no? / 2; sí / 1; okey / 0; si / 1; el A se podria repartir / 1; o cambiar los roles / 0; la verdad que sii / 2; al inguak es un fallo / 2; si no , no entiendo que funalidad tiene / 2; las negativas entonces no se cogen? porq te restan vale / 2; pero entonces esto es muy chorra no? / 1; nono ni de coña ajajja / 2; o me lo parece a mi / 1; si",92
0,0,0,0,0,0,0,0,0,0,0,0,0,0,0,1,1; sois 2 hombres,122
1,1,1,1,0,1,0,0,0,0,0,1,1,0,0,0,"2; si yo cojo las que me favorecen a mi (1 y 2) y tu eliges las que te favorecen a ti (4 y 5) SI EL JUGADOR a elige juego 1 y 2 me favorecera a mi y si elige 4 o 5 as ti / 1; pues el 3 ganamos lo mismo y en pau / 2; si / 2; el A siempre gana en la mayoria de casos mas que nosotros / 1; q cabron / 2; 3 / 1; sip / 0; cual pensais que el mejor para seleccionar? / 1; ya.. / 2; pero no estan saliendo seguidas / 0; antes si / 2; antes no ha salido 5? / 0; han salido del 1 al 5 seguidas / 2; ahora 2 / 1; no me acuerdo jjajaja / 0; buena esa / 0; jajajajaja / 1; 4 / 2; 4 / 0; f4 c4 / 1; si / 0; ahora es al reves que antes / 0; lo que ha ganado c lo gana f y viceversa / 1; ya le hemos pillado el truquillo / 2; f y c repartiendo y a no baja de 72 / 0; en las siguientes saldran el 1 y el 5 / 1; f4 c4 / 0; y cual quieres c= / 0; f1 c5? / 2; esa esta bien / 2; solo digo eos / 1; 1 / 2; 3,3 / 1; es el q mas nos conviene a todos / 2; o a ver / 0; ya ni lo decidimos no? jajaaj / 2; tam,bn podemos ir en plan / 0; ese todo el rato / 2; cada vez uno / 0; yaa / 2; a sacar pasta / 2; imagina / 2; en juego 4 siempre / 0; quedan 2 rondas / 0; nos arriesgamos? / 2; yo ahora digo 1,1",99
1,1,1,1,1,1,1,0,1,0,1,1,1,0,0,0,"1; f4c4 / 0; f4c4 / 2; pero si quereis ir cambiando para que cada vez pierda F o C estoy de acuerdo / 0; uno gana mucho mas de lo que el otro pierde, pierde poco / 1; y C luego recupera en otro / 0; pues 4 4? / 2; vale, 4,4 que yo tampoco pierdo demasiado / 1; perf / 0; okeyy / 2; pero luego me toca a mi eh / 2; juego 5 / 1; A te renta 5, 5 y lo sabes jajaja / 0; 3,3? / 0; yo pierdo muchisimo pero bueno / 0; c gana / 0; que le toca / 1; tu eliges A / 2; vale / 2; 3,3 por mi / 0; c siempre quiere el compensado / 1; 3,3? / 0; juego? / 2; 1 / 0; yo la he utilizado / 0; aqui si cae uno caemos todos... / 0; jajaj / 1; va yo la uso tamb / 2; llevo 329 / 2; y tu f' / 1; 285 yo / 2; ?* / 2; UFF / 2; pues vamos a subirte / 1; podemos hacer C5 F5? / 0; que juego es / 1; JUEGO 5 / 2; me sacrfico por el team / 2; juego 5 / 2; si? / 2; vale / 1; a la proxima yo / 2; si / 2; entonces 1 1 / 1; vale / 1; f5c5 / 2; 4 4 / 2; que tu antes te has llevado minimo 26 / 2; y 47 esta muy bien que yo me he llevado 45 / 1; vale / 2; okey / 2; pues  4 4 / 1; vale / 2; f3 c3 / 1; okey / 2; mejor opcion.. / 2; si no negativo / 2; f3c3? / 1; si / 2; vale / 1; f3c3 / 2; no quieres esta por ti y la proxima por mi? / 1; vale va / 2; y ponemos f4 c4 / 2; si? / 1; me parece bien / 2; vale perfecto / 1; a la proxima tu / 2; vale / 2; gracias / 2; entonces 4 4 / 1; si / 2; f1c1 / 2; y aun asi antes te has llevado tu mas / 1; esta mas o menos igualados porque yo ahora me llevo menos / 0; si se hace diferente de a vas a ganar menos / 2; f4c4 / 1; solo elige A",106
1,1,0,0,0,1,0,0,0,0,0,0,0,0,0,1,"2; en la proxima que sea 5 a tu favor / 1; lo que trato de explicarte esque en el juego 2 a ti te viene mejor porque ganas y es 2 y 2 / 1; y en el juego 4 yo gano mas si es 4 y 4 / 1; tu miralo / 1; okey ponemos 1 y 1 / 2; si tienes razon / 2; En la proxima hagamos eso / 1; pero no se va compensar esta ronda / 2; listo en la otra / 1; a no ser que en la siguiente ronda salga el juego 5 / 2; 3 y 3 / 1; si / 2; va / 2; que me lo quitan de las manos / 1; jajajja / 1; 1, 1Ç? / 2; no",94
1,1,0,1,1,1,0,1,1,1,0,1,1,0,0,0,"2; sii / 1; a tiempo para comer jajaja mas o emnos / 1; ahh no sabia / 2; pero bueno depende de cada experimento / 1; es la primera vez que vengo / 0; antes ha sido f más / 2; juego 3 / 1; bien bien / 0; ahora que f gane más, no? / 1; 3,3 / 1; ganamos todos / 2; si / 2; 3 y 3 / 0; voy a ser buena, así que no me engañeis jaja / 1; o 4,4 / 2; noo / 1; para compensar pero entre 40 y 43 / 2; que en ese me llevo yo menos / 2; yo la segunda / 2; jaja / 1; pero por un amigo me entere / 1; lo mismo jajaja / 2; venga el ultimo jajaj / 1; si, el ultimo esfuerzo ya / 2; como supongo que ya no hablaremos ni sabremos quienes somos jajaa  encantada de \qconocerte\q / 2; jajajajajaj / 1; no hay mucho / 2; no seais malos / 1; mejor compensar en otra / 0; comooo? / 1; pero compensar en la otra / 2; por mi 3,3 / 1; ronda / 0; vale 3,3 / 0; mas equitativo / 1; que llevo menos ;( / 2; juego 2 / 0; quien lleva menos? / 1; 5,5? / 1; f / 0; es que ahi c pierde mucho / 2; 3,3 / 1; yo me he llevado 14 una ;( / 2; o 4,4 / 2; que yo pierdo pero no son 14 / 0; 3,3 / 1; bien / 0; esta cmpensado y yo pierdo / 1; me parece bien / 2; y de 39 a 42 no hay tanto / 0; cuaa lpues / 2; 4,4 / 1; sii / 2; juego 3 / 1; C4 F4 / 0; antes he elegido ese porque habia uno que perdia 3 pero el otro 8 / 1; sisi era 2 2 / 2; si si / 1; has elegido bien / 0; aqui 4 4 no? / 2; en esta pon 44 / 0; so? / 1; igualmente! encantada jajaja / 1; un placer ir en grupo jajaja / 2; jajaj sii / 2; 20 seg para el fin / 2; jajajaaja / 2; nan / 1; que vaya bien! y \qhasta la vista\q / 1; jajaja / 2; adioss!! igualmente / 1; ciaoo! / 1; se puede decir en que juego estamos? / 2; ayuda no se, creo que si / 2; que tenemos que escribir aqui? las filas y columnas que tenemos que elegir? / 1; 3,3? / 0; si / 2; vamos a intentar que f y c vayan compensados todo el rato no? / 1; es el mas compensado / 0; sii",104
1,1,1,1,0,1,0,1,1,1,1,1,1,0,0,0,"0; si el objetivo es que cada uno obtenga el mayor numero de puntos deberiamos coger siempre la que mas equilibra este / 1; entonces la columna 2 y la fila 2 no? / 0; para si estar todos mas o menos igual / 0; y que juego? / 1; qué juego? / 2; 5 / 1; c5 y f5? / 0; seguimos eliguiendo fila 2 columna 2? / 2; sí / 1; vale / 0; mejor c5 y f5 / 1; PERF / 2; debo elegir? / 2; y ya? / 1; fila 5 columna 5 / 1; q mas nos llevamos todos / 0; c2 f2 mas no? / 1; nooo / 2; no? / 1; ya ves jajajaj / 1; ojala en la siguiente ser A / 2; pues sí eh / 0; ya jajaj ha sido la suerte del principiante / 2; jajaja / 0; Será eso? por ser la primera vez? / 1; son 3 rondas, supongo que seremos los 3 roles / 0; seguramente / 0; f3c3 / 2; jajajaja / 2; esque está muy trucado esto / 0; que unanime todo / 0; Ya.. podrían ser mas justos creo yo / 2; yo pensaba que íbamos a cambiar roles / 0; Que podamos hacer los tres algo para equiparar / 1; podrian poner una calculadora Ppara ir viendo cuanto llevamos.. / 0; Yo tambien creía que ibamos a cambiarlos / 2; yo creo que ganaremos como 25 euros o asi / 1; y yoo / 2; y A pues el doble / 2; jajajaaj / 1; ojala llegue a 25 pero lo veo dificil jajajaj / 2; 36 por ronda... / 0; esperemos que si / 2; 18 rondas / 2; mirand el juego 3 la mejor columna c para elegir es la 1 / 2; creo que tenemos que intentar que todos ganemos el maximo posible / 1; y f1 supongo / 1; pero donde tengo que ponerlooo? xDD / 2; o tambien c4f4 / 2; antes tu has tenido menos / 2; para compensar / 2; elegimos la que te de mmas a ti ahora? / 1; f5 c5? / 2; si / 1; a quien le toque el A va a estar en la gloria jajaja / 2; jajajaja pues si / 2; pero bueno / 1; vamos alternandolo pues / 1; f1 c1? / 2; o c3f3 / 2; el que quieras / 1; ya veeeeeeees / 1; perf",89
1,1,1,1,0,1,0,0,1,0,0,1,1,0,0,0,"2; soy rayo mcqueen / 1; eres mas veloz / 0; con l@s q estaba antes igual / 1; jajajajaj / 2; ligero como una moto / 0; piquee / 2; potente como un camión / 2; 3,3 / 2; veloza* / 0; pues yo he ehcho esta mañana un examen y he suspendido / 0; jajajajaja / 1; ya lo sabes / 0; entonces c4, f4? / 0; valee / 1; 4 otra vez / 2; estoy saliendo muy mal parada!! / 0; vale / 1; por? / 2; tengo menos puntos siempre / 1; a ver hay otra opcion que me he dado cuentaç / 0; lo mismo, o cambio? / 1; si ponemos en todas siempre c3 f3 / 1; A gana un numero y yo y c ganamos la mitad de ese numero / 1; siempre / 2; pues ponemos ese ahora? / 2; o cual? / 0; vale / 1; y tu y yo c siempre ganariamos lo9 mismo / 1; te pinta? / 2; me pinta / 0; Así es mejor,no? / 1; juego 5 / 1; veis mejor lo de siempre c3 f3? / 0; es la mas parcial / 1; vale / 0; juego? / 2; juego 3 / 1; nan / 1; 3 / 0; por hablar / 0; jajajaja / 1; f3 c3? / 0; si / 2; si no? / 1; si / 0; si / 2; pues adelante / 0; hasta que no se acabe el tiempo.. / 1; el siguiente juego 5 / 1; ? / 2; y fuera problemas / 1; esque como qedan dos juegos / 2; sois aversos al riesgo eh.... / 2; jajajaa / 2; 4 / 0; ahora q beneficie a f / 2; :) / 1; elegimos ahora 5,5 / 2; ahora a por f / 0; 5,5? / 1; ? / 2; te doy el pesame / 2; de que era? / 1; tu profesor si q es rapido / 0; jajajajaja en los suspensos si / 2; el mio tambn se la nota / 0; micro / 2; que era estadistica tipo test / 0; f3, c3? / 1; si",101
1,0,1,1,0,0,1,1,1,0,1,1,1,0,0,0,"1; jaajajaja / 2; cual escogemos? / 1; no se / 0; el que tenga beneficio / 2; f3 c3? / 1; bien / 0; que juego / 1; el 3 / 0; juego 1 / 0; 1 / 0; 1 / 2; las tomas de dcisiones lo mejor jajaja / 1; Sii / 1; jaja / 1; Que estudias? / 2; aprovechemos para petar el chat que esto se acaba / 2; turismpo / 2; tu? / 2; cual elegimos? / 1; la fila 3 / 1; cual escogemos? / 2; lo mismo? / 2; es lo que mas ganacias tiene / 1; vale / 1; si perfecto / 1; f3 / 2; c3 / 1; c3 no? / 1; vale perfecto / 2; si / 1; ahora f4 y c4? / 1; son las mayores ganacias para f y c / 2; vale / 1; lo mismo ? / 2; c2 f2 / 2; No queda ninguna ronda, esto se acaba ya / 1; son 3 / 1; esta es la segunda / 2; No, lee bien, 18 rondas / 2; Cual elegimos? / 2; A, tienes que elegir las filas y las columas donde más puntos nos den a los tres / 2; ha tocado el juego nº 3 / 0; en todos los casos creo que la fila 1 / 0; columna 1 / 2; porque piensas eso? / 0; es la que mas nos beneficia en conjunto / 1; fila 5 / 1; columna 5 / 2; la mejor es la que dice A / 0; quedan 40 segundos / 2; y la f3 y c3 / 0; columna 1 fila 1 / 1; esa / 0; o 5",123
1,1,1,1,1,1,1,0,1,0,1,1,1,0,0,0,"2; f1 c1? / 1; el f3 c3 / 2; f2 c2 / 0; juego 5 - f3 c3 / 1; vale / 1; vamos rotando si quieres cada vez uno / 2; vale / 2; f4 c4? / 1; c5 f5 ? / 1; ganas mas tu en la 5 / 2; no, ganas mas tu / 2; 50/22 / 1; ?? / 1; cual elegimos? / 2; si quieres esa / 2; f5 c5 / 1; cual elegimos? / 2; f1 c1 / 1; vale / 1; f3 c3? / 2; vale / 1; asi es lo mismo para los dos / 2; perf / 1; f3 c3? / 2; que nos toca por igual: 32 / 1; si / 2; a mi me toca menos entonces :( / 1; puede volver a tocar este juego / 2; yo voto por c3 y f3 / 1; podemos probar las dos / 1; pero lo mas junto sería esa / 0; que juego? / 2; f3 y c3 / 2; 2 / 2; o f1 y c1 / 0; y f2 c2? / 2; vale / 1; a mi me toca un poco menos pero me da igual / 1; en otra al reves y ya esta :) / 2; en las dos anteriores me ha tocado super poco :( / 2; lo mejor es que a nosotros nos toque por igual / 2; o turnar / 1; sii / 1; lo veo bien / 2; juego 4 / 0; HUBIERAMOS GANADO MAS TODOS / 1; yo no / 0; MENOS EL F QUE PALMA 3 / 2; solo 3 / 0; VALE PERO PALMAS 3 Y NOSOTROS GANAMOS MUCHO MAS / 1; pero soy el que menos esta ganando / 2; esta 2-2 / 1; en todas las rondas / 0; VALE / 1; otra vez me perjudica a mi / 0; QUE JUEGO ES AHORA? / 2; 4 / 0; EL C Y YO SI ELEGIMOS LO MISMO GANAMOS MAS / 1; 42495 / 1; juego 4 / 2; 5-5 no / 2; entonces 1-1 / 2; vale si / 0; que juego / 1; el juego 2 / 2; ahora es el 2 / 1; f3 c3 otra vez? / 2; f3 c3? / 1; o veis otro mejor / 2; ese bien no? / 1; si / 0; estoy calculando bajo / 0; 3 - 3 entonces? / 1; si / 1; bien / 0; juego / 1; 4 / 0; vale / 0; yo buscaria un juego en el que el jugador F / 2; c3 f3 / 2; vale / 2; jaja / 1; perfect! jaja / 2; c2 f2?",125
1,1,0,1,0,1,0,0,0,0,0,1,1,0,0,0,"2; no / 2; que sie3mpre soy el que menos saca / 2; jajaja / 2; :( / 1; a vale lo siento jaja / 0; jajajaaj 3,3 va / 1; valee / 1; perfect / 2; perdonad@ / 2; por la potestad de dios / 0; juego? / 1; 5 / 2; 5 / 0; chico@s F+C=A / 0; lo habbeis mirado? / 0; vale / 2; q? / 0; 5,5 / 2; que fórmula es esa / 0; que la suma de las columnas es igual a la tercera / 1; vale / 0; jaajjaaj / 0; no se / 0; igual tiene q ver / 2; ahhhh / 1; ajjaaj / 2; a mi me da igual / 1; 5 5? / 0; es q bno entiedno nah / 0; vale / 2; antes me habeis elegido / 2; ahora que decida otro / 1; decide a / 0; 3,3 / 1; el q quieras / 0; ? / 1; si quieres 5,5 / 0; son iguales f y c / 2; perfecto / 1; o 3,3 / 2; una de esass / 2; jajaa / 0; 5,5? / 1; si / 1; 5, 5 ajaaj / 2; el c es el que tiene los numeros mas bajos / 2; simpre / 2; que racismo / 2; del juego / 0; jajajaj / 1; no seimpre / 1; aaah / 2; en general / 2; mi numero mas alto es 54 / 1; el mio tambien / 2; hostia / 2; pues si que estoi enpanado / 2; o empanada / 1; jajajaj / 2; no se ssabeeeee / 0; @ / 0; jajajaj se deduce / 2; 3 / 1; 3 / 2; eh / 0; igual para todos? / 2; 3,3 / 2; si / 1; yoi tengo la semana q biene / 0; me da igual / 2; siempre el orden / 0; yo la q viene 3 / 1; da lo mismo no / 1; ¿ / 2; que no / 0; depende deñl juego / 2; no pasa na / 2; jajaja / 2; poned lo que querais / 1; 5 / 2; 5 / 1; c5 f5 / 1; no perdon / 1; c3 f3 / 0; si si c3 f3",103
1,1,1,1,0,1,0,0,0,0,1,1,0,0,1,0,"2; molta calor / 2; yo estoy muy acalorad@ / 0; el viernes examenes y yo aqui sin estudiar / 0; jaajjaja / 2; esa es / 1; aajajjajaja / 2; yoo tuve uno hace 2 horas / 2; 2 / 1; 2 / 0; Si / 1; aunque este no me renta mucho pero bueno jajajja / 0; si queréis cambiamos, todavía quedan rondas / 0; me solidarizo con vosotros / 0; jajajajaj / 1; f3 c3 es mas igualitaria+ / 1; pero no os renta / 1; juego 3 / 2; no cambies en el ultimo momento / 2; que poneis? / 2; ponemos* / 1; vamos a seguir como antes mejor / 0; Vale / 1; c3 f3 / 0; por mi no hay problema / 2; oki / 1; 4 / 2; c4,f4 / 0; que juego ha sido seleccionado? / 2; el 2 / 1; el 3? / 0; vosotros sabeis que juego ha sido seleccionado / 0; decidlo y decidimos / 2; si, ha sido el 2 / 0; juego? / 2; otra vez 2 / 0; he de intentar ser parcial al repartir / 1; la fila la 4 no? / 2; si,todos deberiamos serlo / 0; f3 c3 / 2; 1 / 1; f2 c2? / 0; ahora f1 c1 / 0; que es igual que en 5 / 1; ah si / 0; hemos puesto f5 c5 / 0; o que opinas c? / 0; no te gusta tampoco? / 0; jajajajaj / 2; perfect / 2; si me gusta / 1; entonces cual? / 2; solo digo que a gana mucho o gana mucho / 0; f1 c1 / 1; que en la otra habeis cambiado e ultima hora y casi no me da tiempo :( / 1; valee / 0; ya / 2; que no es tu culpa / 0; pero es la suerte de ser a tambien / 2; yaya / 0; el siguiente juego creo que es el 5 / 2; 3 / 1; claro / 2; y tu f dices en la siguiente 5,5 / 1; esq qedam dos rondas / 0; y el siguiente q beneficie a f? / 0; vale / 2; pues como veais / 1; pero i si no sale / 2; a mi 1,1 / 2; a f 5,5 / 2; pues 3,3 / 0; 3,3 / 2; jejejeje / 2; gané / 0; jajajaj / 1; jajajaj",100
1,1,0,1,0,1,0,0,0,0,0,1,1,0,0,0,"1; estaba mirando c2 f1 / 1; y me he rayado / 0; jaja / 1; perdonnnnn / 2; aqui la 55 no? / 0; he escogido bien? / 2; si / 1; 1 1 era mejor opcion para vosotros dos / 1; perdon / 2; pero a la proxima si sale juego 1 creo que la11 nos renta mas / 2; c3 f3 / 2; sii / 2; nan / 1; casi todos los juegos es la misma posición / 2; si creo que si / 2; porque aunq A gana el doble nosotros lo mismo / 1; jajaja que más se puede hacer / 1; cierto / 1; vaya que racha lleva A ajaja / 2; suerte la suya / 2; jajaj / 1; jajajaja sii / 1; dichoso experimento :) / 2; aver que tal.. / 2; 3, 3 para variar / 1; hola, si lo mismo / 2; ganamos 40 es mas que los otros / 1; si / 1; que estratégico ponen siempre más a A jajaja / 1; bueno eso suerte la A / 2; el doble jaja es la suma de nosotros dos / 1; nos acompañamos en el sentimiento / 1; jajaja / 2; esqeu si hacemos q A pierda, perdemos tambien / 1; si / 0; jaja / 1; esque és la mejor opción, así C y F ganamos lo mismo / 1; jajajaja / 1; el A siempre va a ganar más así que que mas da / 2; gracias A jaja / 0; he sido nombrada a dedo / 0; no es mi culpa / 0; jaja / 0; f3c3 / 1; para variar jajaja / 2; yo creo que es un juego de estrategia / 2; f3c3 es lo mas facil / 0; lo que veáis / 2; va, pues 4,4 / 1; hombre 5,5 es mofa / 1; 4,4 / 2; que solo pierdo 3 / 2; pero 5,5 no porfaaa / 2; juego 2 / 2; 2,2 / 1; bien",112
1,1,0,1,1,1,1,1,1,0,0,0,0,0,0,1,"2; vale / 1; vale / 0; igualamos y esperamos a que caiga el juego 1 / 1; bien / 0; para que c tenga mas / 2; y si salen 4 y 5 miramos que no se vaya mucho / 1; Como q no? / 2; No se puede desvelar, creo / 2; Creo que somos las mismas personas / 2; Antes habiamos hablado de decirle al otro que escogiese el mayor beneficio / 2; c4 f4 / 1; No, yo no",115
1,1,0,1,0,1,1,0,1,0,0,1,1,0,0,0,"2; 3 / 1; sii / 1; renta / 2; piensa que para putearle al A, noostras vamos a salir perdienod / 2; perdiendo / 1; yaa / 1; porque / 2; y queremos que invite lineex / 2; jajajajajaja / 2; ##### / 1; tendriamos que estar en eng / 2; pues la 3 / 2; y au / 1; neg / 1; sii / 2; neg? / 1; viva lineex / 2; negativo jajaja / 0; muy contento / 1; 14,40$ / 2; normaal / 1; 4 / 2; 4 / 0; 47    33    80 / 0; $$$$$$$$$$$$$$$ / 2; sii / 1; money / 0; la gente escribe muchisimo / 0; es de locos / 2; no se que escriben / 2; estaran contándose la vida o algo / 0; eso mismo he pensado yo / 1; aun no saben donde apostar / 1; 2 / 2; 2-2? / 1; PUEDE SER OTRO / 0; cual? / 1; que no haya tanta diferencia / 0; di / 1; f2,c3? / 0; ganamos poco todos / 2; no / 0; no tiene sentido / 1; ok / 2; 2-2 pues / 0; 1,1 - 2,2 o 5,5 / 1; jajaja / 2; jaja / 2; nos queda una ronda / 2; ojala salga el juego 3 / 1; negativo / 2; yaya / 2; lo acabo de pillar / 2; pillamos 3 / 1; ou yes / 1; odaaa / 2; ADIOOOHH / 2; ojala me toque el A / 2; en las sigueintes 9 rondAS / 2; otra vez el 3 / 1; ojala el a / 2; me muero de gemabre / 2; ojala / 1; pero mi mala suerte me castiga / 1; 3 always / 2; yes nigga / 2; 7.4 ingles back / 1; calle de la paz / 2; JAJAJAJJAA / 1; me meo / 1; again / 2; el bicho / 1; jajajajajjajajaj / 2; the most important street / 2; 2",130
1,1,1,1,1,1,1,1,1,1,1,1,0,0,1,0,"1; jajajaja / 1; ahora hay 9 mas no? / 1; 9 rondas mas / 2; puede ser / 0; que / 0; ojala / 2; me parece que si / 1; si / 2; es el mismo / 1; 4 4 / 2; seguro? / 1; si, se llevan 14 de diferencia como antes / 2; ah vale / 2; pues 4 4 / 1; asi igualados / 1; que te parece f4? / 1; hola? / 2; ok / 2; c2? / 1; vale, per con f2 / 2; ok / 1; f5 / 2; ok escojo c5 / 1; Vale / 2; c1? / 2; asi vamos alternando / 2; y compensando / 1; c3, f3 es mas justo / 1; ya bueno / 2; bueno entonces c3 tu? / 1; tu que c vas a poner+<' / 1; <' / 1; <' / 2; c3 / 1; vale / 1; yo fe3 / 1; f 3 / 1; c2, f2' / 1; ? / 2; ok / 2; tb la habia pensaod / 1; genial / 1; que morro tien el A, eh... / 2; ya ves / 0; asi que yo diria f3c3 / 0; si / 2; si / 1; es el 5 / 2; pero quizas el objetivo es que ganamos todos mas o menos el mismo dinero, el que significa que a veces A tienes que ganar meno y nosotros a rotacion mas / 2; o estoy diciendo algo que no tiene sentido? / 1; no cre / 0; el  5 creo que ya ha salido / 2; ah vale, entonces confio en vosotros / 0; perfecto / 1; renta 3,3 / 2; y ya vemos en las siguientes rondas / 0; sii / 2; juego 5 / 2; Esto va en contra de mi creo yo jaja / 1; joder es imposible compensar / 1; perdemos todos mucho / 0; ya ves / 1; y tu no ganas nada tampoco / 0; la cosa es que c gana poco más y los otros perdemos mucho / 2; 3,3? / 2; o poner 5,5 jaja / 1; pero de otro juego creo / 0; que juego es / 1; otra vez F / 1; EN SERIO¿ / 0; nos ha tocado lo mismo¿? / 2; juego 1 / 2; si, no cambiaba / 0; son las mismas personas? / 2; lo vamos a hacer rico",109
1,1,1,1,0,1,0,0,0,0,0,1,1,0,0,0,"1; 5 5 / 2; si 55 / 2; bueno entonces 1 1 ? / 1; venga / 2; vale gracias / 2; 3 3 / 1; f3c3 / 2; igualados a 40 / 1; si / 2; si / 2; 3 3no? / 2; o si quieres 4 4 / 2; y la proxima por mi / 2; como antes / 1; vale 44 / 2; vale / 1; y luego tu / 2; si / 2; 1 1? / 2; antes me he llevado yo 22 / 1; antes te has llevado 29 / 2; entonces 2 2 / 2; ? / 1; y yo me he llevado menos de 54 / 1; mejor / 2; tu cuento? / 2; nan / 1; mas igualado / 2; vale oues 2 2 / 1; yo 43 antes / 2; ah vale entonces si / 2; 2 2 / 1; vale, pues 2 2 / 1; 33 / 2; si / 1; vale / 2; 3 3 o 2 2 y la ultima tu? / 1; 2 2 y a la proxima yo / 2; vale / 2; pues 2 2 entonces / 0; f3c3 / 1; f3c3 / 2; f3c3 / 0; los juegos que quedan por salir son el 1 el 2 y el 4 / 1; no / 0; y f3c3 es la mejor opcion / 0; si xq ha salido el de 64 y el de 80 de A / 1; el 4 ya ha salido / 0; ACABA DE SALIR EL 2 O EL 4 / 0; DE JUEGOS / 1; con f3c3 ganamos 32 32 i 64 / 1; nan / 0; 4,4? / 0; o queréis lo mismo? / 2; si quereis poner 5,5 otra vez y en las 2 siguientes si toca otra juego me toca más a mi / 2; porque solo hay diferencia de 3 puntos / 1; bien / 2; y vosotros ganais más / 2; vale pues 5,5 / 0; vale / 0; asi hay que pensar / 2; juego 3 / 1; 3,3 / 0; 3,3 o1,1? / 0; elige c / 2; 3,3 va / 0; pero 3,3 es bastante para los dos / 1; por ganar 6 mas / 0; y para mi / 2; ya, por eso 3,3 / 0; os invitare a mi casa",108
1,1,1,1,1,1,0,0,0,0,0,1,1,0,0,0,"2; Pues eras el A / 1; cogemos c4 f4 / 2; Sí / 1; no, antes jugaba de C / 2; Pues yo igual / 2; Nos han cambiado de grupos / 1; solo varian f y c / 1; nan / 2; vale / 2; ya... / 1; que teneis vostros? / 2; yo he perdido en el anterior / 2; en este c3f3 / 1; yo tengo qeu tu ganas 29 / 2; entonces lo de la cerveza va cogiendo forma / 2; jajajajaj / 1; jajajajajaa / 0; COGE FORMA / 1; pero tiene que invitar A / 0; 1 / 2; vale / 0; igualamos / 2; faltan 4 rondas / 2; 1 / 1; 1 / 0; venga / 0; 1 1 / 2; ahora si que ya estamos igual / 0; luego ya es tratar de mantenerlo igual / 1; si / 1; ha salido bien la jugada / 2; perfecto / 2; nan / 2; jajajajajaja / 1; despues seras f / 2; c3 f3 / 2; Antes era C, ahora vuelvo a ser C / 1; f5 c5 / 1; Despues cambias a F / 1; porq son 3 / 1; cuando cambies a F intenta hacer siempre f5 c5 / 2; Hay que buscar el mayor beneficio, en el juego 3, es la fila 3 columna 3 / 1; Ya, pero el mayor beneficio se lo lleva A no tu / 1; tu te lo llevas despues cuando seas f / 1; ahora me toca a mi que antes lo hemos jugado asi / 1; sino solo se lo lleva a / 2; yo he ganado 26",116
1,1,1,1,1,1,1,1,1,1,1,1,1,0,0,0,"1; compensamos y nadie pierde mucho / 0; creo que tendriamos que haber hecho desde el principio si es juego 2 pues 2,2  si es el 1 1,1 y así / 0; hemos empezado mal / 0; jaja / 1; y A se se hace de oro / 0; es que yo pierdo mucho por ser buena eh / 0; y seguro que ganabais más / 2; lo hemos hecho un paco mal porque yo he perdido mucho / 0; claro / 2; pero también depende de los juegos que toquen / 2; esto es pa pillar jaja / 0; han estado compensados yo creo / 2; juego 2 / 2; 2,2 otra vez / 0; okey / 2; y ya hemos acabado no? / 0; va a ver lo que nos llevamos / 0; creo que sii / 2; A te has llevado en casi todas las rondas 80 puntos jaja / 2; yo queria ser A :( / 0; en estas ultimas si / 1; me he liado mirando las tablas / 2; nada nada / 2; no prob / 2; aqui 55 / 0; que juego es / 2; juego 5 / 1; JUEGO 5 / 1; 5 5¿ / 2; si no? / 1; creo que es mejor si / 1; siempre será lo mismo mismo! / 1; bueno a ver que tal / 2; sii creo que sii / 2; ya quedan menos / 2; juego 2, 3 i 3 jaja / 1; si / 1; jajaja / 1; como varia ehh jajaja / 2; jaja si si / 1; pues nada asi quedamos / 2; siii / 1; cuantos bloques son? / 2; vamos por el 5 / 2; son 9 / 1; ah dos bloques 18 rondas / 2; si creo que si / 1; okk! / 2; otra vez juego 3 jaja / 1; si jajaja / 1; va ser nuestro número de hoy / 2; mejor, que son 40 / 2; pues sii jaja / 1; sii / 2; 40 son los puntos no? / 1; yo creo que si / 2; luego se sumaran todos supongo / 1; pero no me queda muy claro como lo evalúan / 2; supongo q suma de todo / 1; todos los pontos obtenidos se multiplican por 0.02? / 2; nose ahora veremos / 2; sii si / 1; que tipo de estrategia? / 0; para no perder / 0; ninguno / 2; pero si elegimos algo en el que F en una ronda va a ganar mas / 0; es lo mejor / 2; la siguiente C va a ganar mas / 1; ya / 2; y asi siguiendo, vamos a terminar todos con el mismo puntejo mas o menos / 1; eso lo he pensado / 2; yo creo que el juego es asi / 0; al principio no / 0; por eso lo hemos hecho mal / 0; jaja / 2; al principio iba a por mi todo el rato el juego este / 0; hubieramos ganado todos haciendo lo mismo / 1; c4 f4 / 2; c1 f1 / 1; c4 f4 ganas 80 / 1; A / 1; es juego 4 / 0; no entiendo nada / 2; estamos en el juego 4 / 0; ahora entiendo algo / 0; jaja / 2; c5 f5 nos renta a todos creo / 1; podrias haber seleccionado f4 c4 / 2; asi f remonta un poco / 1; que te lolevabas 80 puntos jajaja / 2; que en la anterior ha pillado poco / 0; es que no entendia nada / 1; bua gracias / 1; podemos ganar todos / 2; c5f5 lo veo guay / 0; que juego es / 2; lo que no9 entiendo",113
1,1,1,1,1,1,1,1,1,0,1,1,1,0,0,0,"2; perfecto / 2; hacemos siempre lo mismo / 2; asi ganamos mas / 1; perfecto / 0; pongo la 5 / 1; juego 5 / 2; elige siempre f3 y c3, asi a mi y a F nos tocara siempre 40 / 2; ay perdon / 2; si, f3 y c3 / 0; f5 c5 es mejor no? / 0; PERFECTO / 0; ESTO ES PRUEBA O YA VALE / 0; DECIRME Q JUEGO ES / 2; f2 c2 / 2; vale todo / 0; 42402 / 0; EE / 1; f3c3 / 0; 3-3 O 2-2 / 2; 42402 / 1; 42432 / 1; si no siempre pierdo dinero yo / 1; tu ganas igual / 0; TIO Q JUEGO ES? / 1; lo mismo / 2; la siguiente digo yo / 1; yo lo digo equitativo / 0; SIEMPRE VOY A GANAR YO MAS / 1; por eso / 0; PERO SI GANA UNO MAS GANAN TODOS MAS / 1; no / 0; SI HUBIERA PUESTO 2-2 / 2; vale / 1; vale / 0; y en la siguiente juego 2 - 5 - 5 / 2; vale / 0; en esta que hacemos / 2; es mejor juego 3 f3 c3 / 0; yo pondria 5 - 5 / 0; ya pero date cuenta que el juego es aleatorio / 1; es que / 0; entonces es segun como toque / 1; el juego lo pone arriba / 1; y nos ha tocado el 5 / 0; a mi no / 0; vale / 2; ah si / 0; entonces decirme cual cojo",124
1,1,1,1,0,1,0,0,0,0,0,1,1,0,0,0,"2; 2-2 ganamos mas f y yo / 0; PUES 2-2 / 2; cevezas / 1; 2-2 pierdes tu F / 1; c* / 0; DECIDID RAPIDO / 1; 42370 / 2; es verdad / 0; VALE / 1; quedan 20 seg / 2; mira si soy bueno / 2; o tonto... / 2; 42370 / 1; tonto creo yo / 1; jajajajajajaa / 2; -_- / 0; JUEGO / 2; total son 14 / 2; luego si vemos que vuelve a salir 4 o 5 compensamos / 1; yaa, pues ese mismo / 2; jajajajajaa hombre tu no digas q no / 2; que te beneficia / 1; jajajajajajajja ya... / 0; jajajajajajaja / 0; vale entonces 4 4 / 2; bien / 2; luegomiramos a ver / 1; sii / 2; 3 / 1; 3 / 2; ponemos el mismo q antes pero en este? / 2; 2 2? / 1; valee / 2; y asi F y yo tendriamos lo mismo / 1; asi lo igualamos seguro / 0; no se iguala / 2; hay que intentar elegir las columnas cin mayor resultado y siempre en positivo / 2; elige el juego 4 columna 4 / 1; Voya ver / 2; es la que mayores resultados da a todos",118
1,1,1,1,1,1,0,0,0,0,1,1,1,0,0,0,"1; 1 / 2; ahora ya estamos igual / 2; f3 c3? / 1; si / 2; sea quien sea el que mas gane? / 1; el de mas ganacia tienee es el c5 f5 no? / 2; eso digo / 2; pero en todas las rondas / 2; c4 f4? / 1; vale / 1; como quieras / 2; f3 c3? / 1; f3 c3? / 2; jaja vale / 1; jajaja / 1; ya nos leemos la mente / 2; si jaja / 1; cual elegimos ? / 2; f2 c2? / 1; vale / 1; f3 c3? / 2; vale / 2; f1 c1? / 1; quedan cuatro rondas rotamos ? / 1; a quien tenga mayor beneficio? / 1; en este c3 f3 / 0; c3 f3? / 2; f4 y c4? / 1; es lo mejor / 2; vale / 2; y despues todas por igual / 2; xq ya estamos igualados en puntuacion / 2; que lo he calculado / 0; 4 o 3? / 1; en otro en el que se gane mas y perdais menos ya lo hacemos / 1; siii luego por igual / 2; ahora 4 / 2; y luego todas las veces 3 / 0; perfecto / 1; en esta c3 f3 / 0; aclaraos jajaja / 2; 3 / 2; y ya hacemos 3 / 2; porque ya estamos igualados nosotros dos / 1; esque hay en otros juegos que c pierde menos y nosotros ganamos mas / 2; juego 3 / 2; c3 y f3 ? / 0; f3c3 / 1; si / 0; AHORA HEMOS GANADO EL C Y YO / 2; 42402 / 2; es el mas equitativo / 1; uy si / 1; super / 1; jajajaja / 0; VA Q JUEGO ES / 2; el suigiente ya para ti / 1; ;) / 2; 2 / 1; 2 / 0; 42402 / 2; ok / 0; VA DECIDME / 2; 42432 / 0; ES JUEGO 3 / 2; si / 0; VALE / 2; 3-3? / 0; SI / 0; vale / 0; o podemos hacer lo mismo que antes / 0; en esta una que tenga mas C y en la siguiente mas F / 2; no, porque ahora yo creo que estamos igual",127
1,1,1,1,0,1,1,1,1,1,1,1,0,0,1,0,"2; no te apresures / 2; vamos por esta / 2; y luego vemos / 1; tienes razon / 2; no funcionó tu plan / 1; creo que nos estamos equivocando / 1; porque el juego no lo decidimos nosotros / 1; como lo hacemos entonces? / 2; escojamos las columnas y filas donde menos se pierda / 2; en todos los juegos / 2; siempre c1 / 1; o donde ganemos lo mismo / 2; o c3 / 2; si ellos escojen el juego lo mejor es asegurar no perder / 1; en todos los juegos hay una casilla que ganamos lo mismo / 2; probemos / 1; y siempre es 30 o 40 / 1; fijate / 2; escoje f2 / 1; no lo estamos haciendo bien / 1; escucha / 1; vamos a probarlo asi / 2; dime / 1; si sale juego 3 / 1; cogemos f3 y c3 / 1; y nos llevamos los dos 40 / 1; si sale juego 1 / 2; saldrá en negativo / 1; f3 c3 / 2; pero probemos / 1; ya ya / 1; pero hay que mirar / 1; q nois llevemos lo mismo / 1; sabes? / 1; segun el juego q salga miramos la tabla / 2; antes no me hiciste caso / 2; pero yo si te hare / 2; si / 1; ahora no? / 2; he comprobado que si perseguimos los 80 siempre coincide con el numero de juego / 1; si que es cierto / 2; juego 1- c1f1 / 2; juego 2- c2f2 / 1; juego dos csf2 / 1; sii / 2; es mas sencillo de lo que parece / 2; dos / 1; c2 f2 entonces? / 2; tambien he comprobado que en el juego 1-2 gano yo. y en el 4-5 tu / 2; y en el juego 3 empatamos en ganancia / 1; tu has ganado en tres / 1; en el 2, en el 4 y en el ultimo / 1; 1 / 0; 1 y 1 / 0; maxima de c y mia / 2; bien / 1; si / 1; bien / 0; siempre voy a ir las dos del que es el juego / 0; es decir si el juego es el 2 / 0; voy 2 y 2 / 0; si el juego es el 3 / 2; es cuando mas ingresos salen no? / 0; voy 3 y 3 / 0; si / 2; los ingresos son los puntos? / 0; la diagonal principal es la máxima / 2; 2 / 1; 2 / 0; vale / 0; a vosotros os salen los ingresos? / 1; lo dicho no? / 2; si / 1; ultima / 2; juego 2 / 1; jaja que cabron / 2; A  es de verdad / 1; A es el 5 / 2; Tío es que nos puede quitar / 2; jajaja / 1; C si para 2 que quedan jaja / 1; no le vamos a engañar / 2; juego 2 / 2; es que es capaz de quitarnos asi que... / 2; jajaja / 1; pierde el jaja / 2; ya / 1; juego 9 / 2; jajajajajaa / 2; es el juego 3 / 1; jajajaja / 1; 3 / 2; Nosotros empatamos / 2; Menuda suerte has tenido A / 2; te vas a forrar / 1; A hazme caso es el 9 / 1; te la está colando jajajaja / 2; Ya nos podría haber tocado a nosotros xd / 0; a veces se gana otras se pierde amigo ajajaj / 1; ya ves / 1; asi es / 2; lA MEJOR ESTRATEGIA ES QUE TODOS GANEMOS CUANTO PODAMOS / 1; metele lo que ganes a la victoria del madrid por mas de 3 / 2; perdonad las mayusculas / 1; en el mundialito / 1; handicup / 2; jajaja / 1; mas 3 / 1; jajajajaj / 0; ahora en la reta jajaj / 2; A luwgo puedes repartirlo / 2; si quieres / 2; :) / 0; cual / 2; juego3 / 0; 3.3 / 1; 3,3 / 2; si / 0; perfect",132
1,1,1,1,1,1,1,0,1,1,0,1,1,0,0,0,"1; Columna 4 fila 4 / 2; juego dos fila 2 / 2; asi compensamos para qye los resultados se asemejn / 2; por favor / 2; columna 4 y juego 5 / 1; Hay que elegir siempre la misma opción para tener el máximo beneficio / 1; En el 3 esta claro / 1; c3 f3 / 2; Sí / 1; Pero a partir de esta creo q tenemos q centrarnos / 1; en nosotros y no en el A / 1; igualmente! / 0; lo mismo digo jajaja / 0; hola / 2; hola / 0; QUE HAY QUE HACER? / 1; no cojas fila 1 / 1; jugador a / 2; 42495 / 2; 5 / 0; (LA CERVEZA MEJOR VOSOTROS DOS SOLOS) / 1; c que pretendeS? / 0; VEO MAS COMPLICIDAD... / 1; jajajaja / 2; x 8 me da igual / 2; no que me dice tonto / 1; 42495 / 0; 42495 / 1; gracias c / 2; de nada / 2; claro, porque en el otro yo ganaba 29 y ahora lo ganas tu / 0; a si / 0; jajajaja / 0; si sii / 2; si / 0; que estaba mirando otro / 1; jajajajja / 2; 2 2 entonces / 0; entonces 2 2 / 0; vale / 1; sii / 0; perfecto / 2; y ahora que es la ultima pues ya uno que este igual np? / 2; en la siguiente digo / 0; siiii / 2; perfct / 1; perfecto / 0; asi se iguala por completo / 0; las gente se esta conociendo por el chat / 2; 3 / 2; columna 2 y fila 2 / 2; he elegido la 2 / 1; Yo también / 2; perfectoo / 1; Fila 4 columna 4 / 2; la 3 / 1; Es la que mas puntos nos da a los dos / 2; que tenemos lo mismo / 1; A ti te da los puntos del c, a mi me da los puntos del f / 2; la fila 3 columna 3 he puesto / 2; claro es el mismo resultado / 2; columna 3 fila 3 hazme caso / 2; fila 1 columna 1 / 1; Esta vez elijo la 4 / 2; voy a vcer / 2; la 3 es la que nos da loo mism / 2; Habrá que buscar entonces la f y la c que más nos beneficie a los dos / 1; C siempre es mas baja / 1; F es mas alta / 1; y la A es la mejor / 1; Luego tu juegas con F / 1; c5 f5",119
1,1,1,1,1,1,1,0,1,0,0,1,1,0,0,0,"1; c3 f3? que es igual para los dos o vamos rotando cada uno elige una vez? / 2; rotamos / 1; vale / 1; c5 f5? / 2; vale / 2; elegimos el que mas ganacias tenga? / 1; f4 / 2; f3 y c3 igual para mi y para F / 1; c4? / 0; siempre o se perjudica f o c... vamos a hacerlo de forma equitativa / 0; asi es lo mas junto no? / 2; en todos los juegos para C y F, hay que poner c3 y f3 / 2; asi por igual siempre y A se lleva super buena puntuacion / 0; genial / 0; c3 y f3 / 1; lo digo porque en esta a y c ganas bastante más y en otras que sea más igualado hacerlo c3 f3 / 0; perfecto / 0; si, si me parece bien / 2; a mi tambien / 2; lo vamos a petar :P / 0; jajaja obvio / 2; juego 1 / 2; lo mismo, c3 y f3 / 0; si f en esta pierde 5 puntos (f1 c1) c y a aumentamos bastante / 0; pero si quereis el 3 pongo esa / 2; por mi lo que dice A / 1; a mi me da igual pero en otra al reves / 1; que y he perdido en dos :) / 0; en la proxima podemos beneficiar a f / 2; vale / 2; juego 2 / 0; hay que beneficiar a f / 0; PUES AHORA LO MEJOR ES 4-4 / 1; tu ganas mas en el 5-5 / 2; no / 1; es lo mas equitativo / 1; por mi 4-4 / 0; VALE AHORA Q? / 2; 42402 / 1; 42464 / 2; 4-4 no / 2; el f lleva dos rondas ganando mas que yo / 0; PUES ELIGE C / 2; A es juego 1 / 1; y aun asi gano menos dinero de momento / 2; mira lo mas equitativo y veras como es el 2-2 / 0; PUES 1-1 / 0; SI ES JUEGO 1 / 0; 42370 / 2; ok / 1; ... / 0; QUE QUEREIS QUE HAGA / 2; 42370 / 1; 42402 / 0; C EN EL JUEGO 1 / 0; tenga mas ganancias / 1; si / 0; porque es el que menos puntos tiene / 2; pues  f4c4 / 1; bien / 0; vale / 0; porque 5 - 5 baja mucho C / 2; por eso lo digo / 0; vale / 0; pues cojo ese / 1; ya / 1; vale",126
1,1,1,1,1,1,1,1,1,1,1,1,1,0,0,0,"2; fila 3 columna 3 / 2; hay que intentar elegir de tal maner que obtengamos lo mismo / 2; porque como habras co probado el jugador A  se lleva la suma de lo nuestro / 2; le voy a dar al 3 / 1; 42432 / 2; fila 3 columna 3 / 2; coodinacion jajaja / 2; nos esta saliendo bien la jugada / 2; Sí / 1; pero en esta / 1; a partir del juego 3 no / 2; solo son 18 rondas, no hay más / 1; Ya lo sé / 2; Ya he jugado 9, estas son las otras 9 / 1; en la que queda tu seras f / 1; vale aqui es el mejor c5 f5 / 1; es el q más dinero hay / 2; Pero vamos a ver, yo no voy a dejar de ganar puntos, tendremos que buscar una que nos beneficie a los dos / 2; La mejor en esta es f3 c3 / 1; Esa en el 1 / 1; ahora en el 5 no / 2; estás en el juego 5 / 1; por eso / 1; la mejor aqui / 0; GANAMOS MAS EN JUEGO 1 / 1; pero no lo elegimos nosotros / 1; lo elige el programa / 0; EL F ES EL Q MENOS SE LLEVA / 2; haz c2 f2 / 1; yo / 0; EL JUEGO LO ELIJE EL PROGRAMA? / 1; si / 0; C2 F2 PA Q? / 2; ganamos mas todos en c2 f2 / 1; c2 f2 / 0; SEGUN Q JUEGO / 2; el 3 / 0; Y VOSOTROS QUE HACEIS? / 1; pero si no nos conocemos / 0; YA / 1; es que eres el que tiene el poder / 2; estas segura? / 1; te tenemos respeto / 2; jajajajjajç / 0; Q TENIA Q PONER / 1; y omuy seguro / 0; 42432 / 1; 42432 / 2; si / 0; VALE VALE / 1; jajajaja es q nosotros somos demasiado listos / 0; jajajajajajajaj / 0; eso es otra opcion / 2; nos ha salido bien / 2; menos mal / 1; ya ves / 0; si la verdad es que si / 1; bueno A sale ganando / 1; ajjajaja / 1; q suerte / 0; a ver como sale la cosa al final / 0; no se yo / 2; bueno no pasa nada / 0; sigo pensando que hay truco por aqui escondido / 2; hemos venido sin nada osea que / 1; jajajaja no creo / 0; jajajajajaja / 0; xaoo! / 1; Sii jajaj / 2; :) / 2; 42432",120
1,1,1,1,0,1,0,0,0,0,1,1,1,0,0,0,"1; o vino / 1; jajajaja / 2; CERVZA BN / 1; juego 3 / 0; Q JUEGO ES / 2; 42432 / 0; PUES FACIL 3-3 / 1; si / 2; ENTONCES CERVEZA NO / 0; y C en 1 y 2 / 2; ah si / 0; el 3 es como mas compensativo / 1; 4 / 2; si quereis 4 4 / 0; si / 1; vale bien / 1; y en el proximo que salga el 1 y 2 pues más para C / 0; exacto / 2; 3 / 0; 3 3 / 0; ? / 2; vale / 1; bien / 2; escriben mucho... / 0; ya / 1; jjajajaja ya ves / 0; es que es muy raro / 0; porque si os dais cuenta / 2; 2 / 1; 2 / 0; 2 2 / 2; vale / 1; bien / 1; que estabas diciendo que te han cortado? / 1; y donde salga la misma cantidad / 1; para lkos dos / 1; si si / 1; te hice caso / 2; pusiste 3 / 2; y dije 2 / 1; y no gane nada / 2; ganaste 8 / 1; y yo en dos creo / 1; pero claro, ha vuelto a salir el juego dos / 1; que hacemos? / 2; pon c5f5 / 2; y gana 42 / 2; y quedamos saldados por completo / 1; no no / 1; 42402 / 2; f 33 c 47 a 80 / 1; si / 1; 3 / 2; 3 / 0; f40 c40 a80 / 1; si / 1; hola / 0; hola / 1; que fila ? / 1; y que columna / 0; juego 5 fila 5 columna 5 / 1; ok / 2; pondre / 1; ya / 2; 3 / 2; bien / 1; creo que en todos los juegos / 2; lo has hecho genial / 1; es f3 y c3 / 1; con lo que mas ganamos / 1; no crees? / 2; si / 1; perfecto / 1; f3 c3 / 2; te parece? / 1; y asi ganas / 1; tu tambien / 2; vale / 2; perfecto / 1; perfecto / 2; en este no hay duda / 1; c3 f3 / 2; jaja",128
1,1,1,1,0,1,0,1,1,0,1,1,1,0,0,0,"1; Por fin lo ha pillado / 1; jajaja / 1; Al final, pero lo ha pillado / 2; se ha dado cuenta tardeejaja / 2; porque esta es la ultima ronda ya / 1; Si / 2; con lo diver que estaba el juegoo jaja / 1; Si, mucho / 1; jajaja / 1; Sobre todo la espera / 2; jaajaj / 1; Pero ganamos menos / 1; si tu en una ganas 54 y en otra 26 / 2; Pero no perdemos más / 1; ganas mas q 32 y 32 / 2; c3 f3 / 1; si / 1; Pero no lo has entendido / 1; hubieramos ganado más si me hubieras hecho caso / 2; Claro que lo he entendido / 2; Porque tu hayas sido C antes y ahora F no significa que yo haya sido igual / 2; He sido antes C,y vuelvo a serlo / 1; eso yo no lo sé / 2; Ya te lo he dicho al principio, y me decías que luego sería F / 2; Como voy a ser luego F si ya se acaba / 1; Pero porqe queda otra ronda / 1; alomejor antes has sido F y ahora C / 2; f3 c3 / 0; SI ES EL JUEGO 4 LO MEJOR ES 4-4 / 1; vale / 1; esa es la mejor / 0; EN Q JUEGO ESTAMOS / 1; f5 c5 / 0; ¿ / 1; 5 / 2; si te lo decimos tiraras a ti / 0; VALE PUES 5-5 / 1; siempre que el gana mas yo tambien / 2; siempre gana mas el a / 0; ME DECIS EL JUEGO Y YO LO PONGO / 1; 42495 / 0; VALE PUES 5-5 / 2; ok / 1; :) / 0; ESTAS RONDAS SON DE PRUEBA¿ / 1; creo que no / 2; no / 2; f que picara / 2; jajajaja / 1; jajajajajajaaja / 2; bueno un placer / 0; 3-3? / 2; y f me debes una birra / 2; si / 1; igualmente / 0; TIO AHORA CERVEZA / 1; si no sabes quien soy / 2; me da igual",121
1,1,1,1,1,1,1,1,1,1,1,1,0,0,1,0,"2; ... / 2; luego elegire yo / 2; te parece?? / 1; siii / 1; eso estamos haciuendo no? / 2; eres el mismo?? / 1; mas o menos / 2; pensaba q cambiaba / 2; vale okay / 1; soy yo soy yo tranqui jaja / 1; entonces / 2; 4c  4f entnces? / 2; c5f5 / 2; perfecto jaja / 1; jajaja vale! / 2; todo saldado / 2; me lamento no haber entendido el juego desde un principio / 2; no habriamos perdido / 1; y yo / 1; nan / 2; nan / 2; nan / 2; nan / 2; nan / 2; nan / 2; nan / 2; nan / 1; jola y adiooos / 2; JAJAAJA / 1; jola JAJAJJAJAJAJAJAJAJAJAJAJAJA / 2; MOVIMIENTO DE PUÑO / 2; EL BIVHO / 2; 4 / 2; ES LO JUSTO / 1; PERFEEEE / 2; OLE OLE / 2; INVITA LINEEX / 2; SOON / 1; alguna pregunteta? / 2; JAJAJAJJAAJAJA / 1; dget ssooooonnnn / 2; drget / 2; que hambre / 1; da calambre y todo / 2; me cruje la barriga a saco paco / 0; juego? / 1; 4 / 2; no / 2; es el 3 / 1; 3 / 0; no se puede repetir? / 1; si se puede  no? / 1; nan / 0; ponemos f3c3 otra vez / 1; si / 2; pero seguro que se puede? / 1; si / 1; 4 / 2; Sí / 0; f4c4 / 2; Por qué esa? / 0; f y a muy benefeciados / 0; c poco perjudicado / 2; juego 5 / 0; yo no se que juego sale / 0; vale / 1; c3,f3 / 0; pues 5.5 / 1; ok / 0; juego 5 o ronda 5? / 1; ronda5 y juego 5 / 0; valeee / 0; eso se dice antes joder / 0; jajaja / 1; ajajaja / 2; si ponenmos el mismo juego entonces ganamos mas? / 1; haber preguntado / 0; no si me decis el juego pongo la ffila q mas convenga / 2; que lentos hemos estado che / 1; 3,3 / 0; yo q sabia / 0; penssaba q era aleatorio / 0; lo he dichi / 1; siii / 2; f1 c1?? / 1; fila 2 c 2? / 1; vale / 1; ganas muchiiiisisisisisisiisimo mas jajaja / 2; y tu antes ¬¬ / 1; vale... / 2; jajajjaa / 1; f1 c1 / 1; confirmo / 2; bien!! / 2; fijate en el a / 2; se va a llevar un monton d puntos / 1; ese gana por todos los lados / 2; f4 querras no? / 1; vale / 1; f4 c4 / 2; perfect / 1; fila 1 ? o 2? ¬¬ / 2; venga f2 c2",131
1,1,1,1,1,1,1,1,1,1,0,1,1,0,0,0,"1; antes / 2; pues ahora / 2; leemos que juego / 1; c3 f3 / 1; creo que sigue siendo la mejor opcion / 2; y pones tu la fila mas grande en ingreso / 1; pero miremos bien / 2; y yo la columna / 2; probemos y arriesguemos / 2; mira el juego y busca el mayor ingreso para todos / 1; pero c3 y f3 sigue suendo la mejor / 2; jajajajaa / 2; en otra ronda / 1; vale / 2; ahora la 3 / 1; vale / 1; ####### / 2; viva el vino / 1; hola buenas tardes / 1; me la has tramadooo / 2; se me ha ido el dedo / 2; jurao / 1; sese / 2; ahora cual pillamos / 1; ##### / 2; va / 2; nan / 2; no marees / 1; el tres / 2; nan / 2; nan / 2; nan / 2; nan / 1; o puteamos al a? / 2; si le puteamos tambien perdemos njostras+ / 2; va, pillamos la 3 / 1; valee / 2; si o no / 2; valee / 1; si / 1; yo 26 / 0; cierto, en eso he tenido mucha suerte / 1; y para nosotros es lo mas rentable / 2; siii / 1; a mi me benefician mas 4 y 5 / 1; a C 1 y 2 / 1; y 3 por igual / 1; se suman y restan 7 cada vez / 1; 5 / 1; gozo / 0; 54    26     80 / 1; si / 2; si / 0; no está mal / 1; te sacas 720 en esta A / 0; sisi / 2; entonces a ver / 2; si coincidimos nos dan mas? / 2; o no tiene nada que ver / 0; tu no elijes nada / 1; creo que si / 0; no tiene nada q ver / 0; lo elijes pero no decides / 1; lo elige A / 2; ahora que hacemos / 1; C4 ,F4? / 2; el juego hay q poner el q pone arriba / 2; o no? / 0; 2, 2 / 0; no / 1; nos llevamos 40 / 1; perfecto! / 2; tienes razon / 1; otra vez el juego 3 / 2; era la mejor opcion / 1; lo mismo no? / 2; A se esta forrando / 1; te lo iba a decir / 1; al salir le atracamos / 2; vale super / 1; risaa / 2; frikik",129
