C:\Users\danie\Dropbox\Javeriana\Proyecto LLMS text\LLMS_Project\LLMS_analysis\.venv\Lib\site-packages\sklearn\metrics\_classification.py:1833: UndefinedMetricWarning: Recall is ill-defined and being set to 0.0 in labels with no true samples. Use `zero_division` parameter to control this behavior.
  _warn_prf(average, modifier, f"{metric.capitalize()} is", result.shape[0])
C:\Users\danie\Dropbox\Javeriana\Proyecto LLMS text\LLMS_Project\LLMS_analysis\.venv\Lib\site-packages\sklearn\metrics\_classification.py:1833: UndefinedMetricWarning: Recall is ill-defined and being set to 0.0 in labels with no true samples. Use `zero_division` parameter to control this behavior.
  _warn_prf(average, modifier, f"{metric.capitalize()} is", result.shape[0])
C:\Users\danie\Dropbox\Javeriana\Proyecto LLMS text\LLMS_Project\LLMS_analysis\.venv\Lib\site-packages\sklearn\metrics\_classification.py:1833: UndefinedMetricWarning: Recall is ill-defined and being set to 0.0 in labels with no true samples. Use `zero_division` parameter to control this behavior.
  _warn_prf(average, modifier, f"{metric.capitalize()} is", result.shape[0])
C:\Users\danie\Dropbox\Javeriana\Proyecto LLMS text\LLMS_Project\LLMS_analysis\.venv\Lib\site-packages\sklearn\metrics\_classification.py:1833: UndefinedMetricWarning: Recall is ill-defined and being set to 0.0 in labels with no true samples. Use `zero_division` parameter to control this behavior.
  _warn_prf(average, modifier, f"{metric.capitalize()} is", result.shape[0])
C:\Users\danie\Dropbox\Javeriana\Proyecto LLMS text\LLMS_Project\LLMS_analysis\.venv\Lib\site-packages\sklearn\metrics\_classification.py:1833: UndefinedMetricWarning: Recall is ill-defined and being set to 0.0 in labels with no true samples. Use `zero_division` parameter to control this behavior.
  _warn_prf(average, modifier, f"{metric.capitalize()} is", result.shape[0])
C:\Users\danie\Dropbox\Javeriana\Proyecto LLMS text\LLMS_Project\LLMS_analysis\.venv\Lib\site-packages\sklearn\metrics\_classification.py:1833: UndefinedMetricWarning: Recall is ill-defined and being set to 0.0 in labels with no true samples. Use `zero_division` parameter to control this behavior.
  _warn_prf(average, modifier, f"{metric.capitalize()} is", result.shape[0])
C:\Users\danie\Dropbox\Javeriana\Proyecto LLMS text\LLMS_Project\LLMS_analysis\.venv\Lib\site-packages\sklearn\metrics\_classification.py:1833: UndefinedMetricWarning: Recall is ill-defined and being set to 0.0 in labels with no true samples. Use `zero_division` parameter to control this behavior.
  _warn_prf(average, modifier, f"{metric.capitalize()} is", result.shape[0])
C:\Users\danie\Dropbox\Javeriana\Proyecto LLMS text\LLMS_Project\LLMS_analysis\.venv\Lib\site-packages\sklearn\metrics\_classification.py:1833: UndefinedMetricWarning: Recall is ill-defined and being set to 0.0 in labels with no true samples. Use `zero_division` parameter to control this behavior.
  _warn_prf(average, modifier, f"{metric.capitalize()} is", result.shape[0])
C:\Users\danie\Dropbox\Javeriana\Proyecto LLMS text\LLMS_Project\LLMS_analysis\.venv\Lib\site-packages\sklearn\metrics\_classification.py:1833: UndefinedMetricWarning: Recall is ill-defined and being set to 0.0 in labels with no true samples. Use `zero_division` parameter to control this behavior.
  _warn_prf(average, modifier, f"{metric.capitalize()} is", result.shape[0])
C:\Users\danie\Dropbox\Javeriana\Proyecto LLMS text\LLMS_Project\LLMS_analysis\.venv\Lib\site-packages\sklearn\metrics\_classification.py:620: UserWarning: A single label was found in 'y_true' and 'y_pred'. For the confusion matrix to have the correct shape, use the 'labels' parameter to pass all known labels.
  warnings.warn(
C:\Users\danie\Dropbox\Javeriana\Proyecto LLMS text\LLMS_Project\LLMS_analysis\.venv\Lib\site-packages\sklearn\metrics\_classification.py:991: RuntimeWarning: invalid value encountered in scalar divide
  k = xp.sum(w_mat * confusion) / xp.sum(w_mat * expected)
C:\Users\danie\Dropbox\Javeriana\Proyecto LLMS text\LLMS_Project\LLMS_analysis\.venv\Lib\site-packages\sklearn\metrics\_classification.py:1833: UndefinedMetricWarning: Recall is ill-defined and being set to 0.0 in labels with no true samples. Use `zero_division` parameter to control this behavior.
  _warn_prf(average, modifier, f"{metric.capitalize()} is", result.shape[0])
C:\Users\danie\Dropbox\Javeriana\Proyecto LLMS text\LLMS_Project\LLMS_analysis\.venv\Lib\site-packages\sklearn\metrics\_classification.py:1833: UndefinedMetricWarning: Recall is ill-defined and being set to 0.0 in labels with no true samples. Use `zero_division` parameter to control this behavior.
  _warn_prf(average, modifier, f"{metric.capitalize()} is", result.shape[0])
C:\Users\danie\Dropbox\Javeriana\Proyecto LLMS text\LLMS_Project\LLMS_analysis\.venv\Lib\site-packages\sklearn\metrics\_classification.py:1833: UndefinedMetricWarning: Recall is ill-defined and being set to 0.0 in labels with no true samples. Use `zero_division` parameter to control this behavior.
  _warn_prf(average, modifier, f"{metric.capitalize()} is", result.shape[0])
C:\Users\danie\Dropbox\Javeriana\Proyecto LLMS text\LLMS_Project\LLMS_analysis\.venv\Lib\site-packages\sklearn\metrics\_classification.py:1833: UndefinedMetricWarning: Recall is ill-defined and being set to 0.0 in labels with no true samples. Use `zero_division` parameter to control this behavior.
  _warn_prf(average, modifier, f"{metric.capitalize()} is", result.shape[0])
C:\Users\danie\Dropbox\Javeriana\Proyecto LLMS text\LLMS_Project\LLMS_analysis\.venv\Lib\site-packages\sklearn\metrics\_classification.py:1833: UndefinedMetricWarning: Recall is ill-defined and being set to 0.0 in labels with no true samples. Use `zero_division` parameter to control this behavior.
  _warn_prf(average, modifier, f"{metric.capitalize()} is", result.shape[0])
C:\Users\danie\Dropbox\Javeriana\Proyecto LLMS text\LLMS_Project\LLMS_analysis\.venv\Lib\site-packages\sklearn\metrics\_classification.py:1833: UndefinedMetricWarning: Recall is ill-defined and being set to 0.0 in labels with no true samples. Use `zero_division` parameter to control this behavior.
  _warn_prf(average, modifier, f"{metric.capitalize()} is", result.shape[0])
C:\Users\danie\Dropbox\Javeriana\Proyecto LLMS text\LLMS_Project\LLMS_analysis\.venv\Lib\site-packages\sklearn\metrics\_classification.py:1833: UndefinedMetricWarning: Recall is ill-defined and being set to 0.0 in labels with no true samples. Use `zero_division` parameter to control this behavior.
  _warn_prf(average, modifier, f"{metric.capitalize()} is", result.shape[0])
C:\Users\danie\Dropbox\Javeriana\Proyecto LLMS text\LLMS_Project\LLMS_analysis\.venv\Lib\site-packages\sklearn\metrics\_classification.py:1833: UndefinedMetricWarning: Recall is ill-defined and being set to 0.0 in labels with no true samples. Use `zero_division` parameter to control this behavior.
  _warn_prf(average, modifier, f"{metric.capitalize()} is", result.shape[0])
C:\Users\danie\Dropbox\Javeriana\Proyecto LLMS text\LLMS_Project\LLMS_analysis\.venv\Lib\site-packages\sklearn\metrics\_classification.py:1833: UndefinedMetricWarning: Recall is ill-defined and being set to 0.0 in labels with no true samples. Use `zero_division` parameter to control this behavior.
  _warn_prf(average, modifier, f"{metric.capitalize()} is", result.shape[0])
C:\Users\danie\Dropbox\Javeriana\Proyecto LLMS text\LLMS_Project\LLMS_analysis\.venv\Lib\site-packages\sklearn\metrics\_classification.py:1833: UndefinedMetricWarning: Recall is ill-defined and being set to 0.0 in labels with no true samples. Use `zero_division` parameter to control this behavior.
  _warn_prf(average, modifier, f"{metric.capitalize()} is", result.shape[0])
C:\Users\danie\Dropbox\Javeriana\Proyecto LLMS text\LLMS_Project\LLMS_analysis\.venv\Lib\site-packages\sklearn\metrics\_classification.py:1833: UndefinedMetricWarning: Recall is ill-defined and being set to 0.0 in labels with no true samples. Use `zero_division` parameter to control this behavior.
  _warn_prf(average, modifier, f"{metric.capitalize()} is", result.shape[0])
C:\Users\danie\Dropbox\Javeriana\Proyecto LLMS text\LLMS_Project\LLMS_analysis\.venv\Lib\site-packages\sklearn\metrics\_classification.py:1833: UndefinedMetricWarning: Recall is ill-defined and being set to 0.0 in labels with no true samples. Use `zero_division` parameter to control this behavior.
  _warn_prf(average, modifier, f"{metric.capitalize()} is", result.shape[0])
C:\Users\danie\Dropbox\Javeriana\Proyecto LLMS text\LLMS_Project\LLMS_analysis\.venv\Lib\site-packages\sklearn\metrics\_classification.py:1833: UndefinedMetricWarning: Recall is ill-defined and being set to 0.0 in labels with no true samples. Use `zero_division` parameter to control this behavior.
  _warn_prf(average, modifier, f"{metric.capitalize()} is", result.shape[0])
C:\Users\danie\Dropbox\Javeriana\Proyecto LLMS text\LLMS_Project\LLMS_analysis\.venv\Lib\site-packages\sklearn\metrics\_classification.py:1833: UndefinedMetricWarning: Recall is ill-defined and being set to 0.0 in labels with no true samples. Use `zero_division` parameter to control this behavior.
  _warn_prf(average, modifier, f"{metric.capitalize()} is", result.shape[0])
C:\Users\danie\Dropbox\Javeriana\Proyecto LLMS text\LLMS_Project\LLMS_analysis\.venv\Lib\site-packages\sklearn\metrics\_classification.py:1833: UndefinedMetricWarning: Recall is ill-defined and being set to 0.0 in labels with no true samples. Use `zero_division` parameter to control this behavior.
  _warn_prf(average, modifier, f"{metric.capitalize()} is", result.shape[0])
C:\Users\danie\Dropbox\Javeriana\Proyecto LLMS text\LLMS_Project\LLMS_analysis\.venv\Lib\site-packages\sklearn\metrics\_classification.py:1833: UndefinedMetricWarning: Recall is ill-defined and being set to 0.0 in labels with no true samples. Use `zero_division` parameter to control this behavior.
  _warn_prf(average, modifier, f"{metric.capitalize()} is", result.shape[0])
C:\Users\danie\Dropbox\Javeriana\Proyecto LLMS text\LLMS_Project\LLMS_analysis\.venv\Lib\site-packages\sklearn\metrics\_classification.py:1833: UndefinedMetricWarning: Recall is ill-defined and being set to 0.0 in labels with no true samples. Use `zero_division` parameter to control this behavior.
  _warn_prf(average, modifier, f"{metric.capitalize()} is", result.shape[0])
C:\Users\danie\Dropbox\Javeriana\Proyecto LLMS text\LLMS_Project\LLMS_analysis\.venv\Lib\site-packages\sklearn\metrics\_classification.py:1833: UndefinedMetricWarning: Recall is ill-defined and being set to 0.0 in labels with no true samples. Use `zero_division` parameter to control this behavior.
  _warn_prf(average, modifier, f"{metric.capitalize()} is", result.shape[0])
C:\Users\danie\Dropbox\Javeriana\Proyecto LLMS text\LLMS_Project\LLMS_analysis\.venv\Lib\site-packages\sklearn\metrics\_classification.py:620: UserWarning: A single label was found in 'y_true' and 'y_pred'. For the confusion matrix to have the correct shape, use the 'labels' parameter to pass all known labels.
  warnings.warn(
C:\Users\danie\Dropbox\Javeriana\Proyecto LLMS text\LLMS_Project\LLMS_analysis\.venv\Lib\site-packages\sklearn\metrics\_classification.py:991: RuntimeWarning: invalid value encountered in scalar divide
  k = xp.sum(w_mat * confusion) / xp.sum(w_mat * expected)
C:\Users\danie\Dropbox\Javeriana\Proyecto LLMS text\LLMS_Project\LLMS_analysis\.venv\Lib\site-packages\sklearn\metrics\_classification.py:1833: UndefinedMetricWarning: Recall is ill-defined and being set to 0.0 in labels with no true samples. Use `zero_division` parameter to control this behavior.
  _warn_prf(average, modifier, f"{metric.capitalize()} is", result.shape[0])
C:\Users\danie\Dropbox\Javeriana\Proyecto LLMS text\LLMS_Project\LLMS_analysis\.venv\Lib\site-packages\sklearn\metrics\_classification.py:1833: UndefinedMetricWarning: Recall is ill-defined and being set to 0.0 in labels with no true samples. Use `zero_division` parameter to control this behavior.
  _warn_prf(average, modifier, f"{metric.capitalize()} is", result.shape[0])
C:\Users\danie\Dropbox\Javeriana\Proyecto LLMS text\LLMS_Project\LLMS_analysis\.venv\Lib\site-packages\sklearn\metrics\_classification.py:1833: UndefinedMetricWarning: Recall is ill-defined and being set to 0.0 in labels with no true samples. Use `zero_division` parameter to control this behavior.
  _warn_prf(average, modifier, f"{metric.capitalize()} is", result.shape[0])
C:\Users\danie\Dropbox\Javeriana\Proyecto LLMS text\LLMS_Project\LLMS_analysis\.venv\Lib\site-packages\sklearn\metrics\_classification.py:1833: UndefinedMetricWarning: Recall is ill-defined and being set to 0.0 in labels with no true samples. Use `zero_division` parameter to control this behavior.
  _warn_prf(average, modifier, f"{metric.capitalize()} is", result.shape[0])
C:\Users\danie\Dropbox\Javeriana\Proyecto LLMS text\LLMS_Project\LLMS_analysis\.venv\Lib\site-packages\sklearn\metrics\_classification.py:1833: UndefinedMetricWarning: Recall is ill-defined and being set to 0.0 in labels with no true samples. Use `zero_division` parameter to control this behavior.
  _warn_prf(average, modifier, f"{metric.capitalize()} is", result.shape[0])
C:\Users\danie\Dropbox\Javeriana\Proyecto LLMS text\LLMS_Project\LLMS_analysis\.venv\Lib\site-packages\sklearn\metrics\_classification.py:1833: UndefinedMetricWarning: Recall is ill-defined and being set to 0.0 in labels with no true samples. Use `zero_division` parameter to control this behavior.
  _warn_prf(average, modifier, f"{metric.capitalize()} is", result.shape[0])
C:\Users\danie\Dropbox\Javeriana\Proyecto LLMS text\LLMS_Project\LLMS_analysis\.venv\Lib\site-packages\sklearn\metrics\_classification.py:1833: UndefinedMetricWarning: Recall is ill-defined and being set to 0.0 in labels with no true samples. Use `zero_division` parameter to control this behavior.
  _warn_prf(average, modifier, f"{metric.capitalize()} is", result.shape[0])
C:\Users\danie\Dropbox\Javeriana\Proyecto LLMS text\LLMS_Project\LLMS_analysis\.venv\Lib\site-packages\sklearn\metrics\_classification.py:1833: UndefinedMetricWarning: Recall is ill-defined and being set to 0.0 in labels with no true samples. Use `zero_division` parameter to control this behavior.
  _warn_prf(average, modifier, f"{metric.capitalize()} is", result.shape[0])
C:\Users\danie\Dropbox\Javeriana\Proyecto LLMS text\LLMS_Project\LLMS_analysis\.venv\Lib\site-packages\sklearn\metrics\_classification.py:1833: UndefinedMetricWarning: Recall is ill-defined and being set to 0.0 in labels with no true samples. Use `zero_division` parameter to control this behavior.
  _warn_prf(average, modifier, f"{metric.capitalize()} is", result.shape[0])
C:\Users\danie\Dropbox\Javeriana\Proyecto LLMS text\LLMS_Project\LLMS_analysis\.venv\Lib\site-packages\sklearn\metrics\_classification.py:1833: UndefinedMetricWarning: Recall is ill-defined and being set to 0.0 in labels with no true samples. Use `zero_division` parameter to control this behavior.
  _warn_prf(average, modifier, f"{metric.capitalize()} is", result.shape[0])
C:\Users\danie\Dropbox\Javeriana\Proyecto LLMS text\LLMS_Project\LLMS_analysis\.venv\Lib\site-packages\sklearn\metrics\_classification.py:1833: UndefinedMetricWarning: Recall is ill-defined and being set to 0.0 in labels with no true samples. Use `zero_division` parameter to control this behavior.
  _warn_prf(average, modifier, f"{metric.capitalize()} is", result.shape[0])
C:\Users\danie\Dropbox\Javeriana\Proyecto LLMS text\LLMS_Project\LLMS_analysis\.venv\Lib\site-packages\sklearn\metrics\_classification.py:1833: UndefinedMetricWarning: Recall is ill-defined and being set to 0.0 in labels with no true samples. Use `zero_division` parameter to control this behavior.
  _warn_prf(average, modifier, f"{metric.capitalize()} is", result.shape[0])
C:\Users\danie\Dropbox\Javeriana\Proyecto LLMS text\LLMS_Project\LLMS_analysis\.venv\Lib\site-packages\sklearn\metrics\_classification.py:1833: UndefinedMetricWarning: Recall is ill-defined and being set to 0.0 in labels with no true samples. Use `zero_division` parameter to control this behavior.
  _warn_prf(average, modifier, f"{metric.capitalize()} is", result.shape[0])
C:\Users\danie\Dropbox\Javeriana\Proyecto LLMS text\LLMS_Project\LLMS_analysis\.venv\Lib\site-packages\sklearn\metrics\_classification.py:1833: UndefinedMetricWarning: Recall is ill-defined and being set to 0.0 in labels with no true samples. Use `zero_division` parameter to control this behavior.
  _warn_prf(average, modifier, f"{metric.capitalize()} is", result.shape[0])
C:\Users\danie\Dropbox\Javeriana\Proyecto LLMS text\LLMS_Project\LLMS_analysis\.venv\Lib\site-packages\sklearn\metrics\_classification.py:1833: UndefinedMetricWarning: Recall is ill-defined and being set to 0.0 in labels with no true samples. Use `zero_division` parameter to control this behavior.
  _warn_prf(average, modifier, f"{metric.capitalize()} is", result.shape[0])
C:\Users\danie\Dropbox\Javeriana\Proyecto LLMS text\LLMS_Project\LLMS_analysis\.venv\Lib\site-packages\sklearn\metrics\_classification.py:1833: UndefinedMetricWarning: Recall is ill-defined and being set to 0.0 in labels with no true samples. Use `zero_division` parameter to control this behavior.
  _warn_prf(average, modifier, f"{metric.capitalize()} is", result.shape[0])
C:\Users\danie\Dropbox\Javeriana\Proyecto LLMS text\LLMS_Project\LLMS_analysis\.venv\Lib\site-packages\sklearn\metrics\_classification.py:1833: UndefinedMetricWarning: Recall is ill-defined and being set to 0.0 in labels with no true samples. Use `zero_division` parameter to control this behavior.
  _warn_prf(average, modifier, f"{metric.capitalize()} is", result.shape[0])
C:\Users\danie\Dropbox\Javeriana\Proyecto LLMS text\LLMS_Project\LLMS_analysis\.venv\Lib\site-packages\sklearn\metrics\_classification.py:1833: UndefinedMetricWarning: Recall is ill-defined and being set to 0.0 in labels with no true samples. Use `zero_division` parameter to control this behavior.
  _warn_prf(average, modifier, f"{metric.capitalize()} is", result.shape[0])
C:\Users\danie\Dropbox\Javeriana\Proyecto LLMS text\LLMS_Project\LLMS_analysis\.venv\Lib\site-packages\sklearn\metrics\_classification.py:1833: UndefinedMetricWarning: Recall is ill-defined and being set to 0.0 in labels with no true samples. Use `zero_division` parameter to control this behavior.
  _warn_prf(average, modifier, f"{metric.capitalize()} is", result.shape[0])
C:\Users\danie\Dropbox\Javeriana\Proyecto LLMS text\LLMS_Project\LLMS_analysis\.venv\Lib\site-packages\sklearn\metrics\_classification.py:1833: UndefinedMetricWarning: Recall is ill-defined and being set to 0.0 in labels with no true samples. Use `zero_division` parameter to control this behavior.
  _warn_prf(average, modifier, f"{metric.capitalize()} is", result.shape[0])
C:\Users\danie\Dropbox\Javeriana\Proyecto LLMS text\LLMS_Project\LLMS_analysis\.venv\Lib\site-packages\sklearn\metrics\_classification.py:1833: UndefinedMetricWarning: Recall is ill-defined and being set to 0.0 in labels with no true samples. Use `zero_division` parameter to control this behavior.
  _warn_prf(average, modifier, f"{metric.capitalize()} is", result.shape[0])
C:\Users\danie\Dropbox\Javeriana\Proyecto LLMS text\LLMS_Project\LLMS_analysis\.venv\Lib\site-packages\sklearn\metrics\_classification.py:1833: UndefinedMetricWarning: Recall is ill-defined and being set to 0.0 in labels with no true samples. Use `zero_division` parameter to control this behavior.
  _warn_prf(average, modifier, f"{metric.capitalize()} is", result.shape[0])
C:\Users\danie\Dropbox\Javeriana\Proyecto LLMS text\LLMS_Project\LLMS_analysis\.venv\Lib\site-packages\sklearn\metrics\_classification.py:1833: UndefinedMetricWarning: Recall is ill-defined and being set to 0.0 in labels with no true samples. Use `zero_division` parameter to control this behavior.
  _warn_prf(average, modifier, f"{metric.capitalize()} is", result.shape[0])
C:\Users\danie\Dropbox\Javeriana\Proyecto LLMS text\LLMS_Project\LLMS_analysis\.venv\Lib\site-packages\sklearn\metrics\_classification.py:1833: UndefinedMetricWarning: Recall is ill-defined and being set to 0.0 in labels with no true samples. Use `zero_division` parameter to control this behavior.
  _warn_prf(average, modifier, f"{metric.capitalize()} is", result.shape[0])
C:\Users\danie\Dropbox\Javeriana\Proyecto LLMS text\LLMS_Project\LLMS_analysis\.venv\Lib\site-packages\sklearn\metrics\_classification.py:1833: UndefinedMetricWarning: Recall is ill-defined and being set to 0.0 in labels with no true samples. Use `zero_division` parameter to control this behavior.
  _warn_prf(average, modifier, f"{metric.capitalize()} is", result.shape[0])
C:\Users\danie\Dropbox\Javeriana\Proyecto LLMS text\LLMS_Project\LLMS_analysis\.venv\Lib\site-packages\sklearn\metrics\_classification.py:1833: UndefinedMetricWarning: Recall is ill-defined and being set to 0.0 in labels with no true samples. Use `zero_division` parameter to control this behavior.
  _warn_prf(average, modifier, f"{metric.capitalize()} is", result.shape[0])
C:\Users\danie\Dropbox\Javeriana\Proyecto LLMS text\LLMS_Project\LLMS_analysis\.venv\Lib\site-packages\sklearn\metrics\_classification.py:1833: UndefinedMetricWarning: Recall is ill-defined and being set to 0.0 in labels with no true samples. Use `zero_division` parameter to control this behavior.
  _warn_prf(average, modifier, f"{metric.capitalize()} is", result.shape[0])
C:\Users\danie\Dropbox\Javeriana\Proyecto LLMS text\LLMS_Project\LLMS_analysis\.venv\Lib\site-packages\sklearn\metrics\_classification.py:1833: UndefinedMetricWarning: Recall is ill-defined and being set to 0.0 in labels with no true samples. Use `zero_division` parameter to control this behavior.
  _warn_prf(average, modifier, f"{metric.capitalize()} is", result.shape[0])
C:\Users\danie\Dropbox\Javeriana\Proyecto LLMS text\LLMS_Project\LLMS_analysis\.venv\Lib\site-packages\sklearn\metrics\_classification.py:1833: UndefinedMetricWarning: Recall is ill-defined and being set to 0.0 in labels with no true samples. Use `zero_division` parameter to control this behavior.
  _warn_prf(average, modifier, f"{metric.capitalize()} is", result.shape[0])
C:\Users\danie\Dropbox\Javeriana\Proyecto LLMS text\LLMS_Project\LLMS_analysis\.venv\Lib\site-packages\sklearn\metrics\_classification.py:1833: UndefinedMetricWarning: Recall is ill-defined and being set to 0.0 in labels with no true samples. Use `zero_division` parameter to control this behavior.
  _warn_prf(average, modifier, f"{metric.capitalize()} is", result.shape[0])
C:\Users\danie\Dropbox\Javeriana\Proyecto LLMS text\LLMS_Project\LLMS_analysis\.venv\Lib\site-packages\sklearn\metrics\_classification.py:1833: UndefinedMetricWarning: Recall is ill-defined and being set to 0.0 in labels with no true samples. Use `zero_division` parameter to control this behavior.
  _warn_prf(average, modifier, f"{metric.capitalize()} is", result.shape[0])
C:\Users\danie\Dropbox\Javeriana\Proyecto LLMS text\LLMS_Project\LLMS_analysis\.venv\Lib\site-packages\sklearn\metrics\_classification.py:1833: UndefinedMetricWarning: Recall is ill-defined and being set to 0.0 in labels with no true samples. Use `zero_division` parameter to control this behavior.
  _warn_prf(average, modifier, f"{metric.capitalize()} is", result.shape[0])
C:\Users\danie\Dropbox\Javeriana\Proyecto LLMS text\LLMS_Project\LLMS_analysis\.venv\Lib\site-packages\sklearn\metrics\_classification.py:1833: UndefinedMetricWarning: Recall is ill-defined and being set to 0.0 in labels with no true samples. Use `zero_division` parameter to control this behavior.
  _warn_prf(average, modifier, f"{metric.capitalize()} is", result.shape[0])
C:\Users\danie\Dropbox\Javeriana\Proyecto LLMS text\LLMS_Project\LLMS_analysis\.venv\Lib\site-packages\sklearn\metrics\_classification.py:1833: UndefinedMetricWarning: Recall is ill-defined and being set to 0.0 in labels with no true samples. Use `zero_division` parameter to control this behavior.
  _warn_prf(average, modifier, f"{metric.capitalize()} is", result.shape[0])
C:\Users\danie\Dropbox\Javeriana\Proyecto LLMS text\LLMS_Project\LLMS_analysis\.venv\Lib\site-packages\sklearn\metrics\_classification.py:1833: UndefinedMetricWarning: Recall is ill-defined and being set to 0.0 in labels with no true samples. Use `zero_division` parameter to control this behavior.
  _warn_prf(average, modifier, f"{metric.capitalize()} is", result.shape[0])
C:\Users\danie\Dropbox\Javeriana\Proyecto LLMS text\LLMS_Project\LLMS_analysis\.venv\Lib\site-packages\sklearn\metrics\_classification.py:1833: UndefinedMetricWarning: Recall is ill-defined and being set to 0.0 in labels with no true samples. Use `zero_division` parameter to control this behavior.
  _warn_prf(average, modifier, f"{metric.capitalize()} is", result.shape[0])
C:\Users\danie\Dropbox\Javeriana\Proyecto LLMS text\LLMS_Project\LLMS_analysis\.venv\Lib\site-packages\sklearn\metrics\_classification.py:620: UserWarning: A single label was found in 'y_true' and 'y_pred'. For the confusion matrix to have the correct shape, use the 'labels' parameter to pass all known labels.
  warnings.warn(
C:\Users\danie\Dropbox\Javeriana\Proyecto LLMS text\LLMS_Project\LLMS_analysis\.venv\Lib\site-packages\sklearn\metrics\_classification.py:991: RuntimeWarning: invalid value encountered in scalar divide
  k = xp.sum(w_mat * confusion) / xp.sum(w_mat * expected)
C:\Users\danie\Dropbox\Javeriana\Proyecto LLMS text\LLMS_Project\LLMS_analysis\.venv\Lib\site-packages\sklearn\metrics\_classification.py:1833: UndefinedMetricWarning: Recall is ill-defined and being set to 0.0 in labels with no true samples. Use `zero_division` parameter to control this behavior.
  _warn_prf(average, modifier, f"{metric.capitalize()} is", result.shape[0])
C:\Users\danie\Dropbox\Javeriana\Proyecto LLMS text\LLMS_Project\LLMS_analysis\.venv\Lib\site-packages\sklearn\metrics\_classification.py:1833: UndefinedMetricWarning: Recall is ill-defined and being set to 0.0 in labels with no true samples. Use `zero_division` parameter to control this behavior.
  _warn_prf(average, modifier, f"{metric.capitalize()} is", result.shape[0])
C:\Users\danie\Dropbox\Javeriana\Proyecto LLMS text\LLMS_Project\LLMS_analysis\.venv\Lib\site-packages\sklearn\metrics\_classification.py:1833: UndefinedMetricWarning: Recall is ill-defined and being set to 0.0 in labels with no true samples. Use `zero_division` parameter to control this behavior.
  _warn_prf(average, modifier, f"{metric.capitalize()} is", result.shape[0])
C:\Users\danie\Dropbox\Javeriana\Proyecto LLMS text\LLMS_Project\LLMS_analysis\.venv\Lib\site-packages\sklearn\metrics\_classification.py:1833: UndefinedMetricWarning: Recall is ill-defined and being set to 0.0 in labels with no true samples. Use `zero_division` parameter to control this behavior.
  _warn_prf(average, modifier, f"{metric.capitalize()} is", result.shape[0])
C:\Users\danie\Dropbox\Javeriana\Proyecto LLMS text\LLMS_Project\LLMS_analysis\.venv\Lib\site-packages\sklearn\metrics\_classification.py:1833: UndefinedMetricWarning: Recall is ill-defined and being set to 0.0 in labels with no true samples. Use `zero_division` parameter to control this behavior.
  _warn_prf(average, modifier, f"{metric.capitalize()} is", result.shape[0])
C:\Users\danie\Dropbox\Javeriana\Proyecto LLMS text\LLMS_Project\LLMS_analysis\.venv\Lib\site-packages\sklearn\metrics\_classification.py:1833: UndefinedMetricWarning: Recall is ill-defined and being set to 0.0 in labels with no true samples. Use `zero_division` parameter to control this behavior.
  _warn_prf(average, modifier, f"{metric.capitalize()} is", result.shape[0])
C:\Users\danie\Dropbox\Javeriana\Proyecto LLMS text\LLMS_Project\LLMS_analysis\.venv\Lib\site-packages\sklearn\metrics\_classification.py:1833: UndefinedMetricWarning: Recall is ill-defined and being set to 0.0 in labels with no true samples. Use `zero_division` parameter to control this behavior.
  _warn_prf(average, modifier, f"{metric.capitalize()} is", result.shape[0])
C:\Users\danie\Dropbox\Javeriana\Proyecto LLMS text\LLMS_Project\LLMS_analysis\.venv\Lib\site-packages\sklearn\metrics\_classification.py:1833: UndefinedMetricWarning: Recall is ill-defined and being set to 0.0 in labels with no true samples. Use `zero_division` parameter to control this behavior.
  _warn_prf(average, modifier, f"{metric.capitalize()} is", result.shape[0])
C:\Users\danie\Dropbox\Javeriana\Proyecto LLMS text\LLMS_Project\LLMS_analysis\.venv\Lib\site-packages\sklearn\metrics\_classification.py:1833: UndefinedMetricWarning: Recall is ill-defined and being set to 0.0 in labels with no true samples. Use `zero_division` parameter to control this behavior.
  _warn_prf(average, modifier, f"{metric.capitalize()} is", result.shape[0])
C:\Users\danie\Dropbox\Javeriana\Proyecto LLMS text\LLMS_Project\LLMS_analysis\.venv\Lib\site-packages\sklearn\metrics\_classification.py:1833: UndefinedMetricWarning: Recall is ill-defined and being set to 0.0 in labels with no true samples. Use `zero_division` parameter to control this behavior.
  _warn_prf(average, modifier, f"{metric.capitalize()} is", result.shape[0])
C:\Users\danie\Dropbox\Javeriana\Proyecto LLMS text\LLMS_Project\LLMS_analysis\.venv\Lib\site-packages\sklearn\metrics\_classification.py:1833: UndefinedMetricWarning: Recall is ill-defined and being set to 0.0 in labels with no true samples. Use `zero_division` parameter to control this behavior.
  _warn_prf(average, modifier, f"{metric.capitalize()} is", result.shape[0])
C:\Users\danie\Dropbox\Javeriana\Proyecto LLMS text\LLMS_Project\LLMS_analysis\.venv\Lib\site-packages\sklearn\metrics\_classification.py:1833: UndefinedMetricWarning: Recall is ill-defined and being set to 0.0 in labels with no true samples. Use `zero_division` parameter to control this behavior.
  _warn_prf(average, modifier, f"{metric.capitalize()} is", result.shape[0])
C:\Users\danie\Dropbox\Javeriana\Proyecto LLMS text\LLMS_Project\LLMS_analysis\.venv\Lib\site-packages\sklearn\metrics\_classification.py:1833: UndefinedMetricWarning: Recall is ill-defined and being set to 0.0 in labels with no true samples. Use `zero_division` parameter to control this behavior.
  _warn_prf(average, modifier, f"{metric.capitalize()} is", result.shape[0])
C:\Users\danie\Dropbox\Javeriana\Proyecto LLMS text\LLMS_Project\LLMS_analysis\.venv\Lib\site-packages\sklearn\metrics\_classification.py:1833: UndefinedMetricWarning: Recall is ill-defined and being set to 0.0 in labels with no true samples. Use `zero_division` parameter to control this behavior.
  _warn_prf(average, modifier, f"{metric.capitalize()} is", result.shape[0])
C:\Users\danie\Dropbox\Javeriana\Proyecto LLMS text\LLMS_Project\LLMS_analysis\.venv\Lib\site-packages\sklearn\metrics\_classification.py:1833: UndefinedMetricWarning: Recall is ill-defined and being set to 0.0 in labels with no true samples. Use `zero_division` parameter to control this behavior.
  _warn_prf(average, modifier, f"{metric.capitalize()} is", result.shape[0])
C:\Users\danie\Dropbox\Javeriana\Proyecto LLMS text\LLMS_Project\LLMS_analysis\.venv\Lib\site-packages\sklearn\metrics\_classification.py:1833: UndefinedMetricWarning: Recall is ill-defined and being set to 0.0 in labels with no true samples. Use `zero_division` parameter to control this behavior.
  _warn_prf(average, modifier, f"{metric.capitalize()} is", result.shape[0])
C:\Users\danie\Dropbox\Javeriana\Proyecto LLMS text\LLMS_Project\LLMS_analysis\.venv\Lib\site-packages\sklearn\metrics\_classification.py:1833: UndefinedMetricWarning: Recall is ill-defined and being set to 0.0 in labels with no true samples. Use `zero_division` parameter to control this behavior.
  _warn_prf(average, modifier, f"{metric.capitalize()} is", result.shape[0])
C:\Users\danie\Dropbox\Javeriana\Proyecto LLMS text\LLMS_Project\LLMS_analysis\.venv\Lib\site-packages\sklearn\metrics\_classification.py:1833: UndefinedMetricWarning: Recall is ill-defined and being set to 0.0 in labels with no true samples. Use `zero_division` parameter to control this behavior.
  _warn_prf(average, modifier, f"{metric.capitalize()} is", result.shape[0])
C:\Users\danie\Dropbox\Javeriana\Proyecto LLMS text\LLMS_Project\LLMS_analysis\.venv\Lib\site-packages\sklearn\metrics\_classification.py:1833: UndefinedMetricWarning: Recall is ill-defined and being set to 0.0 in labels with no true samples. Use `zero_division` parameter to control this behavior.
  _warn_prf(average, modifier, f"{metric.capitalize()} is", result.shape[0])
C:\Users\danie\Dropbox\Javeriana\Proyecto LLMS text\LLMS_Project\LLMS_analysis\.venv\Lib\site-packages\sklearn\metrics\_classification.py:1833: UndefinedMetricWarning: Recall is ill-defined and being set to 0.0 in labels with no true samples. Use `zero_division` parameter to control this behavior.
  _warn_prf(average, modifier, f"{metric.capitalize()} is", result.shape[0])
C:\Users\danie\Dropbox\Javeriana\Proyecto LLMS text\LLMS_Project\LLMS_analysis\.venv\Lib\site-packages\sklearn\metrics\_classification.py:1833: UndefinedMetricWarning: Recall is ill-defined and being set to 0.0 in labels with no true samples. Use `zero_division` parameter to control this behavior.
  _warn_prf(average, modifier, f"{metric.capitalize()} is", result.shape[0])
C:\Users\danie\Dropbox\Javeriana\Proyecto LLMS text\LLMS_Project\LLMS_analysis\.venv\Lib\site-packages\sklearn\metrics\_classification.py:1833: UndefinedMetricWarning: Recall is ill-defined and being set to 0.0 in labels with no true samples. Use `zero_division` parameter to control this behavior.
  _warn_prf(average, modifier, f"{metric.capitalize()} is", result.shape[0])
C:\Users\danie\Dropbox\Javeriana\Proyecto LLMS text\LLMS_Project\LLMS_analysis\.venv\Lib\site-packages\sklearn\metrics\_classification.py:1833: UndefinedMetricWarning: Recall is ill-defined and being set to 0.0 in labels with no true samples. Use `zero_division` parameter to control this behavior.
  _warn_prf(average, modifier, f"{metric.capitalize()} is", result.shape[0])
C:\Users\danie\Dropbox\Javeriana\Proyecto LLMS text\LLMS_Project\LLMS_analysis\.venv\Lib\site-packages\sklearn\metrics\_classification.py:1833: UndefinedMetricWarning: Recall is ill-defined and being set to 0.0 in labels with no true samples. Use `zero_division` parameter to control this behavior.
  _warn_prf(average, modifier, f"{metric.capitalize()} is", result.shape[0])
C:\Users\danie\Dropbox\Javeriana\Proyecto LLMS text\LLMS_Project\LLMS_analysis\.venv\Lib\site-packages\sklearn\metrics\_classification.py:1833: UndefinedMetricWarning: Recall is ill-defined and being set to 0.0 in labels with no true samples. Use `zero_division` parameter to control this behavior.
  _warn_prf(average, modifier, f"{metric.capitalize()} is", result.shape[0])
C:\Users\danie\Dropbox\Javeriana\Proyecto LLMS text\LLMS_Project\LLMS_analysis\.venv\Lib\site-packages\sklearn\metrics\_classification.py:1833: UndefinedMetricWarning: Recall is ill-defined and being set to 0.0 in labels with no true samples. Use `zero_division` parameter to control this behavior.
  _warn_prf(average, modifier, f"{metric.capitalize()} is", result.shape[0])
C:\Users\danie\Dropbox\Javeriana\Proyecto LLMS text\LLMS_Project\LLMS_analysis\.venv\Lib\site-packages\sklearn\metrics\_classification.py:1833: UndefinedMetricWarning: Recall is ill-defined and being set to 0.0 in labels with no true samples. Use `zero_division` parameter to control this behavior.
  _warn_prf(average, modifier, f"{metric.capitalize()} is", result.shape[0])
C:\Users\danie\Dropbox\Javeriana\Proyecto LLMS text\LLMS_Project\LLMS_analysis\.venv\Lib\site-packages\sklearn\metrics\_classification.py:620: UserWarning: A single label was found in 'y_true' and 'y_pred'. For the confusion matrix to have the correct shape, use the 'labels' parameter to pass all known labels.
  warnings.warn(
C:\Users\danie\Dropbox\Javeriana\Proyecto LLMS text\LLMS_Project\LLMS_analysis\.venv\Lib\site-packages\sklearn\metrics\_classification.py:991: RuntimeWarning: invalid value encountered in scalar divide
  k = xp.sum(w_mat * confusion) / xp.sum(w_mat * expected)
C:\Users\danie\Dropbox\Javeriana\Proyecto LLMS text\LLMS_Project\LLMS_analysis\.venv\Lib\site-packages\sklearn\metrics\_classification.py:1833: UndefinedMetricWarning: Recall is ill-defined and being set to 0.0 in labels with no true samples. Use `zero_division` parameter to control this behavior.
  _warn_prf(average, modifier, f"{metric.capitalize()} is", result.shape[0])
C:\Users\danie\Dropbox\Javeriana\Proyecto LLMS text\LLMS_Project\LLMS_analysis\.venv\Lib\site-packages\sklearn\metrics\_classification.py:1833: UndefinedMetricWarning: Recall is ill-defined and being set to 0.0 in labels with no true samples. Use `zero_division` parameter to control this behavior.
  _warn_prf(average, modifier, f"{metric.capitalize()} is", result.shape[0])
C:\Users\danie\Dropbox\Javeriana\Proyecto LLMS text\LLMS_Project\LLMS_analysis\.venv\Lib\site-packages\sklearn\metrics\_classification.py:1833: UndefinedMetricWarning: Recall is ill-defined and being set to 0.0 in labels with no true samples. Use `zero_division` parameter to control this behavior.
  _warn_prf(average, modifier, f"{metric.capitalize()} is", result.shape[0])
C:\Users\danie\Dropbox\Javeriana\Proyecto LLMS text\LLMS_Project\LLMS_analysis\.venv\Lib\site-packages\sklearn\metrics\_classification.py:1833: UndefinedMetricWarning: Recall is ill-defined and being set to 0.0 in labels with no true samples. Use `zero_division` parameter to control this behavior.
  _warn_prf(average, modifier, f"{metric.capitalize()} is", result.shape[0])
C:\Users\danie\Dropbox\Javeriana\Proyecto LLMS text\LLMS_Project\LLMS_analysis\.venv\Lib\site-packages\sklearn\metrics\_classification.py:1833: UndefinedMetricWarning: Recall is ill-defined and being set to 0.0 in labels with no true samples. Use `zero_division` parameter to control this behavior.
  _warn_prf(average, modifier, f"{metric.capitalize()} is", result.shape[0])
C:\Users\danie\Dropbox\Javeriana\Proyecto LLMS text\LLMS_Project\LLMS_analysis\.venv\Lib\site-packages\sklearn\metrics\_classification.py:1833: UndefinedMetricWarning: Recall is ill-defined and being set to 0.0 in labels with no true samples. Use `zero_division` parameter to control this behavior.
  _warn_prf(average, modifier, f"{metric.capitalize()} is", result.shape[0])
C:\Users\danie\Dropbox\Javeriana\Proyecto LLMS text\LLMS_Project\LLMS_analysis\.venv\Lib\site-packages\sklearn\metrics\_classification.py:1833: UndefinedMetricWarning: Recall is ill-defined and being set to 0.0 in labels with no true samples. Use `zero_division` parameter to control this behavior.
  _warn_prf(average, modifier, f"{metric.capitalize()} is", result.shape[0])
C:\Users\danie\Dropbox\Javeriana\Proyecto LLMS text\LLMS_Project\LLMS_analysis\.venv\Lib\site-packages\sklearn\metrics\_classification.py:1833: UndefinedMetricWarning: Recall is ill-defined and being set to 0.0 in labels with no true samples. Use `zero_division` parameter to control this behavior.
  _warn_prf(average, modifier, f"{metric.capitalize()} is", result.shape[0])
C:\Users\danie\Dropbox\Javeriana\Proyecto LLMS text\LLMS_Project\LLMS_analysis\.venv\Lib\site-packages\sklearn\metrics\_classification.py:1833: UndefinedMetricWarning: Recall is ill-defined and being set to 0.0 in labels with no true samples. Use `zero_division` parameter to control this behavior.
  _warn_prf(average, modifier, f"{metric.capitalize()} is", result.shape[0])
C:\Users\danie\Dropbox\Javeriana\Proyecto LLMS text\LLMS_Project\LLMS_analysis\.venv\Lib\site-packages\sklearn\metrics\_classification.py:1833: UndefinedMetricWarning: Precision is ill-defined and being set to 0.0 in labels with no predicted samples. Use `zero_division` parameter to control this behavior.
  _warn_prf(average, modifier, f"{metric.capitalize()} is", result.shape[0])
C:\Users\danie\Dropbox\Javeriana\Proyecto LLMS text\LLMS_Project\LLMS_analysis\.venv\Lib\site-packages\sklearn\metrics\_classification.py:1833: UndefinedMetricWarning: Precision is ill-defined and being set to 0.0 in labels with no predicted samples. Use `zero_division` parameter to control this behavior.
  _warn_prf(average, modifier, f"{metric.capitalize()} is", result.shape[0])
C:\Users\danie\Dropbox\Javeriana\Proyecto LLMS text\LLMS_Project\LLMS_analysis\.venv\Lib\site-packages\sklearn\metrics\_classification.py:1833: UndefinedMetricWarning: Precision is ill-defined and being set to 0.0 in labels with no predicted samples. Use `zero_division` parameter to control this behavior.
  _warn_prf(average, modifier, f"{metric.capitalize()} is", result.shape[0])
C:\Users\danie\Dropbox\Javeriana\Proyecto LLMS text\LLMS_Project\LLMS_analysis\.venv\Lib\site-packages\sklearn\metrics\_classification.py:1833: UndefinedMetricWarning: Precision is ill-defined and being set to 0.0 in labels with no predicted samples. Use `zero_division` parameter to control this behavior.
  _warn_prf(average, modifier, f"{metric.capitalize()} is", result.shape[0])
C:\Users\danie\Dropbox\Javeriana\Proyecto LLMS text\LLMS_Project\LLMS_analysis\.venv\Lib\site-packages\sklearn\metrics\_classification.py:1833: UndefinedMetricWarning: Precision is ill-defined and being set to 0.0 in labels with no predicted samples. Use `zero_division` parameter to control this behavior.
  _warn_prf(average, modifier, f"{metric.capitalize()} is", result.shape[0])
C:\Users\danie\Dropbox\Javeriana\Proyecto LLMS text\LLMS_Project\LLMS_analysis\.venv\Lib\site-packages\sklearn\metrics\_classification.py:1833: UndefinedMetricWarning: Precision is ill-defined and being set to 0.0 in labels with no predicted samples. Use `zero_division` parameter to control this behavior.
  _warn_prf(average, modifier, f"{metric.capitalize()} is", result.shape[0])
C:\Users\danie\Dropbox\Javeriana\Proyecto LLMS text\LLMS_Project\LLMS_analysis\.venv\Lib\site-packages\sklearn\metrics\_classification.py:1833: UndefinedMetricWarning: Precision is ill-defined and being set to 0.0 in labels with no predicted samples. Use `zero_division` parameter to control this behavior.
  _warn_prf(average, modifier, f"{metric.capitalize()} is", result.shape[0])
C:\Users\danie\Dropbox\Javeriana\Proyecto LLMS text\LLMS_Project\LLMS_analysis\.venv\Lib\site-packages\sklearn\metrics\_classification.py:1833: UndefinedMetricWarning: Precision is ill-defined and being set to 0.0 in labels with no predicted samples. Use `zero_division` parameter to control this behavior.
  _warn_prf(average, modifier, f"{metric.capitalize()} is", result.shape[0])
C:\Users\danie\Dropbox\Javeriana\Proyecto LLMS text\LLMS_Project\LLMS_analysis\.venv\Lib\site-packages\sklearn\metrics\_classification.py:1833: UndefinedMetricWarning: Precision is ill-defined and being set to 0.0 in labels with no predicted samples. Use `zero_division` parameter to control this behavior.
  _warn_prf(average, modifier, f"{metric.capitalize()} is", result.shape[0])
C:\Users\danie\Dropbox\Javeriana\Proyecto LLMS text\LLMS_Project\LLMS_analysis\.venv\Lib\site-packages\sklearn\metrics\_classification.py:1833: UndefinedMetricWarning: Precision is ill-defined and being set to 0.0 in labels with no predicted samples. Use `zero_division` parameter to control this behavior.
  _warn_prf(average, modifier, f"{metric.capitalize()} is", result.shape[0])
C:\Users\danie\Dropbox\Javeriana\Proyecto LLMS text\LLMS_Project\LLMS_analysis\.venv\Lib\site-packages\sklearn\metrics\_classification.py:1833: UndefinedMetricWarning: Precision is ill-defined and being set to 0.0 in labels with no predicted samples. Use `zero_division` parameter to control this behavior.
  _warn_prf(average, modifier, f"{metric.capitalize()} is", result.shape[0])
C:\Users\danie\Dropbox\Javeriana\Proyecto LLMS text\LLMS_Project\LLMS_analysis\.venv\Lib\site-packages\sklearn\metrics\_classification.py:1833: UndefinedMetricWarning: Precision is ill-defined and being set to 0.0 in labels with no predicted samples. Use `zero_division` parameter to control this behavior.
  _warn_prf(average, modifier, f"{metric.capitalize()} is", result.shape[0])
C:\Users\danie\Dropbox\Javeriana\Proyecto LLMS text\LLMS_Project\LLMS_analysis\.venv\Lib\site-packages\sklearn\metrics\_classification.py:1833: UndefinedMetricWarning: Precision is ill-defined and being set to 0.0 in labels with no predicted samples. Use `zero_division` parameter to control this behavior.
  _warn_prf(average, modifier, f"{metric.capitalize()} is", result.shape[0])
C:\Users\danie\Dropbox\Javeriana\Proyecto LLMS text\LLMS_Project\LLMS_analysis\.venv\Lib\site-packages\sklearn\metrics\_classification.py:1833: UndefinedMetricWarning: Precision is ill-defined and being set to 0.0 in labels with no predicted samples. Use `zero_division` parameter to control this behavior.
  _warn_prf(average, modifier, f"{metric.capitalize()} is", result.shape[0])
C:\Users\danie\Dropbox\Javeriana\Proyecto LLMS text\LLMS_Project\LLMS_analysis\.venv\Lib\site-packages\sklearn\metrics\_classification.py:1833: UndefinedMetricWarning: Precision is ill-defined and being set to 0.0 in labels with no predicted samples. Use `zero_division` parameter to control this behavior.
  _warn_prf(average, modifier, f"{metric.capitalize()} is", result.shape[0])
C:\Users\danie\Dropbox\Javeriana\Proyecto LLMS text\LLMS_Project\LLMS_analysis\.venv\Lib\site-packages\sklearn\metrics\_classification.py:1833: UndefinedMetricWarning: Precision is ill-defined and being set to 0.0 in labels with no predicted samples. Use `zero_division` parameter to control this behavior.
  _warn_prf(average, modifier, f"{metric.capitalize()} is", result.shape[0])
C:\Users\danie\Dropbox\Javeriana\Proyecto LLMS text\LLMS_Project\LLMS_analysis\.venv\Lib\site-packages\sklearn\metrics\_classification.py:1833: UndefinedMetricWarning: Precision is ill-defined and being set to 0.0 in labels with no predicted samples. Use `zero_division` parameter to control this behavior.
  _warn_prf(average, modifier, f"{metric.capitalize()} is", result.shape[0])
C:\Users\danie\Dropbox\Javeriana\Proyecto LLMS text\LLMS_Project\LLMS_analysis\.venv\Lib\site-packages\sklearn\metrics\_classification.py:1833: UndefinedMetricWarning: Precision is ill-defined and being set to 0.0 in labels with no predicted samples. Use `zero_division` parameter to control this behavior.
  _warn_prf(average, modifier, f"{metric.capitalize()} is", result.shape[0])
C:\Users\danie\Dropbox\Javeriana\Proyecto LLMS text\LLMS_Project\LLMS_analysis\.venv\Lib\site-packages\sklearn\metrics\_classification.py:1833: UndefinedMetricWarning: Precision is ill-defined and being set to 0.0 in labels with no predicted samples. Use `zero_division` parameter to control this behavior.
  _warn_prf(average, modifier, f"{metric.capitalize()} is", result.shape[0])
C:\Users\danie\Dropbox\Javeriana\Proyecto LLMS text\LLMS_Project\LLMS_analysis\.venv\Lib\site-packages\sklearn\metrics\_classification.py:1833: UndefinedMetricWarning: Precision is ill-defined and being set to 0.0 in labels with no predicted samples. Use `zero_division` parameter to control this behavior.
  _warn_prf(average, modifier, f"{metric.capitalize()} is", result.shape[0])
C:\Users\danie\Dropbox\Javeriana\Proyecto LLMS text\LLMS_Project\LLMS_analysis\.venv\Lib\site-packages\sklearn\metrics\_classification.py:1833: UndefinedMetricWarning: Precision is ill-defined and being set to 0.0 in labels with no predicted samples. Use `zero_division` parameter to control this behavior.
  _warn_prf(average, modifier, f"{metric.capitalize()} is", result.shape[0])
C:\Users\danie\Dropbox\Javeriana\Proyecto LLMS text\LLMS_Project\LLMS_analysis\.venv\Lib\site-packages\sklearn\metrics\_classification.py:1833: UndefinedMetricWarning: Precision is ill-defined and being set to 0.0 in labels with no predicted samples. Use `zero_division` parameter to control this behavior.
  _warn_prf(average, modifier, f"{metric.capitalize()} is", result.shape[0])
C:\Users\danie\Dropbox\Javeriana\Proyecto LLMS text\LLMS_Project\LLMS_analysis\.venv\Lib\site-packages\sklearn\metrics\_classification.py:1833: UndefinedMetricWarning: Precision is ill-defined and being set to 0.0 in labels with no predicted samples. Use `zero_division` parameter to control this behavior.
  _warn_prf(average, modifier, f"{metric.capitalize()} is", result.shape[0])
C:\Users\danie\Dropbox\Javeriana\Proyecto LLMS text\LLMS_Project\LLMS_analysis\.venv\Lib\site-packages\sklearn\metrics\_classification.py:1833: UndefinedMetricWarning: Precision is ill-defined and being set to 0.0 in labels with no predicted samples. Use `zero_division` parameter to control this behavior.
  _warn_prf(average, modifier, f"{metric.capitalize()} is", result.shape[0])
C:\Users\danie\Dropbox\Javeriana\Proyecto LLMS text\LLMS_Project\LLMS_analysis\.venv\Lib\site-packages\sklearn\metrics\_classification.py:1833: UndefinedMetricWarning: Precision is ill-defined and being set to 0.0 in labels with no predicted samples. Use `zero_division` parameter to control this behavior.
  _warn_prf(average, modifier, f"{metric.capitalize()} is", result.shape[0])
C:\Users\danie\Dropbox\Javeriana\Proyecto LLMS text\LLMS_Project\LLMS_analysis\.venv\Lib\site-packages\sklearn\metrics\_classification.py:1833: UndefinedMetricWarning: Precision is ill-defined and being set to 0.0 in labels with no predicted samples. Use `zero_division` parameter to control this behavior.
  _warn_prf(average, modifier, f"{metric.capitalize()} is", result.shape[0])
C:\Users\danie\Dropbox\Javeriana\Proyecto LLMS text\LLMS_Project\LLMS_analysis\.venv\Lib\site-packages\sklearn\metrics\_classification.py:1833: UndefinedMetricWarning: Precision is ill-defined and being set to 0.0 in labels with no predicted samples. Use `zero_division` parameter to control this behavior.
  _warn_prf(average, modifier, f"{metric.capitalize()} is", result.shape[0])
C:\Users\danie\Dropbox\Javeriana\Proyecto LLMS text\LLMS_Project\LLMS_analysis\.venv\Lib\site-packages\sklearn\metrics\_classification.py:1833: UndefinedMetricWarning: Recall is ill-defined and being set to 0.0 in labels with no true samples. Use `zero_division` parameter to control this behavior.
  _warn_prf(average, modifier, f"{metric.capitalize()} is", result.shape[0])
C:\Users\danie\Dropbox\Javeriana\Proyecto LLMS text\LLMS_Project\LLMS_analysis\.venv\Lib\site-packages\sklearn\metrics\_classification.py:1833: UndefinedMetricWarning: Recall is ill-defined and being set to 0.0 in labels with no true samples. Use `zero_division` parameter to control this behavior.
  _warn_prf(average, modifier, f"{metric.capitalize()} is", result.shape[0])
C:\Users\danie\Dropbox\Javeriana\Proyecto LLMS text\LLMS_Project\LLMS_analysis\.venv\Lib\site-packages\sklearn\metrics\_classification.py:1833: UndefinedMetricWarning: Recall is ill-defined and being set to 0.0 in labels with no true samples. Use `zero_division` parameter to control this behavior.
  _warn_prf(average, modifier, f"{metric.capitalize()} is", result.shape[0])
C:\Users\danie\Dropbox\Javeriana\Proyecto LLMS text\LLMS_Project\LLMS_analysis\.venv\Lib\site-packages\sklearn\metrics\_classification.py:1833: UndefinedMetricWarning: Recall is ill-defined and being set to 0.0 in labels with no true samples. Use `zero_division` parameter to control this behavior.
  _warn_prf(average, modifier, f"{metric.capitalize()} is", result.shape[0])
C:\Users\danie\Dropbox\Javeriana\Proyecto LLMS text\LLMS_Project\LLMS_analysis\.venv\Lib\site-packages\sklearn\metrics\_classification.py:1833: UndefinedMetricWarning: Recall is ill-defined and being set to 0.0 in labels with no true samples. Use `zero_division` parameter to control this behavior.
  _warn_prf(average, modifier, f"{metric.capitalize()} is", result.shape[0])
C:\Users\danie\Dropbox\Javeriana\Proyecto LLMS text\LLMS_Project\LLMS_analysis\.venv\Lib\site-packages\sklearn\metrics\_classification.py:1833: UndefinedMetricWarning: Recall is ill-defined and being set to 0.0 in labels with no true samples. Use `zero_division` parameter to control this behavior.
  _warn_prf(average, modifier, f"{metric.capitalize()} is", result.shape[0])
C:\Users\danie\Dropbox\Javeriana\Proyecto LLMS text\LLMS_Project\LLMS_analysis\.venv\Lib\site-packages\sklearn\metrics\_classification.py:1833: UndefinedMetricWarning: Recall is ill-defined and being set to 0.0 in labels with no true samples. Use `zero_division` parameter to control this behavior.
  _warn_prf(average, modifier, f"{metric.capitalize()} is", result.shape[0])
C:\Users\danie\Dropbox\Javeriana\Proyecto LLMS text\LLMS_Project\LLMS_analysis\.venv\Lib\site-packages\sklearn\metrics\_classification.py:1833: UndefinedMetricWarning: Recall is ill-defined and being set to 0.0 in labels with no true samples. Use `zero_division` parameter to control this behavior.
  _warn_prf(average, modifier, f"{metric.capitalize()} is", result.shape[0])
C:\Users\danie\Dropbox\Javeriana\Proyecto LLMS text\LLMS_Project\LLMS_analysis\.venv\Lib\site-packages\sklearn\metrics\_classification.py:1833: UndefinedMetricWarning: Recall is ill-defined and being set to 0.0 in labels with no true samples. Use `zero_division` parameter to control this behavior.
  _warn_prf(average, modifier, f"{metric.capitalize()} is", result.shape[0])
C:\Users\danie\Dropbox\Javeriana\Proyecto LLMS text\LLMS_Project\LLMS_analysis\.venv\Lib\site-packages\sklearn\metrics\_classification.py:1833: UndefinedMetricWarning: Recall is ill-defined and being set to 0.0 in labels with no true samples. Use `zero_division` parameter to control this behavior.
  _warn_prf(average, modifier, f"{metric.capitalize()} is", result.shape[0])
C:\Users\danie\Dropbox\Javeriana\Proyecto LLMS text\LLMS_Project\LLMS_analysis\.venv\Lib\site-packages\sklearn\metrics\_classification.py:1833: UndefinedMetricWarning: Recall is ill-defined and being set to 0.0 in labels with no true samples. Use `zero_division` parameter to control this behavior.
  _warn_prf(average, modifier, f"{metric.capitalize()} is", result.shape[0])
C:\Users\danie\Dropbox\Javeriana\Proyecto LLMS text\LLMS_Project\LLMS_analysis\.venv\Lib\site-packages\sklearn\metrics\_classification.py:1833: UndefinedMetricWarning: Recall is ill-defined and being set to 0.0 in labels with no true samples. Use `zero_division` parameter to control this behavior.
  _warn_prf(average, modifier, f"{metric.capitalize()} is", result.shape[0])
C:\Users\danie\Dropbox\Javeriana\Proyecto LLMS text\LLMS_Project\LLMS_analysis\.venv\Lib\site-packages\sklearn\metrics\_classification.py:1833: UndefinedMetricWarning: Recall is ill-defined and being set to 0.0 in labels with no true samples. Use `zero_division` parameter to control this behavior.
  _warn_prf(average, modifier, f"{metric.capitalize()} is", result.shape[0])
C:\Users\danie\Dropbox\Javeriana\Proyecto LLMS text\LLMS_Project\LLMS_analysis\.venv\Lib\site-packages\sklearn\metrics\_classification.py:1833: UndefinedMetricWarning: Recall is ill-defined and being set to 0.0 in labels with no true samples. Use `zero_division` parameter to control this behavior.
  _warn_prf(average, modifier, f"{metric.capitalize()} is", result.shape[0])
C:\Users\danie\Dropbox\Javeriana\Proyecto LLMS text\LLMS_Project\LLMS_analysis\.venv\Lib\site-packages\sklearn\metrics\_classification.py:1833: UndefinedMetricWarning: Recall is ill-defined and being set to 0.0 in labels with no true samples. Use `zero_division` parameter to control this behavior.
  _warn_prf(average, modifier, f"{metric.capitalize()} is", result.shape[0])
C:\Users\danie\Dropbox\Javeriana\Proyecto LLMS text\LLMS_Project\LLMS_analysis\.venv\Lib\site-packages\sklearn\metrics\_classification.py:1833: UndefinedMetricWarning: Recall is ill-defined and being set to 0.0 in labels with no true samples. Use `zero_division` parameter to control this behavior.
  _warn_prf(average, modifier, f"{metric.capitalize()} is", result.shape[0])
C:\Users\danie\Dropbox\Javeriana\Proyecto LLMS text\LLMS_Project\LLMS_analysis\.venv\Lib\site-packages\sklearn\metrics\_classification.py:1833: UndefinedMetricWarning: Recall is ill-defined and being set to 0.0 in labels with no true samples. Use `zero_division` parameter to control this behavior.
  _warn_prf(average, modifier, f"{metric.capitalize()} is", result.shape[0])
C:\Users\danie\Dropbox\Javeriana\Proyecto LLMS text\LLMS_Project\LLMS_analysis\.venv\Lib\site-packages\sklearn\metrics\_classification.py:1833: UndefinedMetricWarning: Recall is ill-defined and being set to 0.0 in labels with no true samples. Use `zero_division` parameter to control this behavior.
  _warn_prf(average, modifier, f"{metric.capitalize()} is", result.shape[0])
C:\Users\danie\Dropbox\Javeriana\Proyecto LLMS text\LLMS_Project\LLMS_analysis\.venv\Lib\site-packages\sklearn\metrics\_classification.py:1833: UndefinedMetricWarning: Recall is ill-defined and being set to 0.0 in labels with no true samples. Use `zero_division` parameter to control this behavior.
  _warn_prf(average, modifier, f"{metric.capitalize()} is", result.shape[0])
C:\Users\danie\Dropbox\Javeriana\Proyecto LLMS text\LLMS_Project\LLMS_analysis\.venv\Lib\site-packages\sklearn\metrics\_classification.py:1833: UndefinedMetricWarning: Recall is ill-defined and being set to 0.0 in labels with no true samples. Use `zero_division` parameter to control this behavior.
  _warn_prf(average, modifier, f"{metric.capitalize()} is", result.shape[0])
C:\Users\danie\Dropbox\Javeriana\Proyecto LLMS text\LLMS_Project\LLMS_analysis\.venv\Lib\site-packages\sklearn\metrics\_classification.py:1833: UndefinedMetricWarning: Recall is ill-defined and being set to 0.0 in labels with no true samples. Use `zero_division` parameter to control this behavior.
  _warn_prf(average, modifier, f"{metric.capitalize()} is", result.shape[0])
C:\Users\danie\Dropbox\Javeriana\Proyecto LLMS text\LLMS_Project\LLMS_analysis\.venv\Lib\site-packages\sklearn\metrics\_classification.py:1833: UndefinedMetricWarning: Recall is ill-defined and being set to 0.0 in labels with no true samples. Use `zero_division` parameter to control this behavior.
  _warn_prf(average, modifier, f"{metric.capitalize()} is", result.shape[0])
C:\Users\danie\Dropbox\Javeriana\Proyecto LLMS text\LLMS_Project\LLMS_analysis\.venv\Lib\site-packages\sklearn\metrics\_classification.py:1833: UndefinedMetricWarning: Recall is ill-defined and being set to 0.0 in labels with no true samples. Use `zero_division` parameter to control this behavior.
  _warn_prf(average, modifier, f"{metric.capitalize()} is", result.shape[0])
C:\Users\danie\Dropbox\Javeriana\Proyecto LLMS text\LLMS_Project\LLMS_analysis\.venv\Lib\site-packages\sklearn\metrics\_classification.py:1833: UndefinedMetricWarning: Recall is ill-defined and being set to 0.0 in labels with no true samples. Use `zero_division` parameter to control this behavior.
  _warn_prf(average, modifier, f"{metric.capitalize()} is", result.shape[0])
C:\Users\danie\Dropbox\Javeriana\Proyecto LLMS text\LLMS_Project\LLMS_analysis\.venv\Lib\site-packages\sklearn\metrics\_classification.py:1833: UndefinedMetricWarning: Recall is ill-defined and being set to 0.0 in labels with no true samples. Use `zero_division` parameter to control this behavior.
  _warn_prf(average, modifier, f"{metric.capitalize()} is", result.shape[0])
C:\Users\danie\Dropbox\Javeriana\Proyecto LLMS text\LLMS_Project\LLMS_analysis\.venv\Lib\site-packages\sklearn\metrics\_classification.py:1833: UndefinedMetricWarning: Recall is ill-defined and being set to 0.0 in labels with no true samples. Use `zero_division` parameter to control this behavior.
  _warn_prf(average, modifier, f"{metric.capitalize()} is", result.shape[0])
C:\Users\danie\Dropbox\Javeriana\Proyecto LLMS text\LLMS_Project\LLMS_analysis\.venv\Lib\site-packages\sklearn\metrics\_classification.py:1833: UndefinedMetricWarning: Recall is ill-defined and being set to 0.0 in labels with no true samples. Use `zero_division` parameter to control this behavior.
  _warn_prf(average, modifier, f"{metric.capitalize()} is", result.shape[0])
C:\Users\danie\Dropbox\Javeriana\Proyecto LLMS text\LLMS_Project\LLMS_analysis\.venv\Lib\site-packages\sklearn\metrics\_classification.py:1833: UndefinedMetricWarning: Precision is ill-defined and being set to 0.0 in labels with no predicted samples. Use `zero_division` parameter to control this behavior.
  _warn_prf(average, modifier, f"{metric.capitalize()} is", result.shape[0])
C:\Users\danie\Dropbox\Javeriana\Proyecto LLMS text\LLMS_Project\LLMS_analysis\.venv\Lib\site-packages\sklearn\metrics\_classification.py:1833: UndefinedMetricWarning: Precision is ill-defined and being set to 0.0 in labels with no predicted samples. Use `zero_division` parameter to control this behavior.
  _warn_prf(average, modifier, f"{metric.capitalize()} is", result.shape[0])
C:\Users\danie\Dropbox\Javeriana\Proyecto LLMS text\LLMS_Project\LLMS_analysis\.venv\Lib\site-packages\sklearn\metrics\_classification.py:1833: UndefinedMetricWarning: Precision is ill-defined and being set to 0.0 in labels with no predicted samples. Use `zero_division` parameter to control this behavior.
  _warn_prf(average, modifier, f"{metric.capitalize()} is", result.shape[0])
C:\Users\danie\Dropbox\Javeriana\Proyecto LLMS text\LLMS_Project\LLMS_analysis\.venv\Lib\site-packages\sklearn\metrics\_classification.py:1833: UndefinedMetricWarning: Precision is ill-defined and being set to 0.0 in labels with no predicted samples. Use `zero_division` parameter to control this behavior.
  _warn_prf(average, modifier, f"{metric.capitalize()} is", result.shape[0])
C:\Users\danie\Dropbox\Javeriana\Proyecto LLMS text\LLMS_Project\LLMS_analysis\.venv\Lib\site-packages\sklearn\metrics\_classification.py:1833: UndefinedMetricWarning: Precision is ill-defined and being set to 0.0 in labels with no predicted samples. Use `zero_division` parameter to control this behavior.
  _warn_prf(average, modifier, f"{metric.capitalize()} is", result.shape[0])
C:\Users\danie\Dropbox\Javeriana\Proyecto LLMS text\LLMS_Project\LLMS_analysis\.venv\Lib\site-packages\sklearn\metrics\_classification.py:1833: UndefinedMetricWarning: Precision is ill-defined and being set to 0.0 in labels with no predicted samples. Use `zero_division` parameter to control this behavior.
  _warn_prf(average, modifier, f"{metric.capitalize()} is", result.shape[0])
C:\Users\danie\Dropbox\Javeriana\Proyecto LLMS text\LLMS_Project\LLMS_analysis\.venv\Lib\site-packages\sklearn\metrics\_classification.py:1833: UndefinedMetricWarning: Precision is ill-defined and being set to 0.0 in labels with no predicted samples. Use `zero_division` parameter to control this behavior.
  _warn_prf(average, modifier, f"{metric.capitalize()} is", result.shape[0])
C:\Users\danie\Dropbox\Javeriana\Proyecto LLMS text\LLMS_Project\LLMS_analysis\.venv\Lib\site-packages\sklearn\metrics\_classification.py:1833: UndefinedMetricWarning: Precision is ill-defined and being set to 0.0 in labels with no predicted samples. Use `zero_division` parameter to control this behavior.
  _warn_prf(average, modifier, f"{metric.capitalize()} is", result.shape[0])
C:\Users\danie\Dropbox\Javeriana\Proyecto LLMS text\LLMS_Project\LLMS_analysis\.venv\Lib\site-packages\sklearn\metrics\_classification.py:1833: UndefinedMetricWarning: Precision is ill-defined and being set to 0.0 in labels with no predicted samples. Use `zero_division` parameter to control this behavior.
  _warn_prf(average, modifier, f"{metric.capitalize()} is", result.shape[0])
C:\Users\danie\Dropbox\Javeriana\Proyecto LLMS text\LLMS_Project\LLMS_analysis\.venv\Lib\site-packages\sklearn\metrics\_classification.py:1833: UndefinedMetricWarning: Precision is ill-defined and being set to 0.0 in labels with no predicted samples. Use `zero_division` parameter to control this behavior.
  _warn_prf(average, modifier, f"{metric.capitalize()} is", result.shape[0])
C:\Users\danie\Dropbox\Javeriana\Proyecto LLMS text\LLMS_Project\LLMS_analysis\.venv\Lib\site-packages\sklearn\metrics\_classification.py:1833: UndefinedMetricWarning: Precision is ill-defined and being set to 0.0 in labels with no predicted samples. Use `zero_division` parameter to control this behavior.
  _warn_prf(average, modifier, f"{metric.capitalize()} is", result.shape[0])
C:\Users\danie\Dropbox\Javeriana\Proyecto LLMS text\LLMS_Project\LLMS_analysis\.venv\Lib\site-packages\sklearn\metrics\_classification.py:1833: UndefinedMetricWarning: Precision is ill-defined and being set to 0.0 in labels with no predicted samples. Use `zero_division` parameter to control this behavior.
  _warn_prf(average, modifier, f"{metric.capitalize()} is", result.shape[0])
C:\Users\danie\Dropbox\Javeriana\Proyecto LLMS text\LLMS_Project\LLMS_analysis\.venv\Lib\site-packages\sklearn\metrics\_classification.py:1833: UndefinedMetricWarning: Precision is ill-defined and being set to 0.0 in labels with no predicted samples. Use `zero_division` parameter to control this behavior.
  _warn_prf(average, modifier, f"{metric.capitalize()} is", result.shape[0])
C:\Users\danie\Dropbox\Javeriana\Proyecto LLMS text\LLMS_Project\LLMS_analysis\.venv\Lib\site-packages\sklearn\metrics\_classification.py:1833: UndefinedMetricWarning: Precision is ill-defined and being set to 0.0 in labels with no predicted samples. Use `zero_division` parameter to control this behavior.
  _warn_prf(average, modifier, f"{metric.capitalize()} is", result.shape[0])
C:\Users\danie\Dropbox\Javeriana\Proyecto LLMS text\LLMS_Project\LLMS_analysis\.venv\Lib\site-packages\sklearn\metrics\_classification.py:1833: UndefinedMetricWarning: Precision is ill-defined and being set to 0.0 in labels with no predicted samples. Use `zero_division` parameter to control this behavior.
  _warn_prf(average, modifier, f"{metric.capitalize()} is", result.shape[0])
C:\Users\danie\Dropbox\Javeriana\Proyecto LLMS text\LLMS_Project\LLMS_analysis\.venv\Lib\site-packages\sklearn\metrics\_classification.py:1833: UndefinedMetricWarning: Precision is ill-defined and being set to 0.0 in labels with no predicted samples. Use `zero_division` parameter to control this behavior.
  _warn_prf(average, modifier, f"{metric.capitalize()} is", result.shape[0])
C:\Users\danie\Dropbox\Javeriana\Proyecto LLMS text\LLMS_Project\LLMS_analysis\.venv\Lib\site-packages\sklearn\metrics\_classification.py:1833: UndefinedMetricWarning: Precision is ill-defined and being set to 0.0 in labels with no predicted samples. Use `zero_division` parameter to control this behavior.
  _warn_prf(average, modifier, f"{metric.capitalize()} is", result.shape[0])
C:\Users\danie\Dropbox\Javeriana\Proyecto LLMS text\LLMS_Project\LLMS_analysis\.venv\Lib\site-packages\sklearn\metrics\_classification.py:1833: UndefinedMetricWarning: Precision is ill-defined and being set to 0.0 in labels with no predicted samples. Use `zero_division` parameter to control this behavior.
  _warn_prf(average, modifier, f"{metric.capitalize()} is", result.shape[0])
C:\Users\danie\Dropbox\Javeriana\Proyecto LLMS text\LLMS_Project\LLMS_analysis\.venv\Lib\site-packages\sklearn\metrics\_classification.py:1833: UndefinedMetricWarning: Precision is ill-defined and being set to 0.0 in labels with no predicted samples. Use `zero_division` parameter to control this behavior.
  _warn_prf(average, modifier, f"{metric.capitalize()} is", result.shape[0])
C:\Users\danie\Dropbox\Javeriana\Proyecto LLMS text\LLMS_Project\LLMS_analysis\.venv\Lib\site-packages\sklearn\metrics\_classification.py:1833: UndefinedMetricWarning: Precision is ill-defined and being set to 0.0 in labels with no predicted samples. Use `zero_division` parameter to control this behavior.
  _warn_prf(average, modifier, f"{metric.capitalize()} is", result.shape[0])
C:\Users\danie\Dropbox\Javeriana\Proyecto LLMS text\LLMS_Project\LLMS_analysis\.venv\Lib\site-packages\sklearn\metrics\_classification.py:1833: UndefinedMetricWarning: Precision is ill-defined and being set to 0.0 in labels with no predicted samples. Use `zero_division` parameter to control this behavior.
  _warn_prf(average, modifier, f"{metric.capitalize()} is", result.shape[0])
C:\Users\danie\Dropbox\Javeriana\Proyecto LLMS text\LLMS_Project\LLMS_analysis\.venv\Lib\site-packages\sklearn\metrics\_classification.py:1833: UndefinedMetricWarning: Precision is ill-defined and being set to 0.0 in labels with no predicted samples. Use `zero_division` parameter to control this behavior.
  _warn_prf(average, modifier, f"{metric.capitalize()} is", result.shape[0])
C:\Users\danie\Dropbox\Javeriana\Proyecto LLMS text\LLMS_Project\LLMS_analysis\.venv\Lib\site-packages\sklearn\metrics\_classification.py:1833: UndefinedMetricWarning: Precision is ill-defined and being set to 0.0 in labels with no predicted samples. Use `zero_division` parameter to control this behavior.
  _warn_prf(average, modifier, f"{metric.capitalize()} is", result.shape[0])
C:\Users\danie\Dropbox\Javeriana\Proyecto LLMS text\LLMS_Project\LLMS_analysis\.venv\Lib\site-packages\sklearn\metrics\_classification.py:1833: UndefinedMetricWarning: Precision is ill-defined and being set to 0.0 in labels with no predicted samples. Use `zero_division` parameter to control this behavior.
  _warn_prf(average, modifier, f"{metric.capitalize()} is", result.shape[0])
C:\Users\danie\Dropbox\Javeriana\Proyecto LLMS text\LLMS_Project\LLMS_analysis\.venv\Lib\site-packages\sklearn\metrics\_classification.py:1833: UndefinedMetricWarning: Precision is ill-defined and being set to 0.0 in labels with no predicted samples. Use `zero_division` parameter to control this behavior.
  _warn_prf(average, modifier, f"{metric.capitalize()} is", result.shape[0])
C:\Users\danie\Dropbox\Javeriana\Proyecto LLMS text\LLMS_Project\LLMS_analysis\.venv\Lib\site-packages\sklearn\metrics\_classification.py:1833: UndefinedMetricWarning: Precision is ill-defined and being set to 0.0 in labels with no predicted samples. Use `zero_division` parameter to control this behavior.
  _warn_prf(average, modifier, f"{metric.capitalize()} is", result.shape[0])
C:\Users\danie\Dropbox\Javeriana\Proyecto LLMS text\LLMS_Project\LLMS_analysis\.venv\Lib\site-packages\sklearn\metrics\_classification.py:1833: UndefinedMetricWarning: Precision is ill-defined and being set to 0.0 in labels with no predicted samples. Use `zero_division` parameter to control this behavior.
  _warn_prf(average, modifier, f"{metric.capitalize()} is", result.shape[0])
C:\Users\danie\Dropbox\Javeriana\Proyecto LLMS text\LLMS_Project\LLMS_analysis\.venv\Lib\site-packages\sklearn\metrics\_classification.py:1833: UndefinedMetricWarning: Precision is ill-defined and being set to 0.0 in labels with no predicted samples. Use `zero_division` parameter to control this behavior.
  _warn_prf(average, modifier, f"{metric.capitalize()} is", result.shape[0])
C:\Users\danie\Dropbox\Javeriana\Proyecto LLMS text\LLMS_Project\LLMS_analysis\.venv\Lib\site-packages\sklearn\metrics\_classification.py:1833: UndefinedMetricWarning: Precision is ill-defined and being set to 0.0 in labels with no predicted samples. Use `zero_division` parameter to control this behavior.
  _warn_prf(average, modifier, f"{metric.capitalize()} is", result.shape[0])
C:\Users\danie\Dropbox\Javeriana\Proyecto LLMS text\LLMS_Project\LLMS_analysis\.venv\Lib\site-packages\sklearn\metrics\_classification.py:1833: UndefinedMetricWarning: Precision is ill-defined and being set to 0.0 in labels with no predicted samples. Use `zero_division` parameter to control this behavior.
  _warn_prf(average, modifier, f"{metric.capitalize()} is", result.shape[0])
C:\Users\danie\Dropbox\Javeriana\Proyecto LLMS text\LLMS_Project\LLMS_analysis\.venv\Lib\site-packages\sklearn\metrics\_classification.py:1833: UndefinedMetricWarning: Precision is ill-defined and being set to 0.0 in labels with no predicted samples. Use `zero_division` parameter to control this behavior.
  _warn_prf(average, modifier, f"{metric.capitalize()} is", result.shape[0])
C:\Users\danie\Dropbox\Javeriana\Proyecto LLMS text\LLMS_Project\LLMS_analysis\.venv\Lib\site-packages\sklearn\metrics\_classification.py:1833: UndefinedMetricWarning: Precision is ill-defined and being set to 0.0 in labels with no predicted samples. Use `zero_division` parameter to control this behavior.
  _warn_prf(average, modifier, f"{metric.capitalize()} is", result.shape[0])
C:\Users\danie\Dropbox\Javeriana\Proyecto LLMS text\LLMS_Project\LLMS_analysis\.venv\Lib\site-packages\sklearn\metrics\_classification.py:1833: UndefinedMetricWarning: Precision is ill-defined and being set to 0.0 in labels with no predicted samples. Use `zero_division` parameter to control this behavior.
  _warn_prf(average, modifier, f"{metric.capitalize()} is", result.shape[0])
C:\Users\danie\Dropbox\Javeriana\Proyecto LLMS text\LLMS_Project\LLMS_analysis\.venv\Lib\site-packages\sklearn\metrics\_classification.py:1833: UndefinedMetricWarning: Precision is ill-defined and being set to 0.0 in labels with no predicted samples. Use `zero_division` parameter to control this behavior.
  _warn_prf(average, modifier, f"{metric.capitalize()} is", result.shape[0])
C:\Users\danie\Dropbox\Javeriana\Proyecto LLMS text\LLMS_Project\LLMS_analysis\.venv\Lib\site-packages\sklearn\metrics\_classification.py:1833: UndefinedMetricWarning: Precision is ill-defined and being set to 0.0 in labels with no predicted samples. Use `zero_division` parameter to control this behavior.
  _warn_prf(average, modifier, f"{metric.capitalize()} is", result.shape[0])
C:\Users\danie\Dropbox\Javeriana\Proyecto LLMS text\LLMS_Project\LLMS_analysis\.venv\Lib\site-packages\sklearn\metrics\_classification.py:1833: UndefinedMetricWarning: Precision is ill-defined and being set to 0.0 in labels with no predicted samples. Use `zero_division` parameter to control this behavior.
  _warn_prf(average, modifier, f"{metric.capitalize()} is", result.shape[0])
C:\Users\danie\Dropbox\Javeriana\Proyecto LLMS text\LLMS_Project\LLMS_analysis\.venv\Lib\site-packages\sklearn\metrics\_classification.py:1833: UndefinedMetricWarning: Recall is ill-defined and being set to 0.0 in labels with no true samples. Use `zero_division` parameter to control this behavior.
  _warn_prf(average, modifier, f"{metric.capitalize()} is", result.shape[0])
C:\Users\danie\Dropbox\Javeriana\Proyecto LLMS text\LLMS_Project\LLMS_analysis\.venv\Lib\site-packages\sklearn\metrics\_classification.py:1833: UndefinedMetricWarning: Recall is ill-defined and being set to 0.0 in labels with no true samples. Use `zero_division` parameter to control this behavior.
  _warn_prf(average, modifier, f"{metric.capitalize()} is", result.shape[0])
C:\Users\danie\Dropbox\Javeriana\Proyecto LLMS text\LLMS_Project\LLMS_analysis\.venv\Lib\site-packages\sklearn\metrics\_classification.py:1833: UndefinedMetricWarning: Recall is ill-defined and being set to 0.0 in labels with no true samples. Use `zero_division` parameter to control this behavior.
  _warn_prf(average, modifier, f"{metric.capitalize()} is", result.shape[0])
C:\Users\danie\Dropbox\Javeriana\Proyecto LLMS text\LLMS_Project\LLMS_analysis\.venv\Lib\site-packages\sklearn\metrics\_classification.py:1833: UndefinedMetricWarning: Recall is ill-defined and being set to 0.0 in labels with no true samples. Use `zero_division` parameter to control this behavior.
  _warn_prf(average, modifier, f"{metric.capitalize()} is", result.shape[0])
C:\Users\danie\Dropbox\Javeriana\Proyecto LLMS text\LLMS_Project\LLMS_analysis\.venv\Lib\site-packages\sklearn\metrics\_classification.py:1833: UndefinedMetricWarning: Recall is ill-defined and being set to 0.0 in labels with no true samples. Use `zero_division` parameter to control this behavior.
  _warn_prf(average, modifier, f"{metric.capitalize()} is", result.shape[0])
C:\Users\danie\Dropbox\Javeriana\Proyecto LLMS text\LLMS_Project\LLMS_analysis\.venv\Lib\site-packages\sklearn\metrics\_classification.py:1833: UndefinedMetricWarning: Recall is ill-defined and being set to 0.0 in labels with no true samples. Use `zero_division` parameter to control this behavior.
  _warn_prf(average, modifier, f"{metric.capitalize()} is", result.shape[0])
C:\Users\danie\Dropbox\Javeriana\Proyecto LLMS text\LLMS_Project\LLMS_analysis\.venv\Lib\site-packages\sklearn\metrics\_classification.py:1833: UndefinedMetricWarning: Recall is ill-defined and being set to 0.0 in labels with no true samples. Use `zero_division` parameter to control this behavior.
  _warn_prf(average, modifier, f"{metric.capitalize()} is", result.shape[0])
C:\Users\danie\Dropbox\Javeriana\Proyecto LLMS text\LLMS_Project\LLMS_analysis\.venv\Lib\site-packages\sklearn\metrics\_classification.py:1833: UndefinedMetricWarning: Recall is ill-defined and being set to 0.0 in labels with no true samples. Use `zero_division` parameter to control this behavior.
  _warn_prf(average, modifier, f"{metric.capitalize()} is", result.shape[0])
C:\Users\danie\Dropbox\Javeriana\Proyecto LLMS text\LLMS_Project\LLMS_analysis\.venv\Lib\site-packages\sklearn\metrics\_classification.py:1833: UndefinedMetricWarning: Recall is ill-defined and being set to 0.0 in labels with no true samples. Use `zero_division` parameter to control this behavior.
  _warn_prf(average, modifier, f"{metric.capitalize()} is", result.shape[0])
C:\Users\danie\Dropbox\Javeriana\Proyecto LLMS text\LLMS_Project\LLMS_analysis\.venv\Lib\site-packages\sklearn\metrics\_classification.py:1833: UndefinedMetricWarning: Recall is ill-defined and being set to 0.0 in labels with no true samples. Use `zero_division` parameter to control this behavior.
  _warn_prf(average, modifier, f"{metric.capitalize()} is", result.shape[0])
C:\Users\danie\Dropbox\Javeriana\Proyecto LLMS text\LLMS_Project\LLMS_analysis\.venv\Lib\site-packages\sklearn\metrics\_classification.py:1833: UndefinedMetricWarning: Recall is ill-defined and being set to 0.0 in labels with no true samples. Use `zero_division` parameter to control this behavior.
  _warn_prf(average, modifier, f"{metric.capitalize()} is", result.shape[0])
C:\Users\danie\Dropbox\Javeriana\Proyecto LLMS text\LLMS_Project\LLMS_analysis\.venv\Lib\site-packages\sklearn\metrics\_classification.py:1833: UndefinedMetricWarning: Recall is ill-defined and being set to 0.0 in labels with no true samples. Use `zero_division` parameter to control this behavior.
  _warn_prf(average, modifier, f"{metric.capitalize()} is", result.shape[0])
C:\Users\danie\Dropbox\Javeriana\Proyecto LLMS text\LLMS_Project\LLMS_analysis\.venv\Lib\site-packages\sklearn\metrics\_classification.py:1833: UndefinedMetricWarning: Recall is ill-defined and being set to 0.0 in labels with no true samples. Use `zero_division` parameter to control this behavior.
  _warn_prf(average, modifier, f"{metric.capitalize()} is", result.shape[0])
C:\Users\danie\Dropbox\Javeriana\Proyecto LLMS text\LLMS_Project\LLMS_analysis\.venv\Lib\site-packages\sklearn\metrics\_classification.py:1833: UndefinedMetricWarning: Recall is ill-defined and being set to 0.0 in labels with no true samples. Use `zero_division` parameter to control this behavior.
  _warn_prf(average, modifier, f"{metric.capitalize()} is", result.shape[0])
C:\Users\danie\Dropbox\Javeriana\Proyecto LLMS text\LLMS_Project\LLMS_analysis\.venv\Lib\site-packages\sklearn\metrics\_classification.py:1833: UndefinedMetricWarning: Recall is ill-defined and being set to 0.0 in labels with no true samples. Use `zero_division` parameter to control this behavior.
  _warn_prf(average, modifier, f"{metric.capitalize()} is", result.shape[0])
C:\Users\danie\Dropbox\Javeriana\Proyecto LLMS text\LLMS_Project\LLMS_analysis\.venv\Lib\site-packages\sklearn\metrics\_classification.py:1833: UndefinedMetricWarning: Recall is ill-defined and being set to 0.0 in labels with no true samples. Use `zero_division` parameter to control this behavior.
  _warn_prf(average, modifier, f"{metric.capitalize()} is", result.shape[0])
C:\Users\danie\Dropbox\Javeriana\Proyecto LLMS text\LLMS_Project\LLMS_analysis\.venv\Lib\site-packages\sklearn\metrics\_classification.py:1833: UndefinedMetricWarning: Recall is ill-defined and being set to 0.0 in labels with no true samples. Use `zero_division` parameter to control this behavior.
  _warn_prf(average, modifier, f"{metric.capitalize()} is", result.shape[0])
C:\Users\danie\Dropbox\Javeriana\Proyecto LLMS text\LLMS_Project\LLMS_analysis\.venv\Lib\site-packages\sklearn\metrics\_classification.py:1833: UndefinedMetricWarning: Recall is ill-defined and being set to 0.0 in labels with no true samples. Use `zero_division` parameter to control this behavior.
  _warn_prf(average, modifier, f"{metric.capitalize()} is", result.shape[0])
C:\Users\danie\Dropbox\Javeriana\Proyecto LLMS text\LLMS_Project\LLMS_analysis\.venv\Lib\site-packages\sklearn\metrics\_classification.py:1833: UndefinedMetricWarning: Recall is ill-defined and being set to 0.0 in labels with no true samples. Use `zero_division` parameter to control this behavior.
  _warn_prf(average, modifier, f"{metric.capitalize()} is", result.shape[0])
C:\Users\danie\Dropbox\Javeriana\Proyecto LLMS text\LLMS_Project\LLMS_analysis\.venv\Lib\site-packages\sklearn\metrics\_classification.py:1833: UndefinedMetricWarning: Recall is ill-defined and being set to 0.0 in labels with no true samples. Use `zero_division` parameter to control this behavior.
  _warn_prf(average, modifier, f"{metric.capitalize()} is", result.shape[0])
C:\Users\danie\Dropbox\Javeriana\Proyecto LLMS text\LLMS_Project\LLMS_analysis\.venv\Lib\site-packages\sklearn\metrics\_classification.py:1833: UndefinedMetricWarning: Recall is ill-defined and being set to 0.0 in labels with no true samples. Use `zero_division` parameter to control this behavior.
  _warn_prf(average, modifier, f"{metric.capitalize()} is", result.shape[0])
C:\Users\danie\Dropbox\Javeriana\Proyecto LLMS text\LLMS_Project\LLMS_analysis\.venv\Lib\site-packages\sklearn\metrics\_classification.py:1833: UndefinedMetricWarning: Recall is ill-defined and being set to 0.0 in labels with no true samples. Use `zero_division` parameter to control this behavior.
  _warn_prf(average, modifier, f"{metric.capitalize()} is", result.shape[0])
C:\Users\danie\Dropbox\Javeriana\Proyecto LLMS text\LLMS_Project\LLMS_analysis\.venv\Lib\site-packages\sklearn\metrics\_classification.py:1833: UndefinedMetricWarning: Recall is ill-defined and being set to 0.0 in labels with no true samples. Use `zero_division` parameter to control this behavior.
  _warn_prf(average, modifier, f"{metric.capitalize()} is", result.shape[0])
C:\Users\danie\Dropbox\Javeriana\Proyecto LLMS text\LLMS_Project\LLMS_analysis\.venv\Lib\site-packages\sklearn\metrics\_classification.py:1833: UndefinedMetricWarning: Recall is ill-defined and being set to 0.0 in labels with no true samples. Use `zero_division` parameter to control this behavior.
  _warn_prf(average, modifier, f"{metric.capitalize()} is", result.shape[0])
C:\Users\danie\Dropbox\Javeriana\Proyecto LLMS text\LLMS_Project\LLMS_analysis\.venv\Lib\site-packages\sklearn\metrics\_classification.py:1833: UndefinedMetricWarning: Recall is ill-defined and being set to 0.0 in labels with no true samples. Use `zero_division` parameter to control this behavior.
  _warn_prf(average, modifier, f"{metric.capitalize()} is", result.shape[0])
C:\Users\danie\Dropbox\Javeriana\Proyecto LLMS text\LLMS_Project\LLMS_analysis\.venv\Lib\site-packages\sklearn\metrics\_classification.py:1833: UndefinedMetricWarning: Recall is ill-defined and being set to 0.0 in labels with no true samples. Use `zero_division` parameter to control this behavior.
  _warn_prf(average, modifier, f"{metric.capitalize()} is", result.shape[0])
C:\Users\danie\Dropbox\Javeriana\Proyecto LLMS text\LLMS_Project\LLMS_analysis\.venv\Lib\site-packages\sklearn\metrics\_classification.py:1833: UndefinedMetricWarning: Recall is ill-defined and being set to 0.0 in labels with no true samples. Use `zero_division` parameter to control this behavior.
  _warn_prf(average, modifier, f"{metric.capitalize()} is", result.shape[0])
C:\Users\danie\Dropbox\Javeriana\Proyecto LLMS text\LLMS_Project\LLMS_analysis\.venv\Lib\site-packages\sklearn\metrics\_classification.py:1833: UndefinedMetricWarning: Precision is ill-defined and being set to 0.0 in labels with no predicted samples. Use `zero_division` parameter to control this behavior.
  _warn_prf(average, modifier, f"{metric.capitalize()} is", result.shape[0])
C:\Users\danie\Dropbox\Javeriana\Proyecto LLMS text\LLMS_Project\LLMS_analysis\.venv\Lib\site-packages\sklearn\metrics\_classification.py:1833: UndefinedMetricWarning: Precision is ill-defined and being set to 0.0 in labels with no predicted samples. Use `zero_division` parameter to control this behavior.
  _warn_prf(average, modifier, f"{metric.capitalize()} is", result.shape[0])
C:\Users\danie\Dropbox\Javeriana\Proyecto LLMS text\LLMS_Project\LLMS_analysis\.venv\Lib\site-packages\sklearn\metrics\_classification.py:1833: UndefinedMetricWarning: Precision is ill-defined and being set to 0.0 in labels with no predicted samples. Use `zero_division` parameter to control this behavior.
  _warn_prf(average, modifier, f"{metric.capitalize()} is", result.shape[0])
C:\Users\danie\Dropbox\Javeriana\Proyecto LLMS text\LLMS_Project\LLMS_analysis\.venv\Lib\site-packages\sklearn\metrics\_classification.py:1833: UndefinedMetricWarning: Precision is ill-defined and being set to 0.0 in labels with no predicted samples. Use `zero_division` parameter to control this behavior.
  _warn_prf(average, modifier, f"{metric.capitalize()} is", result.shape[0])
C:\Users\danie\Dropbox\Javeriana\Proyecto LLMS text\LLMS_Project\LLMS_analysis\.venv\Lib\site-packages\sklearn\metrics\_classification.py:1833: UndefinedMetricWarning: Precision is ill-defined and being set to 0.0 in labels with no predicted samples. Use `zero_division` parameter to control this behavior.
  _warn_prf(average, modifier, f"{metric.capitalize()} is", result.shape[0])
C:\Users\danie\Dropbox\Javeriana\Proyecto LLMS text\LLMS_Project\LLMS_analysis\.venv\Lib\site-packages\sklearn\metrics\_classification.py:1833: UndefinedMetricWarning: Precision is ill-defined and being set to 0.0 in labels with no predicted samples. Use `zero_division` parameter to control this behavior.
  _warn_prf(average, modifier, f"{metric.capitalize()} is", result.shape[0])
C:\Users\danie\Dropbox\Javeriana\Proyecto LLMS text\LLMS_Project\LLMS_analysis\.venv\Lib\site-packages\sklearn\metrics\_classification.py:1833: UndefinedMetricWarning: Precision is ill-defined and being set to 0.0 in labels with no predicted samples. Use `zero_division` parameter to control this behavior.
  _warn_prf(average, modifier, f"{metric.capitalize()} is", result.shape[0])
C:\Users\danie\Dropbox\Javeriana\Proyecto LLMS text\LLMS_Project\LLMS_analysis\.venv\Lib\site-packages\sklearn\metrics\_classification.py:1833: UndefinedMetricWarning: Precision is ill-defined and being set to 0.0 in labels with no predicted samples. Use `zero_division` parameter to control this behavior.
  _warn_prf(average, modifier, f"{metric.capitalize()} is", result.shape[0])
C:\Users\danie\Dropbox\Javeriana\Proyecto LLMS text\LLMS_Project\LLMS_analysis\.venv\Lib\site-packages\sklearn\metrics\_classification.py:1833: UndefinedMetricWarning: Precision is ill-defined and being set to 0.0 in labels with no predicted samples. Use `zero_division` parameter to control this behavior.
  _warn_prf(average, modifier, f"{metric.capitalize()} is", result.shape[0])
C:\Users\danie\Dropbox\Javeriana\Proyecto LLMS text\LLMS_Project\LLMS_analysis\.venv\Lib\site-packages\sklearn\metrics\_classification.py:1833: UndefinedMetricWarning: Precision is ill-defined and being set to 0.0 in labels with no predicted samples. Use `zero_division` parameter to control this behavior.
  _warn_prf(average, modifier, f"{metric.capitalize()} is", result.shape[0])
C:\Users\danie\Dropbox\Javeriana\Proyecto LLMS text\LLMS_Project\LLMS_analysis\.venv\Lib\site-packages\sklearn\metrics\_classification.py:1833: UndefinedMetricWarning: Precision is ill-defined and being set to 0.0 in labels with no predicted samples. Use `zero_division` parameter to control this behavior.
  _warn_prf(average, modifier, f"{metric.capitalize()} is", result.shape[0])
C:\Users\danie\Dropbox\Javeriana\Proyecto LLMS text\LLMS_Project\LLMS_analysis\.venv\Lib\site-packages\sklearn\metrics\_classification.py:1833: UndefinedMetricWarning: Precision is ill-defined and being set to 0.0 in labels with no predicted samples. Use `zero_division` parameter to control this behavior.
  _warn_prf(average, modifier, f"{metric.capitalize()} is", result.shape[0])
C:\Users\danie\Dropbox\Javeriana\Proyecto LLMS text\LLMS_Project\LLMS_analysis\.venv\Lib\site-packages\sklearn\metrics\_classification.py:1833: UndefinedMetricWarning: Precision is ill-defined and being set to 0.0 in labels with no predicted samples. Use `zero_division` parameter to control this behavior.
  _warn_prf(average, modifier, f"{metric.capitalize()} is", result.shape[0])
C:\Users\danie\Dropbox\Javeriana\Proyecto LLMS text\LLMS_Project\LLMS_analysis\.venv\Lib\site-packages\sklearn\metrics\_classification.py:1833: UndefinedMetricWarning: Precision is ill-defined and being set to 0.0 in labels with no predicted samples. Use `zero_division` parameter to control this behavior.
  _warn_prf(average, modifier, f"{metric.capitalize()} is", result.shape[0])
C:\Users\danie\Dropbox\Javeriana\Proyecto LLMS text\LLMS_Project\LLMS_analysis\.venv\Lib\site-packages\sklearn\metrics\_classification.py:1833: UndefinedMetricWarning: Precision is ill-defined and being set to 0.0 in labels with no predicted samples. Use `zero_division` parameter to control this behavior.
  _warn_prf(average, modifier, f"{metric.capitalize()} is", result.shape[0])
C:\Users\danie\Dropbox\Javeriana\Proyecto LLMS text\LLMS_Project\LLMS_analysis\.venv\Lib\site-packages\sklearn\metrics\_classification.py:1833: UndefinedMetricWarning: Precision is ill-defined and being set to 0.0 in labels with no predicted samples. Use `zero_division` parameter to control this behavior.
  _warn_prf(average, modifier, f"{metric.capitalize()} is", result.shape[0])
C:\Users\danie\Dropbox\Javeriana\Proyecto LLMS text\LLMS_Project\LLMS_analysis\.venv\Lib\site-packages\sklearn\metrics\_classification.py:1833: UndefinedMetricWarning: Precision is ill-defined and being set to 0.0 in labels with no predicted samples. Use `zero_division` parameter to control this behavior.
  _warn_prf(average, modifier, f"{metric.capitalize()} is", result.shape[0])
C:\Users\danie\Dropbox\Javeriana\Proyecto LLMS text\LLMS_Project\LLMS_analysis\.venv\Lib\site-packages\sklearn\metrics\_classification.py:1833: UndefinedMetricWarning: Precision is ill-defined and being set to 0.0 in labels with no predicted samples. Use `zero_division` parameter to control this behavior.
  _warn_prf(average, modifier, f"{metric.capitalize()} is", result.shape[0])
C:\Users\danie\Dropbox\Javeriana\Proyecto LLMS text\LLMS_Project\LLMS_analysis\.venv\Lib\site-packages\sklearn\metrics\_classification.py:1833: UndefinedMetricWarning: Precision is ill-defined and being set to 0.0 in labels with no predicted samples. Use `zero_division` parameter to control this behavior.
  _warn_prf(average, modifier, f"{metric.capitalize()} is", result.shape[0])
C:\Users\danie\Dropbox\Javeriana\Proyecto LLMS text\LLMS_Project\LLMS_analysis\.venv\Lib\site-packages\sklearn\metrics\_classification.py:1833: UndefinedMetricWarning: Precision is ill-defined and being set to 0.0 in labels with no predicted samples. Use `zero_division` parameter to control this behavior.
  _warn_prf(average, modifier, f"{metric.capitalize()} is", result.shape[0])
C:\Users\danie\Dropbox\Javeriana\Proyecto LLMS text\LLMS_Project\LLMS_analysis\.venv\Lib\site-packages\sklearn\metrics\_classification.py:1833: UndefinedMetricWarning: Precision is ill-defined and being set to 0.0 in labels with no predicted samples. Use `zero_division` parameter to control this behavior.
  _warn_prf(average, modifier, f"{metric.capitalize()} is", result.shape[0])
C:\Users\danie\Dropbox\Javeriana\Proyecto LLMS text\LLMS_Project\LLMS_analysis\.venv\Lib\site-packages\sklearn\metrics\_classification.py:1833: UndefinedMetricWarning: Precision is ill-defined and being set to 0.0 in labels with no predicted samples. Use `zero_division` parameter to control this behavior.
  _warn_prf(average, modifier, f"{metric.capitalize()} is", result.shape[0])
C:\Users\danie\Dropbox\Javeriana\Proyecto LLMS text\LLMS_Project\LLMS_analysis\.venv\Lib\site-packages\sklearn\metrics\_classification.py:1833: UndefinedMetricWarning: Precision is ill-defined and being set to 0.0 in labels with no predicted samples. Use `zero_division` parameter to control this behavior.
  _warn_prf(average, modifier, f"{metric.capitalize()} is", result.shape[0])
C:\Users\danie\Dropbox\Javeriana\Proyecto LLMS text\LLMS_Project\LLMS_analysis\.venv\Lib\site-packages\sklearn\metrics\_classification.py:1833: UndefinedMetricWarning: Precision is ill-defined and being set to 0.0 in labels with no predicted samples. Use `zero_division` parameter to control this behavior.
  _warn_prf(average, modifier, f"{metric.capitalize()} is", result.shape[0])
C:\Users\danie\Dropbox\Javeriana\Proyecto LLMS text\LLMS_Project\LLMS_analysis\.venv\Lib\site-packages\sklearn\metrics\_classification.py:1833: UndefinedMetricWarning: Precision is ill-defined and being set to 0.0 in labels with no predicted samples. Use `zero_division` parameter to control this behavior.
  _warn_prf(average, modifier, f"{metric.capitalize()} is", result.shape[0])
C:\Users\danie\Dropbox\Javeriana\Proyecto LLMS text\LLMS_Project\LLMS_analysis\.venv\Lib\site-packages\sklearn\metrics\_classification.py:1833: UndefinedMetricWarning: Precision is ill-defined and being set to 0.0 in labels with no predicted samples. Use `zero_division` parameter to control this behavior.
  _warn_prf(average, modifier, f"{metric.capitalize()} is", result.shape[0])
C:\Users\danie\Dropbox\Javeriana\Proyecto LLMS text\LLMS_Project\LLMS_analysis\.venv\Lib\site-packages\sklearn\metrics\_classification.py:1833: UndefinedMetricWarning: Precision is ill-defined and being set to 0.0 in labels with no predicted samples. Use `zero_division` parameter to control this behavior.
  _warn_prf(average, modifier, f"{metric.capitalize()} is", result.shape[0])
C:\Users\danie\Dropbox\Javeriana\Proyecto LLMS text\LLMS_Project\LLMS_analysis\.venv\Lib\site-packages\sklearn\metrics\_classification.py:1833: UndefinedMetricWarning: Precision is ill-defined and being set to 0.0 in labels with no predicted samples. Use `zero_division` parameter to control this behavior.
  _warn_prf(average, modifier, f"{metric.capitalize()} is", result.shape[0])
C:\Users\danie\Dropbox\Javeriana\Proyecto LLMS text\LLMS_Project\LLMS_analysis\.venv\Lib\site-packages\sklearn\metrics\_classification.py:1833: UndefinedMetricWarning: Precision is ill-defined and being set to 0.0 in labels with no predicted samples. Use `zero_division` parameter to control this behavior.
  _warn_prf(average, modifier, f"{metric.capitalize()} is", result.shape[0])
C:\Users\danie\Dropbox\Javeriana\Proyecto LLMS text\LLMS_Project\LLMS_analysis\.venv\Lib\site-packages\sklearn\metrics\_classification.py:1833: UndefinedMetricWarning: Precision is ill-defined and being set to 0.0 in labels with no predicted samples. Use `zero_division` parameter to control this behavior.
  _warn_prf(average, modifier, f"{metric.capitalize()} is", result.shape[0])
C:\Users\danie\Dropbox\Javeriana\Proyecto LLMS text\LLMS_Project\LLMS_analysis\.venv\Lib\site-packages\sklearn\metrics\_classification.py:1833: UndefinedMetricWarning: Precision is ill-defined and being set to 0.0 in labels with no predicted samples. Use `zero_division` parameter to control this behavior.
  _warn_prf(average, modifier, f"{metric.capitalize()} is", result.shape[0])
C:\Users\danie\Dropbox\Javeriana\Proyecto LLMS text\LLMS_Project\LLMS_analysis\.venv\Lib\site-packages\sklearn\metrics\_classification.py:1833: UndefinedMetricWarning: Precision is ill-defined and being set to 0.0 in labels with no predicted samples. Use `zero_division` parameter to control this behavior.
  _warn_prf(average, modifier, f"{metric.capitalize()} is", result.shape[0])
C:\Users\danie\Dropbox\Javeriana\Proyecto LLMS text\LLMS_Project\LLMS_analysis\.venv\Lib\site-packages\sklearn\metrics\_classification.py:1833: UndefinedMetricWarning: Precision is ill-defined and being set to 0.0 in labels with no predicted samples. Use `zero_division` parameter to control this behavior.
  _warn_prf(average, modifier, f"{metric.capitalize()} is", result.shape[0])
C:\Users\danie\Dropbox\Javeriana\Proyecto LLMS text\LLMS_Project\LLMS_analysis\.venv\Lib\site-packages\sklearn\metrics\_classification.py:1833: UndefinedMetricWarning: Precision is ill-defined and being set to 0.0 in labels with no predicted samples. Use `zero_division` parameter to control this behavior.
  _warn_prf(average, modifier, f"{metric.capitalize()} is", result.shape[0])
C:\Users\danie\Dropbox\Javeriana\Proyecto LLMS text\LLMS_Project\LLMS_analysis\.venv\Lib\site-packages\sklearn\metrics\_classification.py:1833: UndefinedMetricWarning: Precision is ill-defined and being set to 0.0 in labels with no predicted samples. Use `zero_division` parameter to control this behavior.
  _warn_prf(average, modifier, f"{metric.capitalize()} is", result.shape[0])
C:\Users\danie\Dropbox\Javeriana\Proyecto LLMS text\LLMS_Project\LLMS_analysis\.venv\Lib\site-packages\sklearn\metrics\_classification.py:1833: UndefinedMetricWarning: Precision is ill-defined and being set to 0.0 in labels with no predicted samples. Use `zero_division` parameter to control this behavior.
  _warn_prf(average, modifier, f"{metric.capitalize()} is", result.shape[0])
C:\Users\danie\Dropbox\Javeriana\Proyecto LLMS text\LLMS_Project\LLMS_analysis\.venv\Lib\site-packages\sklearn\metrics\_classification.py:1833: UndefinedMetricWarning: Recall is ill-defined and being set to 0.0 in labels with no true samples. Use `zero_division` parameter to control this behavior.
  _warn_prf(average, modifier, f"{metric.capitalize()} is", result.shape[0])
C:\Users\danie\Dropbox\Javeriana\Proyecto LLMS text\LLMS_Project\LLMS_analysis\.venv\Lib\site-packages\sklearn\metrics\_classification.py:1833: UndefinedMetricWarning: Recall is ill-defined and being set to 0.0 in labels with no true samples. Use `zero_division` parameter to control this behavior.
  _warn_prf(average, modifier, f"{metric.capitalize()} is", result.shape[0])
C:\Users\danie\Dropbox\Javeriana\Proyecto LLMS text\LLMS_Project\LLMS_analysis\.venv\Lib\site-packages\sklearn\metrics\_classification.py:1833: UndefinedMetricWarning: Recall is ill-defined and being set to 0.0 in labels with no true samples. Use `zero_division` parameter to control this behavior.
  _warn_prf(average, modifier, f"{metric.capitalize()} is", result.shape[0])
C:\Users\danie\Dropbox\Javeriana\Proyecto LLMS text\LLMS_Project\LLMS_analysis\.venv\Lib\site-packages\sklearn\metrics\_classification.py:1833: UndefinedMetricWarning: Recall is ill-defined and being set to 0.0 in labels with no true samples. Use `zero_division` parameter to control this behavior.
  _warn_prf(average, modifier, f"{metric.capitalize()} is", result.shape[0])
C:\Users\danie\Dropbox\Javeriana\Proyecto LLMS text\LLMS_Project\LLMS_analysis\.venv\Lib\site-packages\sklearn\metrics\_classification.py:1833: UndefinedMetricWarning: Recall is ill-defined and being set to 0.0 in labels with no true samples. Use `zero_division` parameter to control this behavior.
  _warn_prf(average, modifier, f"{metric.capitalize()} is", result.shape[0])
C:\Users\danie\Dropbox\Javeriana\Proyecto LLMS text\LLMS_Project\LLMS_analysis\.venv\Lib\site-packages\sklearn\metrics\_classification.py:1833: UndefinedMetricWarning: Recall is ill-defined and being set to 0.0 in labels with no true samples. Use `zero_division` parameter to control this behavior.
  _warn_prf(average, modifier, f"{metric.capitalize()} is", result.shape[0])
C:\Users\danie\Dropbox\Javeriana\Proyecto LLMS text\LLMS_Project\LLMS_analysis\.venv\Lib\site-packages\sklearn\metrics\_classification.py:1833: UndefinedMetricWarning: Recall is ill-defined and being set to 0.0 in labels with no true samples. Use `zero_division` parameter to control this behavior.
  _warn_prf(average, modifier, f"{metric.capitalize()} is", result.shape[0])
C:\Users\danie\Dropbox\Javeriana\Proyecto LLMS text\LLMS_Project\LLMS_analysis\.venv\Lib\site-packages\sklearn\metrics\_classification.py:1833: UndefinedMetricWarning: Recall is ill-defined and being set to 0.0 in labels with no true samples. Use `zero_division` parameter to control this behavior.
  _warn_prf(average, modifier, f"{metric.capitalize()} is", result.shape[0])
C:\Users\danie\Dropbox\Javeriana\Proyecto LLMS text\LLMS_Project\LLMS_analysis\.venv\Lib\site-packages\sklearn\metrics\_classification.py:1833: UndefinedMetricWarning: Recall is ill-defined and being set to 0.0 in labels with no true samples. Use `zero_division` parameter to control this behavior.
  _warn_prf(average, modifier, f"{metric.capitalize()} is", result.shape[0])
C:\Users\danie\Dropbox\Javeriana\Proyecto LLMS text\LLMS_Project\LLMS_analysis\.venv\Lib\site-packages\sklearn\metrics\_classification.py:1833: UndefinedMetricWarning: Recall is ill-defined and being set to 0.0 in labels with no true samples. Use `zero_division` parameter to control this behavior.
  _warn_prf(average, modifier, f"{metric.capitalize()} is", result.shape[0])
C:\Users\danie\Dropbox\Javeriana\Proyecto LLMS text\LLMS_Project\LLMS_analysis\.venv\Lib\site-packages\sklearn\metrics\_classification.py:1833: UndefinedMetricWarning: Recall is ill-defined and being set to 0.0 in labels with no true samples. Use `zero_division` parameter to control this behavior.
  _warn_prf(average, modifier, f"{metric.capitalize()} is", result.shape[0])
C:\Users\danie\Dropbox\Javeriana\Proyecto LLMS text\LLMS_Project\LLMS_analysis\.venv\Lib\site-packages\sklearn\metrics\_classification.py:1833: UndefinedMetricWarning: Recall is ill-defined and being set to 0.0 in labels with no true samples. Use `zero_division` parameter to control this behavior.
  _warn_prf(average, modifier, f"{metric.capitalize()} is", result.shape[0])
C:\Users\danie\Dropbox\Javeriana\Proyecto LLMS text\LLMS_Project\LLMS_analysis\.venv\Lib\site-packages\sklearn\metrics\_classification.py:1833: UndefinedMetricWarning: Recall is ill-defined and being set to 0.0 in labels with no true samples. Use `zero_division` parameter to control this behavior.
  _warn_prf(average, modifier, f"{metric.capitalize()} is", result.shape[0])
C:\Users\danie\Dropbox\Javeriana\Proyecto LLMS text\LLMS_Project\LLMS_analysis\.venv\Lib\site-packages\sklearn\metrics\_classification.py:1833: UndefinedMetricWarning: Recall is ill-defined and being set to 0.0 in labels with no true samples. Use `zero_division` parameter to control this behavior.
  _warn_prf(average, modifier, f"{metric.capitalize()} is", result.shape[0])
C:\Users\danie\Dropbox\Javeriana\Proyecto LLMS text\LLMS_Project\LLMS_analysis\.venv\Lib\site-packages\sklearn\metrics\_classification.py:1833: UndefinedMetricWarning: Recall is ill-defined and being set to 0.0 in labels with no true samples. Use `zero_division` parameter to control this behavior.
  _warn_prf(average, modifier, f"{metric.capitalize()} is", result.shape[0])
C:\Users\danie\Dropbox\Javeriana\Proyecto LLMS text\LLMS_Project\LLMS_analysis\.venv\Lib\site-packages\sklearn\metrics\_classification.py:1833: UndefinedMetricWarning: Recall is ill-defined and being set to 0.0 in labels with no true samples. Use `zero_division` parameter to control this behavior.
  _warn_prf(average, modifier, f"{metric.capitalize()} is", result.shape[0])
C:\Users\danie\Dropbox\Javeriana\Proyecto LLMS text\LLMS_Project\LLMS_analysis\.venv\Lib\site-packages\sklearn\metrics\_classification.py:1833: UndefinedMetricWarning: Recall is ill-defined and being set to 0.0 in labels with no true samples. Use `zero_division` parameter to control this behavior.
  _warn_prf(average, modifier, f"{metric.capitalize()} is", result.shape[0])
C:\Users\danie\Dropbox\Javeriana\Proyecto LLMS text\LLMS_Project\LLMS_analysis\.venv\Lib\site-packages\sklearn\metrics\_classification.py:1833: UndefinedMetricWarning: Recall is ill-defined and being set to 0.0 in labels with no true samples. Use `zero_division` parameter to control this behavior.
  _warn_prf(average, modifier, f"{metric.capitalize()} is", result.shape[0])
C:\Users\danie\Dropbox\Javeriana\Proyecto LLMS text\LLMS_Project\LLMS_analysis\.venv\Lib\site-packages\sklearn\metrics\_classification.py:1833: UndefinedMetricWarning: Recall is ill-defined and being set to 0.0 in labels with no true samples. Use `zero_division` parameter to control this behavior.
  _warn_prf(average, modifier, f"{metric.capitalize()} is", result.shape[0])
C:\Users\danie\Dropbox\Javeriana\Proyecto LLMS text\LLMS_Project\LLMS_analysis\.venv\Lib\site-packages\sklearn\metrics\_classification.py:1833: UndefinedMetricWarning: Recall is ill-defined and being set to 0.0 in labels with no true samples. Use `zero_division` parameter to control this behavior.
  _warn_prf(average, modifier, f"{metric.capitalize()} is", result.shape[0])
C:\Users\danie\Dropbox\Javeriana\Proyecto LLMS text\LLMS_Project\LLMS_analysis\.venv\Lib\site-packages\sklearn\metrics\_classification.py:1833: UndefinedMetricWarning: Recall is ill-defined and being set to 0.0 in labels with no true samples. Use `zero_division` parameter to control this behavior.
  _warn_prf(average, modifier, f"{metric.capitalize()} is", result.shape[0])
C:\Users\danie\Dropbox\Javeriana\Proyecto LLMS text\LLMS_Project\LLMS_analysis\.venv\Lib\site-packages\sklearn\metrics\_classification.py:1833: UndefinedMetricWarning: Recall is ill-defined and being set to 0.0 in labels with no true samples. Use `zero_division` parameter to control this behavior.
  _warn_prf(average, modifier, f"{metric.capitalize()} is", result.shape[0])
C:\Users\danie\Dropbox\Javeriana\Proyecto LLMS text\LLMS_Project\LLMS_analysis\.venv\Lib\site-packages\sklearn\metrics\_classification.py:1833: UndefinedMetricWarning: Recall is ill-defined and being set to 0.0 in labels with no true samples. Use `zero_division` parameter to control this behavior.
  _warn_prf(average, modifier, f"{metric.capitalize()} is", result.shape[0])
C:\Users\danie\Dropbox\Javeriana\Proyecto LLMS text\LLMS_Project\LLMS_analysis\.venv\Lib\site-packages\sklearn\metrics\_classification.py:1833: UndefinedMetricWarning: Recall is ill-defined and being set to 0.0 in labels with no true samples. Use `zero_division` parameter to control this behavior.
  _warn_prf(average, modifier, f"{metric.capitalize()} is", result.shape[0])
C:\Users\danie\Dropbox\Javeriana\Proyecto LLMS text\LLMS_Project\LLMS_analysis\.venv\Lib\site-packages\sklearn\metrics\_classification.py:1833: UndefinedMetricWarning: Recall is ill-defined and being set to 0.0 in labels with no true samples. Use `zero_division` parameter to control this behavior.
  _warn_prf(average, modifier, f"{metric.capitalize()} is", result.shape[0])
C:\Users\danie\Dropbox\Javeriana\Proyecto LLMS text\LLMS_Project\LLMS_analysis\.venv\Lib\site-packages\sklearn\metrics\_classification.py:1833: UndefinedMetricWarning: Recall is ill-defined and being set to 0.0 in labels with no true samples. Use `zero_division` parameter to control this behavior.
  _warn_prf(average, modifier, f"{metric.capitalize()} is", result.shape[0])
C:\Users\danie\Dropbox\Javeriana\Proyecto LLMS text\LLMS_Project\LLMS_analysis\.venv\Lib\site-packages\sklearn\metrics\_classification.py:1833: UndefinedMetricWarning: Recall is ill-defined and being set to 0.0 in labels with no true samples. Use `zero_division` parameter to control this behavior.
  _warn_prf(average, modifier, f"{metric.capitalize()} is", result.shape[0])
C:\Users\danie\Dropbox\Javeriana\Proyecto LLMS text\LLMS_Project\LLMS_analysis\.venv\Lib\site-packages\sklearn\metrics\_classification.py:1833: UndefinedMetricWarning: Precision is ill-defined and being set to 0.0 in labels with no predicted samples. Use `zero_division` parameter to control this behavior.
  _warn_prf(average, modifier, f"{metric.capitalize()} is", result.shape[0])
C:\Users\danie\Dropbox\Javeriana\Proyecto LLMS text\LLMS_Project\LLMS_analysis\.venv\Lib\site-packages\sklearn\metrics\_classification.py:1833: UndefinedMetricWarning: Precision is ill-defined and being set to 0.0 in labels with no predicted samples. Use `zero_division` parameter to control this behavior.
  _warn_prf(average, modifier, f"{metric.capitalize()} is", result.shape[0])
C:\Users\danie\Dropbox\Javeriana\Proyecto LLMS text\LLMS_Project\LLMS_analysis\.venv\Lib\site-packages\sklearn\metrics\_classification.py:1833: UndefinedMetricWarning: Precision is ill-defined and being set to 0.0 in labels with no predicted samples. Use `zero_division` parameter to control this behavior.
  _warn_prf(average, modifier, f"{metric.capitalize()} is", result.shape[0])
C:\Users\danie\Dropbox\Javeriana\Proyecto LLMS text\LLMS_Project\LLMS_analysis\.venv\Lib\site-packages\sklearn\metrics\_classification.py:1833: UndefinedMetricWarning: Precision is ill-defined and being set to 0.0 in labels with no predicted samples. Use `zero_division` parameter to control this behavior.
  _warn_prf(average, modifier, f"{metric.capitalize()} is", result.shape[0])
C:\Users\danie\Dropbox\Javeriana\Proyecto LLMS text\LLMS_Project\LLMS_analysis\.venv\Lib\site-packages\sklearn\metrics\_classification.py:1833: UndefinedMetricWarning: Precision is ill-defined and being set to 0.0 in labels with no predicted samples. Use `zero_division` parameter to control this behavior.
  _warn_prf(average, modifier, f"{metric.capitalize()} is", result.shape[0])
C:\Users\danie\Dropbox\Javeriana\Proyecto LLMS text\LLMS_Project\LLMS_analysis\.venv\Lib\site-packages\sklearn\metrics\_classification.py:1833: UndefinedMetricWarning: Precision is ill-defined and being set to 0.0 in labels with no predicted samples. Use `zero_division` parameter to control this behavior.
  _warn_prf(average, modifier, f"{metric.capitalize()} is", result.shape[0])
C:\Users\danie\Dropbox\Javeriana\Proyecto LLMS text\LLMS_Project\LLMS_analysis\.venv\Lib\site-packages\sklearn\metrics\_classification.py:1833: UndefinedMetricWarning: Precision is ill-defined and being set to 0.0 in labels with no predicted samples. Use `zero_division` parameter to control this behavior.
  _warn_prf(average, modifier, f"{metric.capitalize()} is", result.shape[0])
C:\Users\danie\Dropbox\Javeriana\Proyecto LLMS text\LLMS_Project\LLMS_analysis\.venv\Lib\site-packages\sklearn\metrics\_classification.py:1833: UndefinedMetricWarning: Precision is ill-defined and being set to 0.0 in labels with no predicted samples. Use `zero_division` parameter to control this behavior.
  _warn_prf(average, modifier, f"{metric.capitalize()} is", result.shape[0])
C:\Users\danie\Dropbox\Javeriana\Proyecto LLMS text\LLMS_Project\LLMS_analysis\.venv\Lib\site-packages\sklearn\metrics\_classification.py:1833: UndefinedMetricWarning: Precision is ill-defined and being set to 0.0 in labels with no predicted samples. Use `zero_division` parameter to control this behavior.
  _warn_prf(average, modifier, f"{metric.capitalize()} is", result.shape[0])
C:\Users\danie\Dropbox\Javeriana\Proyecto LLMS text\LLMS_Project\LLMS_analysis\.venv\Lib\site-packages\sklearn\metrics\_classification.py:1833: UndefinedMetricWarning: Precision is ill-defined and being set to 0.0 in labels with no predicted samples. Use `zero_division` parameter to control this behavior.
  _warn_prf(average, modifier, f"{metric.capitalize()} is", result.shape[0])
C:\Users\danie\Dropbox\Javeriana\Proyecto LLMS text\LLMS_Project\LLMS_analysis\.venv\Lib\site-packages\sklearn\metrics\_classification.py:1833: UndefinedMetricWarning: Precision is ill-defined and being set to 0.0 in labels with no predicted samples. Use `zero_division` parameter to control this behavior.
  _warn_prf(average, modifier, f"{metric.capitalize()} is", result.shape[0])
C:\Users\danie\Dropbox\Javeriana\Proyecto LLMS text\LLMS_Project\LLMS_analysis\.venv\Lib\site-packages\sklearn\metrics\_classification.py:1833: UndefinedMetricWarning: Precision is ill-defined and being set to 0.0 in labels with no predicted samples. Use `zero_division` parameter to control this behavior.
  _warn_prf(average, modifier, f"{metric.capitalize()} is", result.shape[0])
C:\Users\danie\Dropbox\Javeriana\Proyecto LLMS text\LLMS_Project\LLMS_analysis\.venv\Lib\site-packages\sklearn\metrics\_classification.py:1833: UndefinedMetricWarning: Precision is ill-defined and being set to 0.0 in labels with no predicted samples. Use `zero_division` parameter to control this behavior.
  _warn_prf(average, modifier, f"{metric.capitalize()} is", result.shape[0])
C:\Users\danie\Dropbox\Javeriana\Proyecto LLMS text\LLMS_Project\LLMS_analysis\.venv\Lib\site-packages\sklearn\metrics\_classification.py:1833: UndefinedMetricWarning: Precision is ill-defined and being set to 0.0 in labels with no predicted samples. Use `zero_division` parameter to control this behavior.
  _warn_prf(average, modifier, f"{metric.capitalize()} is", result.shape[0])
C:\Users\danie\Dropbox\Javeriana\Proyecto LLMS text\LLMS_Project\LLMS_analysis\.venv\Lib\site-packages\sklearn\metrics\_classification.py:1833: UndefinedMetricWarning: Precision is ill-defined and being set to 0.0 in labels with no predicted samples. Use `zero_division` parameter to control this behavior.
  _warn_prf(average, modifier, f"{metric.capitalize()} is", result.shape[0])
C:\Users\danie\Dropbox\Javeriana\Proyecto LLMS text\LLMS_Project\LLMS_analysis\.venv\Lib\site-packages\sklearn\metrics\_classification.py:1833: UndefinedMetricWarning: Precision is ill-defined and being set to 0.0 in labels with no predicted samples. Use `zero_division` parameter to control this behavior.
  _warn_prf(average, modifier, f"{metric.capitalize()} is", result.shape[0])
C:\Users\danie\Dropbox\Javeriana\Proyecto LLMS text\LLMS_Project\LLMS_analysis\.venv\Lib\site-packages\sklearn\metrics\_classification.py:1833: UndefinedMetricWarning: Precision is ill-defined and being set to 0.0 in labels with no predicted samples. Use `zero_division` parameter to control this behavior.
  _warn_prf(average, modifier, f"{metric.capitalize()} is", result.shape[0])
C:\Users\danie\Dropbox\Javeriana\Proyecto LLMS text\LLMS_Project\LLMS_analysis\.venv\Lib\site-packages\sklearn\metrics\_classification.py:1833: UndefinedMetricWarning: Precision is ill-defined and being set to 0.0 in labels with no predicted samples. Use `zero_division` parameter to control this behavior.
  _warn_prf(average, modifier, f"{metric.capitalize()} is", result.shape[0])
C:\Users\danie\Dropbox\Javeriana\Proyecto LLMS text\LLMS_Project\LLMS_analysis\.venv\Lib\site-packages\sklearn\metrics\_classification.py:1833: UndefinedMetricWarning: Precision is ill-defined and being set to 0.0 in labels with no predicted samples. Use `zero_division` parameter to control this behavior.
  _warn_prf(average, modifier, f"{metric.capitalize()} is", result.shape[0])
C:\Users\danie\Dropbox\Javeriana\Proyecto LLMS text\LLMS_Project\LLMS_analysis\.venv\Lib\site-packages\sklearn\metrics\_classification.py:1833: UndefinedMetricWarning: Precision is ill-defined and being set to 0.0 in labels with no predicted samples. Use `zero_division` parameter to control this behavior.
  _warn_prf(average, modifier, f"{metric.capitalize()} is", result.shape[0])
C:\Users\danie\Dropbox\Javeriana\Proyecto LLMS text\LLMS_Project\LLMS_analysis\.venv\Lib\site-packages\sklearn\metrics\_classification.py:1833: UndefinedMetricWarning: Precision is ill-defined and being set to 0.0 in labels with no predicted samples. Use `zero_division` parameter to control this behavior.
  _warn_prf(average, modifier, f"{metric.capitalize()} is", result.shape[0])
C:\Users\danie\Dropbox\Javeriana\Proyecto LLMS text\LLMS_Project\LLMS_analysis\.venv\Lib\site-packages\sklearn\metrics\_classification.py:1833: UndefinedMetricWarning: Precision is ill-defined and being set to 0.0 in labels with no predicted samples. Use `zero_division` parameter to control this behavior.
  _warn_prf(average, modifier, f"{metric.capitalize()} is", result.shape[0])
C:\Users\danie\Dropbox\Javeriana\Proyecto LLMS text\LLMS_Project\LLMS_analysis\.venv\Lib\site-packages\sklearn\metrics\_classification.py:1833: UndefinedMetricWarning: Precision is ill-defined and being set to 0.0 in labels with no predicted samples. Use `zero_division` parameter to control this behavior.
  _warn_prf(average, modifier, f"{metric.capitalize()} is", result.shape[0])
C:\Users\danie\Dropbox\Javeriana\Proyecto LLMS text\LLMS_Project\LLMS_analysis\.venv\Lib\site-packages\sklearn\metrics\_classification.py:1833: UndefinedMetricWarning: Precision is ill-defined and being set to 0.0 in labels with no predicted samples. Use `zero_division` parameter to control this behavior.
  _warn_prf(average, modifier, f"{metric.capitalize()} is", result.shape[0])
C:\Users\danie\Dropbox\Javeriana\Proyecto LLMS text\LLMS_Project\LLMS_analysis\.venv\Lib\site-packages\sklearn\metrics\_classification.py:1833: UndefinedMetricWarning: Precision is ill-defined and being set to 0.0 in labels with no predicted samples. Use `zero_division` parameter to control this behavior.
  _warn_prf(average, modifier, f"{metric.capitalize()} is", result.shape[0])
C:\Users\danie\Dropbox\Javeriana\Proyecto LLMS text\LLMS_Project\LLMS_analysis\.venv\Lib\site-packages\sklearn\metrics\_classification.py:1833: UndefinedMetricWarning: Precision is ill-defined and being set to 0.0 in labels with no predicted samples. Use `zero_division` parameter to control this behavior.
  _warn_prf(average, modifier, f"{metric.capitalize()} is", result.shape[0])
C:\Users\danie\Dropbox\Javeriana\Proyecto LLMS text\LLMS_Project\LLMS_analysis\.venv\Lib\site-packages\sklearn\metrics\_classification.py:1833: UndefinedMetricWarning: Precision is ill-defined and being set to 0.0 in labels with no predicted samples. Use `zero_division` parameter to control this behavior.
  _warn_prf(average, modifier, f"{metric.capitalize()} is", result.shape[0])
C:\Users\danie\Dropbox\Javeriana\Proyecto LLMS text\LLMS_Project\LLMS_analysis\.venv\Lib\site-packages\sklearn\metrics\_classification.py:1833: UndefinedMetricWarning: Precision is ill-defined and being set to 0.0 in labels with no predicted samples. Use `zero_division` parameter to control this behavior.
  _warn_prf(average, modifier, f"{metric.capitalize()} is", result.shape[0])
C:\Users\danie\Dropbox\Javeriana\Proyecto LLMS text\LLMS_Project\LLMS_analysis\.venv\Lib\site-packages\sklearn\metrics\_classification.py:1833: UndefinedMetricWarning: Precision is ill-defined and being set to 0.0 in labels with no predicted samples. Use `zero_division` parameter to control this behavior.
  _warn_prf(average, modifier, f"{metric.capitalize()} is", result.shape[0])
C:\Users\danie\Dropbox\Javeriana\Proyecto LLMS text\LLMS_Project\LLMS_analysis\.venv\Lib\site-packages\sklearn\metrics\_classification.py:1833: UndefinedMetricWarning: Precision is ill-defined and being set to 0.0 in labels with no predicted samples. Use `zero_division` parameter to control this behavior.
  _warn_prf(average, modifier, f"{metric.capitalize()} is", result.shape[0])
C:\Users\danie\Dropbox\Javeriana\Proyecto LLMS text\LLMS_Project\LLMS_analysis\.venv\Lib\site-packages\sklearn\metrics\_classification.py:1833: UndefinedMetricWarning: Precision is ill-defined and being set to 0.0 in labels with no predicted samples. Use `zero_division` parameter to control this behavior.
  _warn_prf(average, modifier, f"{metric.capitalize()} is", result.shape[0])
C:\Users\danie\Dropbox\Javeriana\Proyecto LLMS text\LLMS_Project\LLMS_analysis\.venv\Lib\site-packages\sklearn\metrics\_classification.py:1833: UndefinedMetricWarning: Precision is ill-defined and being set to 0.0 in labels with no predicted samples. Use `zero_division` parameter to control this behavior.
  _warn_prf(average, modifier, f"{metric.capitalize()} is", result.shape[0])
C:\Users\danie\Dropbox\Javeriana\Proyecto LLMS text\LLMS_Project\LLMS_analysis\.venv\Lib\site-packages\sklearn\metrics\_classification.py:1833: UndefinedMetricWarning: Precision is ill-defined and being set to 0.0 in labels with no predicted samples. Use `zero_division` parameter to control this behavior.
  _warn_prf(average, modifier, f"{metric.capitalize()} is", result.shape[0])
C:\Users\danie\Dropbox\Javeriana\Proyecto LLMS text\LLMS_Project\LLMS_analysis\.venv\Lib\site-packages\sklearn\metrics\_classification.py:1833: UndefinedMetricWarning: Precision is ill-defined and being set to 0.0 in labels with no predicted samples. Use `zero_division` parameter to control this behavior.
  _warn_prf(average, modifier, f"{metric.capitalize()} is", result.shape[0])
C:\Users\danie\Dropbox\Javeriana\Proyecto LLMS text\LLMS_Project\LLMS_analysis\.venv\Lib\site-packages\sklearn\metrics\_classification.py:1833: UndefinedMetricWarning: Precision is ill-defined and being set to 0.0 in labels with no predicted samples. Use `zero_division` parameter to control this behavior.
  _warn_prf(average, modifier, f"{metric.capitalize()} is", result.shape[0])
C:\Users\danie\Dropbox\Javeriana\Proyecto LLMS text\LLMS_Project\LLMS_analysis\.venv\Lib\site-packages\sklearn\metrics\_classification.py:1833: UndefinedMetricWarning: Precision is ill-defined and being set to 0.0 in labels with no predicted samples. Use `zero_division` parameter to control this behavior.
  _warn_prf(average, modifier, f"{metric.capitalize()} is", result.shape[0])
C:\Users\danie\Dropbox\Javeriana\Proyecto LLMS text\LLMS_Project\LLMS_analysis\.venv\Lib\site-packages\sklearn\metrics\_classification.py:1833: UndefinedMetricWarning: Recall is ill-defined and being set to 0.0 in labels with no true samples. Use `zero_division` parameter to control this behavior.
  _warn_prf(average, modifier, f"{metric.capitalize()} is", result.shape[0])
C:\Users\danie\Dropbox\Javeriana\Proyecto LLMS text\LLMS_Project\LLMS_analysis\.venv\Lib\site-packages\sklearn\metrics\_classification.py:1833: UndefinedMetricWarning: Recall is ill-defined and being set to 0.0 in labels with no true samples. Use `zero_division` parameter to control this behavior.
  _warn_prf(average, modifier, f"{metric.capitalize()} is", result.shape[0])
C:\Users\danie\Dropbox\Javeriana\Proyecto LLMS text\LLMS_Project\LLMS_analysis\.venv\Lib\site-packages\sklearn\metrics\_classification.py:1833: UndefinedMetricWarning: Recall is ill-defined and being set to 0.0 in labels with no true samples. Use `zero_division` parameter to control this behavior.
  _warn_prf(average, modifier, f"{metric.capitalize()} is", result.shape[0])
C:\Users\danie\Dropbox\Javeriana\Proyecto LLMS text\LLMS_Project\LLMS_analysis\.venv\Lib\site-packages\sklearn\metrics\_classification.py:1833: UndefinedMetricWarning: Recall is ill-defined and being set to 0.0 in labels with no true samples. Use `zero_division` parameter to control this behavior.
  _warn_prf(average, modifier, f"{metric.capitalize()} is", result.shape[0])
C:\Users\danie\Dropbox\Javeriana\Proyecto LLMS text\LLMS_Project\LLMS_analysis\.venv\Lib\site-packages\sklearn\metrics\_classification.py:1833: UndefinedMetricWarning: Recall is ill-defined and being set to 0.0 in labels with no true samples. Use `zero_division` parameter to control this behavior.
  _warn_prf(average, modifier, f"{metric.capitalize()} is", result.shape[0])
C:\Users\danie\Dropbox\Javeriana\Proyecto LLMS text\LLMS_Project\LLMS_analysis\.venv\Lib\site-packages\sklearn\metrics\_classification.py:1833: UndefinedMetricWarning: Recall is ill-defined and being set to 0.0 in labels with no true samples. Use `zero_division` parameter to control this behavior.
  _warn_prf(average, modifier, f"{metric.capitalize()} is", result.shape[0])
C:\Users\danie\Dropbox\Javeriana\Proyecto LLMS text\LLMS_Project\LLMS_analysis\.venv\Lib\site-packages\sklearn\metrics\_classification.py:1833: UndefinedMetricWarning: Recall is ill-defined and being set to 0.0 in labels with no true samples. Use `zero_division` parameter to control this behavior.
  _warn_prf(average, modifier, f"{metric.capitalize()} is", result.shape[0])
C:\Users\danie\Dropbox\Javeriana\Proyecto LLMS text\LLMS_Project\LLMS_analysis\.venv\Lib\site-packages\sklearn\metrics\_classification.py:1833: UndefinedMetricWarning: Recall is ill-defined and being set to 0.0 in labels with no true samples. Use `zero_division` parameter to control this behavior.
  _warn_prf(average, modifier, f"{metric.capitalize()} is", result.shape[0])
C:\Users\danie\Dropbox\Javeriana\Proyecto LLMS text\LLMS_Project\LLMS_analysis\.venv\Lib\site-packages\sklearn\metrics\_classification.py:1833: UndefinedMetricWarning: Recall is ill-defined and being set to 0.0 in labels with no true samples. Use `zero_division` parameter to control this behavior.
  _warn_prf(average, modifier, f"{metric.capitalize()} is", result.shape[0])
C:\Users\danie\Dropbox\Javeriana\Proyecto LLMS text\LLMS_Project\LLMS_analysis\.venv\Lib\site-packages\sklearn\metrics\_classification.py:1833: UndefinedMetricWarning: Recall is ill-defined and being set to 0.0 in labels with no true samples. Use `zero_division` parameter to control this behavior.
  _warn_prf(average, modifier, f"{metric.capitalize()} is", result.shape[0])
C:\Users\danie\Dropbox\Javeriana\Proyecto LLMS text\LLMS_Project\LLMS_analysis\.venv\Lib\site-packages\sklearn\metrics\_classification.py:1833: UndefinedMetricWarning: Recall is ill-defined and being set to 0.0 in labels with no true samples. Use `zero_division` parameter to control this behavior.
  _warn_prf(average, modifier, f"{metric.capitalize()} is", result.shape[0])
C:\Users\danie\Dropbox\Javeriana\Proyecto LLMS text\LLMS_Project\LLMS_analysis\.venv\Lib\site-packages\sklearn\metrics\_classification.py:1833: UndefinedMetricWarning: Recall is ill-defined and being set to 0.0 in labels with no true samples. Use `zero_division` parameter to control this behavior.
  _warn_prf(average, modifier, f"{metric.capitalize()} is", result.shape[0])
C:\Users\danie\Dropbox\Javeriana\Proyecto LLMS text\LLMS_Project\LLMS_analysis\.venv\Lib\site-packages\sklearn\metrics\_classification.py:1833: UndefinedMetricWarning: Recall is ill-defined and being set to 0.0 in labels with no true samples. Use `zero_division` parameter to control this behavior.
  _warn_prf(average, modifier, f"{metric.capitalize()} is", result.shape[0])
C:\Users\danie\Dropbox\Javeriana\Proyecto LLMS text\LLMS_Project\LLMS_analysis\.venv\Lib\site-packages\sklearn\metrics\_classification.py:1833: UndefinedMetricWarning: Recall is ill-defined and being set to 0.0 in labels with no true samples. Use `zero_division` parameter to control this behavior.
  _warn_prf(average, modifier, f"{metric.capitalize()} is", result.shape[0])
C:\Users\danie\Dropbox\Javeriana\Proyecto LLMS text\LLMS_Project\LLMS_analysis\.venv\Lib\site-packages\sklearn\metrics\_classification.py:1833: UndefinedMetricWarning: Recall is ill-defined and being set to 0.0 in labels with no true samples. Use `zero_division` parameter to control this behavior.
  _warn_prf(average, modifier, f"{metric.capitalize()} is", result.shape[0])
C:\Users\danie\Dropbox\Javeriana\Proyecto LLMS text\LLMS_Project\LLMS_analysis\.venv\Lib\site-packages\sklearn\metrics\_classification.py:1833: UndefinedMetricWarning: Recall is ill-defined and being set to 0.0 in labels with no true samples. Use `zero_division` parameter to control this behavior.
  _warn_prf(average, modifier, f"{metric.capitalize()} is", result.shape[0])
C:\Users\danie\Dropbox\Javeriana\Proyecto LLMS text\LLMS_Project\LLMS_analysis\.venv\Lib\site-packages\sklearn\metrics\_classification.py:1833: UndefinedMetricWarning: Recall is ill-defined and being set to 0.0 in labels with no true samples. Use `zero_division` parameter to control this behavior.
  _warn_prf(average, modifier, f"{metric.capitalize()} is", result.shape[0])
C:\Users\danie\Dropbox\Javeriana\Proyecto LLMS text\LLMS_Project\LLMS_analysis\.venv\Lib\site-packages\sklearn\metrics\_classification.py:1833: UndefinedMetricWarning: Recall is ill-defined and being set to 0.0 in labels with no true samples. Use `zero_division` parameter to control this behavior.
  _warn_prf(average, modifier, f"{metric.capitalize()} is", result.shape[0])
C:\Users\danie\Dropbox\Javeriana\Proyecto LLMS text\LLMS_Project\LLMS_analysis\.venv\Lib\site-packages\sklearn\metrics\_classification.py:1833: UndefinedMetricWarning: Recall is ill-defined and being set to 0.0 in labels with no true samples. Use `zero_division` parameter to control this behavior.
  _warn_prf(average, modifier, f"{metric.capitalize()} is", result.shape[0])
C:\Users\danie\Dropbox\Javeriana\Proyecto LLMS text\LLMS_Project\LLMS_analysis\.venv\Lib\site-packages\sklearn\metrics\_classification.py:1833: UndefinedMetricWarning: Recall is ill-defined and being set to 0.0 in labels with no true samples. Use `zero_division` parameter to control this behavior.
  _warn_prf(average, modifier, f"{metric.capitalize()} is", result.shape[0])
C:\Users\danie\Dropbox\Javeriana\Proyecto LLMS text\LLMS_Project\LLMS_analysis\.venv\Lib\site-packages\sklearn\metrics\_classification.py:1833: UndefinedMetricWarning: Recall is ill-defined and being set to 0.0 in labels with no true samples. Use `zero_division` parameter to control this behavior.
  _warn_prf(average, modifier, f"{metric.capitalize()} is", result.shape[0])
C:\Users\danie\Dropbox\Javeriana\Proyecto LLMS text\LLMS_Project\LLMS_analysis\.venv\Lib\site-packages\sklearn\metrics\_classification.py:1833: UndefinedMetricWarning: Recall is ill-defined and being set to 0.0 in labels with no true samples. Use `zero_division` parameter to control this behavior.
  _warn_prf(average, modifier, f"{metric.capitalize()} is", result.shape[0])
C:\Users\danie\Dropbox\Javeriana\Proyecto LLMS text\LLMS_Project\LLMS_analysis\.venv\Lib\site-packages\sklearn\metrics\_classification.py:1833: UndefinedMetricWarning: Recall is ill-defined and being set to 0.0 in labels with no true samples. Use `zero_division` parameter to control this behavior.
  _warn_prf(average, modifier, f"{metric.capitalize()} is", result.shape[0])
C:\Users\danie\Dropbox\Javeriana\Proyecto LLMS text\LLMS_Project\LLMS_analysis\.venv\Lib\site-packages\sklearn\metrics\_classification.py:1833: UndefinedMetricWarning: Recall is ill-defined and being set to 0.0 in labels with no true samples. Use `zero_division` parameter to control this behavior.
  _warn_prf(average, modifier, f"{metric.capitalize()} is", result.shape[0])
C:\Users\danie\Dropbox\Javeriana\Proyecto LLMS text\LLMS_Project\LLMS_analysis\.venv\Lib\site-packages\sklearn\metrics\_classification.py:1833: UndefinedMetricWarning: Recall is ill-defined and being set to 0.0 in labels with no true samples. Use `zero_division` parameter to control this behavior.
  _warn_prf(average, modifier, f"{metric.capitalize()} is", result.shape[0])
C:\Users\danie\Dropbox\Javeriana\Proyecto LLMS text\LLMS_Project\LLMS_analysis\.venv\Lib\site-packages\sklearn\metrics\_classification.py:1833: UndefinedMetricWarning: Recall is ill-defined and being set to 0.0 in labels with no true samples. Use `zero_division` parameter to control this behavior.
  _warn_prf(average, modifier, f"{metric.capitalize()} is", result.shape[0])
C:\Users\danie\Dropbox\Javeriana\Proyecto LLMS text\LLMS_Project\LLMS_analysis\.venv\Lib\site-packages\sklearn\metrics\_classification.py:1833: UndefinedMetricWarning: Recall is ill-defined and being set to 0.0 in labels with no true samples. Use `zero_division` parameter to control this behavior.
  _warn_prf(average, modifier, f"{metric.capitalize()} is", result.shape[0])
C:\Users\danie\Dropbox\Javeriana\Proyecto LLMS text\LLMS_Project\LLMS_analysis\.venv\Lib\site-packages\sklearn\metrics\_classification.py:1833: UndefinedMetricWarning: Precision is ill-defined and being set to 0.0 in labels with no predicted samples. Use `zero_division` parameter to control this behavior.
  _warn_prf(average, modifier, f"{metric.capitalize()} is", result.shape[0])
C:\Users\danie\Dropbox\Javeriana\Proyecto LLMS text\LLMS_Project\LLMS_analysis\.venv\Lib\site-packages\sklearn\metrics\_classification.py:1833: UndefinedMetricWarning: Precision is ill-defined and being set to 0.0 in labels with no predicted samples. Use `zero_division` parameter to control this behavior.
  _warn_prf(average, modifier, f"{metric.capitalize()} is", result.shape[0])
C:\Users\danie\Dropbox\Javeriana\Proyecto LLMS text\LLMS_Project\LLMS_analysis\.venv\Lib\site-packages\sklearn\metrics\_classification.py:1833: UndefinedMetricWarning: Precision is ill-defined and being set to 0.0 in labels with no predicted samples. Use `zero_division` parameter to control this behavior.
  _warn_prf(average, modifier, f"{metric.capitalize()} is", result.shape[0])
C:\Users\danie\Dropbox\Javeriana\Proyecto LLMS text\LLMS_Project\LLMS_analysis\.venv\Lib\site-packages\sklearn\metrics\_classification.py:1833: UndefinedMetricWarning: Precision is ill-defined and being set to 0.0 in labels with no predicted samples. Use `zero_division` parameter to control this behavior.
  _warn_prf(average, modifier, f"{metric.capitalize()} is", result.shape[0])
C:\Users\danie\Dropbox\Javeriana\Proyecto LLMS text\LLMS_Project\LLMS_analysis\.venv\Lib\site-packages\sklearn\metrics\_classification.py:1833: UndefinedMetricWarning: Precision is ill-defined and being set to 0.0 in labels with no predicted samples. Use `zero_division` parameter to control this behavior.
  _warn_prf(average, modifier, f"{metric.capitalize()} is", result.shape[0])
C:\Users\danie\Dropbox\Javeriana\Proyecto LLMS text\LLMS_Project\LLMS_analysis\.venv\Lib\site-packages\sklearn\metrics\_classification.py:1833: UndefinedMetricWarning: Precision is ill-defined and being set to 0.0 in labels with no predicted samples. Use `zero_division` parameter to control this behavior.
  _warn_prf(average, modifier, f"{metric.capitalize()} is", result.shape[0])
C:\Users\danie\Dropbox\Javeriana\Proyecto LLMS text\LLMS_Project\LLMS_analysis\.venv\Lib\site-packages\sklearn\metrics\_classification.py:1833: UndefinedMetricWarning: Precision is ill-defined and being set to 0.0 in labels with no predicted samples. Use `zero_division` parameter to control this behavior.
  _warn_prf(average, modifier, f"{metric.capitalize()} is", result.shape[0])
C:\Users\danie\Dropbox\Javeriana\Proyecto LLMS text\LLMS_Project\LLMS_analysis\.venv\Lib\site-packages\sklearn\metrics\_classification.py:1833: UndefinedMetricWarning: Precision is ill-defined and being set to 0.0 in labels with no predicted samples. Use `zero_division` parameter to control this behavior.
  _warn_prf(average, modifier, f"{metric.capitalize()} is", result.shape[0])
C:\Users\danie\Dropbox\Javeriana\Proyecto LLMS text\LLMS_Project\LLMS_analysis\.venv\Lib\site-packages\sklearn\metrics\_classification.py:1833: UndefinedMetricWarning: Precision is ill-defined and being set to 0.0 in labels with no predicted samples. Use `zero_division` parameter to control this behavior.
  _warn_prf(average, modifier, f"{metric.capitalize()} is", result.shape[0])
C:\Users\danie\Dropbox\Javeriana\Proyecto LLMS text\LLMS_Project\LLMS_analysis\.venv\Lib\site-packages\sklearn\metrics\_classification.py:1833: UndefinedMetricWarning: Precision is ill-defined and being set to 0.0 in labels with no predicted samples. Use `zero_division` parameter to control this behavior.
  _warn_prf(average, modifier, f"{metric.capitalize()} is", result.shape[0])
C:\Users\danie\Dropbox\Javeriana\Proyecto LLMS text\LLMS_Project\LLMS_analysis\.venv\Lib\site-packages\sklearn\metrics\_classification.py:1833: UndefinedMetricWarning: Precision is ill-defined and being set to 0.0 in labels with no predicted samples. Use `zero_division` parameter to control this behavior.
  _warn_prf(average, modifier, f"{metric.capitalize()} is", result.shape[0])
C:\Users\danie\Dropbox\Javeriana\Proyecto LLMS text\LLMS_Project\LLMS_analysis\.venv\Lib\site-packages\sklearn\metrics\_classification.py:1833: UndefinedMetricWarning: Precision is ill-defined and being set to 0.0 in labels with no predicted samples. Use `zero_division` parameter to control this behavior.
  _warn_prf(average, modifier, f"{metric.capitalize()} is", result.shape[0])
C:\Users\danie\Dropbox\Javeriana\Proyecto LLMS text\LLMS_Project\LLMS_analysis\.venv\Lib\site-packages\sklearn\metrics\_classification.py:1833: UndefinedMetricWarning: Precision is ill-defined and being set to 0.0 in labels with no predicted samples. Use `zero_division` parameter to control this behavior.
  _warn_prf(average, modifier, f"{metric.capitalize()} is", result.shape[0])
C:\Users\danie\Dropbox\Javeriana\Proyecto LLMS text\LLMS_Project\LLMS_analysis\.venv\Lib\site-packages\sklearn\metrics\_classification.py:1833: UndefinedMetricWarning: Precision is ill-defined and being set to 0.0 in labels with no predicted samples. Use `zero_division` parameter to control this behavior.
  _warn_prf(average, modifier, f"{metric.capitalize()} is", result.shape[0])
C:\Users\danie\Dropbox\Javeriana\Proyecto LLMS text\LLMS_Project\LLMS_analysis\.venv\Lib\site-packages\sklearn\metrics\_classification.py:1833: UndefinedMetricWarning: Precision is ill-defined and being set to 0.0 in labels with no predicted samples. Use `zero_division` parameter to control this behavior.
  _warn_prf(average, modifier, f"{metric.capitalize()} is", result.shape[0])
C:\Users\danie\Dropbox\Javeriana\Proyecto LLMS text\LLMS_Project\LLMS_analysis\.venv\Lib\site-packages\sklearn\metrics\_classification.py:1833: UndefinedMetricWarning: Precision is ill-defined and being set to 0.0 in labels with no predicted samples. Use `zero_division` parameter to control this behavior.
  _warn_prf(average, modifier, f"{metric.capitalize()} is", result.shape[0])
C:\Users\danie\Dropbox\Javeriana\Proyecto LLMS text\LLMS_Project\LLMS_analysis\.venv\Lib\site-packages\sklearn\metrics\_classification.py:1833: UndefinedMetricWarning: Precision is ill-defined and being set to 0.0 in labels with no predicted samples. Use `zero_division` parameter to control this behavior.
  _warn_prf(average, modifier, f"{metric.capitalize()} is", result.shape[0])
C:\Users\danie\Dropbox\Javeriana\Proyecto LLMS text\LLMS_Project\LLMS_analysis\.venv\Lib\site-packages\sklearn\metrics\_classification.py:1833: UndefinedMetricWarning: Precision is ill-defined and being set to 0.0 in labels with no predicted samples. Use `zero_division` parameter to control this behavior.
  _warn_prf(average, modifier, f"{metric.capitalize()} is", result.shape[0])
C:\Users\danie\Dropbox\Javeriana\Proyecto LLMS text\LLMS_Project\LLMS_analysis\.venv\Lib\site-packages\sklearn\metrics\_classification.py:1833: UndefinedMetricWarning: Recall is ill-defined and being set to 0.0 in labels with no true samples. Use `zero_division` parameter to control this behavior.
  _warn_prf(average, modifier, f"{metric.capitalize()} is", result.shape[0])
C:\Users\danie\Dropbox\Javeriana\Proyecto LLMS text\LLMS_Project\LLMS_analysis\.venv\Lib\site-packages\sklearn\metrics\_classification.py:1833: UndefinedMetricWarning: Recall is ill-defined and being set to 0.0 in labels with no true samples. Use `zero_division` parameter to control this behavior.
  _warn_prf(average, modifier, f"{metric.capitalize()} is", result.shape[0])
C:\Users\danie\Dropbox\Javeriana\Proyecto LLMS text\LLMS_Project\LLMS_analysis\.venv\Lib\site-packages\sklearn\metrics\_classification.py:1833: UndefinedMetricWarning: Recall is ill-defined and being set to 0.0 in labels with no true samples. Use `zero_division` parameter to control this behavior.
  _warn_prf(average, modifier, f"{metric.capitalize()} is", result.shape[0])
C:\Users\danie\Dropbox\Javeriana\Proyecto LLMS text\LLMS_Project\LLMS_analysis\.venv\Lib\site-packages\sklearn\metrics\_classification.py:1833: UndefinedMetricWarning: Recall is ill-defined and being set to 0.0 in labels with no true samples. Use `zero_division` parameter to control this behavior.
  _warn_prf(average, modifier, f"{metric.capitalize()} is", result.shape[0])
C:\Users\danie\Dropbox\Javeriana\Proyecto LLMS text\LLMS_Project\LLMS_analysis\.venv\Lib\site-packages\sklearn\metrics\_classification.py:1833: UndefinedMetricWarning: Recall is ill-defined and being set to 0.0 in labels with no true samples. Use `zero_division` parameter to control this behavior.
  _warn_prf(average, modifier, f"{metric.capitalize()} is", result.shape[0])
C:\Users\danie\Dropbox\Javeriana\Proyecto LLMS text\LLMS_Project\LLMS_analysis\.venv\Lib\site-packages\sklearn\metrics\_classification.py:1833: UndefinedMetricWarning: Recall is ill-defined and being set to 0.0 in labels with no true samples. Use `zero_division` parameter to control this behavior.
  _warn_prf(average, modifier, f"{metric.capitalize()} is", result.shape[0])
C:\Users\danie\Dropbox\Javeriana\Proyecto LLMS text\LLMS_Project\LLMS_analysis\.venv\Lib\site-packages\sklearn\metrics\_classification.py:1833: UndefinedMetricWarning: Recall is ill-defined and being set to 0.0 in labels with no true samples. Use `zero_division` parameter to control this behavior.
  _warn_prf(average, modifier, f"{metric.capitalize()} is", result.shape[0])
C:\Users\danie\Dropbox\Javeriana\Proyecto LLMS text\LLMS_Project\LLMS_analysis\.venv\Lib\site-packages\sklearn\metrics\_classification.py:1833: UndefinedMetricWarning: Recall is ill-defined and being set to 0.0 in labels with no true samples. Use `zero_division` parameter to control this behavior.
  _warn_prf(average, modifier, f"{metric.capitalize()} is", result.shape[0])
C:\Users\danie\Dropbox\Javeriana\Proyecto LLMS text\LLMS_Project\LLMS_analysis\.venv\Lib\site-packages\sklearn\metrics\_classification.py:1833: UndefinedMetricWarning: Recall is ill-defined and being set to 0.0 in labels with no true samples. Use `zero_division` parameter to control this behavior.
  _warn_prf(average, modifier, f"{metric.capitalize()} is", result.shape[0])
C:\Users\danie\Dropbox\Javeriana\Proyecto LLMS text\LLMS_Project\LLMS_analysis\.venv\Lib\site-packages\sklearn\metrics\_classification.py:1833: UndefinedMetricWarning: Recall is ill-defined and being set to 0.0 in labels with no true samples. Use `zero_division` parameter to control this behavior.
  _warn_prf(average, modifier, f"{metric.capitalize()} is", result.shape[0])
C:\Users\danie\Dropbox\Javeriana\Proyecto LLMS text\LLMS_Project\LLMS_analysis\.venv\Lib\site-packages\sklearn\metrics\_classification.py:1833: UndefinedMetricWarning: Recall is ill-defined and being set to 0.0 in labels with no true samples. Use `zero_division` parameter to control this behavior.
  _warn_prf(average, modifier, f"{metric.capitalize()} is", result.shape[0])
C:\Users\danie\Dropbox\Javeriana\Proyecto LLMS text\LLMS_Project\LLMS_analysis\.venv\Lib\site-packages\sklearn\metrics\_classification.py:1833: UndefinedMetricWarning: Recall is ill-defined and being set to 0.0 in labels with no true samples. Use `zero_division` parameter to control this behavior.
  _warn_prf(average, modifier, f"{metric.capitalize()} is", result.shape[0])
C:\Users\danie\Dropbox\Javeriana\Proyecto LLMS text\LLMS_Project\LLMS_analysis\.venv\Lib\site-packages\sklearn\metrics\_classification.py:1833: UndefinedMetricWarning: Recall is ill-defined and being set to 0.0 in labels with no true samples. Use `zero_division` parameter to control this behavior.
  _warn_prf(average, modifier, f"{metric.capitalize()} is", result.shape[0])
C:\Users\danie\Dropbox\Javeriana\Proyecto LLMS text\LLMS_Project\LLMS_analysis\.venv\Lib\site-packages\sklearn\metrics\_classification.py:1833: UndefinedMetricWarning: Recall is ill-defined and being set to 0.0 in labels with no true samples. Use `zero_division` parameter to control this behavior.
  _warn_prf(average, modifier, f"{metric.capitalize()} is", result.shape[0])
C:\Users\danie\Dropbox\Javeriana\Proyecto LLMS text\LLMS_Project\LLMS_analysis\.venv\Lib\site-packages\sklearn\metrics\_classification.py:1833: UndefinedMetricWarning: Recall is ill-defined and being set to 0.0 in labels with no true samples. Use `zero_division` parameter to control this behavior.
  _warn_prf(average, modifier, f"{metric.capitalize()} is", result.shape[0])
C:\Users\danie\Dropbox\Javeriana\Proyecto LLMS text\LLMS_Project\LLMS_analysis\.venv\Lib\site-packages\sklearn\metrics\_classification.py:1833: UndefinedMetricWarning: Recall is ill-defined and being set to 0.0 in labels with no true samples. Use `zero_division` parameter to control this behavior.
  _warn_prf(average, modifier, f"{metric.capitalize()} is", result.shape[0])
C:\Users\danie\Dropbox\Javeriana\Proyecto LLMS text\LLMS_Project\LLMS_analysis\.venv\Lib\site-packages\sklearn\metrics\_classification.py:1833: UndefinedMetricWarning: Recall is ill-defined and being set to 0.0 in labels with no true samples. Use `zero_division` parameter to control this behavior.
  _warn_prf(average, modifier, f"{metric.capitalize()} is", result.shape[0])
C:\Users\danie\Dropbox\Javeriana\Proyecto LLMS text\LLMS_Project\LLMS_analysis\.venv\Lib\site-packages\sklearn\metrics\_classification.py:1833: UndefinedMetricWarning: Recall is ill-defined and being set to 0.0 in labels with no true samples. Use `zero_division` parameter to control this behavior.
  _warn_prf(average, modifier, f"{metric.capitalize()} is", result.shape[0])
C:\Users\danie\Dropbox\Javeriana\Proyecto LLMS text\LLMS_Project\LLMS_analysis\.venv\Lib\site-packages\sklearn\metrics\_classification.py:620: UserWarning: A single label was found in 'y_true' and 'y_pred'. For the confusion matrix to have the correct shape, use the 'labels' parameter to pass all known labels.
  warnings.warn(
C:\Users\danie\Dropbox\Javeriana\Proyecto LLMS text\LLMS_Project\LLMS_analysis\.venv\Lib\site-packages\sklearn\metrics\_classification.py:991: RuntimeWarning: invalid value encountered in scalar divide
  k = xp.sum(w_mat * confusion) / xp.sum(w_mat * expected)
C:\Users\danie\Dropbox\Javeriana\Proyecto LLMS text\LLMS_Project\LLMS_analysis\.venv\Lib\site-packages\sklearn\metrics\_classification.py:1833: UndefinedMetricWarning: Recall is ill-defined and being set to 0.0 in labels with no true samples. Use `zero_division` parameter to control this behavior.
  _warn_prf(average, modifier, f"{metric.capitalize()} is", result.shape[0])
C:\Users\danie\Dropbox\Javeriana\Proyecto LLMS text\LLMS_Project\LLMS_analysis\.venv\Lib\site-packages\sklearn\metrics\_classification.py:1833: UndefinedMetricWarning: Recall is ill-defined and being set to 0.0 in labels with no true samples. Use `zero_division` parameter to control this behavior.
  _warn_prf(average, modifier, f"{metric.capitalize()} is", result.shape[0])
C:\Users\danie\Dropbox\Javeriana\Proyecto LLMS text\LLMS_Project\LLMS_analysis\.venv\Lib\site-packages\sklearn\metrics\_classification.py:1833: UndefinedMetricWarning: Recall is ill-defined and being set to 0.0 in labels with no true samples. Use `zero_division` parameter to control this behavior.
  _warn_prf(average, modifier, f"{metric.capitalize()} is", result.shape[0])
C:\Users\danie\Dropbox\Javeriana\Proyecto LLMS text\LLMS_Project\LLMS_analysis\.venv\Lib\site-packages\sklearn\metrics\_classification.py:1833: UndefinedMetricWarning: Recall is ill-defined and being set to 0.0 in labels with no true samples. Use `zero_division` parameter to control this behavior.
  _warn_prf(average, modifier, f"{metric.capitalize()} is", result.shape[0])
C:\Users\danie\Dropbox\Javeriana\Proyecto LLMS text\LLMS_Project\LLMS_analysis\.venv\Lib\site-packages\sklearn\metrics\_classification.py:1833: UndefinedMetricWarning: Recall is ill-defined and being set to 0.0 in labels with no true samples. Use `zero_division` parameter to control this behavior.
  _warn_prf(average, modifier, f"{metric.capitalize()} is", result.shape[0])
C:\Users\danie\Dropbox\Javeriana\Proyecto LLMS text\LLMS_Project\LLMS_analysis\.venv\Lib\site-packages\sklearn\metrics\_classification.py:1833: UndefinedMetricWarning: Recall is ill-defined and being set to 0.0 in labels with no true samples. Use `zero_division` parameter to control this behavior.
  _warn_prf(average, modifier, f"{metric.capitalize()} is", result.shape[0])
C:\Users\danie\Dropbox\Javeriana\Proyecto LLMS text\LLMS_Project\LLMS_analysis\.venv\Lib\site-packages\sklearn\metrics\_classification.py:1833: UndefinedMetricWarning: Recall is ill-defined and being set to 0.0 in labels with no true samples. Use `zero_division` parameter to control this behavior.
  _warn_prf(average, modifier, f"{metric.capitalize()} is", result.shape[0])
C:\Users\danie\Dropbox\Javeriana\Proyecto LLMS text\LLMS_Project\LLMS_analysis\.venv\Lib\site-packages\sklearn\metrics\_classification.py:1833: UndefinedMetricWarning: Recall is ill-defined and being set to 0.0 in labels with no true samples. Use `zero_division` parameter to control this behavior.
  _warn_prf(average, modifier, f"{metric.capitalize()} is", result.shape[0])
C:\Users\danie\Dropbox\Javeriana\Proyecto LLMS text\LLMS_Project\LLMS_analysis\.venv\Lib\site-packages\sklearn\metrics\_classification.py:1833: UndefinedMetricWarning: Recall is ill-defined and being set to 0.0 in labels with no true samples. Use `zero_division` parameter to control this behavior.
  _warn_prf(average, modifier, f"{metric.capitalize()} is", result.shape[0])
C:\Users\danie\Dropbox\Javeriana\Proyecto LLMS text\LLMS_Project\LLMS_analysis\.venv\Lib\site-packages\sklearn\metrics\_classification.py:1833: UndefinedMetricWarning: Recall is ill-defined and being set to 0.0 in labels with no true samples. Use `zero_division` parameter to control this behavior.
  _warn_prf(average, modifier, f"{metric.capitalize()} is", result.shape[0])
C:\Users\danie\Dropbox\Javeriana\Proyecto LLMS text\LLMS_Project\LLMS_analysis\.venv\Lib\site-packages\sklearn\metrics\_classification.py:1833: UndefinedMetricWarning: Recall is ill-defined and being set to 0.0 in labels with no true samples. Use `zero_division` parameter to control this behavior.
  _warn_prf(average, modifier, f"{metric.capitalize()} is", result.shape[0])
C:\Users\danie\Dropbox\Javeriana\Proyecto LLMS text\LLMS_Project\LLMS_analysis\.venv\Lib\site-packages\sklearn\metrics\_classification.py:1833: UndefinedMetricWarning: Recall is ill-defined and being set to 0.0 in labels with no true samples. Use `zero_division` parameter to control this behavior.
  _warn_prf(average, modifier, f"{metric.capitalize()} is", result.shape[0])
C:\Users\danie\Dropbox\Javeriana\Proyecto LLMS text\LLMS_Project\LLMS_analysis\.venv\Lib\site-packages\sklearn\metrics\_classification.py:1833: UndefinedMetricWarning: Recall is ill-defined and being set to 0.0 in labels with no true samples. Use `zero_division` parameter to control this behavior.
  _warn_prf(average, modifier, f"{metric.capitalize()} is", result.shape[0])
C:\Users\danie\Dropbox\Javeriana\Proyecto LLMS text\LLMS_Project\LLMS_analysis\.venv\Lib\site-packages\sklearn\metrics\_classification.py:1833: UndefinedMetricWarning: Recall is ill-defined and being set to 0.0 in labels with no true samples. Use `zero_division` parameter to control this behavior.
  _warn_prf(average, modifier, f"{metric.capitalize()} is", result.shape[0])
C:\Users\danie\Dropbox\Javeriana\Proyecto LLMS text\LLMS_Project\LLMS_analysis\.venv\Lib\site-packages\sklearn\metrics\_classification.py:1833: UndefinedMetricWarning: Recall is ill-defined and being set to 0.0 in labels with no true samples. Use `zero_division` parameter to control this behavior.
  _warn_prf(average, modifier, f"{metric.capitalize()} is", result.shape[0])
C:\Users\danie\Dropbox\Javeriana\Proyecto LLMS text\LLMS_Project\LLMS_analysis\.venv\Lib\site-packages\sklearn\metrics\_classification.py:1833: UndefinedMetricWarning: Recall is ill-defined and being set to 0.0 in labels with no true samples. Use `zero_division` parameter to control this behavior.
  _warn_prf(average, modifier, f"{metric.capitalize()} is", result.shape[0])
C:\Users\danie\Dropbox\Javeriana\Proyecto LLMS text\LLMS_Project\LLMS_analysis\.venv\Lib\site-packages\sklearn\metrics\_classification.py:1833: UndefinedMetricWarning: Recall is ill-defined and being set to 0.0 in labels with no true samples. Use `zero_division` parameter to control this behavior.
  _warn_prf(average, modifier, f"{metric.capitalize()} is", result.shape[0])
C:\Users\danie\Dropbox\Javeriana\Proyecto LLMS text\LLMS_Project\LLMS_analysis\.venv\Lib\site-packages\sklearn\metrics\_classification.py:1833: UndefinedMetricWarning: Recall is ill-defined and being set to 0.0 in labels with no true samples. Use `zero_division` parameter to control this behavior.
  _warn_prf(average, modifier, f"{metric.capitalize()} is", result.shape[0])
C:\Users\danie\Dropbox\Javeriana\Proyecto LLMS text\LLMS_Project\LLMS_analysis\.venv\Lib\site-packages\sklearn\metrics\_classification.py:1833: UndefinedMetricWarning: Recall is ill-defined and being set to 0.0 in labels with no true samples. Use `zero_division` parameter to control this behavior.
  _warn_prf(average, modifier, f"{metric.capitalize()} is", result.shape[0])
C:\Users\danie\Dropbox\Javeriana\Proyecto LLMS text\LLMS_Project\LLMS_analysis\.venv\Lib\site-packages\sklearn\metrics\_classification.py:1833: UndefinedMetricWarning: Recall is ill-defined and being set to 0.0 in labels with no true samples. Use `zero_division` parameter to control this behavior.
  _warn_prf(average, modifier, f"{metric.capitalize()} is", result.shape[0])
C:\Users\danie\Dropbox\Javeriana\Proyecto LLMS text\LLMS_Project\LLMS_analysis\.venv\Lib\site-packages\sklearn\metrics\_classification.py:1833: UndefinedMetricWarning: Recall is ill-defined and being set to 0.0 in labels with no true samples. Use `zero_division` parameter to control this behavior.
  _warn_prf(average, modifier, f"{metric.capitalize()} is", result.shape[0])
C:\Users\danie\Dropbox\Javeriana\Proyecto LLMS text\LLMS_Project\LLMS_analysis\.venv\Lib\site-packages\sklearn\metrics\_classification.py:1833: UndefinedMetricWarning: Recall is ill-defined and being set to 0.0 in labels with no true samples. Use `zero_division` parameter to control this behavior.
  _warn_prf(average, modifier, f"{metric.capitalize()} is", result.shape[0])
C:\Users\danie\Dropbox\Javeriana\Proyecto LLMS text\LLMS_Project\LLMS_analysis\.venv\Lib\site-packages\sklearn\metrics\_classification.py:1833: UndefinedMetricWarning: Recall is ill-defined and being set to 0.0 in labels with no true samples. Use `zero_division` parameter to control this behavior.
  _warn_prf(average, modifier, f"{metric.capitalize()} is", result.shape[0])
C:\Users\danie\Dropbox\Javeriana\Proyecto LLMS text\LLMS_Project\LLMS_analysis\.venv\Lib\site-packages\sklearn\metrics\_classification.py:1833: UndefinedMetricWarning: Recall is ill-defined and being set to 0.0 in labels with no true samples. Use `zero_division` parameter to control this behavior.
  _warn_prf(average, modifier, f"{metric.capitalize()} is", result.shape[0])
C:\Users\danie\Dropbox\Javeriana\Proyecto LLMS text\LLMS_Project\LLMS_analysis\.venv\Lib\site-packages\sklearn\metrics\_classification.py:1833: UndefinedMetricWarning: Recall is ill-defined and being set to 0.0 in labels with no true samples. Use `zero_division` parameter to control this behavior.
  _warn_prf(average, modifier, f"{metric.capitalize()} is", result.shape[0])
C:\Users\danie\Dropbox\Javeriana\Proyecto LLMS text\LLMS_Project\LLMS_analysis\.venv\Lib\site-packages\sklearn\metrics\_classification.py:1833: UndefinedMetricWarning: Recall is ill-defined and being set to 0.0 in labels with no true samples. Use `zero_division` parameter to control this behavior.
  _warn_prf(average, modifier, f"{metric.capitalize()} is", result.shape[0])
C:\Users\danie\Dropbox\Javeriana\Proyecto LLMS text\LLMS_Project\LLMS_analysis\.venv\Lib\site-packages\sklearn\metrics\_classification.py:1833: UndefinedMetricWarning: Recall is ill-defined and being set to 0.0 in labels with no true samples. Use `zero_division` parameter to control this behavior.
  _warn_prf(average, modifier, f"{metric.capitalize()} is", result.shape[0])
C:\Users\danie\Dropbox\Javeriana\Proyecto LLMS text\LLMS_Project\LLMS_analysis\.venv\Lib\site-packages\sklearn\metrics\_classification.py:1833: UndefinedMetricWarning: Recall is ill-defined and being set to 0.0 in labels with no true samples. Use `zero_division` parameter to control this behavior.
  _warn_prf(average, modifier, f"{metric.capitalize()} is", result.shape[0])
C:\Users\danie\Dropbox\Javeriana\Proyecto LLMS text\LLMS_Project\LLMS_analysis\.venv\Lib\site-packages\sklearn\metrics\_classification.py:1833: UndefinedMetricWarning: Recall is ill-defined and being set to 0.0 in labels with no true samples. Use `zero_division` parameter to control this behavior.
  _warn_prf(average, modifier, f"{metric.capitalize()} is", result.shape[0])
C:\Users\danie\Dropbox\Javeriana\Proyecto LLMS text\LLMS_Project\LLMS_analysis\.venv\Lib\site-packages\sklearn\metrics\_classification.py:1833: UndefinedMetricWarning: Recall is ill-defined and being set to 0.0 in labels with no true samples. Use `zero_division` parameter to control this behavior.
  _warn_prf(average, modifier, f"{metric.capitalize()} is", result.shape[0])
C:\Users\danie\Dropbox\Javeriana\Proyecto LLMS text\LLMS_Project\LLMS_analysis\.venv\Lib\site-packages\sklearn\metrics\_classification.py:1833: UndefinedMetricWarning: Recall is ill-defined and being set to 0.0 in labels with no true samples. Use `zero_division` parameter to control this behavior.
  _warn_prf(average, modifier, f"{metric.capitalize()} is", result.shape[0])
C:\Users\danie\Dropbox\Javeriana\Proyecto LLMS text\LLMS_Project\LLMS_analysis\.venv\Lib\site-packages\sklearn\metrics\_classification.py:1833: UndefinedMetricWarning: Recall is ill-defined and being set to 0.0 in labels with no true samples. Use `zero_division` parameter to control this behavior.
  _warn_prf(average, modifier, f"{metric.capitalize()} is", result.shape[0])
C:\Users\danie\Dropbox\Javeriana\Proyecto LLMS text\LLMS_Project\LLMS_analysis\.venv\Lib\site-packages\sklearn\metrics\_classification.py:1833: UndefinedMetricWarning: Recall is ill-defined and being set to 0.0 in labels with no true samples. Use `zero_division` parameter to control this behavior.
  _warn_prf(average, modifier, f"{metric.capitalize()} is", result.shape[0])
C:\Users\danie\Dropbox\Javeriana\Proyecto LLMS text\LLMS_Project\LLMS_analysis\.venv\Lib\site-packages\sklearn\metrics\_classification.py:1833: UndefinedMetricWarning: Recall is ill-defined and being set to 0.0 in labels with no true samples. Use `zero_division` parameter to control this behavior.
  _warn_prf(average, modifier, f"{metric.capitalize()} is", result.shape[0])
C:\Users\danie\Dropbox\Javeriana\Proyecto LLMS text\LLMS_Project\LLMS_analysis\.venv\Lib\site-packages\sklearn\metrics\_classification.py:1833: UndefinedMetricWarning: Recall is ill-defined and being set to 0.0 in labels with no true samples. Use `zero_division` parameter to control this behavior.
  _warn_prf(average, modifier, f"{metric.capitalize()} is", result.shape[0])
C:\Users\danie\Dropbox\Javeriana\Proyecto LLMS text\LLMS_Project\LLMS_analysis\.venv\Lib\site-packages\sklearn\metrics\_classification.py:1833: UndefinedMetricWarning: Recall is ill-defined and being set to 0.0 in labels with no true samples. Use `zero_division` parameter to control this behavior.
  _warn_prf(average, modifier, f"{metric.capitalize()} is", result.shape[0])
C:\Users\danie\Dropbox\Javeriana\Proyecto LLMS text\LLMS_Project\LLMS_analysis\.venv\Lib\site-packages\sklearn\metrics\_classification.py:1833: UndefinedMetricWarning: Recall is ill-defined and being set to 0.0 in labels with no true samples. Use `zero_division` parameter to control this behavior.
  _warn_prf(average, modifier, f"{metric.capitalize()} is", result.shape[0])
C:\Users\danie\Dropbox\Javeriana\Proyecto LLMS text\LLMS_Project\LLMS_analysis\.venv\Lib\site-packages\sklearn\metrics\_classification.py:1833: UndefinedMetricWarning: Recall is ill-defined and being set to 0.0 in labels with no true samples. Use `zero_division` parameter to control this behavior.
  _warn_prf(average, modifier, f"{metric.capitalize()} is", result.shape[0])
C:\Users\danie\Dropbox\Javeriana\Proyecto LLMS text\LLMS_Project\LLMS_analysis\.venv\Lib\site-packages\sklearn\metrics\_classification.py:1833: UndefinedMetricWarning: Recall is ill-defined and being set to 0.0 in labels with no true samples. Use `zero_division` parameter to control this behavior.
  _warn_prf(average, modifier, f"{metric.capitalize()} is", result.shape[0])
C:\Users\danie\Dropbox\Javeriana\Proyecto LLMS text\LLMS_Project\LLMS_analysis\.venv\Lib\site-packages\sklearn\metrics\_classification.py:1833: UndefinedMetricWarning: Recall is ill-defined and being set to 0.0 in labels with no true samples. Use `zero_division` parameter to control this behavior.
  _warn_prf(average, modifier, f"{metric.capitalize()} is", result.shape[0])
C:\Users\danie\Dropbox\Javeriana\Proyecto LLMS text\LLMS_Project\LLMS_analysis\.venv\Lib\site-packages\sklearn\metrics\_classification.py:1833: UndefinedMetricWarning: Recall is ill-defined and being set to 0.0 in labels with no true samples. Use `zero_division` parameter to control this behavior.
  _warn_prf(average, modifier, f"{metric.capitalize()} is", result.shape[0])
C:\Users\danie\Dropbox\Javeriana\Proyecto LLMS text\LLMS_Project\LLMS_analysis\.venv\Lib\site-packages\sklearn\metrics\_classification.py:1833: UndefinedMetricWarning: Recall is ill-defined and being set to 0.0 in labels with no true samples. Use `zero_division` parameter to control this behavior.
  _warn_prf(average, modifier, f"{metric.capitalize()} is", result.shape[0])
C:\Users\danie\Dropbox\Javeriana\Proyecto LLMS text\LLMS_Project\LLMS_analysis\.venv\Lib\site-packages\sklearn\metrics\_classification.py:1833: UndefinedMetricWarning: Recall is ill-defined and being set to 0.0 in labels with no true samples. Use `zero_division` parameter to control this behavior.
  _warn_prf(average, modifier, f"{metric.capitalize()} is", result.shape[0])
C:\Users\danie\Dropbox\Javeriana\Proyecto LLMS text\LLMS_Project\LLMS_analysis\.venv\Lib\site-packages\sklearn\metrics\_classification.py:1833: UndefinedMetricWarning: Recall is ill-defined and being set to 0.0 in labels with no true samples. Use `zero_division` parameter to control this behavior.
  _warn_prf(average, modifier, f"{metric.capitalize()} is", result.shape[0])
C:\Users\danie\Dropbox\Javeriana\Proyecto LLMS text\LLMS_Project\LLMS_analysis\.venv\Lib\site-packages\sklearn\metrics\_classification.py:1833: UndefinedMetricWarning: Recall is ill-defined and being set to 0.0 in labels with no true samples. Use `zero_division` parameter to control this behavior.
  _warn_prf(average, modifier, f"{metric.capitalize()} is", result.shape[0])
C:\Users\danie\Dropbox\Javeriana\Proyecto LLMS text\LLMS_Project\LLMS_analysis\.venv\Lib\site-packages\sklearn\metrics\_classification.py:1833: UndefinedMetricWarning: Recall is ill-defined and being set to 0.0 in labels with no true samples. Use `zero_division` parameter to control this behavior.
  _warn_prf(average, modifier, f"{metric.capitalize()} is", result.shape[0])
C:\Users\danie\Dropbox\Javeriana\Proyecto LLMS text\LLMS_Project\LLMS_analysis\.venv\Lib\site-packages\sklearn\metrics\_classification.py:1833: UndefinedMetricWarning: Recall is ill-defined and being set to 0.0 in labels with no true samples. Use `zero_division` parameter to control this behavior.
  _warn_prf(average, modifier, f"{metric.capitalize()} is", result.shape[0])
C:\Users\danie\Dropbox\Javeriana\Proyecto LLMS text\LLMS_Project\LLMS_analysis\.venv\Lib\site-packages\sklearn\metrics\_classification.py:1833: UndefinedMetricWarning: Recall is ill-defined and being set to 0.0 in labels with no true samples. Use `zero_division` parameter to control this behavior.
  _warn_prf(average, modifier, f"{metric.capitalize()} is", result.shape[0])
C:\Users\danie\Dropbox\Javeriana\Proyecto LLMS text\LLMS_Project\LLMS_analysis\.venv\Lib\site-packages\sklearn\metrics\_classification.py:1833: UndefinedMetricWarning: Recall is ill-defined and being set to 0.0 in labels with no true samples. Use `zero_division` parameter to control this behavior.
  _warn_prf(average, modifier, f"{metric.capitalize()} is", result.shape[0])
C:\Users\danie\Dropbox\Javeriana\Proyecto LLMS text\LLMS_Project\LLMS_analysis\.venv\Lib\site-packages\sklearn\metrics\_classification.py:1833: UndefinedMetricWarning: Recall is ill-defined and being set to 0.0 in labels with no true samples. Use `zero_division` parameter to control this behavior.
  _warn_prf(average, modifier, f"{metric.capitalize()} is", result.shape[0])
C:\Users\danie\Dropbox\Javeriana\Proyecto LLMS text\LLMS_Project\LLMS_analysis\.venv\Lib\site-packages\sklearn\metrics\_classification.py:1833: UndefinedMetricWarning: Recall is ill-defined and being set to 0.0 in labels with no true samples. Use `zero_division` parameter to control this behavior.
  _warn_prf(average, modifier, f"{metric.capitalize()} is", result.shape[0])
C:\Users\danie\Dropbox\Javeriana\Proyecto LLMS text\LLMS_Project\LLMS_analysis\.venv\Lib\site-packages\sklearn\metrics\_classification.py:1833: UndefinedMetricWarning: Recall is ill-defined and being set to 0.0 in labels with no true samples. Use `zero_division` parameter to control this behavior.
  _warn_prf(average, modifier, f"{metric.capitalize()} is", result.shape[0])
C:\Users\danie\Dropbox\Javeriana\Proyecto LLMS text\LLMS_Project\LLMS_analysis\.venv\Lib\site-packages\sklearn\metrics\_classification.py:1833: UndefinedMetricWarning: Recall is ill-defined and being set to 0.0 in labels with no true samples. Use `zero_division` parameter to control this behavior.
  _warn_prf(average, modifier, f"{metric.capitalize()} is", result.shape[0])
C:\Users\danie\Dropbox\Javeriana\Proyecto LLMS text\LLMS_Project\LLMS_analysis\.venv\Lib\site-packages\sklearn\metrics\_classification.py:1833: UndefinedMetricWarning: Recall is ill-defined and being set to 0.0 in labels with no true samples. Use `zero_division` parameter to control this behavior.
  _warn_prf(average, modifier, f"{metric.capitalize()} is", result.shape[0])
C:\Users\danie\Dropbox\Javeriana\Proyecto LLMS text\LLMS_Project\LLMS_analysis\.venv\Lib\site-packages\sklearn\metrics\_classification.py:1833: UndefinedMetricWarning: Recall is ill-defined and being set to 0.0 in labels with no true samples. Use `zero_division` parameter to control this behavior.
  _warn_prf(average, modifier, f"{metric.capitalize()} is", result.shape[0])
C:\Users\danie\Dropbox\Javeriana\Proyecto LLMS text\LLMS_Project\LLMS_analysis\.venv\Lib\site-packages\sklearn\metrics\_classification.py:1833: UndefinedMetricWarning: Recall is ill-defined and being set to 0.0 in labels with no true samples. Use `zero_division` parameter to control this behavior.
  _warn_prf(average, modifier, f"{metric.capitalize()} is", result.shape[0])
C:\Users\danie\Dropbox\Javeriana\Proyecto LLMS text\LLMS_Project\LLMS_analysis\.venv\Lib\site-packages\sklearn\metrics\_classification.py:1833: UndefinedMetricWarning: Recall is ill-defined and being set to 0.0 in labels with no true samples. Use `zero_division` parameter to control this behavior.
  _warn_prf(average, modifier, f"{metric.capitalize()} is", result.shape[0])
C:\Users\danie\Dropbox\Javeriana\Proyecto LLMS text\LLMS_Project\LLMS_analysis\.venv\Lib\site-packages\sklearn\metrics\_classification.py:1833: UndefinedMetricWarning: Recall is ill-defined and being set to 0.0 in labels with no true samples. Use `zero_division` parameter to control this behavior.
  _warn_prf(average, modifier, f"{metric.capitalize()} is", result.shape[0])
C:\Users\danie\Dropbox\Javeriana\Proyecto LLMS text\LLMS_Project\LLMS_analysis\.venv\Lib\site-packages\sklearn\metrics\_classification.py:1833: UndefinedMetricWarning: Recall is ill-defined and being set to 0.0 in labels with no true samples. Use `zero_division` parameter to control this behavior.
  _warn_prf(average, modifier, f"{metric.capitalize()} is", result.shape[0])
C:\Users\danie\Dropbox\Javeriana\Proyecto LLMS text\LLMS_Project\LLMS_analysis\.venv\Lib\site-packages\sklearn\metrics\_classification.py:1833: UndefinedMetricWarning: Recall is ill-defined and being set to 0.0 in labels with no true samples. Use `zero_division` parameter to control this behavior.
  _warn_prf(average, modifier, f"{metric.capitalize()} is", result.shape[0])
C:\Users\danie\Dropbox\Javeriana\Proyecto LLMS text\LLMS_Project\LLMS_analysis\.venv\Lib\site-packages\sklearn\metrics\_classification.py:1833: UndefinedMetricWarning: Recall is ill-defined and being set to 0.0 in labels with no true samples. Use `zero_division` parameter to control this behavior.
  _warn_prf(average, modifier, f"{metric.capitalize()} is", result.shape[0])
C:\Users\danie\Dropbox\Javeriana\Proyecto LLMS text\LLMS_Project\LLMS_analysis\.venv\Lib\site-packages\sklearn\metrics\_classification.py:1833: UndefinedMetricWarning: Recall is ill-defined and being set to 0.0 in labels with no true samples. Use `zero_division` parameter to control this behavior.
  _warn_prf(average, modifier, f"{metric.capitalize()} is", result.shape[0])
C:\Users\danie\Dropbox\Javeriana\Proyecto LLMS text\LLMS_Project\LLMS_analysis\.venv\Lib\site-packages\sklearn\metrics\_classification.py:1833: UndefinedMetricWarning: Recall is ill-defined and being set to 0.0 in labels with no true samples. Use `zero_division` parameter to control this behavior.
  _warn_prf(average, modifier, f"{metric.capitalize()} is", result.shape[0])
C:\Users\danie\Dropbox\Javeriana\Proyecto LLMS text\LLMS_Project\LLMS_analysis\.venv\Lib\site-packages\sklearn\metrics\_classification.py:1833: UndefinedMetricWarning: Recall is ill-defined and being set to 0.0 in labels with no true samples. Use `zero_division` parameter to control this behavior.
  _warn_prf(average, modifier, f"{metric.capitalize()} is", result.shape[0])
C:\Users\danie\Dropbox\Javeriana\Proyecto LLMS text\LLMS_Project\LLMS_analysis\.venv\Lib\site-packages\sklearn\metrics\_classification.py:1833: UndefinedMetricWarning: Recall is ill-defined and being set to 0.0 in labels with no true samples. Use `zero_division` parameter to control this behavior.
  _warn_prf(average, modifier, f"{metric.capitalize()} is", result.shape[0])
C:\Users\danie\Dropbox\Javeriana\Proyecto LLMS text\LLMS_Project\LLMS_analysis\.venv\Lib\site-packages\sklearn\metrics\_classification.py:1833: UndefinedMetricWarning: Recall is ill-defined and being set to 0.0 in labels with no true samples. Use `zero_division` parameter to control this behavior.
  _warn_prf(average, modifier, f"{metric.capitalize()} is", result.shape[0])
C:\Users\danie\Dropbox\Javeriana\Proyecto LLMS text\LLMS_Project\LLMS_analysis\.venv\Lib\site-packages\sklearn\metrics\_classification.py:1833: UndefinedMetricWarning: Recall is ill-defined and being set to 0.0 in labels with no true samples. Use `zero_division` parameter to control this behavior.
  _warn_prf(average, modifier, f"{metric.capitalize()} is", result.shape[0])
C:\Users\danie\Dropbox\Javeriana\Proyecto LLMS text\LLMS_Project\LLMS_analysis\.venv\Lib\site-packages\sklearn\metrics\_classification.py:1833: UndefinedMetricWarning: Recall is ill-defined and being set to 0.0 in labels with no true samples. Use `zero_division` parameter to control this behavior.
  _warn_prf(average, modifier, f"{metric.capitalize()} is", result.shape[0])
C:\Users\danie\Dropbox\Javeriana\Proyecto LLMS text\LLMS_Project\LLMS_analysis\.venv\Lib\site-packages\sklearn\metrics\_classification.py:1833: UndefinedMetricWarning: Recall is ill-defined and being set to 0.0 in labels with no true samples. Use `zero_division` parameter to control this behavior.
  _warn_prf(average, modifier, f"{metric.capitalize()} is", result.shape[0])
C:\Users\danie\Dropbox\Javeriana\Proyecto LLMS text\LLMS_Project\LLMS_analysis\.venv\Lib\site-packages\sklearn\metrics\_classification.py:1833: UndefinedMetricWarning: Recall is ill-defined and being set to 0.0 in labels with no true samples. Use `zero_division` parameter to control this behavior.
  _warn_prf(average, modifier, f"{metric.capitalize()} is", result.shape[0])
C:\Users\danie\Dropbox\Javeriana\Proyecto LLMS text\LLMS_Project\LLMS_analysis\.venv\Lib\site-packages\sklearn\metrics\_classification.py:1833: UndefinedMetricWarning: Recall is ill-defined and being set to 0.0 in labels with no true samples. Use `zero_division` parameter to control this behavior.
  _warn_prf(average, modifier, f"{metric.capitalize()} is", result.shape[0])
C:\Users\danie\Dropbox\Javeriana\Proyecto LLMS text\LLMS_Project\LLMS_analysis\.venv\Lib\site-packages\sklearn\metrics\_classification.py:1833: UndefinedMetricWarning: Recall is ill-defined and being set to 0.0 in labels with no true samples. Use `zero_division` parameter to control this behavior.
  _warn_prf(average, modifier, f"{metric.capitalize()} is", result.shape[0])
C:\Users\danie\Dropbox\Javeriana\Proyecto LLMS text\LLMS_Project\LLMS_analysis\.venv\Lib\site-packages\sklearn\metrics\_classification.py:1833: UndefinedMetricWarning: Recall is ill-defined and being set to 0.0 in labels with no true samples. Use `zero_division` parameter to control this behavior.
  _warn_prf(average, modifier, f"{metric.capitalize()} is", result.shape[0])
C:\Users\danie\Dropbox\Javeriana\Proyecto LLMS text\LLMS_Project\LLMS_analysis\.venv\Lib\site-packages\sklearn\metrics\_classification.py:1833: UndefinedMetricWarning: Recall is ill-defined and being set to 0.0 in labels with no true samples. Use `zero_division` parameter to control this behavior.
  _warn_prf(average, modifier, f"{metric.capitalize()} is", result.shape[0])
C:\Users\danie\Dropbox\Javeriana\Proyecto LLMS text\LLMS_Project\LLMS_analysis\.venv\Lib\site-packages\sklearn\metrics\_classification.py:1833: UndefinedMetricWarning: Recall is ill-defined and being set to 0.0 in labels with no true samples. Use `zero_division` parameter to control this behavior.
  _warn_prf(average, modifier, f"{metric.capitalize()} is", result.shape[0])
C:\Users\danie\Dropbox\Javeriana\Proyecto LLMS text\LLMS_Project\LLMS_analysis\.venv\Lib\site-packages\sklearn\metrics\_classification.py:1833: UndefinedMetricWarning: Recall is ill-defined and being set to 0.0 in labels with no true samples. Use `zero_division` parameter to control this behavior.
  _warn_prf(average, modifier, f"{metric.capitalize()} is", result.shape[0])
C:\Users\danie\Dropbox\Javeriana\Proyecto LLMS text\LLMS_Project\LLMS_analysis\.venv\Lib\site-packages\sklearn\metrics\_classification.py:1833: UndefinedMetricWarning: Recall is ill-defined and being set to 0.0 in labels with no true samples. Use `zero_division` parameter to control this behavior.
  _warn_prf(average, modifier, f"{metric.capitalize()} is", result.shape[0])
C:\Users\danie\Dropbox\Javeriana\Proyecto LLMS text\LLMS_Project\LLMS_analysis\.venv\Lib\site-packages\sklearn\metrics\_classification.py:1833: UndefinedMetricWarning: Recall is ill-defined and being set to 0.0 in labels with no true samples. Use `zero_division` parameter to control this behavior.
  _warn_prf(average, modifier, f"{metric.capitalize()} is", result.shape[0])
C:\Users\danie\Dropbox\Javeriana\Proyecto LLMS text\LLMS_Project\LLMS_analysis\.venv\Lib\site-packages\sklearn\metrics\_classification.py:1833: UndefinedMetricWarning: Recall is ill-defined and being set to 0.0 in labels with no true samples. Use `zero_division` parameter to control this behavior.
  _warn_prf(average, modifier, f"{metric.capitalize()} is", result.shape[0])
C:\Users\danie\Dropbox\Javeriana\Proyecto LLMS text\LLMS_Project\LLMS_analysis\.venv\Lib\site-packages\sklearn\metrics\_classification.py:1833: UndefinedMetricWarning: Recall is ill-defined and being set to 0.0 in labels with no true samples. Use `zero_division` parameter to control this behavior.
  _warn_prf(average, modifier, f"{metric.capitalize()} is", result.shape[0])
C:\Users\danie\Dropbox\Javeriana\Proyecto LLMS text\LLMS_Project\LLMS_analysis\.venv\Lib\site-packages\sklearn\metrics\_classification.py:1833: UndefinedMetricWarning: Recall is ill-defined and being set to 0.0 in labels with no true samples. Use `zero_division` parameter to control this behavior.
  _warn_prf(average, modifier, f"{metric.capitalize()} is", result.shape[0])
C:\Users\danie\Dropbox\Javeriana\Proyecto LLMS text\LLMS_Project\LLMS_analysis\.venv\Lib\site-packages\sklearn\metrics\_classification.py:1833: UndefinedMetricWarning: Recall is ill-defined and being set to 0.0 in labels with no true samples. Use `zero_division` parameter to control this behavior.
  _warn_prf(average, modifier, f"{metric.capitalize()} is", result.shape[0])
C:\Users\danie\Dropbox\Javeriana\Proyecto LLMS text\LLMS_Project\LLMS_analysis\.venv\Lib\site-packages\sklearn\metrics\_classification.py:1833: UndefinedMetricWarning: Recall is ill-defined and being set to 0.0 in labels with no true samples. Use `zero_division` parameter to control this behavior.
  _warn_prf(average, modifier, f"{metric.capitalize()} is", result.shape[0])
C:\Users\danie\Dropbox\Javeriana\Proyecto LLMS text\LLMS_Project\LLMS_analysis\.venv\Lib\site-packages\sklearn\metrics\_classification.py:1833: UndefinedMetricWarning: Recall is ill-defined and being set to 0.0 in labels with no true samples. Use `zero_division` parameter to control this behavior.
  _warn_prf(average, modifier, f"{metric.capitalize()} is", result.shape[0])
C:\Users\danie\Dropbox\Javeriana\Proyecto LLMS text\LLMS_Project\LLMS_analysis\.venv\Lib\site-packages\sklearn\metrics\_classification.py:1833: UndefinedMetricWarning: Recall is ill-defined and being set to 0.0 in labels with no true samples. Use `zero_division` parameter to control this behavior.
  _warn_prf(average, modifier, f"{metric.capitalize()} is", result.shape[0])
C:\Users\danie\Dropbox\Javeriana\Proyecto LLMS text\LLMS_Project\LLMS_analysis\.venv\Lib\site-packages\sklearn\metrics\_classification.py:1833: UndefinedMetricWarning: Recall is ill-defined and being set to 0.0 in labels with no true samples. Use `zero_division` parameter to control this behavior.
  _warn_prf(average, modifier, f"{metric.capitalize()} is", result.shape[0])
C:\Users\danie\Dropbox\Javeriana\Proyecto LLMS text\LLMS_Project\LLMS_analysis\.venv\Lib\site-packages\sklearn\metrics\_classification.py:1833: UndefinedMetricWarning: Recall is ill-defined and being set to 0.0 in labels with no true samples. Use `zero_division` parameter to control this behavior.
  _warn_prf(average, modifier, f"{metric.capitalize()} is", result.shape[0])
C:\Users\danie\Dropbox\Javeriana\Proyecto LLMS text\LLMS_Project\LLMS_analysis\.venv\Lib\site-packages\sklearn\metrics\_classification.py:1833: UndefinedMetricWarning: Recall is ill-defined and being set to 0.0 in labels with no true samples. Use `zero_division` parameter to control this behavior.
  _warn_prf(average, modifier, f"{metric.capitalize()} is", result.shape[0])
C:\Users\danie\Dropbox\Javeriana\Proyecto LLMS text\LLMS_Project\LLMS_analysis\.venv\Lib\site-packages\sklearn\metrics\_classification.py:1833: UndefinedMetricWarning: Recall is ill-defined and being set to 0.0 in labels with no true samples. Use `zero_division` parameter to control this behavior.
  _warn_prf(average, modifier, f"{metric.capitalize()} is", result.shape[0])
C:\Users\danie\Dropbox\Javeriana\Proyecto LLMS text\LLMS_Project\LLMS_analysis\.venv\Lib\site-packages\sklearn\metrics\_classification.py:1833: UndefinedMetricWarning: Recall is ill-defined and being set to 0.0 in labels with no true samples. Use `zero_division` parameter to control this behavior.
  _warn_prf(average, modifier, f"{metric.capitalize()} is", result.shape[0])
C:\Users\danie\Dropbox\Javeriana\Proyecto LLMS text\LLMS_Project\LLMS_analysis\.venv\Lib\site-packages\sklearn\metrics\_classification.py:1833: UndefinedMetricWarning: Recall is ill-defined and being set to 0.0 in labels with no true samples. Use `zero_division` parameter to control this behavior.
  _warn_prf(average, modifier, f"{metric.capitalize()} is", result.shape[0])
C:\Users\danie\Dropbox\Javeriana\Proyecto LLMS text\LLMS_Project\LLMS_analysis\.venv\Lib\site-packages\sklearn\metrics\_classification.py:1833: UndefinedMetricWarning: Recall is ill-defined and being set to 0.0 in labels with no true samples. Use `zero_division` parameter to control this behavior.
  _warn_prf(average, modifier, f"{metric.capitalize()} is", result.shape[0])
C:\Users\danie\Dropbox\Javeriana\Proyecto LLMS text\LLMS_Project\LLMS_analysis\.venv\Lib\site-packages\sklearn\metrics\_classification.py:1833: UndefinedMetricWarning: Recall is ill-defined and being set to 0.0 in labels with no true samples. Use `zero_division` parameter to control this behavior.
  _warn_prf(average, modifier, f"{metric.capitalize()} is", result.shape[0])
C:\Users\danie\Dropbox\Javeriana\Proyecto LLMS text\LLMS_Project\LLMS_analysis\.venv\Lib\site-packages\sklearn\metrics\_classification.py:1833: UndefinedMetricWarning: Recall is ill-defined and being set to 0.0 in labels with no true samples. Use `zero_division` parameter to control this behavior.
  _warn_prf(average, modifier, f"{metric.capitalize()} is", result.shape[0])
C:\Users\danie\Dropbox\Javeriana\Proyecto LLMS text\LLMS_Project\LLMS_analysis\.venv\Lib\site-packages\sklearn\metrics\_classification.py:1833: UndefinedMetricWarning: Recall is ill-defined and being set to 0.0 in labels with no true samples. Use `zero_division` parameter to control this behavior.
  _warn_prf(average, modifier, f"{metric.capitalize()} is", result.shape[0])
C:\Users\danie\Dropbox\Javeriana\Proyecto LLMS text\LLMS_Project\LLMS_analysis\.venv\Lib\site-packages\sklearn\metrics\_classification.py:1833: UndefinedMetricWarning: Recall is ill-defined and being set to 0.0 in labels with no true samples. Use `zero_division` parameter to control this behavior.
  _warn_prf(average, modifier, f"{metric.capitalize()} is", result.shape[0])
C:\Users\danie\Dropbox\Javeriana\Proyecto LLMS text\LLMS_Project\LLMS_analysis\.venv\Lib\site-packages\sklearn\metrics\_classification.py:1833: UndefinedMetricWarning: Recall is ill-defined and being set to 0.0 in labels with no true samples. Use `zero_division` parameter to control this behavior.
  _warn_prf(average, modifier, f"{metric.capitalize()} is", result.shape[0])
C:\Users\danie\Dropbox\Javeriana\Proyecto LLMS text\LLMS_Project\LLMS_analysis\.venv\Lib\site-packages\sklearn\metrics\_classification.py:1833: UndefinedMetricWarning: Recall is ill-defined and being set to 0.0 in labels with no true samples. Use `zero_division` parameter to control this behavior.
  _warn_prf(average, modifier, f"{metric.capitalize()} is", result.shape[0])
C:\Users\danie\Dropbox\Javeriana\Proyecto LLMS text\LLMS_Project\LLMS_analysis\.venv\Lib\site-packages\sklearn\metrics\_classification.py:1833: UndefinedMetricWarning: Recall is ill-defined and being set to 0.0 in labels with no true samples. Use `zero_division` parameter to control this behavior.
  _warn_prf(average, modifier, f"{metric.capitalize()} is", result.shape[0])
C:\Users\danie\Dropbox\Javeriana\Proyecto LLMS text\LLMS_Project\LLMS_analysis\.venv\Lib\site-packages\sklearn\metrics\_classification.py:1833: UndefinedMetricWarning: Recall is ill-defined and being set to 0.0 in labels with no true samples. Use `zero_division` parameter to control this behavior.
  _warn_prf(average, modifier, f"{metric.capitalize()} is", result.shape[0])
C:\Users\danie\Dropbox\Javeriana\Proyecto LLMS text\LLMS_Project\LLMS_analysis\.venv\Lib\site-packages\sklearn\metrics\_classification.py:1833: UndefinedMetricWarning: Recall is ill-defined and being set to 0.0 in labels with no true samples. Use `zero_division` parameter to control this behavior.
  _warn_prf(average, modifier, f"{metric.capitalize()} is", result.shape[0])
C:\Users\danie\Dropbox\Javeriana\Proyecto LLMS text\LLMS_Project\LLMS_analysis\.venv\Lib\site-packages\sklearn\metrics\_classification.py:1833: UndefinedMetricWarning: Recall is ill-defined and being set to 0.0 in labels with no true samples. Use `zero_division` parameter to control this behavior.
  _warn_prf(average, modifier, f"{metric.capitalize()} is", result.shape[0])
C:\Users\danie\Dropbox\Javeriana\Proyecto LLMS text\LLMS_Project\LLMS_analysis\.venv\Lib\site-packages\sklearn\metrics\_classification.py:1833: UndefinedMetricWarning: Recall is ill-defined and being set to 0.0 in labels with no true samples. Use `zero_division` parameter to control this behavior.
  _warn_prf(average, modifier, f"{metric.capitalize()} is", result.shape[0])
C:\Users\danie\Dropbox\Javeriana\Proyecto LLMS text\LLMS_Project\LLMS_analysis\.venv\Lib\site-packages\sklearn\metrics\_classification.py:1833: UndefinedMetricWarning: Recall is ill-defined and being set to 0.0 in labels with no true samples. Use `zero_division` parameter to control this behavior.
  _warn_prf(average, modifier, f"{metric.capitalize()} is", result.shape[0])
C:\Users\danie\Dropbox\Javeriana\Proyecto LLMS text\LLMS_Project\LLMS_analysis\.venv\Lib\site-packages\sklearn\metrics\_classification.py:1833: UndefinedMetricWarning: Recall is ill-defined and being set to 0.0 in labels with no true samples. Use `zero_division` parameter to control this behavior.
  _warn_prf(average, modifier, f"{metric.capitalize()} is", result.shape[0])
C:\Users\danie\Dropbox\Javeriana\Proyecto LLMS text\LLMS_Project\LLMS_analysis\.venv\Lib\site-packages\sklearn\metrics\_classification.py:1833: UndefinedMetricWarning: Recall is ill-defined and being set to 0.0 in labels with no true samples. Use `zero_division` parameter to control this behavior.
  _warn_prf(average, modifier, f"{metric.capitalize()} is", result.shape[0])
C:\Users\danie\Dropbox\Javeriana\Proyecto LLMS text\LLMS_Project\LLMS_analysis\.venv\Lib\site-packages\sklearn\metrics\_classification.py:1833: UndefinedMetricWarning: Recall is ill-defined and being set to 0.0 in labels with no true samples. Use `zero_division` parameter to control this behavior.
  _warn_prf(average, modifier, f"{metric.capitalize()} is", result.shape[0])
C:\Users\danie\Dropbox\Javeriana\Proyecto LLMS text\LLMS_Project\LLMS_analysis\.venv\Lib\site-packages\sklearn\metrics\_classification.py:1833: UndefinedMetricWarning: Recall is ill-defined and being set to 0.0 in labels with no true samples. Use `zero_division` parameter to control this behavior.
  _warn_prf(average, modifier, f"{metric.capitalize()} is", result.shape[0])
C:\Users\danie\Dropbox\Javeriana\Proyecto LLMS text\LLMS_Project\LLMS_analysis\.venv\Lib\site-packages\sklearn\metrics\_classification.py:620: UserWarning: A single label was found in 'y_true' and 'y_pred'. For the confusion matrix to have the correct shape, use the 'labels' parameter to pass all known labels.
  warnings.warn(
C:\Users\danie\Dropbox\Javeriana\Proyecto LLMS text\LLMS_Project\LLMS_analysis\.venv\Lib\site-packages\sklearn\metrics\_classification.py:991: RuntimeWarning: invalid value encountered in scalar divide
  k = xp.sum(w_mat * confusion) / xp.sum(w_mat * expected)
C:\Users\danie\Dropbox\Javeriana\Proyecto LLMS text\LLMS_Project\LLMS_analysis\.venv\Lib\site-packages\sklearn\metrics\_classification.py:1833: UndefinedMetricWarning: Recall is ill-defined and being set to 0.0 in labels with no true samples. Use `zero_division` parameter to control this behavior.
  _warn_prf(average, modifier, f"{metric.capitalize()} is", result.shape[0])
C:\Users\danie\Dropbox\Javeriana\Proyecto LLMS text\LLMS_Project\LLMS_analysis\.venv\Lib\site-packages\sklearn\metrics\_classification.py:1833: UndefinedMetricWarning: Recall is ill-defined and being set to 0.0 in labels with no true samples. Use `zero_division` parameter to control this behavior.
  _warn_prf(average, modifier, f"{metric.capitalize()} is", result.shape[0])
C:\Users\danie\Dropbox\Javeriana\Proyecto LLMS text\LLMS_Project\LLMS_analysis\.venv\Lib\site-packages\sklearn\metrics\_classification.py:1833: UndefinedMetricWarning: Recall is ill-defined and being set to 0.0 in labels with no true samples. Use `zero_division` parameter to control this behavior.
  _warn_prf(average, modifier, f"{metric.capitalize()} is", result.shape[0])
C:\Users\danie\Dropbox\Javeriana\Proyecto LLMS text\LLMS_Project\LLMS_analysis\.venv\Lib\site-packages\sklearn\metrics\_classification.py:1833: UndefinedMetricWarning: Recall is ill-defined and being set to 0.0 in labels with no true samples. Use `zero_division` parameter to control this behavior.
  _warn_prf(average, modifier, f"{metric.capitalize()} is", result.shape[0])
C:\Users\danie\Dropbox\Javeriana\Proyecto LLMS text\LLMS_Project\LLMS_analysis\.venv\Lib\site-packages\sklearn\metrics\_classification.py:1833: UndefinedMetricWarning: Recall is ill-defined and being set to 0.0 in labels with no true samples. Use `zero_division` parameter to control this behavior.
  _warn_prf(average, modifier, f"{metric.capitalize()} is", result.shape[0])
C:\Users\danie\Dropbox\Javeriana\Proyecto LLMS text\LLMS_Project\LLMS_analysis\.venv\Lib\site-packages\sklearn\metrics\_classification.py:1833: UndefinedMetricWarning: Recall is ill-defined and being set to 0.0 in labels with no true samples. Use `zero_division` parameter to control this behavior.
  _warn_prf(average, modifier, f"{metric.capitalize()} is", result.shape[0])
C:\Users\danie\Dropbox\Javeriana\Proyecto LLMS text\LLMS_Project\LLMS_analysis\.venv\Lib\site-packages\sklearn\metrics\_classification.py:1833: UndefinedMetricWarning: Recall is ill-defined and being set to 0.0 in labels with no true samples. Use `zero_division` parameter to control this behavior.
  _warn_prf(average, modifier, f"{metric.capitalize()} is", result.shape[0])
C:\Users\danie\Dropbox\Javeriana\Proyecto LLMS text\LLMS_Project\LLMS_analysis\.venv\Lib\site-packages\sklearn\metrics\_classification.py:1833: UndefinedMetricWarning: Recall is ill-defined and being set to 0.0 in labels with no true samples. Use `zero_division` parameter to control this behavior.
  _warn_prf(average, modifier, f"{metric.capitalize()} is", result.shape[0])
C:\Users\danie\Dropbox\Javeriana\Proyecto LLMS text\LLMS_Project\LLMS_analysis\.venv\Lib\site-packages\sklearn\metrics\_classification.py:1833: UndefinedMetricWarning: Recall is ill-defined and being set to 0.0 in labels with no true samples. Use `zero_division` parameter to control this behavior.
  _warn_prf(average, modifier, f"{metric.capitalize()} is", result.shape[0])
C:\Users\danie\Dropbox\Javeriana\Proyecto LLMS text\LLMS_Project\LLMS_analysis\.venv\Lib\site-packages\sklearn\metrics\_classification.py:1833: UndefinedMetricWarning: Recall is ill-defined and being set to 0.0 in labels with no true samples. Use `zero_division` parameter to control this behavior.
  _warn_prf(average, modifier, f"{metric.capitalize()} is", result.shape[0])
C:\Users\danie\Dropbox\Javeriana\Proyecto LLMS text\LLMS_Project\LLMS_analysis\.venv\Lib\site-packages\sklearn\metrics\_classification.py:1833: UndefinedMetricWarning: Recall is ill-defined and being set to 0.0 in labels with no true samples. Use `zero_division` parameter to control this behavior.
  _warn_prf(average, modifier, f"{metric.capitalize()} is", result.shape[0])
C:\Users\danie\Dropbox\Javeriana\Proyecto LLMS text\LLMS_Project\LLMS_analysis\.venv\Lib\site-packages\sklearn\metrics\_classification.py:1833: UndefinedMetricWarning: Recall is ill-defined and being set to 0.0 in labels with no true samples. Use `zero_division` parameter to control this behavior.
  _warn_prf(average, modifier, f"{metric.capitalize()} is", result.shape[0])
C:\Users\danie\Dropbox\Javeriana\Proyecto LLMS text\LLMS_Project\LLMS_analysis\.venv\Lib\site-packages\sklearn\metrics\_classification.py:1833: UndefinedMetricWarning: Recall is ill-defined and being set to 0.0 in labels with no true samples. Use `zero_division` parameter to control this behavior.
  _warn_prf(average, modifier, f"{metric.capitalize()} is", result.shape[0])
C:\Users\danie\Dropbox\Javeriana\Proyecto LLMS text\LLMS_Project\LLMS_analysis\.venv\Lib\site-packages\sklearn\metrics\_classification.py:1833: UndefinedMetricWarning: Recall is ill-defined and being set to 0.0 in labels with no true samples. Use `zero_division` parameter to control this behavior.
  _warn_prf(average, modifier, f"{metric.capitalize()} is", result.shape[0])
C:\Users\danie\Dropbox\Javeriana\Proyecto LLMS text\LLMS_Project\LLMS_analysis\.venv\Lib\site-packages\sklearn\metrics\_classification.py:1833: UndefinedMetricWarning: Recall is ill-defined and being set to 0.0 in labels with no true samples. Use `zero_division` parameter to control this behavior.
  _warn_prf(average, modifier, f"{metric.capitalize()} is", result.shape[0])
C:\Users\danie\Dropbox\Javeriana\Proyecto LLMS text\LLMS_Project\LLMS_analysis\.venv\Lib\site-packages\sklearn\metrics\_classification.py:1833: UndefinedMetricWarning: Recall is ill-defined and being set to 0.0 in labels with no true samples. Use `zero_division` parameter to control this behavior.
  _warn_prf(average, modifier, f"{metric.capitalize()} is", result.shape[0])
C:\Users\danie\Dropbox\Javeriana\Proyecto LLMS text\LLMS_Project\LLMS_analysis\.venv\Lib\site-packages\sklearn\metrics\_classification.py:1833: UndefinedMetricWarning: Recall is ill-defined and being set to 0.0 in labels with no true samples. Use `zero_division` parameter to control this behavior.
  _warn_prf(average, modifier, f"{metric.capitalize()} is", result.shape[0])
C:\Users\danie\Dropbox\Javeriana\Proyecto LLMS text\LLMS_Project\LLMS_analysis\.venv\Lib\site-packages\sklearn\metrics\_classification.py:1833: UndefinedMetricWarning: Recall is ill-defined and being set to 0.0 in labels with no true samples. Use `zero_division` parameter to control this behavior.
  _warn_prf(average, modifier, f"{metric.capitalize()} is", result.shape[0])
C:\Users\danie\Dropbox\Javeriana\Proyecto LLMS text\LLMS_Project\LLMS_analysis\.venv\Lib\site-packages\sklearn\metrics\_classification.py:1833: UndefinedMetricWarning: Recall is ill-defined and being set to 0.0 in labels with no true samples. Use `zero_division` parameter to control this behavior.
  _warn_prf(average, modifier, f"{metric.capitalize()} is", result.shape[0])
C:\Users\danie\Dropbox\Javeriana\Proyecto LLMS text\LLMS_Project\LLMS_analysis\.venv\Lib\site-packages\sklearn\metrics\_classification.py:1833: UndefinedMetricWarning: Recall is ill-defined and being set to 0.0 in labels with no true samples. Use `zero_division` parameter to control this behavior.
  _warn_prf(average, modifier, f"{metric.capitalize()} is", result.shape[0])
C:\Users\danie\Dropbox\Javeriana\Proyecto LLMS text\LLMS_Project\LLMS_analysis\.venv\Lib\site-packages\sklearn\metrics\_classification.py:1833: UndefinedMetricWarning: Recall is ill-defined and being set to 0.0 in labels with no true samples. Use `zero_division` parameter to control this behavior.
  _warn_prf(average, modifier, f"{metric.capitalize()} is", result.shape[0])
C:\Users\danie\Dropbox\Javeriana\Proyecto LLMS text\LLMS_Project\LLMS_analysis\.venv\Lib\site-packages\sklearn\metrics\_classification.py:1833: UndefinedMetricWarning: Recall is ill-defined and being set to 0.0 in labels with no true samples. Use `zero_division` parameter to control this behavior.
  _warn_prf(average, modifier, f"{metric.capitalize()} is", result.shape[0])
C:\Users\danie\Dropbox\Javeriana\Proyecto LLMS text\LLMS_Project\LLMS_analysis\.venv\Lib\site-packages\sklearn\metrics\_classification.py:1833: UndefinedMetricWarning: Recall is ill-defined and being set to 0.0 in labels with no true samples. Use `zero_division` parameter to control this behavior.
  _warn_prf(average, modifier, f"{metric.capitalize()} is", result.shape[0])
C:\Users\danie\Dropbox\Javeriana\Proyecto LLMS text\LLMS_Project\LLMS_analysis\.venv\Lib\site-packages\sklearn\metrics\_classification.py:1833: UndefinedMetricWarning: Recall is ill-defined and being set to 0.0 in labels with no true samples. Use `zero_division` parameter to control this behavior.
  _warn_prf(average, modifier, f"{metric.capitalize()} is", result.shape[0])
C:\Users\danie\Dropbox\Javeriana\Proyecto LLMS text\LLMS_Project\LLMS_analysis\.venv\Lib\site-packages\sklearn\metrics\_classification.py:1833: UndefinedMetricWarning: Recall is ill-defined and being set to 0.0 in labels with no true samples. Use `zero_division` parameter to control this behavior.
  _warn_prf(average, modifier, f"{metric.capitalize()} is", result.shape[0])
C:\Users\danie\Dropbox\Javeriana\Proyecto LLMS text\LLMS_Project\LLMS_analysis\.venv\Lib\site-packages\sklearn\metrics\_classification.py:1833: UndefinedMetricWarning: Recall is ill-defined and being set to 0.0 in labels with no true samples. Use `zero_division` parameter to control this behavior.
  _warn_prf(average, modifier, f"{metric.capitalize()} is", result.shape[0])
C:\Users\danie\Dropbox\Javeriana\Proyecto LLMS text\LLMS_Project\LLMS_analysis\.venv\Lib\site-packages\sklearn\metrics\_classification.py:1833: UndefinedMetricWarning: Recall is ill-defined and being set to 0.0 in labels with no true samples. Use `zero_division` parameter to control this behavior.
  _warn_prf(average, modifier, f"{metric.capitalize()} is", result.shape[0])
C:\Users\danie\Dropbox\Javeriana\Proyecto LLMS text\LLMS_Project\LLMS_analysis\.venv\Lib\site-packages\sklearn\metrics\_classification.py:1833: UndefinedMetricWarning: Recall is ill-defined and being set to 0.0 in labels with no true samples. Use `zero_division` parameter to control this behavior.
  _warn_prf(average, modifier, f"{metric.capitalize()} is", result.shape[0])
C:\Users\danie\Dropbox\Javeriana\Proyecto LLMS text\LLMS_Project\LLMS_analysis\.venv\Lib\site-packages\sklearn\metrics\_classification.py:1833: UndefinedMetricWarning: Recall is ill-defined and being set to 0.0 in labels with no true samples. Use `zero_division` parameter to control this behavior.
  _warn_prf(average, modifier, f"{metric.capitalize()} is", result.shape[0])
C:\Users\danie\Dropbox\Javeriana\Proyecto LLMS text\LLMS_Project\LLMS_analysis\.venv\Lib\site-packages\sklearn\metrics\_classification.py:1833: UndefinedMetricWarning: Recall is ill-defined and being set to 0.0 in labels with no true samples. Use `zero_division` parameter to control this behavior.
  _warn_prf(average, modifier, f"{metric.capitalize()} is", result.shape[0])
C:\Users\danie\Dropbox\Javeriana\Proyecto LLMS text\LLMS_Project\LLMS_analysis\.venv\Lib\site-packages\sklearn\metrics\_classification.py:1833: UndefinedMetricWarning: Recall is ill-defined and being set to 0.0 in labels with no true samples. Use `zero_division` parameter to control this behavior.
  _warn_prf(average, modifier, f"{metric.capitalize()} is", result.shape[0])
C:\Users\danie\Dropbox\Javeriana\Proyecto LLMS text\LLMS_Project\LLMS_analysis\.venv\Lib\site-packages\sklearn\metrics\_classification.py:1833: UndefinedMetricWarning: Recall is ill-defined and being set to 0.0 in labels with no true samples. Use `zero_division` parameter to control this behavior.
  _warn_prf(average, modifier, f"{metric.capitalize()} is", result.shape[0])
C:\Users\danie\Dropbox\Javeriana\Proyecto LLMS text\LLMS_Project\LLMS_analysis\.venv\Lib\site-packages\sklearn\metrics\_classification.py:1833: UndefinedMetricWarning: Recall is ill-defined and being set to 0.0 in labels with no true samples. Use `zero_division` parameter to control this behavior.
  _warn_prf(average, modifier, f"{metric.capitalize()} is", result.shape[0])
C:\Users\danie\Dropbox\Javeriana\Proyecto LLMS text\LLMS_Project\LLMS_analysis\.venv\Lib\site-packages\sklearn\metrics\_classification.py:1833: UndefinedMetricWarning: Recall is ill-defined and being set to 0.0 in labels with no true samples. Use `zero_division` parameter to control this behavior.
  _warn_prf(average, modifier, f"{metric.capitalize()} is", result.shape[0])
C:\Users\danie\Dropbox\Javeriana\Proyecto LLMS text\LLMS_Project\LLMS_analysis\.venv\Lib\site-packages\sklearn\metrics\_classification.py:1833: UndefinedMetricWarning: Recall is ill-defined and being set to 0.0 in labels with no true samples. Use `zero_division` parameter to control this behavior.
  _warn_prf(average, modifier, f"{metric.capitalize()} is", result.shape[0])
C:\Users\danie\Dropbox\Javeriana\Proyecto LLMS text\LLMS_Project\LLMS_analysis\.venv\Lib\site-packages\sklearn\metrics\_classification.py:1833: UndefinedMetricWarning: Recall is ill-defined and being set to 0.0 in labels with no true samples. Use `zero_division` parameter to control this behavior.
  _warn_prf(average, modifier, f"{metric.capitalize()} is", result.shape[0])
C:\Users\danie\Dropbox\Javeriana\Proyecto LLMS text\LLMS_Project\LLMS_analysis\.venv\Lib\site-packages\sklearn\metrics\_classification.py:1833: UndefinedMetricWarning: Recall is ill-defined and being set to 0.0 in labels with no true samples. Use `zero_division` parameter to control this behavior.
  _warn_prf(average, modifier, f"{metric.capitalize()} is", result.shape[0])
C:\Users\danie\Dropbox\Javeriana\Proyecto LLMS text\LLMS_Project\LLMS_analysis\.venv\Lib\site-packages\sklearn\metrics\_classification.py:1833: UndefinedMetricWarning: Recall is ill-defined and being set to 0.0 in labels with no true samples. Use `zero_division` parameter to control this behavior.
  _warn_prf(average, modifier, f"{metric.capitalize()} is", result.shape[0])
C:\Users\danie\Dropbox\Javeriana\Proyecto LLMS text\LLMS_Project\LLMS_analysis\.venv\Lib\site-packages\sklearn\metrics\_classification.py:1833: UndefinedMetricWarning: Recall is ill-defined and being set to 0.0 in labels with no true samples. Use `zero_division` parameter to control this behavior.
  _warn_prf(average, modifier, f"{metric.capitalize()} is", result.shape[0])
C:\Users\danie\Dropbox\Javeriana\Proyecto LLMS text\LLMS_Project\LLMS_analysis\.venv\Lib\site-packages\sklearn\metrics\_classification.py:1833: UndefinedMetricWarning: Recall is ill-defined and being set to 0.0 in labels with no true samples. Use `zero_division` parameter to control this behavior.
  _warn_prf(average, modifier, f"{metric.capitalize()} is", result.shape[0])
C:\Users\danie\Dropbox\Javeriana\Proyecto LLMS text\LLMS_Project\LLMS_analysis\.venv\Lib\site-packages\sklearn\metrics\_classification.py:1833: UndefinedMetricWarning: Recall is ill-defined and being set to 0.0 in labels with no true samples. Use `zero_division` parameter to control this behavior.
  _warn_prf(average, modifier, f"{metric.capitalize()} is", result.shape[0])
C:\Users\danie\Dropbox\Javeriana\Proyecto LLMS text\LLMS_Project\LLMS_analysis\.venv\Lib\site-packages\sklearn\metrics\_classification.py:1833: UndefinedMetricWarning: Recall is ill-defined and being set to 0.0 in labels with no true samples. Use `zero_division` parameter to control this behavior.
  _warn_prf(average, modifier, f"{metric.capitalize()} is", result.shape[0])
C:\Users\danie\Dropbox\Javeriana\Proyecto LLMS text\LLMS_Project\LLMS_analysis\.venv\Lib\site-packages\sklearn\metrics\_classification.py:1833: UndefinedMetricWarning: Recall is ill-defined and being set to 0.0 in labels with no true samples. Use `zero_division` parameter to control this behavior.
  _warn_prf(average, modifier, f"{metric.capitalize()} is", result.shape[0])
C:\Users\danie\Dropbox\Javeriana\Proyecto LLMS text\LLMS_Project\LLMS_analysis\.venv\Lib\site-packages\sklearn\metrics\_classification.py:1833: UndefinedMetricWarning: Recall is ill-defined and being set to 0.0 in labels with no true samples. Use `zero_division` parameter to control this behavior.
  _warn_prf(average, modifier, f"{metric.capitalize()} is", result.shape[0])
C:\Users\danie\Dropbox\Javeriana\Proyecto LLMS text\LLMS_Project\LLMS_analysis\.venv\Lib\site-packages\sklearn\metrics\_classification.py:1833: UndefinedMetricWarning: Recall is ill-defined and being set to 0.0 in labels with no true samples. Use `zero_division` parameter to control this behavior.
  _warn_prf(average, modifier, f"{metric.capitalize()} is", result.shape[0])
C:\Users\danie\Dropbox\Javeriana\Proyecto LLMS text\LLMS_Project\LLMS_analysis\.venv\Lib\site-packages\sklearn\metrics\_classification.py:1833: UndefinedMetricWarning: Recall is ill-defined and being set to 0.0 in labels with no true samples. Use `zero_division` parameter to control this behavior.
  _warn_prf(average, modifier, f"{metric.capitalize()} is", result.shape[0])
C:\Users\danie\Dropbox\Javeriana\Proyecto LLMS text\LLMS_Project\LLMS_analysis\.venv\Lib\site-packages\sklearn\metrics\_classification.py:1833: UndefinedMetricWarning: Recall is ill-defined and being set to 0.0 in labels with no true samples. Use `zero_division` parameter to control this behavior.
  _warn_prf(average, modifier, f"{metric.capitalize()} is", result.shape[0])
C:\Users\danie\Dropbox\Javeriana\Proyecto LLMS text\LLMS_Project\LLMS_analysis\.venv\Lib\site-packages\sklearn\metrics\_classification.py:1833: UndefinedMetricWarning: Recall is ill-defined and being set to 0.0 in labels with no true samples. Use `zero_division` parameter to control this behavior.
  _warn_prf(average, modifier, f"{metric.capitalize()} is", result.shape[0])
C:\Users\danie\Dropbox\Javeriana\Proyecto LLMS text\LLMS_Project\LLMS_analysis\.venv\Lib\site-packages\sklearn\metrics\_classification.py:1833: UndefinedMetricWarning: Recall is ill-defined and being set to 0.0 in labels with no true samples. Use `zero_division` parameter to control this behavior.
  _warn_prf(average, modifier, f"{metric.capitalize()} is", result.shape[0])
C:\Users\danie\Dropbox\Javeriana\Proyecto LLMS text\LLMS_Project\LLMS_analysis\.venv\Lib\site-packages\sklearn\metrics\_classification.py:1833: UndefinedMetricWarning: Recall is ill-defined and being set to 0.0 in labels with no true samples. Use `zero_division` parameter to control this behavior.
  _warn_prf(average, modifier, f"{metric.capitalize()} is", result.shape[0])
C:\Users\danie\Dropbox\Javeriana\Proyecto LLMS text\LLMS_Project\LLMS_analysis\.venv\Lib\site-packages\sklearn\metrics\_classification.py:1833: UndefinedMetricWarning: Recall is ill-defined and being set to 0.0 in labels with no true samples. Use `zero_division` parameter to control this behavior.
  _warn_prf(average, modifier, f"{metric.capitalize()} is", result.shape[0])
C:\Users\danie\Dropbox\Javeriana\Proyecto LLMS text\LLMS_Project\LLMS_analysis\.venv\Lib\site-packages\sklearn\metrics\_classification.py:1833: UndefinedMetricWarning: Recall is ill-defined and being set to 0.0 in labels with no true samples. Use `zero_division` parameter to control this behavior.
  _warn_prf(average, modifier, f"{metric.capitalize()} is", result.shape[0])
C:\Users\danie\Dropbox\Javeriana\Proyecto LLMS text\LLMS_Project\LLMS_analysis\.venv\Lib\site-packages\sklearn\metrics\_classification.py:1833: UndefinedMetricWarning: Recall is ill-defined and being set to 0.0 in labels with no true samples. Use `zero_division` parameter to control this behavior.
  _warn_prf(average, modifier, f"{metric.capitalize()} is", result.shape[0])
C:\Users\danie\Dropbox\Javeriana\Proyecto LLMS text\LLMS_Project\LLMS_analysis\.venv\Lib\site-packages\sklearn\metrics\_classification.py:1833: UndefinedMetricWarning: Recall is ill-defined and being set to 0.0 in labels with no true samples. Use `zero_division` parameter to control this behavior.
  _warn_prf(average, modifier, f"{metric.capitalize()} is", result.shape[0])
C:\Users\danie\Dropbox\Javeriana\Proyecto LLMS text\LLMS_Project\LLMS_analysis\.venv\Lib\site-packages\sklearn\metrics\_classification.py:1833: UndefinedMetricWarning: Recall is ill-defined and being set to 0.0 in labels with no true samples. Use `zero_division` parameter to control this behavior.
  _warn_prf(average, modifier, f"{metric.capitalize()} is", result.shape[0])
C:\Users\danie\Dropbox\Javeriana\Proyecto LLMS text\LLMS_Project\LLMS_analysis\.venv\Lib\site-packages\sklearn\metrics\_classification.py:1833: UndefinedMetricWarning: Recall is ill-defined and being set to 0.0 in labels with no true samples. Use `zero_division` parameter to control this behavior.
  _warn_prf(average, modifier, f"{metric.capitalize()} is", result.shape[0])
C:\Users\danie\Dropbox\Javeriana\Proyecto LLMS text\LLMS_Project\LLMS_analysis\.venv\Lib\site-packages\sklearn\metrics\_classification.py:1833: UndefinedMetricWarning: Recall is ill-defined and being set to 0.0 in labels with no true samples. Use `zero_division` parameter to control this behavior.
  _warn_prf(average, modifier, f"{metric.capitalize()} is", result.shape[0])
C:\Users\danie\Dropbox\Javeriana\Proyecto LLMS text\LLMS_Project\LLMS_analysis\.venv\Lib\site-packages\sklearn\metrics\_classification.py:1833: UndefinedMetricWarning: Recall is ill-defined and being set to 0.0 in labels with no true samples. Use `zero_division` parameter to control this behavior.
  _warn_prf(average, modifier, f"{metric.capitalize()} is", result.shape[0])
C:\Users\danie\Dropbox\Javeriana\Proyecto LLMS text\LLMS_Project\LLMS_analysis\.venv\Lib\site-packages\sklearn\metrics\_classification.py:1833: UndefinedMetricWarning: Recall is ill-defined and being set to 0.0 in labels with no true samples. Use `zero_division` parameter to control this behavior.
  _warn_prf(average, modifier, f"{metric.capitalize()} is", result.shape[0])
C:\Users\danie\Dropbox\Javeriana\Proyecto LLMS text\LLMS_Project\LLMS_analysis\.venv\Lib\site-packages\sklearn\metrics\_classification.py:1833: UndefinedMetricWarning: Recall is ill-defined and being set to 0.0 in labels with no true samples. Use `zero_division` parameter to control this behavior.
  _warn_prf(average, modifier, f"{metric.capitalize()} is", result.shape[0])
C:\Users\danie\Dropbox\Javeriana\Proyecto LLMS text\LLMS_Project\LLMS_analysis\.venv\Lib\site-packages\sklearn\metrics\_classification.py:1833: UndefinedMetricWarning: Recall is ill-defined and being set to 0.0 in labels with no true samples. Use `zero_division` parameter to control this behavior.
  _warn_prf(average, modifier, f"{metric.capitalize()} is", result.shape[0])
C:\Users\danie\Dropbox\Javeriana\Proyecto LLMS text\LLMS_Project\LLMS_analysis\.venv\Lib\site-packages\sklearn\metrics\_classification.py:1833: UndefinedMetricWarning: Recall is ill-defined and being set to 0.0 in labels with no true samples. Use `zero_division` parameter to control this behavior.
  _warn_prf(average, modifier, f"{metric.capitalize()} is", result.shape[0])
C:\Users\danie\Dropbox\Javeriana\Proyecto LLMS text\LLMS_Project\LLMS_analysis\.venv\Lib\site-packages\sklearn\metrics\_classification.py:1833: UndefinedMetricWarning: Recall is ill-defined and being set to 0.0 in labels with no true samples. Use `zero_division` parameter to control this behavior.
  _warn_prf(average, modifier, f"{metric.capitalize()} is", result.shape[0])
C:\Users\danie\Dropbox\Javeriana\Proyecto LLMS text\LLMS_Project\LLMS_analysis\.venv\Lib\site-packages\sklearn\metrics\_classification.py:1833: UndefinedMetricWarning: Recall is ill-defined and being set to 0.0 in labels with no true samples. Use `zero_division` parameter to control this behavior.
  _warn_prf(average, modifier, f"{metric.capitalize()} is", result.shape[0])
C:\Users\danie\Dropbox\Javeriana\Proyecto LLMS text\LLMS_Project\LLMS_analysis\.venv\Lib\site-packages\sklearn\metrics\_classification.py:1833: UndefinedMetricWarning: Recall is ill-defined and being set to 0.0 in labels with no true samples. Use `zero_division` parameter to control this behavior.
  _warn_prf(average, modifier, f"{metric.capitalize()} is", result.shape[0])
C:\Users\danie\Dropbox\Javeriana\Proyecto LLMS text\LLMS_Project\LLMS_analysis\.venv\Lib\site-packages\sklearn\metrics\_classification.py:1833: UndefinedMetricWarning: Recall is ill-defined and being set to 0.0 in labels with no true samples. Use `zero_division` parameter to control this behavior.
  _warn_prf(average, modifier, f"{metric.capitalize()} is", result.shape[0])
C:\Users\danie\Dropbox\Javeriana\Proyecto LLMS text\LLMS_Project\LLMS_analysis\.venv\Lib\site-packages\sklearn\metrics\_classification.py:1833: UndefinedMetricWarning: Recall is ill-defined and being set to 0.0 in labels with no true samples. Use `zero_division` parameter to control this behavior.
  _warn_prf(average, modifier, f"{metric.capitalize()} is", result.shape[0])
C:\Users\danie\Dropbox\Javeriana\Proyecto LLMS text\LLMS_Project\LLMS_analysis\.venv\Lib\site-packages\sklearn\metrics\_classification.py:1833: UndefinedMetricWarning: Recall is ill-defined and being set to 0.0 in labels with no true samples. Use `zero_division` parameter to control this behavior.
  _warn_prf(average, modifier, f"{metric.capitalize()} is", result.shape[0])
C:\Users\danie\Dropbox\Javeriana\Proyecto LLMS text\LLMS_Project\LLMS_analysis\.venv\Lib\site-packages\sklearn\metrics\_classification.py:1833: UndefinedMetricWarning: Recall is ill-defined and being set to 0.0 in labels with no true samples. Use `zero_division` parameter to control this behavior.
  _warn_prf(average, modifier, f"{metric.capitalize()} is", result.shape[0])
C:\Users\danie\Dropbox\Javeriana\Proyecto LLMS text\LLMS_Project\LLMS_analysis\.venv\Lib\site-packages\sklearn\metrics\_classification.py:1833: UndefinedMetricWarning: Recall is ill-defined and being set to 0.0 in labels with no true samples. Use `zero_division` parameter to control this behavior.
  _warn_prf(average, modifier, f"{metric.capitalize()} is", result.shape[0])
C:\Users\danie\Dropbox\Javeriana\Proyecto LLMS text\LLMS_Project\LLMS_analysis\.venv\Lib\site-packages\sklearn\metrics\_classification.py:1833: UndefinedMetricWarning: Recall is ill-defined and being set to 0.0 in labels with no true samples. Use `zero_division` parameter to control this behavior.
  _warn_prf(average, modifier, f"{metric.capitalize()} is", result.shape[0])
C:\Users\danie\Dropbox\Javeriana\Proyecto LLMS text\LLMS_Project\LLMS_analysis\.venv\Lib\site-packages\sklearn\metrics\_classification.py:1833: UndefinedMetricWarning: Recall is ill-defined and being set to 0.0 in labels with no true samples. Use `zero_division` parameter to control this behavior.
  _warn_prf(average, modifier, f"{metric.capitalize()} is", result.shape[0])
C:\Users\danie\Dropbox\Javeriana\Proyecto LLMS text\LLMS_Project\LLMS_analysis\.venv\Lib\site-packages\sklearn\metrics\_classification.py:1833: UndefinedMetricWarning: Recall is ill-defined and being set to 0.0 in labels with no true samples. Use `zero_division` parameter to control this behavior.
  _warn_prf(average, modifier, f"{metric.capitalize()} is", result.shape[0])
C:\Users\danie\Dropbox\Javeriana\Proyecto LLMS text\LLMS_Project\LLMS_analysis\.venv\Lib\site-packages\sklearn\metrics\_classification.py:1833: UndefinedMetricWarning: Recall is ill-defined and being set to 0.0 in labels with no true samples. Use `zero_division` parameter to control this behavior.
  _warn_prf(average, modifier, f"{metric.capitalize()} is", result.shape[0])
C:\Users\danie\Dropbox\Javeriana\Proyecto LLMS text\LLMS_Project\LLMS_analysis\.venv\Lib\site-packages\sklearn\metrics\_classification.py:1833: UndefinedMetricWarning: Recall is ill-defined and being set to 0.0 in labels with no true samples. Use `zero_division` parameter to control this behavior.
  _warn_prf(average, modifier, f"{metric.capitalize()} is", result.shape[0])
C:\Users\danie\Dropbox\Javeriana\Proyecto LLMS text\LLMS_Project\LLMS_analysis\.venv\Lib\site-packages\sklearn\metrics\_classification.py:1833: UndefinedMetricWarning: Recall is ill-defined and being set to 0.0 in labels with no true samples. Use `zero_division` parameter to control this behavior.
  _warn_prf(average, modifier, f"{metric.capitalize()} is", result.shape[0])
C:\Users\danie\Dropbox\Javeriana\Proyecto LLMS text\LLMS_Project\LLMS_analysis\.venv\Lib\site-packages\sklearn\metrics\_classification.py:1833: UndefinedMetricWarning: Recall is ill-defined and being set to 0.0 in labels with no true samples. Use `zero_division` parameter to control this behavior.
  _warn_prf(average, modifier, f"{metric.capitalize()} is", result.shape[0])
C:\Users\danie\Dropbox\Javeriana\Proyecto LLMS text\LLMS_Project\LLMS_analysis\.venv\Lib\site-packages\sklearn\metrics\_classification.py:1833: UndefinedMetricWarning: Recall is ill-defined and being set to 0.0 in labels with no true samples. Use `zero_division` parameter to control this behavior.
  _warn_prf(average, modifier, f"{metric.capitalize()} is", result.shape[0])
C:\Users\danie\Dropbox\Javeriana\Proyecto LLMS text\LLMS_Project\LLMS_analysis\.venv\Lib\site-packages\sklearn\metrics\_classification.py:1833: UndefinedMetricWarning: Recall is ill-defined and being set to 0.0 in labels with no true samples. Use `zero_division` parameter to control this behavior.
  _warn_prf(average, modifier, f"{metric.capitalize()} is", result.shape[0])
C:\Users\danie\Dropbox\Javeriana\Proyecto LLMS text\LLMS_Project\LLMS_analysis\.venv\Lib\site-packages\sklearn\metrics\_classification.py:1833: UndefinedMetricWarning: Recall is ill-defined and being set to 0.0 in labels with no true samples. Use `zero_division` parameter to control this behavior.
  _warn_prf(average, modifier, f"{metric.capitalize()} is", result.shape[0])
C:\Users\danie\Dropbox\Javeriana\Proyecto LLMS text\LLMS_Project\LLMS_analysis\.venv\Lib\site-packages\sklearn\metrics\_classification.py:1833: UndefinedMetricWarning: Recall is ill-defined and being set to 0.0 in labels with no true samples. Use `zero_division` parameter to control this behavior.
  _warn_prf(average, modifier, f"{metric.capitalize()} is", result.shape[0])
C:\Users\danie\Dropbox\Javeriana\Proyecto LLMS text\LLMS_Project\LLMS_analysis\.venv\Lib\site-packages\sklearn\metrics\_classification.py:1833: UndefinedMetricWarning: Recall is ill-defined and being set to 0.0 in labels with no true samples. Use `zero_division` parameter to control this behavior.
  _warn_prf(average, modifier, f"{metric.capitalize()} is", result.shape[0])
C:\Users\danie\Dropbox\Javeriana\Proyecto LLMS text\LLMS_Project\LLMS_analysis\.venv\Lib\site-packages\sklearn\metrics\_classification.py:1833: UndefinedMetricWarning: Recall is ill-defined and being set to 0.0 in labels with no true samples. Use `zero_division` parameter to control this behavior.
  _warn_prf(average, modifier, f"{metric.capitalize()} is", result.shape[0])
C:\Users\danie\Dropbox\Javeriana\Proyecto LLMS text\LLMS_Project\LLMS_analysis\.venv\Lib\site-packages\sklearn\metrics\_classification.py:1833: UndefinedMetricWarning: Recall is ill-defined and being set to 0.0 in labels with no true samples. Use `zero_division` parameter to control this behavior.
  _warn_prf(average, modifier, f"{metric.capitalize()} is", result.shape[0])
C:\Users\danie\Dropbox\Javeriana\Proyecto LLMS text\LLMS_Project\LLMS_analysis\.venv\Lib\site-packages\sklearn\metrics\_classification.py:1833: UndefinedMetricWarning: Recall is ill-defined and being set to 0.0 in labels with no true samples. Use `zero_division` parameter to control this behavior.
  _warn_prf(average, modifier, f"{metric.capitalize()} is", result.shape[0])
C:\Users\danie\Dropbox\Javeriana\Proyecto LLMS text\LLMS_Project\LLMS_analysis\.venv\Lib\site-packages\sklearn\metrics\_classification.py:1833: UndefinedMetricWarning: Recall is ill-defined and being set to 0.0 in labels with no true samples. Use `zero_division` parameter to control this behavior.
  _warn_prf(average, modifier, f"{metric.capitalize()} is", result.shape[0])
C:\Users\danie\Dropbox\Javeriana\Proyecto LLMS text\LLMS_Project\LLMS_analysis\.venv\Lib\site-packages\sklearn\metrics\_classification.py:1833: UndefinedMetricWarning: Recall is ill-defined and being set to 0.0 in labels with no true samples. Use `zero_division` parameter to control this behavior.
  _warn_prf(average, modifier, f"{metric.capitalize()} is", result.shape[0])
C:\Users\danie\Dropbox\Javeriana\Proyecto LLMS text\LLMS_Project\LLMS_analysis\.venv\Lib\site-packages\sklearn\metrics\_classification.py:1833: UndefinedMetricWarning: Recall is ill-defined and being set to 0.0 in labels with no true samples. Use `zero_division` parameter to control this behavior.
  _warn_prf(average, modifier, f"{metric.capitalize()} is", result.shape[0])
C:\Users\danie\Dropbox\Javeriana\Proyecto LLMS text\LLMS_Project\LLMS_analysis\.venv\Lib\site-packages\sklearn\metrics\_classification.py:1833: UndefinedMetricWarning: Recall is ill-defined and being set to 0.0 in labels with no true samples. Use `zero_division` parameter to control this behavior.
  _warn_prf(average, modifier, f"{metric.capitalize()} is", result.shape[0])
C:\Users\danie\Dropbox\Javeriana\Proyecto LLMS text\LLMS_Project\LLMS_analysis\.venv\Lib\site-packages\sklearn\metrics\_classification.py:1833: UndefinedMetricWarning: Recall is ill-defined and being set to 0.0 in labels with no true samples. Use `zero_division` parameter to control this behavior.
  _warn_prf(average, modifier, f"{metric.capitalize()} is", result.shape[0])
C:\Users\danie\Dropbox\Javeriana\Proyecto LLMS text\LLMS_Project\LLMS_analysis\.venv\Lib\site-packages\sklearn\metrics\_classification.py:1833: UndefinedMetricWarning: Recall is ill-defined and being set to 0.0 in labels with no true samples. Use `zero_division` parameter to control this behavior.
  _warn_prf(average, modifier, f"{metric.capitalize()} is", result.shape[0])
C:\Users\danie\Dropbox\Javeriana\Proyecto LLMS text\LLMS_Project\LLMS_analysis\.venv\Lib\site-packages\sklearn\metrics\_classification.py:1833: UndefinedMetricWarning: Recall is ill-defined and being set to 0.0 in labels with no true samples. Use `zero_division` parameter to control this behavior.
  _warn_prf(average, modifier, f"{metric.capitalize()} is", result.shape[0])
C:\Users\danie\Dropbox\Javeriana\Proyecto LLMS text\LLMS_Project\LLMS_analysis\.venv\Lib\site-packages\sklearn\metrics\_classification.py:1833: UndefinedMetricWarning: Recall is ill-defined and being set to 0.0 in labels with no true samples. Use `zero_division` parameter to control this behavior.
  _warn_prf(average, modifier, f"{metric.capitalize()} is", result.shape[0])
C:\Users\danie\Dropbox\Javeriana\Proyecto LLMS text\LLMS_Project\LLMS_analysis\.venv\Lib\site-packages\sklearn\metrics\_classification.py:1833: UndefinedMetricWarning: Recall is ill-defined and being set to 0.0 in labels with no true samples. Use `zero_division` parameter to control this behavior.
  _warn_prf(average, modifier, f"{metric.capitalize()} is", result.shape[0])
C:\Users\danie\Dropbox\Javeriana\Proyecto LLMS text\LLMS_Project\LLMS_analysis\.venv\Lib\site-packages\sklearn\metrics\_classification.py:1833: UndefinedMetricWarning: Recall is ill-defined and being set to 0.0 in labels with no true samples. Use `zero_division` parameter to control this behavior.
  _warn_prf(average, modifier, f"{metric.capitalize()} is", result.shape[0])
C:\Users\danie\Dropbox\Javeriana\Proyecto LLMS text\LLMS_Project\LLMS_analysis\.venv\Lib\site-packages\sklearn\metrics\_classification.py:1833: UndefinedMetricWarning: Recall is ill-defined and being set to 0.0 in labels with no true samples. Use `zero_division` parameter to control this behavior.
  _warn_prf(average, modifier, f"{metric.capitalize()} is", result.shape[0])
C:\Users\danie\Dropbox\Javeriana\Proyecto LLMS text\LLMS_Project\LLMS_analysis\.venv\Lib\site-packages\sklearn\metrics\_classification.py:1833: UndefinedMetricWarning: Recall is ill-defined and being set to 0.0 in labels with no true samples. Use `zero_division` parameter to control this behavior.
  _warn_prf(average, modifier, f"{metric.capitalize()} is", result.shape[0])
C:\Users\danie\Dropbox\Javeriana\Proyecto LLMS text\LLMS_Project\LLMS_analysis\.venv\Lib\site-packages\sklearn\metrics\_classification.py:1833: UndefinedMetricWarning: Recall is ill-defined and being set to 0.0 in labels with no true samples. Use `zero_division` parameter to control this behavior.
  _warn_prf(average, modifier, f"{metric.capitalize()} is", result.shape[0])
C:\Users\danie\Dropbox\Javeriana\Proyecto LLMS text\LLMS_Project\LLMS_analysis\.venv\Lib\site-packages\sklearn\metrics\_classification.py:1833: UndefinedMetricWarning: Recall is ill-defined and being set to 0.0 in labels with no true samples. Use `zero_division` parameter to control this behavior.
  _warn_prf(average, modifier, f"{metric.capitalize()} is", result.shape[0])
C:\Users\danie\Dropbox\Javeriana\Proyecto LLMS text\LLMS_Project\LLMS_analysis\.venv\Lib\site-packages\sklearn\metrics\_classification.py:1833: UndefinedMetricWarning: Recall is ill-defined and being set to 0.0 in labels with no true samples. Use `zero_division` parameter to control this behavior.
  _warn_prf(average, modifier, f"{metric.capitalize()} is", result.shape[0])
C:\Users\danie\Dropbox\Javeriana\Proyecto LLMS text\LLMS_Project\LLMS_analysis\.venv\Lib\site-packages\sklearn\metrics\_classification.py:1833: UndefinedMetricWarning: Recall is ill-defined and being set to 0.0 in labels with no true samples. Use `zero_division` parameter to control this behavior.
  _warn_prf(average, modifier, f"{metric.capitalize()} is", result.shape[0])
C:\Users\danie\Dropbox\Javeriana\Proyecto LLMS text\LLMS_Project\LLMS_analysis\.venv\Lib\site-packages\sklearn\metrics\_classification.py:1833: UndefinedMetricWarning: Recall is ill-defined and being set to 0.0 in labels with no true samples. Use `zero_division` parameter to control this behavior.
  _warn_prf(average, modifier, f"{metric.capitalize()} is", result.shape[0])
C:\Users\danie\Dropbox\Javeriana\Proyecto LLMS text\LLMS_Project\LLMS_analysis\.venv\Lib\site-packages\sklearn\metrics\_classification.py:1833: UndefinedMetricWarning: Recall is ill-defined and being set to 0.0 in labels with no true samples. Use `zero_division` parameter to control this behavior.
  _warn_prf(average, modifier, f"{metric.capitalize()} is", result.shape[0])
C:\Users\danie\Dropbox\Javeriana\Proyecto LLMS text\LLMS_Project\LLMS_analysis\.venv\Lib\site-packages\sklearn\metrics\_classification.py:1833: UndefinedMetricWarning: Recall is ill-defined and being set to 0.0 in labels with no true samples. Use `zero_division` parameter to control this behavior.
  _warn_prf(average, modifier, f"{metric.capitalize()} is", result.shape[0])
C:\Users\danie\Dropbox\Javeriana\Proyecto LLMS text\LLMS_Project\LLMS_analysis\.venv\Lib\site-packages\sklearn\metrics\_classification.py:1833: UndefinedMetricWarning: Recall is ill-defined and being set to 0.0 in labels with no true samples. Use `zero_division` parameter to control this behavior.
  _warn_prf(average, modifier, f"{metric.capitalize()} is", result.shape[0])
C:\Users\danie\Dropbox\Javeriana\Proyecto LLMS text\LLMS_Project\LLMS_analysis\.venv\Lib\site-packages\sklearn\metrics\_classification.py:1833: UndefinedMetricWarning: Recall is ill-defined and being set to 0.0 in labels with no true samples. Use `zero_division` parameter to control this behavior.
  _warn_prf(average, modifier, f"{metric.capitalize()} is", result.shape[0])
C:\Users\danie\Dropbox\Javeriana\Proyecto LLMS text\LLMS_Project\LLMS_analysis\.venv\Lib\site-packages\sklearn\metrics\_classification.py:1833: UndefinedMetricWarning: Recall is ill-defined and being set to 0.0 in labels with no true samples. Use `zero_division` parameter to control this behavior.
  _warn_prf(average, modifier, f"{metric.capitalize()} is", result.shape[0])
C:\Users\danie\Dropbox\Javeriana\Proyecto LLMS text\LLMS_Project\LLMS_analysis\.venv\Lib\site-packages\sklearn\metrics\_classification.py:1833: UndefinedMetricWarning: Recall is ill-defined and being set to 0.0 in labels with no true samples. Use `zero_division` parameter to control this behavior.
  _warn_prf(average, modifier, f"{metric.capitalize()} is", result.shape[0])
C:\Users\danie\Dropbox\Javeriana\Proyecto LLMS text\LLMS_Project\LLMS_analysis\.venv\Lib\site-packages\sklearn\metrics\_classification.py:1833: UndefinedMetricWarning: Recall is ill-defined and being set to 0.0 in labels with no true samples. Use `zero_division` parameter to control this behavior.
  _warn_prf(average, modifier, f"{metric.capitalize()} is", result.shape[0])
C:\Users\danie\Dropbox\Javeriana\Proyecto LLMS text\LLMS_Project\LLMS_analysis\.venv\Lib\site-packages\sklearn\metrics\_classification.py:1833: UndefinedMetricWarning: Recall is ill-defined and being set to 0.0 in labels with no true samples. Use `zero_division` parameter to control this behavior.
  _warn_prf(average, modifier, f"{metric.capitalize()} is", result.shape[0])
C:\Users\danie\Dropbox\Javeriana\Proyecto LLMS text\LLMS_Project\LLMS_analysis\.venv\Lib\site-packages\sklearn\metrics\_classification.py:1833: UndefinedMetricWarning: Recall is ill-defined and being set to 0.0 in labels with no true samples. Use `zero_division` parameter to control this behavior.
  _warn_prf(average, modifier, f"{metric.capitalize()} is", result.shape[0])
C:\Users\danie\Dropbox\Javeriana\Proyecto LLMS text\LLMS_Project\LLMS_analysis\.venv\Lib\site-packages\sklearn\metrics\_classification.py:1833: UndefinedMetricWarning: Recall is ill-defined and being set to 0.0 in labels with no true samples. Use `zero_division` parameter to control this behavior.
  _warn_prf(average, modifier, f"{metric.capitalize()} is", result.shape[0])
C:\Users\danie\Dropbox\Javeriana\Proyecto LLMS text\LLMS_Project\LLMS_analysis\.venv\Lib\site-packages\sklearn\metrics\_classification.py:1833: UndefinedMetricWarning: Recall is ill-defined and being set to 0.0 in labels with no true samples. Use `zero_division` parameter to control this behavior.
  _warn_prf(average, modifier, f"{metric.capitalize()} is", result.shape[0])
C:\Users\danie\Dropbox\Javeriana\Proyecto LLMS text\LLMS_Project\LLMS_analysis\.venv\Lib\site-packages\sklearn\metrics\_classification.py:1833: UndefinedMetricWarning: Recall is ill-defined and being set to 0.0 in labels with no true samples. Use `zero_division` parameter to control this behavior.
  _warn_prf(average, modifier, f"{metric.capitalize()} is", result.shape[0])
C:\Users\danie\Dropbox\Javeriana\Proyecto LLMS text\LLMS_Project\LLMS_analysis\.venv\Lib\site-packages\sklearn\metrics\_classification.py:1833: UndefinedMetricWarning: Recall is ill-defined and being set to 0.0 in labels with no true samples. Use `zero_division` parameter to control this behavior.
  _warn_prf(average, modifier, f"{metric.capitalize()} is", result.shape[0])
C:\Users\danie\Dropbox\Javeriana\Proyecto LLMS text\LLMS_Project\LLMS_analysis\.venv\Lib\site-packages\sklearn\metrics\_classification.py:1833: UndefinedMetricWarning: Recall is ill-defined and being set to 0.0 in labels with no true samples. Use `zero_division` parameter to control this behavior.
  _warn_prf(average, modifier, f"{metric.capitalize()} is", result.shape[0])
C:\Users\danie\Dropbox\Javeriana\Proyecto LLMS text\LLMS_Project\LLMS_analysis\.venv\Lib\site-packages\sklearn\metrics\_classification.py:1833: UndefinedMetricWarning: Recall is ill-defined and being set to 0.0 in labels with no true samples. Use `zero_division` parameter to control this behavior.
  _warn_prf(average, modifier, f"{metric.capitalize()} is", result.shape[0])
C:\Users\danie\Dropbox\Javeriana\Proyecto LLMS text\LLMS_Project\LLMS_analysis\.venv\Lib\site-packages\sklearn\metrics\_classification.py:620: UserWarning: A single label was found in 'y_true' and 'y_pred'. For the confusion matrix to have the correct shape, use the 'labels' parameter to pass all known labels.
  warnings.warn(
C:\Users\danie\Dropbox\Javeriana\Proyecto LLMS text\LLMS_Project\LLMS_analysis\.venv\Lib\site-packages\sklearn\metrics\_classification.py:991: RuntimeWarning: invalid value encountered in scalar divide
  k = xp.sum(w_mat * confusion) / xp.sum(w_mat * expected)
C:\Users\danie\Dropbox\Javeriana\Proyecto LLMS text\LLMS_Project\LLMS_analysis\.venv\Lib\site-packages\sklearn\metrics\_classification.py:1833: UndefinedMetricWarning: Recall is ill-defined and being set to 0.0 in labels with no true samples. Use `zero_division` parameter to control this behavior.
  _warn_prf(average, modifier, f"{metric.capitalize()} is", result.shape[0])
C:\Users\danie\Dropbox\Javeriana\Proyecto LLMS text\LLMS_Project\LLMS_analysis\.venv\Lib\site-packages\sklearn\metrics\_classification.py:1833: UndefinedMetricWarning: Recall is ill-defined and being set to 0.0 in labels with no true samples. Use `zero_division` parameter to control this behavior.
  _warn_prf(average, modifier, f"{metric.capitalize()} is", result.shape[0])
C:\Users\danie\Dropbox\Javeriana\Proyecto LLMS text\LLMS_Project\LLMS_analysis\.venv\Lib\site-packages\sklearn\metrics\_classification.py:1833: UndefinedMetricWarning: Recall is ill-defined and being set to 0.0 in labels with no true samples. Use `zero_division` parameter to control this behavior.
  _warn_prf(average, modifier, f"{metric.capitalize()} is", result.shape[0])
C:\Users\danie\Dropbox\Javeriana\Proyecto LLMS text\LLMS_Project\LLMS_analysis\.venv\Lib\site-packages\sklearn\metrics\_classification.py:1833: UndefinedMetricWarning: Recall is ill-defined and being set to 0.0 in labels with no true samples. Use `zero_division` parameter to control this behavior.
  _warn_prf(average, modifier, f"{metric.capitalize()} is", result.shape[0])
C:\Users\danie\Dropbox\Javeriana\Proyecto LLMS text\LLMS_Project\LLMS_analysis\.venv\Lib\site-packages\sklearn\metrics\_classification.py:1833: UndefinedMetricWarning: Recall is ill-defined and being set to 0.0 in labels with no true samples. Use `zero_division` parameter to control this behavior.
  _warn_prf(average, modifier, f"{metric.capitalize()} is", result.shape[0])
C:\Users\danie\Dropbox\Javeriana\Proyecto LLMS text\LLMS_Project\LLMS_analysis\.venv\Lib\site-packages\sklearn\metrics\_classification.py:1833: UndefinedMetricWarning: Recall is ill-defined and being set to 0.0 in labels with no true samples. Use `zero_division` parameter to control this behavior.
  _warn_prf(average, modifier, f"{metric.capitalize()} is", result.shape[0])
C:\Users\danie\Dropbox\Javeriana\Proyecto LLMS text\LLMS_Project\LLMS_analysis\.venv\Lib\site-packages\sklearn\metrics\_classification.py:1833: UndefinedMetricWarning: Recall is ill-defined and being set to 0.0 in labels with no true samples. Use `zero_division` parameter to control this behavior.
  _warn_prf(average, modifier, f"{metric.capitalize()} is", result.shape[0])
C:\Users\danie\Dropbox\Javeriana\Proyecto LLMS text\LLMS_Project\LLMS_analysis\.venv\Lib\site-packages\sklearn\metrics\_classification.py:1833: UndefinedMetricWarning: Recall is ill-defined and being set to 0.0 in labels with no true samples. Use `zero_division` parameter to control this behavior.
  _warn_prf(average, modifier, f"{metric.capitalize()} is", result.shape[0])
C:\Users\danie\Dropbox\Javeriana\Proyecto LLMS text\LLMS_Project\LLMS_analysis\.venv\Lib\site-packages\sklearn\metrics\_classification.py:1833: UndefinedMetricWarning: Recall is ill-defined and being set to 0.0 in labels with no true samples. Use `zero_division` parameter to control this behavior.
  _warn_prf(average, modifier, f"{metric.capitalize()} is", result.shape[0])
C:\Users\danie\Dropbox\Javeriana\Proyecto LLMS text\LLMS_Project\LLMS_analysis\.venv\Lib\site-packages\sklearn\metrics\_classification.py:620: UserWarning: A single label was found in 'y_true' and 'y_pred'. For the confusion matrix to have the correct shape, use the 'labels' parameter to pass all known labels.
  warnings.warn(
C:\Users\danie\Dropbox\Javeriana\Proyecto LLMS text\LLMS_Project\LLMS_analysis\.venv\Lib\site-packages\sklearn\metrics\_classification.py:991: RuntimeWarning: invalid value encountered in scalar divide
  k = xp.sum(w_mat * confusion) / xp.sum(w_mat * expected)
C:\Users\danie\Dropbox\Javeriana\Proyecto LLMS text\LLMS_Project\LLMS_analysis\.venv\Lib\site-packages\sklearn\metrics\_classification.py:1833: UndefinedMetricWarning: Recall is ill-defined and being set to 0.0 in labels with no true samples. Use `zero_division` parameter to control this behavior.
  _warn_prf(average, modifier, f"{metric.capitalize()} is", result.shape[0])
C:\Users\danie\Dropbox\Javeriana\Proyecto LLMS text\LLMS_Project\LLMS_analysis\.venv\Lib\site-packages\sklearn\metrics\_classification.py:1833: UndefinedMetricWarning: Recall is ill-defined and being set to 0.0 in labels with no true samples. Use `zero_division` parameter to control this behavior.
  _warn_prf(average, modifier, f"{metric.capitalize()} is", result.shape[0])
C:\Users\danie\Dropbox\Javeriana\Proyecto LLMS text\LLMS_Project\LLMS_analysis\.venv\Lib\site-packages\sklearn\metrics\_classification.py:1833: UndefinedMetricWarning: Recall is ill-defined and being set to 0.0 in labels with no true samples. Use `zero_division` parameter to control this behavior.
  _warn_prf(average, modifier, f"{metric.capitalize()} is", result.shape[0])
C:\Users\danie\Dropbox\Javeriana\Proyecto LLMS text\LLMS_Project\LLMS_analysis\.venv\Lib\site-packages\sklearn\metrics\_classification.py:1833: UndefinedMetricWarning: Recall is ill-defined and being set to 0.0 in labels with no true samples. Use `zero_division` parameter to control this behavior.
  _warn_prf(average, modifier, f"{metric.capitalize()} is", result.shape[0])
C:\Users\danie\Dropbox\Javeriana\Proyecto LLMS text\LLMS_Project\LLMS_analysis\.venv\Lib\site-packages\sklearn\metrics\_classification.py:1833: UndefinedMetricWarning: Recall is ill-defined and being set to 0.0 in labels with no true samples. Use `zero_division` parameter to control this behavior.
  _warn_prf(average, modifier, f"{metric.capitalize()} is", result.shape[0])
C:\Users\danie\Dropbox\Javeriana\Proyecto LLMS text\LLMS_Project\LLMS_analysis\.venv\Lib\site-packages\sklearn\metrics\_classification.py:1833: UndefinedMetricWarning: Recall is ill-defined and being set to 0.0 in labels with no true samples. Use `zero_division` parameter to control this behavior.
  _warn_prf(average, modifier, f"{metric.capitalize()} is", result.shape[0])
C:\Users\danie\Dropbox\Javeriana\Proyecto LLMS text\LLMS_Project\LLMS_analysis\.venv\Lib\site-packages\sklearn\metrics\_classification.py:1833: UndefinedMetricWarning: Recall is ill-defined and being set to 0.0 in labels with no true samples. Use `zero_division` parameter to control this behavior.
  _warn_prf(average, modifier, f"{metric.capitalize()} is", result.shape[0])
C:\Users\danie\Dropbox\Javeriana\Proyecto LLMS text\LLMS_Project\LLMS_analysis\.venv\Lib\site-packages\sklearn\metrics\_classification.py:1833: UndefinedMetricWarning: Recall is ill-defined and being set to 0.0 in labels with no true samples. Use `zero_division` parameter to control this behavior.
  _warn_prf(average, modifier, f"{metric.capitalize()} is", result.shape[0])
C:\Users\danie\Dropbox\Javeriana\Proyecto LLMS text\LLMS_Project\LLMS_analysis\.venv\Lib\site-packages\sklearn\metrics\_classification.py:1833: UndefinedMetricWarning: Recall is ill-defined and being set to 0.0 in labels with no true samples. Use `zero_division` parameter to control this behavior.
  _warn_prf(average, modifier, f"{metric.capitalize()} is", result.shape[0])
C:\Users\danie\Dropbox\Javeriana\Proyecto LLMS text\LLMS_Project\LLMS_analysis\.venv\Lib\site-packages\sklearn\metrics\_classification.py:620: UserWarning: A single label was found in 'y_true' and 'y_pred'. For the confusion matrix to have the correct shape, use the 'labels' parameter to pass all known labels.
  warnings.warn(
C:\Users\danie\Dropbox\Javeriana\Proyecto LLMS text\LLMS_Project\LLMS_analysis\.venv\Lib\site-packages\sklearn\metrics\_classification.py:991: RuntimeWarning: invalid value encountered in scalar divide
  k = xp.sum(w_mat * confusion) / xp.sum(w_mat * expected)
C:\Users\danie\Dropbox\Javeriana\Proyecto LLMS text\LLMS_Project\LLMS_analysis\.venv\Lib\site-packages\sklearn\metrics\_classification.py:1833: UndefinedMetricWarning: Recall is ill-defined and being set to 0.0 in labels with no true samples. Use `zero_division` parameter to control this behavior.
  _warn_prf(average, modifier, f"{metric.capitalize()} is", result.shape[0])
C:\Users\danie\Dropbox\Javeriana\Proyecto LLMS text\LLMS_Project\LLMS_analysis\.venv\Lib\site-packages\sklearn\metrics\_classification.py:1833: UndefinedMetricWarning: Recall is ill-defined and being set to 0.0 in labels with no true samples. Use `zero_division` parameter to control this behavior.
  _warn_prf(average, modifier, f"{metric.capitalize()} is", result.shape[0])
C:\Users\danie\Dropbox\Javeriana\Proyecto LLMS text\LLMS_Project\LLMS_analysis\.venv\Lib\site-packages\sklearn\metrics\_classification.py:1833: UndefinedMetricWarning: Recall is ill-defined and being set to 0.0 in labels with no true samples. Use `zero_division` parameter to control this behavior.
  _warn_prf(average, modifier, f"{metric.capitalize()} is", result.shape[0])
C:\Users\danie\Dropbox\Javeriana\Proyecto LLMS text\LLMS_Project\LLMS_analysis\.venv\Lib\site-packages\sklearn\metrics\_classification.py:1833: UndefinedMetricWarning: Recall is ill-defined and being set to 0.0 in labels with no true samples. Use `zero_division` parameter to control this behavior.
  _warn_prf(average, modifier, f"{metric.capitalize()} is", result.shape[0])
C:\Users\danie\Dropbox\Javeriana\Proyecto LLMS text\LLMS_Project\LLMS_analysis\.venv\Lib\site-packages\sklearn\metrics\_classification.py:1833: UndefinedMetricWarning: Recall is ill-defined and being set to 0.0 in labels with no true samples. Use `zero_division` parameter to control this behavior.
  _warn_prf(average, modifier, f"{metric.capitalize()} is", result.shape[0])
C:\Users\danie\Dropbox\Javeriana\Proyecto LLMS text\LLMS_Project\LLMS_analysis\.venv\Lib\site-packages\sklearn\metrics\_classification.py:1833: UndefinedMetricWarning: Recall is ill-defined and being set to 0.0 in labels with no true samples. Use `zero_division` parameter to control this behavior.
  _warn_prf(average, modifier, f"{metric.capitalize()} is", result.shape[0])
C:\Users\danie\Dropbox\Javeriana\Proyecto LLMS text\LLMS_Project\LLMS_analysis\.venv\Lib\site-packages\sklearn\metrics\_classification.py:1833: UndefinedMetricWarning: Recall is ill-defined and being set to 0.0 in labels with no true samples. Use `zero_division` parameter to control this behavior.
  _warn_prf(average, modifier, f"{metric.capitalize()} is", result.shape[0])
C:\Users\danie\Dropbox\Javeriana\Proyecto LLMS text\LLMS_Project\LLMS_analysis\.venv\Lib\site-packages\sklearn\metrics\_classification.py:1833: UndefinedMetricWarning: Recall is ill-defined and being set to 0.0 in labels with no true samples. Use `zero_division` parameter to control this behavior.
  _warn_prf(average, modifier, f"{metric.capitalize()} is", result.shape[0])
C:\Users\danie\Dropbox\Javeriana\Proyecto LLMS text\LLMS_Project\LLMS_analysis\.venv\Lib\site-packages\sklearn\metrics\_classification.py:1833: UndefinedMetricWarning: Recall is ill-defined and being set to 0.0 in labels with no true samples. Use `zero_division` parameter to control this behavior.
  _warn_prf(average, modifier, f"{metric.capitalize()} is", result.shape[0])
Traceback (most recent call last):
  File "C:\Users\danie\Dropbox\Javeriana\Proyecto LLMS text\LLMS_Project\LLMS_analysis\Code\metrics_analysis.py", line 373, in main
    paper_evaluation(
  File "C:\Users\danie\Dropbox\Javeriana\Proyecto LLMS text\LLMS_Project\LLMS_analysis\Code\metrics_analysis.py", line 73, in paper_evaluation
    predicted_df = pd.read_csv(predicted_answers_path)
                   ^^^^^^^^^^^^^^^^^^^^^^^^^^^^^^^^^^^
  File "C:\Users\danie\Dropbox\Javeriana\Proyecto LLMS text\LLMS_Project\LLMS_analysis\.venv\Lib\site-packages\pandas\io\parsers\readers.py", line 873, in read_csv
    return _read(filepath_or_buffer, kwds)
           ^^^^^^^^^^^^^^^^^^^^^^^^^^^^^^^
  File "C:\Users\danie\Dropbox\Javeriana\Proyecto LLMS text\LLMS_Project\LLMS_analysis\.venv\Lib\site-packages\pandas\io\parsers\readers.py", line 306, in _read
    return parser.read(nrows)
           ^^^^^^^^^^^^^^^^^^
  File "C:\Users\danie\Dropbox\Javeriana\Proyecto LLMS text\LLMS_Project\LLMS_analysis\.venv\Lib\site-packages\pandas\io\parsers\readers.py", line 1947, in read
    ) = self._engine.read(  # type: ignore[attr-defined]
        ^^^^^^^^^^^^^^^^^^^^^^^^^^^^^^^^^^^^^^^^^^^^^^^^
  File "C:\Users\danie\Dropbox\Javeriana\Proyecto LLMS text\LLMS_Project\LLMS_analysis\.venv\Lib\site-packages\pandas\io\parsers\c_parser_wrapper.py", line 215, in read
    chunks = self._reader.read_low_memory(nrows)
             ^^^^^^^^^^^^^^^^^^^^^^^^^^^^^^^^^^^
  File "pandas/_libs/parsers.pyx", line 832, in pandas._libs.parsers.TextReader.read_low_memory
  File "pandas/_libs/parsers.pyx", line 897, in pandas._libs.parsers.TextReader._read_rows
  File "pandas/_libs/parsers.pyx", line 868, in pandas._libs.parsers.TextReader._tokenize_rows
  File "pandas/_libs/parsers.pyx", line 885, in pandas._libs.parsers.TextReader._check_tokenize_status
  File "pandas/_libs/parsers.pyx", line 2084, in pandas._libs.parsers.raise_parser_error
pandas.errors.ParserError: Error tokenizing data. C error: Expected 18 fields in line 11, saw 22


During handling of the above exception, another exception occurred:

Traceback (most recent call last):
  File "C:\Users\danie\Dropbox\Javeriana\Proyecto LLMS text\LLMS_Project\LLMS_analysis\Code\metrics_analysis.py", line 390, in <module>
    main()
  File "C:\Users\danie\Dropbox\Javeriana\Proyecto LLMS text\LLMS_Project\LLMS_analysis\Code\metrics_analysis.py", line 385, in main
    print(f"\u26a0 Error evaluating {predicted_answers_path}: {e}")
  File "C:\Users\danie\AppData\Local\Programs\Python\Python312\Lib\encodings\cp1252.py", line 19, in encode
    return codecs.charmap_encode(input,self.errors,encoding_table)[0]
           ^^^^^^^^^^^^^^^^^^^^^^^^^^^^^^^^^^^^^^^^^^^^^^^^^^^^^^^
UnicodeEncodeError: 'charmap' codec can't encode character '\u26a0' in position 0: character maps to <undefined>
