Numerical_Coordination_and_Strategy,Trust_Cooperation_and_Betrayal,OffTopic_Social_and_Affective_Chat,original_message
1,1,1,"""26 26"" ""non "" ""daccord"" ""14"" ""hhhhh"" ""28 28 ça te va ?"" ""4"" ""et toi"" ""et toi"" ""propose"" ""non "" ""on fait le contraire"" ""tu as menti !!"" ""faisons autre chose "" ""ok"" ""18"" ""26 26"" ""je sais pas"" ""bon d'accord"" ""alors ?"" ""ok"" ""on ne parle plus les dix derniers tours"" ""bonjour"" ""c'est pas bien de mentir !!"" ""la tu vas mettre quoi ?"" ""oui"" ""ok"" """" ""pour toi"" ""je met 18"" ""je dis banco"" ""tu mets quoi ?"" "":)"" ""bisous"" ""26 26 ?"" "":)"" ""j'ai mis 20"" ""met 27.4"" ""toi 18"" ""12"" ""allez cette fois je met 24"" ""ça te va ?"" ""ça peut être bien"" ""j'ai ripé sur le clavier"" ""ouais"" ""ah non"" ""je met 26"" ""tu mets combien ?"" ""ok"" ""je met 14"" ""aussi"" ""je savais pas qu'il fallait mettre le même nombre à la fin aussi"" ""faut mettre tout le temps 1 à la fin ?"" ""tu veux pas coopérer malgès ma \qtrahison\q ?"" ""0.0"" ""c'est bon t'as compris la stratégie ?"" ""oui"" ""24.5 tout les 2"" ""24.5/24.5 ?"" ""je met 18"" ""ok"" ""je test d'autres combinaisons en attendant"" ""ou on varie les plaisirs ?"" ""24/24 ?"" ""je met 18 toi 28"" ""je met 18 tu mets 28 ?"" ""tu veux tenter quoi ?"" ""on fais que des roulements comme ça"" ""si on fais tour par tour 18/28"" ""je met 28 au dernier"" """" ""pas équitable"" ""ok"" ""je met 24"" ""bonjour"" ""tu me suis ?"" ""faudrait faire un combinaison qui rapporte plus "" ""la même ?"" ""genre un coup je le fais et un coup tu le fais"" ""ok"" ""je met 28"""
1,1,0,"""dacc"" ""18.28"" ""oui"" ""non"" ""on va gagné plus"" ""dacc"" ""dacc"" ""CETTE FOIS TU CHOISI "" ""dacc"" ""ok"" ""on reste 24"" ""on fait quoi cet foisq"" ""rappel moi"" ""les deux 24"" ""c'est quoi ton choix"" ""au meme temps tu cherche cé tu trouve mieux dit moi"" ""OUI"" ""on fait 24 les deux"" ""ok"" ""moi 18 toi 28"" ""3.0"" ""14.0"" ""dacc"" ""moi 14.0"" ""allez c'est quoi?"" ""et vous?"" ""cette fois 25 25"" ""et moi je te sui"" ""tu veux 25   25 "" ""on gagne un peut plus"" ""dit moi"" ""repond"" ""dit moi ton choix"" ""qui 25"" ""DACC"" ""dit moi on fait quoi"" ""on reste 24"" ""MOI 20ET VOUS 22"" ""merci"" ""deacc 24"" ""les deux "" ""24"" ""3.0"" ""si on prend tous les deux 28 on a un gain de 41.27"" ""moi 18"" ""25.9"" ""les deux 24 ?"" ""ok"" ""les deux 25"" ""et apres on echange "" ""ok"" ""ok"" ""choisi 28"" ""pas depb"" ""toi 28 "" ""on continue sur 24 ?"" ""?"" ""toi 24 moi 18"" ""ok ?"" ""oui"" ""ou 24 tous les deux cest mieux "" ""dis moi je te suis "" ""ok"" ""tous les deux 24"" ""ou sinon tous les deux 24"" ""non 28"" ""toi 14 ?"" ""20"" ""on reste comme ca jusqua la fin ?"" ""choisis 28"" ""no nprends 28"" ""on choisit tous les deux 28 ?"" ""et moi 18"" ""faut que tu me confirmes "" ""jai fait ca vu qeu tu mavais fait le coup avant "" ""mais la il faut quon maximise "" ""cest le max :)"" ""faut que tu choisisses un chiffre pour qu'on puisse maximiser nos 2 gains"" ""tous les deux 25.9"" ""cest la meilleure combinaison """
1,1,1,"""18"" ""toi"" ""28"" ""salut"" ""18"" ""ok"" ""pour moi et toi"" ""26"" ""dit un nombre"" ""18"" ""28"" ""quelle compte"" ""ok"" ""salut"" ""peut etre"" ""quelle nombre faut il ecrire"" ""bonjour"" ""23"" ""cest le plus avantajeux"" ""toi ou moi §"" ""28/28"" ""et toi"" ""ouia"" ""18"" ""28 toi et 28 moi"" ""quelle compte"" ""18"" ""je co,prend pqs co,,ent il ,qrche"" ""16/16 est vraiment la meilleure solution là"" ""le plus avantageux à long terme"" ""c'est dommage de jouer contre ça ne te serivra pas à chaque coup"" ""stl que comptes tu faire"" ""sinon on fait baisser les gais sans cesse"" ""ok"" ""pour moi"" ""gains"" ""ok"" ""bonjour"" ""ok"" ""appuyie sur terminer au moins^^"" ""salut"" ""les gains les plus élevés se situes dans la zone 26 pour toi"" ""28"" ""tu as intérêt à gagner à chaque coup, pas à faire perdre l'autre"" ""salut"" ""que comptes tu faire "" ""on a intérêt à équilibrer 28/28 je pense"" ""28"" ""28"" ""24/24"" ""ok"" ""lu"" ""l'idéal serait vraiment 28/28 mais comme personne ne tient son engagement..."" ""ok"" ""18 ok"" ""que comptes tu faire"" ""pronostic de ce qui nous avantage le plus?"" ""les deux c'est le plus équilibré"""
1,1,1,"""environ 3 par semaines"" ""pendant 130 ans"" ""c'est pas trop dur l'évènementiel ?"" ""en 2 coup on obtient plus que les autres combinaisons et personne a besoin de se sacrifier"" ""on peut simuler avec les virgules pour trouver le meilleur"" ""quand on aime ce qu'on fait on trouve toujours l'énergie , c'est ca qui est important !"" ""ouai c'est vrai qu'il fait pas froid la !"" ""ok pour 25.7"" ""sympa ca , du coup tu dois avoir un sport en particulier à gerer non ?"" ""Si l'on se met tous les deux a 24 les gains sont de 41.70"" ""c'est un bon plan de secours ca !"" ""en fait 25.7 est la meilleure solution sur le long terme"" ""c'est plutot sympa !"" ""ah j'aurai plutot dit le contraire , vu que dans le centre c'est impossible de se garer ( sans payer ) "" ""Plus que 11 réponses et on est riche"" ""je trouve ca super long au contraire..."" ""et puis vers 11h,11h30 l'appetit arrive très vite aussi"" ""Je connais pas, j'irais voir"" ""avant derniere !"" ""ca marche"" ""Courage alors "" ""aes et toi ?"" ""normalement on devrait gagner un peu plus de 12 plus les 5 fixe"" ""ah oui effectivement la c'est vital"" ""c'est bien ca permet de s'interesser à tout "" ""de rien on est en équipe !"" ""merci à toi :)"" ""la meilleure solution est 26 chacun "" ""je suis à l'isem en licence "" ""c'est déja ça !"" ""bientot la ferrari"" ""il faut faire plusieurs expériences pour ça"" ""Ca rapporte legerement moins "" ""normalement vers moins le quart on a fini !"" ""oh oui , déja que 30 c'est pas mal "" ""c'est mission impossible "" ""cool c'est parti pour les sous !"" ""et c'est du basket/foot/boxe"" ""mois le quart c'est parfait, car il commence à faire chaud avec les ordis allumés"" ""si on met les même chiffres ont a les meme gains"" ""ça demande pas mal d'énergie car c'est très incertain"" ""15ème décision sur 30, on a fait la moitié !"" ""oui, je dois déjeuner dans le tram en sortant d'ici, car je vais direct en cours après"" ""heureusement qu'il n'y a pas 100 décisions à prendre, car après le temps devient plus long"" ""25.7"" ""oui !!"" ""ok pour 24"" ""j'avoue !"" ""pour l'injstant"" ""par exemple j'organise UniDay, je gère la page fb"" ""yes !! mais on n'aura pas de Ferrari de suite ahah (merci)"" ""j'ai un sandwich dans mon sac pour ce midi, je pourrais tricher si j'ai faim plus tôt "" ""ouais grave !"" ""ça te dit de rester sur 25,7 pendant plusieurs décisions ?"" ""oui et c'est la preuve que ça fonctionne !"" ""et avec des virgules ?"" ""bien joué, merci !"" ""si ça te dit on peux faire gain max un coup sur deux. "" ""mais je suis sur Nice est et je bosse dans l'événementiel, donc je bouge souvent"" ""c'esr clair, d'autant qu'à Nice c'est bien pratique, voire indispensable"" ""tout à fait ! et toi tu fais quoi ?"" ""oui exactement"" ""ça passe plus vite en discutant, alors merci bien :)"" ""on a chacun notre sport de prédilection, mais on bosse en groupe donc pas forcement"" ""mais j'adore ça, donc ça compense"" ""ah oui, ça fait un coup sur deux tours et ça rapporte moins au final"" ""effectivement je ne vais jamais dans le centre en voiture"" ""c'est quoi l'intitulé de ta licence ?"" ""on est à la 5ème sur 30"" ""je me contenterai de ma Peugeot en attendant alors"" ""M1 management du sport"" ""tout à fait d'accord avec ta dernière phrase ! une minute ça passe vite"" ""je suis en face à l'IAE"""
1,1,1,"""pq tu as mis une virgule?"" ""quel choix?"" ""mets 26 je mets 26.2"" ""si tuy mets 28 la je mets18 et apres on fait l'inverse"" ""comme ca on gagne tous les 2 sur de fois 68"" ""moi 26 et toi 22"" ""toujours 26 "" ""le tableau est symetrique on peut pas aller plus au qsue 41.91"" ""il est vachement compliqué le tableau"" ""a mon tour je mets 28 et toi 18"" ""alors que si on regarde bien on peut qgagné un une grosse somme et lautre a peine moins"" ""26?"" ""quel choix?"" ""mais c pas tres drole!"" ""tous les 2"" ""donc la tu mets 28 et moi 18"" ""26"" ""et on change"" ""apres"" ""ok"" ""la somme la plus grande est 68"" ""26?"" ""oui"" ""toi 24 et moi 26"" ""tous les 2?"" ""toi 28 et moi 26"" ""26*2"" ""moi 28 et toi 26"" ""je peux mettre 26.2  comme ca on est pareil"" ""toi 26 et moi 24"" ""on reste sur 26 les 4 dernieres"" ""ok 28"" ""c bon?"" ""met 16 plutot"" ""donc oui"" "":-)"" ""on mets tous les 2 24"" ""26?"" ""on continu sur 28?"" ""26"" ""20et20 ca fait 38 tous les 2"" ""et on chnage apres"" ""c ce que je fais"" ""ok"" ""j'essayais de nous faire gagner un max a chacun a chaque etape"" ""26"" ""je suis sur qu'il y a un autre moyen je continu de reflechri et pour l'instant on continu sur 26"" ""parce qy'en fait on gagne exactement la meme chose a chaque fois qu'en on fait en 2 tours"" ""oui mais "" ""mets 26 et moi je mets 22 et la prochaine on inverse"" ""26?"" ""c toujours le meme resultats!!!"" ""c bon?"" ""si on met 10 tous les 2 on gagne peu"" ""c bon??"" ""OK on mets quoi?"" ""on fait toujours 26"" ""je sais pas"" ""10"" ""oui"" ""toi 28 moi 24"" ""fais ca"" ""OUI"" ""oui"" ""on reste encore sur 26?"" ""OUI c'est qui rapporte le plus au deux"" ""je me suis louper"" ""on inverse"" ""oui "" ""28 alors"" ""on mets quoi?"" ""toi 24 moi 28apres on echange"" ""ok"" ""d'acc"" ""ok"" ""appuie sur terminer dialogue a chaque fois "" ""ok"" ""oui"" ""oui"" ""oui toujours"" ""oui 28"" ""ok"" ""oui"" ""OK"" ""20 tout les deux sa te va?"" ""faudrait plutot mettre 20 au moin on a le meme gain"" ""appuie sur terminer dialogue sa va plus vite"" ""ok"""
1,1,1,"""Si on met 25.5 tous les 2 on gagne un tout petit peu plus "" ""oui... "" ""Oui le mieux c'est le 26 à chaque fois je pense"" ""C'est pas gentil ça :'("" ""on va faire ça 28 fois alors ^^"" ""oui "" ""salut"" ""0.03"" ""alors que la ça fait 41,91 sur un donc 82  sur 2"" ""ok ;) "" ""l'un prend 68 l'autre 4 donc sur 2 coups ca derait 72"" ""J'ai vu ton message à la fin dsl mais ça rapporte moins "" ""pour gagner plus tu veux pas qu'on alterne 10.0 et 28.0 por avoir le gain max une fois sur 2"" ""juste pour me rattraper de la 1ere periode dsl"" ""oui"" ""donc on continu comme ça jusu'à la fin ^^"" ""c long^^"" ""il serai mieux qu'on joue la même chose non ?"" ""?"" ""salut"" ""???"" ""rapport sa sur 2 periode"" ""ouais t'as raison"" ""lol^^"" ""ok"" ""hello ?"" ""non 68.22 fois 2 c plus que 41"" ""tu comprend mon raisonnement ?"""
1,0,1,"""ok"" ""hi"" ""alors"" ""28.0"" ""28.0"" ""Bonjour"" ""ok"" ""bonjour"" ""bonjour"" ""ok"" ""ok"" ""quel"" ""10.0"" ""28.0"" ""28.0"" ""28.0"" ""bonjour"" ""ok"" ""hello :)"" ""bonjour"" ""bpnjour"" ""hi"" ""alors 28.0 ?"" ""28"" ""28.0 "" ""ok"" ""oui "" ""bonjour"" ""bonjour"" ""28.0"" ""28"" ""ah bon"" ""hello"" ""bonjour"" ""ok"" ""28.0"" ""26"" ""hello"" ""26"" ""ok"" ""ok"" ""bonjour"" ""hi"" ""ok"" ""mais non"" ""oui ,28.0"" ""28.0"" ""bonjour"" ""ok"" ""ok"" ""28.0"" ""24"" ""26?"" ""bonjour"" ""28"" ""ciao"" ""bonjour "" ""43?"" ""10.0"" ""combien?"" ""toujours 28.0?"" ""---;-----(@)"" ""pourquoi pas"" ""bonjour"" ""HAHAHAHAHAHHAHA"" ""avez-vous compris ce qu'il faut faire?"" ""XD"" ""bonjour"" ""28?"" ""26"" ""ok 26"" ""ok 28"" ""10.0"" ""28.0"" ""vraiment*"" ""saluton"" "":D"" ""hi"" ""ok"" ""ok"" "":)"" ""28 ou 28.0 ?"" ""Bonjour"" ""c'est original"" ""ok 28"" ""ok"" ""14.0"" ""non"" ""combien?"" ""bonjour"" ""bonjour"" ""14"" ""gamarjobat"" ""c'est vriament le dernier ok 28.0"" ""bonjour"" ""et le dernier"" ""privet"" ""Bonjour"" ""bonjour"" ""good"" ""ok 26"" ""28.0"" ""bonjour"" ""combien?"" ""lol"" ""ou 28.0?"" "":)))))"" ""10.0"""
1,1,1,"""on reste à 26 ?"" ""nan mauvais choix"" ""22.0 c pas mal"" ""je cherche mais si y a rien 26.0"" ""si on met pas pareil on stop"" ""c'st ce que t'as dis !!"" ""tu m'as eu la"" ""tu prends combien"" ""si on prends tous les deux 10.0 ça nous fait 16.09 points "" ""tu vas encore changer tu m'as gavé"" ""t'as dis 24"" ""mets 22.0 ça fait 40.62 chacun"" ""débrouille toi tu e moque de moi"" ""ah ouais?"" ""qui commence?"" ""tout d\qpends si tu veux me la faire à l'envers encore"" ""bah ou c's ce que j'ai fais mais t'as mis 26"" ""cb?"" ""22.0"" ""26"" ""yes"" ""c'est bon"" ""on pourra plus parler après si c'est pareil on reste à 26 ?"" ""vas y go pour 26"" ""ok go"" ""mets 26"" ""donc ok pour 26 ?"" ""je mets 12 et  toit 24?"" ""bah débrouille toi si tu veux pas être réglo"" ""si y a pas mieux"" ""regarde si tu trove mieux en mettant pareil pour nous deux"" ""on reste à 26 tous les deux"" ""je comprends pas ce que tu fais"" ""non regarde 26. 26"" ""ça fait 41.70"" ""ok"" ""sois on reste à 26.0"" ""au liueu de la jouer solo"" ""non 26 en fait"" ""pourquoi t'as mis 26"" ""on met 26.0 ensemble ou on bosse seul ?"" ""moi non plus je fais au pif"" ""attends regarde ce qui fait le plus de pts"" ""ok"" ""26.0"" ""moi"" ""ok je mets 16 et toi26"" ""ok"" ""et moi ?"" ""et 'as mis 12 t'as pas mis 26"" ""me suis trompé j'ai décalé"" ""pourquoi t'as pris 10"" ""pourquoi faire ça fait moins"" ""donc c'est mort on est seuls mtn."" ""26.0"" ""c'est mort"" ""serieusement 16 ?"" ""j'ai pas trouvé mieux pour être égal"" ""non ça me fait 4.87"" ""sur ? "" ""tu te moque de moi"" ""je te l'ai dis c'était marqué"" ""tu choisis combien?"" ""si"" ""sois on cherche mieux mais sinon je propose quon garde 26"" ""c pareil"" ""si y a rien on reste à 2"" ""pr\qéviens avant "" ""bon faut se décider"" ""on alterne ou on revient à un truc égal?"" ""sinon tu mets 26"" ""essaye 28"" ""non"" ""tu mets 26 ?"" ""mets 26 et je mets 12"" ""je pensais quon faisait 26 - 26"" ""ok"" ""je pense que c'est encore mieu"" ""OK"" ""oui je voulais te le dire tout a lheure"" ""ok"" ""quand je mets 24 tu mets 12"" ""ensuite on inverse"" ""et qpres on inverse"" ""ok"" ""tu crois pas ?"" ""bah oui car jai pensé que t'allais changer"" ""tu crois pas ?"" ""ok"" ""soit ?"" ""?"" ""car jai pensé que tu triche"" ""alors pourquoi tout a lheure t'as dis 22 ?"" ""pourquoi tu m'as pas dis avant la fin que tu allais mettre 26 ?"" ""bon on mets quoi ?"" ""oui 26 26"" ""je chercher encore le mieux"" ""merde"" ""tu m'as rien dis"" ""mais non"" ""alors on mets 22 tout le temps ?"" ""hahaha ok"" ""sur §"" ""mais jai pas compris"" ""on a 68 chacun"" ""mtn je mets 26 toi 12"" ""quand je mets 12 tu mets 24"" ""26-26 ?"" ""t'as mis quoi "" ""serieusement on mets quoi mtn ?"" ""26-16"" ""maintenant tu dois prendre 28"" ""non 10"" ""mais pourquoi t'as mis 16 ?!!"" ""hahaha"" ""je crois"" ""mettons 26"" ""28"" ""!"" ""pas dautre strategie ?"" ""dis le mtn"" ""du coup je ne te suis plus"" ""alors jai rien compris XD"" ""j'ai rien compris !"" ""on devrait mettre 12-24"" ""26-26 ?"" ""jessaye une strategie et t'es pas content"" ""tu pense pas ?"" ""mets pourquoi tu dis pas avant la fin"" ""ok"" ""nets 16"" ""c'est nul"" ""daccord §"" ""28"" ""mdr je crois qu'on fait nimporte quoi"" ""mais non !!!!"" ""toujours 26 ?"" ""pareil"" ""pas a la derniere minutes"" ""26-26 ou pas ?"" ""je pense que c'est mieux 24 24 en fait"" ""tu m'as trop soulé"" ""ouiii"" ""mais jai pas eu le temps"" ""et moi 12"" ""c'est la meilleur solution si on qlterne"" ""mtn tu dois mettre 24"" ""tu m'embrouille"" ""oui"" ""pff"" ""oui"" ""mtn je mets 26"" ""et la fois dapres 24-12"" ""ok"" ""je crois que si je mets 10 et toi 28"" ""c'est 26 ou 22 ?"" ""tu mets quoi """
1,1,1,"""pareil encore"" ""oui"" ""la deuxieme etape si cest le meme exo on fait la meme chose"" ""ok"" ""pareil hein"" ""toi 28 moi10"" ""stp met 26.0"" ""il ne reste que deux jespere quon jouera bien dans la seconde partie"" ""les deux 26"" ""ok"" ""oui oui"" ""oui"" ""maintenant on fait le contraire"" ""ok"" ""oui"" ""ok.ca marche"" ""ah oui"" ""merci"" ""la seconde etape si cest le meme exo.on continue avec 26-26"" ""oui"" ""exactement dans la meme lancee"" ""toujours la meme procedure"" ""au revoir et bonne continuation"" ""oui pour toi"" ""pour le debut est mieux"" ""ok je mets &à"" ""vu que dqns lq deuxieme etape on ne peut pas comuniquer on continue é_ é_?"" ""comme d,habitude?"" ""desolé"" ""2828?"" ""28 28"" ""ok ca marche"" ""je mets &à tu mets é_"" ""ok"" ""10"" ""a toi egalement bonne journée"" ""le clavier tape ce qu'il vaut"" ""avec 26 ou 28"" ""ok merci"" ""de nouveau pareil?"" ""on met le meme montant?"" ""aussi 26 les deux"" ""oui"" ""on est bien d'accord"" ""ok"" ""10"" ""parfait"" ""jusqu'a la fin?"" ""je mets 28?"" ""merci"" ""alors"" ""2626"" ""oui"" ""je mets 26 alors"" ""é_ et é_ c'est mieux"" ""oui"" ""je mets 10 tu 28"" ""regarde"""
1,1,1,"""Fais ce que je te dis pour gagner des points"" ""On gagne le plus de point"" ""Ca marche"" ""On refait la même chose"" ""POurquoi t'as mis 3.0 ?"" ""D'acc"" ""J'ecris 10.0 et toi 28.0 "" ""pareil ?"" ""J'ecris 28.0 et toi 10.0 "" ""Que faire ?"" ""Ok"" ""Ok"" ""Il faut qu'on mette tous les 2 25.0"" ""Pour gagner du temps, à chaque fois on met terminer dialogue et on rentre notre chiffre"" ""J'ai pas pu écrire tout à l'heure"" ""On met mtn 25.7 jusqu'à la fin"""
1,1,1,"""si on commence a combiner on aura des gains different "" ""je crois qu il nous donne de plus en plus de temps "" ""16-28"" "")))))))))))))))))"" ""c est super chiant ca "" ""encore 22 fois"" ""moi je mettrai entre 10 et 18"" ""moi de mon cote et toi de tienne "" ""ca devient ennuyant "" ""?"" ""c est 41.91"" ""si tu veux on peut rester sur 28 "" ""d accord "" ""on a pense pareil "" ""le truc c est que si ca t arrange toi c est l inverse pour moi "" ""il y  avait des experiences pire que ca "" ""l'experience avec les bulles "" ""ouiiii"" ""ok"" ""il y a une autre "" ""oui c est ca "" ""ca marche pas ce que je voulais "" ""14-28"" ""oui "" ""si elle est assez chiant je sors "" ""))))))"" ""et c est fini "" ""oh mdr encore une "" ""parce que c est coise "" ""pourquoi dans la detition tu prends 28"" ""il fallait pas "" ""je ne coirs pas que on pourra parler "" ""))))))"" ""wwahahhaa oui "" ""mets toi 10 et moi 28 cette fois "" ""oui oui "" ""avec 28"" ""fait "" ""et si on met les combinaisons qui nous aranges le plus "" "")))))))"" ""))))"" ""la c est moiu qui mettra 10 et toi 28"" ""entre les deux la deuxieme etait plus grand"" ""mais on ne le sera pas ))))"" ""mets 28 par tout "" ""ok ?"" ""on aura sur 41.27"" ""j ai cru que tu n a pas compris "" ""on peut mettre 26026"" ""la prochain on fai inverse "" ""ou oui 26"" ""je mettrai 26"" ""ca y est "" ""j ai compris "" ""on met 26 et c est tout "" ""tes choix sont mes gains "" ""ok"" ""))))))"" ""plus que 2"" ""on reste sur 26"" ""on doit faire encore 15 fois la meme chose ))))))"" ""inversement "" ""essaies de mettre 28"" ""pourquoi "" ""amors on met 26"" ""d ou tu sais ?"" ""oui normalement"" ""un peut plu s"" ""?"" ""oui excte c est ce que j ai voulu te dire "" ""ok"" ""que 40 ???"" ""tu peux mettre a la fin au lieu de 26- 10"" ""je crois que il n a pas une 2eme etape"" ""))))) "" ""ah oui "" ""encore 8 fois"" ""fallait mettre de la musique "" ""la on est a 23 c est ca "" ""et inverseùent "" ""10 - 28"" ""ah"" ""c bon"" ""c pareil sof ke tu pren direct decision"" ""sa fonctione pas sa "" ""oui c bon"" ""enfin"" ""semaine derniere jsui sorti mal de tete horrible"" ""sa met tro de temp"" ""le mieux c 28-28 pour nous deux"" ""pour l'autre etape on est ensemble encore?"" ""oui c bn "" ""OUE GRAVE"" ""come la semaine derniere"" ""28-28"" ""c pour sa sa dure 2h"" ""oui"" ""psk 100pt c 1euro"" ""il reste 3 ... pour la 1ere etape"" ""encore 7 fois"" ""parfaait"" ""on fai la meme ?"" ""oue grv"" ""ok"" ""ba si"" ""mais san communication"" ""je met 26"" ""mdrrr oue c chiant"" ""oui"" ""vo mieu fairee 26-26"" ""28 chacun"" ""fois"" ""oui"" ""comme sa tu pren 28 ausssi et sa fai 41 point"" ""oue c bon"" ""psk 10-28 sa fai o total 72poin "" ""si si"" ""sinon jme tue"" ""toi aussi"" ""tessaye le 1er tour si on a 26 eet 26 c kon est ensemble"" ""on fai pareil?"" ""ne met plus 2"" ""on gagne 40centime depui taleur mdrrrr"" ""c koi le meilleur"" ""lesquel"" ""mdrr oue"" ""si regarde la feuille"" ""psk si je met 10 et toi 28 sa fai 68"" ""pk ta pa mis 28"" ""on gagne 68 a chaque fois"" ""tu ma di 41.91"" ""si on est ensemble a la ^prochaine etape on met pareil"" ""12"" ""oui"" ""si a letape dapre tu met 26 et lotre 26 c ke cest moi"" ""c 26-26"" ""voila la meilleure combinaison c que je met 10 et toi 28"" ""du coup on fai comren pareil?"" ""sa ma souler"" ""?"" ""par tour"" ""sa revien a la meme chose nn?"" ""pk sa fai pa 68 pour les deux?"""
1,1,1,"""25.5 les deux"" ""ok"" ""c'est plus rentable"" ""oui"" ""plutot moi 22 et toi 26"" ""on gagnera 41.91 aulieu de 41.70"" ""25.5 tous les 2"" ""je ne sais pas de quoi vous parlez"" ""d'accord"" ""ok"" ""oui"" ""25.5 tous les 2"" ""24"" ""je met 28.0 !"" ""pour maximiser nos gains, choisis 28.0"" ""plutot 26 les deux"" ""26 c'est mieux ok ?"" ""ok"" ""tu as choisis quoi le dernier tours ?"" ""je fais 20 et toi 24 ok"" ""?"" ""oui"" ""oui"" ""dac"" ""25.5 tous les 2"" ""si tu choisis 20.0, cela nous permettra de gagner un maximuym tous les deux"" ""?"" ""k"" ""il me semble que le partenaire change à chaque tour"" ""pas énorme différence mais ça reste mieux"" ""oui"" ""je sais claculer"" ""d'accord"" ""quel nombre tu comptes choisir ?"" ""ok"" ""10.0"" ""tu choisis quoi ?"" ""quel sera votre choix ?"" ""si on met tous les deux 26.0"" ""tu choisis quoi ?"" ""25.5?"" ""ok"" ""ru met qoui"" ""no "" ""26 les dux?"" ""26 les 2 ?"" ""?25.5"" ""pas de triche  ?"" ""dac"" ""tu qs choissi quel  nu,ero "" ""26 les 2?"" ""dac"" ""hahah  ok "" ""ok "" ""24"" ""tu triche "" ""bonjour, on choisisse 25. 5 ? :°"" ""24 "" ""25 les 2 ?"" "" 26 les  2 ?"" ""25.5 les 2 ?"" ""une fois"" ""tu est ok ?"" ""comme ca on est equaux"" ""24 les 2"" ""je met 20 "" ""26 les deux ?"" ""10"" ""c*est pas bon "" ""22"" ""25.5   les deux ?"" ""ok?"" ""24 les deux"" """" ""26?"" """" ""25.5 ca marche? "" ""26"" ""?"" ""les 2"" ""c*est bon "" ""tu seais pas calculer ou quoi?"" ""toi 14 moi "" ""26 les dux ?"" ""26 les 23 ?"" ""Tu peux me dire ton choix."""
1,1,1,"""super"" ""je met 28 et toi aussi ok ?"" ""desolé j 'ai mal tapé je remet 26"" ""tu me fais pas confiance je croyais "" ""on inverse et ainsi de suite c'est bon ?"" ""c'est bon !!"" ""ça marche"" ""si on met tout les deux 26 c'est mieux encore "" ""donc c'est pour ça que j'hesitais au debut "" ""on met tout les deux ojk ?"" ""on met 26"" ""Oui si on veut travailler en équipe c'est la meilleur solution"" ""on gagne 41.91 chaque tour"" ""parce que un tour sur deux on perd beaucoup juste avec 4.87"" ""ah mince je pensais pas que tu le mettrai deja"" ""je met 26"" ""proportionnellement on gagne plus en 2 tour"" ""je te crois pas non plus "" ""on met tout les deux 28?"" ""a chaque fois"" ""c'est bon"" ""tant pis"" ""ok et apres on mettra 26 tout  les deux c'est bon"" ""on continue jusqu'a la fin cmme ça c'est mieux "" ""commetn faire "" ""c'est bon "" ""oui"" ""t'inquiete erreur de frappe"" ""Oui mais proportionnelment ça revient au meme quasiment "" ""En équipe on gagnera, sinon on va juste ne pas avancer"" ""et 28 et je met 10"" ""Je te propose de mettre 28, comme ça on a les mêmes gains ?"" ""oui ! "" ""C'est dommage !"" ""bah on se met d'accord, met 28 et je met 10 et après on fait l'inverse"" ""là on se fait gagner des points"" ""Bah vu que je récupère en premier les points, on est obligé de se faire confiance"" ""C'est le mieux à faire"" ""Disons que c'est le moyen le plus rapide d'arriver à la plus grosse somme !"" ""On continue comme ça ?"" ""oui mais c'est quand même mieux, étant donné qu'on perd et gagne la même somme à chaque fois"" ""Pourquoi?"" ""Ca avance mieux comme ça ! Tu trouves pas ?"" ""Tu veux pas qu'on joue ensemble ?"" ""Je met 10 et tu mets 28"" ""Met 28 et je met 10 et au prochain tour on fait l'inverse"" ""Bah je met 10 et tu mets 26"" ""oki"" ""ok  et moi je met 10 et après on met 26 ensemble"" ""Merci ! Donc là je met 28 et tu mes 10"" ""Tu veux mettre quoi au prochain ? Qu'on s'entend sur quoi mettre."" ""Serieux ?"" """" ""Je ne te crois pas!"" ""On pourrait avoir beaucoup plus de points si on le faisait ensemble ! "" ""ok"" ""Si tu veux gagner de l'argent c'est le mieux à faire"" ""pourquoi ?"" ""et après on fait ton truc ? 9a marche ? :)"" ""Ca te tente pas de faire beaucoup de point ?"" ""On a perdu un peu de temps mais on devrait avoir pa mal de point"" ""26 tout les deux ?"" ""Comme ça on gagne des points"""
1,1,1,"""tu vas mettre cb ?"" ""encore 28, 28 ?"" ""faut trouver un gains cumulés supérieur à 24"" ""ok mdr "" ""reste sur 26 26 je prefere"" ""on reste sur 26 26"" ""ok"" ""c mon tour tu mets 28 et moi 26"" ""je met 12 et toi 14 ?"" ""84 "" ""moi non plus"" ""ok je te fais"" ""a part si t'ad mieux ?"" ""c bon"" ""on cherche mieux et si on trouve pas on met 28 28 "" ""ca revient au mm"" ""confiance"" ""c'est bon pour moi "" ""je met 26 et toi 28"" ""yes"" ""allez si tu veux"" ""et le tour d'apres on fait l'inverse"" ""j'ai pas trouvé mieux encore"" ""?"" ""on gagne 0.10 :p"" ""je fais 26 et toi 18"" ""on gratte un peu "" ""on enchaine les 26, 26 a part si t'as une autre option "" ""on met 28,28"" ""ok "" ""ah nan pardon"" ""c'est bon"" ""on gagne un tout petit pei plus comme ça"" ""et on inverse"" ""?"" ""12"" ""26,26"" ""on se fait plaisir sur le dernier tour ?"" ""on met ce qu'on veut mais pas en dessous de 10.0"""
1,1,1,"""ca va dans la vie ?"" ""c est pas super des vacs avec ce temps la"" ""vivre dans la misere ou mourir dans la richesse certain choisiront la deuxieme mais moi je prefere vivre meme miserable plutot que mourir"" ""je cours j accours j ecoule mon temps dans cette piece rempli d etre innocent. Innocent n est pas le mot. je suis poete "" ""hola"" ""jdis npk"" ""t as compris le principe ?"" ""la vie est un jeu de sureter ou on ne prend pas le risque de perdre , mais certain joue l audace soit il gagne tout mais peuvent tout perdre"" ""voler planer dans les airs un reve mais il suffit d un eclair pour que tout parte en fumée"" ""Joue est tu le paiera joue est ta vie en dependra , gagne ce que tu peux mais ne t etonne pas de tout perdre en un claquement de doigt"" ""l ennuie n est pas un crime mais un crime peut tuer l ennuie, le temps, le coeur, les corps, les vies mais jamais les esprits"" ""malin malin et demi "" ""etre plus judicieux plus precis sous ton nez se trouve la solution cherche et tu trouvera"" ""on sait pas si c'est penalisant les -"" ""tu sais je suis gentil moi"" ""salut"" ""peut etre faut choisir la meme chose nn ?"" ""je gagne tu perd nous perdons vous gagnez. le temps c est de l argent mais l argent n achete pas le temps"" ""j espere qu on gagnera bien"" ""je m etend j attend je regarde le temps qui passe , des secondes qui defilent . precieux la pendule qui panique a l idee que notre vie est un jeu"" """" ""dernier : aide les gens qui t entour meme si tu ne les connais pas . un sdf peut devenir millionaire alors que toi tu peux etrte au plus bas."" ""ca me rassure"" ""tu comprend le principe ?"" ""un echec nous fait avancer. Reussir nous donne l envie de continuer. devise : ne jamais abandonner"" ""faire perdre l autre quitte a tout perdre fait preuve d audace mais n est ce pas plus judicieux de gagner meme si c est moins que L AUTRE"" ""bon serieux ca fini jamais ce truc je commence a etre a cours d idee"" ""salut"" ""bonjour"" ""non en fait j ai rien compris"""
1,0,1,"""propose "" ""si tu vx on reste sur le 26"" ""nous sommes censés choisir le mm nombre?"" ""tu penses qu on est sur la b onne voie ?"" ""ok"" ""c ennuyeux"" ""24 pr ns 2"" ""okk"" ""??"" ""moi 16"" ""ok ca marche"" ""26 ?"" ""ca marche"" ""je cherche un peu sur le tableau pr voir la meilleure combinaison pr nous 2"" ""20 pr ns 2"" ""tu penses que c ce qu il faut faire :d ?"" ""22 pr nous 2"" ""ON CONTINUE COMME çA"" ""?"" ""28.0 POUR NS"" ""OUI"" ""choisir 18.0"" ""C VRAI"" ""OUI"" ""OK"" ""OUI"" ""18.0"" ""C MIEUX"" ""je propose de choisir 18.0"" ""JE CROIS"" ""OK"""
1,1,1,"""25.1 aussi ça fait plus"" ""oui"" ""il faut une fois que tu mettes 18 et moi 28 "" ""on reste comme ça ? "" ""effectivement"" ""avec 25.5 ?"" ""oui non j'ai eu un bug"" ""mais si on met le même chiffre on gagnera moins "" ""ben on inverse a chaque fois alors"" ""ok si tu veux"" ""bonjour"" ""+41.92"" ""oui ça me va"" ""c'est un peu fatiguant --'"" ""maintenant on inverse "" ""24.6"" ""tu met 28 et moi 18"" ""j'ai pas eu le temps d'écrire :'( si on met 27.9 tous les deux ça fait encore +"" ""25.5 ça fait +"" ""effectivement c'était encore mieux j'avais pas vu"" ""ok"" ""plus que 5 \\o/"" ""c'est long x) "" ""on peut mettre des chiffres intermédiaires"" ""pourquoi tu m'as envoyé 24.6? j'ai test mais c'pas mieux"" ""25.9 encore +"" ""ça fait +41.27 chacun"" ""plus que 10 périodes"" ""faut qu'on mette 28 à chaque fois"" ""tous les deux"" ""27.5 ça fait encore un poil +"" ""ok"" ""on peut passer tout ça direct en cliquant sur \qterminer dialogue\q"" ""ah ok =)"" ""aaah mais regarde dans le tableau 26 et 26 ça fait + que 28 et 28"" ""clique sur terminer dialogue "" ""bonjour"" ""je viens de test un truc"" ""le gars a dit qu'on peut mettre les mêmes à chaque fois"" ""ok"" ""on est à la moitié \\o/"" ""si on  prend 26 et 22ça fait 56 points"" ""ouais ça me va"" ""on reste comme ça alors ?"" ""ouais """
1,1,1,"""26  toi"" ""une fois je mets "" ""et pas 92"" ""ça marche pas bien "" ""si je mets 00"" ""c'est bien non.?"" ""non j'aurais pas 68"" ""oui"" ""non 24 24"" ""c'est dommage"" ""mais avec les 25"" ""je mets 24 et toi 26"" ""je mets 18"" ""non moi 18"" ""t'as un score négatif"" ""faut regarder tableau dans l'autre sens"" ""ou je sais plus"" ""si "" ""ça reste mieux"" ""j'aurais - quelque chose"" ""on change ou pas?"" ""en fait "" ""pareil"" ""ça te rapporte rien "" ""18 et 20"" ""bon on va changer"" ""qu'on met 25"" ""j'arrive pas à trouver"" ""22 et 26 peut être"" ""20 et 26"" ""sur deux parties on gagne +"" ""moi"" ""25.5"" ""41.7 pour nous deux"" ""oui "" ""le dernier"" ""c'était 24 mince"" ""on est d'accord"" ""non "" ""le mieux c'est qu'on mette la même chose"" ""25"" ""mais t'as bien gagné avec ce que j'ai dis"" ""faut jouer dans les 20"" ""22 moi "" ""24 moi et toi 26"" ""26 et 26"" ""le maximum qu'on peut avoir tous les 2"" ""j'ai trouvé "" ""25 25"" ""ok 25"" ""ça te rapporte - quelque chose"" ""toi aussi"" ""on rattrape bien "" ""essaye des trucs à coté"" ""toi 20"" ""on met quoi"" ""25"" ""alors qu'avec 25"" ""25.3"" ""on a 40"" ""donc je mets 26 là et toi 22"" ""oui "" ""c'est avec 25"" ""on gagne "" ""25 et 26"" ""26 "" ""oui mais ya mieux"" ""et toi 22"" ""enfin non je sais pas "" ""tu auras -23"" ""24 et 24"" ""c'est le maximum des points"" ""encore 2"" ""mais ce que tu m'as donné"" ""et toi 26 pour rattraper ce que j'ai perdu"" ""voilà merci"" ""pas du tout"" ""41 centimes"" ""25"" ""100 points = 1 euro"" ""à chaque fois "" ""on gagne + avec 26"" ""et toi 28"" ""26.5"" ""et le tour d'après "" ""27 et 28"" ""tu vas avoir -92"" ""41.94"" ""oui"" ""ou moi 22"" ""ou les 25.4"" ""non j'aurais -7.56"" ""c'est nul non?"" ""26.4"" ""dsl"" ""mais en vain"" ""ok"" ""on verra après"" ""on mets quoi là?"" ""vasy alors sois serieux"" ""oui"" ""oui"" ""calcule le"" ""moi je mets 28"" ""une fois c'est toi qui dis"" ""dans ce cas"" ""on jouera que 25"" ""moi 18"" ""ok on va te suivre dans tes délires"" ""tu mets 00"" ""on finira par trouver lol"" ""moi 28"" ""non?"" ""on met 28"" ""ok "" ""si si tkt"" ""est ce qu'il y a mieux???"" ""j'ai mis avant ce que tu m'as dis"" ""25"" ""à ton tour"" ""qu'on a gagné"" ""non 92 j'aurais"" ""ah oui g pas vu le -"" ""j'essaye de trouver mieux "" ""25"" ""bonne journée"" ""après tu me diras toi"" ""moi 26 c ça ?"" ""on mets quoi"" ""mdr"" ""on va changer!"" ""on met quoi?"" ""on aura 68"" ""on reste sur les 25"" ""et on alternera"" ""tu mets 0"" ""avec 25.5"" ""on gagne legerement plus"" ""quoi"" ""moi 18"" ""moi 28"" ""c bon"" ""???"" ""25.5"" ""ok"" ""on a pas le mm tableau ?"" ""l'autre c moi"" ""ok"" ""on pourra gagner beaucoup de ponits comme ça ?"" ""25.3?"" ""25.5"" ""moi au début j'ai des négatifs lol"" ""ok"" ""pareil"" ""on a gagné moins qu'avec 25.5"" ""regarde c plus "" ""mais après l'autre periode tu décideras toi"" ""enfin"" ""ok"" ""25"" ""qui met 22"" ""c le max"" ""tu veux jouer ou pas ?"" ""marché conclu"" ""ché pas"" ""oui"" ""vite"" ""ce fut un plaisir"" ""à moins que tu trouve un moyen de gagner plus"" ""c complexe leur truc"" ""toi 28"" ""oui mais pas toi"" ""25"" ""ok"" ""non"" ""ok"" ""tu mets 0.0"" ""non "" ""oui"" ""25 c bien"" ""toi 28"" ""??"" ""25.5"" ""68.21"" ""un peu"" ""on a presque fini "" ""on reste sur 25.5"" ""moi non plus"" ""ok"" ""propose!"""
1,1,1,"""on prend 26 ou 24?"" ""oui"" ""monte encoe "" ""mais 26 c'estpareil"" ""mise au dessus de 14"" ""j'ai pas vu ta reponse tout a lheure "" ""il faut prendre 26"" ""il faut rester vers les 26 je pense "" ""slt"" ""on prend 22"" ""desole mauvaise manip"" ""il faut miser plus haut"" ""on gagne pas assez comme ca"" ""okay pour 26"" ""oui c mieux "" ""tu comprends"" ""bien"" ""tu comprends le principe?"" ""oui "" ""il faut mettre dans les 20 !!"" ""26"" ""on reste comme ca "" ""??"" "","" ""il faut encore monter"" ""ok"" ""monte encore je pense"" ""??"" ""tu comprends ?"" ""on reste comme ca "" ""monte encore"" ""??"" ""tu as compris le pincipe"" ""petit beug la "" ""monte encore"" ""ok?"" ""mise plut haut !! dans les 20"" ""on essaye 26"" ""on prend 22 cette fois et apres 24"" ""tu comprends?"" ""ou 26"" ""on prend 24 "" ""on prend 26?"" ""dac"" ""on prend 20?"" ""ok"" ""on prend 28?"" ""ok"" ""ok"" ""cool"" ""ok"" ""ok"" ""ok"" ""slt"" ""prend 24"" ""bn ok"" ""tjrs plus ke 20?"" ""slt"" ""po grav"" ""ok"" ""nn po trop"" ""on fait par ordre ou?"" ""ok"" ""ok"""
1,1,1,"""on se le redit pour etre sur de pas oublier :p"" ""okdacc :)"" ""ok pas de soucis ;)"" ""mdr ;)"" ""oui je suis d'accord! on a eu de la chance :p"" ""pas de soucis ;)"" ""t'as vu mon message ?"" ""pas celui la mais celui d'apres pour avoir un nombre paire"" ""merci ;)"" ""ok :)"" ""jessaye de trouver un meilleur truc mais je trouve pas !"" ""ok ;) "" ""mais si tu additionnes je crois que c'est plus rentable en deux fois de garder 26 mais ca me derznge ps 18/28"" ""toujours 26?"" ""si tu veux moi ca me va"" ""?"" ""t'as raison ca change de 0.01 ok on reste sur 25.5"" ""merci a toi aussi ;)"" ""on fait linverse et apres 25.5"" ""on s'ennuie maintenant haha !"" ""on met 18"" ""ok :)"" ""ok ;)"" "":p"" ""ou 28"" ""25.5"" ""bonne fin d'aprem et ouiii enfin mdr ! ;)"" ""ok mais meme le mieux c'est pas 26? pour apres "" ""je crois quen mettant chacun notre tour 25.5/26 c'est mieux mais regarde et dis moi ce que t'en penses pour le prochain"" ""on fait l'inverse?"" ""on reste sur 26 jusqu'a la fin alors sauf si on trouve un meilleur truc ? "" ""tu choisis quoi ?"" ""parfait on reste sur ça !"" ""toi aussi :)"" ""tu commences ou je commence ?"" ""26 alors ?"" ""si c'est bon pour toi ok !"" ""on met 18 c'est mieux ?"" ""si on additionne ca fait 41.94 par 2 alors que la c'est 43.17 + 40.70"" ""ouais grave j'en peux plus ^^"" ""ok donc 26 comme d'hab :)"" ""ok on reste à 26 alors ! oui t'as raison bien vu !"" ""parfait donc 25.5"" ""parfait ^^"" ""oui maisje sais pas du coup :p"" ""oui pour cette fois on fait l'inverse"" ""au 10 eme on peut faire un 28/18 chacun notre tour pour faire monter les points ?"" ""oui je te dirais :p "" ""mince j avais pas vu ! "" ""ok ! "" ""ok :)"" ""ok parfait"" ""en tout cas merci d'avoir joué le jeu ! :)"" ""parce que d'autres auraient pas hésité à ce la jouer perso ^^"" ""et après 18 à chaque fois"" ""oui ;)"" ""oui j'ai fait pareil ! "" ""pour l'instant c'est tojours 26 mais on peut se donner le 10 eme tour comme repère ?"" ""ok !"" ""non c'est mieux de rester sur 25.5 chacun "" "":p"" ""mais rien"" ""Alors qu'est ce qu'on fait ?"" ""dernier tour !!!! ^^"" ""on fait l'inverse ?"" ""26"" "":)"""
1,1,1,"""peut etre pas tout le temps, j'essaie mais j'ai dû en louper "" ""ouais c'est bon on remet pareil, c'est le meilleur choix pour nous deux en moyenne"" ""ça ressemble à une variante du dilème du prisonnier"" ""sinons on va commencer à se faire perdre des points l'un l'autre et tout.."" ""là, probablement voir, quand on peut coopérer, si on choisi de trahir l'autre pour se fair eplus de points ou non e"" ""je crois pas que ça ait affecté quoi que ce soit, jusque là t'as rentré pareil que moi et tout, c'est bon je pense "" ""25.8 donne 41.93"" ""si tu trouves mieux dis moi, sinon on reste sur ça j'pense"" ""parce que comme on peut voir ce que met l'autre, si l'un de nous met moins de 28, l'autre va avoir moins de points, et du coup il va vouloir se vznger en mettant moins de 28 au suivant et au final on va juste se tirer vers le bas x)"" ""26.7, c'est bon ?"" ""ouaip, c'est long "" ""ca fait 41 . 94"" ""ouiiii"" ""et toi ?"" ""nan y en à un qui y perd :/"" ""si on continue comme ça on devrait se faire tous les deux dans les 12 balles en plus des 5e de déplacement "" ""Salut"" ""autant ne pas faire de la merde"" ""^^"" ""c'est looong x)"" ""haha dur"" ""bon, ça va on comprend pareil"" ""ouais bon je crois que 25.5 c'est le mieux pour tous les deux, sinon dans un sens comme dans l'autre ça commence à redescendre"" ""au début de la feuille y à bien marqué \q100Points = 1e\q donc je suppose qu'il faut toujours marquer 28.0 pour avoir un max de point et donc un max d'argent"" ""moi j'ai dû louper les premieres, ça fait longtemps que ça existe ?"" ""wouhou plus que 8 !!d"" ""donc si on veut, au total en moyenne, se faire le plus de points, il faut mettre 28 à chaque fois tous les deux"" ""elles sont de plus en plus longues, ces expériences"" ""26 pardon"" ""tu comprends comme moi ?"" ""27 tous les deux uqoi"" ""25.9 ça donne 41.92"" ""met 25.5 !"" ""att "" ""AAAaaaaah on en est même pas à 20/30c"" ""c'est bien plus interessant que la derniere en tous cas ! je sais pas si tu y etais, il fallait compter des billes de couleur, haaan tellement long et ennueyux "" ""41.70 points du coup"" ""c'est bon onf ait la même ?"" ""ouiiiiiiiiiii"" ""26-26 = 41.91"" ""ah on peut avoir plus de pojtns en mettant 27-27"" ""si ils ont d'autre sgroupes, par exemple, qui ne peuvent pas coopérer comme nous en se parlant je suppose qu'ils peuvent faire des recherches interessantes "" ""j'ai testé dans le truc de calcul, en gros si l'u nde nous gagne plus de point parce qu'il met moins de 28, l'autre gagne moins de points"" ""on peut pas faire mieux je crois"" ""ouais j y etais, les 3 fois ou j ai pas compter je me suis planté"" ""t as une idée de ce qu'il cherche en faisant des experience pareil"" """" ""SI ON MET TOUS LES 2 28 ON AURA UN"" ""ouais :)))"" ""oui"" """" ""20"" ""d accord j avais pas compris ca comme ca"" ""depuis l an dernier je crois"" ""c claire"" ""OK"" ""on est qu a la moitié"" ""ouais t as raison"" ""ah non"" ""j ai rien dit"" ""l ordi beug"" ""tu les fait tout le temps les expériences?"" ""on a bientot fini"" ""ok"" ""par contre mon ordi a beuger 3 fois j espere que ca va fausser les resultats"" ""ca marche!"" ""d accord"" ""ouais c ca"" ""ouais"" ""ok"" ""OK ON FAIS COMME CA"" ""on remet 27?"" ""on fait 0.0 et 28.0?"" ""ou tu preferes qu'on mette toujours 28.0"" ""donc on met 28.0"" ""dernier"" ""ok"" ""ouais"" ""ON Remet pareil?"" ""j en est louper une"" ""28 et 27"" ""SALUT"" ""ok"" ""?"" ""on peut faire 26.0 et 28.0"" ""ok"""
1,1,1,"""Mais plus y en a mieux c'est pour nous xD"" ""mais genre on perdrais quand meme 0.03 points"" "":P"" ""moi je met 28"" ""oui je pense aussi "" ""AH BON JE MET 28"" ""mais on change pas de partenaire ?"" ""t'en qu'à faire parlons xD"" ""tu vois ... ecran blanc"" ""salut"" ""psk si on fait 28/8"" ""tas raison cest mieux"" ""exact"" ""allez 26 ;)"" ""ca va toujours toi ?"" ""a toi met 8"" ""au moins les deux gagne c'est plus equitable"" ""13"" ""re :)"" ""dans la vie de tous les jours meme"" ""bonjour"" ""tu trouve les maths abstrait ?"" ""je pense que 26 est le plus rentable"" ""psk ca nous ferais gagner genre 0.1 centime stp xD"" ""bah tu vois moi au contraire je trouve que les maths sont partout "" ""bonjour"" ""Pourquoi ?"" ""mais c'est psk cest preprogramme"" ""Psk si on met 26 tous les 2 cest le plus rentable"" ""non chui content pour toi c'est tout ^^"" ""il y en a tu vois qui s'y approche "" ""et comme y a des gens qui ADORE mette 2h"" ""certes c'est un peu philosop^hique je te laccorde"" ""ah bon ok "" ""on gagne environs 35 points par tour"" ""avec le bordel du debut x)"" ""cest la meilleur combinaison pour toi"" ""c'est quoi ?"" ""alors que la on en gagne 41"" ""sur 2 tours on gagnerait 83.85 au lieu de 83.82 ca vaut pas le coup"" ""ceest 26/24"" ""c'est con de les perdre betement"" ""26 chacun est la plus rentable"" ""a toute"" ""enfin apres on fait comme tu veiux"" ""je met topujours 26"" ""ouais c'est trop cool ^^"" ""bonjour"" ""mais bon tant mieux pour toi"" ""jaime bien les math çç"" ""oui mais tkt jai TOUT calcules y a pas mieux"" ""donc tant que tout LE MONDE na pas cliquer et bah ca reste ..."" ""ok"" ""oui je pense aussi tu pense mettre combien?"" ""cest bcp plus lucratif"" ""AU FAIT SI TU VEUX ESSAYER DE METTRE terminer dialogue pour voir on le fait au prochain tour ?"" ""tu veux essayer terminer dialogeu ?"" ""tes tjrs la meme persone que juste avant"" ""JE CROIS"" ""oui t'as raison c'eest plus sur aussi ^^"" ""salut on met 26?"" ""le mieux en fait et qui revient plus cest de faire 26"" ""on echange ?"" ""je pense cest mieux pour nous deux"" ""pas toi ?"" ""et c'est meme le mieux"" ""psk a chaque test on perd genre 5 points cest con"" ""comme ca les deux gagnent bien c'est equitableu au moins"" ""je pense que 26 c'est le bon"" ""oui "" ""HALLELUJAH"" ""allez ;)"" ""EN FAIT JE VIENS DE FAIRE LA MOYENNE"" ""CA EXISTE MEME PAS"" ""jai calcule si on reste sur cette voie on finira avec 17 ^^"" ""y en a qui prefere gagner"" ""oui la je viens de bien gagner et lautre aussi "" ""dac ;)"" ""dialogue"" ""donc voila ^^"" ""tous les deux"" ""oui on fait jusqu'au bout mdr"" ""bah je tai mis 28 stp"" ""mais vraiment"" ""pour moi y a pas moins abstrait xD"" ""autant que ca :O"" ""psk la ca fait 2 fois quon me piege "" ""moi 16"" ""je sais pas :/"" ""?"" ""c'est bientot la fin"" ""non on attendra juste devant un ecran blanc"" ""sinon pk taiime pas les maths ? x)"" ""c'est interessant x)"" ""bon bah adieu x)"" ""le rapport 26/26 c'est le plus equitable"" ""tu pense cmb"" ""On est a peine a 18..."" ""Genre la géometrie ou autre ?"" "";)"" ""il va falloiir se dire adieu mdr x)"" ""non ca vaut pas le cout"" ""genre les meths ont accompagnes lhomme depuis les premiers addition pour compter les moutons aux marce fininciers d'aujourdhui"" ""re"" ""dac"" ""hey en plus tu vas gagner plus que moi hein x)"" ""meme si c'est tres proche "" ""juste 26"" ""oui"" ""oui"" ""oui"" ""ok"" ""je penses differer les nombres et apres inverser"" ""il y a des gens qui ne se mettent pas d accord je crois"" ""oui c est vrai"" ""exact"" ""bye"" ""salut"" ""on perd"" ""si on travail ensemble sa ve etre mieux"" ""ok"" ""30 je crois"" ""on est deja a 25 tirages :)"" ""je continu a chercher mieux mais je vois pas"" ""26"" ""Bonjour"" ""c est le plus rentable"" ""tu mets 16"" ""c est combien de tirages"" ""oui"" ""26"" ""tout"" ""je mets 28"" ""jajaja"" ""oui"" ""c est la meme chose au final"" ""a toi je mets 28"" ""tu n as pas mis 26 il y a deux experienxes"" ""je suis pas trop logique abstraite"" ""okay"" ""26"" ""tu as mis quoi"" ""ok"" ""26"" ""on met 26 toujours"" "":)"" ""okay"" ""je pense"" ""tu vuet tenter?"" ""co,mme sa on va encore plus vite"" ""je mets 28"" ""oui tu veut equiparer"" ""jajajaja"" ""oui "" ""si on met les memes nombres les gains augmentent"" ""juste 3 tirages"" ""oui je trouve les maths abstrait"" ""tu fait ta combinaison plus aute"" ""c est mieux faire 26 26"" ""non"" ""en regardant le tableu je crois que le mieux c est ce metre d accord et metre le meme numero"" ""quoi"" ""26"" ""mais je ne sais pas dans quel on est"" ""oui"" ""tous les tours"" ""oui"" ""on doit re travailler ensemble"" ""non"" ""je crois au avec 26 on est bien"" ""oui"" ""puis dans l autre on inverse"" ""je suis toujours la meme personne"" ""tu as une meilleure idee"" ""un met 20 et l autre 28 dans celle si"" ""plus simple et gagnant gagnant"" ""non"" ""tu est tres meth"" ""oui :)"" ""sa va"" ""j ai une proposition"" ""on met quoi"" ""oui"" ""math"" ""je crois qu si on met terminer dialogue c est plus vite"" ""la minute est tres court"" ""non"" ""le pllus sur"" ""quel"""
1,1,1,"""et à chaque fois tu fais cette stratégie ?"" ""-_-"" ""si on met tout les deux 26 on gagne plus"" ""d'acc"" ""je m'endors"" ""ouais ça sert à rien"" ""ouais ça m'a soulé !!"" ""ah bon ?"" ""mdr"" ""Je te fais confiance hein..."" ""c'est ta première ?"" ""J'ai l'impression que ça fait 3 heures qu'on est dessus"" ""mdr"" ""on est seulement au tiers en plus"" ""pareil pour toi..."" ""ouais c'est vrai"" ""enfin !"" ""ouais c'est sûr"" ""\qen plus on a fait seulement un tiers\q"" ""ah ouais quand même"" ""Un plaisir pour moi aussi"" ""il faut faire quoi là ?"" ""mdr"" ""et en plus ça fait perdre des sous à l'autre"" ""moi c'est ma première"" ""ok"" ""toi aussi ;-)"" ""mdr"" ""ça te fait combien de fois alors?"" ""ah bin voilà on a vu la même chose"" ""on continu comme ça tout le long ?"" ""ennuie......."" ""plus que 6 parties !"" ""c'est domage que l'experience est aussi longue sinon elle est tres interressante"" ""continue de tape 28 "" ""pour la derniere partie trahis pas ton amie virtuel du jour mdr"" ""cette fois ci tape 26.0"" ""apres t pas toujours avec d gens desfois c avec l'ordi "" ""lol"" ""c trooooooooooop long la ..."" ""bonne continuation "" ""non pour 20centimes en plus sa se fait pas je prefere que l'on gagne tout les deux 40 centimes "" ""oui seulement 1/3..."" ""oui  a la fin en tout on aura chacun  14euros "" ""tu t'en sort bien pour un nouveau lol"" ""ok "" ""oui ok "" ""tape 28"" ""6/7 fois je crois et toi ?"" ""jai pas eu le temps de lire ce que tu a ecrit tout a l'heur?"" ""sa a etait un plaisir de jouer avec toi mdrr "" ""ta vu on a gagne tout les deux 40 centimes"" ""on aura chacun encore plus"" ""oui j'adopte toujours la strategie de \q je fais 50/50 avec l'autre\q je trouve que c la meilleur"" ""non du tout "" ""fait moi confiance"" ""tu veux prendre quel chifffre"" ""oe lol"" ""on va passe de 41.27 à 41.97"" ""enrevoir lol"" ""continue a dormire  alors mdr"" ""oui tkt"" ""oui en effet"""
1,1,1,"""oui dommage qu'on puisse pas tout faire d'un coup mdr"" ""10 pour moi 28 pour toi"" ""je pensais aue c'était un robot"" ""non"" ""non "" ""essait 28 pour toi et 10 pour moi!!!!!!"" ""Saîda and you?"" ""tu m'as donné une trop mauvaise combi au début alors j'avais plus confiance"" ""enchantée mdr"" ""mdr moi aussi"" ""y'a une fille avant qui a gagné 5 c'est trop la loose mdr"" ""yes"" ""mdr"" ""nop"" ""un moment tu as éssayer de m arnaquer"" ""quand tu ecris "" ""haha"" ""ça va etre long "" ""oui tu disais quoi?"" ""haha tu t'occupes comme tu peux"" ""et quand tu arrêtes "" ""je suis un éléctron libre tu vois"" ""tu choisi combien ?"" ""là il disait que 100 points = 1euros c'est pas enorme en gagnant 42 points a chaque round"" ""maintenant on attend d'arrivé à l'étape 30"" ""ok mdr"" ""licence aes. c'est ma 2eme experience et je trouve ça hyper logique et drole et on se fait de l'argent facilement"" ""essait*"" ""tic toc tic toc..."" ""mdr l'ordi ne suit plus"" ""si j'ai pas confiance je marche pas "" ""28 pour toi et 12 pour moi"" ""tjr pareil"" ""je regardais pas"" ""cest ok 28/28"" ""que c'est long. On est à la 16ème étape encore"" ""d'accord je vois"" ""t'as l'heure ?"" ""ou 19e"" ""au début j'allais pas négocier mdr"" ""on continu 26 26"" ""quand t'as tapé 28 là jme suis dit ok c'est bon je marche :)"" ""tqt haha"" ""c'est long quoi..."" ""mais il faudrait avoir géré depuis le premier round"" ""haha t'as encore cours"" ""t'as fait combien d'experiences ? mdr c'est un chat maintenant"" ""coool"" ""hahahahaha"" ""je disais que pendant ce temps là nous on esait de calculer nos gains mdr"" ""haha grave"" ""tu fais quoi dans la vie mdr"" ""juste que j avais pas le temps de venir faire."" ""on continu comme ça pour les autres "" ""oui. Désolé au début je pensais que j'étais en face d'un robot qui essayer de m'arnaquer"" ""hahah grave "" ""le max à gagner c'est dans les 17 ou 18 euros je crois"" ""on continu :)"" ""a 28 28 on y gagne +"" ""28/28 chacun sa fait 41 par tete "" ""26/26 toujours "" ""pour 1 seul tour "" ""grave"" ""grave en plus sans teléphone "" ""c'est le dernier 26/26 "" ""tu ma mi un -30 et toi ta pris un +60 et la tu gagnge des point comme meme"" ""regarde a 26/26 on gagne tout les 2 0.5 de + qu'as 28/28"" ""non dsl"" ""comment ta su ?"" ""oui"" ""grave moi c'est grace au leen que je peut sortir "" ""dans les expérience du LEEN il y a que des personnes réelles obligatoirement "" ""tu veux pas venir écrire 26 a ma place que je dorme "" ""ok"" ""trop facile les calculs de rationnalité "" ""on moins c'et marrant"" ""au début tu m'as couté cher est ce que je peux rétablir les choses ?"" ""pour 18/14 et 14/18 une fois chacun on est gagnant de manière proportionnellle"" ""AS "" ""si je gagne pas mes 15 euro habituel je pète un cable "" ""comnien "" ""si tu as que des 26/26 tu est gagngnante car t'est + rationnele"" ""y ba eu un genre de gendarm (l'insecte sur ma table ) je l'ai tué "" ""butez moi !!!!!!!!!!!!!!!!!!!!!!!!!!!!!!!!!!!!!!!!!!!!!!!!!!!!!!!!!!!!!!!!!!!"" ""oui mais tu a voulu m'enfler des le début "" ""c'est la boule 8 effect sa "" ""une minute d'attente "" ""11"" ""on s'en fou des fautres d'orthographeptr"" ""allez "" ""grave "" ""kévin (uxoide)"" ""touttes "" ""je veux mon fric et me barer j'ai de la biochimie qui m'attend "" ""ancien éco maintenant je retourne en médecine "" ""laisse tombé "" ""dsl pr les fautes d'orthographes lol"" ""plus que 12"" ""on est perdant tout les 2"" ""what 's your name ? "" ""grave "" ""essaye dans le calculateur 12 pour moi et 28 pour toi on sera gagnant"" ""y a une expérience ou j'ai déjà gagné 22,5 euro"" ""oui "" ""1 seul tour a 20/26 suffit "" ""perso c'est mieux mes cours de bioch que sa "" ""oui "" ""NON c'est toi qui m'as arnaqué au début "" ""allélouyai "" ""j'ai plus cour mais je prépare mon année prochaine car cette année je redoublé afin d'avoir les ects nécessaire pour revenir en médecine "" ""mais d'habitude il y a une partie test de rationnalité ou t'est tout seul "" ""je me suis prix un moin 30"" ""j'offere le caffé "" ""logique j'écris lentement "" ""1 seul 20/26 stp "" ""non mais je prépare mon année prochaine "" ""ta tout pété ou quoi ?"" ""on est trop rationnel pour lui "" ""et toi ?"" ""dans ses calculs de rationnalité pour gagner de l'argent il faut trouver le juste équilibre cad 16/16"" ""les soirée c'est cher "" ""12 pour moi 28 pour toi"""
1,1,1,"""ENTRE 18 ET 23?"" ""ah bon mais si ca sera pas le cas je ne te parlerai plus"" ""Salut"" ""D4ACCORD? MAIS J4AI VU QUE TU N4A PAS EU DE GAINS LA DERNIERE FOIS§§"" "",?"" ""JE PENSE QUE C4EST PLUTOT UN TRAVAIL DE COMMUN ET DE COORDIN"" ""Met ENTRE 1 ET 5? ET J'ESSAYE DE DEVINER  ton choix?"" ""?"" ""TU AS LCOMPL2TEMENT LACH2 L0"" ""MNT MET ENTRE 7 ET 11"" ""Tu es épuisé?"" ""qu'est ce qu'on fait mnt?"" ""ALORS MNT MET ENTRE 7 ET 11?"" ""ENTRE 21 ET 25"" ""MERCI"" ""OK"" ""ET TOI"" ""OK"" ""ENTRE 20 ET 27?"" ""JE VAIS METTRE 25"" ""D4ACCORD"" ""ALORS CETTE FOIS MET UN CHIFFRE ENTRE 15 ET 18"" ""LE BUT C4EST DE VOIR SI ON MAINTIEN LA CONVERSATION? SI ON SE MET D4ACCORD"" ""et pour la prise de décision?"" ""alors tu es tj là?"" ""franchement c'est ma première expérience, je n'ai rien pigé!!"" ""POUR MON CHOIX ET POUR LE TIENS DEVINES UN PEU§§"" ""C4EST BON?"" ""d'accord"" ""MNT CHOISI ENTRE 11 ET 15"" ""JUSTE ESSAYE ENTRE 12 et 17?"" ""OUI MAIS CETTE FOIS RIEN"" ""APRES EN FERA COMME TU DIRAS"" ""MNT MET ENTRE 1 ET 7?"" ""tu as completement laché?"" ""MET UN CHIFFRE ENTRE 12 ET 17"" ""PARFAIT"" ""TU M4A APS SUIVI!!"" ""d'accord"" ""JE LE FAITS MNT MAIS LA PROCHAINE on essaye de jouer un peu  0 LA DEVINETTE?"" ""OUI C4EST UN TRAVAIL DE COMMUNIC ATION ET DE COORDINATION"" ""QUOI?"" ""VAS Y IL RESTE 2 2PREUVES,"" ""ON MET ENTRE 15 ET 19"" ""et toi?"" ""mets 12 et moi je met 22"" ""ECOUTES MNT ENTRE 21 ET 25"" ""C4EST BON?"" ""essayons de mettre des chiffre entre 1 et 5 (pourque ça reste un jeu?"" ""MNT MET  ENTRE 11 ET 15"" ""CETTE FOIS CI TU MET 28"" ""ET VISE VERSA"" ""on rfefait comme tt a lheur on a trop perdu"" ""ON MET PAREIL"" ""OUII"" ""sa a pas marchei*"" ""ok"" ""SUR LE CHOIX"" ""toi 10 "" ""SA VA RIEN DONNEI"" ""ET TOI UN PETIT"" ""sa nous fera gagnei peut etre"" ""AU MOINS ON AURA GAGNEI"" ""OUII"" ""TA VUE TA EU 68"" ""A LA PLACE DE 0"" ""ok*"" ""?"" ""ET CETTE FOIS CI MOI "" ""OUI"" ""refait la meme chose"" ""0 POUR TOI"" ""ta une proposition?"" ""VOILA SA A MARCHEI"" ""ok"" ""tu met 10.0 pour toi"" ""LE CHOIX 10"" ""68"" ""on commence a comprendre "" ""vous comprenez?"" ""ou on change?"" ""OUI"" ""JE CHOI SE SERA 10"" ""SI TU CHOISI UN NOMBRE GRAND ET MOI PETIT"" ""CETTE FOIS CI"" ""MAINTENENT CHOOISI 28"" ""la tu propose quoi?"" ""ET MOI 10"" ""MAINTENENT TU MET UN GRAND NOMBRE"" ""et moi 28.0"" ""on refai pareil,"" ""ou ca?"" ""SUR LAUTRE"" ""MET 25"" ""CETTE FOIS CI CHOISI 10"" ""TA VUE QUE TA GAGNEI"" ""MOI 20"" ""MOI AUSSII"" ""JE ?ET 1"" ""ON MET QUOI,"" ""essayons un truc"" ""CETTE FOIS CI,"" ""JE GAGNE PLUS"" ""POUR TE FAIRE GAGNEI CHOISI UN PETIT NOMBRE"" ""ET MOI 10"" ""MAIS 25 PAR EXEMPLE"" ""cest deja mieu"" ""OK"" ""TU METTRE 28 ET MOI 10"" ""ET MOI UN PETIT"" ""CHOISI 10 ET MOI 28"" ""ON FAIT KOI MNT;,"" ""JE MET KOI,"" ""salut"" ""MET 10 ET MOI 28"" ""tu met 10"" ""SA TE FERA GAGNEI"" ""COMPRENDRE"" ""JE MET PAREIL"" ""APRES AU PROCHAIN JE METTRAIS 10 ET TOI 28"" ""rret pour moi tu me met 28.0"" ""OUII"" ""SI TU VEU ON CONTINU PAREIL"" ""MET 5"" ""AU PROCHAIN ON INVERSE"" ""MET POUR TOI 0 ET POUR MOI 28 APRES LE CHOIX TU METTRA 10"" ""ON PEU REFAIRE"" ""JE VIEN DE COMPREND"" ""JE FAI PAREIL AUSSI"" ""28 POUR MOI"" ""ET MOI 4"" ""sauf ke pour la prise de  decision"" ""voila sa avance"" ""OK"" ""JAAI UNE IDDEE"" ""SA PEU DONNEI"" ""OUII"" ""CHOISI 18 POUR TOI"" ""ET MOI 1 GNAND"" ""car les petits chiffres nous font perdre"""
1,1,1,"""une blague pr la fin qu'est ce qune expérience ennuyeuse"" ""en fait laisse tomber"" ""qu'est ce qu'un car rempli de noir"" ""je me suis tromper lol"" ""qu'est ce qu'une experience ennuyeuse"" ""vas y"" ""mdr en meme temps"" ""ok pour 26"" ""bof "" ""un kitkat"" ""bonjour, faisant tout les deux 28.0 pour gagner le max de point"" ""on fait 25.5 c le mieux jai pas trouver mieux"" ""hahaha c bien de lhumour noir"" ""euhhhhhhhh je reflechi mdr"" ""c des radins"" ""mdrrr je reflechis"" ""un karlouch"" ""aaaaaaaaaaaaaaa t'es parti loin ptdr"" ""mdr"" ""pour les 30 etapes"" ""compliquéé"" ""la blague c'eatis"" ""haaahaaaaaaaaaaaaaah"" ""non"" ""en effet"" ""quil est rond"" ""jai pas trop compris "" """" ""qu'est ce que 4 noir aligné ? mdr"" ""puis a lautre etape linverse"" ""je vais mettre 25.5 je penser que c'etais a cette étapes"" ""............."" ""si tu veux aussi si par exemple on fait chacun son tour apres une fois toi 10.0 et moi 28.0"" ""elle est trop longue cette expérience ...................."" ""loool"" ""lool"" ""de"" ""bon "" ""on fait sa tout le long "" ""lol"" ""TA CRAKER DEGAG"" ""la reponse est"" ""ok?"" ""plus que 10"" ""si ten a une envoi"" ""je sais pas si ta compris "" ""j'ai surtout des blagues un peu trash, porté sur l'humour noir, ça te dérange pas ?"" ""j'en peux plus, il fait tellement chaud"" ""c'est le meixu pour nous deux"" ""pas de soucis"" ""xD"" ""ca ?"" ""on gagne 41.94"" ""blague"" ""xD"" ""si on met 25.5 on gagne un peu plus"" ""rah *****"" ""bonjour"" ""ok ca marche"" ""pourquoi les noirs ne revent plus ?"" ""ma bite ?"" ""plus que 10 !!!!"" ""quelle est la différence entre un noir et un pneu ?"" ""pourquoi les juifs ne sont pas boulanger ?"" ""une photo de famille !!!"" ""il faut vraiment que tu mettes 25.5"" ""si si c'est bon ^^"" ""quitte a s'ennuyer au moins que ce soit drole"" ""je sais pas"" ""je crois pas qu'il y ait de mieux"" ""parce qu'ils ne peuvent pas etre au four et au moulin"" ""c'est par rapport al a deportation"" ""je sais pas"" ""xD"" ""un pneu quand tu lui met des chain,es il ne se met pas a chanter"" ""tu connais des blagues ?"" ""oui"" ""la perete est beaucoup trop grande, je trouve pas cela avantageux"" ""vas y dit"" ""parce qu'on a tué le dernier qui l'a fait (#martin luther king)"" ""ma chatte bien sur ????"" ""tu en as une ?"" ""ca me va"" ""le max pour nous deux serait defaire 26.0"" ""xD"" ""qu'est ce qu'une petite fille juive sur un bac a sable ?"" ""quand les juifs etait brulés"" ""aaaah ok"""
1,1,1,"""je vais mettre 27.8 tu mets 26 "" ""les deux "" ""12e pas 120 dsl"" ""genre 24 e "" ""je comprends pas "" ""on doit etre les personnes les plus honnetes de la planète"" ""si on alterne "" ""attends quoique "" ""dommage :p "" ""25.7 ok ? "" ""oui ok pck ca m'a paru un peu chelou sur les résultats bon du coup  25.7"" ""je mets 26 "" ""25.7 toujours "" ""ca donne moins bon que 25.7"" ""bon concrètement on se ferait combien de sous "" ""oui"" ""\qsomme considérable\q"" ""mieux encore "" ""bonjour"" ""12e chacun c'est mieux que de piquer des sous de l'autre "" ""et une fois l'inverse"" ""yep"" ""ok cool"" ""pardon."" ""franchement pour 5e de plus haha on s'en fout "" ""ok "" ""ca rapporte plus"" ""je mets 23.5 "" ""en fonction de l'autre"" ""yep "" ""yep "" ""enfin nous on est parti sur un truc équitable"" ""oui voil"" ""oui mais tu dois iben mesurer haha"" ""ouh "" ""grave.."" ""haha "" ""on essaie de reequilibrer "" ""?? "" ""pour gagner 47 points"" ""oui oui pour la fois d'avant"" ""25.7 nous rapport 42.94"" ""oui mais c'est ca"" ""26 "" ""pourquoi pas bière "" ""prends 26"" ""tu mets 26 "" ""avant pck c'est ce que j'ai mis "" ""bonjour, il faudrait qu'on puisse trouver un terrain d'entente et alterner"" ""c'est le max"" ""ok "" ""40 fois 30 essais"" ""essaye plutot 25.7 "" ""je mets 26 haha "" ""on gagnerait un point dep lus "" ""en fait je crois que cex qui joue vrm "" ""une fois toi 22 et moi 18 "" ""c'est fourbe 8) "" ""ça vaut une bonne bière au vieux ça. "" ""ok donc là mtn "" ""mais essaye de calculer 25.7 "" ""oui c'est ça"" ""allez reste plus rien "" ""t tu mets 25.8 "" ""bon on continue sur les 28 tous les deux "" ""la je vais choisir 28 et toi choisis 14 "" ""ouf "" ""120 e oo "" ""25.7? "" ""ok cool "" ""oui voilà "" ""mais là on réequilibre"" ""et réciproquement ! "" ""aurait pu gagner un peu plus"" ""ca tourne autour de 43"" ""on réequilibre "" ""pourrait avoir jusqu'au double "" ""mais imagine des personnes qui ne parlent pas "" """" ""ah peut etre je ne sais pas "" ""et moi je mets 26"" ""et après faudra que je remette 26 e"" ""c'est mieux 26 26 pour le coup "" ""la gentillesse RPZ "" ""bon bon "" ""euh?"" "":p "" ""on a pas bien réequilibré"" ""bon deja tous les deux 26 "" ""ok "" ""43 ? "" ""et qui vont miser sur le hasard"" ""12e "" ""pas pour les deux personnes "" ""oui ok "" ""du coup les personnes qui se foutent de la personne en face"" ""tu avais bien mis 27.8 ? "" ""on change rien alors "" ""et on risque de se perdre en alternant"" ""oula c'était pas français "" ""ah mais c'est pire "" ""28 tous les deux "" ""le mieux à faire c'est qu'un mette 28 et l'autre 10 ça donne le maximum de 68"" ""mais faut pas recommencer ça vaut pas le coup "" ""ok merci :) "" ""t'es de ce genre ? :o"" ""oui je crois "" ""^^"" ""maintenant pour que ce soit équitable on échange "" ""1200 points"" ""carrement c'est vicieux x) "" ""on fait quoi du coup ? ^^"" ""pas assez frais a mon gout"" ""ouis au début je t'avais dit de mettre 27.5"" ""ah oui comment ?"" ""oui ce qui me parait logique "" ""j'ai l'impression qu'il y a un piège c'est bizarre"" ""comprend pas quoi ?"" ""enfin !!"" ""je met 26"" ""grave :O "" ""met 27.8 "" ""tu m'aura bien fait rire au moins x)"" ""au final ça fait vers 80 pareil en fait"" ""c'est bon j'ai compris j'ai rien dit !!"" ""essaie avec des virgules !!"" ""tu peux pas la mettre a l'envers à quelqu'un 30 fois d'affilé "" ""ensuite la fois d'apres je met 26 et tu met 25.8"" ""oui apres on fait 25.7"" ""je pense qu'elle y perde parce qu'il faudrait quelles misent petit et que la personne en face mise 28"" ""xD"" ""ah merde j'etais pas sur que tu suivrais "" ""je sais pas ils comptent les -17 qu'ils nous ont fait mettre ?"" ""je pense pas que ça vaille le coup"" ""et la on est bon !!"" ""C'est bon ?"" ""je faisait fois deux "" ""bientot fini "" ""tu met 28 je met 14"" ""c'est ce qu'on avait dit non ?"" ""la maintenant tu met 26"" ""niquel "" ""parce que toi ça décend a 11 "" ""10 sur trente ?? ça risque d'etre super long en fait "" ""ouais je pense que c'est le meilleur plan "" ""non j'ai mis 26"" ""oui toujours "" ""?"" ""bof la biere mais un cocktails c'est bon :P"" ""25.8"" ""il faut plus un truc avec 43"" ""25.7"" ""la je met 26.8"" ""non parce que la personne en face est pas non plus débile "" ""oui j'ai vu c'est le plus haut avec 41.94"" ""parece que si on met tout les deux 28 "" ""donc maintenant 27.7?"" ""tu perds 30"" ""phhhh"" ""et ensuite on revient aux 26/26 ?"" ""met 27.5"" ""non c'etait pas ça"" ""oui je m'etais trompé "" ""adieu"" ""xDDD"" ""tu met 26"" ""c'est le plusq ue j'ai trouver pour l'instant"" ""on se fait dans les 17 tous les deux comme ça"" ""c'est bon "" ""maintenant je met 26 "" ""1200"" ""et toi tu met 25.8"" ""c'est ca "" ""oui plus avec 28 24meme"" ""et toi tu mets 26"" ""Bon ce fût un plaisir :P "" ""oui mais les gains sont pourris faut pas faire ça"" ""et 24 / 20 ?"" ""du coup on doit mettre 28 tout le temps ?"" ""pour gagné +20 ensuite"" ""ouais c'est tout ??"" ""x)"" ""je cherche mais je trouve rien qui sur deux période fasse mieux que 80 "" ""regarde 28/22"" ""ahh en fait ils veulent voir si on entube l'autre "" ""je trouve aussi "" ""pourquoi 14 ?"" ""oups "" ""je met 27.8"" ""on a merder "" ""essaie 28/26.8"" ""non non je dois pas mettre 25.8 sinon je gagne plus de sous encore "" ""il me semble que la on est bon "" ""met 28 si on a pas trouvé de terrain d'enttente "" ""ouais t'as raison "" ""4*3=12"" ""ouais pas bete"""
1,1,1,"""ok"" ""18.0"" ""ton choix?"" ""à toi l'honneur"" ""bonjour 4.0"" ""28.0"" ""ok"" ""ok"" ""oui"" ""ok"" ""24.0"" ""10.0"" ""24.0"" ""ok"" ""propose"" ""je t'écoute"" ""ton coix"" ""20.0"" ""24.0"" ""4.0"" ""26.0"" ""qu'est-ce que tu propose?"" ""a toi"" ""on reste sur 28.0"" ""26.0"" ""ok"" ""20.0"" ""28.0"" ""ok"" ""0.0"" ""ok"" ""26.0"" ""26.0"" ""10.0"" ""22.0"" ""tn choix"" ""pk"" ""bonjour"" ""ok"" ""ok"" ""226.0"" ""ok"" ""24.0"" ""ok"" ""28.0"" ""16.0"" ""propose"" ""ok"" ""ok"" ""dis moi"" ""28.0"" ""28.0 "" ""ok"" ""propose"" ""ok"" ""ok"" ""ok"" ""qu est ce que tu proposes"" ""ok"" ""bonjour"" ""je propose 28.0"" ""bonjour"" ""d'accord"" ""ok"" ""pourquoi 20.0"" ""que proposes - tu "" ""oj"" ""28.0"" ""ok"" ""28.0"" ""2.2"" ""ok"" ""dis moi"" ""28.0"" ""ton choix "" ""à toi de me dire"" ""ok"" ""ok"" ""22.0"" ""ok"" ""ok"" ""ok"" ""qu est ce que t en penses"" ""2.2"" ""c'est bon on reste sur 28.0"" ""partage de gain"" ""ok"" """" """" ""je propose 28.0"" ""d'acc"" ""22.0"" ""que proposes tu"" ""je sais pas proposes toi"" ""2.2"" ""pour avoir plus "" """" ""dis moi toi "" ""je propose 28.0"" ""c'est bon ok"" ""c bon ?"""
1,1,1,""":( "" ""ou la meuf !!! mddddddr \q MEC (E) "" ""cetait chiant "" ""sinon tu perd "" ""mdr avec MSN dans le temps jai appris sa "" ""ahah "" ""sa va faire 54"" ""on a pas le droit de preciser donc (e) sinon je ssais "" ""mddr c'est du sexisme !!"" ""depuis pff "" ""comme sa on gagne le meme montant "" ""lol "" ""immense vraiment !! "" ""on continu avec 28 "" ""jai dit forte "" ""au prochain "" ""ah ouai "" ""donc quand on fini je vais voir si je me suis pas trompé "" ""tu mentend taper je suppose ? "" ""oui oui "" ""ouui jai fait sa aussi ! "" ""je met 28"" ""tu tape plus la "" ""cst clair quon garde pas 15 euro toute une vie "" ""salut"" ""on continu avec 28 ?"" ""lol "" "" :* "" ""15 et 13 euro "" ""ah merde "" ""lol "" ""jespere qu'ils n'ont pas compris "" ""rigole pas lol cst vrai "" ""me demande pas comment je sais "" ""ou 26 pour essayer ? "" ""13"" ""oui oui "" ""jespere quon va gagner beaucoup "" ""mince je me suis trompé "" ""ok donc 26 "" ""tu m'a tué "" ""mdrrrrrr"" ""26 encore "" ""mddddr "" ""jai remarqué des choses cst tout "" ""tu tape super vite !! "" ""tu parles a un ogre tu sais pas :D "" ""lol "" ""ah ouai pff "" ""jai gardé les emoticones "" ""mdr surment mais les egoistes vont se battre "" ""tu tape pas "" "":) "" ""enfait pour cette experience il na faut pas etre assoiffé dargent "" ""je suis trop fortee ouui "" ""ah si "" ""mequette toi meme ! "" ""mais je veux quon trouve un moyen davoir 68 "" ""ouai "" ""oui oui 2 deja ! "" ""bon 26 "" ""on y va lol "" ""je sais meme pas et toi ? "" ""rien de bien compliqué !! "" ""ou un trole "" "":D"" ""ok"" ""lool ouaai "" ""prend 24"" ""fallait choisir une somme et quelquun dautre choisissait aussi du coup si la personne avait + tu te fsait plumer "" ""jentend toujours"" ""et toi ? "" ""avec 10 et 28 sa fait 60 cst bizzarre"" "":O"" ""comme tout le monde je pense "" ""ouai c'est trop looong "" ""et toi ? "" ""lol "" ""lol "" ""ce serait l'ideal "" ""mddddrrrrr"" ""je prend 8"" """" ""je vais mener des enquetes jai un don "" ""bon 26 "" ""okay 28 encore "" ""TEST "" ""ouui "" ""lol "" ""ahah sa se sent "" ""ouui jai  remarqué "" ""je crois"" ""lol vraiment pas "" "":) "" ""enfin on est a 26 cst pas trop tot "" ""ok"" ""mddddddr "" ""c'est bizzare de parler a quelquun sans savoir "" ""ouui javoue "" ""lol ouai grave "" ""prend 5 je prend 28 ou le contraire sa va faire 59"" ""et le tableau on lutilise pas ? "" ""je ne sais pas trop lol "" ""mechant(e) "" ""Très vite^^"" "";)"" ""passere le temps"" ""du coup la première?"" ""y en a qui massacrent leur clavier d'ordinateur ça sent le fight"" ""une semaine c'est déjà très fort"" ""non je dois pas demander"" ""y avait un jeu au college ou on tapait sur un PC et depuis ça va je tape pas torp mal"" ""mais non y a pas moyen^^"" ""et avec cette IMMENSE somme d'argent tu vas en faire quoi?"" ""tu sais à quel tour on est?"" ""Ya plus qu'à contonuer c'est comme ça qu'on maximise notre gain à 2"" ""on enchaine? avec 26 toujours"" ""mais sur la fin tout le mmonde doit avoir compris et faire la même chose je pense"" ""Parfait!"" ""mais le mec(e) qui repars avec 5 euros après 2h d'expérience doit bien avoir les boules"" ""les gens regardent plus les photos ou autres"" ""du coup t'atais adept de MSN,"" ""ahah fabuleuse"" ""à ce rythme là tu vas te faire 18"" ""t'en a fait d'autres?"" ""^^"" ""ahah"" "","" ""tu l'as fait celle là?"" ""ok je vais faire attention maitnenant"" "":)"" ""mdr"" ""ahah je sais pas trop, tout ce que je sais c'est qu'elle va partir vite"" ""pour chopper le 69 ça veut dire que l'autre gagne seulement 4.87"" ""ahah c'est tjr la même chose"" ""Bon ben y a pas qu'a enchaîner comme ça avec 26 pour les deux"" ""une fois ça suffit"" ""l'habitude"" ""ahah c'est gentil"" ""yes on echaîne"" ""pas trp le doirt à l'odri ou portable quand t'es gosse^^ ça laisse des sequels?"" ""ça nous fait marriner et réfléchir"" ""C'est des vicieux pck'avec le 26 chacun ont se fait à peine meieux que le 28 du coup tu te dis tiens est-ce que y a pas moyen..."" ""ca manque d'imagination au LEEN^^ et finalement t'avais bien gagné à l'expérience 1?"" ""Sur facebook tu tapes moins qu'MSN, moins besoin "" ""les émoticones ça reste"" ""ahah c'est vrai que ça par contre"" ""!!"" "":)"" ""y a plus qu'à passer le temps"" ""C'est bien ce que j'avais compris... Pas grave on reprend 26 chacun on se fait à peine plus qu'avec le 28"" ""non en vraie je fais pasgaffe"" ""yes en vrai le tableau est complexe pour qu'on se casse la tête mùais y a pas de meilleure solution"" ""c'était du même style?"" ""oui"" ""on regardera sur lafeuille en partant pour voir les gains des autres"" ""ahah le bruit c'est sur"" ""14 à l'expérience d'avant je crois. Un truc avec des boules blanches ou noir qu'il fallait compter"" ""ah ouais, la première c'était quoi? J'en ai fait 1, celle d'avant"" ""cool c'est partie :)"" ""seulement tour 14^^"" ""genre si tu comptais bien l'autre gagnait"" ""évidemment pck l'autre met 0 à chaque fois après"" ""y a pas moyen regarde"" ""ahah les pauvres"" ""ils vont repartir avec 5 euros"" ""ok on essaie mais je suis pas sur que ça marche"" ""j'ai faille mettre mec(ette) mais ça fsait un peu gros^^"" ""ah ouais j'avais pas vu on peut faire 26 si tu veux"" ""du coup tu as prévu quoi après? promis je drague pas on sait même pas de quel sex on est mdr"" ""frais de déplacement"" ""regarde ce que ca a donné"" ""le truc qui date biiiiieeeeen"" ""j'avoue^^ mais on avait internet après"" ""ahah on verra ça bientôt"" ""A ce rythme là tu vas te faire 17euros 50"" "","" ""sequels"" ""ahah (e)"" ""tu sais parceque je tape comme un bourrin(e)"" "":)"" ""pas l'habitude"" ""En gros à chaque fois celui qui met le plus petit montant se fait baiser"" ""salut!"" ""comment tu sais?"" ""tu dois avoir raison pas de biais"" ""C'est plutot long comme truc en fait"" ""c'était y a très longtemps"" ""0.4 fois 30 + 5 euros de départ"" ""c'est sur que c'est lent"" ""On a que 1 m donc il faut aller vite, comme il y a 30 périodes on a tout intéret à se donner 28 chacun"" ""ah j'étais pas trop fan"" ""t'inquiete(e) aps"" "":)"" ""on met 26 tous les deux"" ""ahah"" ""26 chacun on voit à la prochaine étape si tu veux"" ""mdr"" ""non si on fait ça je vais perdre plsu"" ""je me demande si les autres ont compris ça^^"" ""tu me stalke déjà"" ""le max à 2 c'est 26 y a rien d'autres si tu gagnes plus je perd plus"" ""et dans ce cas là tout le monde perd le fric qu'il a accuumulé avant"" ""j'avoue c'est assez étrange... Comme toutes les expériencess du LEEN en fait"" ""pas"" ""mdr MSN"" ""attnd je tente clavier de velour"""
1,1,1,"""salut"" ""yeaahh"" ""mais aussi tu regardes dans la diagonale de la feuille qu'ils ont donné"" ""a chaque fois je pouvais pas venir ou c'était deja complet"" ""tu sais dans quel cadre ils font les experiences ? "" ""grande decouverte"" ""hahha"" ""pas encore passé a l'iPhone "" ""on peut pas tout avoir !"" ""oui"" ""il faut avoir l'application pour qu'il te le fasse"" ""le temps passe trop vite "" ""Pareil ! "" ""c'était quoi les autres expriences que t'as fait ? "" ""tjrs a blackberry "" ""j'ai l'impression d'être de retour en primaire quand on avais pas les emojis "" ""ahh shoot "" ""que je l'ai "" ""je me demande comment les autres s'en sorte "" ""le compteur me stresse troppp"" ""haha"" ""20/30"" ""je pensais que tu parlais te smileys etrangers "" ""petite larme, tu vas ma manquer"" ""ahh"" ""on a tous les deux 41.94"" ""haha moi non plus "" ""c'est ca"" ""vu que c'est en plastique "" ""hahha"" ""calcul mental l'horreur...."" ""ahh"" ""Si tu te trompes je rigole "" ""pas mal !"" ""la masse de calculs effectués aussi"" ""il devrait la refaire"" ""OUUUIII"" ""j'ai mon bouon qui commence a s'enlever aussi "" ""la tombé de la balle a mis un peu d'ambiance "" ""je prefere acheter autre chose"" ""autant pour moi, je croyais que c'etait plus tard que ca "" ""ahh y'en a un avec l'écran tactil qui a l'air pas mal"" ""haha"" ""apres faut juste que l'autre personne veuille bien faire la meme"" ""mais on a commencé vachement tard..."" ""j'ai une amie qui l'a fait je crois"" ""ahh"" ""*sortent "" ""non"" ""hahha"" ""hahha"" ""mais c'est moins "" ""oui"" ""je sais plus quoi dire hahah"" ""voyager..."" ""Je me demande quelle est l'hypo derriere celle ci "" ""c'est trop bien les 5euros "" ""XDDD"" ""hhaa"" ""hahahha"" ""oui"" ""on peut plus avoir une bonne conversation "" ""heheh"" ""si on met 25.5"" ""c'est cool ca "" "":P"" ""et puis apres tu sais pas ce que l'autre va faire"" ""on essaye d'autres combines, si on arrive pas a mieux on reste sur 25.5"" ""XDD"" ""déjà qu'on est en conversation interposée"" ""genre pas francais"" ""mon cerveau est en mode vacances "" ""j'avoue"" ""c'est vrai ? "" ""oui j'avais vu "" ""je n'ai pas le droit de dire "" ""haha mais c'est pas mal"" ""C'est pour leur thèse ou la recherche ? "" ""Hahah"" ""hahha "" ""tous dans la meme merde "" ""oui, ca va être long ! "" ""la plus marquante ? "" ""travaille d'équipe c'est tjrs mieux"" ""je savais pas qu'aux US c'etait a l'opposé de la france "" ""c'est cool de pouvoir travailler avec d'autres eleves"" ""je dis pas non a 17euros pour taper devant un ordi"" ""Presque terminé"" ""mais ca fait 5 ans "" ""avec 26.1 on a 41.9"" ""c'est un des nouveaux à 400 euros ? "" ""smiley d'aillleurs ? "" ""bon 27 sur 30 on devrait survivre"" ""il y a une à la fin il y avait des calculs mentales à faire mdr"" ""société de consommation quand tu nous tiens --'"" ""t'as essayé?"" ""sinon c'est souvent à plusieurs"" ""Bonjour"" ""moi non plus c'est une pote qui les faisait toujours comme ça"" ""ouais je comprends"" ""Je pense que pour qu'on gagne tous les 2 le maximum il faut qu'on mette 14 chacun"" ""je pensais pas aux nombres entre ceux qui nous étaient donné"" ""t'es d'accord?"" ""ouais mais ça te permettait de gagner un peu plus"" ""non 40 au lieu de 30 (39 même mdr)"" ""moi aussi au début j'étais là genre faut se dépêcher !!!!!!!!!!!!!!!"" ""yep"" ""xD"" ""ouais enfin :p"" ""au moins on se serra tenu compagnie"" ""ouais mais bon "" ""Là on va faire 12 + les 5 de déplacements"" ""pareil sur iphone si tu fais ça :)"" ""d'habitude déjà tu peux pas leur parler donc tu sais pas ce qu'ils vont faire :/"" ""On met tous les deux 25.5"" ""il te fait pas l'emoji"" ""franchement c'est mieux que les 45 mins sur internet de la dernière fois"" ""avant dernier :)"" ""ouais ce serait marrant de regarder le fichier de récompenses vite fait à la fin"" ""ce que j'ai jamais compris"" ""propose je te suis"" ""mais bon je pourrais pas te dire "" ""tu rates rien"" ""on est tous étudiants"" "":p"" ""j'ai fait des tests après 25.5 ça diminue"" ""moi j'en avais un"" ""pour le prix j'ai été déçue"" ""faut rester sur 25.5"" ""ouais :/"" ""ça te va?"" ""c'est pas aussi perfectionné qu'on veut nous le faire croire"" ""ouais"" ""ouais c'est ça :p"" ""mais comment t'as su au fait pour 25.5?"" """" ""41.94 avec 25.5"" ""c'est plus"" ""moi j'ai juste analysé le tableau"" ""j'ai entendu ça la dernière fois que je suis venue"" ""ça durera jamais jusqu'à 16h30"" ""c'est la fille qui racontait ça"" ""restons comme ça on prend pas de risques au moins"" "":)"" ""c'est ta première fois dans ces expériences?"" ""derniiiiiiiier !!!!!!!!!"" ""et on sort enrichis :D"" ""ouais "" ""écran tactile normal assez grand"" ""mais au moins on est pas seuls face à notre ordi cette fois"" ""on peut discuter mdr"" ""on peut toujours parler après je sais qui tu es mouahmouahmouah"" ""dès le départ tu voulais te mettre d'accord avec l'autre du nombre à mettre c'est ça?"" ""c'est cool ^^"" ""t'as fait l'expérience où il fallait passer 45 mins sur internet toi?"" ""les autres ils sont trop sérieux et nous on déconne depuis le début :p"" ""ouais t'as raison les smileys faits maison c'est pas top :p"" ""ça c'était chiant :p"" ""et pas de composés recyclés et recylables"" "":-P"" ""ok"" ""heureusement que t'as trouvé le truc dessuite au moins on perd pas des sous ^^"" ""bof"" ""c'était il y a une semaine ou deux je sais plus"" ""il est sorti il y a longtemps je crois"" ""je vois ton écran"" ""en plus moi j'ai fini les partiels donc ça empiète sur rien du tout"" ""6 sur 30 --'"" ""*coucou avec la main*"" ""(:"" ""c'est pas cool de gagner au détriment des autres"" ""on peut envoyer des messages vides mdr :O"" """" ""ça te laisse perplexe mdr"" """" "":p"" ""pour tester leurs hypothèses sur l'économie"" ""comme quoi les gens ne prennent pas forcément les décisions les plus rationnelles je crois"" ""grave :("" ""tu gagnes des sous à rien faire c'est sympa :p"" ""et le bouton de verrouillage au-dessus il finit par plus marcher comme sur le normal"" ""et d'annuler nos gains :("" ""miss you mdr"" ""on peut faire une bataille de smiley d'ailleurs si tu veux "" ""payé 180"" ""je sais que t'as des éléphants sur ton t-shirt"" ""pas faux"" ""les autres sont en train de faire des tests"" ""moi je viens souvent"" ""non plus"" ""je suis un peu folle sur les bords"" ""on arrive presque à la moitié"" ""ahah"" ""bon on en dit pas trop sinon il risque d'arrêter le truc"" ""c'est vrai"" ""ouais normal"" ""j'ai vu ça"" ""c'est le classique c'est ça"" ""ah d'accord"" ""ouais surtout si t'es de st jean"" ""ouais les gens sont très réactifs à chaque nouvel expérience"" ""l'un des premiers?"" ""mais les smileys américains c'est juste les notres à l'envers mdr"" ""parce que tu gagnes au moins 5euros fixe"" ""on verra bien :p"" """" ""mdr"" ""la dernière fois c'était par groupe de 5"" ""euh il y a eu pas mal"" ""alors que celui dont je te parle c'est un vrai bouton"" ""parce qu'il beuguait quand même"" ""xD"" ""pas un bouton intégré"" ""c'est un smiley américain ça"" """" ""mais moi mon tel en a pas des masses"" ""ah ok"" ""grave"" """" ""moins d'app mais bon"" ""on en a tous besoin"" ""ils ont des tableaux de gains potentiels immenses sur leurs écrans"" ""moi je veux repasser sur blackberry mais 400e celui que je veux"" ""ouais surtout pour parler"" ""et je lui ai demandé pourquoi, si elle voulait faire son intéressante mdr"" "":p"" ""on a que ça a faire "" ""la plupart du temps c'est une question de chance"" ""comme les autres blackberry"" ""alors que moi souvent j'essaye de faire en sorte qu'on gagne autant"" ""mais écran tactile en plus du pavé tactile et de toutes les touches mais c'est pas le torch"" ""pas encore?"" ""ouais"" ""j'avoue"" ""et puis j'ai eu des potes qui l'ont eu et qui ont des soucis avec"" ""^^"" """" ""et souvent c'est chacun pour sa pomme"" ""mais j'ai un windows phone et j'en suis contente"" ""mdr"" ""blackberry curve"" ""moi au bout d'un ou 2 ans je me lasse des téléphones"" ""recyclables*"" ""je te comprends"" ""mais moi j'ai pas de bol avec les tels c'est différent :p"" ""ouais normal moi il marchait plus"" ""le torch est pas mal aussi mais le côté coulissant ça pète"""
1,0,0,"""par exemple 25 25"" ""je choisis 15.6 et toi 20.3?"" ""ok"" ""je me disais qu'au pire si jamais on trouve pas on peut toujours faire la combinaison 22 et 22"" ""13 et 13?"" ""par exemple on cherche la combinaison qui rapporte le plus et on l'utilise à chaque fois"" ""ok"" ""du coup on reste sur 25.5?"" ""28 et 28?"" ""choisis 19 et moi je choisis 14"" ""c'est encore mieux si on fait 25.5"" ""un multiple de 2?"" ""là par exemple c'est mieux 22 et 22"" ""14 et 14?"" ""je fais 18.5 et toi 19?"" ""le tien"" ""si tu choisis 20 et moi 16 c'est bon"" ""ok"" ""20 et 20 c'est meiux ?"" ""je chois 15 et toi 20 ?"" ""25.5 et 25.5?"" ""D'accord ça me va"" ""ok"" ""23.3 et 23.3?"" ""28 et 28 ?"" ""parfait 25 et 25"" ""ok"" ""15 et 15?"" ""22 et 22?"" ""comment ça un multiple de 2?"" ""daccord "" ""25 et 25 c'est un peu mieux "" ""ok"" ""Si tu fais 28 et moi 18 on aura le max de points"" ""oui on reste sur 25.5 tant que personne ne trouve mieux """
1,1,0,"""met des grands nombre non?"" ""met 28 "" ""oui c bon"" ""au pire met 28.0 jusqu'a la fin"" ""je sais pas"" ""combien cette fois "" ""on met a partir de combien "" ""ok"" ""ok "" ""on garde le 28"""
1,1,1,"""21 chacun"" ""18"" ""ah merde pardon met 22"" ""autant 25-25 pour le dernier +de point"" ""j'ai rien compris"" ""je met 20"" ""bah après dans le truc de décision c'est chacun son choix non? "" ""ok!"" ""24 plutot"" ""on a qu'a mettre tout lme temps 25"" ""toi?"" ""on remet 23?"" ""je crois qu'il veut pas qu'on se mette d'accord sur le chiffre dans la décision"" ""je met 18 tu met 28? "" ""c'est bon on fait ca "" ""a partir de maintenant on fait chacun met ce qu'il veut ahah? sinon c'ets pas marrant "" ""y 'avis pas de combi avantageuse avec 12 si tu mettais 132"" ""12"" ""non ! la oui on peut discuter mais après dans le deuxième étape c'est chacun pour son cul "" ""on peut se mettre d'accord sur les numéros à mettre ? "" ""c'est ca le but du truc ahah "" ""sinon 25"" ""j'essaie avec les chiffres impairs"" ""12"" ""des deux cotes"" ""ok pour 15"" ""j'ai mis22 ? je croyais avoir mis 23?"" ""ok!"" ""parce que le amx de point tu le fais que quand tu met pas pareil que' l'autre"" ""j'ai pas capte"" ""je met 10"" ""yes"" ""c'est bon je cherche"" ""16"" ""c'\qest pour ca qu'il dit prenez une décision il voit ce qu'on fait sur lordi "" ""il dit de prendre une décision tu dois mettre ce que tu veux dans l'ayutre étape"" ""c'est le dernier je mettrai 25"" ""on peut faire une combinaison ou on gagne plus de points la "" ""allez on essaie"" ""faut trouver la combi qui nous fait gagner un max de point "" ""bizarre sur le tableau tu gagnes"" ""26-26"" ""oui!!"" ""oui mais il dit depuis tout à l'heure de prendre une décisionj "" ""ouai c'est bon!"" ""je jure "" ""23"" ""ok on tente"" ""25 ? je ne trouve pas d'autres combinaisons avantageuses oiur nous deux"" ""oui"" ""ok"" ""si on met le même nombre on a plus de points..."" ""ok"" ""sur ?"" ""j'essaie mais si on ne trouve pas on met 25"" ""25 tous les deux ?"" ""pourquoi tu n'as pas mis pareil ?"" ""on met à nouveau le même nombre ?"" ""ok"" ""ok ?"" ""si on met tout les 2 25 on peut gagner plus tout les 2"" ""le but est de se mettre ok pour gagner un max de points  non ?"" ""ok"" ""ok tu mets combien là ?"" ""combien mets tu ?"" ""ok"" ""ok"" ""je mets la même chose que toi"" ""j'ai compris le msg"" ""ok"" ""non je perd"" ""j'ai eu un soucis technique lais j'ai rentré 25"" ""oui tu as mis 22"" ""on met 28 ?"" ""12 et 12 maintenant c'est sur ?"" ""met 12"" ""on fait pareil ? 23 pour nous deux ?"" ""tu mets combien ?"" ""ok"" ""ok 24"" ""on fait pareil ?"" ""pardon j'étais persuadé que tu allais mettre moins"" ""je met 22 tu mets 23 ? comme ce que tu viens de faire ?"" ""on met le mêm nombre"" ""on met 25 tout les deux"" ""et toi ?"" ""donc on met 23 tous les 22"" ""tu proposes quoi ?"" ""si on gagne 22.33"" ""je te propose 12 et 12 ok ?"" ""ok"" ""le tableau est faussé je pense car avec les calculs de gains tu vois mieux ce que tu gagnes"" ""je te propose 20.0 pour nous deux"" ""tu proposes quoi ?"" ""on met 15 ?"" ""je te propose 12 et 12"" ""je met 12"" ""je met 24"" ""ok pour ce que tu as dis"" ""on met 20 ?"" ""on gagne 38.68"" ""12 et 12 on limite les risques"" ""ouai mais je ne te fais pas confiance..."" ""23 ?"""
1,1,0,"""pareil"" ""pareil"" ""pareil"" ""pareil"" ""pareil"" ""pareil"" ""pareil"" ""pareil"" ""ok"" ""pareil"" ""pareil"" ""on fait pareil"" ""pareil"" ""pareil"" ""prend 28"" ""pareil"" ""pareil"" ""pareil"" ""pareil"" ""pareil"" ""pareil"" ""rebelotte"" ""pareil"" ""Prend 28 et je prend 20"" ""ok"" ""26"" ""pareil"" ""ok"" ""pareil*"" ""non parce que moi ca me fait gagner que 2 si on fait comme tu dis"" ""ok?"" ""yes"" ""idem"" ""oui"" ""yes"" ""on met tous les deux 28?"" ""pareil"" ""oui"" ""oui"" ""yes"" ""idem"" ""ca nous fera gagner le max possible à chaque période"" ""pareil"" ""et personne ne gagnerait moins"" ""on gagnerait pareil"" ""idem "" ""26 tous les deux à chaque fois"" ""tu devrais lettre 28 et moi 18"" ""oui"" ""oui"" ""mettre"" ""pareil"" ""oui"" ""il faut regarder le tableau pour trouver les meilleures combinaisons"" ""ac chaque fois"" ""oui"" ""idem"" ""pareil"" ""pareil"" ""ecoute il faut qu'on mette 26 tous les deux a chaque fois"" ""alors que si on met tous les deux 26 on gagne pareil"" ""oui"" ""oui"" ""on fait pareil jusqu'a la fin"" ""pareil"" ""toujours pareil"" ""pareil"" ""en fait il faut qu'on choississe le meme nombre"" ""donc tous les deux 26 ok?"" ""oui"""
1,1,1,"""mdrr c'est sur..."" ""encore 2 !!!"" ""allez, un petit dernier :p"" ""oui, ca c'est parfait ^^"" ""on reste sur ca ? :)"" ""tellement pas dans l'originalite mais c'est la meilleure solution pour gagner tte les 2 "" ""la j'ai perdu des points"" ""je pense qu'on final tu vas avoir entre 15 et 17 :)"" ""et toi entre 6 et 28"" ""d'acc je vais le faire alors"" ""non 28"" ""on refait ?"" ""enfait faut attendre tous les autres je pense"" ""on aurait fini depuis longtemps XD"" ""moi je choisis des nombres entre 8 et 20"" ""26"" ""on a fait 1/3 de l'experience !!!"" ""ca risque d'etre long mdrr"" ""ouiiii"" "":)"" ""je croyais que c'etait le dernier mdrr"" ""ouiiiii"" ""oui, un peu trop... 10 fois aurait suffit"" ""plus que 4 !!"" ""et la on est a la 8eme"" ""bonjjour"" ""oui parfait 26"" ""a non t'as raison"" ""mdrr"" ""c'est long quand meme..."" ""pour gagner tous les 2 un max il faut jouer 28"" ""ohhh"" ""il y a 30 périodes"" ""apres ca c'est fini l'experience tu crois ?"" ""oui voila :)"" ""mdrr ouii"" ""tellement, on moins on l'apprecie"" ""oui"" ""non non pas question la mdrr"" ""on joue tous les deux 18 c'est bon ?"" ""oui c'est la meilleure solution pour qu'on gagne tous les 2"" ""28 pour tous les 2"" ""pardon"" ""mdrr ouii"" ""ca va on a pas a se plaindre si c'est ca ^^"" ""c'etait quoi ta derniere phrase ? :s"" ""Exactement !!"" ""on peut pas aller plus vite..."" ""bon ca va alors :p"" ""parfait"" ""bon celui la c'est le dernier"" ""c'est marqué en haut a gauche"" ""enfin hihiii"" ""grave mdrr"" ""plus que 10 !!!!"" ""okay"" ""mdrr"" ""hihii"" ""parce qu'il est que 11h la.."" ""on est a la moitié !!! "" "":)"" ""c'est clair"" ""il y a combien de periodes ?"" ""mdr"" ""je crois que si t'appuie sur terminer dialogue ca passe plus vite"" ""plus que 15"" ""ok"" ""on refait 18 pour moi et 28 pour toi ?"" ""oui"" ""alors"" ""presque fini !!"" ""je l'avais pas prévu celui ci"" ""pour qu'on ait 68.21 poinyd "" ""tu veux qu'on fasse comment la"" ""répétitif"" ""il fallait etre motivé mdr"" ""26 regarde "" ""ahah"" ""ils devraient mettre une option pour qu'on puisse garder la meme stratégie jusqu'a la fin"" ""oui j'ai fait le meme calcul ca fait 17 je pense "" ""parce que nous on a pas fait dans l'originalité ahah"" ""franchement c'est cool"" ""grave"" ""exactement "" ""26"" ""plus que 5 !!!"" ""on reste sur 26 "" ""ok ahah"" ""mais j'ai pas compris pourquoi on perdait si on mettait pas le meme chiffre"" ""imagine apres ca repare de zéro"" ""faut se dire que plus de periodes ca fait plus de points donc plus de sous ahah"" "":p"" ""la moitié "" ""on le savoure"" ""oui j'ai pas compris"" ""c'est clair "" ""ahah "" ""ok"" ""ahah la meme"" ""on fait 26 jusqu'a la fin ok ?"" ""ahah celui la on  l'avait attendu"" ""parfait"" ""c'est le max dans le tableau"" ""c'est clair mdr"" ""notre but c'est d'avoir un max de points donc il faut que mon choix soit de 18 et toi de 28"" ""ok"" ""mdr"" "":p"" ""attend on y est pas encore mdrrr"" ""ouiiii"" ""ah oui . je pensais ahah"" ""restons positives"" ""yeaaah"" ""ok"" ""ce qui est bien c'est qu'on a mis en place notre stratégie des le début "" ""mieux que le smic"" ""bonjour"" ""mdrrr"" ""yes"" ""tqt je pense fini "" ""oui sur sinon ils nous auraient mis d'autres instructions je pense"" ""on en voit le bout"""
1,1,1,"""Ok "" ""D'acc je mets 24"" ""Alors on fait ça jusqu'à la fin ?"" ""A ton tour, je mets 20 et toi 28 d'accord ?"" ""Oui je suis d'accord"" ""Moi je trouve ta vitesse très convenable en tout cas"" ""Ils vont calculer ce qu'on gagne en fonction de nos choix aussi, pas forcément que le total"" ""après je peux me tromper mais leurs expériences se basent souvent sur ça, ils te paynt en fonction de critères un peu flous"" ""ahaha"" ""On continue comme ça ? "" ""Comme tout à l'heure tu mets 28 je mets 18"" ""Oui !! "" ""Moi non plus"" ""Dans ce cas mets 16, je taperai 28"" ""Si j'avais une calculette je pourrais oui"" ""Ou alors quelqu'un qui écrit à 2 à l'heure sur l'ordi"" ""non ça me fait -7 à moi"" ""en fait à chaque fois je fais terminer le dialogue mais il faut attendre que les autres terminent"" ""Mamamia"" ""Je m'étais trompée, donc on refait tu veux que je mette combien ?"" ""on fait la même ?"" ""Oui exactement n'empêche imagine tu tombes sur un teubé qui ne comprends rien.."" ""tu avais dit quoi je n\qai pas eu le temps de lire"" ""tu n'aimes pas l'orthographe c'est pour ça que tu dis ça  ?"" ""Ahaha"" ""Oui j'ai vu ça on doit chercher ensemble la meilleure tactique pour gagne le tplus"" ""Ok"" ""C'est clair ^^"" ""J'en t'en prie ahaha au point on où en est un compliment n'est pas de refus.."" ""J'ai déjà des crampes aux doigts mdr"" "":P"" ""Il veulent voir si on se fait des coups de crasse ?"" ""à la longue on gagne plus"" ""ah non non"" ""tiens*"" ""D'accord"" ""Olalala"" ""Oui on refait 22/22 ^^"" ""Mes gains au total ?"" ""Moi de même"" ""Je regarde depuis tout à l'heure et oui je pense qu'on a la meilleure"" ""Oui oui je comprends :P"" ""oui"" ""oh bin tiens on fait 22/22 au moins on gagnez la même somme"" ""Mon dieu.."" ""Bonjour si tu veux je  peux te faire gagner des gains ce tour et l'autre tour tu en gagneras ?"" ""Tines bon !"" ""alors re-adios amigo"" ""mdr"" ""Non je n'ai pas l'impression"" ""D'acc"" ""au final on gagnera plus"" ""Oui oui sinon il y en a forcément un qui morfle dans les autres cas"" ""Bon et bien aurevoir ^^"" ""Je crois que26/26 c'est le mieux pour nous deux"" ""Je mets 28"" ""Ok"" ""gagne*"" ""Oui"" ""Oui j'en ai fait mais pas de ce genre"" ""je sais meme plus quoi dire"" ""et le tour d'aprés on inverse ?"" ""Ah oui?"" ""Mdr"" """" ""ca fait un gain chacunne de 41.91"" ""genre une gagne 58.72 et 21.61"" ""Trop drôle"" ""oups"" ""mdr je te remercie"" ""Si on termine le dialogue ca ira plus vite?"" ""Mdr"" ""Oui"" "":P"" ""ouais"" ""Plus que 4"" ""On met quoi?"" ""f"" ""pcq en 2 tour on faisait 80"" ""désolé por les maj"" ""T'as essayé de calculer tes gains?"" ""bon bah 26 26 moi ca me va"" ""Ouos"" ""le but c'est de gagner des sous :P"" ""Plus que 14 haha"" ""Ouais heureusment ^^"" ""26/26"" """" ""mdr ca veut rien dire"" ""On s'est mal compris haha"" ""pour celui la 26/26 c'est bon?"" ""?"" ""En tout cas 26/26 c'est le meilleur compromis je pense"" ""24/28 sur 2 tour inversé"" ""On peut faire linverse mtn"" ""Ah ouais,  celui dernier etaient looooong"" ""Adios amigo"" ""mdr"" ""Ouais ca me va"" ""Mdr bon vent moussaillon "" ""aucune idéé"" ""mdr"" ""L'inverse?"" ""j'écrit pas bien vite"" ""\qun peu flou\q m"" ""aucune conversation mdr"" ""je met 24"" ""OUI C4EST BON"" ""je met 22"" ""en fait c'etait plus interessant 2626"" ""et meme tauras plus confiance"" ""C'est mes fautes qui font peurs"" ""tu mets 28"" ""mAIS CA ME FAIS - 7"" ""Mdr un per"" ""Il faut !"" ""Tu crois quon a la meilleure combine?"" ""Mdr pas le temps de reflechir a la bonne conjugaison et les fautes de frappes!"" ""j'avais pas vu il y a 30 tour !!"" ""mdr pas de tete"" ""ouais c'est bon"" ""Bah si tu met 22 et moi 28 ca te fais quand meme un gain positi"" ""On a pas finis"" ""Dernier"" ""ouais"" ""Donc vaut mieux un truc a l'amiable :P"" ""on refais la meme?"" ""ouais"" ""Tu las deja fait avant?"" ""on met 22 / 28?"" ""T'aurais plus confiance et dans tous las cas j'aurais besoin de toi pour mettre le bon num"" ""dacc"""
1,1,1,"""cets marrant parcke au debut on testai ala waneguène "" ""on tente la pro ?"" ""une telle symphonie de clavier dasn la salle!"" ""tout nos gestes sont surveilés"" ""le temp imparti ma coupé la chik"" ""de quoi"" ""oh oui!"" ""le modele de la micro economie social un truc comme ca je crois"" ""belle journéé hein"" ""vivie la plage"" ""je me sens tellement pas bien si je dejeune pas moi"" ""la gestion des ressources monetaire "" ""bientot les vacances"" ""je suis deja en vacance !"" ""et on a atteind le seconde tier :("" ""c'est carrement ca enfaite aha"" ""c'est bien marrant "" ""j'ao faim"" ""pour comencer tu gagne "" ""je me rends meme plus compte que je le fais"" ""24 et 26 ca fait pas gagner grand chose ne plus ouais"" ""oh dure"" ""equipe aha"" ""lambiance y est"" ""il faut prendre le temp"" ""jai pas compris votre dernier sentence"" ""on s'en sortira avec a peu pres 12euros chacune au final ^^"" ""jme leve 1h avant le debut du cours a chaque fois"" ""je disais que cetait lexperience la plus marrante aha"" ""on recolte les poinpoints avec nos 26"" ""ouais ok"" ""ouais"" ""encore quelque ballade de chiffre ensemble"" ""donc entre 18"" ""bonne chance!!!!"" ""pas de routine pas de gagne "" ""il faut rester forte"" ""a un moment jai faili me tromper de nombre "" ""on continu ?"" ""franchement je sais pas comment on pourrai améliorer notre tecnik"" ""bientot le second tiers"" ""yes youre right"" ""plus que trois periode :0"" ""ta entendue ?"" ""on refait du 26 aha ?"" ""le monde va arrter de tourner "" ""cets passe vite dun coup comme ca"" ""ca veut dire quil ya des equipes qui ne sont pas des gaganantes ?!"" ""pour avoir le max de gain"" ""et celle la la plus cool"" ""des courbe d'exceptions"" ""68.21 la"" "":(((("" ""on doit leur couter quand meme"" ""mais a ytour de role ca devrait le faire"" """" ""tout va changer"" "":("" ""cest devenu automatique le 26 aha"" ""aaah dac "" ""mais il doit pas vrm savoir qui est qui"" ""faut se ruer sur ec lavbier"" ""mieux que les plantes et les fourmis"" ""pluq eu 2min24"" ""23"" ""20"" ""de notre relation"" ""ouais grave :D"" ""le temps passe vite..."" ""jms le tps qulque chose x)"" ""remarque cest le plus avabtgaeur enfait"" ""ce sont des competence que je nai pas"" ""oui grave"" ""cest vrai "" ""quelque une oui"" ""ca pourrait logike en plus "" ""parce que le 18 et 26 fait gagner a chaqun maissoit 5 ou soit 60 et quelque"" ""oui pourquoi aha"" ""aha oui aussi "" ""mais ca c'était avant la routine"" ""oui avec ce nombre si parfait"" ""toujours !"" ""jadore le 26 et vous ?"" ""ils sont pas gentils :("" ""si on se reparti a tour de role le plus gros gain "" ""ouais le jepense"" ""ca me stress"" ""cest pase vite la "" ""de telle sonorité chriffrale "" ""quelle equipe !"" ""le dernier tour"" ""ca serait marrant"" ""lautre perd 7.56"" ""ce fut un tres bon moment"" ""ahh"" ""et quand on a vu quon perdait "" ""bonne chance pour ton orla demain!!"" ""cest longuet n'est ce pas"" ""il faut choisir le meme choix"" ""dommmmage pour eux "" ""le temps"" ""quele belle routine"" ""un dernier 26 ensmeble"" ""merci toi aussi ^^"" ""cets la vie"" """" ""tatati tatata"" ""yeah !"" ""ma routine matinale ! "" ""la 28 aussi"" ""ouioui"" ""8"" ""ahah"" ""je demande si les autres font aussi la tactik du 26"" ""jamais on fait juste une pause 3:)"" ""5"" ""bonne temperature"" ""c'est fatiguant pour la cervelle de répéter les meme gestes éhé"" ""aha"" ""cets pa fau"" ""gppdbye!"" ""un tableau que de 26. c'est si émouvant"" ""5"" ""il nous observe"" ""(c'est pas allé plus vit e?)"" ""gg"" ""oui oui xD"" ""haaa oui oui ^^"" ""chaud pour la nouvelle session de speed dating ? haha"" ""il commence à faire chaud "" ""tu penses qu'il a le tableau récapitulatif ? "" ""naaa faut pas dire ca. j'ai pas pris de petit dej :'("" ""naa"" ""1min5"" ""ou juste les clics des gens"" ""ce chiffre me passione"" ""si ca se trouve on massacre son exp"" ""a faire tjs pareil xd"" ""bonjour"" ""the last one"" ""rien que de le prononcer"" ""konichiwa"" ""ha bah fallait prevenir aussi ds les consignes qu'on a pas le droit de choisir tjs pareil"" ""pas notre faute (a)"" "";'( "" ""bonsoir"" ""bientot un tiers "" ""yeaaha merci !"" ""si tu veux "" ""c'est vrai que ca doit leur couter"" ""hahah oui il m'en faudra "" ""laligne 18 est la plus avantageuse"" ""ouais ^^ "" ""je crois que c'est l emieux de continuer a faire 26 sur deux tours ca nous fait 80 en tout"" ""26 always wins !"" ""ha!"" ""10 haha"" ""le syndrome de la page blanche"" ""ou pas xD "" ""nous y sommes"" ""7"" ""oui "" ""je vis dans le danger"" ""c'est le signe du déclin "" ""4"" ""je suis deçu"" ""nooooon"" ""au final c'est plus une exp du style : apprend à parler ac un inconnu"" ""avec le meme choix on gagne mieux ac la ligne 26"" ""me reste un oral demain :( "" ""un temps estival !"" ""ho mon dieu"" ""ya aussi le 24 et le 26 ensemble qui font gagner quasi la mm chose"" ""briser une symbiose pareille"" ""on refai le26"" ""allez soyons fou !"" ""enfait je crois qu'on fait gagner 0.5 de plus"" ""jms le tps le matin xD"" ""haaa"" ""ce n'était pas gentil"" ""aussi"" ""j'ai dit quoi deja ? "" ""ca alors"" ""poisson rouge bonjour"" ""de meme"" ""hum nop du cou^p sur deux tours ac la premiè-re technique on gagne pas autant"" ""haaaa jamais le temps de déjeuner le matin"" ""chacun sa routine tt compte fait ^^ "" ""meme plus on demande"" ""je me lève genre juste à tps pour arriver à l'heure"" ""notre routine s'est installée"" ""yeaah"" ""un vieux couple :'( "" ""3"" ""heeeey"" ""il ne faut pas rompre cette routine"" ""c'était fort sympa en tout cas ^^ "" ""on fera le décompte final tt à l'heure xD"" ""alr que si on fait un coup +68 et un -7 on gagne pas autant"" ""ca doit bien faire rire le gars"" ""les vacances sont proches !!"" ""pourquoi changer une équipe qui gagne ? "" ""6"" ""beau temps"" ""d'arriver en retard chaque matin"" ""au vu du temps qui nous est imparti"" ""c'est ca genre les premiers sont des beaux fails xD"" ""j'aimerai savoir ce qu'ils testent vraiment"" ""je propose le 26"" ""du jamais vu !"" ""2"" ""ils veulent nous séparer encore plus rapidement :o"" ""la fin d'une histoire"" ""ya plus chiant "" ""une entraide et une entente merveilleuse xD"" ""mais le 24 et 26 sur deux tours, ca te semble mieux ? "" ""pour la technique je vois pas d'autres trucs "" ""je vais pas m'en remettre :(-"" ""étape 7 sur 30"" ""ils devraient avoir honte"" ""qd mm une bonne heure d'exp"" ""hum c'est une bonne question "" ""une minute c'est court qd mm pour écrire xd"" ""je pense qu'il faudrait mieux qu'on l'on commence les aurevoirs dés maintenant"" ""déja la moitié comme le tien passe vite"" ""très important"" ""rien ne va plus"" ""c'est plutot pas mal pour m'avoir faire levé tot "" ""je suis très nul en calcul mental xD"" ""et profite bien de tes vacances"" ""oui un peu redondant"" ""la météo annoncait de la pluie"" ""haha"" ""8"" ""bientot la séparation, le divorce, les avocats"" ""1"" ""toujours ! :D"" ""heureusement qu'il y a le tchat sinon ce serait ennoyeux"" ""je me sens espionnée"" ""ouais mais faire venir des étudiants. sur des expériences pour choisir de l'argent"" ""mais on s'y fait "" ""comme on se retrouve"" ""hum 20 min à peu près"" ""9"" ""et les abeilles !!"" ""haa t'en as déjà fait bcp d'autres ?"" ""forcément ils vont vouloir en gagner"""
1,1,0,"""ok j'ai pas compris le truc de 27.9"" ""oui"" ""28 ça nous fait genre 0.20 de moins"" ""j'abandonne à trouver mieux"" ""oui à peu près"" ""mais ok"" ""on essaye 26?"" ""ça te av?"" ""on gagne 0.10"" ""les deux?"" ""24.5"" ""on met tous les deux 10"" ""Je trouve pas de meilleur combinaison pour nous deux"" ""enfin on peu continuer à chercher"" ""j'avoue"" ""on continue 25.3?"" ""nan ça nous fait moins"" ""C'est pareil "" ""oui"" ""Non "" ""pareil pourtant j'essaye pas mal de truc depuis tout à l'heure"" ""va pour 26"" ""ok"" ""ok 27"" ""faut qu'on coopère"" ""On essaye$"" ""moi j'vois moins pourtant"" ""25.6?"" ""je trouve rien de mieux"" ""on continue comme ça pour ce round je pense"" ""j'propose qu'on continue comme ça mais on chercher quand meme si on trouve mieux"" ""toutes les deux"" ""meme 26 toutes les deux c'était mieux"" ""exacetement !"" ""ok"" ""aller"" ""on mets 28"" ""25.3?"" ""on va rester sur 27 je pense"" ""ah non "" ""essaie 27.9 on gagne un peu plus"" ""moi non plus*"" ""moi non plus"" ""on reste la dessus jusqu'a la fin je pense"" ""oui"" ""on est d'accord .."" ""ok"" ""on met 21 "" ""je trouve vraiment pas mieux .."" ""40 et quelques ?"" ""27.9"" ""?"" ""ouais"" ""aller"" ""on vient de gagner combien la ? "" ""oui oui"" ""toutes les 2"" ""on met 26 ?"" ""met 26 et je mets 16"" ""27 meme"" ""ok"" ""On doit comuniquer sur les chiffre qu'on met?"" ""yen a toujours une qui gagne moins sinon"""
1,1,1,"""je pense qu'on gagne plus"" ""En faisant 26/26 on gagne quelques centiemes de plus"" ""oui: moi 28, toi 26 puis on inverse"" ""on fait encore un tour en 28/26 pour l'inversement puis on passe à 26/26?"" ""je pense que logiquement, par rapport à la construction du tableau, c'est le mieux"" ""25/25 : ça nous fait 83.82 au bout de deux tours"" ""ils ont pas mis sur le tableau les chiffres impairs - bien trouvé!"" ""Oui, ça nous fait à peu près 80 centimes par tour"" ""pas de soucis, moi aussi!"" ""cette foic-ci on inverse"" ""je pense aussi"" ""26/26"" ""moi 24 et toi 28 donc?"" ""je pense que avec 28 et 26 on gagne pus"" ""Sachant qu'on inverse, il faut ajouter les deux gains pour voir ce qui est le plus avantageux"" ""On gagne 0.03! "" ""Mais pour la fois d'après, o gagne plus avec 25/25"" ""25.5/25.5"" ""toi 25 moi 26 alors"" ""oui ;)"" ""Comme ça en plus c'est plus facile, moins de chances de se tromper"" ""ok"" ""je te propose d'inverser nos choix cette fois-ci"" ""Moi aussi, je recherche éperduement une meilleure combinaison"" ""ok "" ""moi 28 toi 24"" ""restons sur 25/25 quand même hein"" ""Pas de soucis ;)"" ""exactement"" ""au final 25/25 et 26/26 c'est pareil... Je comprends pas trop pourquoi"" ""Mais moi aussi j'ai eu des soucis au début, je ne regardais pas le tmps"" ""non"" ""oui"" ""alors que 25/26 ca fait 83.66"" ""pour équilibrer un peu, puis on réfléchis à une meilleure stratégie"" ""yes ;)"" ""hahaaa et moi qui essayais de frénétiquement calculer avant que le temps n'expire"" ""et on inverse"" ""ou bien moi 18 et toi 28, ça donne 68 !"" ""ok tu commences avec 28 ;)"" ""moi je savais plus lire un tableau.. c'est vrai que 1minute ça passe vite"" ""Ok ! Oui exactement"" ""ça fait 83.99 en tout"" ""je suis nulle"" ""on fait 28 et 26 ?"" ""donc je fais 28"" "":("" ""moi 28 maintenant donc ? et toi 26 ?"" ""si je fais 24 et toi 26 on gagne 50 points non ?"" ""1 vcentime en plus haha"" ""je fais 28 !"" ""on reste sur ça j'ai l'impression qu'on pourra pas faire mieux !"" ""ouaip !"" ""tu as raison"" ""désolée je suis longue j'essaye d'autres combinaisons à chaque fois "" ""on est pas trop mal quand meme ! meme si j'ai merdé au début haha désolée"" ""excuse moi je sais pas compter haha"" ""oui ^^ "" ""d'accord et on inverse comme d'hab ;)"" ""Ah oui voila !"" ""ok ??"" ""si je fais 10 et toi 14 je agne 23 et toi 18, si on inverse à chaque fois on peut gagner pas mal et pareil ?"" ""allez ^^ là on recommence une periode ?"" ""Ouais ! je pensais pas aux décimales bien joué"" ""je perds espoir haha"" ""25.9 !!"" ""ah oui !"" ""comme tu m'as dit non j'ai fait autre chose pour qu'on gagne chacune un peu :s"" ""en fait on eprd 2 centimes"" "":)"" ""j'ai calculé en comparant avec 25"" ""après cette période si on fait 25/26 on gagne encore dez centimes mais y a le risque de se tromper... comme tu veux"" ""oui j'ai vu c'est bizarre"" ""oui d'accord ça me va ;)"" ""(là de sur on fait 26/26)"" ""ok !"" ""désolée encore une fois "" ""je vais faire 28 mais en attendant je cherche un truc qui gagne plus ;)"" ""on revient à 25.5 ?"" ""oui!"" ""parfait"" ""je fais 25"" ""oui ! et on inverse à chaque fois ?"" ""mais avec l'autre ça fait 83.99"""
1,1,1,"""ok ! "" ""ouaii si c'est comme ca on se met bien "" ""tape 289"" ""toi t'es zoophile "" ""labes "" """" ""plus que 19.. "" ""ouai ouai :) maintenant qu'on est partyui dans cette direction ma foi "" ""ouai .. "" ""easyyyyyyy "" ""si on se fait masse de sous ce soir je paie la biere :p"" ""ok ! "" ""je sais pas mec .. 100pts = 1e"" ""il faut qu'on mange "" ""si "" ""on optimise dans un sens "" ""oula .. tu cherches quoi ??? "" ""va y dis moi avec quoi tu peux avoir un bons score"" ""la nous ? "" ""ce n'est pas son prenom "" ""tu crois que tous les autres changent de choix a chaque fois ? "" ""ah ouaio ^^ je l'entend rigoler tout seul parfois ^^ "" ""t'as vu le -92 aussi ^^ "" ""pcq a la rigueur 67-7 ca nous fait gagner 60 point par ocup "" ""y'a moyen qu'ils lisent toutes les converses apres !! "" ""une chose de plus qu'il saura sur toi ;)"" ""ok "" ""en esperant qu'on ne se trompe pas ^^ "" ""a toute ;)"" ""ah ok ^^ "" ""le poste 19 sens mauvais "" ""oh ! on sr fait 17e"" ""il reste 2 tours"" ""mdrrrr"" ""ouai ! "" ""ouai.. "" ""et qu'ils connaissane tnotre vie privée du coup "" ""et si c'etait un test pour mesurer notre patience"" ""on est tombé dans une sale enigme !!!"" ""je sais pas si on doit avoir un score positif ou negatif "" ""voila !! "" ""man ?"" ""ah ok ^^ ma foi.. "" ""MDRR"" ""non ... j'espere qu'il explique son truc a la fin"" ""genre "" ""mdrr trop dur ^^ "" ""c'est ce que j'avais mis au precedent "" ""grace a ca "" ""Master commercial <3 "" ""je truve pas plus que 41.94 non plus "" ""bon on tebnte alors !! "" ""tape 18 alors "" ""pcq meme en négatif on arrive pas a avancer de 42 par tout "" ""chose a ne pas faire : "" ""yeahhh "" ""dans l\q'ennoncé ils disent que le tableau c'est le nombre de points"" ""je vasi tringler ma copine apres lui avoir chate une glace"" ""eh ouai "" ""yep !!!"" ""bon alors "" ""mdrr cc'est bien tu ne perd pas de emps "" ""bisou bisou "" """" ""ouai mais on va pas rebrousser chmin nein ? "" ""couopsµ"" ""c'est toi qui choisi cette fois "" ""tu te souviens la thse du mec c'etait de montrer en quoi les gens pensait avopir raison alors que non "" ""tape 28.0 !!"" ""<3"" ""c'est de l'argent durement gagné "" ""imagine a la fin il nous dit qu'on a tellement fait de la merde quer c'est nous qui lui devons des sous "" ""dis moi tout !!! "" ""bopn alors si on prend pytagore !! "" ""mdrrr suite a un experience sans fondements, il se suicide dans son université"" ""aller bosse !!!"" ""ok  !! "" ""!! "" ""c'est possible "" ""aller ne sois pas timide :)"" ""bon on tape quoi alors ? "" ""on a maximisé de ouf "" ""h ce truc ^^ "" ""yeahhhh "" ""on tente hein _ "" ""Kedge <333\q"" ""je tape 28"" ""non on est efficace "" ""aller "" ""MDRR"" ""bah ouai :/ "" ""on continue comme ca alors ;)"" ""la derch ! "" ""26/26 y'a 0.7 pts en plus "" ""Haikel vous aime "" ""516849068409840+8919+840+9849+/71+9871+9/71+54+"" ""heureusement que ca dure pas 3"" ""a la place du cours de compta __ "" ""on est bon "" ""avectes 5e tu vas pouvoir offrir des bonbons a la sortie de l'ecole ^^"" ""c'est quoi 68/20  ?"" ""va y je tape 28"" ""gros poutoux !!!"" ""yes !! "" ""bon on a cas continuer"" ""apres ya le truc que je tai dit ! "" ""rentable ^^ "" ""et la bierres d'apres le ciné si on est fait pour l'éco "" ""je met 28.0 "" ""mais non "" ""mais vas on y on garde cetobjectif =) "" ""on part sur une base de 28/28 , le temps qu'on a pour essayer , essay de trouver une combi pour optimiser les resultats"" ""mdrrr"" ""un exemple ... "" ""ca mas lair "" ""0respect"" ""inverse"" ""style 28/28 on a tous les 2 41 mais je en sais pas a quoi ca correspond"" ""je ne sais pas qui tu es"" ""j'ai une copine depuis 2 ans je ne suis vraiment pas gay :p"" ""<3"" ""mec c'etait pas dur a trouver le point culminant"" ""justement !!!!!!!! a mon avis tout le monde croit qu'il faut avoir le max "" ""ROYALE <3"" ""Salut man ;) "" ""on passe pour des glandeurs en fait :/"" ""je crois qu'il les a en direct "" ""si opn faisait 68/20 "" ""-1 dessai"" ""mais pour moi c'est pas ca du tout .. donc bon on continue comme ca et on verra hein "" ""s'il fallait croitre et decroitre de maniere evolutive tout le long ^^ "" ""la on a pris la voie la plus simple et pour moi on se trompe totallement "" ""ton choix c'est quoi ? "" ""on fini en 25.5 / 25.5 "" ""vraiment cest pas possible que ce soit ca"" ""bref c'est fini mtn jarretes de reflcchir"" ""il nous a dit hier si on reflechit bien on peut gagner bien .. "" ""ya 29 nombre different "" ""non en fait non "" ""pense quapres on va plus se parler on garde cette strategie?"" ""car comme je tai dit si c'est ca on a juste! "" ""et inversement "" ""these ene conomie <3 "" ""les popcorns si on a était bon MDR"" ""si la solution est de gagner le plus de points possible je crois que cest de cette maniere que l'on sera leplus renable "" ""?? "" "" = 29 "" ""MEEEC"" ""pplus rien a te dire"" ""que du +/1 "" ""aller un ciné gratuit la :p "" ""gagner le lpus de point en un coup"" ""pas trouver mieux que 41.94 "" ""il y a un choix optimum a trouver je crois"" ""il faudrait voir si en inversant chaque truc on arrive a obtenir plus que le total de ces 2 et inversé a chaque tour mais trop galere ^^ "" ""et s'il fallait tendre le plus pres de 0 "" ""j'ai demandé"" "";)"" ""9/30 la ^^"" ""en continuant comme ca on monte environ a 1200 points .. on verra si tu avais juste hahaha"" ""mais bon .. "" ""25.5/25.5"" ""ah et que je suis gay du coup :/"" ""<3"" ""donc pour toi tu es sur qu'il faut viser un nombre de point max? "" ""ca monterai plus sur le total "" ""on va avoir 5euros je vais prendre ca comme un echec dans ma vie ^^ "" ""30 tour "" ""un certain nombre de point a distribué "" ""CLASH"" ""si il nous donne 4euros"" ""a part que je joue a clash royale il sera pas grand chose ^^ "" ""master finance <3"" ""oui ^^"" ""la on fait 42/42 en gros"" ""il n'y a rien qui nous fait gagner 0 ! "" ""ouii ^^"" ""test le max de combi "" ""!!!!"" ""donc on fini en 28/28 ? "" ""mais j'espere que tu t'ai bien reveillé ce matin "" ""putain ya 30 periodes mecs "" ""ce que les gens pensent n'est pas forcement la verité 3<<3<3"" ""alors que je suis celui qui ai le plus bosser pour trouver une logique de la salle !!!!! "" ""si jamais vous lisez tout : pour clarifier les choses"" ""hum hum ! "" ""ON PEUT GAGNER PLUs"" ""a gauche en tt cas"" ""cest ce que javais essayer de te dire la au debut "" ""mais on doit pouvoir trouver une combinaison qui fait plus que 84 je pense .. "" ""met 28.0"" ""pas sur que les point de ce qu'on fait corresponde aux vrais points accordés "" ""(l)"""
1,1,1,"""XHD même"" ""c'est bon ca"" ""periode : 9"" ""ok mauvauise technique"" ""mais si"" ""tu vois ca porte pas malheur"" ""j'aime pas 13"" ""donc bon..."" ""MAIS JE COMPRENDS PAS"" ""on emet tous les deux 28?"" ""26 26 même"" ""mdr pour avoir la classe"" ""pa 12 et 13"" ""On essaie meme chiffre meme periode ?"" ""s"" ""mdrrrrr voila"" ""bah moi non plus"" ""moi non mais je comprends pas pq"" ""on met quoi"" ""28 le sang"" ""et la ils captent qu'on est pas tres intelligents"" ""donc 20"" ""Jsais pas regarde on met les mm chiffres et une periode différente"" ""si on gagne pas pareil c cheloui"" ""J'ai pas trop compris le bus de la boite de dialogue, je rentre le chois 6.0"" ""oui en periode jai mis 9"" ""jappelle ca periode"" ""c la deuxieme etape"" ""28 28 ca fait plus de points"" ""je mtes 28?"" ""10 sec"" ""mais je sais pas pq"" ""salut"" ""faut etre en fonction des colonnes donc toi tes horizontale ou verticale ?"" ""trop trop bizarre"" ""ils testent notre facon de reflechir"" ""oui"" ""je mets 28"" ""met"" ""Il faut être en fonction du tableau pour avoir le plus de gains possibles c'est ca?"" ""donc nashav"" ""et periode...... decide"" ""en periode ?"" ""mdrrrrrr"" ""c quoi le but de la periode ?"" ""nsm"" ""acvec les meme periodes"" ""mdrrrr j'avoue"" ""pourquoi"" ""donne moi tes instructions"" ""oki"" """" ""la je mets 26 fais ta life"" ""résultat : t'es en moins"" ""concretement la"" ""la periode on est d'accord c totalement au hasard ?"" ""en haut a droite apres ca"" ""moi en plus"" ""mdrrrr oui c'est c"" ""et t'zuras bien gagn,é 2 euros"" ""jai pas compris"" ""mdr pourquoi"" ""ca me laisse perplexe leurs logiciels la"" ""a"" ""mdrrrr la fuite"" ""moi 10"" ""on est débiles"" ""dis moi"" ""moi je comprensd pas"" ""moi j'en ai presque pas eu en scred"" ""ca marche"" ""on aurait du garder 28"" ""ok"" ""ok donc on fait en fonction du tableau"" ""mais y a rien a comprendre a mon avis"" ""je mets 26?"" ""deterr"" ""que 28"" ""moi je pense c la periode qui fait tout"" ""plus que 6 etapes"" ""allelujah"" ""donc restons sur 28"" ""tableauuuuuuu"" ""mdr"" ""tu penses y a des strategies ?"" ""c cool :)"" ""12 48?"" ""moi 10"" ""genre si je mets 20 toi 26 jai 60 pointe et toi 14"" ""?"" ""et en chiffre on met 22 22 "" ""c le best"" ""je mets 22 toi 44 ?"" ""Je ne sais pas"" ""t'as cash 5 euros"" ""ca marche"" ""\q15 euros minimum\q"" ""tu veux verticale ou horizontale pour la suite ?"" ""trop bizarreeeee"" ""je peux pas mettre 14 ?"" ""ok 22 periode 10"" ""encore 1h....."" ""ah oui merde"" ""et encore 1h"" """" ""a coup de -60 pour toi au début"" ""mdr c'est l'objectif"" ""pas beaucoup de sous tout ca"" "":$"" ""bah que dal"" ""oui c ca"" ""on aurait du faire ca depuis le début"" ""periode au hasard ?"" ""moi 13 c ca?"" ""test 28 28"" ""je sais mdr"" ""la 2e etape la"" ""t'aqs mis la meme periode ?????"" ""je mets 12 toi 28?"" ""je te suit"" ""ca fait 41 points"" ""je capte rien ca me gave"" ""et toi"" ""le reste c du baratin"" ""garrooooo"" ""LOL"" ""mdr c toi qui va devoir payer"" ""EN FAIT C MIEUX QUAND Y A PAS DE STRATEGIE ET QU'on met au hasard"" ""on brasse"" ""mdrrrrr c surement ca"" ""28 28"" ""bah nan c pas equitable quand on met pas les mêmes nombres"" """" ""je mets quoi tu mets quoi"" ""on fait quoi"" ""ah oui"" ""cest hyper bizarre"" ""THE LAST ONE"" ""BRAVO"" ""ca m'agace"" ""gavao a max"" ""28 28 28 28 28 28 28 8 28 "" ""je t'écoute mtnt"" ""26 "" ""dans les previsions ils disaient que j'avais 20 points et toi 18"" ""bah nan c ca qui est bizarre"" ""on va gagner moins que 28 avec 26"" ""mais je viens de coprendre en fait"" ""mais pq les impairs c pas dans le tableau ?"" ""dans tous les cas ca va nous payer le paquet de garr"" ""on met quoi"" ""YEAH "" ""dis moi ton chiffre j'aui du mettre au hasard"" ""2 séances et basta"" ""moi je mets 12"" ""c le meilleur"" ""on va se faire 1 euro"" ""pacq je suis trop fraiche"" ""cest ca le style"" ""je mets tt le tps pareil mtnt"" ""on prend les memes et on recommence"" ""viens on met hasqard"" ""atyt j'essay un chiffe garde le 28"" ""pk ca a marche la????????????????"" ""et allez encore"" ""prochainer seance je fais peter la banque mdrr "" ""o"" ""c'est pareil mdr j'essaye de comprendre leur truc la "" ""mois 10"" ""oui voila "" ""si tu veux "" ""vas y  on met 10 et 12"" ""je sais pas chacun sa colonne"" ""moins "" ""minimum le mimi prochaine seance"" ""c'est cheaté"" ""au point ou j'en suis je tente de toucher le jackpot "" ""oui "" ""quel chiffre?"" ""j'met 28 met au hasard toi"" ""28 tous les deux ca devrait faire 41.27"" ""en vrai j'espere prochaine experience c'est individuel "" ""ok "" ""mdrrrrrrr 28 caz porte malheur depuis le debut"" ""prochaine seance minimum 2 paquet de garro"" ""meme quand on met les memes resultats moi j'perd -50 et toi +"" ""24"" ""oui"" "" les escroc et toi t'as gagne "" ""same"" ""t'as mis 9?"" ""MOI 24"" ""rien compris"" ""gavaoooo"" ""non y a rien j'pense dfaut etrze bete etr discipline "" ""hello"" ""rien compris je suis a mopins la "" ""18"" ""t'as mis 3 au dernier truc?"" ""ca va meme pas me payer le paquet de garr stp"" ""pareil"" ""non ils vont me raquetter a la fin avec tous les moins que j'ai eu "" ""moi j'ai ecris 22 c'zest tout"" ""j'vais finir a -1000"" ""y a un truc la "" ""yessssss"" ""non 20 et 20"" ""9 alors"" ""STOPPPP"" ""c'est quoi la periode????"" ""non j'ai pris trop de malus au debut "" ""gogoggogogogo"" ""ils ont peur qu'on gagne trop le l'experience est truquée mdr"" ""faut qu'il y en ai un qui mettre des chiffres entre 18 et 20 et l'autre entre 26 et 28? "" ""faut qu'on retente le 12 13"" ""JE PENSE"" ""oui on essaye voir c'que ca fait "" ""j'crois j'comprend kla"" ""on finis sur les chapeaux de roues"" ""si tu veux "" ""parceque tout seul au moins jt'e ferais pas perdre de lovés"" ""on fait notre life mtn"" ""20"" ""enfinnnnnn fini"" ""t'facon ils vont me demander de l'argent avec mon score negatif j'me barre en courant"" ""ouiiiiiii"" ""tu vas gagner des points toi et( moi negatif "" ""ok"" ""moi 12"" ""j'ai des pointqs!!!!!!!"" ""mais pk tu gagnes toujours et pas moi "" ""on met quoi,"" ""j'ai qu'une etape moi c'est ecrire un chiffre"" ""c'est ou que t'ecris la periode??"" ""t'as mis cb?"" ""j'suis tellement en negatif qu'ils vont me demander de l'argent a la fin"" ""j'ai pris -45"" ""oui"" ""ca change qsuoi la periode"" ""moi 14"" ""si tu veux "" ""pour faire l'bg "" ""quand tu calculs dans leur truc tu gagnes a chauqe fois et le rien "" ""c'est quoi le delire laaa"" ""oklm"" ""et pas avec des chiffres tout mort "" ""mdrr meme question"" ""mais quand tu fais dans le calculateur de gain ca donne jamais al meme chose"" ""oui si tu veux "" ""26?"" ""et travauiller en equipe"" ""et 18"" ""moi je met 3"" ""xd"" ""mdrrr"" ""on voit ou la periode?"" ""yes paquet souple biensur "" ""je met 12 et toi 13"" ""jamais "" ""fakeeee"" ""26 et 26"" ""mais serieux "" ""on met 10?"" ""ok """
1,1,1,"""on devrait se mettre d'accord sur les 2 nombres"" ""le meme chiffre ca sert a rien sinon "" ""faudrait mettre les meme nombres non? "" ""parfait "" ""grave ahahah"" ""les 2"" ""24.0?"" """" ""faut qu'on se mette d'accord sur un nombre"" ""si on se met d'accord on gagnera tous les 2 plus"" ""mets 28.0 et moi 18.0"" ""faudrait rester a 26"" ""je comprends pas"" ""avec genre 20.0"" ""on gagne 41.91"" ""viens on met 18 "" ""si on met tous les 2 le meme chiffres on gagne plus dans l'histoire"" ""ca sert a rien que tu me dise un chiffre sachant que tu vas mettre moins "" ""Mets des chiffres élévés"" ""apres si y'en a un qui trahis tant pis on continue "" ""on met 26.0 chacun?"" ""mais plus que 14.0"" ""20.0"" ""je comprends pas "" ""mais la viens on met un chiffre genre 20 tous les 2"" ""c'est la on gagne le plus a 2"" ""faut pas etre trop bas "" ""oui c'est parfait"" ""faut pas mettre trop haut mais pas trop bas"" ""chacun"" ""on continue comme ca? C'est la ou ca arrange le plus les 2"" ""mdrrrrr parce que je savais"" ""la stratégie c'est de mettre le meme truc $"" ""du genre dans la vingtaine"" ""ou 20.0 tous les 2"" ""18?"" ""moi je suis d'accord"" ""?"" ""ok c'est bon "" ""26.0?"" ""tu mets quoi?"" ""ou on *"" ""moi aussi pas trop"" ""26 les deux cest cool"" ""c7est pas facile"" ""tu propose quoi"" ""cest vrai et on se stress pas comme ca"" ""okay"" ""toi aussi ahaha"" ""si on veut gagner bien tout les deux cest 26"" ""un vrai 26"" ""accord gagnant ahah"""
1,1,1,""".2 .3 .5 c pas mieu "" ""faut je test entre 25.0 et 25.3"" ""on braque l'nstitut lol"" ""Sniper"" ""mdrrrrrr"" ""\qvotre système m'a rendu schyzophrêne j'ai du m'faire une planète, en rayant les yennes, les chiennes et les gens malhonnête.\q"" ""mdtjrs blacko dans sniper"" ""On n'va pas s'mentir, la clef de la réussite n'est autre que la détermination."" ""ahah A notre reussite! ;)"" ""y'a plus l'temps la haine racolle le Fn colle"" ""Tenté le diable pour sortir de la galère, t'as gagné frère mais c'est toujours la misère."" ""Trop sont partis de rien"" ""20, 10 pour faire la pate 10 pour eplucher les smarties"" ""bonne journee mon gars!"" ""ou si on peut test 26.5 ou quoi si c mieu"" ""vien on garde 26 juska trouver mieu"" ""L'art est la plus haute joie que l'homme se donne à lui-même."" ""gros cetait mieu 26.."" ""Le mieu est l'ennemi du bien"" ""blacko"" ""on refai 26 et on test au passage pr la prochaine"" ""ouep"" ""apres fau voir si on peut lfaire a chaque fois"" ""ni a la même pointure :p"" ""mdrrrrr"" ""a vaincre sans péril on triomphe sans gloire"" ""fai de .6 a .9 jfais de .1 a .2"" ""mdr trop de confiance"" ""18 et 18 c propre nn ?"" ""ca passe cremasse dans une petite copie deco lol"" ""Comme on dis, seul on va plus vite a deux on va plus loin ahah ;)"" ""Bienvenue dans mon monde rouge, jaune, vert ; où l'homme deviens lion et porte une crinière."" ""bien triste cette xp"" ""dac"" ""ooh poète a ses heures perdus ahah"" ""grv mama"" ""on garde 25.4"" ""yo"" ""apres"" ""si tu perd Estrosi autant tu recolte un flambi "" ""25.4 c mieu"" ""mdrrr"" ""tu dois cartonner en dissert toi avec ttes tes citations lol"" ""mr et madame le trou on une filel cb lapelle t elle ?"" ""25.4 c bn?"" ""on dit que le temps change les choses mais le temps ne fait que passer, c'est à nous de changer les choses"" ""cb de blonde pour faire un gateau au chocolat?"" ""gros"" ""mdr joli "" ""j'sais plus ^^"" ""25.4 c 41.93 jcrois lol"" ""grv"" ""c bn"" ""a la fin des partiels tu lache des autographe et tout aux profs xD"" ""cimer pour ta collaboration en tt cas oklm tout ca"" ""au cachot ce facho!! :p"" ""jpense c le meilleur bail jvois pas mieu"" ""meme si on inverse une fosi un prend gros une fois l'autre ya pas mieu genre"" ""le rest c pas mieu"" ""oklm gros"" ""Nan 26 on fait 41 à chaque coup"" ""CHAMPAGNE"" ""le copyright"" ""salut"" ""j'ai aucun diplome comme christian estrosi"" ""Noir c'est noir ont-ils dit"" ""on reste là dessus pour ce coup ci"" ""Mais ouais mes disserts sont trop belles"" ""La recherche est utile, mais l'invention est vitale, car dans toute invention il ya critique de la convention"" ""bah voilà"" ""26.5"" ""Scrap booking oblige"" ""deal mamen"" ""Il n'y a vraiment plus d'espoir"" ""Les mecs sont impressionnés"" ""26.5"" ""mais réelu a chaque fois"" ""Alors écoute"" ""toi t'ira loin gamin xD"" ""il m'inspire"" ""Standing ovations"" ""Meilleure citation"" ""Ils me portent à bout de bras"" ""Ce test c'est pour voir si on va collaborer ou pas"" ""propre"" ""on fait ça tout le long et on fait un peu moins de 14e"" ""auteurs"" ""Un délire."" ""et un peu papa maman quand même"" ""JVEUX LA BELLE VIE DE CHRISTIAN ESTROSI"" ""+5"" ""26.5 adjujé"" ""25.5 c'est le meme que le 25.4"" ""en l'occurence ici si on met 26.0 tout le long"" ""bah càd qu'on a bzé le game aussi"" ""Excellente coopération"" ""oula"" ""25.4"" ""boloss"" ""41.94"" ""les vainqueurs l'écrivent, les vaincus racontent l'histoire"" ""qui ?"" ""j'ai l'impressioon d'être dans lost"" ""des larmes"" ""On a pimpé ta meuf sous son c*l ya des néons"" ""Ah ya pas à dire on se met ienb"" ""mdrrrrr"" ""nan nan c'est ça le meilleur deal"" ""briquet dvant mon c*l, jcrache le feu comme un dragon"" ""toujours 25.4"" ""être aussi incompétent"" ""sinon toi ça va mamen, content de rentrer dans le monde de la recherche ?"" ""à peu près"" ""genre ils voulaient du sang"" ""kalash sous le klik klak"" ""ouep"" ""?"" ""on reste là dessus"" ""personne dans le monde ne marche du même pas"" ""bon j'ai calculé, on va faire 17e chacun"" ""ah y'a moyen"" ""Gros je cite du booba depuis tout à l'heure xD"" ""100%"" ""nan en effet"" ""Vivre ou mourir ensemble"" ""c'est du reggae ça"" ""lourd."" ""QUand ils doivent entrer le code toute les 6h"" ""un poil répétitif comme expérience"" ""askip c'est Nietschets"" ""De même !"" ""on garde 25.4"" ""C'est très discriminatoire envers les blondes"" ""arrête"" ""ah bah alors mamen"""
1,1,1,"""depusi maintenant au casino on joue tout sur 26"" ""si on gagne pareil"" ""tu fias quoi"" ""on va gagner les deuxx la meme chiffre"" ""mois 17"" ""ahahaha ok"" ""ahahabh ok"" ""ok"" ""adieu alors ),:"" ""puis on balance"" ""26026?"" ""oui "" ""t as le controle apres?"" ""de periodes ahah"" ""alors on fait 26 26"" ""aussi 22 et 20 c est bien"" ""et puis inverse"" ""25 et 26 e puis inverse "" ""oui"" ""et on sort avec nos petit gains ehheheh"" ""ahahah"" ""non "" ""c est vrai"" ""on y est"" ""moi 27"" ""ahah c est vrqi en effet"" ""26 eheh :D"" ""oui genial eheh"" ""je met 14"" ""inverse?"" ""on fait quoi"" ""on continu comme ca?"" ""quoi?"" ""MOIS JE P4ERDS 7"" ""denrnieeeer "" ""si on fait le contraire on aura gagne la meme somme"" ""comment tu le sais?"" ""ah nooon ):"" ""puis on fait les numero identiques que on gagne pkus"" ""moi je met 20 ou 18"" ""mois j ai 21"" ""tu peux me  donner ton gain et je vais au casino pour le deux ;)))"" ""D:"" ""ahahah ca va"" ""fais"" ""j ai moins 46 merde "" ""tu vas gagner 23"" ""ca change peu"" ""?"" ""ah oui?"" ""toi?"" ""on doit faire encore 14 comme caaaaaa"" ""si on fait"" ""ca te dit"" ""j ais pas envie ahah"" ""?"" ""balancer"" ""oui tes a cote de mois"" ""ok"" ""ahahah *"" ""ahahhahahah"" ""mois aussi eheh"" ""double utilite "" ""ok"" ""oui"" ""26"" ""on gagne legerement plus je crois"" ""alors on continue comme ca"" ""tu veux balancer"" ""on doit bqlqncer les gains"" ""sure?"" ""plus"" ""toi 28"" ""ok"" ""nooon t as td apres ahahah "" ""ahahahha t as raison"" ""ok "" ""BBHMM"" ""en plus au debut j ai fait une faute fatale"" ""yesss ahahah"" ""met des chiffres plus hautes"" ""ca va on fait comme ca"" ""aahhhh"" ""oui"" ""26"" ""26 26"" ""top"" ""moi 28 et toi 27 aussi c est bon"" ""on commence de 28 28"" ""ca va"" ""le gain maximum jusq a maint c est 41"" ""on fait quoi"" ""je comprends pas comment avoir 60 les deux"" ""oui ahaha on doit parler de qqc si non c est dur faire 26 26"" ""si on fait les numeros identiques"" ""la reponse est toujours 26"" ""si tu met 10"" ""on fait quoi mqintenqt"" ""oui ahahah"" ""ahahah"" ""tu as 1106 environ"" ""je met six"" ""je préfère le thé en fait "" ""mieux vaut commencer par decile "" ""les tours restants doivent etre pair"" ""cest ma faute "" ""le meme "" ""41.7"" ""ok "" ""sa part en cacahuete la discussion "" ""28 28 "" "";)"" ""okay donc on prend ? "" ""oui voila"" ""mais bon "" ""check le tableau "" ""et dix huit pour toi cest le plus haut score "" ""dacc"" ""on gagne moins a la fin"" ""cest pas ta moyenne du smestre "" ""parce que "" ""mdr "" ""au casino direct"" ""okay"" ""sa ira plus vite"" ""ok"" ""semestre :D"" ""okau "" ""oui :'("" ""mdr "" ""enfin on respire "" ""vingt huit pour moi "" ""oui "" ""non enfin je crois pas "" ""trois tour et cest finis "" ""cest bien ici il devrait faire site de rencontre aussi :D :D"" ""si je met 24 et toi 28 on a 58.72"" ""on fais comme sa "" ""on augmente petit a petit "" ""j'ai td en plus :D"" ""cest presque la meme chose "" ""ok"" ""mdr ah non "" ""si je fais 18 et toi 28 on a 68.21"" ""16 et 28 ? "" ""alors ?"" ""je suis egoiste pour sa "" ""sinon sa sert a rien "" "":D "" ""(y)"" "":/"" ""cest bon je l'ai fais pour toi "" ""je suis environ a 1010"" ""andiamo "" ""fait"" ""non on s en fou "" ""confirme si cest sa "" ""n'ai pas peur "" ""en fait on a la meme chose que si on reste sur 26 26 "" ""rouge ou noir ? "" ""laquelle ? "" ""j espere pas sinon je suis mal "" ""la meme ? "" ""alors ?."" ""la meilleure combinaison ? "" ""pas grave apres le td "" ""on inverse ? "" ""on double la mise"" ""cest la meilleure combinaison je crois"" ""quit ou double ? "" ""dommage "" ""cest une blaque bien sur "" ""bah du coup on a plus rien a ce dire :/"" ""donc 28 28 ? "" ""bref juste pour la forme"" ""je met 26 et toi ? "" ""cest l histoire de ma vie :D "" "":D"" ""haha j hesite encore "" ""il reste 8 tours "" ""la meme jusqu a la fin ? "" ""okay "" ""? "" ""pas sur "" ""incroyable on est sur la meme longueur d onde !"" ""con carne  ? "" ""mdrr"" ""je prefere la facilité"" ""si on balance"" ""okay"" ""chiche"" ""a la fin sa fera 11 euro environ "" ""sino je suis gentil "" ""ok va pour 26"" "":D"" ""sa paiera la pizza !"" ""dix huit "" ""plus les 5 si on finis comme sa "" ""cest bon "" ""et moi 28"" ""enfin ! "" ""tu calcul "" ""haha "" ""tu paye le café apres :D "" ""cest exactement le meme resultat "" ""cest vite passé finalement en discutant "" ""41 fois 10 "" ""plus que 3 "" ""jai vu sa "" ""de 0. 02 "" ""on peux pas "" ""400 point "" ""toi 24 et moi 28 ? "" ""vaut mieux rester sur 26"" ""haha "" ""tqt j'ai compris qui cétait "" ""je me suis trompé on fais l inverse pour équilibré ? "" ""tu as calculer combien tu gagne ? "" ""yep "" ""tu as plus que moi en fat "" ""okay ? """
1,1,1,"""ouais je crois haha"" ""16?"" ""Hey, 26/26 ? Gain max :)"" ""26"" """" ""Allez pour une fois"" ""Font tous ça"" ""Hey gain max pour tout les deux --> 26/26"" "":p"" ""Ferme le dialogue hop hop"" ""Mensonge !"" ""Ha oui oui"" ""Slt 26/26?"" ""yop, on mets 26 chacun ?"" ""haha !"" ""Hey gain max pour tuot les deux c'st 26/26"" ""Je me plie à ta décision"" ""Non je perds, si on mets 18/18 c'est gain max"" ""Yes 100%"" ""Haaaaan <3"" ""Le gain max pour nous deux c'est 26/26"" ""La seule où c'est vraiment les deux valeurs, on est sur la diagonale du tableau"" ""26 c'est mieux"" ""suspens !"" ""Mes honneurs, inconnu"" ""Ok !"" ""18/18 on est équitable"" ""maximum qu'on puisse gagner"" ""Alright"" ""Tu mets 26 je te paie Mcdo"" ""Je sais haha"" ""à -5 même"" ""Mets 16 je mets 26"" ""Hey gain max pour tout les deux : 26/26"" ""Je suis honnete go "" ""En fait c'est inversé"" ""On speed on fait ça au hasard !"" """" ""30 fois, on est à 5 là"" ""J'ai trouvé mon âme soeur"" ""Check le calculateur de gains à côté tu verras"" ""Je te paye un coca si je mens"" ""Tu gagnes 0.7+"" ""Haha ouais mais on retombe pas sur les memes personnes"" ""On part sur un 0/0?"" ""Toute façon on va se mentir, gardons la surprise !"" ""Je te file des pts osef"" ""Hey gain max 26/26"" ""26 chacun"" ""Appuie sur Terminer Dialogue"" ""Mets 26 je mets pareil"" ""Let's go"" ""oue je crois"" ""J'ai faim que ça se finisse rapidos !"" ""Belle "" ""(Vie de mon chien, etc etc)"" ""chacun d'entre nous a l'inverse de l'autre"" ""On garde le suspens ?"" ""& le jambon !"" ""Hey gain max pour tout les deux: 26/26"" ""ce serait logique"" ""T'es bon?"" ""J'ai perdu foi en l'humanité."" ""MAGNIFIQUE §"" ""pas de perdant pour cette fois"" ""oui"" ""ok mais comment tu as calculé?"" ""yeap"" ""d'accord ..."" ""que je compare avc les miennes"" ""26 sur?"" ""tu veux mettre koi?"" ""16.5 c mieux"" ""28 :)"" ""26 26"" ""on est tous perdant o final"" ""C  bon ça me soule"" ""tu mets 28 je mets 16?"" ""bienvenu dans la finance"" ""ok 26"" ""c vrai les mensonge :)"" ""26 26 stp"" ""=66 pts"" ""lets go"" ""tes valeurs ou tu gagnes c koi?"" ""16.5?"" ""et on sensé faire ça tt le long?"" ""28 28 en valeur sur ça évit que l'un de nous se face couiller"" ""il me faut des pts"" ""t énorme :)"" ""on a pas le mm tableau?"" ""yeap"" ""C BON /°"" ""hey écoute , ca doit etre possible de trouver deux valeurs ou l'un gagne l'autre perd et en echangeant à chaque tour on est gagnant"" ""on change d'interlocuteur a chaque fois?"" ""26 26 ,"" ""18?"" ""on tire les valeurs au plus bas"" ""tu proposes?"" ""AHAHAHA"" ""vive les illuminatis"" ""mets 26 26 sans anarque"" ""et moi je mets 16.5"" ""ou 26?"" ""niquel :)"" ""on met 26 ce toyur mais faut que l'on commence a y reflechir"" ""??"" ""16 ou 26?"" ""on va dire qu'on est rationnel"" ""tu mets quoi?"""
1,1,1,"""je le fais vraiment"" ""tu gagnes"" ""on fait quoi?"" ""tous les deux é-?"" ""apres l envers"" ""ahah d accord"" ""on va voir"" ""37"" ""mais puis tu t es vengé"" ""non"" ""tu ne le  fqis pas"" ""pas facile deviner tes choix"" ""on fait une fois tu gagnes plus"" ""moi 26"" ""et moi 5"" ""donc 26? tous les 2?"" ""on continue comme ça?"" ""une fois je ggne plus"" ""oui je vais"" ""moi je viens de gagner \qè"" ""toi?"" ""oui "" ""toi 18"" ""5"" ""je mets 18"" ""si non pour faire plus on peut faire quoi?"" ""tou 26"" ""je choisis 16"" ""et une fois tu gagnes 61"" ""tu es assis où?"" ""toi 12"" ""donc on fait quoi"" ""encore 4"" ""ahah"" ""26 fixe mdrrr"" ""ok"" ""on a trouvé le juste compromis"" ""3 eme fois"" ""si non on fait une fois chacun"" ""c est ta faute"" ""il disait 48 pour toi"" ""et apres c est l envers"" ""apres toi 26 et moi 18"" ""ahah"" ""toi 22"" ""il en manque 3?"" ""pff"" ""26?"" ""premiére fois au leen?"" ""il a fallu du temps pour nous faire confiance"" ""si on fait moi 24"" ""ca me va"" ""oui"" ""tu peux me faire confiance et mettre 28.0"" ""donc dis moi si tu veux qu'on s'aide ou bien qu'on joue à pile ou face à chaque fois"" ""choisis 28.0"" ""on met tout les deux 28 ok ?"" ""il n'y a pas"" ""26"" ""regardes sur ton tableau 26.0 et 26.0 on gagne 41.91"" ""mets 28.0"" ""tu dois me répondre"" ""mdrrr ^^"" ""oui"" ""on a pas le droit de le dire, on verra à la fin de l'expérience"" ""tu as deja fait plusieurs fois des exp comme ca ?"" ""et on a 41.27"" ""si on fait tout le temps 28.0 tous les deux on gagne 41.27 à chaque fois et pas de jaloux"" ""oui et toi ?"" ""ok ?"" ""tu as fait combien de gain ?"" ""le mieux c'est 26.0"" ""je suis vraiment désolé maintenant 26.0 à chaque fois"" ""tu vois bien qu'on gagne pratiquement rien la, le mieux c'est 28 à deux"" ""tout à l'heure il m'ont mis que tu as gagné 60 et la 3"" ""on reste comme ca"" ""on peut vraiment pas se faire confiance on dirait"" ""je savais pas sis tu allais le faire"" ""ca te va ?"" ""non 26 tous les deux"" ""c'est le mieux"" ""je savais pas si tu allais le faire"" ""regarde la diagonale, lorsqu'on met tous les deux les même chiffre"" ""dans un autre truc c'est plus égal pour les deux"" ""on gagnera moins de point à la longue en faisant ton idée"" ""je te promet, on met 26 maintenant, ok ? promis"" ""c'est le mieux je pense"" ""Ah ouais, mais tu es pas de la fac ?"" ""les tiens tu veux dire, je crois que tu m'as battu plus de fois"" ""sur les 14 période restante ca fait beaucoup de point"" ""et ouais ^^"" ""tu mets 28 ok ?"" ""mdrrr"" ""un gagnera plus que l'autre"" ""ouais encore 4"" ""non"" ""on doit pas commencer à faire ca"" ""6"" ""26 tous les deux à chaque fois"" ""on gagne 41.27 tous les deux"" ""je te laisse une chance je met 26"" ""tu veux vraiment pas faire 28.0 tous les deux ?"" ""on fait terminer dialogue à chaque fois maintenant, comme ca on gagne du temps"" ""j'en avais marre de chercher à chaque fois une combine """
1,1,1,"""tu sais que tu peux parler en écrivanten bas?"" ""ok pour 26 !"" ""pourquoi?"" ""non c'est ennuyant mais on reste a 22 "" ""proposition?"" ""ou plutot 18 18 ,"" ""on continu comme ça"" ""plutot 18 / 18 "" ""donc 18 ? "" ""24"" ""pas grave , oui"" ""désolé 28 28 ca parait mieux ?"" ""23.5 mais on augmente pas plus "" ""non ca sert à rien "" ""on reste à 22 /22 jusqua la fin "" ""moi 18 toi 28 ?"" ""14 si tu veux "" ""ca evite de mettre 0.5"" ""oui mais on a intéret a dévier et je prendrais un risque en mettant 28"" ""si vraiment tu veux plus 22/22 ?"" ""sinon ça te dis de mettre plus?"" ""dsl on s est pas mis d accord avant de valider "" ""la 23.5?"" ""ok"" ""c es t mieux "" ""oui"" ""on met 28?"" ""ok"" ""on joue avc 26"" ""on essaye un autre nombre?"" ""on fait 23.5 on voit qu'est ce que ca donne"" ""on augmente nos gains 41.91"" ""28 et on gagne plus "" ""on augmente un peu"""
1,1,0,"""c noté"" ""dacc"" ""on choisit que 28 c le meilleur moyen"" ""oui sur fait moi confiance"" ""je choisis quoi dit moi "" ""bon on choisis tout les deux 28"" ""c noté"" ""tjrs la meme"" ""pour que l'on avance bien il faut que tu choisissent 28.0"" ""ca va nous faire un gains de 41"" ""tjrs 25.5"" ""25.0 c encore mieux"" ""si on sentend bien on va plutot bien finir"" ""il faut qu'on se mettent d'accord"" ""on opte pour lequel?"" ""aller encore 25.5 "" ""aller go"" ""toujours la meme"" ""le meilleur moyen de gagner des gains c que toi tu choissient 28.0 et moi 18.0"" ""oui"" ""dacc"" ""oui"" ""je tenvoi des msg depuis taleur"" ""oui jusqua la fin"" ""on continu comme ca jusqua la fin alors"" ""on reste sur 25.5"" ""sur?"" ""ok"" ""c le mieux"" ""si on met la meme chose cest mieux"" ""25.5 c mieux"" ""ouaip"" ""toujours pas de coordinaton?"" ""faudrait quon se coordonne "" ""ouaip"" ""na 27 et 27 cest un peu mieux"" ""le meilleur moyen cest quon mette tous les deux 28"" ""faut quon choisisse la meme chose """
1,1,1,"""on gagne 41 a chaque"" ""28.0 tout les deux "" ""je met 28.0"" ""fait moi confiance"" ""ca me fait 2 paquet de clope et 3 banco mdr"" ""plus les 5 euro mini"" ""bien evidement"" ""la on gagne 60 pts en deux coup"" ""parfait"" ""ca qu'on veut"" ""ok"" ""je crois c'est la meilleure solution,"" ""si on met a chaque fois 18 toi et 18 moi in gagne 35 chaque coup"" ""mdr"" ""un bon carambar au caramel "" ""tt'a mangé?"" ""bien vu"" ""un bon gros kebab sauce blanche alger avec frite et un putain de coca bien frai"" ""coup"" ""on va raffler la mise"" ""parce qu'il va etre fermé le camion"" ""et une clope pour terminer"" ""exactement "" ""met toi 28"" ""tu lis dans mes pensee"" ""ca fait 17"" ""j'ai tarpain faim putain"" ""tu connais un kebab pas loin?"" ""pareil"" ""on est bien la "" ""ont met a chaque fois 28.0 et 18.0 je pense"" ""faut changer"" ""et oue faut fructifier les biens"" ""ca fait 12 euros"" ""gr'osse fleme"" ""en tout on va avoir 1272 pt environ"" ""oui c'est pas mal, c'est chouette ces expériences "" ""c'était quoi la blague de ton carambar ? "" ""et en plus avec les banco tu peux gagner encore plus mdr"" ""l'expérience va pouvoir te payer ton kebab "" ""on a eu la meme pensée "" ""vas y fais moi rêver tu veux manger quoi après ? "" ""nourris toi de bonbon "" ""il faut alterner; une fois je mets 28 et toi 18 et lautre linverse"" ""on est bon la ;)"" ""je mets 28, mets 18 "" ""maintenant je mets 18, et toi 28"" ""vive l'éco x)"" ""sinon on mets tout les deux 18, a chaque fois on gagnera 35 points chacun a chaque tour !"" ""on va devenir millionnaire mdr"" ""il faut alterner comme ca on a tous les deux des points"" ""oui j'ai mangé à la cafet avant de venir "" ""pas loin non ... je connais plus le centre ville "" ""tout les deux 26 c'est encore mieux regarde"" ""si on fait 18.5 on gagne encore plus """
1,0,1,"""ok"" ""on continue "" ""ok on essai"" ""tas mis 24"" ""yep"" ""je met 24"" ""comme sa on a 50"" ""ok"" ""chelou"" ""j'ai mis 26"" ""pour celle là moi je met 24 toi tu met 26"" ""ok"" ""tu met 28"" ""toi tu t'en fou met juste 26"" ""et toi tas mis cmb"" ""on fait koi"" ""a"" ""je met 28"" ""on fait koi mtn"" ""wé"" ""c koi le souci"" ""oui et apres on inverse"" ""je met 18"" ""ok"" ""we grave"" ""apres"" ""on inverse"" ""tu met 26 et moi 24"" ""et on change apres"" ""we "" ""mais tt le monde va faire sa nn"" ""et apre on inverse"" ""au moment de valider "" ""26 26 ?"" ""ta race"" ""moi 26 toi 24"" ""tu te trompes à la fin"" ""pour valider"" ""moi 24 toi 26"" ""je mets 24"" ""24"" ""moi 24 toi 26"" ""pareil"" ""tu mets 26"" ""pour nous deux"" ""je mets 18 toi 28"" ""tu mets 28.0"" ""mets 28.0"" ""dans choix final"" ""mais dans cette etape mets dans choix de l'autre 18.0"" ""vas y "" ""on revient à 26 26 ?"" ""on doit essayer d'alterner a la prochaine"" ""ok ?"" ""ok ?????"" ""alors je mets 24.0 tu mets 26.0 "" ""c'est le plus rentable "" ""moi 24 toi 26"" ""même chose je pense "" ""je me suis trompé "" ""je mets 26"" ""et dans ton choix 28.0"" ""faut mettre ton choix pas le mien"" ""tu mets ton choix je pense "" ""ok ?"" ""alors qu'il faut mettre le mien"" ""t'as fais quoi "" ""vas y fais ca"" ""ok"" ""je mets 18.0"" ""ok"" ""on reste sur 26 26 c'est le plus rentable sur deux periodes"" ""merde"" ""y'as compris ou pas ??"" ""c'est ce que j'ai fais"" ""tu mets 24"" ""gains positifs et négatifs"" ""même chose ?"""
1,1,1,"""il faut que les gains sur le tableau soit max"" ""ok"" ""on sait pas qui est l'autre"" ""essay de trouver une combinais ou le gains est plus elevée meme par sommation "" ""la meme jusqu'a la fin"" ""non on gagnera moins"" ""chui le renoi"" ""le gains sera de 41.91"" ""18"" ""t une fille"" ""le gains est de 68.21"" ""ecrit bien 26.0"" ""26 26 c le mieux pour qu'on gagne nou 2 un max de gains"" ""met 18"" ""on essaye 28 18"" ""26 26 "" ""on fait 26 26"" ""on fait ca a chaque foix"" ""ok on fait 26.0 26.0"" ""26 26"" ""on fait 18 18"" ""je fait 22 et fait 20"" ""pareil"" ""moi chui l'autre pour toi et inversement"" ""on fait 26 26"" ""moi je met 28"" ""ok"" ""bon est daccord on reste sur le 26 26 jusque a la fin ?"" ""la meme ?"" ""choisit le nombre 28 et je prendrai le 18"" ""ouai mais  pour l'autre c'est -7.56"" ""pour l'instant c'est la seule combinéson ou on gagne la meme somme "" ""ok va pour 26 26"" ""comme tu veut"" ""no"" ""tu vas mettre quoi ?"" ""ha oui tu es en face de moi"" ""ok"" ""pas obligé "" ""moi je met juste 26"" ""ok je met 18"" ""avant de fais le calcul "" ""ouaip"" ""ouai j'ai vu"" ""je pensais que tu avais mi 22"" ""oui"" ""la on peut faire 28 28"" ""je pense que c'est mieux"" ""aller"" ""c'est bon"" ""ok"" ""et toi"" ""ok "" ""26 26?"" ""ok"" ""et c'est la plus eleve"""
1,1,1,"""jure ptn c long un peu "" ""bah dis moi "" ""j'étais censé gagné plus pas moins c'était ma demande"" ""ok "" ""je comprend rien"" ""je met 16"" ""liban et toi"" ""ok "" ""jusqua la fin on fais sa ?"" ""ok donc la on met 28"" ""turc"" ""arrete taleur tu ma dit met 26 ta mi 8 jai eeu moins qchose"" ""pck je fais que perdre"" ""ok "" ""bah oui biesnur surtout toi ;)"" ""oklm j'y vais au talent la"" ""sa ma fais perdre à moi"" ""hello"" ""je vois sa je vois sa"" ""et mtn"" ""que faut il faire quand on a le cafard"" ""met 28.0 toi"" ""?"" ""champion t'as vue"" ""c quand le dernier"" ""sur la feuille y a écrit en plus 8.18 donc meme toi taurais pas gagné "" ""??"" ""oklm"" ""je met quoi mtn"" ""je met 28 la ou je reste sur 20"" ""tu met cb toi"" ""jure wallah"" ""continue continue"" ""ok"" """" ""normalement on est pas censé gagner les deux 67"" ""vas y on met sa "" ""67.27"" ""on doit mettre la mem chose ?"" ""bah on met 26 alors"" ""c pas bien"" ""bah évite de me la mettre à l'envers sa sera encore mieux"" ""faut quon gagne plus jai grv des moins la c trop"" ""vas y met 28 la c tous"" ""bah 26"" ""moi je jou plus avec toi tas vue"" ""26 26"" ""moi jai rah les moins je vais avoir pas bcp genre 2e"" ""mitho !"" ""et moi 18 normalement c "" ""mais evite de te tromper mdrrr je veux des  sous merde mdr"" ""bah je met pareil non"" ""je t'écoute plus c finis"" ""ok"" ""pck sur la feuille ya écrit sa regarde"" ""mdrrrrrr"" ""ok"" ""tes sur tu vas pas changer apres ?"" ""oui biensur"" ""on met 28 la "" ""tu vas mettre quoi toi"" ""ok 26"" ""on met 28 jusqua la fin ?"" ""tu me déclare la guerre un peu la"" ""pck tu tes trompé 1fois deux fois ok mais la c voila quoi"" ""on met 26 jusqua la fin la"" ""vite plus que 30 sec"" ""on met quoi mtn "" ""dis moi quoii mettre toi aussi"" ""28*"" ""ok"" ""on peut pas mettre 100"" ""15"" ""oui"" ""bah pk tas mis 14"" ""pk tas mis 18 enfaite"" ""et tas vue evite de me la mettre a lenvers"" ""dis"" ""c'est entre 0 et 228"" ""4 ?"" ""acheter de l'insecticide"" ""oui biensur"" ""ok donc 20 apres 28"" ""mdrrrrrrrrrrrr "" ""grv heureusement"" ""trop tu m'anarque"" """" ""toi tes patie pour 8/10 la"" ""c une blague la"" ""il reste cb de manche"" ""je dois avoir -200"" ""je met quoi"" ""26"" ""jai plus de - que de +"" ""jai compris comment sa marche"" ""je fais que perdre"" ""pk tu me mens comme sa"" ""11*41.91 sa fait cb"" ""ouai c'est bon "" ""mechant"" ""MET PAS 26 POUR LA PERIODE "" ""toi ta mis 26 a la peridoe"" ""a ?"" ""11x41.65 ca fait bon"" ""26 a la periode"" ""faut mettre la meme chose faut y arriver quoi "" ""26 et toi ? "" ""merde recommence"" ""c'est good man"" ""26"" ""26"" ""Ta mis encore 26 pour la periode ?"" ""met 26 a la periode "" ""ou champion"" ""c'est la periode !!"" ""hello"" ""mais apres on remet 26"" ""j'ai essayer "" ""yoooo"" ""Bah je voulais mettre 28 pck tu gagne plus toi"" ""et moi moin"" ""periode met pas autant "" ""Tu sais quoi ?"" ""c'est bon 26 encore"" ""c'est moi je met 26 et toi aussi "" ""sinon tu vas perdre des sous"" ""jaller te le dire met ca a couper "" ""26 encore"" ""non 26 c mieu"" ""oui"" ""une fois sur deux on va faire 20"" ""vas y met 18"" ""bon ecoute je met 26 et toi 26 et la periode tu met en dessous de 10 "" ""26"" ""26 encore "" ""ca va ?"" ""wlh 26 et 26 on a les meilleurs gain"" ""bah ouai"" ""vas y "" ""POUR FAIRE DES SOUS FAUT TAFFER EN EQUIPE"" ""on est repartit le mieu pour les deux championne "" ""Ya pas le mieux c'est 26"" ""26 c mieu"" ""j'ai l'impression que tu gagne plus avec les periodes "" ""Bah regarde "" ""tu met quoi ?"" ""pck toi aussi tu me la met a l'envers l"" ""la"" ""vif"" ""On va rester a 20 pour la période c'est mieux "" ""ALOURAAAAAAA"" ""c'est 26 le mieux"" ""ta capter ?"" ""comme tu veux"" ""Excuse "" ""il reste 11 manche "" ""c'est la véritée"" ""au debuit les moin que ta eu c pck je capter pas non plus non ??"" ""?"" ""par contre 28 pour l'autre truc"" ""La vie de ma mere je met 26 basta"" ""je sais pas ?"" ""bah voila"" ""comme ca tu remonte vu que ta que des moin "" ""enfin "" ""c'est chaud un peut "" ""on fait ca jusqua la fin ca doit etre bon "" ""pas grave "" ""et a nous les loverrrrrr"" ""oui il en reste 4"" ""Bha oui on compris "" ""400 et quelque en s'en fou"" ""non"" ""On va essayer periode 100 et 28  c'est bon ?"" ""je sais pas capte"" ""periode 20"" ""Bha si ta capter tu verras que le mieu c 26"" ""moi aussi"" ""Quel origine ?"" ""On est bien "" ""je suis comme toi"" ""alors arrete de mettre 16 ou quoi"" ""c'est bon ? ta compris mtn faut quon fasse a deux sinon ca sert a rien"" ""melange explosif "" ""oui"" ""tu vas pas gagner que 2 balles"" ""a"" ""26 c le mieux"" ""ok"" ""26 pareil "" ""DONC MET 26 ET LA PERIODE TU 15"" ""si tu veut le dernier gain je te le donne "" ""regarde "" ""met 28 "" ""met 28 la "" ""comme ca tu gagne 60 je sais pas quoi"" ""tA CAPTER "" ""sinn 26 26"" ""dit moi"" ""28"" ""nawak"" ""excuse"" ""si toi tu met 18 "" ""je me suis tromper "" ""moi je met 28"" ""T'en a combien ?"" ""non t'es fou tkt"" ""termine le dialogue a chaque fois ca va plus vite"" ""j'ai dit le dernier "" ""tu met 8"" ""Maintentant 28 et periode 20"" ""LE DERNIER "" ""BON "" ""jetait sur que tavais pas compris "" ""vas y je met 18 je me suis tromper"" ""pck t'aller mettre 18 mtn"" ""alors que je tes dit le dernier "" ""mtn zap"" ""bah je me suis tromper"" ""marocain algerien tunisien ?"" ""marocain"" ""et turc"" ""met 26"" ""26 pardon"" ""Bah c mtn"" ""je voulais mettre 28 ca mere"" ""mais c bon trop tard """
1,1,1,"""celui qui met 18 va perdre 7.56"" ""oui on gagne 41.91"" ""ya pas mieux fait confiance "" ""le mieux pour nos gains c'est qu'on fasse 26026"" ""sur deux coup on prend 82"" ""260260"" ""oui c'est sur"" "";)"" ""mdrrr"" ""cherche mieux dans le calculateur mais sa m'etonnerait"" ""au final on va prendre 12 euros"" ""oui je pense bien aussi"" ""ah oui bonne idee"" ""chacun"" ""vien on accelere"" ""nan faut baisser"" ""26 26"" ""tjs"" ""25.4"" ""25.8"" ""en tout cas belle chemise rouge"" ""alors que 41.96"" ""appuie sur termnier dialogue"" ""oui je suis sur tkt "" ""on prend 41.94"" ""comment sa "" ""mais pk 26/26 on totalise 41.91"" ""je pense que c'est le mieux"" ""bah nan psk sur deux coup tu prend 60"" ""plus 5 euros "" ""je pensais a sa sa ma gave"" ""si on appuie nous deux "" ""jaurais essayé"" ""si on appuie tous les deux on passe à letape suivante"" ""25.4"" ""sa sert l'economie "" ""oui pareil"" ""psk si on part sur 18/28"" ""a chaque fois"" ""c'est le max qu'on peut faire a deux "" ""sinon on reste sur 25.4"" ""fait moi confiance"" """" ""sont cachés"" ""on fait tout tous en même temps"" """" ""que les plus gros gains"" """" ""puis tu perd 7"" """" ""la courbe est croissante décroissante"" ""26.5"" ""si tu met le tableau sous forme d'un algo pusi d'une fonction "" ""ça changera rien"" ""vec le calculateur"" ""impossible d'avoir un benef plus haut à 2 "" """" """" """" """" ""ça fait 750 face à 1200"" ""25.8"" ""tu gagne plus "" ""part du principe"" ""ouai "" """" ""tu peux arrêter de chercher"" """" ""17"" ""cherche des chiffres qui sont pas dans le tableau"" ""18 / 28 pour commencer"" ""c'est l'extremum 25.4"" ""part sur 18 /28"" ""raté"" ""oublei en fait"" ""fin"" """" ""'est chelou"" ""et l'extremum c'est ce qu'on a "" ""c"" ""a"" ""nan ça attend que tout le monde ait finit quand même"" """" ""pusi tu reprend 68"" ""en fait"" ""sur 30 coups"" ""haha"" ""tu prends 68 "" ""ya 0 logique math dedans en fait"" """" ""on fait une fois chaqu'un"" ""la meme"" """" ""sur ?"" """" """" """" ""faut attendre tout le monde"" ""j'continue à chercher quand même"" """" ""en fait"" ""c'est archi long par contre"""
1,1,1,"""tu veux mettre quoi"" ""salut "" ""j ai pas bien compris le jeu"" ""ok"" ""salut "" ""28.0"" ""je mets quoi j,ai pas bien compris le jeu"" ""mets  28.0"" ""salut tu veux metre quoi"" ""salut "" ""met 28 "" ""hola"" ""?"" "":p"" ""salut tu veux mettre quoi "" ""20.0"" ""met 28"" ""salut je mets quoi j'ai pas bien compris le jeu"" ""mais non dit moi "" ""tu connais mieux que moi"" ""salut"" ""tu mets cb "" ""tu vas mettre quoi"" ""salut je mets quoi "" ""tu mets cb "" ""salut"" ""met 28.0"" ""hola"" ""123456789"" ""je mets quoi "" ""tu veux mettre quoi"" ""tu choisis quoi "" ""tu vas mettre quoi"" ""ok"" ""ezane non"" ""comme ca tu gagnes bien vasy"" ""28.0"" ""mets 28"" ""ils sont presses"" ""j'ai pas bien compris le jeu"" ""tu choisis quoi"" ""mets 28.0"" ""ciaoooo"" ""salut "" ""met 28.0"" ""ok"" ""salut"" ""ok merci"" "";)"" ""salut "" ""salut "" ""16"" ""ok"" ""28"" ""tu mets combien toi ? "" ""28"" ""et toi ?"" ""met 28"" ""16 et toi ? "" ""met 28"" ""16"" ""ce que tu veux"" ""22"" ""28"" ""14"" ""ok"" ""14"" ""met 28"" ""26"" ""daccord "" ""salut"" ""daccord"""
1,1,1,"""cest toi avec les lunettes ?"" ""bien"" ""dis le "" ""une autre proposition interessante ?"" ""26"" ""mon choix ?"" ""oui"" ""mets  25.9 "" ""25.5"" ""mon choix  18"" ""ok"" ""le dernier"" ""on fait 28 ?"" ""comment on fait"" ""bonjour"" ""."" """" ""ok"" ""si ca te plait onn le fait"" ""si tas une autre idee"" ""ou buien onfait 28."" ""alors  25.5"" ""salut"" ""oui"" ""ahah egalement"" ""(28. 28 )"" ""ko"" ""hey"" ""ok"" ""(28;28)"" ""5"" ""alors"" ""on fait 25.9 "" ""yes"" ""on le fait ?"" ""enfin"" ""ou on fait  26 "" ""les  2"" ""hey"" ""oui pas mal"" ""la proposition que je tai dis"" ""supperr"" ""dans la feuille ou il y a ecrit choix de lautre 28 et mon chioix 18"" ""ok 26"" ""(25.5 ;25.5)  "" ""choix de lautre  28"" ""alors ?"" ""et regarde le gain "" ""oui "" ""ouii"" ""cest bon aors"" ""as always"" ""mais mieux"" ""salut"" ""28 28 ?"" ""??"" ""aussi "" ""jai cherche mais ya rien"" ""oui"" ""ok"" ""5"" ""25.5"" ""ahhah"" ""on reste  sur  28"" ""alors ?"" ""hahah oui"" ""2"" ""oui"" ""cest quon aura  68 point"" ""cest mieux"" ""ca marche"" ""ok"" ""sur ton choix et mon choix "" ""on fait (26.0;26.0)"" ""le*"" ""Salut"" ""haha"" ""Et on voit"" ""?"" ""Essayes 28"" ""(26;26)"" ""non j'ai cherché"" ""Oui"" ""Bon le but est de prendre les plus gros benef au milieu a droite du tableau"" ""25.5"" ""(28;28) ça te parrait bien ?"" ""c'est un peu mieux"" ""25,9"" ""Du coup ?"" ""J'ai pas vu"" ""40*30=1200"" ""On reste a (25,9;25,9) ?"" ""On reprend le 26 26"" ""plus les 5"" ""26 26"" ""On continue comme ça alors"" ""Ok"" ""Non j'ai pas trouvé grand chose"" """" ""Ok moi j'continues sur 28"" ""Comme d'habitude"" ""Moi ça me semble raisonnable"" ""o"" ""le 25.5 de la fin"" ""On change rien jusqu'a ce que l'un de nous deux ait une nouvelle idee"" ""C'est plus ou moins que 26;26 ?"" ""Non toi fais 28"" ""25.5 Toujours, y'a pas mieux j'pense"" ""(28;28) reste comme ça"" ""Tu me dis si tu trouves une meilleure méthode"" ""Comment ça 25.9"" ""C'est quoi le gain ?"" ""Non j'préfère garder le (28;28)"" ""On s'en sors bien"" ""Oui"" ""(On essaye si tu veux"" ""ok ok on mets 25.9"" ""J'ai un plan pour gagner 60"" ""(26;26)"" ""(28;28)"" ""termine la dialogue comme ça c'est vite fait"" ""les autres idée elles sont benef que pour moi"" ""c'était l'avant dernier"" ""Ok ok"" ""l'argent arrive"" ""Moi j'trouves ça bien"" ""Bon on reprends sur (26;26)"" ""k"" ""De benef"" ""Laquelle ?"" ""j'te laisse observer les donnees les plus positives"" ""oui"" ""OUi"" ""Ok"" ""41.92"" ""Ok les deux a 25.9"" ""on essaye si ça march epas"" ""C'est bien !"" ""25,5"" ""Oui"" ""Tu vas prendre 28 jusqu'a la fin"" ""25.5"" ""En gros on sort avec 15 euros"" ""Ok"""
1,1,1,"""pareil :)"" ""confiance"" ""bon 28.0 tout les 2 c'est bien aussi^^"" ""pour avoir trouvé cette combinaison"" ""définitivement"" ""26.0 on réfléchit plus"" ""ah ok"" ""refait 26.0 moi aussi "" ""merci et bravo"" ""26.0 on bouge plus "" ""26.0 et 26.0"" ""26.0 jusqu'au bout!!!!!!"" ""surprise"" ""parfait"" ""encore ^plus moi 10.0 et toi 28.0"" ""je continu 26.0"" ""bon "" ""ouaip"" ""ok moi 28.0 toi 18.0"" ""pareil"" ""oui"" ""bonjour"" ""ok"" ""donc là 26.0"" ""ok ok"" ""égalité"" ""si on met 26.0 tu sors tu négatif"" ""on est à égalité :)"" ""maintenant on peut alterner "" ""apres on refet 26 et 26"" ""traitre mdr"" ""26 puis 26 jusqua la fin"" ""tu avais de lavance et je devais la ratraper desoler maintenant on refet 26 ?"" ""tu es nul"" ""merci detre de comfiance on se retrouvera dehors le poche pleinne ;)"" ""bonjouir"" ""bon mainteant on est presque egaliter appart que tu as un peu plus mdr"" ""je met 28 "" ""tu veux gagner des sous ?"" ""26 cest mieux tout le temps "" ""mainteant met toi 28 et moi 18"" ""met 18 comme ca on revient a egaliter sinon je metb 0 tout le temps et tu perd tout "" ""26 toout le temps !"" ""parfait "" ""bon 26 et 26 tout le temps ?"" ""mes tout"" ""et on change plus sinon je met out le temps 0"" ""desoler je voulais mettre 26 je me suis juste trompe :/"" ""mais dazbord tu mes 28 et moi 18 comme sa on revient a egaliter"" ""18 et 28 plutot ?"" ""oui"" ""tu veux pas mettre 28 etb moi je mes 18 ?"" ""je me suis tromper je voulais duire 28 pour toit mdr "" ""comment ca ?"" ""et tu perdra tout donc me la mes pas a l'envers "" ""et apres on faity 26 tout le temps si tu veux "" ""non met 18"""
1,1,1,"""Fais 28 et moi 18"" ""la on reprend 26 26"" ""daccord "" ""Parfait on a trouvé la cominaison, on fais 26 26 tout le temps et on aura 17 euros, mon pote la deja fais hier"" ""tu as 5 fois 60 et moi que 4 fois 60, il faut que tu refasse 26 et moi 18 une fois pour etre a égalité"" ""on fais 26 chacun plutot"" ""Merci"" ""a moi de faire 26"" ""cette fois je fais 26 et toi 18 et on inverse"" ""on refait 26 26 alors"" ""Tranquille"" ""daccord"" ""je pensais à ca, parfait "" ""et on gagne plus rapidement"" ""maintenant je fais 26"" "" d accord"" ""oui "" ""negatif"" ""D ACCORD"" ""En faisant comme ca on devrai normalement gagné 20 euro"" ""il faudrai même faire le dernier et avant dernier 26 26 sinon y en aura un qui sera plus perdant que l autre"" ""même un peu plus"" ""cool "" ""et si on faisait a un moment moi 18 et toi 26 et le tours prochain l'inverse comme ca chacun gagne 61 "" ""vu qu'on gagne pas a gagne fois 60 chacu"" ""D accord"" ""oui voila"" ""ca marche"" ""MES GAINS SONT N2GATIF"" ""ON FAIT CA JUSQU a LA FIN ET LE DERNIER on refait 26 tous les deux comme ca on est pareil"" ""JE CROIS QUE J4AI FAIT UNE ERREUR AUTANT ON EST PERDANT A FAIRE COMME CA"""
1,1,1,"""oui"" ""oui !!"" ""oki merci "" ""comme tu veux 28 ou entre 20 et 28 ? "" ""bon on joue la sureté ? 28"" ""Si on est honnête on s'ennui lo "" ""il fau qu'on trouve la combinaison ou on gagne le même nombre de point "" ""beaucoup de fautes en peu de mots.. dsl"" ""je pense que toute la salle a fait la même stratégie "" ""Si 28 tout les deux on fait 41 points oki"" ""si on met un chiffre entre 25 et 28 on gagnera pas le même score mais plus de points je pense"" ""oki "" ""on va faire ca 30 fois lol "" ""On refait 28 ou au pif entre 22 et 28 ? "" ""lol"" ""je pense qu'on gagnera plus de point si on fait au pif à deux entre 25 et 28 "" ""ok d'après ce que j'ai compris pour faire des points il faut qu'on mette tous les deux un chiffre supérieur à au moins 20"" ""oui"" ""oki 25.6"" ""lol c'est passionant "" ""on fait comme ca ? "" ""ok"" ""oki pour 28 c'est deja super comme score"" ""oui je comprends ... on fait un essais au pif sans plage de chiffre ? "" ""oui on y est presque !"" ""on y arrive presque !"" ""non mais il n'y aucun problème "" ""J'ai beugué j'ai cru qu'on faisait la plage 20_28"" ""a ouais ? oui on continu"" ""on continu comme ca "" ""dac"" ""re 25 "" ""En fait c'est un jeu fait pour des calculateurs pas très honnête "" ""on continu comme ca ? j'ai testé d'autres chiffres mais 25,6 c'est le mieux pour nous deux"" ""on fait ca jusqu'au bout du coup pour agner du temps on peut terminier dialogue ? "" ""dac"" ""Bonjour, on tente au pif, avec le moins de risque ? "" ""alor plus grand que 20"" ""encore 5 fois "" ""ou 4"" ""super"" ""28"" ""mais on va continuer haha"" ""25.6 "" ""okeee"" ""25 25"" ""é_"" ""je peux chqnger la tecnique mais qqn va perdre "" ""c est un peu +"" ""hahaha oke c est bon on est honte "" ""desole "" ""je ne suis pas sur "" ""je crois "" ""parfait "" ""oui je crois que c est mieux"" ""oui "" ""on peut essayer une fois"" ""oui oui j ai teste aussi "" ""juste entre 20 et 28 "" ""nous avons encore 3 fois"" ""ouiiiiii"" ""oui "" ""28"" ""20 et + par exemple"" ""Bonjour ; + que 20 "" ""25.6 "" ""c est 12e "" ""oke "" ""28"" ""oui "" ""oui oui ca marche "" ""on va continuer avec 28 ou "" ""on va gagner + que 12e hahahaha "" ""oui oui je suis daccord "" ""si on continu comme ca on aura 30*40 ca fait 1200 "" ""mais c est le meileur choix pour les deux "" ""haha"" ""encore 15 fois comme ca"" ""on verra apres pour les autres "" ""oui oui ca marche "" ""hahah"" ""28 28 "" ""je crois que c est mieux de joue 28 28+"" ""avec é_ c est sur qu on va gagner les deux"" ""alors entre 25 et 28"" ""c est sur "" ""25.6 "" ""j ai compris """
1,1,1,"""pourquoi tu choisi toujours des nombres assez petits"" ""ca ne marche pas comme il faut"" ""bien"" ""vive le 26!!! :D"" ""tu as choisi 26?"" ""oui"" ""voilq"" ""et comme ca jusqu'a la fin"" ""26"" ""pour returner les points"" ""26 toi"" ""ce quoi cette experimente"" ""comme ca tu gagne"" ""oops"" ""on va voir que se passer"" ""parfait :)"" ""encore une fois"" ""ensemble"" ""tu ne veux pas parler avec moi((((("" ""moi aussi 22"" ""maintenant toi 22 et moi 28"" ""mais toi seulement 2.0 ou 4.0"" ""chosi quelque chose plus grand"" ""tu 28"" ""ok"" ""aaaaaaalooooooooooooo"" ""mais pq tu qa gagner seulement 11 points?"" ""okay"" ""moi 22"" ""tu doit chosir des nombres plus grands"" ""ok"" ""donc"" ""ahahah"" ""essayer d'ecrire quelque chose :DDD"" ""je choisi toujours de 10.0 ou 12.0"" ""il est le plus forte :D"" ""26 a du pouvoir :DDD"" ""on a seulement encore 4 seances...pour gagner plus des euros  on peut toujour choisir 28"" ""il fait mieux"" ""on gagne plus si on choisi 26"" ""ok"" ""moi aussi"" ""moi 28"" ""comme ca on a gagne deja 0.5 euro"" ""26 moi"" ""ok"" ""j ai trompe"" ""et 26toi"" ""ok"" ""ouiii"" ""et apres on change"" ""moi"" ""26"" ""et toi aussi"" ""oui"" ""ok"" ""mentnqntt 28 moi"" ""moi"" ""26moi et é- toi"" ""26"" ""alles"" ""cette fois je vais choisir 26"" ""j sais pas"" ""et toi"" ""pqrdon"" ""alors tois 18"" ""on va le meme"" ""28"""
1,1,1,"""pardon"" ""Trop long ce truc "" ""Il faut qu'on se mette d'accord"" ""en fait on peut soit gagner un peu moins mais tous les deux"" ""Tu as compris ? "" ""Non"" ""voir combien de temps les gens mettent à trouver la meilleure startégie"" ""T'es pas trop petite pour voir au dessus de ton box ? "" ""Si on joue tous les deux la même chose on gagne plus"" ""ouas l'agneau c'est bon !"" ""on gagne un peu plus si on met 24 chacu"" ""Snowboard"" ""Au dela de ça c'est soi toi soi moi qui gagne"" ""26"" ""41.70"" ""mais pas d'indices !"" ""C'est de mettre 28"" ""c'est très bien il faut continuer comme ça"" ""alors que si je joue 28 et toi 18, je gagne beaucoup mauis toi tu perds"" ""la on fait 41 par tour"" ""yes tas eu la meme idee"" ""sans donner d'indices hein"" ""donc on reste sur 28?"" ""ouais je pense aussi"" ""c'est mieux 26 chacun"" ""Salut !"" ""ben si tu gagnes 69 en deux tours"" ""haha pas d'indices !"" ""j'pense pas"" ""bah là on se débrouille pas trop mal je pense"" ""mais je pense que c'est ça le but"" ""soit yen a un qui gagne plus que l'autre"" ""bah nan"" ""il vaut mieux qu'on gagne moins mais tous les deux"" ""avec 28 on est a égalité"" ""hahahaha"" ""nan moi j'suis sur que tu te trompes pas !"" ""genre est-ce qu'ils regardent pour le groupe ou ils pensent qu'a leur gueule"" ""hahaha tkt j'ai failli me tromper aussi"" ""Argh"" ""Le meilleur choix pour nous deux"" ""la meilleure stratégoe c'est 28 chacun"" ""je pensais que tu voulais jouer autre chose..."" ""Ahhh ça dépend hein"" ""comment je ferais ? je ne sais pas qui tu es"" ""haha"" ""Qu'est-ce que tu veux jouer ? "" ""ok pour ce coup ci c'est bon"" ""on met tous les deux 28"" ""Si on joue tous les deux 28 on gagne la même chose"" ""Tartiflette , "" ""c'est superman qui a le slip"" ""parce que dans les autres cas, un tour tu vas gagner 60 et le tour d'après tu vas perdre 20"" ""pour le coup, oui"" ""l'auto bashing sur les maths aussi"" ""69 et quelques en deux tours"" ""En cryptonite ? "" ""un humaniste masqué alors"" ""j'sais pas quelle heure il est ?"" ""tu vois là on gagne 41 tyous les deux"" ""c'est batman vs superman qui m'a trahi ?"" ""C'était chaud de se mettre d'accord avec 1 minute de chat'"" ""haricots ou lasagne ?"" ""j'suis un humaniste c'est tout hahaha"" ""au final c'est mieux à l'endroit"" ""porc ou mouton ? "" ""si tu veux"" ""Il faut que tu me fasses confiance"" ""m'a gavé cette chanson hahaha"" ""Trop sympa... Encore une fois..."" ""ça fait 34 par tour"" ""26"" ""bah quand tu voulais \q'ééquilibrer\q"" ""la on fait 41"" ""si on est pas d'accord on va faire nimporte quoi"" ""soit 82 en deux tours"" ""Et dire que j'aurais pu abuser de toi..;"" ""Comme ça on gagne la meme chose"" ""J'lai même pas fait"" ""je reconnais ton style d'écriture !"" ""ouais haha"" ""ça commence à etre long là "" ""caca partout"" ""Je vais jouer 28 et toi aussi"" ""eh oh, typique avec le mais heu"" ""ça y est j'ai faim"" ""c'ewst comme si tu gagnais 34,5 par tour"" ""eh oh"" ""T'es trop un(e) psychologue"" ""ça ça te trahit hahahaha"" ""Hiver ! à fond"" ""Fondue savoyarde"" ""mais j'suis pas trop reine des neiges perso"" ""ouais encore 20 minutes minimum quoi"" ""batman est humaniste"" ""dégueulasse"" ""il reste 21 tours encore"" ""Tkt j'ai l'habitude des tableaux"" ""boude pas "" ""viande ou poisson? "" ""le fait que tu demande naivement a un inconnu \qsil te plait laisse moi gagner un tour\q aussi hahahahah"" ""J'ai regardé le tableau je ne pense pas"" ""tu gtagnes 68"" ""?"" ""jsuis sur qu'ils relisent les conversations"" ""si tu mets 18"" ""20"" ""tu me crois qi je dis \qpas fait exprès?\q"" ""viande"" ""pfff"" ""je t'ai repéré à 10 000 kms !"" ""ahah dc on a un bonhomme de neige"" ""lasagne"" ""si je mets 28 et toi 20 ca fait 67 / 2"" ""on gagne 65 en 2 tours"" ""ah .... je me tate"" ""euh 69 en 2 tours"" ""porc quaf si c'est de 'lagneau :D"" ""sauf*"" ""non ..."" ""oui voilà, on fait ?"" ""alors que tu as compris le tableau ^^"" ""et ? j'ai tenté ma chance"" ""oui"" ""hein ?"" ""t'aurais pu dire non, je savais pas trop à ce momebnt là"" ""re !"" ""libérée délivréeeee"" ""pourtant c'était cadeau là ..."" ""je pense pas aussi en fait, mais bon"" ""bon, j'ai pas tout compris"" ""si tu gagnes 65 au 1er puis 2 au 2nd ?"" ""tant qu'on reste ds le positif tt les 2"" ""et 18"" ""raclette aussi"" ""et toi ? hiver ou été ?"" ""pour moi"" ""mais euuuuh "" ""ahah je comprends rien, bon on met quoi ?"" ""?"" ""ah ouais je suis con, ahahaha"" ""c'est toi le psychologue, je ss sure !"" ""si je mets 18 on gagne 68.21"" ""prtant je fais de mon mieux ^^"" ""uuuuh ca y est il s'enflamme !"" ""bon, on va parler météo et plat de ce midi alors "" ""mdrrr"" ""je pense aussi"" ""?"" ""ok "" ""on peut pas gagner plus que 41.27 ?"" ""allez plus que 11 tours"" ""non du tout, tant wqu'on est pas xd'accord, je bouge pas"" ""ou madame des neige ?"" ""genre t'as le slip et la cape ?"" ""... ^^ oui, 28"" ""j'ai un bon caractère "" ""oups !"" ""et t'as pas voulu me la faire à l'enver"" ""j'entends ton clavier !"" ""tounée de cafés à la sortie !"" ""ca ca reste à voir"" ""j'utilise le calculateur de gain pr comprendre"" ""allez plus que 3"" ""je t'ai aps trahi hein !"" ""ok"" ""^tu aurais pu profiter de ma niaiserie !!"" ""du coup on va mettre 28 pdt 2h ?"" ""en fait, j'ai calculé d'autres combinaisons, et ca revient à gagner 80 en 2 tours"" ""environ"" ""pwouapwouapwouaaaa"" ""tu me dois un café"" ""évidemment !"" ""^^"" ""je savais que t'étais pas trop reine des neiges"" ""oui voilà"" ""on doit attendre tt le monde je crois ..."" ""grave"" ""10h45"" ""et à chaque fois le total c'est 100 "" ""yep, c'est parti"" ""montagne ou littoral ?"" ""what ?"" ""ok, je comprendrais plus tard"" ""on a dit pas d'indice !!"" ""je sais"" ""merci ! "" ""ok"" ""s"" ""le batman des humanistes donc ?"" ""on peut pas faire un tour chacun à 60 / 30 par exemple"" ""on peut atteindre une 15aine d' c'est ca N*"" ""mais comme je comprends pas le tableau"" ""en 2 tours on gagne 90 au lieu de 80"" ""batman a un slip renforcé"" ""dsl je ss vrmt une brèle ac les chiffres "" ""mais je me trompe peut etre ..."" ""eh oh !"" ""il sert à quoi le tableau ??"" ""s'ils comprennent le système !"" ""c'est aps la mm couleur que son legging"" ""rooo ca va être long !"" ""je t'ai vu !"" ""mais euh"" ""oh sale"" ""?"" ""je mets 18 au prochain tour comme on se remet à égalité ? :D"" ""ton slip en cryptonite va prendre cher"" ""si gros caca boudin"" ""on va pas finir à l'avance ..."" "" il n'y a que le style qui m'a trahi ?"" ""ac 26 c "" ""je crois qu'on peut pas gagner plus sans léser l'autre"" ""en quoi ca m'a trahi ?"""
1,1,0,"""je ne sais pas je regarde le tableau "" ""je met 18 et tu mets 28 cette fois? "" ""ah bon?"" ""ou 28 comme tu veux "" ""on met 18 et 18 ? "" ""on gagne encore plus si moi je mets 20 et toi 26"" ""on va mettre toujours le meme non ? "" ""ok "" ""on fait 28 alors?"" ""oui"" ""en fait ce n'est pas la bonne solution, il faut trouver un autre chiffre "" ""on fait ca?"" ""oui ok on fait ca "" ""on met 16 et 16 ? "" ""12 ou 28 ??"" ""je mets 20 et toi 26 ? "" ""28 et 28 ? "" ""oui "" ""on met 16 et 16? "" ""essaye de repondre plus vite "" ""ouais"" ""ca te va si on met toujours 28?"" ""28 28"" ""expliques moi ta stratégie"" ""non moi je perds si on fait ca... "" ""28 et 28?"" ""on revient sur 28 et 28 au moins on gagne plus"" ""au*"" ""ok"" ""mets 28 et je mets 18 ok?"" ""on met tout les 2 16? on moins on perd rien et on gagne"" ""d'accord"" ""je te propose qu'on reste sur 28 c'est le truc le plus équitable"" ""oui vas y 28 et 28"" ""je t'ecoutes"" ""ok maintenant on est à égalité donc on fait 28 28 ou pas??"" ""expliques moi ta stratégie que je puisse la suivre"" ""on peut faire 28 pour toi et 18 pour moi et apres on echange? que je me refasse un peu"" ""si on met 25.6 tout les 2 on gagne un peu plus essayes"" ""là je met 12 et toi 22?"" ""si on regarde le tableau, on voit que c'est avec 18 et 28 qu'on peut avoir les meilleurs gains donc je te propose qu'a chaque session on inverse, une fois tu mets 28 et moi 18 et apres on change ok?"" ""la on inverse je mets 18 et tu mets 28 dacc?"" ""tu mets quoi là?"" ""ok"""
1,1,1,"""le tour d'apres je choisi moi 28"" ""bon on alterne"" ""26 jusqu a la fin"" ""c a dire"" ""c toi a cote de moi?"" ""prend 26 c mieux"" ""prend 18 mnt je prend 28 et tu verra"" ""d'acc"" ""26 c mieux"" ""toi 28"" ""on peux pas gagner mieux"" ""faut prendre le meme chiffre"" ""ok maitre"" ""j'ai compris"" ""68 on gagne"" ""tout les deux 26"" ""prend 18"" ""nickel ;-)"" ""choisis 28 et moi 18"" ""28"" ""c plus que 70 et 5"" ""c pas mieu de gagner 41 a chaque fois?"" ""j'ai -7"" ""mdr"" ""on gagne 41 tout les deux"" ""j'ai du retard"" ""300 point"" ""je peux ?"" ""41*2"" ""c bon 28?"" ""on gagne mieux ainsi"" ""comment tu sait que t pas a coté donc tu sait quel poste je suis "" ""20"" ""ouii"" ""mnt moi18 toi 18"" ""mdr"" ""soit pas bete lit le tableau"" ""c vrai"" ""tu prend quoi toi 20?"" ""oui"" ""non"" ""oui"" ""On en est à cb a peu pres "" ""oui"" ""ok"" ""met terminer dialogue "" ""ok"" ""je pense pas"" ""et on alterne"" ""ouep"" ""26 et 26 c le mieux en fait"" ""ça va plus vite au moins "" ""mieux vaut mettre tt les 2 des grands nombres"" ""ok"" ""non"" ""faut faire 20 et 28"" ""26 jusquà la fin pas de trahison mdr"" ""on continue comme ça? "" ""ça nous fait gagner 70"" ""bah ouais c'est pour ça "" ""non"" ""sauf les petits"" ""si on avait fait ça depuis le debut on aurait eu environ 1200pts chacun "" ""bah oui "" ""oui"" """" ""ok"""
1,1,1,"""faudrait choisir plus gros pour gagnger plus de points "" ""la famille les amis ?"" "":)"" "":)"" ""26 "" ""tu vas être déçu(e)"" ""daccord "" ""Tu regardes des séries?"" ""okay "" ""*hey "" ""si on met un mçeme nompbre on a le même gain "" ""okay"" ""mdr"" ""si on choisit tous les deux le 26"" "":)"" ""c'est mieux :)"" "":)"" ""et faudrait que tu réponde aussi :)"" "":)"" "":)"" "":)"" "":)"" "":)"" "":)"" ""du tout "" ""a chaque c'est le plus optimal"" "":)"" ""c'st bon "" ""moi aussi en vrai après les éries ça dure plus "" ""des choix dans le vide "" "":)"" ""ou tous les deux 28"" ""ahhh bien !"" ""pas fait exprès :)"" "":)"" """" ""répondre "" ""on est tous les deux gagnants "" ""c'est le plus optimal "" ""c'est décevant "" ""le choix il est par rapport à quoi ?"" ""des films à proposer "" ""Sinon les cours ça va ?"" "":)"" "":)"" ""ca va :)"" ""oke"" ""ce n est pas interessant  :)"" ""oke"" ""et toi"" ""hahahha"" ""oke, je vqis choisir plus de 20"" ""c est ,ieux avec 26"" ""je prefere des films :))"" ""24"" ""un peu hahah"" ""oui"" ""ok"" ""?"" ""on peut 25.5"" ""oui"" ""on fait 26 jusqu a fin "" ""hahah """
1,1,1,"""22"" ""sa marche alors "" ""on inverse?"" ""merci"" ""26"" ""salut"" ""je vais mettre 22 "" ""met 20 moi je met 28"" ""ok moi 16"" ""je vais mettre 20"" ""je met 28"" ""ouais on fait sa jusqu'à la fin si tu veux"" ""ok"" ""tu vas mettre quoi commr gain?"" ""oui "" ""2"" ""mets 24 et moi 28 si tu veux bien"" ""pas de problème pour moi si on fait ca jusqu a la fin"" ""je mets 18 pour le prochain"" ""en 2 périodes ca nous fait environ 82"" ""salut"" "";)"" ""je pense que le plus rentable pour nous deux c est de faire 26/26"" ""desole pas vu le temps passé"" ""je te laisse ajuster pour que tu sois en positive cette fois"" ""je mets 20 pour le prochain"" ""ok"" ""18"" ""je mets 26"""
1,1,1,"""toi 28"" ""je te le dit jai rien compris"" ""ça marche"" ""ok d'accord"" ""je met 24 ?"" ""je mets ?"" ""je met 28"" ""je mets combien ?"" ""oui"" ""donc la je mets 2"" ""enfiiin la derniere"" ""ouais"" ""d'accord"" ""sa s'est fait tout seul"" ""oui"" ""j'en peux plus de cette chaise la "" ""ouais mddddrrrr"" ""ok ca marche"" ""d'accord "" ""je suis forcer de t'écouter vu que je comprend rien"" ""ok ca marche"" ""heureusement t'es la psk je suis perché moi mdddrrr"" ""pareil "" ""ok"" ""je met 6"" ""oui"" ""d'accord"" ""d'accord"" ""ok 28.0"" ""ok"" ""d'accord"" ""alors moi, ouais d'accord"" ""d'accord"" ""d'accord"" ""mince je pensait qu'on devait refaire le contraire"" ""je met combien la ?"" ""ah bon"" ""ok c bon"" ""mdddrrr"" ""ok"" ""je met combien la ?"" ""j'ai pas terminer le dialogue"" ""salut"" ""28?"" ""ok ca marche"" ""oui"" ""ca marche"" ""d'accord"" ""oui"" ""mddrrrr"" ""bah ouais mddrr"" ""oui"" ""ouais c'est sa"" ""sa mennuie ce truc"" ""ouais"" ""ouais enfiiin "" ""moi 10"" ""alors je mets "" ""alors "" ""haha"" ""grave"" ""haha"" ""plus "" ""mdrrrr"" ""fallait pas "" ""appuie"" ""juste que ca ns fera gagner"" ""on est obligé "" ""et on change apres "" ""hahaha "" ""ca marche?"" ""alors je mets 24.0"" ""et je mets 28.0"" ""et toi 28 "" ""notre tour"" ""yes"" ""et toi 28.0"" ""donc là moi je mets 2.0"" ""de collaborer"" ""ah non faut d'abord que tt le monde finisse"" ""donne moi 2 min"" ""ce n'est pas grave"" ""boueg"" ""bouge"" ""pffff"" ""et on fait le contraire pour la prochaine "" ""28.0"" ""que ca ns fera gagner "" ""salut"" ""hahahahahahahha"" ""28 pr moi c"" ""a chaque fois je te dirais vite ce que tu dois mettre"" ""check le tableau"" ""et mnt tu mets 6.0"" ""'est ca?"" ""ah d'accor"" ""terminer le dialogue"" ""et en peu de temps "" ""ca marche?"" ""mdrr"" ""ok"" ""qu'on puisse decider ensemble"" ""hahaha"" ""pr recuperer l'argent"" ""tu mets 20"" ""attends"" ""c'est bon?"" ""ouiii"" ""??"" ""hahaha"" ""donc là tu mets 6.0"" ""10.0"" ""moi 28.0"" ""et toi 28.0"" ""e toi 10.0"" ""et apres faudra attendre"" ""et on fait le contraire apres"" ""ok ?"" ""oui "" ""moi 10?"" ""mais ca ns fera gagner "" ""donc TOI en gros tu mets 28.0 là *"" ""alors j'ai compris un truc"" ""moi 10"" ""elle grince "" ""et toi 24"" ""il faut qu'on choissise tout les deux "" ""?"" ""des nombres"" ""et la derniere"" ""heureusement"" ""j'ai trouvé mieux"" ""ok?"" ""et je mets 18"" ""non"" ""attennnds"" ""alors tu mets 28.0 là mnt"" ""fois"" ""ok?"" ""moi aussi"" ""?"" ""ok "" ""plus que 2"" ""ok"" ""ok?"" ""hahaha "" ""pour laf in "" ""hahaha "" ""rien "" ""j'espre"" ""on ira plus vite "" ""tu mets 28.0"" ""toi 10"" ""et toi 28.0 là mnt"" ""au moins on aurait bien collaborer"" ""alors je mets 6.0"" ""j'en peux plus"" ""ok?"" ""qui vont ns faire gagner le max "" ""okj j'ai trouvé mieux"" ""donc là moi c'est 10c"" ""haha"" ""ok ?"" ""sur les memes valeurs"" ""c'est pas grave"" ""on fera vite"" ""toi 28"" ""juste"" ""ok?"" ""ok?"" ""attensd"" ""ok"" ""et toi 2.0"" ""allez plus qu'une "" ""tu mets 6.0"" ""et on fera le contraire la prochaine fois "" ""ok "" ""hahahaha"" ""jpense que ce sont les bonnes "" ""qui nous feront gagner le plus de points"" ""toi 10"" ""je mets 28"" ""et toi 28.0 "" ""je ne me souviens plus"" ""ok?"" ""moi 10"" ""c vrai qu'on va perdre un peu"" ""et on finit"" ""tu mets 6.0"" ""moi 10?"" ""ok"" ""cette fios ci"" ""moi 28"" ""ok"" ""ok?"" ""mnt tu mets 10"" ""je mets 6.0"" ""parce que perdre -1.22 c'est rien "" ""tout ce que tu veux :D "" ""tkt pas "" ""j'espere"" ""moi 26"" ""on a fait quoi là "" ""fallait pas terminer le dialogue"" ""bien haha"" "":( "" ""on aurait pas fait ca pr rien"" ""donc là tu mets 28.0"" ""tu mets 28.0"" ""oui"" ""le contraire là mnt"" ""alors on reste"" ""et moi 6.0 "" ""qui va pas ns faire perdre "" ""on mets 28 tout les deux"" ""moi 28"" ""qu'on s'entend"" ""28"" ""grave "" ""ok"" ""?"" ""si a chaque fois l'un de nous mise bcp "" ""?"""
1,1,1,"""ouep"" ""au debut on a fait n'importe quoi mdr"" ""non c'est des situations economiques"" ""si tu compte changer de strategie dit le moi"" ""c'est bizard comme experience quand meme ^^"" ""mdr c'est chelou"" ""bref je pense qu'on est bon la"" ""prend le 26"" ""qu'on mette tj le meme chiffre"" ""comme ca on a les meme gains "" ""alors 26 - 26 !"" ""26 - 26 ?"" ""ouai et moi 10"" ""non 28"" ""ta compris le but du jeu comme moi non ?"" ""on fait pareil ?"" ""tu pense faire quoi ?"" ""maintenant on inverse et ça jusqu'a la fin je pense"" ""il faudrait que tu prenne 12 je pense "" ""non le calculateur il sert a rien on a la feuille"" ""18"" ""le meilleur choix serai que tu prenne 10 et moi 28"" ""faut qu'on se mette d'accord pour avoir les meme gain"" ""ouai on esta  26 la eyt on est bien je pense "" ""enfin de gains"" ""c'est avec ces nombre la que l'on peut gagner le plus"" ""c'est d'accumuler le plus de points"" ""enfaite je pense que c'est mieux de mettre 26 et 26 ça rapporte plus de points"" ""on alterne la je vais mettre 28 et toi 10 et apres on inversera jusqu'a la fin"" ""je pense que c'est pour voir comment on se met d'accord"" ""10?"" ""si"" ""oui je pense "" ""grave :D"" ""non 26"" ""ok"" ""ok"" ""me va"" ""oui"" ""quoi d'autre sinon?"" ""oui moi aussi"" ""tu pense pas quil fqut mettre 26 meme pour cqlculqteur?"" ""tu propose?"" ""on verra :)"" ""grave"" ""c'est quoi le but?"" ""pour les rechercheurs je voulais dire"" "":D moi j'ai pensé qu'il s'agit de question ouvert à la base"" ""je mis 28 la"" ""ok"" ""mais c'est presque fini"""
1,1,1,"""26-26"" ""on peut faire 10 fois 10-28 et puis 28-10"" ""c'est bon ça"" ""du coup 1 point c'est 1 centime :D"" ""24-24"" ""on met donc 28 28 toujours "" ""oui"" ""ok"" ""Parce que je regardais par tranche de 0.1"" ""Après la combinaison du 25.4-25.4 nous fait gagner 0.03 points par rapport à celle du 26-26 mais bon ca va presque rien changer à notre gain"" ""26-26 ? Ou on tente autre chose ?"" ""Désolé pour le nombre j'ai pas vu le temps passer"" ""Et le maximum qu'on peut atteindre c'est en mettant tous les deux 25.4"" ""Ca fait peut être gagner qu'un tout petit peu mais ça multiplié par 25 environ, ca fait un point"" ""Je sais pas trop si un point peut changer qqch"" ""C'est ce que j'allais dire"" ""La meme combinaison ?"" ""Alors si j'ai bien compris, plus on met un nombre élevé, plus on aura de points, donc plus de gains"" ""J'imagine qu'on fait ça jusqu'au bout"" ""Ouais c'est ça"""
1,1,1,"""je suis sûr qu'on peut faire +"" ""ok fais 24 et mio 27"" ""mets 10 et moi je mets 28"" ""oui"" ""25 et 25 c pareil"" ""ah ok"" ""jai limpression de parler a un mur"" ""bientot fini"" ""oui tjrs"" ""je m'étaios trompée mais ca revient au meme"" ""ok essyons"" ""que 26 26"" ""essaye 28"" ""apprécier*"" ""regarde 10 t 26"" ""c'est ça ?"" ""vu que j'ai gagné deux fois + que toi"" ""les gains qui vont permettre de gagner"" ""jcrois que t'as un peu + que moi"" ""faut alterner 10 et 28"" ""regarde "" ""le numéro 26 ?"" ""gardons 26 alors"" ""pour rééquilibrer"" ""c'est le total ?"" ""ok"" ""bon duo"" ""jme suis trompé"" ""on fait mtn ça aprse on reprend"" ""ok mettons ça"" ""dis moi"" ""encore une fois ?"" ""comment*"" ""chacun son tour"" ""on alterne 28 et 10"" ""ok "" ""des gains"" ""ok ?"" ""ah"" ""j'ai une question"" ""qui mets quoi ?"" ""si tu mets 26 et mio 6.0 tu gagnes 60.10"" ""on échange"" ""ca nous fera tjrs gagner pareil"" ""vasi mets mtn"" ""faut garder 26"" ""encore 2 periodes"" ""on garde 26 tout le temps du coup"" ""et moi10"" ""en faite ta vu le tableau"" ""faut garde é- sinon"" ""toi 27 et moi 24"" ""fais les calculs avant"" ""*"" ""oui"" ""on reprend 26 26"" ""j'avais peur de ca"" ""a gauche"" ""26-26 ?"" ""c chelou"" ""après on echange"" ""de rien tkt"" ""sinon l'autre va gagner + ou vice versa"" ""moi*"" ""faut regarder en diagonale"" ""oui"" ""ok ?"" ""pour avoir des gains pareils"" ""mtn le contraire"" ""ou c'est individuel ?"" ""viens on fait ma combinaison"" ""termine le dialogue"" ""derniere periode"" ""?"" ""1000 points"" ""donc mes gains + les tiens"" ""pareil ?"" ""oui"" ""ok"" ""c quoi"" ""ah"" ""termine le dialogue"" ""encore 5 périodes"" ""je fais 24 fais 23"" ""ok"" ""je mets 25 ?"" ""ok c bon"" ""t'as raison"" ""?"" ""oui"" ""ou sinon ya une somme plus grande"" ""allez 26-26"" ""vite vite"" ""oui"" ""mais il ma dit que ya une fille qui a eu 17 euros"" ""donc chacun notre tour ?"" ""o met quoi"" ""cest pas grave"" ""j'ai gagné plus que toi comment ca se fait c normal ?"" ""je sais que c'est le bon nombre"" ""c bien ca"" ""mais je sais pas commenty"" ""on fait ça tout le long ou on varie ?"" ""ok alors on échange"" ""oui pass de soucis"" ""oui"" ""apres on alterne"" ""jusqu'a la fin"" ""un mec de ma classe a gagné 15 euros"" ""83 c quand on fait 26 ??"" ""on*"" ""elle est pas mal"" ""termine le dialogue"" ""tu mets quel numéro ???"" ""ya pas 2 s mdr"" ""oui mdr"" ""26"" ""on verra"" ""pour aller + vite"" ""mdrrrr"" ""mdr"" ""ok dis moi"" ""moi 23 toi 24"" ""termine le dialogue"" ""après on échange"" ""oui"" ""faut garder 26"" ""tu veux que je mette quoi"" ""c bon ?"" ""10et 28"" ""c possible"" ""on doit etre a peu près a égalité mtn"" ""essaye"" ""avec ta combinaison on gagne 64 sur 2 tour avec la mienne 83"" ""on reprend 26-26 je suis pas sur qu'on gagne vraiment plus"" ""la quelle"" ""68*"" ""dis moi au début on a fait un test où tu as gagné 60 et mopi 4 ça te derangerais si on equilibrait les gains en le refaisant mais dans le sens inverse ?"" ""faut trouver plus que 83.82 en 2 tour"" ""je crois qu'on aura autour de 1000 points"" ""bah avec une moyen de 40 points le tour ca tourne autour de 1000 et oui ca donne 10 euros de l'experience plus 5 du deplacement"" ""oui c'est normal"" ""parceque 30*40 ca fait 1200"" ""pour maximiser nos gain nous devons alterner nos choix"" ""et oui"" ""ca me paret un bon equilibre"" ""oui c'est ca"" ""certains sont plus egoiste et ne pensent qu'a eux"" ""si je met 28 et toi 10 on gagne 68.22"" ""du coup on fait un tour où tu met 10 et moi 28 et apres on repars 26-26"" ""oui à quelque points pres"" ""ok"" ""oui"" ""oui"" ""oui et apres on echange"" ""ca roule"" ""oui"" ""ok donc 26-26"" ""je met 28 et toi 25"" ""au lieu de gagner 82 tout les 2 tours je pense qu'on peut maximiser en alternant une bonne combinaison"" ""oui on a 83.82"" ""du coup il faut que tu mettes 28"" ""oui"" ""et maintenant tu met 28 en alternant comme ca on maximise"" ""j'essaie de trouver plus interessan mais fesons ca la"" ""en alternant 24 et 27 on peut gagner 0.01"" ""je dis pas non"" ""pourquoi ?"" ""haha oui^^"" ""oui merci"" ""oui moi aussi"" ""peut etre meme un peu plus pour nous"" ""ca ne marche pas comme je le pensais"" ""haha"" ""en regardant le tableau je crois que je mesui trompé et que tu as de nouveau gagné 28 mais tanpis"" ""je dirais l'invers mais ce n'est pas grave"" ""encore 10 fois et c'est fini ^^"" ""oui le 26 est bien"" ""c'est le gain indivuel"" ""en tout cas j'ai appressié faire cette experience avec toi"" ""je crois qu'on peut gagner 1 point avec 24-23"" ""merci :)"" ""ca 73 sur 2 tours au lieu de 83"" ""on peut gagner en mettant 28 et 25"" ""je viens de refaire le calcul et au final on perd 0.3"" ""28 et 25"" ""oui"" ""oui"" ""oui moi aussi"" ""ok"" ""et apres on alterne je met 25 et toi 28"" ""le probleme c'est que ta combi raporte beaucoup mais sur 2 tour non"" ""oui je crois qu'on ne peut pas vraiment atteindre plus"""
1,1,1,"""aller laaaa"" ""je sais que vous nous regardez"" ""mdrr un peu "" ""on partageras les macdo "" ""et pour ceux qui ont pas eu le CROUS enciore"" ""et le WEI aussi !!! "" ""soyons amical"" ""ca fait 30 points"" ""Merci pour tout..."" ""j'ai utilisé ?"" ""tas compris ce que je voulais dire ? "" ""si tu me reconnais ;) "" ""mais quand je fais 24 tu fais 26 et vis versa"" ""graveeee"" ""bon aller le dernier"" ""on aurai pas 1500"" ""ils servent a rien "" ""c'est la premeire fois que je fais un truc coimme ca"" ""je fais 26 "" ""bravo "" ""cetait un plaisir de discuter avec toi sur ce Tinder "" ""plus 1300 en fait"" ""26"" ""t'as été gagnante"" ""j'en doutais pas"" ""le prix ca depend du crous mdrr"" ""oui cest mieux "" ""pourquoi "" ""on va perdre sinon"" ""partageons"" ""tu me raconteras alors"" ""tes meme a ma gauche"" ""on gagne un petit plus que si on mettait 24-24"" ""on est fairplay <3"" ""jarrive pas a trouver une combianaison ou on peut tous les deux gagner plus"" ""je mets 20 "" ""juste on re inverse "" ""je devais mettre 28 merde"" ""cest bien non ?"" ""ca paye deux macdo "" ""bon al capone"" ""on fait quoi"" ""bon c'est bien"" ""non toi t'es pas une etudiante intégrée"" ""on continue 26 alors ?.."" ""mais ya pas 5euro de plus de base ?"" ""tas de la famille la bas ? "" ""on  peut parler qu'une minute c'est nul "" ""c'est bien un WEI"" ""genre un 60 "" ""mais la c'est a milan!!!!"" ""oui tas raison"" ""a milan"" ""demande gentillement"" ""ouais bref"" ""ce serai bien"" ""Serieux ? quel genre"" ""au lonng terme"" ""si onn fait comme ta dit en moyenne sur les deux cout on va gaggner 33 "" ""mets 28 poto je mets 10*"" ""grave c'est la merde le crous"" ""non on continue comme avant"" ""en moyenne la on fait 82 "" ""ce serai bien de partir avec une petit billet bleu "" ""apres au prochain on remet 24 24 "" ""comment ca ?"" ""jarrive plus a ecrire mdrr"" ""si yen a un qui gg 60 lautre gagne R"" ""tas de la familel ?"" ""j'suis fort"" ""alors que tout a l'heurer on a fait moins"" ""et pourquoi pas avec moi ? "" ""je me lasse de faire toujours la meme chose"" ""grave mdrr"" ""alors que la on gagne 42"" ""tes ou"" ""c'est le mieux quon peut faire si on veut gagner la meme chose a chaque fois"" ""ah tes une fille toi"" ""on continue comme avant "" ""me nique pas sur la fin mdrr"" ""mdrr serieux ? "" ""bah oui pourquoi ?"" ""toi aussi pourquopi 4 "" ""aah c'est bien ca"" ""je fais 24 cette fois"" ""on verra"" ""si tas un truc dis moi mais si on veut etrre reglo on continue comme ca"" ""je vois pas d'autres techniques"" ""ah tas pris le risque de pas me prevenir.....;"" ""tu viens au WEI ? "" ""soit on arnaque l'autre"" ""ah mdrrrrr"" ""sinon une fois on fait 24 et lautre 26 "" ""grave je vais m'en souvenir de ce nombre ? "" ""a la base je voulais faire le crevard mdrr"" ""pas dans un camping pourri"" ""jai mal compter en fait mdrr"" ""c'etait drole ca"" ""donc fairplay comme on a dit"" ""mais jai affaire a quelqu'un de reglo c'est bien"" ""MDRRRR"" ""ouais c'est sur"" ""ouais mais bon "" ""\qtas cru cétait tinder\q MDRRRRR"" ""Oui"" ""moi je pense quil devrai se couper les cheveux le mec non ?"" ""ah non "" ""on fait 20 a chaque fois"" ""ahahahah"" ""on met 26-26"" ""jte dis ca a la prochaine sessio"" ""cest toujours moi le premeir"" "":''''))"" ""tas compté les points ?"" ""pq t'aimes aps"" ""MSn mdrr ca date"" ""pour ca jsuis la"" ""maisattends on peut mettre azvec des virrgules aussi"" ""et désolé jai pas voulu tricher javais oublié"" ""ah oui"" ""super site de rencontre"" ""tas le droit de repondre a ca par contre mdr"" ""c'est grave bien comme ville"" ""aller"" ""ca va faire entre 1400 et 1500 points"" ""il enr este deux je crois"" ""je mets 28"" ""Egalement"" ""mdrrrr"" ""malheur en texto personne reponds jamais aussi vite"" ""jattends ton message"" ""j'sais je begaye sur l'ordi "" ""non on arnaque pas on continue comme ca"" ""ca reviendra au meme"" ""promis monsieur qui gère l'experience "" ""26.4 cava"" ""on va gagner combien tu penses ? "" ""en noir ?"" ""j'etais en train de reviser jai controle vendredi..."" ""vines on fait tous les deux 24 on gagne plus"" ""donc 14 balles"" ""mauavis bai lol "" """" ""ouais jespere mdrrr"" ""justement on gagane pareil quand on met le meme"" ""quand on met 24 tous els deux on gagne le plus quon peut gagner en gagnant la meme chose"" ""oui je pense"" ""oui grave"" ""bon ok mdrr"" ""mets 28"" ""je veux rentabiliser mon argent maintenant"" ""oui"" ""ouais c'est toujours ca"" ""sssalutut euhf cavaj"" ""moi non plus ptin"" ""MDR"" ""26 le nobmre fétiche du jour"" ""mais lol"" ""ok je vois ce que tu as voulu faire"" ""mets 28 je mets 20"" ""nan 16 essaye "" ""mets euh"" ""mdr on a mis la mêem"" ""xD"" ""boh on se trouvera bien"" ""même *"" ""j'te fais confience"" ""bonjour il faut beau aujourd'hui !"" ""faudrait partager à somme égale"" ""haha ça lui va plutôt bien"" ""allez 24 ok"" ""non"" ""trop longa expliquer"" ""mais bon pas gagné avec ce crous"" ""yes !"" ""nan comme ça 1 fois sur 2 on ampoche 68"" ""mdr mais le crous est inéxistant stp"" ""allez ok "" ""on fait 10.00 et 28.00"" ""c'trop naz"" ""j'ai toujours un espoire d'être exonerée des frais de sco"" ""alleeeeez ! "" ""on essaye euh.. 16"" ""ok"" ""alooors ?"" ""2 mc do ou environ 2 paquets de clope"" ""ouiii ?"" ""bon bah j'aurai essayé"" ""ok bon je fais 26 et apres on test 24 24"" ""ouais xD"" ""on fait quoi"" ""on peut pas communiquer ce genre d'info"" ""je fais 24"" ""t'es naze"" ""et moi 16"" ""plus l'autre perd"" ""xD après fais comme tu veux.. nous ne sommes jsute deux anonymes"" ""j'te raconterai "" ""24 et 24 c'pas mal t'en penses quoi"" ""go 26.5 et moi 20 alors sinon c'plus drole"" ""lol tu déconnes "" ""MDER"" ""^^ "" ""demande pardon au lord"" ""je disais j'ai toujours un espoire d'être exonérée des frais de scolarité"" ""jamais"" ""t'as cru c'était Tinder ?"" ""j'ai l'impression d'être sur msn et parler avec un inconnu mdr"" ""14 balles + 5 balles de base ?"" ""oui bah c'est bon on reste sur 26 c'est le plus juste "" ""peut être"" "":p"" ""je t'avais dit de faire un coup 26.6 pour qu'on se remette au mêem niveau"" ""a moins que quelqu'un arnaque l'autre"" ""au final on reste gagant"" ""t'en fais depuis lgtemps des exp ?"" ""car la en fait plus une personne prend, plus l'autre en perd"" ""mdr tout de suite"" ""sachant que 100 pts = 1 euro"" ""fais aç"" ""ok"" ""chhhhhuuuuut ! :p"" ""s'il te plaît :p"" ""j'sais pas"" ""de ?"" ""là on a trouvé le milieu exact"" ""en fait c'est soit tu te la joue stratégique"" ""c'est à dire on se répartir les gains egalement"" ""bon pas mal ton gain"" ""mdr"" ""je pense qu'on peut alterner "" ""on inversera a chaque fois"" ""ok ok"" ""oui oui j'ai de la famille italienne"" ""euh ça j'en sais rien.."" ""vite"" ""moi je pense surtout qu'il regarde les boites de dialogue"" ""oui oui bon ok"" ""tu t'adresses à Al Capone"" ""si y'a ça c'est pas pour rien"" ""ils analysent notre prise de décision"" ""j'pense qu'on a bientôt fini"" "":')"" ""nan c'est pas cool je pense qu'ici on a tous ou moins besoin de thune"" ""non tkt"" ""t'açon t'aura plus que moi"" ""au debut j'ai fait 4 et toi 63 j'crois"" ""Vivement les vac! "" "":)"" ""franchement pas mal "" ""yeah !"" ""c'est la vie"" ""nan "" ""pas grâve go "" ""mais bon pas fairplay du tout"" ""boh ça va quand même"" ""ça donne quoi genre"" ""on reste sur combien alors ?"" ""On peut pas utiliser de langage injurieux"" ""c'est à dire ?"" ""26 26 ok"" ""non tu peux pas car automatiquement plus une personne gagne"" ""bon on reste comme ça "" ""j'suis triste"" ""non je rigole"" ""j'sais ap"" ""nan "" ""j'suis pas assez gentille c'est ça"" ""j'l'ai dejà fait l'année dernière voilà tout"" ""j'en ai dejà fait 4"" ""c'est la meilleure manière de nous faire grimper sans arnaquer "" ""moo je suis une merde en calcule"" ""minimum"" ""hello"" ""gain ?"" ""oki"" ""j'sais ap"" ""ouii"" ""genre un coup tu fais 10 un coup je fais 28"" ""mdr "" ""ça va franchement "" ""ok"" ""pk mdr"" ""non on reste comme ça"" ""chaud courage"" ""BREEEEEF"" ""sinon ça va jamais bien grimper"" ""allez à genou !"" ""cva et t"" ""Adieu."" ""tu fais mu-muse avec la ba-balle ?"" ""b..b..b..bbbbbonjour !"" ""mdr"" ""week d'inté ?"" ""heureuse de t'avoir connu"" ""mais calcule aproximativement 47.91 x 30"" ""MDR tu fais ça t'es sérieux"" ""mets 28 moi je mets 16"" ""j'me serai mise avec kkun d'autre j'aurai fait la crevarde"" ""mdrrrrrrrr"" ""quoi que c'estp lus rentable de faire pareil nous deux"" ""l'année derniere y'avait le même test sans la boite de dialogue"" ""tu mets combien ?"" ""MDR"" ""milan j'y vais quand je veux"" ""c'était hot"" ""non mais je suis une personne intégrée "" ""oh ça va ! pense à la somem finale"" ""ce fut un plaisir"" ""somme*"" ""franchement je pense genre 20 euros "" ""on inverse ? mdr"" ""maintenant fait 26.5 mdr sinon c'pas égal :p"" ""oui le prix aussi est cool"" ""bon c'pas mal tout ça"" ""sympa !"" ""ptdrr"" ""tinder pour intello alors"" ""car si on se fait gagner chacun notre tour on sera toujours plus perdant"" ""re"" ""moi aussi "" ""26.5 * pardon"" ""mdr ok :p"" ""ok je mets 20 "" ""nous devons nous dire adieu"" "":'("" ""xD sans blague"" ""mais je pense pas que je l'aurai mdr"" ""bonjour j'adore les experiences youhou"" ""kissou"""
1,1,1,"""moi 28 toi 26"" ""26 26 ?"" ""c bn ?"" ""24 24 toujours"" ""26 28 "" ""vas y "" ""et tu le sais mdr"" ""je mets 26 toi 18 comme ca on fait comme taleur parce que tas fait ca et on recontinue avec 18 28"" ""et inverse apres"" ""on fait toujours ca moi 26 et toi 28 et vis vers ca"" ""sur hein"" ""comment ca ?"" ""22"" ""parfait"" ""26 26??"" ""mais nan mais on perds dans l'histoire je crois"" ""pk ta pas mis 28?"" ""c alpha ca"" ""nan 26 26 apres aussi"" ""moi 26 toi 28"" ""21 "" ""24 24"" ""mtn on reprends 18 28"" ""oui"" ""23"" ""oui"" ""on fait toujours la meme mtn "" ""je mets 18 toi 28 "" ""oui voila "" ""vas y c bn "" ""nan toujours 26 26 "" ""26 26 on gagne plus !"" ""tu mets pas un autre nombre comme taleur "" ""mais pourquoi "" ""parce que sinon je te ferai perdre dans tout les cas"" ""on refais 18 28 "" ""on fera toujours cette combinaison mtn "" ""et non un peu plus"" ""moi 26 toi 28"" ""alpha?"" ""parfait"" ""vas y bas 24 24"" ""oui"" ""vas y "" ""oui y a pas mieux"" ""24 24"" ""mets*"" ""ok?"" ""ouais c mieux "" ""moi 28 toi 26"" ""nan si on fait 18 28 y en a 1 qui perds"" ""on mets 26 pour gagner le max"" ""je commence 26 "" ""3"" ""la je mes 28 et toi 26"" ""je veux pas mamuser je veux les sou s"" ""nan nan personne perds "" ""toujours pareil jusqu'a la fin mtn"" ""c bn?"" ""de ??"" ""donc 26 26 ?"" ""c bon"" ""parce que sinon je perds ! "" ""mtn toujours 24 24"" ""je fais 26 en 1 er et toi 28 apres l'inverse"" ""et on mets 26 les 2 mtn "" ""chacun son tour"" ""26 26 "" ""oui 26 26 on se manque pas "" ""ok?"" ""je sais que c toi mdrrrrrrr"" ""ah nan ouais jai mal lu la ligne"" ""45"" ""encore 24 24 "" ""mtn on fait comme taleur "" ""ok?"" ""il est trop cool le numero 26 ouaaaawwwwouuu"" ""je crois si on fait 26 28 cest mieux "" ""40 "" ""on gagne plus avec 26 26 que 22 22"" ""apres je l'inverse pareil apres "" ""nan nan "" ""on continue"" ""mdrrrr oooookey"" ""la je mets 23 et toi 28 "" ""oui parce que taleur ta fait la meme mdr"" ""nan c nul "" ""mais javais perdu pour toi au tout debut c pour ca moi"" ""9"" ""autant faire 26 26"" ""t sur??"" ""donc 26 26 "" ""vas y "" ""qu'est ce tas fait??"" ""on fait l'inverse la "" ""19"" ""5"" ""daccord pour 26 26 "" ""an 0.20 "" ""je joue comme je veux "" ""ok "" ""je ne dis rien "" ""on fait moi 23 et toi 28 et apres a l inverse"" ""non le meme"" ""24 24 "" ""?"" ""je gagne mntn tu gagne apres mais sans aucun moins"" ""?"" ""ta gagner "" ""au lieu de 82 "" ""ok toi 26 mntn"" ""on fait 22 22 "" ""24 24 "" ""a l inverse mntn"" ""j'ai deja perdu "" ""pour s'amuser un peu "" ""j'ai remarqué qu'on faisant comme ca on gagne tt le temps 82"" ""26 26 alors"" ""si ca coupe on reste "" ""les deux dérnière période on fait un contre l'autre ? "" ""on joue 2 fois aussi "" ""cette fois tu fais "" ""on fait 26 26 mntn "" ""la prochaine période "" ""donc toi 18 et Moi 28"" ""ok"" ""mais en le faisant 2 fos "" ""du coup on continue "" ""ca nous fait 138 moins 114 "" ""oui oui tkt "" ""en la faisant 2 fois "" ""derniere periode "" ""non tkt avant je savais pas "" ""oui"" ""la meme chose que 26 28 "" ""oui voila"" ""toi 28 moi 18 "" ""toi tu devais mettre 18 "" ""ecoute en faisant 18 toi et moi 28 tu gagne 68 et je perds 7 "" ""daccord meme si je ne suis pas sur qu'il y aura une autre période "" ""si je faisait 18 je perdais mois 7 encore une fois "" """" ""pareil"" ""pareil "" ""donc gains de 125 "" ""oke"" ""24 "" ""toi 28 moi 26"" ""qui va faire 26"" ""on fait 26 26 mntn "" ""de perdre une fois et en gagnant "" ""a toi de jouer "" ""oui jje pense que ca la meilleure "" ""peut etre ou pas "" ""tres bien oui "" ""vaz y "" ""? "" ""il nous reste cette période et une autre "" ""on essaie 22 22 "" ""quand c'est écris période 28 en haut a gauche "" ""oui "" ""ok"" ""a l inverse "" ""tu mes 28 et moi 18"" ""vaz y pour 26"" ""dacc pour 24 24 ? "" ""28 "" ""oui"" "":/"" ""on reprend 24 "" ""on pourrai essayer "" ""dabord "" ""18 28 ca marche pas comme je pensais, faut la faire 4 fois pour gagner 125 "" ""la 2eme fois "" ""plus au moins "" ""2 fois "" ""ok "" ""apres a l inverse "" ""je te préviens s'il faut je vais perdre mais au moins je m'amuse un peu "" ""tu veux ou pas ? "" ""daccord pour cette période "" ""je dois reprendre "" ""tot de 82 "" ""alors que 24 24 en 4 fois on a 160 "" ""24 24 CA NOUS DONNE LA Mm chose "" ""fallait prendre 28 comme j'ai fais avec toi "" ""t'en sais rien c'est le hasard pcq on sait pas qui va choisir quoi "" ""non pcq pour 26 28 "" ""pour toi"" ""vaz y "" ""tu as pris 26 au lieu de 28 "" ""14**"" ""moi 28 et toi 26 "" ""vaz y """
1,1,1,"""a donc il ya qu'une partie"" ""ok"" ""oui c'est claire "" ""mais finalement le score ne sera pas forcevement mieux "" ""oui"" ""tres bien "" ""c'est avantageux dans le but ou on a eviter le pire "" ""franchement depuis tout à l'heure je regarde le tableau il nya aucune combinaison qui permet d'etre autant avantageuse pour l'un comme pour l'autre si ce n't é§ é§"" ""il nya pas mieux que la collaboraion "" ""non on garde le 26"" ""je ne sais pas du tout"" ""et oui"" ""ce serais un risque de perdre plus"" ""oui je pense qu'il nya qu'une etape "" ""que -92"" ""oui"" ""mieu vaut 41 que -27"" ""oui"" ""je suis sure tout le monde à fait pareille"" ""ok"" ""Avec 26 et 26 on gagne 0.21 cent en plus que avec 24"" ""ouii"" ""jusqu'a la fin "" ""c'est plus avantageux "" ""ok parfait"" ""oui"" ""pour tous les 2"" ""oui"" ""toujours pareille?"" ""sur quoi?"" ""c'est pas grave je met 26 et met 18 pour gagner comme moi"" ""je te fais confiance je mettrai 24"" ""OK"" ""je viens de compter un peu pres ca fairait 1240 points c'est pas beaucoup en fait "" ""oui"" ""on reste comme ca jusqu'a 30"" ""ok 26 toujours"" ""à la fin non?"" ""enfin je veux dire en score il ya mieux "" ""on prends le risque pour la 30e periode? Pas celle-la lautre"" ""ou plutot mieu vaut 41 que 92 "" ""oui c'est sure y'en aurait forcevement l'un de nous 2 qui serais lésé autrement "" ""si tu veux "" ""si on met 28 tous les deux on est sure de rien perdre"" ""je pense que c'est mieu de rester sur 26 et 26"" ""24 et 24?"" ""on fait 26 et 26 ?"" ""ok je fais 1"" ""donc 18 pr moi? "" ""javais pas vu que ça allait si bas "" ""c'est clair"" "":o"" ""bah ça irait que dans un sens "" ""sans problème !"" ""parfait"" ""donc jusqua 30 on devrait resteer comme ça"" ""non c'est une bonne moyenne 41 !"" ""est ce quon tente u n 18 -28?"" ""c'est clair "" ""si c'est bon, on maitient ça "" ""je pense ouais "" ""et apres on inverse"" ""je pense a nouveau a 24"" ""oui j'ai relu les consignes c'est ça "" ""on est là pr la meme chose !"" ""tu pensais a quoi? "" ""exact !"" ""ça va on maintient 2 6 26"" ""oui mais on peut faire plus"" ""je suis pas sur"" ""tout le monde parle !"" ""ok "" ""ok "" ""pr cette fois, on va sur 26 26 "" ""ouais "" ""bon 18-28 cette fois"" ""idem?"" ""tu prends quoi ? "" ""l'autre se sent lésé et n'en fait que pr lui "" ""c'est un peu long je trouve"" ""en fait je crois que je me suis trompé"" ""on reste la meme team pour la 2e etape?"" ""24"" ""qu'est-ce que tu proposes?"" ""donc cooperation !"" ""c'est bien qu'on soit d'accord sur la demarche "" ""quand ils parlent de periode c'est lorsquon communique et après quand on prend la decision"" ""26 !!"" ""ouais"" ""maintient*"" ""pour faire un coup a 60e"" """" ""oui voila ça fait peut etre pas bcp mais au moins on desavantage pas l'autre"" ""on garde la meme "" ""faire des gros coups ça peut pas marcher sur 30 periodes !"" ""ok"" ""top"" ""oui ça favorise qu'une personne "" ""oui c'est vraiment la meilleure solution pr nous 2"" ""ça me va "" ""c'est mieux pour les 2"" ""on peut se dire qu'on met 26 26 dès le premier tour pour verifier "" ""ca fait 10 de plus """
1,1,1,"""c'est bon ?"" ""c'est le maximum possible"" ""merde j'etais pas sur que tu l'ai vu"" ""non tape 22 pardon"" ""dacc"" ""on fait 26"" ""d'accord"" ""c'est un peu mieux"" ""ou 26"" ""on inverse tu choisi 28 je prend 18 pour réequilibrer"" ""22 tout les deux"" ""et moi  aussi ok ,"" ""haickel?"" ""on va faire 26 jusqu'à la fin, c'est la meilleure combinaison"" ""on continu comme ça "" ""tape 40.62"" ""?"" ""ensuite on continu comme au début"" ""oui"" ""rien je pensais que je savais qui t'es mais non"" ""yes"" ""on aura moins que 22 avec 28"" ""ok"" ""re 26"" ""Choisis 28"" ""dac"" ""J'avais oublié de rééquilibrer tout à l'heure ^^"" ""je choisirai 18"" ""Pourquoi?"" ""Quoi?"" ""on fait 26"" ""oui"" ""On continue comme d'hab"" ""pas grave"" ""On fait pareil"" ""OK"" ""Mince"""
1,1,1,"""ok 26 et 28 tout le temps c'est bon?"" ""le probleme est que si je met 20 etoi  26"" ""je pense qu'il faut essayer de choisir le maximum de point possible"" ""lol "" ""c'est la meilleur combinaison possible"" ""pour gagner plus il faut etre un traitre "" ""et ca sert a rien"" ""on doit tjr choisir la mm chose lol"" ""ok on reste sur 26"" ""mais un de nous va perdre beaucoup "" ""ok met 24"" ""ok"" ""28"" ""c'est les 2 meilleur combinaison"" ""les gains sont plus elevé je pense "" ""serieux?"" ""et toi 24 on va voir"" ""c'est gavant"" ""mdr"" ""non c'est chaud "" ""si je choisi 28 toi tu mais 27"" ""j'aurais du dormir "" ""lol c'est ce qu'on appelle dileme du prisonier"" ""sinon c'est des point negatif"" ""c'est mieux q'on gagne tous 40 "" ""c'est le dileme du prisonier"" ""lorsque je met 18"" ""au prochain je met 18"" ""le prochain 28"" ""lol ok"" ""regarde 24 26"" ""28 28"" ""lol"" ""la derniere fois avec la vente d'action ca partait vite"" ""pareil"" ""met 28"" ""toi met 26"" ""u propose quoi"" ""si on joue une fois 24"" ""20 20 cest plus rentable"" ""non on change pas sinon on va perdre lol"" ""reston sur 26 c'est mieux"" ""bonjour"" ""je met 22"" ""lol beh oui "" ""on a mm pas le droit de s'iddentifier lol"" ""on va essayer un truc"" ""j'avoue"" ""c'est le dilem du prisonier lol"" ""je pense qu'a la fin nous auront que 14 euros lol"" ""javais pas bien vu"" ""moi je met 18"" ""ca sert a rien q'un d'entre nous gagne 60 et l'autre 9"" ""on peut gagner plus que 50"" ""tu a compris les regles du jeux?"" ""merci"" ""ok durant la 2em parti on maintient 24 24"" ""oui"" ""toi met 28"" ""oui on a fait un cours comme ca au 1er semestre"" ""lol"" ""et apres 28 28"" ""ainsi de suite "" ""bah merci et bon courage"" ""je m'ennuie un peu "" ""encore 26 ?"" ""non"" ""ca passe en negatif chez moi"" ""bon bah aurevoir "" ""quon joue pas contre un ordi lol"" ""si on ne met pas la meme chose, yora tjs un de nous qui dera perdant"" ""la fatigue"" ""nn"" ""bon"" ""oui"" ""ok"" ""ct cool ui"" ""on devrait mettre le meme chiffre tous les deux"" ""oui voila"" ""je pense aussi"" ""on change?"" ""tu mets quoi mnt ?"" ""ten pense quoi"" ""dacc"" ""ac le tablo"" ""je ne pense pas"" ""la combi 26 26 est bien"" ""ah ok"" ""mais fo kon trouve mieux si possible"" ""ca mme passe au neg"" ""ca nous rapporte plus"" ""c perturbant ce jeu x)"" ""meme si on va perdre tous les deux une fois"" ""calcul a coté lol"" ""voir si les 2 coopér ou pa"" ""c ce que jallais proposer ^^"" ""ok"" ""hehe"" ""je propose quon change une fois seulement pour chacun"" ""bonjour"" ""26 et 26"" ""il nous reste 13 tours a jouer"" ""et on essaie de minimiser la perte de lautre"" ""et toi?"" ""un peu bcp"" ""heuresement quon peut parler"" ""jte jure.."" ""je crois que tt le monde la compris mnt"" ""on met le max chacun?"" ""trop"" ""tu pense que nos gains seront additioné?"" ""pas vraiment"" ""on peut pas aller a 50 en gains g limpression"" ""c nul"" ""lol"" ""exact"" ""ok"" ""ca rapporte un peu plus"" ""26"" ""bah oui"" ""la meme"" ""c galere cette histoire"" ""euh ca baisse"" ""faut kon calcul sur la gauche ce ki nous rapporte le plus"" ""ouais.."" ""la mm"" ""comment"" ""on va gagner aussi"" ""sachant quon a le meme tableau du coup il y aura tjs un de nous qui aura moins"" ""ouais"" ""egalement"" ""ca fait 38.68"" ""tu veux pas prendre le risque une fois chacun son tour ? ^^"" ""g essayer tte les combi dans ma tete"" ""ok"" ""ca doit etre sa le but de lexperience"" ""et toi"" ""24 pr qui"" ""moi 28 toi 18 ?"" ""la meme jusqua la fin"" ""si on met 28 tous les deux"""
1,1,1,"""on rediscute"" ""on a le meme tableau"" ""je fais que chercher depuis tout a l'heure ya rien de mieux"" ""MOI NON"" ""moi je choisi 16"" ""jai tout lu jai rien trouvé"" ""èt toi28"" ""on fait 26 26 toujours"" ""?"" ""donne une combinaison pour que tu gagne"" ""26 26"" ""26 26"" ""ok"" ""je crois que cest la meilleure combinaison"" ""c'est 26 26 le mieux"" ""on reste pareil 26 26"" ""26 26"" ""faut penser a prendre le plus de points a 2 enfaite"" ""on parle on prochain tour jai quelque chose je crois"" ""pour l'instant je trouve pas "" ""fait 1 fois sur 2"" ""met 28"" ""toujours rien trouvé?"" ""on change rien "" ""26 26 "" ""ensuite on tourne "" ""tu vas comprendre"" ""ok"" ""on fait quoi maintenant,"" ""comme au debut "" ""tu propose quoi?"" ""je suis sure meme"" ""26 26"" ""reste 26 26"" ""nn c negatif"" ""reste 26 26"" ""good"" ""je met 26"" ""pareil mdr"" ""jai compris "" ""pour voir si ya pas une solution pour gagner plus ensemble"" ""c bon?"" ""26 26"" ""tu vois a deux on gagne 82 cest mieux"" ""on fait toujours 26 26"" ""je prend 22"" ""ok"" ""faut se mettre de mon point de vue"" ""nn on fait 26 26"" ""et moi 20"" ""toujours et a jamais pareil alors :p"" ""mdr je fais que ça "" ""je choisi 18 et toi 28 "" ""du coup faudrait regarder les 2 cas possible"" ""et je cherche une meilleure combinaisons mais je pense pas trouver une meilleure "" ""26 26"" ""oui tas raison"" ""c'est la meilleure combinaison "" ""ils veulent voir si on est capable de rester d'accord meme si on se connait pas je pense"" ""faut eviter les resultats negatif"" ""encore pareil mdr,"" ""si"" ""on gagne 68.21"" ""salut"" ""met toujours 26"" ""on 1/2"" ""mais sur 2 coup ça fait moins de 82"" ""on gagne pas de meme montant"" ""ouai c'est mieux 26 26"" ""ok ça marche"" ""l'autre combinaison est mieux"" ""ok"" ""ok"" ""car sinon on peux gagner plus"" ""mais on perd apres..."" ""je met 18 et toi 28"" ""ça marche !"" ""oui !"" ""ok"" ""moi aussi j'ai cherché "" ""oui c'est ca"" ""lautre est mieux"" ""moi aussi je continue à chercher.."" ""mais ya pas mieux"" ""Bonjour"" ""je suis pas sur qu'on ait le meme tableau"" ""et apres on echange"" ""nn plus"" ""dac "" ""oui c'est pas rentable"" ""je prend 18"" ""oui j'en voit pas d'autre"" ""enfaite c'est le seul moten de maximiser les gains"" ""maintenant on fait linverse"" ""oui c'est ça"" ""ah ok ça ne marche que dans un sens"" ""c'est 18 28"" ""pour nous 2"" ""je trouve rien de mieux"" ""oui c'est ça"" ""ok"" ""oui oui mdrr"" ""tu as trouvé quoi?"" ""un coup on gagne 60 et apres 14"" ""oui"" ""ok jessai"" ""on gagne plus"" ""ca fait gagner du temp mdr"" ""vaux mieux faire 18 28 "" ""maintenant qu'on a notre combinaison on peut daire \qterminer dialogue\q "" ""oui tu as raison c'est mieux comme ça"" ""et toi 28"""
1,1,1,"""oui c'est vrai je viens de faire le calcul"" ""d'accord"" ""moi je vais choisir 18.0 et toi fait 28.0"" ""d'accord"" ""on fait encore la même chose? moi 18 et 28?"" ""aussi"" """" ""je vais choisir 20.0"" ""oui"" ""on a eu la meme idée"" ""moi 20.0 et toi 28"" ""?"" ""moi 20 et 26?"" ""c'est toi qui a changer tu m'avais dit une chose et tu l'as pas fait"" ""et toi?"" ""tu vas choisir quel chiffre?"" ""t'as pas calculer d'autres combinaisons?"" ""moi 20 et toi 28?"" ""comme tu veux"" ""ok"" ""d'accord"" ""oui"" ""?"" ""on fai tquoi"" ""oui"" ""si j'en ai calculé"" ""je met 28"" ""18"" ""26 26"" ""je vais réessayer un dernier 26 "" ""j'arrêtte la coopération"" ""je vais faire la même chose"" ""ok"" ""OK cette fois reste sur 18 je prend 28"" ""regarde le tableau tu veras y'en a pas d'autre qui soit plus équitable"" ""Non "" ""Je met 18 et toi 28 c'est bon ?"" ""as tu compris qu'il fallait collaborer ?"" ""26 26 c'est bon ?"" ""22 et toi 22 c'est bon ?"" ""Je reste sur cet combinaison c'est la plus juste pour les 2 parties"" ""on fait la meme chose j'ai pas pu valider ^^"""
1,1,1,"""ok$"" ""hello"" ""haha"" ""au pire "" ""hey"" ""met ok"" ""oui "" ""on fait chacun gagne une fois "" ""toi aussi "" ""je suis en train de reflechir "" ""et toi "" ""met 28"" ""je mets 20"" ""peut etre"" ""cest peux "" ""oui"" ""on gagne 60"" ""on fait quoi$"" ""28"" ""comme ca je me rapproche un peut de toi "" ""on met la meme chose "" ""tinquiete "" ""regarde ce quon va faire "" ""je reflechi"" ""26"" ""je met 10"" ""okay"" ""on refait la meme chose la "" ""on va faire ca 2 fois "" ""okay "" ""attend "" ""41"" ""mxvo"" ""alors on fait quoi"" ""et toi 28"" ""pour etre plus rapide "" ""la derniere fois "" ""donc je let "" ""maintenant on fait linverse "" ""26"" ""ok"" ""a une stategie"" ""mets 15"" ""ciao bro "" ""met 10"" ""comment "" ""26"" ""26"" ""alors "" ""on fait 26"" ""toi"" ""je met 28"" ""oops"" ""mainrtenant "" ""ok$"" ""puisque maintenant on sait que cest 26"" ""qui jere lq "" ""le gains est de 41"" ""on va pas parler "" ""26"" ""on va juste mettre termminer dialogue "" ""26 je veyx dire "" ""ou meufle "" ""met 10"" """" ""lol"" ""hey"" ""tas gagne combien"" ""et le choix combien"" ""28"" ""oui"" ""28 "" ""ok "" ""cest ca "" ""sans mettre l'autre en galere "" ""en gagnat 40 a chaque fois c'est meix "" ""oui"" """" ""on met 26 tous les 2 "" ""il nous reste 5 coups "" ""à toi "" ""mets 28"" ""oui "" ""vaut mieux gagner 80 toutes les 2 Parties que 60 "" ""41.27"" ""faut qu'on prenne des nombres au dessus de 12"" ""2 sboon "" ""moi ct 15?"" ""ok"" ""26 non ?"" ""j'ai faim "" ""terminer dialogue !!!"" ""tu veux refaire pareil ? "" ""qu'est ce que ça donne ? "" ""mets 28"" ""faut qu'on fasse un truc qui nous fait gagner au 2 "" ""bye bye bro "" ""parfait "" ""on met 28 tous les 2?"" ""alors le cerveau "" ""oui"" ""T4AS UNE autre idee sinon ? "" ""on fait ça jusqu'au bout et je pense qu'on gagne le +"" ""si tu trouves mieux dis moi "" ""mais pour le 26 c'ets bon"" ""0 Mdr "" ""distraie moi "" ""t'as gagné cette fois ci ? "" ""et trouver un equilibre "" ""a ton tour "" ""t'es un vrai "" ""c'ets mieux de mettre 26 a chaque fois "" ""c'est bon ? "" ""sinon je vois ps d'autres statégie "" ""mets 26 "" ""je mets 18 "" ""bien joué "" ""commme ça on gagne bcp et la meme chose "" ""o"" ""tous les deux "" ""je vois pas mieux "" ""je vais m'endormir "" ""ok mais on doit attendre tous le monde à chauqe fois "" ""on refait pareil ? "" ""ok "" ""appart 26 je trouve pas autre chose qui nous fait gagner aux 2 "" ""et 10 seccpndes"""
1,1,1,""""" ""mais a la decision tu met quoi ?"" ""a vie"" ""putaain avant il falait faire ca "" ""tu met quoi ?"" ""je perd moi"" ""pas tres bonne combiene "" ""met 28"" ""ok"" ""j'ai mis 6"" ""c bon"" ""met ici tu met quoi?"" ""de partout ?"" "";)"" ""ok"" ""met 28"" ""pk?"" ""j'avais pas compris "" ""je penser juste ici "" ""je t'avais mal compris moi au debut "" ""c bon le sssssssss"" ""je comprenais pas ce que tu disais "" ""tu veux vraiment trahir la honda ?"" ""ok"" ""t'avais dis 26"" ""c'est je"" ""t'as trahis la honda"" ""t'as mis 2 ?"" ""26"" ""?"" ""c incomprehensible "" ""met 28"" ""on aura r gagné quant meme "" ""de partout ?"" ""tu connais bien ?"" ""tu veux que je mette 6 a la decision "" ""oui"" ""qui est a l'appreil?"" "";)"" ""on va rien gagner"" ""ouais"" ""mais si on s etait mis d accord des le debut on aurai pu gagner dans les 17 euro"" ""je vois "" ""tu sais comment ca fonctionne "" ""je pensait que t allai metrre 2"" ""att "" ""allez ciao la honda ;)"" ""vien tout les 2 on met 6"" ""26*"" ""mais t a ecrit 2"" ""met 6"" ""c est la bonne combine"" ""26"" "" toi"" ""ok "" ""on met tout le temps 2"" ""va regarder tes choix"" ""on met tt les deux 26 dans la decison"" ""sl t"" ""fallait ecouter"" ""on met 26"" ""on continu comme ca"" ""nn met 8"" ""là on met 26"" ""c bon"" ""pour commencer a se faire confiance"" ""quand tu fini de parler appuye sur terminer le dialogue comme ca on passe a l etape suivante plus vite "" ""26"" ""met 8"" ""met le 26"" ""c qui là"" ""ouais c est "" ""met le 26"" ""c est la combine optimal"" ""c est bon maintenent "" ""t ai dis de metre 6"" ""faut choisir 26"" ""dans la decision"" ""maintenent met 26"" ""et voila "" ""pk t a pas mis 6"" ""voiiiiiila"" ""6"" ""tqt ;)"" ""si non on va rien gagner comme ca"" ""on est bien on est bien"" ""pas grave"" ""nn 26"" ""maintenent met 8"" ""tout le temps"" ""il faut que tt les 2 on choisi le 26"" ""si on coisi tt les 2 26"" ""met le 26"" ""met le 26"" ""si on continu comme ca on va gagner dans les 12 euro"" ""choisi 26"" ""appuye sur terminer le dialogue si tu fini de parler """
1,1,1,"""ils ont pas essayer de nous embrouillr"" ""hello world"" ""mais bon si jamais un truc arrive tu sais quoi faire"" ""plutot 11 partie"" ""la je fais quoi "" ""avant derniere partie ta des derniere parole a dire"" ""10 28"" ""ok "" ""du coup j'ai pense a ca"" ""ca"" ""oui "" ""je suis tjr perdant "" ""tu vas trop me manquer"" ""frere"" ""tu vois"" ""on continue comme"" ""on a un max de gains"" ""ce qui peut ce passer"" ""alors ils ne font pas de surprise "" ""mais on a pas encore equilibre"" ""ok "" ""pk t fait 18"" ""oui "" ""deal "" ""22 partie"" ""on inverse la "" ""t a compris ce que je voulais dire"" ""hhhhhhhhhhhh"" ""2 1 ....."" ""comme en equilibre ok "" ""nnn 11"" ""c ca"" ""si un truc arrive il nous fait un truc par surprise"" ""maintenant tu fais zero et moi 28"" ""et toi 28"" ""9 parties"" ""l3azze"" ""t sur"" ""embroulle"" ""28"" ""oui c sur "" ""hhhhhh"" ""on sait jamais "" ""oui ce fut un plaisir "" ""ca"" ""comuniquer comme"" ""ok "" ""c marche "" ""l3aze"" ""28 10"" ""la meilleur combinaison c 10 28"" ""comme on equilibre la balance ok "" ""on inverse encore "" ""on est equilibre la "" """" ""tu sais quoi faire "" ""c ca"" ""et c fini "" ""on choisit la meilleur solution et on l a fait"" ""ok"" """" ""je trouve que c'est un peu louche de nous laisser "" ""sat je choisi maintenant 18"" ""moi 28 et toi 10"" ""le fait quil fasse 30 partie va les aide on calcule"" ""22 le nombre de parties qui restent"" ""ecoute si jamais il nous le dialogue "" ""ok don pour les combinaison tu commences par choisir la pllus grande"" ""merci pour l'info je suis pas habituer"" ""hhhhhhhhhhh"" ""4 parties qui restent "" ""maintenant tu fais quoi "" ""hhh"" ""on inverse "" ""si seulement on pouvait emportait avec nous c mac "" ""j'arrive pas a me separer de toi "" ""si jamais comme je disais si jamais uun truc par suprise arrive on cherche la meilleur solution et la fait"" ""t a compris"" ""ok "" ""28"" ""yep"" ""si seulement... "" ""mais t'as raison "" ""y a déjà eu des expériences similaires avec des dialogues et tout"" ""ah je vois ^^"" ""mais du coup on fait 28 tout le temps, "" ""donc oui, je suis d'accord pour ce que tu as dis avant :)"" ""On continue comme ça ^^"" ""l'inverse de ce que tu viens de jouer"" ""ah, oui "" ""exact"" ""ok"" ""okay "" ""ouais"" ""ouais ;)"" ""genre déjà faire trente partie de ce jeu ça va prendre du temps"" ""non y a déjà eu des expériences dans ce genre"" ""soyons plus intelligent ? "" ""tu disais? J'ai pas eu le temps de lire tout à l'heure"" ""généralement les trois premiers tours, on galère à trouver la bonne combinaison; du coup ils mettent pas mal de tours pour qu'on puisse quand même gagner de l'argent "" ""Bon je crois avoir compris : il faut qu'on fasse le même nombre pour gagner le max de point à toutes les parties"" ""Ne fais pas 0, sinon on va se trahir et tu vas perdre de l'argent"" ""c'est ta première expérience?"" ""on arrive bientôt au bout "" ""moi 28 toi 10"" ""on a pas finit x)"" ""on sait jamais"" ""donc là je fais 28 et toi 0"" ""on inverse "" ""22 parties de quoi?"" ""deal"" ""à nous l'oseille ;)"" ""La dernière partie et c'est fini :)"" ""on fait l'inverse maintenant ? toi 28 et moi 18"" ""normalement non"" ""28 ce tour et toi 10?"" ""mdr"" ""je joue quoi alors,"" ""okay "" ""28 et 18"" ""je viens de voir qu'il y a une meilleure combinaison "" ""peut être une prochaine expérience ;)"" ""on fait 28.28 à chaque fois, comme ça on gagne 41? "" ""parce que je pensais que tu allais encore faire zéro"" ""Yep"" ""?"" ""mais c'est long en fait, genre là on est à peine à la moitié de l'expérience ^^ "" ""c'est débile "" ""oui, mais pour ce que tu dis, je pense pas qu'il y aura un autre truc surprise;"" ""10 parties restantes du coup"" ""enfin "" ""oui, on inverse à chaque fois"" ""pareil ^^"" ""oui, on est pret quoi qu'il arrive="" ""en fait ils nous laissent parler pour voir si on arrive à se mettre d'accord, à se faire confiance, etc"""
1,1,1,"""de ?"" ""20 tout les deux"" ""cest bon"" ""il etait ou ton 28"" ""je viens de comprendre"" ""non"" ""tout les deux ?"" ""jaime bien le 20"" ""bon ecoute moi bien"" ""28 promet"" ""tes qqun de l experience genre"" ""non"" ""pour de vrai "" ""tes un gamin"" ""?"" ""faut se faire confiance la maintenant.."" ""gros chiifre ?"" ""gamine on dit"" ""28"" ""ok"" ""cest toi tu mets des 6 aussi"" ""mdr sisi"" ""pas cool"" ""jure 28"" ""?"" ""?"" ""on fait quoi la"" ""tes content de gagner 5 points en faisant ca ?"" ""bon quesquon fait ?"" ""ca te fais plaisir de gagner 1 point ?"" ""jure le moi"" ""je peux pas savoir"" ""t as pas respecter non plus.."" ""non"" ""??"" ""bah vient on fini bien la"" ""t es inutile serieux"" ""si tu met pas des gros chiffre je te dirais jamais qui je suis"" ""?"" ""le 26"" ""ca sert a rien de se parler"" ""je connais pas ton tableau de gain"" ""tu rechoisis 28 ?"" ""toi t qui"" ""t as une casqutte ?"" """" ""deux fois 14 ?"" ""pour de vrai"" ""je peux pas dire qui je suis"" ""il reste 20 tour"" ""met 24"" ""tu chosis 28 ?"" ""je gagne deja plus que toi"" ""tu veux vraiment me voir apres ?"" ""bonjour"" ""si on met le meme on gagnera beaucoup plus que comme ca"" ""et on se verra pas"" ""?"" ""si tu fais pas tes un batard"" ""juré"" ""?"" ""je ne peux pas te dire"" ""24 tout les deux ?"" ""pour de vrai.."" ""re bonjour"" ""bah alors ?"" ""t'arrives pas a m avoir surtout"" ""`tas fais 6 la"" ""j ai eu en tete le \qjamais deux sans trois\q je me suis mefier"" ""merci"" ""16 ?"" ""on gagne tout les deux comme ca"" ""combien on met"" ""on met 28 au trois tours pour gagner beaucoup ca te va ?"" ""il reste 3 tour"" ""20?"" ""tu le feras pas pour de vrai"" ""on a bien gagner tout a l heure"" ""vient on met que des 28"" """" ""je te jure je le fais"" """" """" ""aller, tu as assez gagner, a moi un peu :p"" ""tu m as fait plaisir la"" ""alors met 20"" ""on a dit 20 tu mets pas 20"" ""je suis desolé"" ""on est a la moitié"" """" ""cest bete un garcon"" ""il reste 10 tour"" ""super"" ""ouai 28 28 "" ""bonjour"" ""18 tout les deux"" ""aller fait vraiment quon gagne  beaucoup"" ""tu me fais gagner des sous et a la fin je te dirais qui je suis"" ""t qui"" ""26"" ""deux fois 7"" ""c la derniere fois "" ""on vas pas gagner trop :/"" ""pt etre"" ""5 euro "" ""28 28 "" ""pour que personne ne perd ni moi ni toi faut qu'on choisi nous les deux 28.0"" ""oui toi aussi "" ""on vas gaggner trop"" ""J AI FAIS 28 "" ""j le ferais  "" ""ON GAGNE NOUS LES DEUX POR TON INTERET "" ""mec"" ""on aura 5 euro "" ""oui"" ""nickel"" ""on est pareil mnt"" ""non pas possible"" ""ouii jurè "" ""C PAS GENTIL "" ""peut etre"" ""tu choisis quoi .?"" ""on est quiite"" ""tu m as connu "" ""c toi qui a commencè au debut"" ""oui pour eviter les pertes"" ""on vas gagner trop "" ""fille ?"" ""toi tu choisis quoi"" ""toi t pas un gamin alors "" ""d acoord"" ""dernier tour"" ""et toi tas fais 6"" ""on gagne nous les deux"" ""vas y "" ""TOI TU VX PAS UN ACCORD"" ""nous les deux ca sert rien "" ""cc"" ""on prenons "" ""merci j ai fasi c que tu m as fais"" ""je veux bien te connaitre apres l'experience"" ""non 28"" ""oui "" ""tu vois j t ai fais gagner"" ""j te ferai plus confiance"" ""pour personnene perd on choisi 28 nous les deux"" ""ON PARLE PAS"" ""TU VEUX PERDRE TOI "" ""cas v"" ""toi qui a commencè "" ""on verra"" ""ON MET DE 20 a plus"" ""si tu continus comme ca "" ""bonjour "" ""28 28 ,,?"" ""pas la peine"" ""20"" ""1.03"" ""c ta faute "" ""vas y "" ""SI ON A CHOIS 28 "" ""28"" ""je le jure"" ""c etait super comme meme"" ""non "" ""oui "" ""BONJOUR POUR QU ON GAGNE TROP C MIEUX QUE JE CHOISI 16 ET TOI 26"" ""hahah  26 "" ""c jurè"" ""mnt pour de vrai "" ""c nous qui vas perdre a la fin "" ""ouia toi aussi"" ""JE LE SAVAIS"" ""je vais le faire "" ""si tu m fais tomber "" ""j en ai marre de ces points"" ""on fais 26 "" """" ""ouiiii  c bon "" ""28 "" ""28"" ""t plus que moi "" ""HAHHAHAH J ARRIVE PAS A TE FAIRE CONFIANCE"""
1,1,1,"""Faut qu'on fasse 26.0"" ""ça fera 12 euros chacun, plus les cinq de participation"" ""Oui, mais elle ne compte pas"" ""Je ne la connais pas, je crois"" ""C'est moins valable pour ceux qui nous payent à la fin ^^"" ""Ok"" ""Plus que deux tours"" ""Si on rentre 25.5 tous les deux"" ""J'espère"" ""Non, pas du tout"" ""17 euros pour une heure et demie, ça me va"" ""Plus tendu"" ""25.4 aussi donne pareil :)"" ""Pas cool"" ""On repasse à 25.5 ?"" ""Pour nous, c'est tout benef'"" ""Rien à voir :p"" ""Allez"" ""On vient de passer la moitié, ouf"" ""ouais, c'est long"" ""Disons donc 25.6"" ""J'ai trouvé la valeur max"" "";)"" ""Faire \q25.5\q rend aussi l'expérience moins valable ; j'imagine qu'ils regarderont surtout le dernier tour. Si on fait 28.0 à tous les tours, il est préférable de faire 0.0 au dernier pour entuber l'autre. Mais en faisant \q25.5\q à chaque tour, le gain devient risible ; alors que le risque de faire tous les deux 0.0 reste inchangé"" ""plus que dix"" ""The last"" ""On passe la barre des deux euros, youpi"" ""C'était la période test"" ""Et le questionnaire à la fin, ça doit etre du QI"" ""Si j'ai bien compris, le top, c'est qu'on entre \q28.0\q à tous les tours"" ""C'est pas grave"" ""XD restons sur 25.5 jusqu'à la fin, plutôt"" ""Le prix de l'ennui !"" ""Coopère, et on sera plus gagnant à l'arrivée"" ""On gagne 41.94"" ""C'est long, trente périodes x)"" ""Je refais 28.0"" ""On gagne un demi centime de plus chaque tour ^^"" ""WAIT"" ""Continuons comme ça, et on gagnera chacun plus ou moins 17 euros, soit 34 euros à deux ; c'est la somme maximum que ce \qjeu\q permet de gagner."" ""12 euros de gain, plus les cinq de participation"" ""peut être que d'autres sessions consistent à faire le même jeu, mais sans communication"" ""Et quelques centimes"" ""En archéologie"" ""oui"" ""Nop"" ""D'accord ^^"" ""Huit euros dans la poche"" ""ahhh d'accord"" ""comme ca on s'ennuiera moins"" ""ouaais trop long"" ""plus que 10"" ""voila"" ""on refais le contraire  ?"" ""bien vu"" ""exact"" ""mieux que rien "" ""ca sera un truc vite fais"" ""on y vas pour 25.4"" ""possible"" ""ca nous fera des centimes en plus"" ""met 25.6 ca changera un peu"" ""pfff "" ""mdr"" ""l'ennuie"" ""tu proposes qu'on change de stratégie ou quoi?"" ""pas maal"" ""je pense q c aussi ca le but de l'experience de savoir si on va pouvoir coopérer pour arriver a l'optimum ou pas"" ""allez ca marche "" ""t'es pas a l'isem ?"" ""c'est pas loing de la theorie des jeux ce jeu la"" ""ah ouaai"" ""vas y"" ""c pareil que 25.5"" ""ahh merde"" ""oui certainement "" ""vas y"" ""ca marche"" "";)"" ""12euro en tout alors?"" ""JE fais 28"" ""ca marche"" ""mmmmmm interressant "" ""mdr"" ""t'as vu la période 0 ils nous en fait perdre -17"" ""oui"""
1,1,1,"""pierre"" ""vasi a 35"" ""vasi on fait un pierre papier ciseau"" ""bon 1-1"" ""t est nul"" ""on continue a 26 la"" ""tape 26"" ""on esseye 25.7 pour voir"" ""on fait quoi alpors"" ""vouala en n est quitte"" ""mdrrr on faite je me suis mis a terre taleur avec 28"" ""pierre"" ""vasi"" ""vasi on esseye"" ""bof"" ""vouala c bon"" "":p"" ""a nn mdr"" ""tout les 2 non ?"" ""c bon"" ""nn pas trop je cherche les combinaisson 28 10 mais sa moi bien"" ""on esseye 26.5 ou en na deja esseye"" ""mdr"" ""^^"" ""comment tu me mais a l amende"" ""c etait mieu 25.5"" ""papier"" "":/"" """" ""ouai c bon"" ""bon tape 10"" ""aaaaaaaaaaaaaaaaa"" ""c est longggggggggg"" ""ciseau"" ""mdrr"" ""on esseye 25.9"" ""ta eu une penalite te trop lente "" ""a j ai pas vue les gain mdr c etait cb ?"" ""ou tu veu que je tape 10 et toi 28"" ""de ?"" ""a 5"" ""mdrrr"" ""pierre"" ""on esseye 26.5 on regarde si sa fait plus ?"" ""a 20"" ""papier"" ""mdrr"" ""ciseau"" "":$"" ""a 40"" ""bon 3-3"" ""dac"" ""2-0"" ""mdrrrr"" ""en refait 26 tout les 2"" ""j en nai plus mdrrr"" ""bon vasi mtn on change de jeu on doit faire le plus de smyley"" ""mdrr"" ""sa va jusqu a 30 on n est a la moitie a peu pres"" ""= )"" ""ahahah"" ""ouaiiiii mdrrr"" ""mais c mieu je pense 26 tout les 2 c plus rentable"" ""vasi"" ""moi aussi mdrr"" ""vasi c bon"" ""on esseye et regarde que ta bien tape avant de valide"" ""mdr"" ""mdrr"" ""mdrrr"" "" a 20"" ""nn moin bon on reste sur 26"" ""bonour"" ""bon vasi peirre paier ciseau"" ""ouai"" ""va pour 26 alors"" ""a 35"" "":("" ""mdrrrrrrrrrrrrrrrrrrrrrrrr"" ""vais a 5"" ""dac"" ""pour de vrai"" ""de que y a 10 seconde tu tape ton truc"" ""26 comme d hab"" ""pour ratrape"" ""vasi c etait a toi"" ""ahahah"" ""mdrrrrr"" ""bon ben on reste comme sa alors"" ""26"" ""papier"" ""mdrrr"" ""26.5"" ""on refait mdt"" ""c mieu comme sa"" "";)"" ""ahahah"" ""5-2"" ""ouai"" ""mdrrr"" ""ouai mdrr"" ""a 20"" ""trop repetitive"" ""26 alors"" ""je pense que c est moi qui alle agagne beaucoup mdrr"" ""c bon"" ""pierre"" ""mais c bon pg"" ""pierre"" ""t est le numeros cb de l ordi mdr"" ""si ta mieu propose toujours"" ""en n est a la 20 periode c marque en haut enfaite"" ""on continue comme sa ouai"" ""moi je suis 12"" ""mdrr"" ""a 5"" ""ahahah"" ""bonjour mdr"" ""et je vais utulise 28"" ""mdrrr"" ""c cb ton numeros de la boule"" ""20 sur 30"" ""ciseau"" ""tricheurse mdrrr"" ""c le plus rentable"" ""le 13 ?"" ""dac"" ""12 moi"" ""mdrrrr"" ""p"" ""nnn"" ""mdrrr"" ""le temps que t'as mis"" ""41.91"" ""on fait quoi ? "" ""c'est déjà ca mdr"" ""mdrr"" ""bon ba 25.5 jusqu'a la fin"" ""tu triches "" ""pietre"" ""mdr"" "":p"" ""et toi28"" ""XD"" ""yes"" ""je fais attention cette fois"" ""pierre"" ""papier"" ""si tu veux mdr"" ""je vais pas me planter "" ""tjrs 26 ? "" ""ok"" ""sorrrrry"" ""j'ai pas compris "" ""juste a coté "" ""ok "" ""ok"" ""2-2"" ""papier"" ""toujours 26 alors"" ""bon, je ne trouve pas mieux "" ""donc 5-2 c'est pas possible "" ""tricheur "" ""ok"" ""ca fait moins "" ""26 "" ""bon 2222222226"" ""j'ai beugué je crois"" ""je suis blonde ca doit etre pour ca "" ""ouais ... bof bof "" ""whaaat ? déjà y'avait 3-3"" ""pierre"" ""3-3"" ""41,83"" ""ok "" ""ouais tant qu'on a pas trouvé mieux"" ""donc moi 10"" ""41.94"" ""bbbbbbbbbbbbb"" ""il reste combien de tours a ton avis ? "" ""une idée ? "" ""désolée je ne suis pas très douée"" ""miiiince "" ""c'est pas hyper rentable "" ""miiince "" ""25.4 et 25.7 ca fait pareil que 25.5"" ""ah pardon "" ""Tu mets 10 et moi 28 ?"" ""j'ai un pb avec le 222"" ""déjà essayé"" ""moi non plus mdr"" ""11"" ""on fait l'inverse"" ""ciseaux"" ""bon c'est pas bcp plus mais c'est tjrs ca "" "":)"" "":x"" ""la pierre casse les ciseaux"" ""donc 25.5"" ""sans triche cette fois mdr"" ""dsl"" ""c'est long "" ""avec 25.5 ca fait 0.03 pts en plus"" ""je vais utiliser le truc sur le coté ca sera plus simple"" ""a 3o sec ?"" ""merci"" ""pierre"" ""OK"" ""mouais mdr"" ""ca va on est quitte"" ""j'avais pas capté"" ""on refait ca ? "" ""mdrrr ok"" ""je ne suis pas douée c'est pas ta faute mdr"" ""bonjour"" ""mdrrr c'est du joli"" ""mdr"" ""pierre"" ""pierre"" ""pierre"" ""on reprend a 3-3"" ""hahah"" ""je suis en face en fait je crois"" ""j'ai mis 26 et ca a mis 6"" ""gagné "" ""si tu veux "" ""t'étais pas obligé "" ""pierre"" ""raté "" ""41.94"" ""ouais "" ""ok"" ""j'avais gagné "" "":'("""
1,1,1,"""ma famille penser que c etais a cause d etude "" ""j etais ou ? XD XD XD "" ""l premier "" ""mais en réalité "" ""si on choisi 26 nous deux on max nous profit "" ""de même"" ""d accord "" ""9"" ""Hhhhhhhhhhhhhhhhhhhhhhh"" ""bah oui psk c etais qlq chose de réflexion "" ""non je pense on va finir avant "" ""le premier c etais avec ma meilleur amie "" ""graave "" ""Hhhhhhhhhhhhhhh"" ""bah il ont mentionné "" ""tu pense que les dialogue sont enregister ? "" ""et le deuxième avec une autre que je connais pas "" ""c grave je parle avec qlq que je connais pas et je vais pas connaitre "" ""moi aussi "" ""j l imperssion que les gens commence a attendre ce dialogue pour parler "" ""meme moi je m ennuie grave "" ""meme si j ai rien compris "" ""et je m amuse comme même "" ""mais le fais que a chaque fois je connais qlq"" ""non tkt"" ""et qu il se marrie "" ""m a enervé "" ""les expérience sont devenue ennuyant "" ""ouii "" ""je suis devenue mature "" ""mdrrr"" ""j entend que les clavier "" ""s"" ""non je peux pas faire "" ""c quelle heure deja "" ""Hhhhhhhhh vas y explique le jeux"" ""j ai une balle "" ""et les deux se sont marrier "" ""peace "" ""c que je connaisais deux personnes dans ma vie "" ""pour tt les etapes c ca ? "" ""enchanté "" ""les décision économique la derniere fois je pense c etait qlq chose de politique "" ""vas y "" ""d accord "" ""si seulement j avais plus de temps a discuter je t aurai racontai tt les trucs que j ai envie de raconter a qlq mais je sais que si je raconte mon futur est detruie "" ""en plus j ai faim"" ""Hhhhhhhhhhhhhh"" ""bah oui moi aussi "" ""désolé pour les faute d ortographe "" ""ouii "" ""bah oui "" ""j ai faim"" ""ca veux dire quoi XD XD XD "" ""la raison la vrai raison "" ""j attendai cette chance  "" ""bah ok je veux dire un message a leen "" ""je m ennuie pas toi ?"" ""tu disais "" ""aussiii"" ""olalaaa c passe"" ""ces mes ex "" ""non c trop "" ""on se met d accord sur 26 donc ? "" ""j ai essayer de me suicider une fois pour une raison gamine et conne "" ""je meurt moi c graave"" ""j espere qu on finis avant 2h "" ""je veux manger "" ""HHhhhhhhhhhhhhhhh"" ""vas y "" ""XD XD XD "" ""mdrrrr"" ""voila l une de mes histoire "" ""oui j ai adoré "" ""òk "" ""déja 20"" ""je te dirai des trucs "" ""et je préfére celle de la bourse "" ""et en plus j ai faim"" ""oui "" ""je fais quoi avec je l a mange "" ""alors ca va ou pas ? "" ""et que personne ne connais jusqu'a mtn "" ""ouuf c trop"" ""encore 21"" ""re bonjour "" ""c long comme histoire "" ""ouiabah oui "" ""mdrrrrr"" ""coment ca contente "" ""j'avoue la bourse ceatit cool"" ""mdrrr je sais pas jai perdu la notion du temps"" ""je prefere ca :)"" ""je veux savoir mdrrr"" ""un ping pong , ca te dit ?"" ""vu comment c'est parti je ne pense pas"" ""mais non "" ""c'est une pratique bizarre "" ""tu sais ta une table des raquettes et un fliet"" ""vazi raconte "" ""oublie mdrr"" ""javais pas compris cetais tes ex"" ""plus jamais tu tentes de te suicidé toi "" ""mais si ca te plait je t'encourage"" ""15h30"" ""normalement tu devrais etre content pour eux"" ""oui"" ""mais on a une balle"" ""ok"" ""mon ventre commence a faire du bruit"" ""ca m'avait donné envie de devenir trader  cinq minute"" ""je comprends pas trop le but de celle ci"" ""si si c'est tres long et chiant"" ""arrete tu va me rappeler que moi aussi jai faim"" ""mdrrr ca veut rien dire de special"" ""trop de suspense"" ""aaahhh daccord"" ""ok"" ""on s'en fou mdrr"" ""c'est mieux :)"" ""mdrrrr"" ""ca se raconte des gros roman avc les autres jai impressiion"" ""cetait interessant"" ""mdrr j'avoue "" ""On se retrouvera ptetre sur une prochaine experience haha"" ""tu connaissais deux personne"" ""cest notre derniere minute"" ""c'est depuis qu'on discute "" ""c'est bon on continu jusqu'a la fin comme ca"" ""mdrr"" ""enchanté "" ""la meme"" ""il verifie se quon se dit je pense"" ""ravi de vous avoir connu"" ""on est qu'a letape huit"" ""c'est bon"" ""raconte "" ""cest rien"""
1,1,0,"""Non, 25.5 rapporte le plus"" ""ok"" ""Désolé je pensais que tu allais me la faire à l'envers"" ""ok, je regarde"" ""Ok, on continu comme ça"" ""ok"" ""Pareil?"" ""Ca marche"" ""ok"" ""Impeccable "" ""C'est 0.03 mais voila c'est déjà ça"" ""C'est comme ça qu'on répartira mieux la somme finale"" ""Non tkt"" ""Tape 25.5, c'est ce qui gagne le plus pour nous deux"" ""Parfait normalement 26 on est bons"" ""Il faut qu'on prenne tous les deux 28, c'est le chiffre qui nous fait gagner le plus tous les deux"" ""Fais correctement maintenant"" ""Oui"" ""Ok c'est bon, si t'as mieux dis moi"" ""Fais le test"" ""Ok"" ""Mais sinon c'était bien"" ""Fais le test, ça gagne un peu plus"" ""Non en fait celui qui gagne le plus c'est 26 et 26"" ""Tous les deux on écrit 25.5"""
1,1,1,"""SUPER KEDAB"" ""LA CEST TON TOUR DE METTRE 28"" ""NN 28"" ""tu met le plus grand ou le plus petit ?"" ""TG STP"" ""HAHAHAHHAHA A"" ""ON MET 28?0"" ""OKKEE "" ""MERCIIII "" ""CA MARCHE "" ""on va niker le monde "" ""ON MET 26.0 A DEUX "" ""de puis tout a lheure je perds "" ""pitieeee "" ""MERCIII"" ""HAHAHAH TOP "" ""SI T4AIME TA MERER"" ""TOI 28"" ""JAI TROP FAIM"" ""OUI"" ""JVAIS METTRE 28.0"" ""ON MET TT LES DEUX 28"" ""OUAIS VOILA "" ""C TOUA"" ""TT LES DEUX "" ""ON MET 28.0 A DEUX "" ""OUI TOP ET OTI "" ""ON MET 26.0 A DEUX "" ""POUR GAGNER TT LES DEUX "" ""ON FAIT LES 5 DERNIERES "" ""HAHAHH MAIS NA "" ""GUS GUS ?"" ""28 TT LES DEUX PLIIZZZ"" ""ON PEUT METTRE LA MEME CHOSE STP "" ""REGARDE LE TABLEAU "" ""26.0"" ""SAMY?"" ""PARFAIT "" ""OKKEE"" ""LARGES "" ""OUI "" ""MOI AUSSI "" ""et toi "" ""TU LA FAIS PAS A  LENVERS"" ""ON MET 26 "" ""CA RAPPORTE PLUS "" ""ON MET 26 TT LES DEUX "" ""MET 10.0"" ""JE MET 28 TU MET 0"" ""tout les deux "" ""je taime"" ""owaaaaw "" ""on va devenir riches"" ""ET APRES ON FAIT L4INVERSE"" ""TOUT LES DEUX "" ""NAN 26 "" ""CETTE FOIS STP MET "" ""CA GRAGNE PLUS QUE 28.0"" ""MOI 10 "" ""BAH TU MET 28 "" ""VRAIMENT OUI D"" ""26.0 "" ""ET ON RESTE A FAIRE CA "" ""ON CHOISI CE QUI DONNE LE PLUS GRAND RESULTAT "" ""STP"" ""JEN AI MARRE "" ""on peut mettre la meme chose "" ""ON MET LA MEME CHOSE STP "" ""GENRE MON VENTRE ME FAIS MAL DE FAIM "" ""A 26?"" ""ON MET TOUT LES DEUX 28.0"" ""on peut mettre la meme chose "" ""BAYE"" ""YEEAAAY "" ""HTAL LA FIN "" ""MEN BALLEC MMII"" ""le maximum "" ""OKK "" ""???"" ""MAIS DE SUR "" ""ON MET 28 TT LES DEUUUX"" ""DONC 26.0 C BON POUR TOI "" ""YA PLUS RIEN A DIRE SAFI "" ""C BOON "" ""ON METS 26 A DEUX"" ""ca m'a saoulé"" ""on peut mettre pareil stp "" ""CA MARCHE"" ""TKT"" ""okkk"" ""yeeessss"" ""KARIMAAA"" ""OKK"" ""DACCORD"" ""imagine je te la fais a lenvers"" ""ON METS 28 TOUS LES DEUX"" ""OKKK"" ""ET TOI METS 28.0"" ""CA MAAARCHE"" ""hk"" ""OKKK"" "","" ""OK "" ""JE METS 0.0 ET TOI METS 28.0"" ""tu mets combien?"" ""OOOO"" ""MOI JE METS 0.0"" ""OK"" ""daccord "" ""on mets combien?"" ""ON METS 18 A DEUX"" ""SINON CAVA TOI "" ""je sens que y'aura ni match ni rein "" ""On met 28 tous les deux"" ""tu vas mettre combien et sans mentir"" ""DACCORD "" ""la c a toi yak"" ""ca m'a saoulé"" ""tkt"" ""ca va me saoulééééé"" ""JE Taime encore pluuuuuuus"" ""ON METS 26 A DEUX"" ""bye"" ""C MOIIIII"" ""OUII"" ""A PARTIR DE MTN "" ""ok"" ""DACCORD"" ""OK"" ""OUI"" ""SALAM"" ""CIAO"" ""tu mets combien ?"" ""efeqdqs"" ""OUIIIII"" ""OUEP "" ""C FAIT"" ""ON METS 28 A DEUX"" ""IL NOUS RESTE 15 PERIODES"" ""OKKK"" ""que des fdp"" ""JE SAIS JE SAIS"" ""okkk"""
1,1,1,"""d'accord "" ""si on continue comme ça on aura 1200 points soit 12 euros à la fin"" ""je me demande si on gagnerai pas plus si on faisait des concessions"" ""mettons 28 tout les deux"" ""si t'applique bien les regles "" ""tkt j ai vu c'est pas grave"" ""merci"" ""dans mon choix dans la deuxieme etape je met 28"" ""cette etape c est juste pour nous aider a prendre une decision "" ""mdrrrr"" ""genre la on gagne 41.94 + 41.94"" ""a la base on gagne combien chaque fois? "" ""10"" ""mais ils ont dit que tu pouvais gagner une grande somme "" ""c'était un plaisir d'être l'autre!"" ""il faudrai qu'on continue à chercher une nouvelle stratégie"" ""t as raison"" ""choisi 28"" ""moi 22 toi 26= 50.78 pour moi et toi 32.52 attend.."" ""prend 10"" ""faut qu on trouve "" ""?"" ""t as essayer avec des chiffres qui ne sont pas multiples de 2"" ""28.0"" ""je suis d'accord"" ""on fait l inverse maintenant "" ""pour l instant les autres combinaison ne donne pas plus que la somme qu on a avec notre combinaison "" ""oui oui "" ""je disais donc "" ""on reequilibre"" ""je penses qu'on a trouvé la meilleur combi"" ""ya pas mieux je penses "" ""oui je sais mais je chercher a nous maximiser les gains"" ""cest pour moi"" ""et il ny a pas de meilleur combinaison que 25.6 pour linstant "" ""je penses aussi"" ""on gange plsu avec"" ""se faire 17 euros en rentrant des chiffres en 1h c'est rentable je trouve"" ""apres on recommencera avec 25.6"" ""ok je pred 10"" ""plus*"" ""mets bien 10"" ""de rien "" ""je p-reprend 28?"" ""25.6"" ""c'est toujours ca 3 centieme ^^"" ""je cherche tkt"" ""je cherche mieux mais pour linstant 26 26"" ""on gagne 84 la"" ""je vois aucune sommme qui fait plus "" ""on repart sur 25.6"" "";)"" ""dacc"" ""pourquoi?"" ""que meme si on fait une faute de frappe on quon veuille se mettre des batons dans les roues on risque peu "" ""mais je cherche encore ^^"" ""meme avec*"" ""toi mets 10"" ""plus qu'a attendre :)"" ""25.6"" ""dis moi"" ""83.88"" ""on speed ?"" ""oui "" ""jai essayé tous les calculs presque"" ""regarde 26 26"" ""il est mieux"" ""je vois la forme de la fonction a deux inconnus"" ""c'est uassi un test de confiance"" ""mais avec notre technique meme si t uveux me doubler je  pers pas bcp plus"" ""et toi"" ""c'est peut etre bcp pour eux"" ""ok"" ""t ufais terminer le dial? "" ""jai compris "" ""faur maximiser la somme de nos points "" ""de meme"" ""en plus c'est simple car on mets la meme somme on se trompe pas"" ""nickel"" ""je dois mettre 28"" ""mais si tu as une idee je suis preneur ^^"" ""toujours moins "" ""non "" ""aussi*"" ""dsl"" ""comment ca?"" ""+5 de base"" ""84-0.12=83.88"" ""et je doute que la fonction ait dautre maximum"" ""prend 14"" ""il y a un tour ou on a pas equilibre les gain je vais jeter un oeil quand jaurais lhistorique sous les yeux"""
1,1,1,"""je pensais que tu allais mettre 26"" ""je pense que pour avoir le plus d epoint ca serait mieux de mettre tout le temps 26.0"" ""tu veux mettre combien ? "" ""toujours pas la ??"" ""ca te dis qu'on remette 26 ? "" ""c'est meux si on se met daccor quand même "" ""on garde encore ca ? "" ""c'st le plus haut score de toute facon"" ""dacc alors 28"" ""la on pourrait mettre tous 28"" ""tu m'a dit que tu mettais 24"" ""salut"" ""on gagnait plus d epoints ? "" ""on garde 26 ou on change ? "" ""on a bien joué c'est cool"" ""oui"" ""ca te va ???"" ""on a quand même gagné pas mal d epoints "" ""tu as d'autres idées de combinaisons ou pas du tout ?"" ""tu es encore la ???"" ""on est sur de rien perdre comme ca"" ""on garde 26 pour les derniers ? "" ""c'est pas assez organisé"" ""on aurait du garder 26 tout le temps c'est vraiment la meilleure combinaison "" ""tu met lequel toi"" ""ton message je n'ai l'ai vu qu'au dernier moment sniiiif "" ""le temps qu'on en perd pas c'est parfait "" ""super alors 26"" ""on mets quoi maintenant ?"" ""t'en pense quoi ? "" ""mais c'est pas grave on gagne quand même des points"" ""on garde encore ca ?"" ""on remet 26 pour les point ou pas ? "" ""ou on fait au hasard comme ca ?"" ""t'en pense quoi ? "" ""plus que deux fois et c'est fini"" ""oui 26 c'est la meilleure case "" ""JE SUIS OK"" ""SLT"" ""OUI"" ""SUR 26 CEST SUR"" ""é!"" ""12 ET 26"" ""OUI"" ""12 ET 24 C OK"" ""26"" ""28 ca marche"" ""18"" ""OK POUR 26"" ""allons pour 26 et on voit ensuite"" ""restons sur 28"""
1,1,1,"""ON S ATTACHE AU 26 TOUT LES 2 cette fois ci "" ""c est mieux non ? "" ""c es "" ""salut veuillez bien changer de choix "" ""vous allez gagnez 68 "" ""CHACUN "" ""on gagnera 41 PT "" ""si on choisit 26 tout les deux "" ""CETTE FOIS SI TU CHOISIS 20 et moi 18 ET POUR L AUTRE PERIODE ON CHANGE "" ""cette fois si je vais choisir 20 ET TOI 18"" ""choisir 10 n est benefique que pour vous "" ""ON RESTE SUR LES 26 JUSQU A LA FIN "" ""moi aussi j ai rien contre vous "" ""ET JE VAIS GAGNEZ QUE 4 ET DES MIETTES "" ""salut"" ""c'est la dernière période merci et passez une bonne journée :)"" ""BONJOUR"" ""mais c est bien d etre en situation de gagnant gagnant"" ""parfait alors !"" ""je choisis toujours 10, pour qu on gagne le plus grand nombre, vous devez choisir 28"" ""j ai rien contre si vous gagnerez plus ;)"""
1,1,1,"""moi : 10"" ""les 2"" ""pareil"" ""salut"" ""parfait"" ""on continu pareil"" ""toi : 28"" ""la on échange comme d'habitude"" ""mais t'es sûre ?"" ""c'est parfait"" ""LES 2"" ""comme ça on a la somme la plus élevée"" ""oui je pense aussi"" ""toi 28 et moi 28"" ""bon il faut trouver une autre combinaison"" ""ok ?"" ""toi 10"" ""et toi 10"" ""il faudrait que tu mettes 28"" ""et toi 28"" ""24.9"" ""il faut que tu mettes 28"" ""chacun son tour mdr"" ""toi 28 et moi 10"" ""pas 2"" ""la je met 28"" ""moi 28"" ""on a 41,27 normalement"" ""25.4"" ""met 28"" ""Tu a mis 2 juste avant ?"" ""non att"" ""on va être riche"" ""On refait pareil"" ""att on reste pour linstant"" ""et moi 10"" ""on gagne un peu plus"" ""fais moi confiance"" ""merci"" ""ok on fait ça"" ""et je met 10"" ""ça va ça non ?"" ""et moi 10"" ""ok"" ""non toi 28"" ""on continue comme ça ?"" ""SALUT"" ""SINON UNE FOIS TU METS LE 10 ET L AUTRE FOIS JE LE MET "" ""OK"" ""ON CONTINUE 28 28 "" ""OK"" ""CELUI QUI MET LE 10 GAGNE PLUS JE PENSE "" ""oui"" ""OUI"" ""ce qu'on aura comme gain si y a une grande difference on reste sur 10 ET 28"" ""PARFAIT"" ""OK"" ""ON ESSAIE UNE AUTRE COMBINAISON SI Y A UNE GRANDE DIFFERENCE DE GAIN ON CONTINUE COMME TOU A L HEURE ?"" ""OK"" ""ET APRES"" ""MAIS le probleme c'est que je ne gagne que 4 moi mdrr"" ""MDR"" ""OUIII"" ""OK"" ""MDR OK"" ""MET LE 10"" ""FAISONS TOI 26 MOI 12 ET VOYONS CE QU4ON AURA "" ""DONE"" ""NON 10 MAIS DANS L AUTRE CHOIX J AI MIS 2"" ""OK"" ""IL FAUT AUSSI METTRE 10?"""
1,1,1,"""Sans pénaliser l'autre"" ""Tu me diras si t'as pareil"" ""Pareil"" ""Essais avec le calculateur "" ""Y'a marqué 0.00 à chaque fois "" ""Ca te fera 68 points"" ""Maintenanr l'inverse"" ""Ca fait 36 points"" """" ""On peut changer et faire 27 et 26"" ""Ca fera au minimum 12 euro par personne si j'ai bien compté, ça va haha ;)"" ""Tu as pareil ?"" ""Regarde l'historique "" ""Oui mais celles d'avant "" ""Mets 21.5"" ""On remets pareil"" ""Re :)"" ""Tu verras après mais trop bizarre "" ""25.9 ça augmente un peu"" ""Bonjour"" ""Bien joué"" ""25.5 ça augmente un peu aussi"" ""et moi 27.5"" ""Mets 10 et je mets 28"" ""Ravie d'avoir avancé avec toi de manière égale haha"" ""Fait 27 je fais 26 et vice versa"" ""Ca fait plus de poins je viens de voir avec le calculateur"" ""Comme ça on gagne au minimum 44 pts à chaque fois"" ""T'as les bons nombres ?"" ""Mets 28"" ""J'ai trouvé pour qu'on ait quasi pariel à chaque fois"" ""Si le chat est coupé on mets toujours par alternance 27 et 28"" ""Quand on parle pas appuie sur terminer le dialogue ça va plus vite"" ""On aura nos deux résultats alors c'est top"" ""Je crois que y'a un bug"" ""Et je mets 10"" ""a compensera pas pour nous deux du coup"" ""C'est plus rentable si on veut avoir le même nombre de points de toujours mettre 28 et 28"" ""Qui sais ? J'en suis peut être un(e) haha"" ""On avance ensemble ? Comme ça on aura exactement le même nombre de points à la fin"" ""C'est bon on fait ça"" ""Et toi aussi"" "":))"" ""On alterne toujours comme ça, c'est le max de points a chaque foiz"" ""Mets 28 au prochain tour"" ""Mets 27.9"" ""Il faut qu'on trouve la meilleure solution"" ""Je me sus trompée excuse moi"" ""Dans le total de nos points y'a marqué que pendant toutes les parties précédentes on a marque 0 !!"" ""C'est bon"" ""T'as pas marqué 0 à chaque fois ?"" ""Oui c'est ça"" ""Ce qu'on veut mettre etc"" ""Yes pcq là mon ordi à eu un pb "" ""C'est pas plus mal ça veut dire que y'a que mon ordi qui à bug "" ""C'est en bas à droite après"" ""Alors ?"" ""Oui "" ""Qui nous rapporte à nous deux 41.27"" ""On peut mettrr à chaque dois 27 et 28"" ""Solidaire haha"" ""Non du coup là mets 24 "" ""Es tu là ?"" ""non j'ai pas vue cela mais attends je vais re check après"" ""okay tu mets quoi"" ""en alternant "" ""ok"" ""`whaatt okay je verrai"" ""okay"" ""une bonne stratégie "" ""on ne saura donc jamais"" ""les"" ""on peut essayer qqch pour gagner 68 pts chacun son tour après "" ""pour mon choi"" ""on est censé se dire quoi en fait"" ""oui c'est bon :)"" ""on choisi 28 tous leq 2"" ""ou ça??"" ""par rapport a quoi"" ""aller 25.5"" ""faisons ça"" ""pas fau"" ""non, je pense ça vient de ton ordi"" """" ""ok"" ""effectivement oui"" ""même si au début ce n'était pas évident mais oui c'était bien, bonne continuation:)"" ""c'est bon"" ""ça mets 41.91 pour toi et moi"" ""et oui solidaires :)) imagine en fait depuis le début nous sommes des robots"" ""non :o"" ""dons metteons 24.9"" ""okay"" ""ouii également :)"" ""oui"" ""oki"" ""good"" ""donc la je mets 68"" ""ah oui "" ""avec 24.9 ça fait quelques centimes en plus"" ""oui?"" ""ok"" ""si par e je mets 10 pour moi et 28 pour toi ça me fera 68 pt et après on inverse ?ou on continue sur 27 28"" ""on metstoujours les meme chiffres?"" ""oui c'est bon"" ""okay"" ""oui faisons ça"" ""i am lost"" ""28 28"" ""ok"" ""si tu mets 22 ca te fait 36 pts "" ""je vais choisir 28 cette fois"" ""oui"" ""re :))"" ""Bonjour"" ""faut leur dire"" ""okay"" ""et toi 27"" ""non y'a pas ça"" ""ils ont les résultats eu donc tkt"""
1,1,1,"""ON AURAIT LE MME GAIN"" ""OK JE TE SUIS"" ""SI ON PREND LE M CHIFFRE LOGIQUEMENT "" ""MIEUX QUE 10 OU 20 PTS"" ""PR LE MOMENT RAS"" ""ON MET QUOI"" ""oN METS TT LES DEUX 28.0?"" ""TU VEUX METTRE QUOI"" ""TA COMPRIS LE PRINCIPE ?"" ""OK C BON"" ""SI ON MET NOUS 2 "" ""JUSQUAU BOUT ?"" ""YES"" ""28.0 ?"" ""PAREIL MDR..."" ""AVEC LE CALCULATEUR "" ""BONJOUR"" ""26"" ""OUI JE CHERCHE "" ""ON GAGNE UN CHOUYA PLUS"" ""OUI C LE MIEUX MDR"" ""41.27 CHACUN"" ""PCQ LA JE SUIS PERDU"" ""AU MOINS ON GAGNE DANS TT LES CAS "" ""MOI NN PLUS"" ""MDR"" ""TEN DIT QUOI"" ""ON PEUT PAS GAGNER PLS"" ""ON GARDE 25.5 ?"" ""JSP CA DEPEND DE TOI"" ""FAUT QUON TROUVE UNE STRATEGIE"" ""VIENS ON MET 28 A CHAQUE FOIS"" ""HAHAH"" ""OK "" ""BONJOUR"" ""OK MAIS GENRE SI ON JOUE STRATEGIQUEMENT"" ""MAIS OK PAS DE PB"" ""MET 25.5 ON GAGNE UN PEU PLUS"" ""ON RESTE SUR 25.5 MDR"" ""OUI SI TU VEUX"" ""OUI TU VEUX LEQUEL"" ""JE NE TROUVE RIEN..."" ""ON AURA 41"" ""TJRS 25.5?"" ""T EN PENSES QUOI"" ""J ARRIVE PAS A TROUVER PLUS ELEVE QUE CE QU ON GAGNE"" ""TU VEUX METTRE QUOI"" ""SI ON MET 28 NOUS DEUX"" ""C A D ?"" ""SI ON TROUVE QQ CHOSE DE PLUS ELEVE ON SE TIENT AU COURANT"" ""JE MET AU PIFF"" ""Tu veux choisir quoi"" ""DONC ON MET 41.27?"" ""OUI MDR"" ""ON CHOISI 18?"" ""PAS GRAND CHOSE PERSO"" ""CHOUYA?"""
1,1,1,"""fais attention y a des choses que tu n'as pas le droit de dire"" ""que tu fais ca alors que je te fais confiance "" ""on va gagner +"" ""il fallait mettre 0 hahaha "" ""on va gagner moins si on fait ca "" ""et la prochaine fois je mets 0 et toi 28 "" ""c'est pas grave je comprend tout ce que tu me dis"" ""? "" ""oui parce qu'il faut attendre dans tous les cas"" ""c'est la 2ème fois"" ""pour 20 centimes"" ""okk"" ""le tableau est vrai oui"" ""chacun notre tour on va mettre soit 0 soit 28 "" ""c'est trop bon ca aussi "" ""aah tajine de légumes"" ""je le suis "" ""c'est quoi le nom"" ""c'est ce que je fais depuis le début"" ""c'est le dernier tour"" ""tu preferes qwerty ? "" ""okk "" ""on a le droit de se communiquer les gains ? "" ""j'ai une meilleure idée"" ""okk"" ""je narrivais plus à écrire"" ""tu as compris le raisonnement ? "" ""moi aussi j'adore manger"" ""oui ltb$"" ""oui également :D"" ""neurochirurgienne "" ""maintenant qu'on sait ce qu'on va mettre pour tout le reste on va bien s'ennuyer"" ""C'est grave n'empêche"" ""tu voulais faire quoi comme métier quand tu étais plus jeune ? "" ""de poulet ou de boeuf"" ""genre un déjeuner ou un diner"" ""hahah c'est de trop longues études :,("" ""on remet 27 alors ? "" ""tu as compris "" ""médecin "" ""sinon l'expérience est annulée"" ""bonjour"" ""c'est un métier qui demande beaucoup de sacrifices"" ""on met 27 , "" ""mieux vaut qu on mette 28 tout le temps "" ""Bon choix"" ""ca va nous permettre de gagner +"" ""a toi de décider maintenant, soit tu veux rester reglo jusqu'au bout soit tu veux continuer de faire ce que tu veux et donc moi aussi "" ""je n'ai pas choisis ce métier car j'aimerais avoir plus de temps pour ma famille"" ""Dans le réglement il y a marqué que tous les messages ne doivent pas nous permettrent d'identifier l'autre"" ""quels sont tes rêves ? "" ""moi c'est les lasagnes je crois "" ""il y en a plusieurs mais pourquoi pas Simone de Beauvoir"" ""c'était 27 non ? "" ""par exemple moi mtn je met 28 "" ""t'inquiètes c'est normal"" ""okk "" ""on a dit 28 jusqu'à la fin"" ""et toi 0 "" ""tu as déjà gouté à la cuisine marocaine ? "" ""c'est quoi l'équilibre de nash ici"" ""tajine ? "" ""aucun problème"" ""j ai ete reglo dès le début "" ""? "" ""et moi je vais perdre 8 "" ""interdit"" ""et toi ? "" ""laisse tomber en fait y a une faille dans mon raisonnement "" ""okk"" ""ravi d'avoir coopéré avec toi"" ""moi j'aimerais ouvrir un refuge pour les animaux"" ""oui trop je les adore"" ""oui "" ""bien c'est un bon rêve"" ""donc pourquoi tu me pose la question"" ""mets 0 maintenant et tu verras"" ""c est pour ca que si l un met 0 et l autre 28 chacun son tour "" ""? "" ""c est moi qui ne peux pas te faire confiance"" ""du coup ton plat préféré ? "" ""c'est mignon "" ""mercii "" ""c est bon tu as compris ? "" ""tu vas gagner 60 "" ""au lieu de 28 "" ""tu as mis 0"" ""jai pas compris"" ""heheheh"" ""et toi?"" ""tu aimes tajine aussi toi?"" ""cest quoi ton plat prefere? "" """" ""je ne suis pas expert "" ""claire"" ""oui"" ""^^'"" ""veggies hahaha"" ""pour les enfants"" ""merci pour ton rappel"" ""un plat qu'une copine marocaine qui me faisait gouter"" ""oui"" ""coool"" ""je comprends"" ""le deuxieme est vrai"" ""haha je mange quasiment tous hhahaa"" ""et les femmes"" ""On est les meme personnes?"" ""ok"" ""vegetarien"" ""Je te fais confiance alors"" "":)"" ""donc on coopere ou pas?"" ""je veux aider les autres"" ""je suis etudiante etrangere"" ""si tu pourrais manger avec quelquun"" ""exact"" ""lol"" ""merci cest gentil"" ""pardonne moi"" ""tu vas grave aider les gens"" ""jadore"" ""en suite"" ""qui serait?"" ""Alors"" ""lol"" ""ok"" ""oui"" ""mais je sais bien que"" ""je comprends mieux maintenant"" ""alors "" ""on termine le dialogue ensemble"" ""comme ca ca passe plus vite"" ""a ISEM"" ""Coucou"" ""wow"" "":)"" ""oui"" ""dis-moi ou es tu?"" ""hum"" ""voila"" ""cest ca"" ""bon question"" ""cera michelle obama"" ""coopere est tj meilleure"" ""oui"" ""oui"" ""meilleur"" ""jai mis 26 avant"" ""ce que je voulais faire"" ""je ne savais jamais"" ""pour les clavier francais"" ""dans tous les cas"" ""tres bien ton choix"" ""oui"" ""pc si tu mis comme ca"" ""mais les nouilles"" ""soit dead ou alive"" ""en general"" ""enchante de te connaitre"" ""desolee "" ""en fait"" ""une vraie gourmande"" ""27"" ""oui"" ""dans la salle"" ""fonder une association"" ""ah shit"" ""cest cool de bavarder ici"" ""pour tous les deux"" ""le tableau est vrai?"" ""ouii"" ""je peux te faire confiance? ;)"" ""du coup "" ""je tavais dit"" ""on coopere+"" ""quest ce que tu voulais faire"" ""huh?"" ""je ne rappelle plus le nom"" ""trop bon"" ""pardonne mon ecriture "" ""je ne sais pas si tu es une vraie personne qui est presente dans la salle ou pas"" ""desolee jai fait une erreur "" ""oui "" ""28 a moi "" "":°"" ""quand tu etais plus jeune?"" ""tu es un fan danimaux?"" ""tu es vraiment mature"""
1,1,1,"""il faut alterner entre numeros bas et numeros elevees"" ""moi j y ai participe une fois"" ""ca te dis de se mettre d'accord pour qu'on puisse gagner tout les deu"" ""pareil mdr"" ""15 euro suuur"" ""tu y avait deja participe avant "" ""20 euros"" ""et toi"" ""oui ahah"" ""hey"" ""oui"" ""bonne chance pour le prochain jeu"" ""10 euros"" ""comme ca on alterne nos gains"" ""apres faut voir les autres questions"" ""encore 9 et cest fini"" ""oui"" ""mais il n'avait pas la conversation"" ""10 facile"" ""la on fait l'inverse"" ""parfait la tu mets un numero elevee et loi un numero bas"" ""oui"" ""cest plus simple comme ca ahah"" ""appui sur terminer le dialogue comme ca on passe a l'etape suivante"" ""ok"" ""mercii"" ""apres avec les questions qui suivent ca sera plus"" ""cv?"" ""je vais m'endormir mdr"" ""ltn tu mais 28 et moi 10 parfait"" ""40 cent"" ""ça vas avec ce 28 ont a toutes les 2 'à cent"" ""Merci a toi aussi"" ""oueeeee"" ""meme plus de 10 euros hahaha"" ""ont vas gagner plus"" ""je pense"" ""met 28"" ""ont continue avec les memes numeros?"" ""pas mal"" ""Ont arrive a 20 euros sans question "" ""ce long"" ""oui dit moi"" ""parfait"" ""et les 5 euros"" ""ont met que 28"" ""hello"" ""hahaha"" ""t'avais gagner combien la derniere fois"" ""jamais et toi"" ""ok"""
1,1,1,"""je met 28.0"" ""on doit avoir le plus de points non ?"" ""stp met 28"" ""t'aime bien la philosophie ?"" ""°_°"" ""j'essaye de trouver une faille mais yen a pas"" ""presque pareils mais vzy stv "" ""enfin les pesos"" ""mdrrrrr"" ""68.22 pardp,"" ""je pense ya un truc qui rapporte plus que 60"" ""viens on termine la discussion au 29 tours"" ""ouiiiiiii"" ""pour avoir plus de points "" ""mais enft tu joue contre moi ?"" ""fin c le but je suppose "" ""oui"" ""oue mais yen a un qui gagne moins "" ""met 10.0 "" ""?"" """" ""sa doit etre les nombres impairs"" ""tu pense tout le monde fais comme nous ?"" ""ou sa sert a rien ?"" ""bref vzy jouns loyal "" ""grv "" ""la psychologie je voulais dire mdrr"" ""tu ma eu le tour d'avant"" ""apres on inberse "" ""..."" ""vzy c trop bizzare "" ""en attendant"" ""sa revient au meme je pense "" ""°_°"" ""carre mdrr"" ""°_°"" ""genre chacun son tour on gagne masse points "" ""on gagne que 40 points "" ""°_°"" "":)"" ""mais viens on joue ensemble "" ""je pense ya pas plus haut que 66.81"" ""jpense ya une faille"" ""trouve le mdrr"" ""allé salut °_°"" ""et on encaisse c bon "" """" ""on termine le dialogue ?"" ""tu devais mettre 28 :("" ""essaye "" ""ta compris quoi ?"" ""je met quoi ?"" ""genre la tu met 28 et je met 10 "" ""c sur mdrr"" ""faudrais qu'on se trouve a la fin mdrrr"" ""?"" ""par contre c grave long "" ""oui pk"" ""ok 28"" ""non mais c a moi de mettre 8"" ""..."" ""javoue"" ""je pense que si on met tout le temps 28 tout les 2"" ""19 26"" ""mais chpa c quoi "" ""parfaits je met 28 et toi 10"" ""bonjour"" ""je texplique apres"" ""je met 10 et toi 28 "" ""mais tout les c plus rentable"" ""ok mtn je met 28 et toi 10"" ""met 28 et je met 10apres on inverse"" ""ou sois on met tout le temps 28"" ""OUII"" ""OUII"" ""oui"" ""D'accord"" ""Bonjour"" ""je met 8 et toi é! et on inverse"" ""Coopération "" ""C PAS MAL JE PENSE"" ""on doit alterner entre 28 et 10 POUR TOUTES les periodes qui restent "" ""non?"" ""okaay"" ""COMMENT 9A"" ""ouii"" ""26 26"" ""Bye !!"" ""aprés si on fait 28 28 C mieux que d'alterner 28 10 "" ""hahah"" ""ok "" ""Comme ça on gagne plus "" ""peut etre ouii"" ""ouii"" ""T'as étudié le dilemne des prisonniers ?"" ""ON CHANGE"" ""OUII"" ""OUI JE PENSE"" ""PAS rentable"" ""26 25"" ""26 é§"" ""oui"" ""c qq chose comme ça je pense haah"" ""étais censé mettre*"" ""10 MORE ROUNDS TO GO HAHAH"" ""SI on alterne "" ""OUI JE PENSE "" ""On part pour 28 28 Pour ce qui reste "" ""je commence à comprendre "" ""okkk"" ""MAIS TU 2TAIS CENS2 METTRE 28"" ""J'ai essayé "" ""28"" ""oui hahah"" ""la différence est grande"" ""oui mddrr"" ""D4ACCORD"" ""OUII"" ""ouii"" ""on gagne plus"""
1,0,1,"""Ouais"" ""Regarde si on met 25.5"" ""Ok"" ""Ah bien vu"" ""Mais à la fin on gagnera + si on mets tous les 28"" ""Il faut qu'on mette 28 tous les 2"" ""Bonjour"" ""Parfait"" ""Ok je mets 28"" ""un 28 et lautre 10"" ""on fait ça"" ""on continue comme ça ?"" ""cest le maximum"" ""je mets 28.0"" ""on gagne plus"" ""ok"" ""merci je mets 10"" ""merci"" ""tu as raison pour le 28 28"" ""ça marche"" ""haha"" ""je viens de voir que si on fait 26 26"" ""il faut qu'on alterne du coup"" "":)"" ""je mets 28.0 du coup"" ""non c'est trop faible"" ""Bonjour"" ""le meilleur choix est 28.0 et 10.0"""
1,0,0,"""je propose qu'on mette 25.5 tous les deux comme ça on gagne 41.94 points, d'acc? """
1,1,1,"""OK"" ""c'est clair  mais y'a enore quelque chose après"" ""parfait"" ""tu crois qu'elle mesure quoi l'expérience?"" ""Teste ce que je t'ai dis, de mettre 28.0 et l'autre 6.0 ça rapporte 67 "" ""ok on continue"" ""c'est clair mais je pense que certains vont le faire"" ""au contraire, l'autre perd que 1.22 et après gagne 67"" ""J'espère ça serait pas cool sinon"" ""Oui possible que ça soit l'entraide, tu crois qu'il y en a qui vont changer à la fin pour plus gagner?"" ""Òu 27.0 ça me va"" ""25.6 aussi"" ""Ca devient long là, 30 fois avec les temps d'attente ça fait beaucoup mddr"" ""On continue ou t'as trouvé mieux?"" ""Allez dernière fois!!"" ""C'est bizarre que ça soit si simple de tout le temps mettre ça non?"" ""Niquel on fait ça"" ""`c'est pareil pour moi"" ""Et on laterne?"" ""vas y 27"" ""Si tu mets 28 et mois 6 tu gagnes beaucoup, on fait ça et après on inverse?"" ""26.0 ca apporte encore un peu plus"" ""on fait ça c'est bien"" ""t'inquiete je suis loyale"" ""oui"" ""on continue"" ""au moins on gagne beaucoup"" ""enfin!!"" ""on peut mettre 27.0"" ""oui mais c'est moins rentable"" ""25.6 jusqu'à la fin ?"" ""on fait 27.0 jusqu'à la fin ?"" ""les gains sont plus importants"" ""oui..."" ""ou si on s'entraide"" ""ok 25.6"" ""c'est possible"" ""encore 10 fois"" ""il faut mettre nous deux 28.0"" ""27.0 alors"" ""la logique "" ""ca apporte un peu plus"" ""nickel alors"" ""c'est mieux de gagner nous deux plus"" ""ca serait pas cool pour eux"""
1,1,1,"""cette fois je fais 25 "" ""benef"" ""on gagne 44.40 et 39.42"" ""26"" ""sa a coupé "" ""c'est toujours ca de gratter"" ""ah ouais sa fait moins jcrois"" ""ca fait"" ""je fais 26 et tu fais 24"" ""go"" ""en gros si on fait ca tout le long"" ""bonjour"" ""20 centimes"" ""sa mange pas de pain"" ""on gagne 17 vrai euros chacun a la fin"" ""ca te va ?"" ""le temps est long"" ""de ?"" ""tout les 2 tours"" ""1"" ""en faisant 26 tout les 2 "" ""36"" ""j'ai trouvé un beug"" ""12 avec le jeu et 5 de deplacement"" ""noir impair"" ""si tu veux"" ""27 chacun"" ""j'ai faim"" ""et on tourne "" ""0 + 0 = la tete a toto"" ""jcrois on va terminer le dialogue"" ""à gagner en plus"" ""et on change ?"" ""je carressais le temps"" ""25.5 et 26 "" ""au lieu de 36 et 45"" ""sinner qui prend medvedev"" ""je croisoui "" ""avec 25 et 26 "" ""on gagne un peu plus"" ""que de la mala"" ""celui qui gagne moins gagne 39 "" ""allez"" ""belve"" ""jfais 22 "" ""on gagne 37 et 46"" ""on va gratter du temps"" ""je viens de faire 26 tu fais 25 c bon"" ""sinon"" ""41,91"" ""26/26"" ""x2"" ""44.38 + 39.5 = ?"" ""cbon"" ""joue les voisins"" ""je sais pas qui t'es"" ""mais tu es rigolo"" ""c'est ce qui maximise nos gains"" ""on gagne un tout petit peu plus"" ""j'ai pas vu ton dernier message "" ""jmet 0 au prochain"" ""on gagne plus"" ""ou 28 tout les 2"" ""tout les 2 ?$"" ""nickel"" ""nous"" ""0.0"" ""tiiir"" ""?"" ""on brule le sky ce soir"" ""mdrrr"" ""41.91 x 2 = 84"" ""oula oulala"" ""on gagne 3 centimes de plus"" ""uuh"" ""au prochain"" ""esquinté"" ""on prend 41"" ""25.6"" ""chocolatine?"" ""ca dure longtemps?"" ""non "" ""14 ?"" ""on essaie 18 ?"" ""j'en peux plus"" ""jfais 8 "" ""non"" ""tout sur winamax"" ""le mieux "" ""t'es gourmand"" ""26 tout le long c bon?"" ""ptn "" ""?"" ""tu veux que je fasse cb?"" ""tu fais 26?"" ""nous"" ""mdrrrr"" ""ca fait un café creme"" ""tant qu'a faire on reprend 26/26?"" ""tu fais 24?"" ""un de nous deux gagne moins"" ""et celui qui fait 26 prend 44."" ""fait 28"" ""ca va?"" ""ouais"" ""croissant aux amandes?"" ""tir payet"" ""c'est encore mieux "" ""hier encore j'avais 20 ans"" ""annoncé"" ""tir germain tiiiir"" ""ce soir c'est nous"" ""c 24 "" ""mdrr"" ""ENFAITE C EST PAREIL"" ""j en ai trop marre"" ""VAS Y"" ""FAIS 26"" ""vas y mais je crois faut rester sur 26 26 "" "".7"" ""REND PAS FOU"" ""oe att"" ""je crois faut s'accorder sur un nombre"" ""Termine le dialogue"" ""oe je pense"" ""Bah vas y je pense c est le mieux mais faut qu'on sccorde a chaque fois"" ""CALCUL"" ""30 tours mdr"" ""ESSAYE"" ""26"" ""Non 26"" ""83. 92"" ""VAS Y ON FAIT CA ET ON RESTE SUR CA QUI COMMENCE"" ""Malheur"" ""VAS Y MET 28"" ""AJOUTE LES ET DIVISE PAR 2"" ""Mais vas y "" ""VIENS ON FINIT JPP"" ""ALLEZ C EST BIENTOT FINIS "" ""PRESQUE "" ""DECONNE PAS YA L APERO"" ""vas y"" ""C est le dilemme du prisonnier non?"" ""De ouf "" ""JE NE VEUX PAS TE PARLER"" ""ON EST EN BENEF"" ""OE"" ""Le resultat pour 25 et 26"" ""J en ai deja marre"" ""Pareil ?"" ""DEBUT DE LA FORTUNE"" ""Ya pas un nombre on gagne encore plus ?"" ""Vas y"" ""ON CHICANE POUR 0,02"" ""26 26"" ""QUI SUIS JE"" ""eSSAYE PAS DE ME FAIRE SUR LE DERNIER"" ""14 toi et 14 moi"" ""25.8"" ""1 TOUR SUR2"" ""25.6"" ""c'est pareil"" ""REGARDE LE 24 ET 22"" ""28 direct"" ""vas y "" ""On est qu'a la 8"""
1,1,1,"""pareil"" ""si on est dacc de tous les mettre 26 pas besoin dattendre les 1mins a chaque fois"" ""oui on fait ca"" ""on continue sur 26 alors"" ""On les mets tous 26?"" ""PAS FAUX"" ""enfin"" ""oui mais pq 26 "" ""ugh pareil"" ""OK"" ""ah ok c pas grave"" ""On est obligés d'attendre la minute pour que tout le monde ait la suite en même temps je pense"" ""C'est long mdr je vais m'endormir"" ""Merci pour la coopération"" ""Allez dernier tour"" ""On refait pareil si ça te va"" ""Et si on met pas le même chiffre tous les 2 y en aura un qui sort perdant"" ""Ouais si ça te va"" ""Yes"" ""28 on gagne un peu moins"" ""Si tu regardes la diagonale c'est le plus gros chiffre"" ""Oui"" ""Salut jpense que le plus rentable c'est qu'on mette 26 tous les 2"" ""Ouais mais je pense pas que \qterminer dialogue\q ça fasse passer la minute"" ""Allez"" ""Enfin je vais essayer quand même"""
