"obn","time","session","period","group","game","subjectid","subject","message","messagecode","late","type","strategy1","strategy2","payoff_1","payoff_2","payoff_manager","surplus_babbling"
"-999","0","2","10","1","4","221","21","","-999","1","0","1","1","14","42","56","72"
"736","4","1","10","1","4","124","24","¿En qué juego estamos?","¿En qué juego estamos?","1","0","4","4","47","33","80","72"
"737","6","1","10","1","4","117","17","Es el juego: 4","Es el juego 4","1","1","4","4","47","33","80","72"
"738","7","1","10","1","4","103","3","Es el juego: 4","Es el juego 4","1","2","4","4","47","33","80","72"
"739","11","1","10","1","4","117","17","C está diciendo la verdad","C está diciendo la verdad","1","1","4","4","47","33","80","72"
"740","8","1","10","2","5","123","23","¿En qué juego estamos?","¿En qué juego estamos?","1","0","5","5","54","26","80","64"
"741","8","1","10","2","5","116","16","Es el juego: 5","Es el juego 5","1","1","5","5","54","26","80","64"
"742","11","1","10","2","5","123","23","Por favor decidme la verdad","Por favor decidme la verdad","1","0","5","5","54","26","80","64"
"743","11","1","10","2","5","102","2","Es el juego: 3","Es el juego 3","1","2","5","5","54","26","80","64"
"744","13","1","10","2","5","102","2","Estoy diciendo la verdad","Estoy diciendo la verdad.","1","2","5","5","54","26","80","64"
"745","28","1","10","2","5","123","23","Por favor decidme la verdad","Por favor decidme la verdad","1","0","5","5","54","26","80","64"
"746","30","1","10","2","5","102","2","Estoy diciendo la verdad","Estoy diciendo la verdad.","1","2","5","5","54","26","80","64"
"747","39","1","10","2","5","116","16","Estoy diciendo la verdad","Estoy diciendo la verdad.","1","1","5","5","54","26","80","64"
"748","44","1","10","2","5","102","2","F está mintiendo","F está mintiendo","1","2","5","5","54","26","80","64"
"749","5","1","10","3","3","121","21","¿En qué juego estamos?","¿En qué juego estamos?","1","0","3","3","40","40","80","80"
"750","6","1","10","3","3","121","21","Por favor decidme la verdad","Por favor decidme la verdad","1","0","3","3","40","40","80","80"
"751","12","1","10","3","3","107","7","Es el juego: 3","Es el juego 3","1","2","3","3","40","40","80","80"
"752","13","1","10","3","3","114","14","Es el juego: 3","Es el juego 3","1","1","3","3","40","40","80","80"
"753","14","1","10","3","3","107","7","Estoy diciendo la verdad","Estoy diciendo la verdad.","1","2","3","3","40","40","80","80"
"754","17","1","10","3","3","107","7","F está diciendo la verdad","F está diciendo la verdad","1","2","3","3","40","40","80","80"
"755","3","1","10","4","4","120","20","¿En qué juego estamos?","¿En qué juego estamos?","1","0","3","3","36","36","72","72"
"756","9","1","10","4","4","120","20","Por favor decidme la verdad","Por favor decidme la verdad","1","0","3","3","36","36","72","72"
"757","9","1","10","4","4","115","15","Es el juego: 5","Es el juego 5","1","1","3","3","36","36","72","72"
"758","9","1","10","4","4","101","1","Estoy diciendo la verdad","Estoy diciendo la verdad.","1","2","3","3","36","36","72","72"
"759","14","1","10","4","4","101","1","Es el juego: 3","Es el juego 3","1","2","3","3","36","36","72","72"
"760","17","1","10","4","4","115","15","Es el juego: 5","Es el juego 5","1","1","3","3","36","36","72","72"
"761","19","1","10","4","4","115","15","Es el juego: 5","Es el juego 5","1","1","3","3","36","36","72","72"
"762","22","1","10","4","4","101","1","Es el juego: 3","Es el juego 3","1","2","3","3","36","36","72","72"
"763","24","1","10","4","4","115","15","C está mintiendo","C está mintiendo","1","1","3","3","36","36","72","72"
"764","27","1","10","4","4","101","1","F está mintiendo","F está mintiendo","1","2","3","3","36","36","72","72"
"765","3","1","10","5","2","126","26","¿En qué juego estamos?","¿En qué juego estamos?","1","0","5","5","42","14","56","72"
"766","5","1","10","5","2","106","6","Es el juego: 4","Es el juego 4","1","2","5","5","42","14","56","72"
"767","9","1","10","5","2","113","13","Es el juego: 5","Es el juego 5","1","1","5","5","42","14","56","72"
"768","12","1","10","5","2","126","26","Por favor decidme la verdad","Por favor decidme la verdad","1","0","5","5","42","14","56","72"
"769","16","1","10","5","2","113","13","C está mintiendo","C está mintiendo","1","1","5","5","42","14","56","72"
"770","27","1","10","5","2","106","6","F está mintiendo","F está mintiendo","1","2","5","5","42","14","56","72"
"771","43","1","10","5","2","126","26","Por favor decidme la verdad","Por favor decidme la verdad","1","0","5","5","42","14","56","72"
"772","8","1","10","6","1","125","25","¿En qué juego estamos?","¿En qué juego estamos?","1","0","5","5","38","10","48","64"
"773","11","1","10","6","1","108","8","Es el juego: 1","Es el juego 1","1","2","5","5","38","10","48","64"
"774","12","1","10","6","1","111","11","Es el juego: 5","Es el juego 5","1","1","5","5","38","10","48","64"
"775","14","1","10","6","1","108","8","F está mintiendo","F está mintiendo","1","2","5","5","38","10","48","64"
"776","15","1","10","6","1","111","11","Estoy diciendo la verdad","Estoy diciendo la verdad.","1","1","5","5","38","10","48","64"
"777","16","1","10","6","1","108","8","Estoy diciendo la verdad","Estoy diciendo la verdad.","1","2","5","5","38","10","48","64"
"778","17","1","10","6","1","111","11","Estoy diciendo la verdad","Estoy diciendo la verdad.","1","1","5","5","38","10","48","64"
"779","17","1","10","6","1","108","8","Estoy diciendo la verdad","Estoy diciendo la verdad.","1","2","5","5","38","10","48","64"
"780","18","1","10","6","1","111","11","Estoy diciendo la verdad","Estoy diciendo la verdad.","1","1","5","5","38","10","48","64"
"781","18","1","10","6","1","108","8","Estoy diciendo la verdad","Estoy diciendo la verdad.","1","2","5","5","38","10","48","64"
"782","19","1","10","6","1","111","11","Estoy diciendo la verdad","Estoy diciendo la verdad.","1","1","5","5","38","10","48","64"
"783","20","1","10","6","1","108","8","Es el juego: 1","Es el juego 1","1","2","5","5","38","10","48","64"
"784","21","1","10","6","1","108","8","Es el juego: 1","Es el juego 1","1","2","5","5","38","10","48","64"
"785","22","1","10","6","1","111","11","Estoy diciendo la verdad","Estoy diciendo la verdad.","1","1","5","5","38","10","48","64"
"786","23","1","10","6","1","108","8","Es el juego: 1","Es el juego 1","1","2","5","5","38","10","48","64"
"787","23","1","10","6","1","111","11","Estoy diciendo la verdad","Estoy diciendo la verdad.","1","1","5","5","38","10","48","64"
"788","24","1","10","6","1","108","8","Es el juego: 1","Es el juego 1","1","2","5","5","38","10","48","64"
"789","25","1","10","6","1","111","11","Estoy diciendo la verdad","Estoy diciendo la verdad.","1","1","5","5","38","10","48","64"
"790","26","1","10","6","1","108","8","Es el juego: 1","Es el juego 1","1","2","5","5","38","10","48","64"
"791","26","1","10","6","1","111","11","Estoy diciendo la verdad","Estoy diciendo la verdad.","1","1","5","5","38","10","48","64"
"792","28","1","10","6","1","111","11","Es el juego: 5","Es el juego 5","1","1","5","5","38","10","48","64"
"793","28","1","10","6","1","108","8","F está mintiendo","F está mintiendo","1","2","5","5","38","10","48","64"
"794","29","1","10","6","1","111","11","Es el juego: 5","Es el juego 5","1","1","5","5","38","10","48","64"
"795","31","1","10","6","1","108","8","Estoy diciendo la verdad","Estoy diciendo la verdad.","1","2","5","5","38","10","48","64"
"796","31","1","10","6","1","111","11","Estoy diciendo la verdad","Estoy diciendo la verdad.","1","1","5","5","38","10","48","64"
"797","32","1","10","6","1","108","8","Es el juego: 1","Es el juego 1","1","2","5","5","38","10","48","64"
"798","33","1","10","6","1","111","11","Estoy diciendo la verdad","Estoy diciendo la verdad.","1","1","5","5","38","10","48","64"
"799","33","1","10","6","1","108","8","Es el juego: 1","Es el juego 1","1","2","5","5","38","10","48","64"
"800","34","1","10","6","1","111","11","Estoy diciendo la verdad","Estoy diciendo la verdad.","1","1","5","5","38","10","48","64"
"801","35","1","10","6","1","108","8","Es el juego: 1","Es el juego 1","1","2","5","5","38","10","48","64"
"802","36","1","10","6","1","108","8","Es el juego: 1","Es el juego 1","1","2","5","5","38","10","48","64"
"803","36","1","10","6","1","111","11","Estoy diciendo la verdad","Estoy diciendo la verdad.","1","1","5","5","38","10","48","64"
"804","38","1","10","6","1","108","8","F está mintiendo","F está mintiendo","1","2","5","5","38","10","48","64"
"805","38","1","10","6","1","111","11","Estoy diciendo la verdad","Estoy diciendo la verdad.","1","1","5","5","38","10","48","64"
"806","39","1","10","6","1","108","8","F está mintiendo","F está mintiendo","1","2","5","5","38","10","48","64"
"807","39","1","10","6","1","111","11","Estoy diciendo la verdad","Estoy diciendo la verdad.","1","1","5","5","38","10","48","64"
"808","40","1","10","6","1","108","8","F está mintiendo","F está mintiendo","1","2","5","5","38","10","48","64"
"809","41","1","10","6","1","111","11","Estoy diciendo la verdad","Estoy diciendo la verdad.","1","1","5","5","38","10","48","64"
"810","42","1","10","6","1","108","8","F está mintiendo","F está mintiendo","1","2","5","5","38","10","48","64"
"811","42","1","10","6","1","111","11","Estoy diciendo la verdad","Estoy diciendo la verdad.","1","1","5","5","38","10","48","64"
"812","44","1","10","6","1","111","11","Estoy diciendo la verdad","Estoy diciendo la verdad.","1","1","5","5","38","10","48","64"
"813","44","1","10","6","1","108","8","Es el juego: 1","Es el juego 1","1","2","5","5","38","10","48","64"
"814","45","1","10","6","1","111","11","Estoy diciendo la verdad","Estoy diciendo la verdad.","1","1","5","5","38","10","48","64"
"815","45","1","10","6","1","108","8","Es el juego: 1","Es el juego 1","1","2","5","5","38","10","48","64"
"816","46","1","10","6","1","111","11","Estoy diciendo la verdad","Estoy diciendo la verdad.","1","1","5","5","38","10","48","64"
"817","5","1","10","7","1","119","19","¿En qué juego estamos?","¿En qué juego estamos?","1","0","1","1","26","54","80","64"
"818","6","1","10","7","1","104","4","Es el juego: 1","Es el juego 1","1","2","1","1","26","54","80","64"
"819","13","1","10","7","1","118","18","Es el juego: 1","Es el juego 1","1","1","1","1","26","54","80","64"
"820","22","1","10","7","1","104","4","F está diciendo la verdad","F está diciendo la verdad","1","2","1","1","26","54","80","64"
"821","23","1","10","7","1","118","18","C está diciendo la verdad","C está diciendo la verdad","1","1","1","1","26","54","80","64"
"822","2","1","10","8","5","122","22","¿En qué juego estamos?","¿En qué juego estamos?","1","0","5","5","54","26","80","64"
"823","4","1","10","8","5","122","22","¿En qué juego estamos?","¿En qué juego estamos?","1","0","5","5","54","26","80","64"
"824","7","1","10","8","5","105","5","Es el juego: 5","Es el juego 5","1","2","5","5","54","26","80","64"
"825","7","1","10","8","5","122","22","¿En qué juego estamos?","¿En qué juego estamos?","1","0","5","5","54","26","80","64"
"826","8","1","10","8","5","110","10","Es el juego: 5","Es el juego 5","1","1","5","5","54","26","80","64"
"827","9","1","10","8","5","110","10","C está diciendo la verdad","C está diciendo la verdad","1","1","5","5","54","26","80","64"
"828","11","1","10","8","5","105","5","F está diciendo la verdad","F está diciendo la verdad","1","2","5","5","54","26","80","64"
"829","13","1","10","8","5","105","5","Estoy diciendo la verdad","Estoy diciendo la verdad.","1","2","5","5","54","26","80","64"
"830","14","1","10","8","5","122","22","Por favor decidme la verdad","Por favor decidme la verdad","1","0","5","5","54","26","80","64"
"831","15","1","10","8","5","122","22","Por favor decidme la verdad","Por favor decidme la verdad","1","0","5","5","54","26","80","64"
"832","16","1","10","8","5","110","10","Estoy diciendo la verdad","Estoy diciendo la verdad.","1","1","5","5","54","26","80","64"
"833","16","1","10","8","5","122","22","Por favor decidme la verdad","Por favor decidme la verdad","1","0","5","5","54","26","80","64"
"834","18","1","10","8","5","110","10","C está diciendo la verdad","C está diciendo la verdad","1","1","5","5","54","26","80","64"
"835","18","1","10","8","5","105","5","F está diciendo la verdad","F está diciendo la verdad","1","2","5","5","54","26","80","64"
"836","20","1","10","8","5","105","5","Estoy diciendo la verdad","Estoy diciendo la verdad.","1","2","5","5","54","26","80","64"
"837","22","1","10","8","5","110","10","C está diciendo la verdad","C está diciendo la verdad","1","1","5","5","54","26","80","64"
"838","3","1","10","9","5","127","27","¿En qué juego estamos?","¿En qué juego estamos?","1","0","3","3","32","32","64","64"
"839","5","1","10","9","5","127","27","¿En qué juego estamos?","¿En qué juego estamos?","1","0","3","3","32","32","64","64"
"840","6","1","10","9","5","127","27","¿En qué juego estamos?","¿En qué juego estamos?","1","0","3","3","32","32","64","64"
"841","13","1","10","9","5","112","12","Es el juego: 5","Es el juego 5","1","1","3","3","32","32","64","64"
"842","14","1","10","9","5","109","9","Es el juego: 5","Es el juego 5","1","2","3","3","32","32","64","64"
"843","16","1","10","9","5","112","12","C está diciendo la verdad","C está diciendo la verdad","1","1","3","3","32","32","64","64"
"2587","6","2","10","1","4","203","3","Es el juego: 4","Es el juego 4","1","2","1","1","14","42","56","72"
"2588","11","2","10","1","4","213","13","C está diciendo la verdad","C está diciendo la verdad","1","1","1","1","14","42","56","72"
"2589","3","2","10","2","5","220","20","¿En qué juego estamos?","¿En qué juego estamos?","1","0","5","5","54","26","80","64"
"2590","4","2","10","2","5","215","15","Es el juego: 5","Es el juego 5","1","1","5","5","54","26","80","64"
"2591","6","2","10","2","5","220","20","¿En qué juego estamos?","¿En qué juego estamos?","1","0","5","5","54","26","80","64"
"2592","7","2","10","2","5","209","9","Es el juego: 2","Es el juego 2","1","2","5","5","54","26","80","64"
"2593","8","2","10","2","5","215","15","Estoy diciendo la verdad","Estoy diciendo la verdad.","1","1","5","5","54","26","80","64"
"2594","8","2","10","2","5","220","20","Por favor decidme la verdad","Por favor decidme la verdad","1","0","5","5","54","26","80","64"
"2595","10","2","10","2","5","215","15","C está mintiendo","C está mintiendo","1","1","5","5","54","26","80","64"
"2596","10","2","10","2","5","209","9","Es el juego: 2","Es el juego 2","1","2","5","5","54","26","80","64"
"2597","11","2","10","2","5","215","15","C está mintiendo","C está mintiendo","1","1","5","5","54","26","80","64"
"2598","13","2","10","2","5","215","15","C está mintiendo","C está mintiendo","1","1","5","5","54","26","80","64"
"2599","13","2","10","2","5","220","20","Por favor decidme la verdad","Por favor decidme la verdad","1","0","5","5","54","26","80","64"
"2600","14","2","10","2","5","209","9","F está mintiendo","F está mintiendo","1","2","5","5","54","26","80","64"
"2601","14","2","10","2","5","215","15","C está mintiendo","C está mintiendo","1","1","5","5","54","26","80","64"
"2602","15","2","10","2","5","209","9","Es el juego: 2","Es el juego 2","1","2","5","5","54","26","80","64"
"2603","15","2","10","2","5","215","15","C está mintiendo","C está mintiendo","1","1","5","5","54","26","80","64"
"2604","18","2","10","2","5","215","15","Es el juego: 5","Es el juego 5","1","1","5","5","54","26","80","64"
"2605","18","2","10","2","5","209","9","Es el juego: 2","Es el juego 2","1","2","5","5","54","26","80","64"
"2606","20","2","10","2","5","215","15","Estoy diciendo la verdad","Estoy diciendo la verdad.","1","1","5","5","54","26","80","64"
"2607","21","2","10","2","5","209","9","Es el juego: 2","Es el juego 2","1","2","5","5","54","26","80","64"
"2608","23","2","10","2","5","220","20","Por favor decidme la verdad","Por favor decidme la verdad","1","0","5","5","54","26","80","64"
"2609","23","2","10","2","5","215","15","Es el juego: 5","Es el juego 5","1","1","5","5","54","26","80","64"
"2610","23","2","10","2","5","209","9","Estoy diciendo la verdad","Estoy diciendo la verdad.","1","2","5","5","54","26","80","64"
"2611","25","2","10","2","5","209","9","Es el juego: 2","Es el juego 2","1","2","5","5","54","26","80","64"
"2612","25","2","10","2","5","220","20","Por favor decidme la verdad","Por favor decidme la verdad","1","0","5","5","54","26","80","64"
"2613","25","2","10","2","5","215","15","C está mintiendo","C está mintiendo","1","1","5","5","54","26","80","64"
"2614","26","2","10","2","5","209","9","Es el juego: 2","Es el juego 2","1","2","5","5","54","26","80","64"
"2615","26","2","10","2","5","215","15","C está mintiendo","C está mintiendo","1","1","5","5","54","26","80","64"
"2616","27","2","10","2","5","220","20","Por favor decidme la verdad","Por favor decidme la verdad","1","0","5","5","54","26","80","64"
"2617","29","2","10","2","5","215","15","Es el juego: 5","Es el juego 5","1","1","5","5","54","26","80","64"
"2618","30","2","10","2","5","209","9","F está mintiendo","F está mintiendo","1","2","5","5","54","26","80","64"
"2619","31","2","10","2","5","215","15","Es el juego: 5","Es el juego 5","1","1","5","5","54","26","80","64"
"2620","32","2","10","2","5","215","15","C está mintiendo","C está mintiendo","1","1","5","5","54","26","80","64"
"2621","33","2","10","2","5","209","9","Es el juego: 2","Es el juego 2","1","2","5","5","54","26","80","64"
"2622","34","2","10","2","5","215","15","Es el juego: 5","Es el juego 5","1","1","5","5","54","26","80","64"
"2623","35","2","10","2","5","209","9","Es el juego: 2","Es el juego 2","1","2","5","5","54","26","80","64"
"2624","36","2","10","2","5","215","15","Es el juego: 5","Es el juego 5","1","1","5","5","54","26","80","64"
"2625","36","2","10","2","5","220","20","Por favor decidme la verdad","Por favor decidme la verdad","1","0","5","5","54","26","80","64"
"2626","36","2","10","2","5","209","9","Es el juego: 2","Es el juego 2","1","2","5","5","54","26","80","64"
"2627","37","2","10","2","5","215","15","Es el juego: 5","Es el juego 5","1","1","5","5","54","26","80","64"
"2628","38","2","10","2","5","209","9","Es el juego: 2","Es el juego 2","1","2","5","5","54","26","80","64"
"2629","39","2","10","2","5","215","15","Es el juego: 5","Es el juego 5","1","1","5","5","54","26","80","64"
"2630","40","2","10","2","5","209","9","Es el juego: 2","Es el juego 2","1","2","5","5","54","26","80","64"
"2631","41","2","10","2","5","215","15","Es el juego: 5","Es el juego 5","1","1","5","5","54","26","80","64"
"2632","41","2","10","2","5","220","20","Por favor decidme la verdad","Por favor decidme la verdad","1","0","5","5","54","26","80","64"
"2633","42","2","10","2","5","215","15","C está mintiendo","C está mintiendo","1","1","5","5","54","26","80","64"
"2634","43","2","10","2","5","220","20","Por favor decidme la verdad","Por favor decidme la verdad","1","0","5","5","54","26","80","64"
"2635","44","2","10","2","5","215","15","C está mintiendo","C está mintiendo","1","1","5","5","54","26","80","64"
"2636","45","2","10","2","5","209","9","F está mintiendo","F está mintiendo","1","2","5","5","54","26","80","64"
"2637","45","2","10","2","5","220","20","Por favor decidme la verdad","Por favor decidme la verdad","1","0","5","5","54","26","80","64"
"2638","46","2","10","2","5","215","15","C está mintiendo","C está mintiendo","1","1","5","5","54","26","80","64"
"2639","4","2","10","3","3","222","22","¿En qué juego estamos?","¿En qué juego estamos?","1","0","3","3","40","40","80","80"
"2640","11","2","10","3","3","222","22","¿En qué juego estamos?","¿En qué juego estamos?","1","0","3","3","40","40","80","80"
"2641","12","2","10","3","3","202","2","Es el juego: 1","Es el juego 1","1","2","3","3","40","40","80","80"
"2642","14","2","10","3","3","202","2","Es el juego: 1","Es el juego 1","1","2","3","3","40","40","80","80"
"2643","14","2","10","3","3","222","22","¿En qué juego estamos?","¿En qué juego estamos?","1","0","3","3","40","40","80","80"
"2644","16","2","10","3","3","202","2","Es el juego: 1","Es el juego 1","1","2","3","3","40","40","80","80"
"2645","16","2","10","3","3","222","22","Por favor decidme la verdad","Por favor decidme la verdad","1","0","3","3","40","40","80","80"
"2646","17","2","10","3","3","202","2","Es el juego: 1","Es el juego 1","1","2","3","3","40","40","80","80"
"2647","19","2","10","3","3","222","22","Por favor decidme la verdad","Por favor decidme la verdad","1","0","3","3","40","40","80","80"
"2648","22","2","10","3","3","202","2","Es el juego: 1","Es el juego 1","1","2","3","3","40","40","80","80"
"2649","24","2","10","3","3","211","11","Es el juego: 3","Es el juego 3","1","1","3","3","40","40","80","80"
"2650","26","2","10","3","3","211","11","Es el juego: 3","Es el juego 3","1","1","3","3","40","40","80","80"
"2651","27","2","10","3","3","211","11","Es el juego: 3","Es el juego 3","1","1","3","3","40","40","80","80"
"2652","28","2","10","3","3","202","2","Es el juego: 1","Es el juego 1","1","2","3","3","40","40","80","80"
"2653","29","2","10","3","3","211","11","Es el juego: 3","Es el juego 3","1","1","3","3","40","40","80","80"
"2654","29","2","10","3","3","222","22","Por favor decidme la verdad","Por favor decidme la verdad","1","0","3","3","40","40","80","80"
"2655","31","2","10","3","3","202","2","Estoy diciendo la verdad","Estoy diciendo la verdad.","1","2","3","3","40","40","80","80"
"2656","32","2","10","3","3","211","11","C está mintiendo","C está mintiendo","1","1","3","3","40","40","80","80"
"2657","33","2","10","3","3","211","11","Es el juego: 3","Es el juego 3","1","1","3","3","40","40","80","80"
"2658","35","2","10","3","3","211","11","Es el juego: 3","Es el juego 3","1","1","3","3","40","40","80","80"
"2659","36","2","10","3","3","202","2","Estoy diciendo la verdad","Estoy diciendo la verdad.","1","2","3","3","40","40","80","80"
"2660","37","2","10","3","3","211","11","Es el juego: 3","Es el juego 3","1","1","3","3","40","40","80","80"
"2661","38","2","10","3","3","211","11","C está mintiendo","C está mintiendo","1","1","3","3","40","40","80","80"
"2662","39","2","10","3","3","202","2","Es el juego: 1","Es el juego 1","1","2","3","3","40","40","80","80"
"2663","40","2","10","3","3","211","11","Es el juego: 3","Es el juego 3","1","1","3","3","40","40","80","80"
"2664","42","2","10","3","3","211","11","Es el juego: 3","Es el juego 3","1","1","3","3","40","40","80","80"
"2665","43","2","10","3","3","211","11","Es el juego: 3","Es el juego 3","1","1","3","3","40","40","80","80"
"2666","45","2","10","3","3","211","11","Es el juego: 3","Es el juego 3","1","1","3","3","40","40","80","80"
"2667","5","2","10","4","4","201","1","Es el juego: 1","Es el juego 1","1","2","4","4","47","33","80","72"
"2668","7","2","10","4","4","218","18","Es el juego: 4","Es el juego 4","1","1","4","4","47","33","80","72"
"2669","9","2","10","4","4","201","1","Estoy diciendo la verdad","Estoy diciendo la verdad.","1","2","4","4","47","33","80","72"
"2670","11","2","10","4","4","218","18","C está mintiendo","C está mintiendo","1","1","4","4","47","33","80","72"
"2671","14","2","10","4","4","201","1","F está mintiendo","F está mintiendo","1","2","4","4","47","33","80","72"
"2672","15","2","10","4","4","218","18","Es el juego: 4","Es el juego 4","1","1","4","4","47","33","80","72"
"2673","27","2","10","4","4","201","1","Es el juego: 1","Es el juego 1","1","2","4","4","47","33","80","72"
"2674","30","2","10","4","4","218","18","C está mintiendo","C está mintiendo","1","1","4","4","47","33","80","72"
"2675","30","2","10","4","4","201","1","Estoy diciendo la verdad","Estoy diciendo la verdad.","1","2","4","4","47","33","80","72"
"2676","31","2","10","4","4","224","24","Por favor decidme la verdad","Por favor decidme la verdad","1","0","4","4","47","33","80","72"
"2677","33","2","10","4","4","201","1","Es el juego: 1","Es el juego 1","1","2","4","4","47","33","80","72"
"2678","35","2","10","4","4","218","18","Es el juego: 4","Es el juego 4","1","1","4","4","47","33","80","72"
"2679","4","2","10","5","2","225","25","¿En qué juego estamos?","¿En qué juego estamos?","1","0","2","2","33","47","80","72"
"2680","5","2","10","5","2","205","5","Es el juego: 1","Es el juego 1","1","2","2","2","33","47","80","72"
"2681","9","2","10","5","2","216","16","Es el juego: 2","Es el juego 2","1","1","2","2","33","47","80","72"
"2682","11","2","10","5","2","216","16","C está mintiendo","C está mintiendo","1","1","2","2","33","47","80","72"
"2683","12","2","10","5","2","205","5","F está mintiendo","F está mintiendo","1","2","2","2","33","47","80","72"
"2684","13","2","10","5","2","225","25","Por favor decidme la verdad","Por favor decidme la verdad","1","0","2","2","33","47","80","72"
"2685","15","2","10","5","2","205","5","Es el juego: 1","Es el juego 1","1","2","2","2","33","47","80","72"
"2686","16","2","10","5","2","216","16","Estoy diciendo la verdad","Estoy diciendo la verdad.","1","1","2","2","33","47","80","72"
"2687","18","2","10","5","2","205","5","Estoy diciendo la verdad","Estoy diciendo la verdad.","1","2","2","2","33","47","80","72"
"2688","20","2","10","5","2","205","5","Es el juego: 1","Es el juego 1","1","2","2","2","33","47","80","72"
"2689","22","2","10","5","2","216","16","C está mintiendo","C está mintiendo","1","1","2","2","33","47","80","72"
"2690","22","2","10","5","2","205","5","Estoy diciendo la verdad","Estoy diciendo la verdad.","1","2","2","2","33","47","80","72"
"2691","23","2","10","5","2","216","16","C está mintiendo","C está mintiendo","1","1","2","2","33","47","80","72"
"2692","25","2","10","5","2","216","16","C está mintiendo","C está mintiendo","1","1","2","2","33","47","80","72"
"2693","26","2","10","5","2","216","16","C está mintiendo","C está mintiendo","1","1","2","2","33","47","80","72"
"2694","27","2","10","5","2","216","16","C está mintiendo","C está mintiendo","1","1","2","2","33","47","80","72"
"2695","32","2","10","5","2","205","5","Es el juego: 1","Es el juego 1","1","2","2","2","33","47","80","72"
"2696","34","2","10","5","2","205","5","Estoy diciendo la verdad","Estoy diciendo la verdad.","1","2","2","2","33","47","80","72"
"2697","37","2","10","5","2","216","16","C está mintiendo","C está mintiendo","1","1","2","2","33","47","80","72"
"2698","39","2","10","5","2","216","16","C está mintiendo","C está mintiendo","1","1","2","2","33","47","80","72"
"2699","41","2","10","5","2","216","16","C está mintiendo","C está mintiendo","1","1","2","2","33","47","80","72"
"2700","4","2","10","6","1","227","27","¿En qué juego estamos?","¿En qué juego estamos?","1","0","1","1","26","54","80","64"
"2701","15","2","10","6","1","207","7","Es el juego: 1","Es el juego 1","1","2","1","1","26","54","80","64"
"2702","18","2","10","6","1","227","27","Por favor decidme la verdad","Por favor decidme la verdad","1","0","1","1","26","54","80","64"
"2703","19","2","10","6","1","212","12","Es el juego: 1","Es el juego 1","1","1","1","1","26","54","80","64"
"2704","19","2","10","6","1","207","7","Estoy diciendo la verdad","Estoy diciendo la verdad.","1","2","1","1","26","54","80","64"
"2705","22","2","10","6","1","212","12","C está diciendo la verdad","C está diciendo la verdad","1","1","1","1","26","54","80","64"
"2706","24","2","10","6","1","207","7","F está diciendo la verdad","F está diciendo la verdad","1","2","1","1","26","54","80","64"
"2707","3","2","10","7","1","226","26","¿En qué juego estamos?","¿En qué juego estamos?","1","0","3","3","32","32","64","64"
"2708","5","2","10","7","1","226","26","Por favor decidme la verdad","Por favor decidme la verdad","1","0","3","3","32","32","64","64"
"2709","6","2","10","7","1","214","14","Es el juego: 1","Es el juego 1","1","1","3","3","32","32","64","64"
"2710","7","2","10","7","1","226","26","Por favor decidme la verdad","Por favor decidme la verdad","1","0","3","3","32","32","64","64"
"2711","8","2","10","7","1","226","26","Por favor decidme la verdad","Por favor decidme la verdad","1","0","3","3","32","32","64","64"
"2712","9","2","10","7","1","214","14","Estoy diciendo la verdad","Estoy diciendo la verdad.","1","1","3","3","32","32","64","64"
"2713","10","2","10","7","1","226","26","Por favor decidme la verdad","Por favor decidme la verdad","1","0","3","3","32","32","64","64"
"2714","12","2","10","7","1","226","26","Por favor decidme la verdad","Por favor decidme la verdad","1","0","3","3","32","32","64","64"
"2715","13","2","10","7","1","226","26","Por favor decidme la verdad","Por favor decidme la verdad","1","0","3","3","32","32","64","64"
"2716","13","2","10","7","1","214","14","Estoy diciendo la verdad","Estoy diciendo la verdad.","1","1","3","3","32","32","64","64"
"2717","20","2","10","7","1","206","6","Es el juego: 1","Es el juego 1","1","2","3","3","32","32","64","64"
"2718","30","2","10","7","1","214","14","C está diciendo la verdad","C está diciendo la verdad","1","1","3","3","32","32","64","64"
"2719","31","2","10","7","1","226","26","Por favor decidme la verdad","Por favor decidme la verdad","1","0","3","3","32","32","64","64"
"2720","36","2","10","7","1","206","6","Estoy diciendo la verdad","Estoy diciendo la verdad.","1","2","3","3","32","32","64","64"
"2721","37","2","10","7","1","214","14","Estoy diciendo la verdad","Estoy diciendo la verdad.","1","1","3","3","32","32","64","64"
"2722","38","2","10","7","1","206","6","Es el juego: 1","Es el juego 1","1","2","3","3","32","32","64","64"
"2723","40","2","10","7","1","214","14","Es el juego: 1","Es el juego 1","1","1","3","3","32","32","64","64"
"2724","4","2","10","8","5","219","19","¿En qué juego estamos?","¿En qué juego estamos?","1","0","3","3","32","32","64","64"
"2725","9","2","10","8","5","217","17","Es el juego: 5","Es el juego 5","1","1","3","3","32","32","64","64"
"2726","17","2","10","8","5","217","17","Estoy diciendo la verdad","Estoy diciendo la verdad.","1","1","3","3","32","32","64","64"
"2727","20","2","10","8","5","208","8","Es el juego: 3","Es el juego 3","1","2","3","3","32","32","64","64"
"2728","23","2","10","8","5","208","8","F está mintiendo","F está mintiendo","1","2","3","3","32","32","64","64"
"2729","24","2","10","8","5","217","17","C está mintiendo","C está mintiendo","1","1","3","3","32","32","64","64"
"2730","25","2","10","8","5","217","17","Es el juego: 5","Es el juego 5","1","1","3","3","32","32","64","64"
"2731","26","2","10","8","5","208","8","Es el juego: 3","Es el juego 3","1","2","3","3","32","32","64","64"
"2732","27","2","10","8","5","217","17","Es el juego: 5","Es el juego 5","1","1","3","3","32","32","64","64"
"2733","28","2","10","8","5","208","8","Estoy diciendo la verdad","Estoy diciendo la verdad.","1","2","3","3","32","32","64","64"
"2734","29","2","10","8","5","217","17","Es el juego: 5","Es el juego 5","1","1","3","3","32","32","64","64"
"2735","30","2","10","8","5","217","17","Es el juego: 5","Es el juego 5","1","1","3","3","32","32","64","64"
"2736","32","2","10","8","5","217","17","C está mintiendo","C está mintiendo","1","1","3","3","32","32","64","64"
"2737","38","2","10","8","5","208","8","F está mintiendo","F está mintiendo","1","2","3","3","32","32","64","64"
"2738","40","2","10","8","5","208","8","Es el juego: 3","Es el juego 3","1","2","3","3","32","32","64","64"
"2739","40","2","10","8","5","217","17","Estoy diciendo la verdad","Estoy diciendo la verdad.","1","1","3","3","32","32","64","64"
"2740","5","2","10","9","5","223","23","¿En qué juego estamos?","¿En qué juego estamos?","1","0","3","3","32","32","64","64"
"2741","6","2","10","9","5","204","4","Es el juego: 5","Es el juego 5","1","2","3","3","32","32","64","64"
"2742","6","2","10","9","5","223","23","Por favor decidme la verdad","Por favor decidme la verdad","1","0","3","3","32","32","64","64"
"2743","8","2","10","9","5","204","4","Estoy diciendo la verdad","Estoy diciendo la verdad.","1","2","3","3","32","32","64","64"
"2744","9","2","10","9","5","210","10","Es el juego: 5","Es el juego 5","1","1","3","3","32","32","64","64"
"2745","11","2","10","9","5","210","10","Estoy diciendo la verdad","Estoy diciendo la verdad.","1","1","3","3","32","32","64","64"
"2746","25","2","10","9","5","204","4","F está diciendo la verdad","F está diciendo la verdad","1","2","3","3","32","32","64","64"
"2747","28","2","10","9","5","204","4","F está diciendo la verdad","F está diciendo la verdad","1","2","3","3","32","32","64","64"
"2748","29","2","10","9","5","204","4","Estoy diciendo la verdad","Estoy diciendo la verdad.","1","2","3","3","32","32","64","64"
"2749","31","2","10","9","5","204","4","Es el juego: 5","Es el juego 5","1","2","3","3","32","32","64","64"
"4961","5","3","10","1","4","321","21","¿En qué juego estamos?","¿En qué juego estamos?","1","0","3","3","36","36","72","72"
"4962","7","3","10","1","4","321","21","Por favor decidme la verdad","Por favor decidme la verdad","1","0","3","3","36","36","72","72"
"4963","14","3","10","1","4","318","18","Es el juego: 4","Es el juego 4","1","1","3","3","36","36","72","72"
"4964","17","3","10","1","4","318","18","Estoy diciendo la verdad","Estoy diciendo la verdad.","1","1","3","3","36","36","72","72"
"4965","23","3","10","1","4","302","2","F está diciendo la verdad","F está diciendo la verdad","1","2","3","3","36","36","72","72"
"4966","4","3","10","2","5","327","27","¿En qué juego estamos?","¿En qué juego estamos?","1","0","5","5","54","26","80","64"
"4967","7","3","10","2","5","327","27","Por favor decidme la verdad","Por favor decidme la verdad","1","0","5","5","54","26","80","64"
"4968","9","3","10","2","5","310","10","Es el juego: 5","Es el juego 5","1","1","5","5","54","26","80","64"
"4969","13","3","10","2","5","327","27","Por favor decidme la verdad","Por favor decidme la verdad","1","0","5","5","54","26","80","64"
"4970","13","3","10","2","5","301","1","F está diciendo la verdad","F está diciendo la verdad","1","2","5","5","54","26","80","64"
"4971","3","3","10","3","3","319","19","¿En qué juego estamos?","¿En qué juego estamos?","1","0","5","5","46","18","64","80"
"4972","4","3","10","3","3","312","12","Es el juego: 5","Es el juego 5","1","1","5","5","46","18","64","80"
"4973","5","3","10","3","3","319","19","Por favor decidme la verdad","Por favor decidme la verdad","1","0","5","5","46","18","64","80"
"4974","5","3","10","3","3","312","12","Estoy diciendo la verdad","Estoy diciendo la verdad.","1","1","5","5","46","18","64","80"
"4975","7","3","10","3","3","312","12","Es el juego: 5","Es el juego 5","1","1","5","5","46","18","64","80"
"4976","9","3","10","3","3","307","7","Es el juego: 3","Es el juego 3","1","2","5","5","46","18","64","80"
"4977","11","3","10","3","3","312","12","C está mintiendo","C está mintiendo","1","1","5","5","46","18","64","80"
"4978","13","3","10","3","3","312","12","Es el juego: 5","Es el juego 5","1","1","5","5","46","18","64","80"
"4979","13","3","10","3","3","307","7","F está mintiendo","F está mintiendo","1","2","5","5","46","18","64","80"
"4980","15","3","10","3","3","312","12","Es el juego: 5","Es el juego 5","1","1","5","5","46","18","64","80"
"4981","17","3","10","3","3","307","7","Estoy diciendo la verdad","Estoy diciendo la verdad.","1","2","5","5","46","18","64","80"
"4982","17","3","10","3","3","312","12","Estoy diciendo la verdad","Estoy diciendo la verdad.","1","1","5","5","46","18","64","80"
"4983","19","3","10","3","3","307","7","F está mintiendo","F está mintiendo","1","2","5","5","46","18","64","80"
"4984","21","3","10","3","3","312","12","Es el juego: 5","Es el juego 5","1","1","5","5","46","18","64","80"
"4985","21","3","10","3","3","307","7","Es el juego: 3","Es el juego 3","1","2","5","5","46","18","64","80"
"4986","23","3","10","3","3","312","12","Es el juego: 5","Es el juego 5","1","1","5","5","46","18","64","80"
"4987","24","3","10","3","3","312","12","Estoy diciendo la verdad","Estoy diciendo la verdad.","1","1","5","5","46","18","64","80"
"4988","25","3","10","3","3","307","7","Es el juego: 3","Es el juego 3","1","2","5","5","46","18","64","80"
"4989","28","3","10","3","3","307","7","F está mintiendo","F está mintiendo","1","2","5","5","46","18","64","80"
"4990","30","3","10","3","3","319","19","Por favor decidme la verdad","Por favor decidme la verdad","1","0","5","5","46","18","64","80"
"4991","33","3","10","3","3","312","12","Es el juego: 5","Es el juego 5","1","1","5","5","46","18","64","80"
"4992","35","3","10","3","3","307","7","Es el juego: 3","Es el juego 3","1","2","5","5","46","18","64","80"
"4993","36","3","10","3","3","312","12","C está mintiendo","C está mintiendo","1","1","5","5","46","18","64","80"
"4994","38","3","10","3","3","307","7","Estoy diciendo la verdad","Estoy diciendo la verdad.","1","2","5","5","46","18","64","80"
"4995","40","3","10","3","3","312","12","Es el juego: 5","Es el juego 5","1","1","5","5","46","18","64","80"
"4996","41","3","10","3","3","307","7","F está mintiendo","F está mintiendo","1","2","5","5","46","18","64","80"
"4997","46","3","10","3","3","307","7","F está mintiendo","F está mintiendo","1","2","5","5","46","18","64","80"
"4998","2","3","10","4","4","325","25","¿En qué juego estamos?","¿En qué juego estamos?","1","0","4","4","47","33","80","72"
"4999","5","3","10","4","4","325","25","Por favor decidme la verdad","Por favor decidme la verdad","1","0","4","4","47","33","80","72"
"5000","6","3","10","4","4","314","14","Es el juego: 4","Es el juego 4","1","1","4","4","47","33","80","72"
"5001","8","3","10","4","4","325","25","Por favor decidme la verdad","Por favor decidme la verdad","1","0","4","4","47","33","80","72"
"5002","9","3","10","4","4","306","6","Es el juego: 4","Es el juego 4","1","2","4","4","47","33","80","72"
"5003","12","3","10","4","4","314","14","C está diciendo la verdad","C está diciendo la verdad","1","1","4","4","47","33","80","72"
"5004","12","3","10","4","4","306","6","F está diciendo la verdad","F está diciendo la verdad","1","2","4","4","47","33","80","72"
"5005","36","3","10","4","4","325","25","Por favor decidme la verdad","Por favor decidme la verdad","1","0","4","4","47","33","80","72"
"5006","38","3","10","4","4","306","6","Es el juego: 4","Es el juego 4","1","2","4","4","47","33","80","72"
"5007","38","3","10","4","4","314","14","Es el juego: 4","Es el juego 4","1","1","4","4","47","33","80","72"
"5008","44","3","10","4","4","325","25","Por favor decidme la verdad","Por favor decidme la verdad","1","0","4","4","47","33","80","72"
"5009","45","3","10","4","4","306","6","F está diciendo la verdad","F está diciendo la verdad","1","2","4","4","47","33","80","72"
"5010","5","3","10","5","2","323","23","¿En qué juego estamos?","¿En qué juego estamos?","1","0","2","2","33","47","80","72"
"5011","8","3","10","5","2","315","15","Es el juego: 2","Es el juego 2","1","1","2","2","33","47","80","72"
"5012","13","3","10","5","2","304","4","Es el juego: 2","Es el juego 2","1","2","2","2","33","47","80","72"
"5013","13","3","10","5","2","315","15","Es el juego: 2","Es el juego 2","1","1","2","2","33","47","80","72"
"5014","17","3","10","5","2","315","15","C está diciendo la verdad","C está diciendo la verdad","1","1","2","2","33","47","80","72"
"5015","19","3","10","5","2","315","15","Estoy diciendo la verdad","Estoy diciendo la verdad.","1","1","2","2","33","47","80","72"
"5016","40","3","10","5","2","315","15","Es el juego: 2","Es el juego 2","1","1","2","2","33","47","80","72"
"5017","6","3","10","6","1","326","26","¿En qué juego estamos?","¿En qué juego estamos?","1","0","1","1","26","54","80","64"
"5018","9","3","10","6","1","308","8","Es el juego: 1","Es el juego 1","1","2","1","1","26","54","80","64"
"5019","13","3","10","6","1","326","26","Por favor decidme la verdad","Por favor decidme la verdad","1","0","1","1","26","54","80","64"
"5020","16","3","10","6","1","308","8","Estoy diciendo la verdad","Estoy diciendo la verdad.","1","2","1","1","26","54","80","64"
"5021","21","3","10","6","1","326","26","¿En qué juego estamos?","¿En qué juego estamos?","1","0","1","1","26","54","80","64"
"5022","25","3","10","6","1","308","8","Es el juego: 1","Es el juego 1","1","2","1","1","26","54","80","64"
"5023","32","3","10","6","1","317","17","Es el juego: 3","Es el juego 3","1","1","1","1","26","54","80","64"
"5024","38","3","10","6","1","308","8","F está mintiendo","F está mintiendo","1","2","1","1","26","54","80","64"
"5025","41","3","10","6","1","308","8","Es el juego: 1","Es el juego 1","1","2","1","1","26","54","80","64"
"5026","46","3","10","6","1","317","17","Es el juego: 3","Es el juego 3","1","1","1","1","26","54","80","64"
"5027","3","3","10","7","1","322","22","¿En qué juego estamos?","¿En qué juego estamos?","1","0","1","1","26","54","80","64"
"5028","5","3","10","7","1","322","22","¿En qué juego estamos?","¿En qué juego estamos?","1","0","1","1","26","54","80","64"
"5029","5","3","10","7","1","311","11","Es el juego: 1","Es el juego 1","1","1","1","1","26","54","80","64"
"5030","37","3","10","7","1","309","9","F está diciendo la verdad","F está diciendo la verdad","1","2","1","1","26","54","80","64"
"5031","5","3","10","8","5","320","20","¿En qué juego estamos?","¿En qué juego estamos?","1","0","5","5","54","26","80","64"
"5032","6","3","10","8","5","313","13","Es el juego: 5","Es el juego 5","1","1","5","5","54","26","80","64"
"5033","16","3","10","8","5","313","13","Estoy diciendo la verdad","Estoy diciendo la verdad.","1","1","5","5","54","26","80","64"
"5034","24","3","10","8","5","313","13","Es el juego: 5","Es el juego 5","1","1","5","5","54","26","80","64"
"5035","26","3","10","8","5","313","13","Estoy diciendo la verdad","Estoy diciendo la verdad.","1","1","5","5","54","26","80","64"
"5036","28","3","10","8","5","313","13","Es el juego: 5","Es el juego 5","1","1","5","5","54","26","80","64"
"5037","31","3","10","8","5","320","20","¿En qué juego estamos?","¿En qué juego estamos?","1","0","5","5","54","26","80","64"
"5038","33","3","10","8","5","313","13","Es el juego: 5","Es el juego 5","1","1","5","5","54","26","80","64"
"5039","38","3","10","8","5","305","5","F está diciendo la verdad","F está diciendo la verdad","1","2","5","5","54","26","80","64"
"5040","43","3","10","8","5","313","13","Estoy diciendo la verdad","Estoy diciendo la verdad.","1","1","5","5","54","26","80","64"
"5041","5","3","10","9","5","303","3","Estoy diciendo la verdad","Estoy diciendo la verdad.","1","2","1","1","10","38","48","64"
"5042","7","3","10","9","5","303","3","Es el juego: 1","Es el juego 1","1","2","1","1","10","38","48","64"
"5043","11","3","10","9","5","303","3","Estoy diciendo la verdad","Estoy diciendo la verdad.","1","2","1","1","10","38","48","64"
"5044","11","3","10","9","5","316","16","C está mintiendo","C está mintiendo","1","1","1","1","10","38","48","64"
"5045","13","3","10","9","5","316","16","Es el juego: 5","Es el juego 5","1","1","1","1","10","38","48","64"
"5046","26","3","10","9","5","324","24","¿En qué juego estamos?","¿En qué juego estamos?","1","0","1","1","10","38","48","64"
"5047","28","3","10","9","5","303","3","Es el juego: 1","Es el juego 1","1","2","1","1","10","38","48","64"
"5048","29","3","10","9","5","316","16","Es el juego: 5","Es el juego 5","1","1","1","1","10","38","48","64"
"5049","31","3","10","9","5","303","3","Estoy diciendo la verdad","Estoy diciendo la verdad.","1","2","1","1","10","38","48","64"
"5050","37","3","10","9","5","316","16","Es el juego: 5","Es el juego 5","1","1","1","1","10","38","48","64"
"5051","38","3","10","9","5","303","3","Es el juego: 1","Es el juego 1","1","2","1","1","10","38","48","64"
"5052","40","3","10","9","5","303","3","Estoy diciendo la verdad","Estoy diciendo la verdad.","1","2","1","1","10","38","48","64"
"5053","41","3","10","9","5","303","3","Es el juego: 1","Es el juego 1","1","2","1","1","10","38","48","64"
"5054","43","3","10","9","5","316","16","C está mintiendo","C está mintiendo","1","1","1","1","10","38","48","64"
"5055","46","3","10","9","5","316","16","C está mintiendo","C está mintiendo","1","1","1","1","10","38","48","64"
"-999","0","3","11","8","4","320","20","","-999","1","0","1","1","14","42","56","72"
"-999","0","3","11","6","2","317","17","","-999","1","1","2","2","33","47","80","72"
"-999","0","3","11","5","3","323","23","","-999","1","0","3","3","40","40","80","80"
"-999","0","2","11","9","2","204","4","","-999","1","2","5","4","28","11","39","72"
"-999","0","2","11","6","2","227","27","","-999","1","0","3","3","36","36","72","72"
"-999","0","2","11","1","2","221","21","","-999","1","0","1","1","22","50","72","72"
"-999","0","1","11","1","2","103","3","","-999","1","2","2","2","33","47","80","72"
"844","5","1","11","1","2","117","17","Es el juego: 2","Es el juego 2","1","1","2","2","33","47","80","72"
"845","9","1","11","1","2","124","24","Por favor decidme la verdad","Por favor decidme la verdad","1","0","2","2","33","47","80","72"
"846","13","1","11","1","2","117","17","Estoy diciendo la verdad","Estoy diciendo la verdad.","1","1","2","2","33","47","80","72"
"847","4","1","11","2","3","123","23","¿En qué juego estamos?","¿En qué juego estamos?","1","0","3","3","40","40","80","80"
"848","5","1","11","2","3","116","16","Es el juego: 3","Es el juego 3","1","1","3","3","40","40","80","80"
"849","6","1","11","2","3","123","23","Por favor decidme la verdad","Por favor decidme la verdad","1","0","3","3","40","40","80","80"
"850","8","1","11","2","3","102","2","Es el juego: 3","Es el juego 3","1","2","3","3","40","40","80","80"
"851","10","1","11","2","3","102","2","F está diciendo la verdad","F está diciendo la verdad","1","2","3","3","40","40","80","80"
"852","13","1","11","2","3","116","16","C está diciendo la verdad","C está diciendo la verdad","1","1","3","3","40","40","80","80"
"853","15","1","11","2","3","123","23","¿En qué juego estamos?","¿En qué juego estamos?","1","0","3","3","40","40","80","80"
"854","19","1","11","2","3","123","23","Por favor decidme la verdad","Por favor decidme la verdad","1","0","3","3","40","40","80","80"
"855","1","1","11","3","4","121","21","¿En qué juego estamos?","¿En qué juego estamos?","1","0","4","4","47","33","80","72"
"856","4","1","11","3","4","121","21","Por favor decidme la verdad","Por favor decidme la verdad","1","0","4","4","47","33","80","72"
"857","22","1","11","3","4","114","14","Es el juego: 4","Es el juego 4","1","1","4","4","47","33","80","72"
"858","34","1","11","3","4","107","7","F está mintiendo","F está mintiendo","1","2","4","4","47","33","80","72"
"859","45","1","11","3","4","114","14","Es el juego: 4","Es el juego 4","1","1","4","4","47","33","80","72"
"860","4","1","11","4","3","101","1","Es el juego: 3","Es el juego 3","1","2","4","4","43","29","72","80"
"861","33","1","11","4","3","120","20","Por favor decidme la verdad","Por favor decidme la verdad","1","0","4","4","43","29","72","80"
"862","36","1","11","4","3","101","1","Estoy diciendo la verdad","Estoy diciendo la verdad.","1","2","4","4","43","29","72","80"
"863","38","1","11","4","3","115","15","Es el juego: 4","Es el juego 4","1","1","4","4","43","29","72","80"
"864","2","1","11","5","3","126","26","Por favor decidme la verdad","Por favor decidme la verdad","1","0","3","3","40","40","80","80"
"865","4","1","11","5","3","126","26","¿En qué juego estamos?","¿En qué juego estamos?","1","0","3","3","40","40","80","80"
"866","6","1","11","5","3","106","6","Es el juego: 3","Es el juego 3","1","2","3","3","40","40","80","80"
"867","13","1","11","5","3","113","13","Es el juego: 3","Es el juego 3","1","1","3","3","40","40","80","80"
"868","3","1","11","6","2","125","25","Por favor decidme la verdad","Por favor decidme la verdad","1","0","4","4","39","25","64","72"
"869","4","1","11","6","2","125","25","¿En qué juego estamos?","¿En qué juego estamos?","1","0","4","4","39","25","64","72"
"870","16","1","11","6","2","111","11","Es el juego: 3","Es el juego 3","1","1","4","4","39","25","64","72"
"871","19","1","11","6","2","108","8","Es el juego: 2","Es el juego 2","1","2","4","4","39","25","64","72"
"872","20","1","11","6","2","108","8","F está mintiendo","F está mintiendo","1","2","4","4","39","25","64","72"
"873","22","1","11","6","2","111","11","Estoy diciendo la verdad","Estoy diciendo la verdad.","1","1","4","4","39","25","64","72"
"874","24","1","11","6","2","111","11","Estoy diciendo la verdad","Estoy diciendo la verdad.","1","1","4","4","39","25","64","72"
"875","27","1","11","6","2","111","11","Es el juego: 3","Es el juego 3","1","1","4","4","39","25","64","72"
"876","29","1","11","6","2","111","11","Estoy diciendo la verdad","Estoy diciendo la verdad.","1","1","4","4","39","25","64","72"
"877","33","1","11","6","2","108","8","Es el juego: 2","Es el juego 2","1","2","4","4","39","25","64","72"
"878","33","1","11","6","2","111","11","Estoy diciendo la verdad","Estoy diciendo la verdad.","1","1","4","4","39","25","64","72"
"879","34","1","11","6","2","108","8","F está mintiendo","F está mintiendo","1","2","4","4","39","25","64","72"
"880","36","1","11","6","2","108","8","Estoy diciendo la verdad","Estoy diciendo la verdad.","1","2","4","4","39","25","64","72"
"881","38","1","11","6","2","108","8","Estoy diciendo la verdad","Estoy diciendo la verdad.","1","2","4","4","39","25","64","72"
"882","38","1","11","6","2","111","11","Estoy diciendo la verdad","Estoy diciendo la verdad.","1","1","4","4","39","25","64","72"
"883","39","1","11","6","2","108","8","Es el juego: 2","Es el juego 2","1","2","4","4","39","25","64","72"
"884","40","1","11","6","2","108","8","F está mintiendo","F está mintiendo","1","2","4","4","39","25","64","72"
"885","41","1","11","6","2","111","11","Estoy diciendo la verdad","Estoy diciendo la verdad.","1","1","4","4","39","25","64","72"
"886","42","1","11","6","2","108","8","Es el juego: 2","Es el juego 2","1","2","4","4","39","25","64","72"
"887","43","1","11","6","2","108","8","Es el juego: 2","Es el juego 2","1","2","4","4","39","25","64","72"
"888","43","1","11","6","2","111","11","Estoy diciendo la verdad","Estoy diciendo la verdad.","1","1","4","4","39","25","64","72"
"889","44","1","11","6","2","108","8","Es el juego: 2","Es el juego 2","1","2","4","4","39","25","64","72"
"890","45","1","11","6","2","111","11","Estoy diciendo la verdad","Estoy diciendo la verdad.","1","1","4","4","39","25","64","72"
"891","46","1","11","6","2","111","11","Estoy diciendo la verdad","Estoy diciendo la verdad.","1","1","4","4","39","25","64","72"
"892","1","1","11","7","5","119","19","¿En qué juego estamos?","¿En qué juego estamos?","1","0","2","2","21","35","56","64"
"893","5","1","11","7","5","104","4","Es el juego: 2","Es el juego 2","1","2","2","2","21","35","56","64"
"894","5","1","11","7","5","118","18","Es el juego: 5","Es el juego 5","1","1","2","2","21","35","56","64"
"895","9","1","11","7","5","118","18","Estoy diciendo la verdad","Estoy diciendo la verdad.","1","1","2","2","21","35","56","64"
"896","11","1","11","7","5","118","18","C está mintiendo","C está mintiendo","1","1","2","2","21","35","56","64"
"897","12","1","11","7","5","104","4","F está mintiendo","F está mintiendo","1","2","2","2","21","35","56","64"
"898","15","1","11","7","5","118","18","Es el juego: 5","Es el juego 5","1","1","2","2","21","35","56","64"
"899","15","1","11","7","5","104","4","Estoy diciendo la verdad","Estoy diciendo la verdad.","1","2","2","2","21","35","56","64"
"900","19","1","11","7","5","118","18","C está mintiendo","C está mintiendo","1","1","2","2","21","35","56","64"
"901","20","1","11","7","5","104","4","Es el juego: 2","Es el juego 2","1","2","2","2","21","35","56","64"
"902","21","1","11","7","5","119","19","Por favor decidme la verdad","Por favor decidme la verdad","1","0","2","2","21","35","56","64"
"903","23","1","11","7","5","118","18","Es el juego: 5","Es el juego 5","1","1","2","2","21","35","56","64"
"904","24","1","11","7","5","104","4","F está mintiendo","F está mintiendo","1","2","2","2","21","35","56","64"
"905","25","1","11","7","5","118","18","Estoy diciendo la verdad","Estoy diciendo la verdad.","1","1","2","2","21","35","56","64"
"906","28","1","11","7","5","104","4","Es el juego: 2","Es el juego 2","1","2","2","2","21","35","56","64"
"907","29","1","11","7","5","118","18","Es el juego: 5","Es el juego 5","1","1","2","2","21","35","56","64"
"908","32","1","11","7","5","118","18","C está diciendo la verdad","C está diciendo la verdad","1","1","2","2","21","35","56","64"
"909","34","1","11","7","5","104","4","F está mintiendo","F está mintiendo","1","2","2","2","21","35","56","64"
"910","39","1","11","7","5","118","18","Es el juego: 5","Es el juego 5","1","1","2","2","21","35","56","64"
"911","41","1","11","7","5","118","18","Es el juego: 5","Es el juego 5","1","1","2","2","21","35","56","64"
"912","41","1","11","7","5","104","4","Es el juego: 2","Es el juego 2","1","2","2","2","21","35","56","64"
"913","46","1","11","7","5","118","18","C está diciendo la verdad","C está diciendo la verdad","1","1","2","2","21","35","56","64"
"914","4","1","11","8","4","122","22","¿En qué juego estamos?","¿En qué juego estamos?","1","0","1","4","-28","-9","-37","72"
"915","5","1","11","8","4","122","22","¿En qué juego estamos?","¿En qué juego estamos?","1","0","1","4","-28","-9","-37","72"
"916","5","1","11","8","4","110","10","Es el juego: 4","Es el juego 4","1","1","1","4","-28","-9","-37","72"
"917","7","1","11","8","4","122","22","¿En qué juego estamos?","¿En qué juego estamos?","1","0","1","4","-28","-9","-37","72"
"918","8","1","11","8","4","105","5","Es el juego: 4","Es el juego 4","1","2","1","4","-28","-9","-37","72"
"919","8","1","11","8","4","122","22","¿En qué juego estamos?","¿En qué juego estamos?","1","0","1","4","-28","-9","-37","72"
"920","9","1","11","8","4","110","10","Estoy diciendo la verdad","Estoy diciendo la verdad.","1","1","1","4","-28","-9","-37","72"
"921","9","1","11","8","4","105","5","Estoy diciendo la verdad","Estoy diciendo la verdad.","1","2","1","4","-28","-9","-37","72"
"922","10","1","11","8","4","122","22","Por favor decidme la verdad","Por favor decidme la verdad","1","0","1","4","-28","-9","-37","72"
"923","11","1","11","8","4","122","22","Por favor decidme la verdad","Por favor decidme la verdad","1","0","1","4","-28","-9","-37","72"
"924","14","1","11","8","4","105","5","F está diciendo la verdad","F está diciendo la verdad","1","2","1","4","-28","-9","-37","72"
"925","22","1","11","8","4","110","10","C está diciendo la verdad","C está diciendo la verdad","1","1","1","4","-28","-9","-37","72"
"926","25","1","11","8","4","110","10","Estoy diciendo la verdad","Estoy diciendo la verdad.","1","1","1","4","-28","-9","-37","72"
"927","43","1","11","8","4","110","10","C está diciendo la verdad","C está diciendo la verdad","1","1","1","4","-28","-9","-37","72"
"928","45","1","11","8","4","122","22","Por favor decidme la verdad","Por favor decidme la verdad","1","0","1","4","-28","-9","-37","72"
"929","2","1","11","9","2","127","27","¿En qué juego estamos?","¿En qué juego estamos?","1","0","3","3","36","36","72","72"
"930","3","1","11","9","2","127","27","¿En qué juego estamos?","¿En qué juego estamos?","1","0","3","3","36","36","72","72"
"931","11","1","11","9","2","109","9","Es el juego: 2","Es el juego 2","1","2","3","3","36","36","72","72"
"932","14","1","11","9","2","112","12","Es el juego: 2","Es el juego 2","1","1","3","3","36","36","72","72"
"933","17","1","11","9","2","112","12","C está diciendo la verdad","C está diciendo la verdad","1","1","3","3","36","36","72","72"
"934","22","1","11","9","2","109","9","F está diciendo la verdad","F está diciendo la verdad","1","2","3","3","36","36","72","72"
"2750","6","2","11","1","2","213","13","Es el juego: 2","Es el juego 2","1","1","1","1","22","50","72","72"
"2751","8","2","11","1","2","203","3","Es el juego: 2","Es el juego 2","1","2","1","1","22","50","72","72"
"2752","10","2","11","1","2","203","3","F está diciendo la verdad","F está diciendo la verdad","1","2","1","1","22","50","72","72"
"2753","12","2","11","1","2","213","13","C está diciendo la verdad","C está diciendo la verdad","1","1","1","1","22","50","72","72"
"2754","3","2","11","2","3","220","20","¿En qué juego estamos?","¿En qué juego estamos?","1","0","4","4","43","29","72","80"
"2755","4","2","11","2","3","215","15","Es el juego: 4","Es el juego 4","1","1","4","4","43","29","72","80"
"2756","6","2","11","2","3","220","20","Por favor decidme la verdad","Por favor decidme la verdad","1","0","4","4","43","29","72","80"
"2757","6","2","11","2","3","215","15","Estoy diciendo la verdad","Estoy diciendo la verdad.","1","1","4","4","43","29","72","80"
"2758","17","2","11","2","3","209","9","Es el juego: 2","Es el juego 2","1","2","4","4","43","29","72","80"
"2759","21","2","11","2","3","209","9","Estoy diciendo la verdad","Estoy diciendo la verdad.","1","2","4","4","43","29","72","80"
"2760","22","2","11","2","3","215","15","Es el juego: 4","Es el juego 4","1","1","4","4","43","29","72","80"
"2761","24","2","11","2","3","215","15","Es el juego: 4","Es el juego 4","1","1","4","4","43","29","72","80"
"2762","25","2","11","2","3","209","9","F está mintiendo","F está mintiendo","1","2","4","4","43","29","72","80"
"2763","26","2","11","2","3","215","15","C está mintiendo","C está mintiendo","1","1","4","4","43","29","72","80"
"2764","28","2","11","2","3","215","15","C está mintiendo","C está mintiendo","1","1","4","4","43","29","72","80"
"2765","28","2","11","2","3","209","9","Es el juego: 2","Es el juego 2","1","2","4","4","43","29","72","80"
"2766","29","2","11","2","3","215","15","C está mintiendo","C está mintiendo","1","1","4","4","43","29","72","80"
"2767","30","2","11","2","3","220","20","Por favor decidme la verdad","Por favor decidme la verdad","1","0","4","4","43","29","72","80"
"2768","30","2","11","2","3","215","15","Es el juego: 4","Es el juego 4","1","1","4","4","43","29","72","80"
"2769","32","2","11","2","3","215","15","C está mintiendo","C está mintiendo","1","1","4","4","43","29","72","80"
"2770","33","2","11","2","3","215","15","C está mintiendo","C está mintiendo","1","1","4","4","43","29","72","80"
"2771","35","2","11","2","3","215","15","Es el juego: 4","Es el juego 4","1","1","4","4","43","29","72","80"
"2772","36","2","11","2","3","209","9","Es el juego: 2","Es el juego 2","1","2","4","4","43","29","72","80"
"2773","37","2","11","2","3","215","15","C está mintiendo","C está mintiendo","1","1","4","4","43","29","72","80"
"2774","38","2","11","2","3","215","15","Es el juego: 4","Es el juego 4","1","1","4","4","43","29","72","80"
"2775","39","2","11","2","3","209","9","F está mintiendo","F está mintiendo","1","2","4","4","43","29","72","80"
"2776","40","2","11","2","3","215","15","C está mintiendo","C está mintiendo","1","1","4","4","43","29","72","80"
"2777","43","2","11","2","3","209","9","Es el juego: 2","Es el juego 2","1","2","4","4","43","29","72","80"
"2778","43","2","11","2","3","215","15","Es el juego: 4","Es el juego 4","1","1","4","4","43","29","72","80"
"2779","45","2","11","2","3","215","15","C está mintiendo","C está mintiendo","1","1","4","4","43","29","72","80"
"2780","46","2","11","2","3","209","9","Es el juego: 2","Es el juego 2","1","2","4","4","43","29","72","80"
"2781","3","2","11","3","4","222","22","¿En qué juego estamos?","¿En qué juego estamos?","1","0","4","4","47","33","80","72"
"2782","4","2","11","3","4","202","2","Es el juego: 4","Es el juego 4","1","2","4","4","47","33","80","72"
"2783","15","2","11","3","4","222","22","¿En qué juego estamos?","¿En qué juego estamos?","1","0","4","4","47","33","80","72"
"2784","17","2","11","3","4","222","22","Por favor decidme la verdad","Por favor decidme la verdad","1","0","4","4","47","33","80","72"
"2785","19","2","11","3","4","211","11","Es el juego: 4","Es el juego 4","1","1","4","4","47","33","80","72"
"2786","20","2","11","3","4","222","22","Por favor decidme la verdad","Por favor decidme la verdad","1","0","4","4","47","33","80","72"
"2787","21","2","11","3","4","202","2","Es el juego: 4","Es el juego 4","1","2","4","4","47","33","80","72"
"2788","23","2","11","3","4","202","2","Estoy diciendo la verdad","Estoy diciendo la verdad.","1","2","4","4","47","33","80","72"
"2789","26","2","11","3","4","202","2","F está diciendo la verdad","F está diciendo la verdad","1","2","4","4","47","33","80","72"
"2790","34","2","11","3","4","211","11","C está diciendo la verdad","C está diciendo la verdad","1","1","4","4","47","33","80","72"
"2791","39","2","11","3","4","222","22","Por favor decidme la verdad","Por favor decidme la verdad","1","0","4","4","47","33","80","72"
"2792","43","2","11","3","4","211","11","Estoy diciendo la verdad","Estoy diciendo la verdad.","1","1","4","4","47","33","80","72"
"2793","1","2","11","4","3","224","24","¿En qué juego estamos?","¿En qué juego estamos?","1","0","3","3","40","40","80","80"
"2794","5","2","11","4","3","201","1","Es el juego: 2","Es el juego 2","1","2","3","3","40","40","80","80"
"2795","5","2","11","4","3","218","18","Es el juego: 3","Es el juego 3","1","1","3","3","40","40","80","80"
"2796","9","2","11","4","3","201","1","F está mintiendo","F está mintiendo","1","2","3","3","40","40","80","80"
"2797","10","2","11","4","3","218","18","C está mintiendo","C está mintiendo","1","1","3","3","40","40","80","80"
"2798","12","2","11","4","3","218","18","Es el juego: 3","Es el juego 3","1","1","3","3","40","40","80","80"
"2799","13","2","11","4","3","201","1","Estoy diciendo la verdad","Estoy diciendo la verdad.","1","2","3","3","40","40","80","80"
"2800","16","2","11","4","3","218","18","Es el juego: 3","Es el juego 3","1","1","3","3","40","40","80","80"
"2801","16","2","11","4","3","201","1","Es el juego: 2","Es el juego 2","1","2","3","3","40","40","80","80"
"2802","20","2","11","4","3","218","18","C está mintiendo","C está mintiendo","1","1","3","3","40","40","80","80"
"2803","26","2","11","4","3","218","18","Estoy diciendo la verdad","Estoy diciendo la verdad.","1","1","3","3","40","40","80","80"
"2804","26","2","11","4","3","201","1","Es el juego: 2","Es el juego 2","1","2","3","3","40","40","80","80"
"2805","28","2","11","4","3","218","18","Es el juego: 3","Es el juego 3","1","1","3","3","40","40","80","80"
"2806","31","2","11","4","3","201","1","Estoy diciendo la verdad","Estoy diciendo la verdad.","1","2","3","3","40","40","80","80"
"2807","37","2","11","4","3","218","18","Es el juego: 3","Es el juego 3","1","1","3","3","40","40","80","80"
"2808","42","2","11","4","3","201","1","Es el juego: 2","Es el juego 2","1","2","3","3","40","40","80","80"
"2809","45","2","11","4","3","218","18","C está mintiendo","C está mintiendo","1","1","3","3","40","40","80","80"
"2810","2","2","11","5","3","225","25","¿En qué juego estamos?","¿En qué juego estamos?","1","0","3","3","40","40","80","80"
"2811","4","2","11","5","3","216","16","Es el juego: 3","Es el juego 3","1","1","3","3","40","40","80","80"
"2812","10","2","11","5","3","205","5","F está diciendo la verdad","F está diciendo la verdad","1","2","3","3","40","40","80","80"
"2813","14","2","11","5","3","205","5","Es el juego: 3","Es el juego 3","1","2","3","3","40","40","80","80"
"2814","22","2","11","5","3","216","16","Estoy diciendo la verdad","Estoy diciendo la verdad.","1","1","3","3","40","40","80","80"
"2815","27","2","11","5","3","216","16","C está diciendo la verdad","C está diciendo la verdad","1","1","3","3","40","40","80","80"
"2816","42","2","11","5","3","205","5","F está diciendo la verdad","F está diciendo la verdad","1","2","3","3","40","40","80","80"
"2817","5","2","11","6","2","207","7","Es el juego: 2","Es el juego 2","1","2","3","3","36","36","72","72"
"2818","6","2","11","6","2","212","12","Es el juego: 2","Es el juego 2","1","1","3","3","36","36","72","72"
"2819","9","2","11","6","2","212","12","C está diciendo la verdad","C está diciendo la verdad","1","1","3","3","36","36","72","72"
"2820","9","2","11","6","2","207","7","F está diciendo la verdad","F está diciendo la verdad","1","2","3","3","36","36","72","72"
"2821","2","2","11","7","5","226","26","¿En qué juego estamos?","¿En qué juego estamos?","1","0","3","3","32","32","64","64"
"2822","3","2","11","7","5","226","26","Por favor decidme la verdad","Por favor decidme la verdad","1","0","3","3","32","32","64","64"
"2823","3","2","11","7","5","214","14","Es el juego: 5","Es el juego 5","1","1","3","3","32","32","64","64"
"2824","5","2","11","7","5","226","26","Por favor decidme la verdad","Por favor decidme la verdad","1","0","3","3","32","32","64","64"
"2825","6","2","11","7","5","214","14","Estoy diciendo la verdad","Estoy diciendo la verdad.","1","1","3","3","32","32","64","64"
"2826","7","2","11","7","5","226","26","Por favor decidme la verdad","Por favor decidme la verdad","1","0","3","3","32","32","64","64"
"2827","9","2","11","7","5","226","26","Por favor decidme la verdad","Por favor decidme la verdad","1","0","3","3","32","32","64","64"
"2828","10","2","11","7","5","226","26","Por favor decidme la verdad","Por favor decidme la verdad","1","0","3","3","32","32","64","64"
"2829","12","2","11","7","5","226","26","Por favor decidme la verdad","Por favor decidme la verdad","1","0","3","3","32","32","64","64"
"2830","21","2","11","7","5","206","6","Es el juego: 1","Es el juego 1","1","2","3","3","32","32","64","64"
"2831","24","2","11","7","5","206","6","F está mintiendo","F está mintiendo","1","2","3","3","32","32","64","64"
"2832","24","2","11","7","5","214","14","C está mintiendo","C está mintiendo","1","1","3","3","32","32","64","64"
"2833","27","2","11","7","5","206","6","Es el juego: 1","Es el juego 1","1","2","3","3","32","32","64","64"
"2834","28","2","11","7","5","206","6","Estoy diciendo la verdad","Estoy diciendo la verdad.","1","2","3","3","32","32","64","64"
"2835","34","2","11","7","5","226","26","Por favor decidme la verdad","Por favor decidme la verdad","1","0","3","3","32","32","64","64"
"2836","36","2","11","7","5","226","26","Por favor decidme la verdad","Por favor decidme la verdad","1","0","3","3","32","32","64","64"
"2837","37","2","11","7","5","206","6","Es el juego: 1","Es el juego 1","1","2","3","3","32","32","64","64"
"2838","37","2","11","7","5","226","26","Por favor decidme la verdad","Por favor decidme la verdad","1","0","3","3","32","32","64","64"
"2839","39","2","11","7","5","226","26","Por favor decidme la verdad","Por favor decidme la verdad","1","0","3","3","32","32","64","64"
"2840","40","2","11","7","5","214","14","Es el juego: 5","Es el juego 5","1","1","3","3","32","32","64","64"
"2841","42","2","11","7","5","226","26","Por favor decidme la verdad","Por favor decidme la verdad","1","0","3","3","32","32","64","64"
"2842","42","2","11","7","5","214","14","C está mintiendo","C está mintiendo","1","1","3","3","32","32","64","64"
"2843","43","2","11","7","5","226","26","Por favor decidme la verdad","Por favor decidme la verdad","1","0","3","3","32","32","64","64"
"2844","44","2","11","7","5","206","6","Es el juego: 1","Es el juego 1","1","2","3","3","32","32","64","64"
"2845","44","2","11","7","5","214","14","Estoy diciendo la verdad","Estoy diciendo la verdad.","1","1","3","3","32","32","64","64"
"2846","46","2","11","7","5","214","14","C está mintiendo","C está mintiendo","1","1","3","3","32","32","64","64"
"2847","1","2","11","8","4","219","19","¿En qué juego estamos?","¿En qué juego estamos?","1","0","3","3","36","36","72","72"
"2848","9","2","11","8","4","217","17","Es el juego: 4","Es el juego 4","1","1","3","3","36","36","72","72"
"2849","10","2","11","8","4","208","8","Es el juego: 1","Es el juego 1","1","2","3","3","36","36","72","72"
"2850","12","2","11","8","4","217","17","C está mintiendo","C está mintiendo","1","1","3","3","36","36","72","72"
"2851","14","2","11","8","4","208","8","F está mintiendo","F está mintiendo","1","2","3","3","36","36","72","72"
"2852","16","2","11","8","4","208","8","Estoy diciendo la verdad","Estoy diciendo la verdad.","1","2","3","3","36","36","72","72"
"2853","16","2","11","8","4","217","17","Estoy diciendo la verdad","Estoy diciendo la verdad.","1","1","3","3","36","36","72","72"
"2854","18","2","11","8","4","217","17","Es el juego: 4","Es el juego 4","1","1","3","3","36","36","72","72"
"2855","18","2","11","8","4","208","8","Es el juego: 1","Es el juego 1","1","2","3","3","36","36","72","72"
"2856","20","2","11","8","4","208","8","Estoy diciendo la verdad","Estoy diciendo la verdad.","1","2","3","3","36","36","72","72"
"2857","20","2","11","8","4","217","17","Es el juego: 4","Es el juego 4","1","1","3","3","36","36","72","72"
"2858","22","2","11","8","4","208","8","Es el juego: 1","Es el juego 1","1","2","3","3","36","36","72","72"
"2859","23","2","11","8","4","217","17","C está mintiendo","C está mintiendo","1","1","3","3","36","36","72","72"
"2860","24","2","11","8","4","208","8","Es el juego: 1","Es el juego 1","1","2","3","3","36","36","72","72"
"2861","25","2","11","8","4","217","17","C está mintiendo","C está mintiendo","1","1","3","3","36","36","72","72"
"2862","25","2","11","8","4","208","8","Estoy diciendo la verdad","Estoy diciendo la verdad.","1","2","3","3","36","36","72","72"
"2863","27","2","11","8","4","208","8","Es el juego: 1","Es el juego 1","1","2","3","3","36","36","72","72"
"2864","29","2","11","8","4","217","17","Es el juego: 4","Es el juego 4","1","1","3","3","36","36","72","72"
"2865","29","2","11","8","4","208","8","F está mintiendo","F está mintiendo","1","2","3","3","36","36","72","72"
"2866","31","2","11","8","4","208","8","F está mintiendo","F está mintiendo","1","2","3","3","36","36","72","72"
"2867","31","2","11","8","4","217","17","Es el juego: 4","Es el juego 4","1","1","3","3","36","36","72","72"
"2868","33","2","11","8","4","208","8","Es el juego: 1","Es el juego 1","1","2","3","3","36","36","72","72"
"2869","33","2","11","8","4","217","17","Es el juego: 4","Es el juego 4","1","1","3","3","36","36","72","72"
"2870","34","2","11","8","4","208","8","Estoy diciendo la verdad","Estoy diciendo la verdad.","1","2","3","3","36","36","72","72"
"2871","36","2","11","8","4","208","8","Es el juego: 1","Es el juego 1","1","2","3","3","36","36","72","72"
"2872","36","2","11","8","4","217","17","Es el juego: 4","Es el juego 4","1","1","3","3","36","36","72","72"
"2873","37","2","11","8","4","217","17","Estoy diciendo la verdad","Estoy diciendo la verdad.","1","1","3","3","36","36","72","72"
"2874","38","2","11","8","4","208","8","F está mintiendo","F está mintiendo","1","2","3","3","36","36","72","72"
"2875","41","2","11","8","4","208","8","Estoy diciendo la verdad","Estoy diciendo la verdad.","1","2","3","3","36","36","72","72"
"2876","42","2","11","8","4","217","17","Estoy diciendo la verdad","Estoy diciendo la verdad.","1","1","3","3","36","36","72","72"
"2877","44","2","11","8","4","208","8","Es el juego: 1","Es el juego 1","1","2","3","3","36","36","72","72"
"2878","46","2","11","8","4","208","8","Es el juego: 1","Es el juego 1","1","2","3","3","36","36","72","72"
"2879","46","2","11","8","4","217","17","Es el juego: 4","Es el juego 4","1","1","3","3","36","36","72","72"
"2880","4","2","11","9","2","223","23","¿En qué juego estamos?","¿En qué juego estamos?","1","0","5","4","28","11","39","72"
"2881","5","2","11","9","2","223","23","Por favor decidme la verdad","Por favor decidme la verdad","1","0","5","4","28","11","39","72"
"2882","11","2","11","9","2","223","23","Por favor decidme la verdad","Por favor decidme la verdad","1","0","5","4","28","11","39","72"
"2883","15","2","11","9","2","223","23","¿En qué juego estamos?","¿En qué juego estamos?","1","0","5","4","28","11","39","72"
"2884","24","2","11","9","2","223","23","Por favor decidme la verdad","Por favor decidme la verdad","1","0","5","4","28","11","39","72"
"2885","27","2","11","9","2","223","23","Por favor decidme la verdad","Por favor decidme la verdad","1","0","5","4","28","11","39","72"
"2886","29","2","11","9","2","223","23","¿En qué juego estamos?","¿En qué juego estamos?","1","0","5","4","28","11","39","72"
"2887","31","2","11","9","2","223","23","¿En qué juego estamos?","¿En qué juego estamos?","1","0","5","4","28","11","39","72"
"2888","32","2","11","9","2","223","23","¿En qué juego estamos?","¿En qué juego estamos?","1","0","5","4","28","11","39","72"
"2889","33","2","11","9","2","210","10","Es el juego: 2","Es el juego 2","1","1","5","4","28","11","39","72"
"2890","38","2","11","9","2","210","10","Estoy diciendo la verdad","Estoy diciendo la verdad.","1","1","5","4","28","11","39","72"
"2891","40","2","11","9","2","210","10","Es el juego: 2","Es el juego 2","1","1","5","4","28","11","39","72"
"5056","2","3","11","1","2","321","21","¿En qué juego estamos?","¿En qué juego estamos?","1","0","3","3","36","36","72","72"
"5057","3","3","11","1","2","321","21","Por favor decidme la verdad","Por favor decidme la verdad","1","0","3","3","36","36","72","72"
"5058","9","3","11","1","2","318","18","Es el juego: 4","Es el juego 4","1","1","3","3","36","36","72","72"
"5059","11","3","11","1","2","318","18","Estoy diciendo la verdad","Estoy diciendo la verdad.","1","1","3","3","36","36","72","72"
"5060","16","3","11","1","2","302","2","F está mintiendo","F está mintiendo","1","2","3","3","36","36","72","72"
"5061","19","3","11","1","2","318","18","C está mintiendo","C está mintiendo","1","1","3","3","36","36","72","72"
"5062","21","3","11","1","2","302","2","Es el juego: 2","Es el juego 2","1","2","3","3","36","36","72","72"
"5063","22","3","11","1","2","321","21","¿En qué juego estamos?","¿En qué juego estamos?","1","0","3","3","36","36","72","72"
"5064","22","3","11","1","2","302","2","Estoy diciendo la verdad","Estoy diciendo la verdad.","1","2","3","3","36","36","72","72"
"5065","25","3","11","1","2","302","2","Es el juego: 2","Es el juego 2","1","2","3","3","36","36","72","72"
"5066","25","3","11","1","2","318","18","C está mintiendo","C está mintiendo","1","1","3","3","36","36","72","72"
"5067","27","3","11","1","2","318","18","C está mintiendo","C está mintiendo","1","1","3","3","36","36","72","72"
"5068","28","3","11","1","2","302","2","Estoy diciendo la verdad","Estoy diciendo la verdad.","1","2","3","3","36","36","72","72"
"5069","31","3","11","1","2","302","2","F está mintiendo","F está mintiendo","1","2","3","3","36","36","72","72"
"5070","32","3","11","1","2","318","18","Es el juego: 4","Es el juego 4","1","1","3","3","36","36","72","72"
"5071","36","3","11","1","2","302","2","Es el juego: 2","Es el juego 2","1","2","3","3","36","36","72","72"
"5072","36","3","11","1","2","318","18","C está mintiendo","C está mintiendo","1","1","3","3","36","36","72","72"
"5073","38","3","11","1","2","302","2","Estoy diciendo la verdad","Estoy diciendo la verdad.","1","2","3","3","36","36","72","72"
"5074","40","3","11","1","2","302","2","Estoy diciendo la verdad","Estoy diciendo la verdad.","1","2","3","3","36","36","72","72"
"5075","41","3","11","1","2","321","21","Por favor decidme la verdad","Por favor decidme la verdad","1","0","3","3","36","36","72","72"
"5076","43","3","11","1","2","321","21","Por favor decidme la verdad","Por favor decidme la verdad","1","0","3","3","36","36","72","72"
"5077","43","3","11","1","2","302","2","Es el juego: 2","Es el juego 2","1","2","3","3","36","36","72","72"
"5078","44","3","11","1","2","318","18","Es el juego: 4","Es el juego 4","1","1","3","3","36","36","72","72"
"5079","44","3","11","1","2","321","21","Por favor decidme la verdad","Por favor decidme la verdad","1","0","3","3","36","36","72","72"
"5080","46","3","11","1","2","302","2","Estoy diciendo la verdad","Estoy diciendo la verdad.","1","2","3","3","36","36","72","72"
"5081","3","3","11","2","3","327","27","¿En qué juego estamos?","¿En qué juego estamos?","1","0","3","3","40","40","80","80"
"5082","5","3","11","2","3","327","27","Por favor decidme la verdad","Por favor decidme la verdad","1","0","3","3","40","40","80","80"
"5083","5","3","11","2","3","310","10","Es el juego: 3","Es el juego 3","1","1","3","3","40","40","80","80"
"5084","7","3","11","2","3","327","27","Por favor decidme la verdad","Por favor decidme la verdad","1","0","3","3","40","40","80","80"
"5085","15","3","11","2","3","327","27","Por favor decidme la verdad","Por favor decidme la verdad","1","0","3","3","40","40","80","80"
"5086","22","3","11","2","3","301","1","F está diciendo la verdad","F está diciendo la verdad","1","2","3","3","40","40","80","80"
"5087","24","3","11","2","3","310","10","Estoy diciendo la verdad","Estoy diciendo la verdad.","1","1","3","3","40","40","80","80"
"5088","1","3","11","3","4","319","19","¿En qué juego estamos?","¿En qué juego estamos?","1","0","3","3","36","36","72","72"
"5089","2","3","11","3","4","319","19","Por favor decidme la verdad","Por favor decidme la verdad","1","0","3","3","36","36","72","72"
"5090","3","3","11","3","4","312","12","Es el juego: 4","Es el juego 4","1","1","3","3","36","36","72","72"
"5091","5","3","11","3","4","312","12","Es el juego: 4","Es el juego 4","1","1","3","3","36","36","72","72"
"5092","7","3","11","3","4","312","12","Estoy diciendo la verdad","Estoy diciendo la verdad.","1","1","3","3","36","36","72","72"
"5093","9","3","11","3","4","312","12","Es el juego: 4","Es el juego 4","1","1","3","3","36","36","72","72"
"5094","12","3","11","3","4","319","19","Por favor decidme la verdad","Por favor decidme la verdad","1","0","3","3","36","36","72","72"
"5095","16","3","11","3","4","307","7","Es el juego: 2","Es el juego 2","1","2","3","3","36","36","72","72"
"5096","16","3","11","3","4","312","12","Es el juego: 4","Es el juego 4","1","1","3","3","36","36","72","72"
"5097","17","3","11","3","4","307","7","Estoy diciendo la verdad","Estoy diciendo la verdad.","1","2","3","3","36","36","72","72"
"5098","19","3","11","3","4","307","7","Estoy diciendo la verdad","Estoy diciendo la verdad.","1","2","3","3","36","36","72","72"
"5099","19","3","11","3","4","312","12","C está mintiendo","C está mintiendo","1","1","3","3","36","36","72","72"
"5100","20","3","11","3","4","307","7","Es el juego: 2","Es el juego 2","1","2","3","3","36","36","72","72"
"5101","21","3","11","3","4","312","12","Es el juego: 4","Es el juego 4","1","1","3","3","36","36","72","72"
"5102","22","3","11","3","4","307","7","Es el juego: 2","Es el juego 2","1","2","3","3","36","36","72","72"
"5103","25","3","11","3","4","312","12","Es el juego: 4","Es el juego 4","1","1","3","3","36","36","72","72"
"5104","26","3","11","3","4","312","12","Estoy diciendo la verdad","Estoy diciendo la verdad.","1","1","3","3","36","36","72","72"
"5105","26","3","11","3","4","307","7","F está mintiendo","F está mintiendo","1","2","3","3","36","36","72","72"
"5106","28","3","11","3","4","307","7","Es el juego: 2","Es el juego 2","1","2","3","3","36","36","72","72"
"5107","30","3","11","3","4","312","12","Es el juego: 4","Es el juego 4","1","1","3","3","36","36","72","72"
"5108","33","3","11","3","4","307","7","Estoy diciendo la verdad","Estoy diciendo la verdad.","1","2","3","3","36","36","72","72"
"5109","33","3","11","3","4","312","12","Es el juego: 4","Es el juego 4","1","1","3","3","36","36","72","72"
"5110","34","3","11","3","4","319","19","Por favor decidme la verdad","Por favor decidme la verdad","1","0","3","3","36","36","72","72"
"5111","34","3","11","3","4","307","7","F está mintiendo","F está mintiendo","1","2","3","3","36","36","72","72"
"5112","36","3","11","3","4","307","7","Es el juego: 2","Es el juego 2","1","2","3","3","36","36","72","72"
"5113","37","3","11","3","4","312","12","C está mintiendo","C está mintiendo","1","1","3","3","36","36","72","72"
"5114","39","3","11","3","4","307","7","Es el juego: 2","Es el juego 2","1","2","3","3","36","36","72","72"
"5115","39","3","11","3","4","312","12","Es el juego: 4","Es el juego 4","1","1","3","3","36","36","72","72"
"5116","41","3","11","3","4","307","7","Estoy diciendo la verdad","Estoy diciendo la verdad.","1","2","3","3","36","36","72","72"
"5117","41","3","11","3","4","319","19","Por favor decidme la verdad","Por favor decidme la verdad","1","0","3","3","36","36","72","72"
"5118","43","3","11","3","4","312","12","Es el juego: 4","Es el juego 4","1","1","3","3","36","36","72","72"
"5119","44","3","11","3","4","307","7","Estoy diciendo la verdad","Estoy diciendo la verdad.","1","2","3","3","36","36","72","72"
"5120","45","3","11","3","4","307","7","Es el juego: 2","Es el juego 2","1","2","3","3","36","36","72","72"
"5121","2","3","11","4","3","325","25","¿En qué juego estamos?","¿En qué juego estamos?","1","0","3","3","40","40","80","80"
"5122","2","3","11","4","3","306","6","Es el juego: 3","Es el juego 3","1","2","3","3","40","40","80","80"
"5123","4","3","11","4","3","325","25","Por favor decidme la verdad","Por favor decidme la verdad","1","0","3","3","40","40","80","80"
"5124","6","3","11","4","3","314","14","Es el juego: 3","Es el juego 3","1","1","3","3","40","40","80","80"
"5125","7","3","11","4","3","306","6","Es el juego: 3","Es el juego 3","1","2","3","3","40","40","80","80"
"5126","9","3","11","4","3","314","14","C está diciendo la verdad","C está diciendo la verdad","1","1","3","3","40","40","80","80"
"5127","12","3","11","4","3","306","6","F está diciendo la verdad","F está diciendo la verdad","1","2","3","3","40","40","80","80"
"5128","23","3","11","4","3","306","6","Es el juego: 3","Es el juego 3","1","2","3","3","40","40","80","80"
"5129","26","3","11","4","3","306","6","Es el juego: 3","Es el juego 3","1","2","3","3","40","40","80","80"
"5130","27","3","11","4","3","306","6","Es el juego: 3","Es el juego 3","1","2","3","3","40","40","80","80"
"5131","28","3","11","4","3","314","14","Es el juego: 3","Es el juego 3","1","1","3","3","40","40","80","80"
"5132","31","3","11","4","3","306","6","Es el juego: 3","Es el juego 3","1","2","3","3","40","40","80","80"
"5133","39","3","11","4","3","306","6","F está diciendo la verdad","F está diciendo la verdad","1","2","3","3","40","40","80","80"
"5134","2","3","11","5","3","315","15","Es el juego: 3","Es el juego 3","1","1","3","3","40","40","80","80"
"5135","4","3","11","5","3","315","15","Es el juego: 3","Es el juego 3","1","1","3","3","40","40","80","80"
"5136","14","3","11","5","3","304","4","Es el juego: 3","Es el juego 3","1","2","3","3","40","40","80","80"
"5137","16","3","11","5","3","315","15","C está diciendo la verdad","C está diciendo la verdad","1","1","3","3","40","40","80","80"
"5138","11","3","11","6","2","326","26","¿En qué juego estamos?","¿En qué juego estamos?","1","0","2","2","33","47","80","72"
"5139","18","3","11","6","2","308","8","Es el juego: 2","Es el juego 2","1","2","2","2","33","47","80","72"
"5140","38","3","11","6","2","326","26","Por favor decidme la verdad","Por favor decidme la verdad","1","0","2","2","33","47","80","72"
"5141","41","3","11","6","2","308","8","Estoy diciendo la verdad","Estoy diciendo la verdad.","1","2","2","2","33","47","80","72"
"5142","2","3","11","7","5","322","22","¿En qué juego estamos?","¿En qué juego estamos?","1","0","1","1","10","38","48","64"
"5143","4","3","11","7","5","322","22","¿En qué juego estamos?","¿En qué juego estamos?","1","0","1","1","10","38","48","64"
"5144","5","3","11","7","5","309","9","Es el juego: 1","Es el juego 1","1","2","1","1","10","38","48","64"
"5145","8","3","11","7","5","311","11","C está mintiendo","C está mintiendo","1","1","1","1","10","38","48","64"
"5146","10","3","11","7","5","309","9","Es el juego: 1","Es el juego 1","1","2","1","1","10","38","48","64"
"5147","10","3","11","7","5","311","11","Es el juego: 5","Es el juego 5","1","1","1","1","10","38","48","64"
"5148","13","3","11","7","5","311","11","Estoy diciendo la verdad","Estoy diciendo la verdad.","1","1","1","1","10","38","48","64"
"5149","14","3","11","7","5","309","9","Es el juego: 1","Es el juego 1","1","2","1","1","10","38","48","64"
"5150","15","3","11","7","5","311","11","C está mintiendo","C está mintiendo","1","1","1","1","10","38","48","64"
"5151","16","3","11","7","5","309","9","Es el juego: 1","Es el juego 1","1","2","1","1","10","38","48","64"
"5152","18","3","11","7","5","309","9","Es el juego: 1","Es el juego 1","1","2","1","1","10","38","48","64"
"5153","19","3","11","7","5","311","11","C está mintiendo","C está mintiendo","1","1","1","1","10","38","48","64"
"5154","19","3","11","7","5","309","9","Es el juego: 1","Es el juego 1","1","2","1","1","10","38","48","64"
"5155","20","3","11","7","5","311","11","C está mintiendo","C está mintiendo","1","1","1","1","10","38","48","64"
"5156","21","3","11","7","5","309","9","Es el juego: 1","Es el juego 1","1","2","1","1","10","38","48","64"
"5157","22","3","11","7","5","311","11","Es el juego: 5","Es el juego 5","1","1","1","1","10","38","48","64"
"5158","23","3","11","7","5","309","9","Es el juego: 1","Es el juego 1","1","2","1","1","10","38","48","64"
"5159","23","3","11","7","5","311","11","C está mintiendo","C está mintiendo","1","1","1","1","10","38","48","64"
"5160","24","3","11","7","5","309","9","Es el juego: 1","Es el juego 1","1","2","1","1","10","38","48","64"
"5161","25","3","11","7","5","311","11","Es el juego: 5","Es el juego 5","1","1","1","1","10","38","48","64"
"5162","26","3","11","7","5","311","11","C está mintiendo","C está mintiendo","1","1","1","1","10","38","48","64"
"5163","28","3","11","7","5","311","11","Es el juego: 5","Es el juego 5","1","1","1","1","10","38","48","64"
"5164","30","3","11","7","5","311","11","Es el juego: 5","Es el juego 5","1","1","1","1","10","38","48","64"
"5165","30","3","11","7","5","309","9","Es el juego: 1","Es el juego 1","1","2","1","1","10","38","48","64"
"5166","31","3","11","7","5","311","11","Es el juego: 5","Es el juego 5","1","1","1","1","10","38","48","64"
"5167","32","3","11","7","5","309","9","Es el juego: 1","Es el juego 1","1","2","1","1","10","38","48","64"
"5168","33","3","11","7","5","311","11","Es el juego: 5","Es el juego 5","1","1","1","1","10","38","48","64"
"5169","33","3","11","7","5","309","9","Es el juego: 1","Es el juego 1","1","2","1","1","10","38","48","64"
"5170","34","3","11","7","5","311","11","Estoy diciendo la verdad","Estoy diciendo la verdad.","1","1","1","1","10","38","48","64"
"5171","35","3","11","7","5","309","9","Es el juego: 1","Es el juego 1","1","2","1","1","10","38","48","64"
"5172","36","3","11","7","5","311","11","C está mintiendo","C está mintiendo","1","1","1","1","10","38","48","64"
"5173","37","3","11","7","5","309","9","Es el juego: 1","Es el juego 1","1","2","1","1","10","38","48","64"
"5174","37","3","11","7","5","311","11","C está mintiendo","C está mintiendo","1","1","1","1","10","38","48","64"
"5175","38","3","11","7","5","309","9","Estoy diciendo la verdad","Estoy diciendo la verdad.","1","2","1","1","10","38","48","64"
"5176","40","3","11","7","5","309","9","Estoy diciendo la verdad","Estoy diciendo la verdad.","1","2","1","1","10","38","48","64"
"5177","41","3","11","7","5","311","11","C está mintiendo","C está mintiendo","1","1","1","1","10","38","48","64"
"5178","42","3","11","7","5","309","9","Es el juego: 1","Es el juego 1","1","2","1","1","10","38","48","64"
"5179","42","3","11","7","5","311","11","Es el juego: 5","Es el juego 5","1","1","1","1","10","38","48","64"
"5180","43","3","11","7","5","309","9","Es el juego: 1","Es el juego 1","1","2","1","1","10","38","48","64"
"5181","44","3","11","7","5","311","11","Es el juego: 5","Es el juego 5","1","1","1","1","10","38","48","64"
"5182","44","3","11","7","5","309","9","Es el juego: 1","Es el juego 1","1","2","1","1","10","38","48","64"
"5183","45","3","11","7","5","311","11","Es el juego: 5","Es el juego 5","1","1","1","1","10","38","48","64"
"5184","46","3","11","7","5","309","9","Es el juego: 1","Es el juego 1","1","2","1","1","10","38","48","64"
"5185","8","3","11","8","4","305","5","Es el juego: 1","Es el juego 1","1","2","1","1","14","42","56","72"
"5186","16","3","11","8","4","313","13","Es el juego: 4","Es el juego 4","1","1","1","1","14","42","56","72"
"5187","18","3","11","8","4","305","5","Es el juego: 1","Es el juego 1","1","2","1","1","14","42","56","72"
"5188","18","3","11","8","4","313","13","C está mintiendo","C está mintiendo","1","1","1","1","14","42","56","72"
"5189","20","3","11","8","4","313","13","C está mintiendo","C está mintiendo","1","1","1","1","14","42","56","72"
"5190","20","3","11","8","4","305","5","F está mintiendo","F está mintiendo","1","2","1","1","14","42","56","72"
"5191","21","3","11","8","4","313","13","C está mintiendo","C está mintiendo","1","1","1","1","14","42","56","72"
"5192","22","3","11","8","4","305","5","Es el juego: 1","Es el juego 1","1","2","1","1","14","42","56","72"
"5193","22","3","11","8","4","313","13","C está mintiendo","C está mintiendo","1","1","1","1","14","42","56","72"
"5194","23","3","11","8","4","305","5","Es el juego: 1","Es el juego 1","1","2","1","1","14","42","56","72"
"5195","24","3","11","8","4","313","13","C está mintiendo","C está mintiendo","1","1","1","1","14","42","56","72"
"5196","25","3","11","8","4","313","13","Es el juego: 4","Es el juego 4","1","1","1","1","14","42","56","72"
"5197","27","3","11","8","4","313","13","Es el juego: 4","Es el juego 4","1","1","1","1","14","42","56","72"
"5198","28","3","11","8","4","313","13","Es el juego: 4","Es el juego 4","1","1","1","1","14","42","56","72"
"5199","30","3","11","8","4","313","13","Es el juego: 4","Es el juego 4","1","1","1","1","14","42","56","72"
"5200","31","3","11","8","4","313","13","Es el juego: 4","Es el juego 4","1","1","1","1","14","42","56","72"
"5201","33","3","11","8","4","305","5","Es el juego: 1","Es el juego 1","1","2","1","1","14","42","56","72"
"5202","33","3","11","8","4","313","13","Es el juego: 4","Es el juego 4","1","1","1","1","14","42","56","72"
"5203","41","3","11","8","4","313","13","Es el juego: 4","Es el juego 4","1","1","1","1","14","42","56","72"
"5204","43","3","11","8","4","313","13","C está mintiendo","C está mintiendo","1","1","1","1","14","42","56","72"
"5205","43","3","11","8","4","305","5","Es el juego: 1","Es el juego 1","1","2","1","1","14","42","56","72"
"5206","45","3","11","8","4","313","13","C está mintiendo","C está mintiendo","1","1","1","1","14","42","56","72"
"5207","45","3","11","8","4","305","5","Es el juego: 1","Es el juego 1","1","2","1","1","14","42","56","72"
"5208","46","3","11","8","4","313","13","C está mintiendo","C está mintiendo","1","1","1","1","14","42","56","72"
"5209","3","3","11","9","2","324","24","¿En qué juego estamos?","¿En qué juego estamos?","1","0","3","3","36","36","72","72"
"5210","12","3","11","9","2","303","3","Es el juego: 2","Es el juego 2","1","2","3","3","36","36","72","72"
"5211","14","3","11","9","2","316","16","Es el juego: 5","Es el juego 5","1","1","3","3","36","36","72","72"
"5212","16","3","11","9","2","303","3","F está diciendo la verdad","F está diciendo la verdad","1","2","3","3","36","36","72","72"
"5213","18","3","11","9","2","303","3","F está mintiendo","F está mintiendo","1","2","3","3","36","36","72","72"
"5214","19","3","11","9","2","303","3","Es el juego: 2","Es el juego 2","1","2","3","3","36","36","72","72"
"5215","27","3","11","9","2","303","3","Estoy diciendo la verdad","Estoy diciendo la verdad.","1","2","3","3","36","36","72","72"
"5216","29","3","11","9","2","303","3","F está mintiendo","F está mintiendo","1","2","3","3","36","36","72","72"
"5217","35","3","11","9","2","316","16","C está mintiendo","C está mintiendo","1","1","3","3","36","36","72","72"
"5218","36","3","11","9","2","316","16","Es el juego: 5","Es el juego 5","1","1","3","3","36","36","72","72"
"5219","44","3","11","9","2","303","3","Es el juego: 2","Es el juego 2","1","2","3","3","36","36","72","72"
"5220","45","3","11","9","2","303","3","Es el juego: 2","Es el juego 2","1","2","3","3","36","36","72","72"
"-999","0","2","12","6","3","227","27","","-999","1","0","3","3","40","40","80","80"
"-999","0","2","12","1","3","221","21","","-999","1","0","1","1","18","46","64","80"
"-999","0","1","12","1","3","117","17","","-999","1","1","3","3","40","40","80","80"
"935","4","1","12","1","3","124","24","¿En qué juego estamos?","¿En qué juego estamos?","1","0","3","3","40","40","80","80"
"936","10","1","12","1","3","124","24","Por favor decidme la verdad","Por favor decidme la verdad","1","0","3","3","40","40","80","80"
"937","20","1","12","1","3","124","24","¿En qué juego estamos?","¿En qué juego estamos?","1","0","3","3","40","40","80","80"
"938","38","1","12","1","3","124","24","¿En qué juego estamos?","¿En qué juego estamos?","1","0","3","3","40","40","80","80"
"939","42","1","12","1","3","103","3","Es el juego: 3","Es el juego 3","1","2","3","3","40","40","80","80"
"940","4","1","12","2","3","123","23","¿En qué juego estamos?","¿En qué juego estamos?","1","0","3","3","40","40","80","80"
"941","6","1","12","2","3","123","23","Por favor decidme la verdad","Por favor decidme la verdad","1","0","3","3","40","40","80","80"
"942","8","1","12","2","3","116","16","Es el juego: 3","Es el juego 3","1","1","3","3","40","40","80","80"
"943","10","1","12","2","3","102","2","F está diciendo la verdad","F está diciendo la verdad","1","2","3","3","40","40","80","80"
"944","15","1","12","2","3","123","23","Por favor decidme la verdad","Por favor decidme la verdad","1","0","3","3","40","40","80","80"
"945","18","1","12","2","3","102","2","F está diciendo la verdad","F está diciendo la verdad","1","2","3","3","40","40","80","80"
"946","32","1","12","2","3","116","16","Estoy diciendo la verdad","Estoy diciendo la verdad.","1","1","3","3","40","40","80","80"
"947","3","1","12","3","4","121","21","¿En qué juego estamos?","¿En qué juego estamos?","1","0","4","4","47","33","80","72"
"948","4","1","12","3","4","114","14","Es el juego: 4","Es el juego 4","1","1","4","4","47","33","80","72"
"949","5","1","12","3","4","121","21","Por favor decidme la verdad","Por favor decidme la verdad","1","0","4","4","47","33","80","72"
"950","9","1","12","3","4","107","7","Es el juego: 4","Es el juego 4","1","2","4","4","47","33","80","72"
"951","25","1","12","3","4","121","21","Por favor decidme la verdad","Por favor decidme la verdad","1","0","4","4","47","33","80","72"
"952","43","1","12","3","4","107","7","Es el juego: 3","Es el juego 3","1","2","4","4","47","33","80","72"
"953","2","1","12","4","1","120","20","¿En qué juego estamos?","¿En qué juego estamos?","1","0","2","2","29","43","72","64"
"954","4","1","12","4","1","101","1","Es el juego: 1","Es el juego 1","1","2","2","2","29","43","72","64"
"955","15","1","12","4","1","115","15","Es el juego: 5","Es el juego 5","1","1","2","2","29","43","72","64"
"956","18","1","12","4","1","101","1","Es el juego: 1","Es el juego 1","1","2","2","2","29","43","72","64"
"957","19","1","12","4","1","115","15","C está mintiendo","C está mintiendo","1","1","2","2","29","43","72","64"
"958","23","1","12","4","1","101","1","Estoy diciendo la verdad","Estoy diciendo la verdad.","1","2","2","2","29","43","72","64"
"959","25","1","12","4","1","101","1","Es el juego: 1","Es el juego 1","1","2","2","2","29","43","72","64"
"960","2","1","12","5","1","126","26","Por favor decidme la verdad","Por favor decidme la verdad","1","0","1","1","26","54","80","64"
"961","4","1","12","5","1","126","26","¿En qué juego estamos?","¿En qué juego estamos?","1","0","1","1","26","54","80","64"
"962","6","1","12","5","1","106","6","Es el juego: 1","Es el juego 1","1","2","1","1","26","54","80","64"
"963","15","1","12","5","1","113","13","Es el juego: 1","Es el juego 1","1","1","1","1","26","54","80","64"
"964","2","1","12","6","3","125","25","¿En qué juego estamos?","¿En qué juego estamos?","1","0","3","3","40","40","80","80"
"965","11","1","12","6","3","111","11","Es el juego: 3","Es el juego 3","1","1","3","3","40","40","80","80"
"966","21","1","12","6","3","108","8","Es el juego: 3","Es el juego 3","1","2","3","3","40","40","80","80"
"967","24","1","12","6","3","111","11","C está diciendo la verdad","C está diciendo la verdad","1","1","3","3","40","40","80","80"
"968","27","1","12","6","3","108","8","F está diciendo la verdad","F está diciendo la verdad","1","2","3","3","40","40","80","80"
"969","3","1","12","7","5","119","19","¿En qué juego estamos?","¿En qué juego estamos?","1","0","5","5","54","26","80","64"
"970","3","1","12","7","5","104","4","Es el juego: 1","Es el juego 1","1","2","5","5","54","26","80","64"
"971","5","1","12","7","5","118","18","Es el juego: 5","Es el juego 5","1","1","5","5","54","26","80","64"
"972","7","1","12","7","5","104","4","F está mintiendo","F está mintiendo","1","2","5","5","54","26","80","64"
"973","8","1","12","7","5","118","18","C está mintiendo","C está mintiendo","1","1","5","5","54","26","80","64"
"974","9","1","12","7","5","104","4","Estoy diciendo la verdad","Estoy diciendo la verdad.","1","2","5","5","54","26","80","64"
"975","11","1","12","7","5","118","18","C está mintiendo","C está mintiendo","1","1","5","5","54","26","80","64"
"976","13","1","12","7","5","118","18","Es el juego: 5","Es el juego 5","1","1","5","5","54","26","80","64"
"977","14","1","12","7","5","104","4","F está mintiendo","F está mintiendo","1","2","5","5","54","26","80","64"
"978","15","1","12","7","5","118","18","Estoy diciendo la verdad","Estoy diciendo la verdad.","1","1","5","5","54","26","80","64"
"979","16","1","12","7","5","104","4","Estoy diciendo la verdad","Estoy diciendo la verdad.","1","2","5","5","54","26","80","64"
"980","19","1","12","7","5","104","4","Estoy diciendo la verdad","Estoy diciendo la verdad.","1","2","5","5","54","26","80","64"
"981","20","1","12","7","5","118","18","C está mintiendo","C está mintiendo","1","1","5","5","54","26","80","64"
"982","21","1","12","7","5","119","19","Por favor decidme la verdad","Por favor decidme la verdad","1","0","5","5","54","26","80","64"
"983","21","1","12","7","5","104","4","Es el juego: 1","Es el juego 1","1","2","5","5","54","26","80","64"
"984","22","1","12","7","5","118","18","Es el juego: 5","Es el juego 5","1","1","5","5","54","26","80","64"
"985","24","1","12","7","5","104","4","F está mintiendo","F está mintiendo","1","2","5","5","54","26","80","64"
"986","26","1","12","7","5","118","18","Es el juego: 5","Es el juego 5","1","1","5","5","54","26","80","64"
"987","28","1","12","7","5","104","4","F está mintiendo","F está mintiendo","1","2","5","5","54","26","80","64"
"988","29","1","12","7","5","118","18","C está mintiendo","C está mintiendo","1","1","5","5","54","26","80","64"
"989","31","1","12","7","5","118","18","C está mintiendo","C está mintiendo","1","1","5","5","54","26","80","64"
"990","31","1","12","7","5","104","4","Es el juego: 1","Es el juego 1","1","2","5","5","54","26","80","64"
"991","33","1","12","7","5","118","18","Es el juego: 5","Es el juego 5","1","1","5","5","54","26","80","64"
"992","35","1","12","7","5","118","18","Es el juego: 5","Es el juego 5","1","1","5","5","54","26","80","64"
"993","36","1","12","7","5","104","4","Es el juego: 1","Es el juego 1","1","2","5","5","54","26","80","64"
"994","39","1","12","7","5","104","4","F está mintiendo","F está mintiendo","1","2","5","5","54","26","80","64"
"995","40","1","12","7","5","118","18","C está diciendo la verdad","C está diciendo la verdad","1","1","5","5","54","26","80","64"
"996","44","1","12","7","5","104","4","Es el juego: 1","Es el juego 1","1","2","5","5","54","26","80","64"
"997","45","1","12","7","5","118","18","C está mintiendo","C está mintiendo","1","1","5","5","54","26","80","64"
"998","2","1","12","8","3","122","22","¿En qué juego estamos?","¿En qué juego estamos?","1","0","4","4","43","29","72","80"
"999","3","1","12","8","3","122","22","¿En qué juego estamos?","¿En qué juego estamos?","1","0","4","4","43","29","72","80"
"1000","5","1","12","8","3","122","22","¿En qué juego estamos?","¿En qué juego estamos?","1","0","4","4","43","29","72","80"
"1001","7","1","12","8","3","122","22","¿En qué juego estamos?","¿En qué juego estamos?","1","0","4","4","43","29","72","80"
"1002","7","1","12","8","3","105","5","Es el juego: 3","Es el juego 3","1","2","4","4","43","29","72","80"
"1003","8","1","12","8","3","110","10","Es el juego: 3","Es el juego 3","1","1","4","4","43","29","72","80"
"1004","8","1","12","8","3","122","22","¿En qué juego estamos?","¿En qué juego estamos?","1","0","4","4","43","29","72","80"
"1005","10","1","12","8","3","110","10","Estoy diciendo la verdad","Estoy diciendo la verdad.","1","1","4","4","43","29","72","80"
"1006","11","1","12","8","3","122","22","Por favor decidme la verdad","Por favor decidme la verdad","1","0","4","4","43","29","72","80"
"1007","11","1","12","8","3","110","10","C está diciendo la verdad","C está diciendo la verdad","1","1","4","4","43","29","72","80"
"1008","12","1","12","8","3","122","22","Por favor decidme la verdad","Por favor decidme la verdad","1","0","4","4","43","29","72","80"
"1009","13","1","12","8","3","105","5","F está diciendo la verdad","F está diciendo la verdad","1","2","4","4","43","29","72","80"
"1010","15","1","12","8","3","105","5","Estoy diciendo la verdad","Estoy diciendo la verdad.","1","2","4","4","43","29","72","80"
"1011","26","1","12","8","3","110","10","C está diciendo la verdad","C está diciendo la verdad","1","1","4","4","43","29","72","80"
"1012","41","1","12","8","3","110","10","Estoy diciendo la verdad","Estoy diciendo la verdad.","1","1","4","4","43","29","72","80"
"1013","44","1","12","8","3","122","22","Por favor decidme la verdad","Por favor decidme la verdad","1","0","4","4","43","29","72","80"
"1014","45","1","12","8","3","122","22","Por favor decidme la verdad","Por favor decidme la verdad","1","0","4","4","43","29","72","80"
"1015","46","1","12","8","3","110","10","Estoy diciendo la verdad","Estoy diciendo la verdad.","1","1","4","4","43","29","72","80"
"1016","2","1","12","9","3","127","27","¿En qué juego estamos?","¿En qué juego estamos?","1","0","3","3","40","40","80","80"
"1017","3","1","12","9","3","127","27","¿En qué juego estamos?","¿En qué juego estamos?","1","0","3","3","40","40","80","80"
"1018","11","1","12","9","3","109","9","Es el juego: 3","Es el juego 3","1","2","3","3","40","40","80","80"
"1019","12","1","12","9","3","112","12","Es el juego: 3","Es el juego 3","1","1","3","3","40","40","80","80"
"1020","14","1","12","9","3","112","12","C está diciendo la verdad","C está diciendo la verdad","1","1","3","3","40","40","80","80"
"1021","40","1","12","9","3","112","12","Estoy diciendo la verdad","Estoy diciendo la verdad.","1","1","3","3","40","40","80","80"
"1022","43","1","12","9","3","109","9","F está diciendo la verdad","F está diciendo la verdad","1","2","3","3","40","40","80","80"
"2892","5","2","12","1","3","213","13","Es el juego: 3","Es el juego 3","1","1","1","1","18","46","64","80"
"2893","10","2","12","1","3","203","3","F está diciendo la verdad","F está diciendo la verdad","1","2","1","1","18","46","64","80"
"2894","2","2","12","2","3","220","20","¿En qué juego estamos?","¿En qué juego estamos?","1","0","3","3","40","40","80","80"
"2895","3","2","12","2","3","215","15","Es el juego: 3","Es el juego 3","1","1","3","3","40","40","80","80"
"2896","5","2","12","2","3","220","20","¿En qué juego estamos?","¿En qué juego estamos?","1","0","3","3","40","40","80","80"
"2897","5","2","12","2","3","209","9","Es el juego: 3","Es el juego 3","1","2","3","3","40","40","80","80"
"2898","8","2","12","2","3","220","20","Por favor decidme la verdad","Por favor decidme la verdad","1","0","3","3","40","40","80","80"
"2899","10","2","12","2","3","209","9","Es el juego: 3","Es el juego 3","1","2","3","3","40","40","80","80"
"2900","11","2","12","2","3","215","15","Estoy diciendo la verdad","Estoy diciendo la verdad.","1","1","3","3","40","40","80","80"
"2901","13","2","12","2","3","209","9","F está diciendo la verdad","F está diciendo la verdad","1","2","3","3","40","40","80","80"
"2902","14","2","12","2","3","215","15","C está diciendo la verdad","C está diciendo la verdad","1","1","3","3","40","40","80","80"
"2903","3","2","12","3","4","222","22","¿En qué juego estamos?","¿En qué juego estamos?","1","0","4","4","47","33","80","72"
"2904","7","2","12","3","4","202","2","Es el juego: 4","Es el juego 4","1","2","4","4","47","33","80","72"
"2905","7","2","12","3","4","211","11","Es el juego: 5","Es el juego 5","1","1","4","4","47","33","80","72"
"2906","9","2","12","3","4","211","11","Es el juego: 5","Es el juego 5","1","1","4","4","47","33","80","72"
"2907","11","2","12","3","4","202","2","Estoy diciendo la verdad","Estoy diciendo la verdad.","1","2","4","4","47","33","80","72"
"2908","11","2","12","3","4","211","11","Es el juego: 5","Es el juego 5","1","1","4","4","47","33","80","72"
"2909","12","2","12","3","4","211","11","Es el juego: 5","Es el juego 5","1","1","4","4","47","33","80","72"
"2910","14","2","12","3","4","211","11","C está mintiendo","C está mintiendo","1","1","4","4","47","33","80","72"
"2911","15","2","12","3","4","222","22","Por favor decidme la verdad","Por favor decidme la verdad","1","0","4","4","47","33","80","72"
"2912","16","2","12","3","4","211","11","Es el juego: 5","Es el juego 5","1","1","4","4","47","33","80","72"
"2913","19","2","12","3","4","202","2","F está diciendo la verdad","F está diciendo la verdad","1","2","4","4","47","33","80","72"
"2914","20","2","12","3","4","211","11","Es el juego: 5","Es el juego 5","1","1","4","4","47","33","80","72"
"2915","21","2","12","3","4","202","2","F está mintiendo","F está mintiendo","1","2","4","4","47","33","80","72"
"2916","23","2","12","3","4","202","2","F está mintiendo","F está mintiendo","1","2","4","4","47","33","80","72"
"2917","24","2","12","3","4","202","2","F está mintiendo","F está mintiendo","1","2","4","4","47","33","80","72"
"2918","25","2","12","3","4","211","11","Es el juego: 5","Es el juego 5","1","1","4","4","47","33","80","72"
"2919","25","2","12","3","4","202","2","F está mintiendo","F está mintiendo","1","2","4","4","47","33","80","72"
"2920","27","2","12","3","4","202","2","Es el juego: 4","Es el juego 4","1","2","4","4","47","33","80","72"
"2921","27","2","12","3","4","211","11","Estoy diciendo la verdad","Estoy diciendo la verdad.","1","1","4","4","47","33","80","72"
"2922","29","2","12","3","4","211","11","Estoy diciendo la verdad","Estoy diciendo la verdad.","1","1","4","4","47","33","80","72"
"2923","31","2","12","3","4","211","11","Es el juego: 5","Es el juego 5","1","1","4","4","47","33","80","72"
"2924","36","2","12","3","4","211","11","Es el juego: 5","Es el juego 5","1","1","4","4","47","33","80","72"
"2925","37","2","12","3","4","202","2","F está mintiendo","F está mintiendo","1","2","4","4","47","33","80","72"
"2926","39","2","12","3","4","211","11","Estoy diciendo la verdad","Estoy diciendo la verdad.","1","1","4","4","47","33","80","72"
"2927","40","2","12","3","4","202","2","Es el juego: 4","Es el juego 4","1","2","4","4","47","33","80","72"
"2928","41","2","12","3","4","211","11","C está mintiendo","C está mintiendo","1","1","4","4","47","33","80","72"
"2929","41","2","12","3","4","202","2","Es el juego: 4","Es el juego 4","1","2","4","4","47","33","80","72"
"2930","42","2","12","3","4","211","11","C está mintiendo","C está mintiendo","1","1","4","4","47","33","80","72"
"2931","43","2","12","3","4","202","2","Es el juego: 4","Es el juego 4","1","2","4","4","47","33","80","72"
"2932","44","2","12","3","4","211","11","C está mintiendo","C está mintiendo","1","1","4","4","47","33","80","72"
"2933","44","2","12","3","4","202","2","Es el juego: 4","Es el juego 4","1","2","4","4","47","33","80","72"
"2934","46","2","12","3","4","211","11","Es el juego: 5","Es el juego 5","1","1","4","4","47","33","80","72"
"2935","46","2","12","3","4","202","2","Es el juego: 4","Es el juego 4","1","2","4","4","47","33","80","72"
"2936","2","2","12","4","1","224","24","¿En qué juego estamos?","¿En qué juego estamos?","1","0","1","1","26","54","80","64"
"2937","5","2","12","4","1","201","1","Es el juego: 1","Es el juego 1","1","2","1","1","26","54","80","64"
"2938","15","2","12","4","1","218","18","C está diciendo la verdad","C está diciendo la verdad","1","1","1","1","26","54","80","64"
"2939","17","2","12","4","1","201","1","Estoy diciendo la verdad","Estoy diciendo la verdad.","1","2","1","1","26","54","80","64"
"2940","26","2","12","4","1","201","1","F está diciendo la verdad","F está diciendo la verdad","1","2","1","1","26","54","80","64"
"2941","2","2","12","5","1","205","5","Es el juego: 1","Es el juego 1","1","2","1","1","26","54","80","64"
"2942","5","2","12","5","1","216","16","Es el juego: 1","Es el juego 1","1","1","1","1","26","54","80","64"
"2943","5","2","12","5","1","205","5","Estoy diciendo la verdad","Estoy diciendo la verdad.","1","2","1","1","26","54","80","64"
"2944","7","2","12","5","1","216","16","C está diciendo la verdad","C está diciendo la verdad","1","1","1","1","26","54","80","64"
"2945","7","2","12","5","1","205","5","F está diciendo la verdad","F está diciendo la verdad","1","2","1","1","26","54","80","64"
"2946","11","2","12","5","1","225","25","Por favor decidme la verdad","Por favor decidme la verdad","1","0","1","1","26","54","80","64"
"2947","16","2","12","5","1","205","5","Es el juego: 1","Es el juego 1","1","2","1","1","26","54","80","64"
"2948","27","2","12","5","1","225","25","Por favor decidme la verdad","Por favor decidme la verdad","1","0","1","1","26","54","80","64"
"2949","33","2","12","5","1","205","5","Es el juego: 1","Es el juego 1","1","2","1","1","26","54","80","64"
"2950","37","2","12","5","1","216","16","Estoy diciendo la verdad","Estoy diciendo la verdad.","1","1","1","1","26","54","80","64"
"2951","4","2","12","6","3","212","12","Es el juego: 3","Es el juego 3","1","1","3","3","40","40","80","80"
"2952","5","2","12","6","3","212","12","Estoy diciendo la verdad","Estoy diciendo la verdad.","1","1","3","3","40","40","80","80"
"2953","11","2","12","6","3","207","7","F está diciendo la verdad","F está diciendo la verdad","1","2","3","3","40","40","80","80"
"2954","13","2","12","6","3","212","12","C está diciendo la verdad","C está diciendo la verdad","1","1","3","3","40","40","80","80"
"2955","16","2","12","6","3","207","7","Es el juego: 3","Es el juego 3","1","2","3","3","40","40","80","80"
"2956","19","2","12","6","3","207","7","Estoy diciendo la verdad","Estoy diciendo la verdad.","1","2","3","3","40","40","80","80"
"2957","23","2","12","6","3","212","12","C está diciendo la verdad","C está diciendo la verdad","1","1","3","3","40","40","80","80"
"2958","3","2","12","7","5","226","26","¿En qué juego estamos?","¿En qué juego estamos?","1","0","3","3","32","32","64","64"
"2959","4","2","12","7","5","206","6","Es el juego: 1","Es el juego 1","1","2","3","3","32","32","64","64"
"2960","4","2","12","7","5","226","26","Por favor decidme la verdad","Por favor decidme la verdad","1","0","3","3","32","32","64","64"
"2961","5","2","12","7","5","214","14","Es el juego: 5","Es el juego 5","1","1","3","3","32","32","64","64"
"2962","7","2","12","7","5","206","6","F está mintiendo","F está mintiendo","1","2","3","3","32","32","64","64"
"2963","7","2","12","7","5","226","26","Por favor decidme la verdad","Por favor decidme la verdad","1","0","3","3","32","32","64","64"
"2964","7","2","12","7","5","214","14","C está mintiendo","C está mintiendo","1","1","3","3","32","32","64","64"
"2965","8","2","12","7","5","206","6","Es el juego: 1","Es el juego 1","1","2","3","3","32","32","64","64"
"2966","9","2","12","7","5","226","26","Por favor decidme la verdad","Por favor decidme la verdad","1","0","3","3","32","32","64","64"
"2967","10","2","12","7","5","214","14","Es el juego: 5","Es el juego 5","1","1","3","3","32","32","64","64"
"2968","10","2","12","7","5","226","26","Por favor decidme la verdad","Por favor decidme la verdad","1","0","3","3","32","32","64","64"
"2969","11","2","12","7","5","206","6","Estoy diciendo la verdad","Estoy diciendo la verdad.","1","2","3","3","32","32","64","64"
"2970","12","2","12","7","5","226","26","Por favor decidme la verdad","Por favor decidme la verdad","1","0","3","3","32","32","64","64"
"2971","12","2","12","7","5","214","14","Es el juego: 5","Es el juego 5","1","1","3","3","32","32","64","64"
"2972","13","2","12","7","5","206","6","Es el juego: 1","Es el juego 1","1","2","3","3","32","32","64","64"
"2973","13","2","12","7","5","214","14","Es el juego: 5","Es el juego 5","1","1","3","3","32","32","64","64"
"2974","15","2","12","7","5","214","14","Estoy diciendo la verdad","Estoy diciendo la verdad.","1","1","3","3","32","32","64","64"
"2975","16","2","12","7","5","206","6","Es el juego: 1","Es el juego 1","1","2","3","3","32","32","64","64"
"2976","20","2","12","7","5","206","6","Es el juego: 1","Es el juego 1","1","2","3","3","32","32","64","64"
"2977","21","2","12","7","5","206","6","Es el juego: 1","Es el juego 1","1","2","3","3","32","32","64","64"
"2978","26","2","12","7","5","206","6","Estoy diciendo la verdad","Estoy diciendo la verdad.","1","2","3","3","32","32","64","64"
"2979","29","2","12","7","5","214","14","Es el juego: 5","Es el juego 5","1","1","3","3","32","32","64","64"
"2980","32","2","12","7","5","214","14","C está mintiendo","C está mintiendo","1","1","3","3","32","32","64","64"
"2981","33","2","12","7","5","206","6","F está mintiendo","F está mintiendo","1","2","3","3","32","32","64","64"
"2982","35","2","12","7","5","214","14","C está mintiendo","C está mintiendo","1","1","3","3","32","32","64","64"
"2983","37","2","12","7","5","214","14","C está mintiendo","C está mintiendo","1","1","3","3","32","32","64","64"
"2984","39","2","12","7","5","214","14","C está mintiendo","C está mintiendo","1","1","3","3","32","32","64","64"
"2985","40","2","12","7","5","214","14","C está mintiendo","C está mintiendo","1","1","3","3","32","32","64","64"
"2986","42","2","12","7","5","214","14","C está mintiendo","C está mintiendo","1","1","3","3","32","32","64","64"
"2987","2","2","12","8","3","219","19","¿En qué juego estamos?","¿En qué juego estamos?","1","0","3","3","40","40","80","80"
"2988","4","2","12","8","3","208","8","Es el juego: 3","Es el juego 3","1","2","3","3","40","40","80","80"
"2989","7","2","12","8","3","217","17","Es el juego: 3","Es el juego 3","1","1","3","3","40","40","80","80"
"2990","9","2","12","8","3","208","8","Estoy diciendo la verdad","Estoy diciendo la verdad.","1","2","3","3","40","40","80","80"
"2991","13","2","12","8","3","208","8","F está diciendo la verdad","F está diciendo la verdad","1","2","3","3","40","40","80","80"
"2992","3","2","12","9","3","223","23","¿En qué juego estamos?","¿En qué juego estamos?","1","0","3","2","26","29","55","80"
"2993","5","2","12","9","3","223","23","Por favor decidme la verdad","Por favor decidme la verdad","1","0","3","2","26","29","55","80"
"2994","6","2","12","9","3","204","4","Es el juego: 3","Es el juego 3","1","2","3","2","26","29","55","80"
"2995","7","2","12","9","3","210","10","Es el juego: 3","Es el juego 3","1","1","3","2","26","29","55","80"
"2996","8","2","12","9","3","204","4","Estoy diciendo la verdad","Estoy diciendo la verdad.","1","2","3","2","26","29","55","80"
"2997","9","2","12","9","3","223","23","Por favor decidme la verdad","Por favor decidme la verdad","1","0","3","2","26","29","55","80"
"2998","9","2","12","9","3","210","10","Estoy diciendo la verdad","Estoy diciendo la verdad.","1","1","3","2","26","29","55","80"
"2999","10","2","12","9","3","204","4","F está diciendo la verdad","F está diciendo la verdad","1","2","3","2","26","29","55","80"
"3000","11","2","12","9","3","210","10","C está diciendo la verdad","C está diciendo la verdad","1","1","3","2","26","29","55","80"
"3001","12","2","12","9","3","210","10","C está diciendo la verdad","C está diciendo la verdad","1","1","3","2","26","29","55","80"
"3002","16","2","12","9","3","210","10","Es el juego: 3","Es el juego 3","1","1","3","2","26","29","55","80"
"3003","19","2","12","9","3","204","4","F está diciendo la verdad","F está diciendo la verdad","1","2","3","2","26","29","55","80"
"3004","39","2","12","9","3","223","23","Por favor decidme la verdad","Por favor decidme la verdad","1","0","3","2","26","29","55","80"
"3005","43","2","12","9","3","210","10","Estoy diciendo la verdad","Estoy diciendo la verdad.","1","1","3","2","26","29","55","80"
"3006","46","2","12","9","3","210","10","C está diciendo la verdad","C está diciendo la verdad","1","1","3","2","26","29","55","80"
"5221","1","3","12","1","3","321","21","¿En qué juego estamos?","¿En qué juego estamos?","1","0","3","3","40","40","80","80"
"5222","2","3","12","1","3","302","2","F está mintiendo","F está mintiendo","1","2","3","3","40","40","80","80"
"5223","3","3","12","1","3","321","21","Por favor decidme la verdad","Por favor decidme la verdad","1","0","3","3","40","40","80","80"
"5224","10","3","12","1","3","321","21","¿En qué juego estamos?","¿En qué juego estamos?","1","0","3","3","40","40","80","80"
"5225","11","3","12","1","3","318","18","Es el juego: 3","Es el juego 3","1","1","3","3","40","40","80","80"
"5226","15","3","12","1","3","302","2","Es el juego: 3","Es el juego 3","1","2","3","3","40","40","80","80"
"5227","25","3","12","1","3","318","18","C está diciendo la verdad","C está diciendo la verdad","1","1","3","3","40","40","80","80"
"5228","25","3","12","1","3","321","21","Por favor decidme la verdad","Por favor decidme la verdad","1","0","3","3","40","40","80","80"
"5229","28","3","12","1","3","302","2","Es el juego: 3","Es el juego 3","1","2","3","3","40","40","80","80"
"5230","30","3","12","1","3","302","2","F está diciendo la verdad","F está diciendo la verdad","1","2","3","3","40","40","80","80"
"5231","34","3","12","1","3","302","2","Estoy diciendo la verdad","Estoy diciendo la verdad.","1","2","3","3","40","40","80","80"
"5232","1","3","12","2","3","327","27","¿En qué juego estamos?","¿En qué juego estamos?","1","0","3","3","40","40","80","80"
"5233","3","3","12","2","3","327","27","Por favor decidme la verdad","Por favor decidme la verdad","1","0","3","3","40","40","80","80"
"5234","5","3","12","2","3","310","10","Es el juego: 3","Es el juego 3","1","1","3","3","40","40","80","80"
"5235","8","3","12","2","3","327","27","Por favor decidme la verdad","Por favor decidme la verdad","1","0","3","3","40","40","80","80"
"5236","8","3","12","2","3","310","10","Estoy diciendo la verdad","Estoy diciendo la verdad.","1","1","3","3","40","40","80","80"
"5237","19","3","12","2","3","327","27","Por favor decidme la verdad","Por favor decidme la verdad","1","0","3","3","40","40","80","80"
"5238","30","3","12","2","3","301","1","F está diciendo la verdad","F está diciendo la verdad","1","2","3","3","40","40","80","80"
"5239","1","3","12","3","4","319","19","¿En qué juego estamos?","¿En qué juego estamos?","1","0","3","3","36","36","72","72"
"5240","3","3","12","3","4","319","19","Por favor decidme la verdad","Por favor decidme la verdad","1","0","3","3","36","36","72","72"
"5241","3","3","12","3","4","312","12","Es el juego: 4","Es el juego 4","1","1","3","3","36","36","72","72"
"5242","5","3","12","3","4","307","7","Es el juego: 2","Es el juego 2","1","2","3","3","36","36","72","72"
"5243","5","3","12","3","4","312","12","Es el juego: 4","Es el juego 4","1","1","3","3","36","36","72","72"
"5244","7","3","12","3","4","307","7","Estoy diciendo la verdad","Estoy diciendo la verdad.","1","2","3","3","36","36","72","72"
"5245","7","3","12","3","4","312","12","Estoy diciendo la verdad","Estoy diciendo la verdad.","1","1","3","3","36","36","72","72"
"5246","8","3","12","3","4","307","7","Es el juego: 2","Es el juego 2","1","2","3","3","36","36","72","72"
"5247","8","3","12","3","4","312","12","Es el juego: 4","Es el juego 4","1","1","3","3","36","36","72","72"
"5248","10","3","12","3","4","307","7","Estoy diciendo la verdad","Estoy diciendo la verdad.","1","2","3","3","36","36","72","72"
"5249","10","3","12","3","4","312","12","C está mintiendo","C está mintiendo","1","1","3","3","36","36","72","72"
"5250","12","3","12","3","4","312","12","C está mintiendo","C está mintiendo","1","1","3","3","36","36","72","72"
"5251","12","3","12","3","4","307","7","F está mintiendo","F está mintiendo","1","2","3","3","36","36","72","72"
"5252","13","3","12","3","4","312","12","C está mintiendo","C está mintiendo","1","1","3","3","36","36","72","72"
"5253","13","3","12","3","4","307","7","F está mintiendo","F está mintiendo","1","2","3","3","36","36","72","72"
"5254","15","3","12","3","4","312","12","Es el juego: 4","Es el juego 4","1","1","3","3","36","36","72","72"
"5255","15","3","12","3","4","307","7","Es el juego: 2","Es el juego 2","1","2","3","3","36","36","72","72"
"5256","16","3","12","3","4","312","12","Es el juego: 4","Es el juego 4","1","1","3","3","36","36","72","72"
"5257","17","3","12","3","4","307","7","Estoy diciendo la verdad","Estoy diciendo la verdad.","1","2","3","3","36","36","72","72"
"5258","18","3","12","3","4","312","12","Es el juego: 4","Es el juego 4","1","1","3","3","36","36","72","72"
"5259","19","3","12","3","4","307","7","F está mintiendo","F está mintiendo","1","2","3","3","36","36","72","72"
"5260","20","3","12","3","4","312","12","C está mintiendo","C está mintiendo","1","1","3","3","36","36","72","72"
"5261","21","3","12","3","4","307","7","Es el juego: 2","Es el juego 2","1","2","3","3","36","36","72","72"
"5262","22","3","12","3","4","312","12","C está mintiendo","C está mintiendo","1","1","3","3","36","36","72","72"
"5263","23","3","12","3","4","307","7","Estoy diciendo la verdad","Estoy diciendo la verdad.","1","2","3","3","36","36","72","72"
"5264","23","3","12","3","4","312","12","Es el juego: 4","Es el juego 4","1","1","3","3","36","36","72","72"
"5265","25","3","12","3","4","307","7","F está mintiendo","F está mintiendo","1","2","3","3","36","36","72","72"
"5266","25","3","12","3","4","312","12","Es el juego: 4","Es el juego 4","1","1","3","3","36","36","72","72"
"5267","26","3","12","3","4","312","12","Es el juego: 4","Es el juego 4","1","1","3","3","36","36","72","72"
"5268","26","3","12","3","4","307","7","Es el juego: 2","Es el juego 2","1","2","3","3","36","36","72","72"
"5269","28","3","12","3","4","312","12","Es el juego: 4","Es el juego 4","1","1","3","3","36","36","72","72"
"5270","28","3","12","3","4","307","7","Estoy diciendo la verdad","Estoy diciendo la verdad.","1","2","3","3","36","36","72","72"
"5271","29","3","12","3","4","312","12","Es el juego: 4","Es el juego 4","1","1","3","3","36","36","72","72"
"5272","30","3","12","3","4","307","7","F está mintiendo","F está mintiendo","1","2","3","3","36","36","72","72"
"5273","31","3","12","3","4","312","12","Es el juego: 4","Es el juego 4","1","1","3","3","36","36","72","72"
"5274","32","3","12","3","4","307","7","Es el juego: 2","Es el juego 2","1","2","3","3","36","36","72","72"
"5275","32","3","12","3","4","312","12","Es el juego: 4","Es el juego 4","1","1","3","3","36","36","72","72"
"5276","34","3","12","3","4","307","7","Estoy diciendo la verdad","Estoy diciendo la verdad.","1","2","3","3","36","36","72","72"
"5277","34","3","12","3","4","312","12","Es el juego: 4","Es el juego 4","1","1","3","3","36","36","72","72"
"5278","35","3","12","3","4","312","12","Es el juego: 4","Es el juego 4","1","1","3","3","36","36","72","72"
"5279","35","3","12","3","4","307","7","Estoy diciendo la verdad","Estoy diciendo la verdad.","1","2","3","3","36","36","72","72"
"5280","36","3","12","3","4","312","12","Es el juego: 4","Es el juego 4","1","1","3","3","36","36","72","72"
"5281","38","3","12","3","4","312","12","Es el juego: 4","Es el juego 4","1","1","3","3","36","36","72","72"
"5282","39","3","12","3","4","307","7","Es el juego: 2","Es el juego 2","1","2","3","3","36","36","72","72"
"5283","39","3","12","3","4","312","12","Es el juego: 4","Es el juego 4","1","1","3","3","36","36","72","72"
"5284","40","3","12","3","4","307","7","Es el juego: 2","Es el juego 2","1","2","3","3","36","36","72","72"
"5285","40","3","12","3","4","319","19","Por favor decidme la verdad","Por favor decidme la verdad","1","0","3","3","36","36","72","72"
"5286","41","3","12","3","4","307","7","Es el juego: 2","Es el juego 2","1","2","3","3","36","36","72","72"
"5287","42","3","12","3","4","312","12","Es el juego: 4","Es el juego 4","1","1","3","3","36","36","72","72"
"5288","43","3","12","3","4","307","7","Es el juego: 2","Es el juego 2","1","2","3","3","36","36","72","72"
"5289","43","3","12","3","4","312","12","Es el juego: 4","Es el juego 4","1","1","3","3","36","36","72","72"
"5290","44","3","12","3","4","307","7","Es el juego: 2","Es el juego 2","1","2","3","3","36","36","72","72"
"5291","46","3","12","3","4","307","7","Es el juego: 2","Es el juego 2","1","2","3","3","36","36","72","72"
"5292","3","3","12","4","1","325","25","Por favor decidme la verdad","Por favor decidme la verdad","1","0","1","1","26","54","80","64"
"5293","3","3","12","4","1","314","14","Es el juego: 1","Es el juego 1","1","1","1","1","26","54","80","64"
"5294","5","3","12","4","1","325","25","¿En qué juego estamos?","¿En qué juego estamos?","1","0","1","1","26","54","80","64"
"5295","7","3","12","4","1","306","6","Es el juego: 1","Es el juego 1","1","2","1","1","26","54","80","64"
"5296","8","3","12","4","1","325","25","Por favor decidme la verdad","Por favor decidme la verdad","1","0","1","1","26","54","80","64"
"5297","11","3","12","4","1","314","14","C está diciendo la verdad","C está diciendo la verdad","1","1","1","1","26","54","80","64"
"5298","21","3","12","4","1","306","6","Es el juego: 1","Es el juego 1","1","2","1","1","26","54","80","64"
"5299","25","3","12","4","1","306","6","F está diciendo la verdad","F está diciendo la verdad","1","2","1","1","26","54","80","64"
"5300","40","3","12","4","1","314","14","Es el juego: 1","Es el juego 1","1","1","1","1","26","54","80","64"
"5301","41","3","12","4","1","314","14","C está diciendo la verdad","C está diciendo la verdad","1","1","1","1","26","54","80","64"
"5302","2","3","12","5","1","315","15","Es el juego: 5","Es el juego 5","1","1","5","5","38","10","48","64"
"5303","8","3","12","5","1","304","4","Es el juego: 1","Es el juego 1","1","2","5","5","38","10","48","64"
"5304","12","3","12","5","1","315","15","C está mintiendo","C está mintiendo","1","1","5","5","38","10","48","64"
"5305","12","3","12","5","1","304","4","Estoy diciendo la verdad","Estoy diciendo la verdad.","1","2","5","5","38","10","48","64"
"5306","14","3","12","5","1","304","4","Estoy diciendo la verdad","Estoy diciendo la verdad.","1","2","5","5","38","10","48","64"
"5307","18","3","12","5","1","304","4","F está mintiendo","F está mintiendo","1","2","5","5","38","10","48","64"
"5308","19","3","12","5","1","304","4","F está mintiendo","F está mintiendo","1","2","5","5","38","10","48","64"
"5309","21","3","12","5","1","304","4","F está mintiendo","F está mintiendo","1","2","5","5","38","10","48","64"
"5310","22","3","12","5","1","315","15","C está mintiendo","C está mintiendo","1","1","5","5","38","10","48","64"
"5311","23","3","12","5","1","304","4","Es el juego: 1","Es el juego 1","1","2","5","5","38","10","48","64"
"5312","24","3","12","5","1","315","15","Estoy diciendo la verdad","Estoy diciendo la verdad.","1","1","5","5","38","10","48","64"
"5313","25","3","12","5","1","304","4","Es el juego: 1","Es el juego 1","1","2","5","5","38","10","48","64"
"5314","27","3","12","5","1","304","4","Es el juego: 1","Es el juego 1","1","2","5","5","38","10","48","64"
"5315","27","3","12","5","1","315","15","Es el juego: 5","Es el juego 5","1","1","5","5","38","10","48","64"
"5316","28","3","12","5","1","304","4","Es el juego: 1","Es el juego 1","1","2","5","5","38","10","48","64"
"5317","29","3","12","5","1","315","15","Es el juego: 5","Es el juego 5","1","1","5","5","38","10","48","64"
"5318","30","3","12","5","1","304","4","Es el juego: 1","Es el juego 1","1","2","5","5","38","10","48","64"
"5319","31","3","12","5","1","315","15","Es el juego: 5","Es el juego 5","1","1","5","5","38","10","48","64"
"5320","31","3","12","5","1","304","4","Es el juego: 1","Es el juego 1","1","2","5","5","38","10","48","64"
"5321","32","3","12","5","1","323","23","Por favor decidme la verdad","Por favor decidme la verdad","1","0","5","5","38","10","48","64"
"5322","32","3","12","5","1","315","15","Es el juego: 5","Es el juego 5","1","1","5","5","38","10","48","64"
"5323","33","3","12","5","1","304","4","Es el juego: 1","Es el juego 1","1","2","5","5","38","10","48","64"
"5324","34","3","12","5","1","315","15","Es el juego: 5","Es el juego 5","1","1","5","5","38","10","48","64"
"5325","34","3","12","5","1","304","4","Es el juego: 1","Es el juego 1","1","2","5","5","38","10","48","64"
"5326","35","3","12","5","1","315","15","Es el juego: 5","Es el juego 5","1","1","5","5","38","10","48","64"
"5327","36","3","12","5","1","304","4","Es el juego: 1","Es el juego 1","1","2","5","5","38","10","48","64"
"5328","36","3","12","5","1","315","15","Es el juego: 5","Es el juego 5","1","1","5","5","38","10","48","64"
"5329","37","3","12","5","1","304","4","Es el juego: 1","Es el juego 1","1","2","5","5","38","10","48","64"
"5330","38","3","12","5","1","315","15","Es el juego: 5","Es el juego 5","1","1","5","5","38","10","48","64"
"5331","41","3","12","5","1","304","4","Estoy diciendo la verdad","Estoy diciendo la verdad.","1","2","5","5","38","10","48","64"
"5332","42","3","12","5","1","315","15","Es el juego: 5","Es el juego 5","1","1","5","5","38","10","48","64"
"5333","42","3","12","5","1","304","4","Estoy diciendo la verdad","Estoy diciendo la verdad.","1","2","5","5","38","10","48","64"
"5334","43","3","12","5","1","323","23","¿En qué juego estamos?","¿En qué juego estamos?","1","0","5","5","38","10","48","64"
"5335","45","3","12","5","1","304","4","Es el juego: 1","Es el juego 1","1","2","5","5","38","10","48","64"
"5336","45","3","12","5","1","315","15","Estoy diciendo la verdad","Estoy diciendo la verdad.","1","1","5","5","38","10","48","64"
"5337","2","3","12","6","3","326","26","¿En qué juego estamos?","¿En qué juego estamos?","1","0","3","3","40","40","80","80"
"5338","6","3","12","6","3","317","17","Es el juego: 3","Es el juego 3","1","1","3","3","40","40","80","80"
"5339","9","3","12","6","3","308","8","F está diciendo la verdad","F está diciendo la verdad","1","2","3","3","40","40","80","80"
"5340","28","3","12","6","3","326","26","Por favor decidme la verdad","Por favor decidme la verdad","1","0","3","3","40","40","80","80"
"5341","31","3","12","6","3","308","8","Estoy diciendo la verdad","Estoy diciendo la verdad.","1","2","3","3","40","40","80","80"
"5342","2","3","12","7","5","322","22","¿En qué juego estamos?","¿En qué juego estamos?","1","0","2","2","21","35","56","64"
"5343","3","3","12","7","5","322","22","¿En qué juego estamos?","¿En qué juego estamos?","1","0","2","2","21","35","56","64"
"5344","4","3","12","7","5","309","9","Es el juego: 2","Es el juego 2","1","2","2","2","21","35","56","64"
"5345","10","3","12","7","5","311","11","C está mintiendo","C está mintiendo","1","1","2","2","21","35","56","64"
"5346","13","3","12","7","5","311","11","Es el juego: 5","Es el juego 5","1","1","2","2","21","35","56","64"
"5347","14","3","12","7","5","309","9","Es el juego: 2","Es el juego 2","1","2","2","2","21","35","56","64"
"5348","15","3","12","7","5","311","11","Es el juego: 5","Es el juego 5","1","1","2","2","21","35","56","64"
"5349","16","3","12","7","5","309","9","F está mintiendo","F está mintiendo","1","2","2","2","21","35","56","64"
"5350","17","3","12","7","5","311","11","Es el juego: 5","Es el juego 5","1","1","2","2","21","35","56","64"
"5351","18","3","12","7","5","309","9","Es el juego: 2","Es el juego 2","1","2","2","2","21","35","56","64"
"5352","18","3","12","7","5","311","11","Es el juego: 5","Es el juego 5","1","1","2","2","21","35","56","64"
"5353","20","3","12","7","5","309","9","Es el juego: 2","Es el juego 2","1","2","2","2","21","35","56","64"
"5354","20","3","12","7","5","311","11","C está mintiendo","C está mintiendo","1","1","2","2","21","35","56","64"
"5355","21","3","12","7","5","311","11","Es el juego: 5","Es el juego 5","1","1","2","2","21","35","56","64"
"5356","22","3","12","7","5","309","9","Es el juego: 2","Es el juego 2","1","2","2","2","21","35","56","64"
"5357","23","3","12","7","5","311","11","C está mintiendo","C está mintiendo","1","1","2","2","21","35","56","64"
"5358","23","3","12","7","5","309","9","Es el juego: 2","Es el juego 2","1","2","2","2","21","35","56","64"
"5359","24","3","12","7","5","311","11","Es el juego: 5","Es el juego 5","1","1","2","2","21","35","56","64"
"5360","25","3","12","7","5","309","9","Es el juego: 2","Es el juego 2","1","2","2","2","21","35","56","64"
"5361","26","3","12","7","5","311","11","Es el juego: 5","Es el juego 5","1","1","2","2","21","35","56","64"
"5362","26","3","12","7","5","309","9","Es el juego: 2","Es el juego 2","1","2","2","2","21","35","56","64"
"5363","27","3","12","7","5","311","11","Es el juego: 5","Es el juego 5","1","1","2","2","21","35","56","64"
"5364","27","3","12","7","5","309","9","Es el juego: 2","Es el juego 2","1","2","2","2","21","35","56","64"
"5365","28","3","12","7","5","311","11","Es el juego: 5","Es el juego 5","1","1","2","2","21","35","56","64"
"5366","29","3","12","7","5","309","9","Es el juego: 2","Es el juego 2","1","2","2","2","21","35","56","64"
"5367","30","3","12","7","5","311","11","Es el juego: 5","Es el juego 5","1","1","2","2","21","35","56","64"
"5368","30","3","12","7","5","309","9","Es el juego: 2","Es el juego 2","1","2","2","2","21","35","56","64"
"5369","31","3","12","7","5","311","11","Es el juego: 5","Es el juego 5","1","1","2","2","21","35","56","64"
"5370","31","3","12","7","5","309","9","F está mintiendo","F está mintiendo","1","2","2","2","21","35","56","64"
"5371","33","3","12","7","5","311","11","Es el juego: 5","Es el juego 5","1","1","2","2","21","35","56","64"
"5372","33","3","12","7","5","309","9","Es el juego: 2","Es el juego 2","1","2","2","2","21","35","56","64"
"5373","34","3","12","7","5","311","11","Es el juego: 5","Es el juego 5","1","1","2","2","21","35","56","64"
"5374","34","3","12","7","5","309","9","Estoy diciendo la verdad","Estoy diciendo la verdad.","1","2","2","2","21","35","56","64"
"5375","35","3","12","7","5","311","11","C está mintiendo","C está mintiendo","1","1","2","2","21","35","56","64"
"5376","36","3","12","7","5","309","9","Es el juego: 2","Es el juego 2","1","2","2","2","21","35","56","64"
"5377","37","3","12","7","5","311","11","Es el juego: 5","Es el juego 5","1","1","2","2","21","35","56","64"
"5378","37","3","12","7","5","309","9","Es el juego: 2","Es el juego 2","1","2","2","2","21","35","56","64"
"5379","38","3","12","7","5","311","11","C está mintiendo","C está mintiendo","1","1","2","2","21","35","56","64"
"5380","39","3","12","7","5","309","9","Es el juego: 2","Es el juego 2","1","2","2","2","21","35","56","64"
"5381","40","3","12","7","5","311","11","Estoy diciendo la verdad","Estoy diciendo la verdad.","1","1","2","2","21","35","56","64"
"5382","40","3","12","7","5","309","9","Es el juego: 2","Es el juego 2","1","2","2","2","21","35","56","64"
"5383","41","3","12","7","5","311","11","Es el juego: 5","Es el juego 5","1","1","2","2","21","35","56","64"
"5384","42","3","12","7","5","309","9","Es el juego: 2","Es el juego 2","1","2","2","2","21","35","56","64"
"5385","42","3","12","7","5","311","11","C está mintiendo","C está mintiendo","1","1","2","2","21","35","56","64"
"5386","43","3","12","7","5","309","9","Es el juego: 2","Es el juego 2","1","2","2","2","21","35","56","64"
"5387","43","3","12","7","5","311","11","C está mintiendo","C está mintiendo","1","1","2","2","21","35","56","64"
"5388","45","3","12","7","5","311","11","C está mintiendo","C está mintiendo","1","1","2","2","21","35","56","64"
"5389","45","3","12","7","5","309","9","Es el juego: 2","Es el juego 2","1","2","2","2","21","35","56","64"
"5390","46","3","12","7","5","311","11","C está mintiendo","C está mintiendo","1","1","2","2","21","35","56","64"
"5391","2","3","12","8","3","320","20","¿En qué juego estamos?","¿En qué juego estamos?","1","0","5","5","46","18","64","80"
"5392","6","3","12","8","3","305","5","Es el juego: 3","Es el juego 3","1","2","5","5","46","18","64","80"
"5393","8","3","12","8","3","305","5","Estoy diciendo la verdad","Estoy diciendo la verdad.","1","2","5","5","46","18","64","80"
"5394","11","3","12","8","3","313","13","Es el juego: 5","Es el juego 5","1","1","5","5","46","18","64","80"
"5395","13","3","12","8","3","313","13","C está mintiendo","C está mintiendo","1","1","5","5","46","18","64","80"
"5396","14","3","12","8","3","313","13","C está mintiendo","C está mintiendo","1","1","5","5","46","18","64","80"
"5397","16","3","12","8","3","313","13","C está mintiendo","C está mintiendo","1","1","5","5","46","18","64","80"
"5398","17","3","12","8","3","313","13","C está mintiendo","C está mintiendo","1","1","5","5","46","18","64","80"
"5399","18","3","12","8","3","313","13","C está mintiendo","C está mintiendo","1","1","5","5","46","18","64","80"
"5400","18","3","12","8","3","305","5","Es el juego: 3","Es el juego 3","1","2","5","5","46","18","64","80"
"5401","20","3","12","8","3","305","5","Es el juego: 3","Es el juego 3","1","2","5","5","46","18","64","80"
"5402","21","3","12","8","3","313","13","Es el juego: 5","Es el juego 5","1","1","5","5","46","18","64","80"
"5403","22","3","12","8","3","305","5","Es el juego: 3","Es el juego 3","1","2","5","5","46","18","64","80"
"5404","22","3","12","8","3","313","13","Es el juego: 5","Es el juego 5","1","1","5","5","46","18","64","80"
"5405","24","3","12","8","3","313","13","Es el juego: 5","Es el juego 5","1","1","5","5","46","18","64","80"
"5406","25","3","12","8","3","313","13","Es el juego: 5","Es el juego 5","1","1","5","5","46","18","64","80"
"5407","27","3","12","8","3","313","13","C está mintiendo","C está mintiendo","1","1","5","5","46","18","64","80"
"5408","29","3","12","8","3","313","13","Estoy diciendo la verdad","Estoy diciendo la verdad.","1","1","5","5","46","18","64","80"
"5409","30","3","12","8","3","313","13","Estoy diciendo la verdad","Estoy diciendo la verdad.","1","1","5","5","46","18","64","80"
"5410","30","3","12","8","3","305","5","Es el juego: 3","Es el juego 3","1","2","5","5","46","18","64","80"
"5411","32","3","12","8","3","305","5","Es el juego: 3","Es el juego 3","1","2","5","5","46","18","64","80"
"5412","32","3","12","8","3","313","13","Estoy diciendo la verdad","Estoy diciendo la verdad.","1","1","5","5","46","18","64","80"
"5413","33","3","12","8","3","305","5","Es el juego: 3","Es el juego 3","1","2","5","5","46","18","64","80"
"5414","34","3","12","8","3","313","13","Estoy diciendo la verdad","Estoy diciendo la verdad.","1","1","5","5","46","18","64","80"
"5415","35","3","12","8","3","305","5","Es el juego: 3","Es el juego 3","1","2","5","5","46","18","64","80"
"5416","35","3","12","8","3","313","13","Estoy diciendo la verdad","Estoy diciendo la verdad.","1","1","5","5","46","18","64","80"
"5417","36","3","12","8","3","305","5","Es el juego: 3","Es el juego 3","1","2","5","5","46","18","64","80"
"5418","37","3","12","8","3","313","13","Estoy diciendo la verdad","Estoy diciendo la verdad.","1","1","5","5","46","18","64","80"
"5419","38","3","12","8","3","313","13","Estoy diciendo la verdad","Estoy diciendo la verdad.","1","1","5","5","46","18","64","80"
"5420","40","3","12","8","3","313","13","Es el juego: 5","Es el juego 5","1","1","5","5","46","18","64","80"
"5421","41","3","12","8","3","313","13","Es el juego: 5","Es el juego 5","1","1","5","5","46","18","64","80"
"5422","43","3","12","8","3","313","13","Es el juego: 5","Es el juego 5","1","1","5","5","46","18","64","80"
"5423","44","3","12","8","3","313","13","Es el juego: 5","Es el juego 5","1","1","5","5","46","18","64","80"
"5424","45","3","12","8","3","313","13","Es el juego: 5","Es el juego 5","1","1","5","5","46","18","64","80"
"5425","46","3","12","8","3","313","13","Es el juego: 5","Es el juego 5","1","1","5","5","46","18","64","80"
"5426","4","3","12","9","3","324","24","¿En qué juego estamos?","¿En qué juego estamos?","1","0","3","3","40","40","80","80"
"5427","5","3","12","9","3","303","3","Es el juego: 3","Es el juego 3","1","2","3","3","40","40","80","80"
"5428","15","3","12","9","3","316","16","Es el juego: 5","Es el juego 5","1","1","3","3","40","40","80","80"
"5429","18","3","12","9","3","303","3","F está mintiendo","F está mintiendo","1","2","3","3","40","40","80","80"
"5430","22","3","12","9","3","316","16","Estoy diciendo la verdad","Estoy diciendo la verdad.","1","1","3","3","40","40","80","80"
"5431","22","3","12","9","3","303","3","Estoy diciendo la verdad","Estoy diciendo la verdad.","1","2","3","3","40","40","80","80"
"5432","40","3","12","9","3","316","16","Es el juego: 5","Es el juego 5","1","1","3","3","40","40","80","80"
"-999","0","3","13","6","4","308","8","","-999","1","2","4","4","47","33","80","72"
"-999","0","3","13","5","2","323","23","","-999","1","0","2","2","33","47","80","72"
"-999","0","2","13","4","1","224","24","","-999","1","0","3","3","32","32","64","64"
"-999","0","1","13","5","2","113","13","","-999","1","1","2","2","33","47","80","72"
"1023","3","1","13","1","1","124","24","¿En qué juego estamos?","¿En qué juego estamos?","1","0","1","1","26","54","80","64"
"1024","11","1","13","1","1","124","24","Por favor decidme la verdad","Por favor decidme la verdad","1","0","1","1","26","54","80","64"
"1025","17","1","13","1","1","117","17","Es el juego: 1","Es el juego 1","1","1","1","1","26","54","80","64"
"1026","30","1","13","1","1","124","24","Por favor decidme la verdad","Por favor decidme la verdad","1","0","1","1","26","54","80","64"
"1027","45","1","13","1","1","103","3","Es el juego: 1","Es el juego 1","1","2","1","1","26","54","80","64"
"1028","3","1","13","2","3","123","23","¿En qué juego estamos?","¿En qué juego estamos?","1","0","3","3","40","40","80","80"
"1029","5","1","13","2","3","123","23","Por favor decidme la verdad","Por favor decidme la verdad","1","0","3","3","40","40","80","80"
"1030","6","1","13","2","3","102","2","Es el juego: 3","Es el juego 3","1","2","3","3","40","40","80","80"
"1031","9","1","13","2","3","123","23","Por favor decidme la verdad","Por favor decidme la verdad","1","0","3","3","40","40","80","80"
"1032","11","1","13","2","3","102","2","Estoy diciendo la verdad","Estoy diciendo la verdad.","1","2","3","3","40","40","80","80"
"1033","12","1","13","2","3","116","16","Es el juego: 3","Es el juego 3","1","1","3","3","40","40","80","80"
"1034","14","1","13","2","3","102","2","F está diciendo la verdad","F está diciendo la verdad","1","2","3","3","40","40","80","80"
"1035","28","1","13","2","3","123","23","Por favor decidme la verdad","Por favor decidme la verdad","1","0","3","3","40","40","80","80"
"1036","32","1","13","2","3","123","23","¿En qué juego estamos?","¿En qué juego estamos?","1","0","3","3","40","40","80","80"
"1037","35","1","13","2","3","102","2","Es el juego: 3","Es el juego 3","1","2","3","3","40","40","80","80"
"1038","39","1","13","2","3","102","2","Estoy diciendo la verdad","Estoy diciendo la verdad.","1","2","3","3","40","40","80","80"
"1039","43","1","13","2","3","116","16","C está diciendo la verdad","C está diciendo la verdad","1","1","3","3","40","40","80","80"
"1040","2","1","13","3","2","121","21","¿En qué juego estamos?","¿En qué juego estamos?","1","0","5","5","42","14","56","72"
"1041","4","1","13","3","2","114","14","Es el juego: 5","Es el juego 5","1","1","5","5","42","14","56","72"
"1042","6","1","13","3","2","121","21","Por favor decidme la verdad","Por favor decidme la verdad","1","0","5","5","42","14","56","72"
"1043","17","1","13","3","2","107","7","Es el juego: 2","Es el juego 2","1","2","5","5","42","14","56","72"
"1044","20","1","13","3","2","107","7","F está mintiendo","F está mintiendo","1","2","5","5","42","14","56","72"
"1045","22","1","13","3","2","114","14","C está mintiendo","C está mintiendo","1","1","5","5","42","14","56","72"
"1046","25","1","13","3","2","107","7","F está mintiendo","F está mintiendo","1","2","5","5","42","14","56","72"
"1047","26","1","13","3","2","107","7","Es el juego: 2","Es el juego 2","1","2","5","5","42","14","56","72"
"1048","28","1","13","3","2","114","14","Es el juego: 5","Es el juego 5","1","1","5","5","42","14","56","72"
"1049","29","1","13","3","2","107","7","Es el juego: 2","Es el juego 2","1","2","5","5","42","14","56","72"
"1050","35","1","13","3","2","107","7","F está mintiendo","F está mintiendo","1","2","5","5","42","14","56","72"
"1051","38","1","13","3","2","107","7","Estoy diciendo la verdad","Estoy diciendo la verdad.","1","2","5","5","42","14","56","72"
"1052","40","1","13","3","2","107","7","Es el juego: 2","Es el juego 2","1","2","5","5","42","14","56","72"
"1053","5","1","13","4","1","120","20","Por favor decidme la verdad","Por favor decidme la verdad","1","0","1","1","26","54","80","64"
"1054","8","1","13","4","1","101","1","Es el juego: 1","Es el juego 1","1","2","1","1","26","54","80","64"
"1055","23","1","13","4","1","115","15","C está mintiendo","C está mintiendo","1","1","1","1","26","54","80","64"
"1056","25","1","13","4","1","120","20","¿En qué juego estamos?","¿En qué juego estamos?","1","0","1","1","26","54","80","64"
"1057","27","1","13","4","1","101","1","Es el juego: 1","Es el juego 1","1","2","1","1","26","54","80","64"
"1058","35","1","13","4","1","120","20","¿En qué juego estamos?","¿En qué juego estamos?","1","0","1","1","26","54","80","64"
"1059","37","1","13","4","1","115","15","C está mintiendo","C está mintiendo","1","1","1","1","26","54","80","64"
"1060","38","1","13","4","1","120","20","¿En qué juego estamos?","¿En qué juego estamos?","1","0","1","1","26","54","80","64"
"1061","39","1","13","4","1","101","1","Es el juego: 1","Es el juego 1","1","2","1","1","26","54","80","64"
"1062","40","1","13","4","1","120","20","¿En qué juego estamos?","¿En qué juego estamos?","1","0","1","1","26","54","80","64"
"1063","41","1","13","4","1","101","1","Estoy diciendo la verdad","Estoy diciendo la verdad.","1","2","1","1","26","54","80","64"
"1064","42","1","13","4","1","120","20","¿En qué juego estamos?","¿En qué juego estamos?","1","0","1","1","26","54","80","64"
"1065","44","1","13","4","1","120","20","¿En qué juego estamos?","¿En qué juego estamos?","1","0","1","1","26","54","80","64"
"1066","46","1","13","4","1","101","1","Es el juego: 1","Es el juego 1","1","2","1","1","26","54","80","64"
"1067","46","1","13","4","1","115","15","Estoy diciendo la verdad","Estoy diciendo la verdad.","1","1","1","1","26","54","80","64"
"1068","3","1","13","5","2","126","26","Por favor decidme la verdad","Por favor decidme la verdad","1","0","2","2","33","47","80","72"
"1069","5","1","13","5","2","126","26","¿En qué juego estamos?","¿En qué juego estamos?","1","0","2","2","33","47","80","72"
"1070","6","1","13","5","2","106","6","Es el juego: 2","Es el juego 2","1","2","2","2","33","47","80","72"
"1071","3","1","13","6","4","125","25","¿En qué juego estamos?","¿En qué juego estamos?","1","0","4","4","47","33","80","72"
"1072","9","1","13","6","4","111","11","Es el juego: 4","Es el juego 4","1","1","4","4","47","33","80","72"
"1073","18","1","13","6","4","108","8","Es el juego: 1","Es el juego 1","1","2","4","4","47","33","80","72"
"1074","20","1","13","6","4","111","11","Estoy diciendo la verdad","Estoy diciendo la verdad.","1","1","4","4","47","33","80","72"
"1075","21","1","13","6","4","108","8","F está mintiendo","F está mintiendo","1","2","4","4","47","33","80","72"
"1076","22","1","13","6","4","111","11","Estoy diciendo la verdad","Estoy diciendo la verdad.","1","1","4","4","47","33","80","72"
"1077","23","1","13","6","4","108","8","Estoy diciendo la verdad","Estoy diciendo la verdad.","1","2","4","4","47","33","80","72"
"1078","23","1","13","6","4","111","11","Estoy diciendo la verdad","Estoy diciendo la verdad.","1","1","4","4","47","33","80","72"
"1079","25","1","13","6","4","108","8","Es el juego: 1","Es el juego 1","1","2","4","4","47","33","80","72"
"1080","25","1","13","6","4","111","11","Estoy diciendo la verdad","Estoy diciendo la verdad.","1","1","4","4","47","33","80","72"
"1081","26","1","13","6","4","111","11","Estoy diciendo la verdad","Estoy diciendo la verdad.","1","1","4","4","47","33","80","72"
"1082","28","1","13","6","4","111","11","Estoy diciendo la verdad","Estoy diciendo la verdad.","1","1","4","4","47","33","80","72"
"1083","29","1","13","6","4","111","11","Estoy diciendo la verdad","Estoy diciendo la verdad.","1","1","4","4","47","33","80","72"
"1084","30","1","13","6","4","111","11","Estoy diciendo la verdad","Estoy diciendo la verdad.","1","1","4","4","47","33","80","72"
"1085","32","1","13","6","4","111","11","Es el juego: 4","Es el juego 4","1","1","4","4","47","33","80","72"
"1086","33","1","13","6","4","108","8","Es el juego: 1","Es el juego 1","1","2","4","4","47","33","80","72"
"1087","33","1","13","6","4","111","11","Es el juego: 4","Es el juego 4","1","1","4","4","47","33","80","72"
"1088","34","1","13","6","4","111","11","Es el juego: 4","Es el juego 4","1","1","4","4","47","33","80","72"
"1089","35","1","13","6","4","108","8","Estoy diciendo la verdad","Estoy diciendo la verdad.","1","2","4","4","47","33","80","72"
"1090","36","1","13","6","4","111","11","Es el juego: 4","Es el juego 4","1","1","4","4","47","33","80","72"
"1091","37","1","13","6","4","108","8","Es el juego: 1","Es el juego 1","1","2","4","4","47","33","80","72"
"1092","37","1","13","6","4","111","11","Es el juego: 4","Es el juego 4","1","1","4","4","47","33","80","72"
"1093","38","1","13","6","4","111","11","Es el juego: 4","Es el juego 4","1","1","4","4","47","33","80","72"
"1094","39","1","13","6","4","108","8","Es el juego: 1","Es el juego 1","1","2","4","4","47","33","80","72"
"1095","40","1","13","6","4","108","8","Es el juego: 1","Es el juego 1","1","2","4","4","47","33","80","72"
"1096","40","1","13","6","4","111","11","Estoy diciendo la verdad","Estoy diciendo la verdad.","1","1","4","4","47","33","80","72"
"1097","42","1","13","6","4","108","8","Es el juego: 1","Es el juego 1","1","2","4","4","47","33","80","72"
"1098","42","1","13","6","4","111","11","Estoy diciendo la verdad","Estoy diciendo la verdad.","1","1","4","4","47","33","80","72"
"1099","43","1","13","6","4","111","11","Estoy diciendo la verdad","Estoy diciendo la verdad.","1","1","4","4","47","33","80","72"
"1100","43","1","13","6","4","108","8","F está mintiendo","F está mintiendo","1","2","4","4","47","33","80","72"
"1101","44","1","13","6","4","111","11","Estoy diciendo la verdad","Estoy diciendo la verdad.","1","1","4","4","47","33","80","72"
"1102","46","1","13","6","4","111","11","Estoy diciendo la verdad","Estoy diciendo la verdad.","1","1","4","4","47","33","80","72"
"1103","46","1","13","6","4","108","8","Es el juego: 1","Es el juego 1","1","2","4","4","47","33","80","72"
"1104","3","1","13","7","3","119","19","¿En qué juego estamos?","¿En qué juego estamos?","1","0","3","3","40","40","80","80"
"1105","9","1","13","7","3","104","4","Es el juego: 3","Es el juego 3","1","2","3","3","40","40","80","80"
"1106","12","1","13","7","3","118","18","Es el juego: 3","Es el juego 3","1","1","3","3","40","40","80","80"
"1107","20","1","13","7","3","118","18","C está diciendo la verdad","C está diciendo la verdad","1","1","3","3","40","40","80","80"
"1108","36","1","13","7","3","104","4","F está diciendo la verdad","F está diciendo la verdad","1","2","3","3","40","40","80","80"
"1109","2","1","13","8","2","122","22","¿En qué juego estamos?","¿En qué juego estamos?","1","0","2","2","33","47","80","72"
"1110","4","1","13","8","2","122","22","¿En qué juego estamos?","¿En qué juego estamos?","1","0","2","2","33","47","80","72"
"1111","5","1","13","8","2","122","22","¿En qué juego estamos?","¿En qué juego estamos?","1","0","2","2","33","47","80","72"
"1112","7","1","13","8","2","122","22","¿En qué juego estamos?","¿En qué juego estamos?","1","0","2","2","33","47","80","72"
"1113","8","1","13","8","2","105","5","Es el juego: 2","Es el juego 2","1","2","2","2","33","47","80","72"
"1114","8","1","13","8","2","122","22","¿En qué juego estamos?","¿En qué juego estamos?","1","0","2","2","33","47","80","72"
"1115","9","1","13","8","2","110","10","Es el juego: 2","Es el juego 2","1","1","2","2","33","47","80","72"
"1116","11","1","13","8","2","110","10","Estoy diciendo la verdad","Estoy diciendo la verdad.","1","1","2","2","33","47","80","72"
"1117","16","1","13","8","2","105","5","F está diciendo la verdad","F está diciendo la verdad","1","2","2","2","33","47","80","72"
"1118","17","1","13","8","2","122","22","Por favor decidme la verdad","Por favor decidme la verdad","1","0","2","2","33","47","80","72"
"1119","18","1","13","8","2","110","10","C está diciendo la verdad","C está diciendo la verdad","1","1","2","2","33","47","80","72"
"1120","19","1","13","8","2","105","5","Estoy diciendo la verdad","Estoy diciendo la verdad.","1","2","2","2","33","47","80","72"
"1121","31","1","13","8","2","122","22","Por favor decidme la verdad","Por favor decidme la verdad","1","0","2","2","33","47","80","72"
"1122","32","1","13","8","2","122","22","Por favor decidme la verdad","Por favor decidme la verdad","1","0","2","2","33","47","80","72"
"1123","33","1","13","8","2","122","22","Por favor decidme la verdad","Por favor decidme la verdad","1","0","2","2","33","47","80","72"
"1124","35","1","13","8","2","122","22","Por favor decidme la verdad","Por favor decidme la verdad","1","0","2","2","33","47","80","72"
"1125","36","1","13","8","2","105","5","Estoy diciendo la verdad","Estoy diciendo la verdad.","1","2","2","2","33","47","80","72"
"1126","36","1","13","8","2","122","22","Por favor decidme la verdad","Por favor decidme la verdad","1","0","2","2","33","47","80","72"
"1127","38","1","13","8","2","122","22","Por favor decidme la verdad","Por favor decidme la verdad","1","0","2","2","33","47","80","72"
"1128","38","1","13","8","2","110","10","Estoy diciendo la verdad","Estoy diciendo la verdad.","1","1","2","2","33","47","80","72"
"1129","39","1","13","8","2","122","22","Por favor decidme la verdad","Por favor decidme la verdad","1","0","2","2","33","47","80","72"
"1130","40","1","13","8","2","105","5","F está diciendo la verdad","F está diciendo la verdad","1","2","2","2","33","47","80","72"
"1131","40","1","13","8","2","110","10","C está diciendo la verdad","C está diciendo la verdad","1","1","2","2","33","47","80","72"
"1132","41","1","13","8","2","122","22","Por favor decidme la verdad","Por favor decidme la verdad","1","0","2","2","33","47","80","72"
"1133","42","1","13","8","2","110","10","C está diciendo la verdad","C está diciendo la verdad","1","1","2","2","33","47","80","72"
"1134","43","1","13","8","2","122","22","Por favor decidme la verdad","Por favor decidme la verdad","1","0","2","2","33","47","80","72"
"1135","43","1","13","8","2","110","10","C está diciendo la verdad","C está diciendo la verdad","1","1","2","2","33","47","80","72"
"1136","45","1","13","8","2","122","22","Por favor decidme la verdad","Por favor decidme la verdad","1","0","2","2","33","47","80","72"
"1137","45","1","13","8","2","110","10","C está diciendo la verdad","C está diciendo la verdad","1","1","2","2","33","47","80","72"
"1138","46","1","13","8","2","105","5","Estoy diciendo la verdad","Estoy diciendo la verdad.","1","2","2","2","33","47","80","72"
"1139","46","1","13","8","2","110","10","C está diciendo la verdad","C está diciendo la verdad","1","1","2","2","33","47","80","72"
"1140","1","1","13","9","1","127","27","¿En qué juego estamos?","¿En qué juego estamos?","1","0","3","3","32","32","64","64"
"1141","3","1","13","9","1","127","27","¿En qué juego estamos?","¿En qué juego estamos?","1","0","3","3","32","32","64","64"
"1142","5","1","13","9","1","109","9","Es el juego: 1","Es el juego 1","1","2","3","3","32","32","64","64"
"1143","6","1","13","9","1","127","27","Por favor decidme la verdad","Por favor decidme la verdad","1","0","3","3","32","32","64","64"
"1144","8","1","13","9","1","109","9","Estoy diciendo la verdad","Estoy diciendo la verdad.","1","2","3","3","32","32","64","64"
"1145","10","1","13","9","1","112","12","C está diciendo la verdad","C está diciendo la verdad","1","1","3","3","32","32","64","64"
"1146","21","1","13","9","1","112","12","Es el juego: 1","Es el juego 1","1","1","3","3","32","32","64","64"
"1147","22","1","13","9","1","109","9","Es el juego: 1","Es el juego 1","1","2","3","3","32","32","64","64"
"3007","4","2","13","1","1","221","21","¿En qué juego estamos?","¿En qué juego estamos?","1","0","1","1","26","54","80","64"
"3008","7","2","13","1","1","213","13","Es el juego: 1","Es el juego 1","1","1","1","1","26","54","80","64"
"3009","11","2","13","1","1","203","3","F está diciendo la verdad","F está diciendo la verdad","1","2","1","1","26","54","80","64"
"3010","2","2","13","2","3","220","20","¿En qué juego estamos?","¿En qué juego estamos?","1","0","5","5","46","18","64","80"
"3011","3","2","13","2","3","215","15","Es el juego: 5","Es el juego 5","1","1","5","5","46","18","64","80"
"3012","4","2","13","2","3","209","9","Es el juego: 3","Es el juego 3","1","2","5","5","46","18","64","80"
"3013","5","2","13","2","3","220","20","Por favor decidme la verdad","Por favor decidme la verdad","1","0","5","5","46","18","64","80"
"3014","6","2","13","2","3","215","15","Es el juego: 5","Es el juego 5","1","1","5","5","46","18","64","80"
"3015","6","2","13","2","3","209","9","Es el juego: 3","Es el juego 3","1","2","5","5","46","18","64","80"
"3016","8","2","13","2","3","215","15","Es el juego: 5","Es el juego 5","1","1","5","5","46","18","64","80"
"3017","11","2","13","2","3","209","9","F está mintiendo","F está mintiendo","1","2","5","5","46","18","64","80"
"3018","12","2","13","2","3","215","15","C está mintiendo","C está mintiendo","1","1","5","5","46","18","64","80"
"3019","13","2","13","2","3","215","15","C está mintiendo","C está mintiendo","1","1","5","5","46","18","64","80"
"3020","15","2","13","2","3","215","15","Es el juego: 5","Es el juego 5","1","1","5","5","46","18","64","80"
"3021","17","2","13","2","3","215","15","Es el juego: 5","Es el juego 5","1","1","5","5","46","18","64","80"
"3022","23","2","13","2","3","220","20","Por favor decidme la verdad","Por favor decidme la verdad","1","0","5","5","46","18","64","80"
"3023","23","2","13","2","3","209","9","Es el juego: 3","Es el juego 3","1","2","5","5","46","18","64","80"
"3024","25","2","13","2","3","209","9","Es el juego: 3","Es el juego 3","1","2","5","5","46","18","64","80"
"3025","26","2","13","2","3","215","15","Es el juego: 5","Es el juego 5","1","1","5","5","46","18","64","80"
"3026","27","2","13","2","3","209","9","Es el juego: 3","Es el juego 3","1","2","5","5","46","18","64","80"
"3027","28","2","13","2","3","215","15","C está mintiendo","C está mintiendo","1","1","5","5","46","18","64","80"
"3028","29","2","13","2","3","215","15","C está mintiendo","C está mintiendo","1","1","5","5","46","18","64","80"
"3029","31","2","13","2","3","209","9","F está mintiendo","F está mintiendo","1","2","5","5","46","18","64","80"
"3030","32","2","13","2","3","215","15","Es el juego: 5","Es el juego 5","1","1","5","5","46","18","64","80"
"3031","34","2","13","2","3","209","9","F está mintiendo","F está mintiendo","1","2","5","5","46","18","64","80"
"3032","34","2","13","2","3","215","15","C está mintiendo","C está mintiendo","1","1","5","5","46","18","64","80"
"3033","36","2","13","2","3","215","15","C está mintiendo","C está mintiendo","1","1","5","5","46","18","64","80"
"3034","36","2","13","2","3","209","9","F está mintiendo","F está mintiendo","1","2","5","5","46","18","64","80"
"3035","37","2","13","2","3","209","9","F está mintiendo","F está mintiendo","1","2","5","5","46","18","64","80"
"3036","37","2","13","2","3","215","15","C está mintiendo","C está mintiendo","1","1","5","5","46","18","64","80"
"3037","39","2","13","2","3","209","9","F está mintiendo","F está mintiendo","1","2","5","5","46","18","64","80"
"3038","39","2","13","2","3","215","15","C está mintiendo","C está mintiendo","1","1","5","5","46","18","64","80"
"3039","41","2","13","2","3","209","9","F está mintiendo","F está mintiendo","1","2","5","5","46","18","64","80"
"3040","44","2","13","2","3","215","15","Es el juego: 5","Es el juego 5","1","1","5","5","46","18","64","80"
"3041","3","2","13","3","2","222","22","¿En qué juego estamos?","¿En qué juego estamos?","1","0","2","2","33","47","80","72"
"3042","5","2","13","3","2","202","2","Es el juego: 2","Es el juego 2","1","2","2","2","33","47","80","72"
"3043","7","2","13","3","2","202","2","Estoy diciendo la verdad","Estoy diciendo la verdad.","1","2","2","2","33","47","80","72"
"3044","9","2","13","3","2","202","2","Es el juego: 2","Es el juego 2","1","2","2","2","33","47","80","72"
"3045","10","2","13","3","2","202","2","Es el juego: 2","Es el juego 2","1","2","2","2","33","47","80","72"
"3046","11","2","13","3","2","222","22","¿En qué juego estamos?","¿En qué juego estamos?","1","0","2","2","33","47","80","72"
"3047","12","2","13","3","2","202","2","Es el juego: 2","Es el juego 2","1","2","2","2","33","47","80","72"
"3048","15","2","13","3","2","222","22","¿En qué juego estamos?","¿En qué juego estamos?","1","0","2","2","33","47","80","72"
"3049","16","2","13","3","2","211","11","C está mintiendo","C está mintiendo","1","1","2","2","33","47","80","72"
"3050","19","2","13","3","2","202","2","Estoy diciendo la verdad","Estoy diciendo la verdad.","1","2","2","2","33","47","80","72"
"3051","20","2","13","3","2","222","22","¿En qué juego estamos?","¿En qué juego estamos?","1","0","2","2","33","47","80","72"
"3052","22","2","13","3","2","202","2","Estoy diciendo la verdad","Estoy diciendo la verdad.","1","2","2","2","33","47","80","72"
"3053","23","2","13","3","2","202","2","Estoy diciendo la verdad","Estoy diciendo la verdad.","1","2","2","2","33","47","80","72"
"3054","25","2","13","3","2","202","2","F está mintiendo","F está mintiendo","1","2","2","2","33","47","80","72"
"3055","26","2","13","3","2","202","2","Estoy diciendo la verdad","Estoy diciendo la verdad.","1","2","2","2","33","47","80","72"
"3056","27","2","13","3","2","211","11","C está diciendo la verdad","C está diciendo la verdad","1","1","2","2","33","47","80","72"
"3057","27","2","13","3","2","222","22","¿En qué juego estamos?","¿En qué juego estamos?","1","0","2","2","33","47","80","72"
"3058","28","2","13","3","2","202","2","Estoy diciendo la verdad","Estoy diciendo la verdad.","1","2","2","2","33","47","80","72"
"3059","29","2","13","3","2","211","11","C está diciendo la verdad","C está diciendo la verdad","1","1","2","2","33","47","80","72"
"3060","30","2","13","3","2","202","2","Estoy diciendo la verdad","Estoy diciendo la verdad.","1","2","2","2","33","47","80","72"
"3061","36","2","13","3","2","202","2","Es el juego: 2","Es el juego 2","1","2","2","2","33","47","80","72"
"3062","41","2","13","3","2","211","11","C está mintiendo","C está mintiendo","1","1","2","2","33","47","80","72"
"3063","44","2","13","3","2","202","2","Es el juego: 2","Es el juego 2","1","2","2","2","33","47","80","72"
"3064","4","2","13","4","1","218","18","Es el juego: 5","Es el juego 5","1","1","3","3","32","32","64","64"
"3065","5","2","13","4","1","201","1","Es el juego: 1","Es el juego 1","1","2","3","3","32","32","64","64"
"3066","7","2","13","4","1","218","18","Estoy diciendo la verdad","Estoy diciendo la verdad.","1","1","3","3","32","32","64","64"
"3067","9","2","13","4","1","201","1","F está mintiendo","F está mintiendo","1","2","3","3","32","32","64","64"
"3068","14","2","13","4","1","218","18","C está mintiendo","C está mintiendo","1","1","3","3","32","32","64","64"
"3069","16","2","13","4","1","201","1","Es el juego: 1","Es el juego 1","1","2","3","3","32","32","64","64"
"3070","19","2","13","4","1","201","1","Estoy diciendo la verdad","Estoy diciendo la verdad.","1","2","3","3","32","32","64","64"
"3071","20","2","13","4","1","218","18","C está mintiendo","C está mintiendo","1","1","3","3","32","32","64","64"
"3072","24","2","13","4","1","218","18","Es el juego: 5","Es el juego 5","1","1","3","3","32","32","64","64"
"3073","28","2","13","4","1","201","1","Es el juego: 1","Es el juego 1","1","2","3","3","32","32","64","64"
"3074","30","2","13","4","1","218","18","C está mintiendo","C está mintiendo","1","1","3","3","32","32","64","64"
"3075","33","2","13","4","1","201","1","Estoy diciendo la verdad","Estoy diciendo la verdad.","1","2","3","3","32","32","64","64"
"3076","34","2","13","4","1","201","1","Es el juego: 1","Es el juego 1","1","2","3","3","32","32","64","64"
"3077","35","2","13","4","1","218","18","Es el juego: 5","Es el juego 5","1","1","3","3","32","32","64","64"
"3078","37","2","13","4","1","201","1","F está mintiendo","F está mintiendo","1","2","3","3","32","32","64","64"
"3079","38","2","13","4","1","218","18","Es el juego: 5","Es el juego 5","1","1","3","3","32","32","64","64"
"3080","40","2","13","4","1","201","1","Es el juego: 1","Es el juego 1","1","2","3","3","32","32","64","64"
"3081","44","2","13","4","1","218","18","Estoy diciendo la verdad","Estoy diciendo la verdad.","1","1","3","3","32","32","64","64"
"3082","2","2","13","5","2","205","5","Es el juego: 2","Es el juego 2","1","2","2","2","33","47","80","72"
"3083","6","2","13","5","2","205","5","Estoy diciendo la verdad","Estoy diciendo la verdad.","1","2","2","2","33","47","80","72"
"3084","16","2","13","5","2","225","25","Por favor decidme la verdad","Por favor decidme la verdad","1","0","2","2","33","47","80","72"
"3085","18","2","13","5","2","205","5","Es el juego: 2","Es el juego 2","1","2","2","2","33","47","80","72"
"3086","24","2","13","5","2","205","5","Estoy diciendo la verdad","Estoy diciendo la verdad.","1","2","2","2","33","47","80","72"
"3087","29","2","13","5","2","225","25","Por favor decidme la verdad","Por favor decidme la verdad","1","0","2","2","33","47","80","72"
"3088","32","2","13","5","2","216","16","Es el juego: 2","Es el juego 2","1","1","2","2","33","47","80","72"
"3089","36","2","13","5","2","205","5","F está diciendo la verdad","F está diciendo la verdad","1","2","2","2","33","47","80","72"
"3090","38","2","13","5","2","205","5","Es el juego: 2","Es el juego 2","1","2","2","2","33","47","80","72"
"3091","5","2","13","6","4","212","12","Es el juego: 4","Es el juego 4","1","1","4","4","47","33","80","72"
"3092","7","2","13","6","4","212","12","Estoy diciendo la verdad","Estoy diciendo la verdad.","1","1","4","4","47","33","80","72"
"3093","14","2","13","6","4","207","7","Es el juego: 4","Es el juego 4","1","2","4","4","47","33","80","72"
"3094","15","2","13","6","4","207","7","Estoy diciendo la verdad","Estoy diciendo la verdad.","1","2","4","4","47","33","80","72"
"3095","15","2","13","6","4","212","12","C está diciendo la verdad","C está diciendo la verdad","1","1","4","4","47","33","80","72"
"3096","18","2","13","6","4","207","7","F está diciendo la verdad","F está diciendo la verdad","1","2","4","4","47","33","80","72"
"3097","40","2","13","6","4","227","27","Por favor decidme la verdad","Por favor decidme la verdad","1","0","4","4","47","33","80","72"
"3098","43","2","13","6","4","207","7","Estoy diciendo la verdad","Estoy diciendo la verdad.","1","2","4","4","47","33","80","72"
"3099","43","2","13","6","4","212","12","Es el juego: 4","Es el juego 4","1","1","4","4","47","33","80","72"
"3100","45","2","13","6","4","212","12","Estoy diciendo la verdad","Estoy diciendo la verdad.","1","1","4","4","47","33","80","72"
"3101","1","2","13","7","3","226","26","¿En qué juego estamos?","¿En qué juego estamos?","1","0","3","3","40","40","80","80"
"3102","3","2","13","7","3","226","26","Por favor decidme la verdad","Por favor decidme la verdad","1","0","3","3","40","40","80","80"
"3103","4","2","13","7","3","226","26","Por favor decidme la verdad","Por favor decidme la verdad","1","0","3","3","40","40","80","80"
"3104","5","2","13","7","3","226","26","Por favor decidme la verdad","Por favor decidme la verdad","1","0","3","3","40","40","80","80"
"3105","6","2","13","7","3","206","6","Es el juego: 3","Es el juego 3","1","2","3","3","40","40","80","80"
"3106","7","2","13","7","3","226","26","Por favor decidme la verdad","Por favor decidme la verdad","1","0","3","3","40","40","80","80"
"3107","9","2","13","7","3","226","26","Por favor decidme la verdad","Por favor decidme la verdad","1","0","3","3","40","40","80","80"
"3108","10","2","13","7","3","206","6","Estoy diciendo la verdad","Estoy diciendo la verdad.","1","2","3","3","40","40","80","80"
"3109","10","2","13","7","3","226","26","Por favor decidme la verdad","Por favor decidme la verdad","1","0","3","3","40","40","80","80"
"3110","12","2","13","7","3","226","26","Por favor decidme la verdad","Por favor decidme la verdad","1","0","3","3","40","40","80","80"
"3111","14","2","13","7","3","226","26","Por favor decidme la verdad","Por favor decidme la verdad","1","0","3","3","40","40","80","80"
"3112","16","2","13","7","3","206","6","Es el juego: 3","Es el juego 3","1","2","3","3","40","40","80","80"
"3113","21","2","13","7","3","214","14","Estoy diciendo la verdad","Estoy diciendo la verdad.","1","1","3","3","40","40","80","80"
"3114","22","2","13","7","3","214","14","C está diciendo la verdad","C está diciendo la verdad","1","1","3","3","40","40","80","80"
"3115","35","2","13","7","3","206","6","Es el juego: 3","Es el juego 3","1","2","3","3","40","40","80","80"
"3116","41","2","13","7","3","214","14","Es el juego: 3","Es el juego 3","1","1","3","3","40","40","80","80"
"3117","45","2","13","7","3","214","14","Es el juego: 3","Es el juego 3","1","1","3","3","40","40","80","80"
"3118","1","2","13","8","2","219","19","¿En qué juego estamos?","¿En qué juego estamos?","1","0","2","2","33","47","80","72"
"3119","3","2","13","8","2","219","19","Por favor decidme la verdad","Por favor decidme la verdad","1","0","2","2","33","47","80","72"
"3120","12","2","13","8","2","208","8","Es el juego: 2","Es el juego 2","1","2","2","2","33","47","80","72"
"3121","17","2","13","8","2","208","8","Estoy diciendo la verdad","Estoy diciendo la verdad.","1","2","2","2","33","47","80","72"
"3122","26","2","13","8","2","219","19","Por favor decidme la verdad","Por favor decidme la verdad","1","0","2","2","33","47","80","72"
"3123","28","2","13","8","2","219","19","¿En qué juego estamos?","¿En qué juego estamos?","1","0","2","2","33","47","80","72"
"3124","30","2","13","8","2","208","8","Estoy diciendo la verdad","Estoy diciendo la verdad.","1","2","2","2","33","47","80","72"
"3125","32","2","13","8","2","217","17","C está mintiendo","C está mintiendo","1","1","2","2","33","47","80","72"
"3126","32","2","13","8","2","208","8","Es el juego: 2","Es el juego 2","1","2","2","2","33","47","80","72"
"3127","40","2","13","8","2","217","17","Es el juego: 5","Es el juego 5","1","1","2","2","33","47","80","72"
"3128","42","2","13","8","2","208","8","F está mintiendo","F está mintiendo","1","2","2","2","33","47","80","72"
"3129","2","2","13","9","1","223","23","¿En qué juego estamos?","¿En qué juego estamos?","1","0","3","4","18","7","25","64"
"3130","4","2","13","9","1","223","23","Por favor decidme la verdad","Por favor decidme la verdad","1","0","3","4","18","7","25","64"
"3131","6","2","13","9","1","204","4","Es el juego: 1","Es el juego 1","1","2","3","4","18","7","25","64"
"3132","7","2","13","9","1","223","23","Por favor decidme la verdad","Por favor decidme la verdad","1","0","3","4","18","7","25","64"
"3133","8","2","13","9","1","204","4","Estoy diciendo la verdad","Estoy diciendo la verdad.","1","2","3","4","18","7","25","64"
"3134","9","2","13","9","1","210","10","C está diciendo la verdad","C está diciendo la verdad","1","1","3","4","18","7","25","64"
"3135","11","2","13","9","1","204","4","F está diciendo la verdad","F está diciendo la verdad","1","2","3","4","18","7","25","64"
"3136","14","2","13","9","1","210","10","Es el juego: 1","Es el juego 1","1","1","3","4","18","7","25","64"
"3137","17","2","13","9","1","204","4","F está diciendo la verdad","F está diciendo la verdad","1","2","3","4","18","7","25","64"
"5433","1","3","13","1","1","321","21","¿En qué juego estamos?","¿En qué juego estamos?","1","0","3","3","32","32","64","64"
"5434","3","3","13","1","1","321","21","Por favor decidme la verdad","Por favor decidme la verdad","1","0","3","3","32","32","64","64"
"5435","11","3","13","1","1","302","2","Es el juego: 1","Es el juego 1","1","2","3","3","32","32","64","64"
"5436","12","3","13","1","1","302","2","Estoy diciendo la verdad","Estoy diciendo la verdad.","1","2","3","3","32","32","64","64"
"5437","16","3","13","1","1","318","18","Es el juego: 1","Es el juego 1","1","1","3","3","32","32","64","64"
"5438","16","3","13","1","1","302","2","Estoy diciendo la verdad","Estoy diciendo la verdad.","1","2","3","3","32","32","64","64"
"5439","23","3","13","1","1","302","2","F está diciendo la verdad","F está diciendo la verdad","1","2","3","3","32","32","64","64"
"5440","23","3","13","1","1","318","18","C está diciendo la verdad","C está diciendo la verdad","1","1","3","3","32","32","64","64"
"5441","1","3","13","2","3","327","27","¿En qué juego estamos?","¿En qué juego estamos?","1","0","3","3","40","40","80","80"
"5442","3","3","13","2","3","327","27","Por favor decidme la verdad","Por favor decidme la verdad","1","0","3","3","40","40","80","80"
"5443","4","3","13","2","3","310","10","Es el juego: 3","Es el juego 3","1","1","3","3","40","40","80","80"
"5444","8","3","13","2","3","327","27","Por favor decidme la verdad","Por favor decidme la verdad","1","0","3","3","40","40","80","80"
"5445","16","3","13","2","3","310","10","Estoy diciendo la verdad","Estoy diciendo la verdad.","1","1","3","3","40","40","80","80"
"5446","19","3","13","2","3","327","27","Por favor decidme la verdad","Por favor decidme la verdad","1","0","3","3","40","40","80","80"
"5447","31","3","13","2","3","301","1","F está diciendo la verdad","F está diciendo la verdad","1","2","3","3","40","40","80","80"
"5448","31","3","13","2","3","327","27","Por favor decidme la verdad","Por favor decidme la verdad","1","0","3","3","40","40","80","80"
"5449","1","3","13","3","2","319","19","¿En qué juego estamos?","¿En qué juego estamos?","1","0","3","3","36","36","72","72"
"5450","3","3","13","3","2","319","19","Por favor decidme la verdad","Por favor decidme la verdad","1","0","3","3","36","36","72","72"
"5451","6","3","13","3","2","307","7","Es el juego: 2","Es el juego 2","1","2","3","3","36","36","72","72"
"5452","8","3","13","3","2","312","12","Es el juego: 5","Es el juego 5","1","1","3","3","36","36","72","72"
"5453","10","3","13","3","2","312","12","Es el juego: 5","Es el juego 5","1","1","3","3","36","36","72","72"
"5454","10","3","13","3","2","307","7","Estoy diciendo la verdad","Estoy diciendo la verdad.","1","2","3","3","36","36","72","72"
"5455","12","3","13","3","2","307","7","Estoy diciendo la verdad","Estoy diciendo la verdad.","1","2","3","3","36","36","72","72"
"5456","12","3","13","3","2","312","12","Es el juego: 5","Es el juego 5","1","1","3","3","36","36","72","72"
"5457","13","3","13","3","2","307","7","F está mintiendo","F está mintiendo","1","2","3","3","36","36","72","72"
"5458","14","3","13","3","2","312","12","Es el juego: 5","Es el juego 5","1","1","3","3","36","36","72","72"
"5459","15","3","13","3","2","307","7","Es el juego: 2","Es el juego 2","1","2","3","3","36","36","72","72"
"5460","16","3","13","3","2","312","12","Es el juego: 5","Es el juego 5","1","1","3","3","36","36","72","72"
"5461","17","3","13","3","2","307","7","F está mintiendo","F está mintiendo","1","2","3","3","36","36","72","72"
"5462","18","3","13","3","2","307","7","Es el juego: 2","Es el juego 2","1","2","3","3","36","36","72","72"
"5463","20","3","13","3","2","307","7","Estoy diciendo la verdad","Estoy diciendo la verdad.","1","2","3","3","36","36","72","72"
"5464","20","3","13","3","2","312","12","Estoy diciendo la verdad","Estoy diciendo la verdad.","1","1","3","3","36","36","72","72"
"5465","21","3","13","3","2","312","12","Es el juego: 5","Es el juego 5","1","1","3","3","36","36","72","72"
"5466","22","3","13","3","2","307","7","Es el juego: 2","Es el juego 2","1","2","3","3","36","36","72","72"
"5467","23","3","13","3","2","312","12","Es el juego: 5","Es el juego 5","1","1","3","3","36","36","72","72"
"5468","24","3","13","3","2","307","7","Estoy diciendo la verdad","Estoy diciendo la verdad.","1","2","3","3","36","36","72","72"
"5469","24","3","13","3","2","312","12","Es el juego: 5","Es el juego 5","1","1","3","3","36","36","72","72"
"5470","25","3","13","3","2","307","7","Es el juego: 2","Es el juego 2","1","2","3","3","36","36","72","72"
"5471","26","3","13","3","2","312","12","Es el juego: 5","Es el juego 5","1","1","3","3","36","36","72","72"
"5472","27","3","13","3","2","312","12","Es el juego: 5","Es el juego 5","1","1","3","3","36","36","72","72"
"5473","27","3","13","3","2","307","7","F está mintiendo","F está mintiendo","1","2","3","3","36","36","72","72"
"5474","28","3","13","3","2","312","12","Es el juego: 5","Es el juego 5","1","1","3","3","36","36","72","72"
"5475","29","3","13","3","2","307","7","Es el juego: 2","Es el juego 2","1","2","3","3","36","36","72","72"
"5476","30","3","13","3","2","312","12","Es el juego: 5","Es el juego 5","1","1","3","3","36","36","72","72"
"5477","31","3","13","3","2","307","7","Es el juego: 2","Es el juego 2","1","2","3","3","36","36","72","72"
"5478","31","3","13","3","2","312","12","Es el juego: 5","Es el juego 5","1","1","3","3","36","36","72","72"
"5479","32","3","13","3","2","319","19","Por favor decidme la verdad","Por favor decidme la verdad","1","0","3","3","36","36","72","72"
"5480","32","3","13","3","2","307","7","Es el juego: 2","Es el juego 2","1","2","3","3","36","36","72","72"
"5481","33","3","13","3","2","312","12","Es el juego: 5","Es el juego 5","1","1","3","3","36","36","72","72"
"5482","34","3","13","3","2","307","7","Es el juego: 2","Es el juego 2","1","2","3","3","36","36","72","72"
"5483","34","3","13","3","2","312","12","Es el juego: 5","Es el juego 5","1","1","3","3","36","36","72","72"
"5484","35","3","13","3","2","307","7","Estoy diciendo la verdad","Estoy diciendo la verdad.","1","2","3","3","36","36","72","72"
"5485","36","3","13","3","2","312","12","Es el juego: 5","Es el juego 5","1","1","3","3","36","36","72","72"
"5486","37","3","13","3","2","307","7","Es el juego: 2","Es el juego 2","1","2","3","3","36","36","72","72"
"5487","39","3","13","3","2","312","12","Es el juego: 5","Es el juego 5","1","1","3","3","36","36","72","72"
"5488","39","3","13","3","2","307","7","F está mintiendo","F está mintiendo","1","2","3","3","36","36","72","72"
"5489","41","3","13","3","2","312","12","Estoy diciendo la verdad","Estoy diciendo la verdad.","1","1","3","3","36","36","72","72"
"5490","41","3","13","3","2","307","7","Es el juego: 2","Es el juego 2","1","2","3","3","36","36","72","72"
"5491","43","3","13","3","2","312","12","Es el juego: 5","Es el juego 5","1","1","3","3","36","36","72","72"
"5492","43","3","13","3","2","307","7","Es el juego: 2","Es el juego 2","1","2","3","3","36","36","72","72"
"5493","44","3","13","3","2","312","12","Es el juego: 5","Es el juego 5","1","1","3","3","36","36","72","72"
"5494","46","3","13","3","2","312","12","Es el juego: 5","Es el juego 5","1","1","3","3","36","36","72","72"
"5495","3","3","13","4","1","325","25","¿En qué juego estamos?","¿En qué juego estamos?","1","0","1","1","26","54","80","64"
"5496","5","3","13","4","1","325","25","Por favor decidme la verdad","Por favor decidme la verdad","1","0","1","1","26","54","80","64"
"5497","5","3","13","4","1","306","6","Es el juego: 1","Es el juego 1","1","2","1","1","26","54","80","64"
"5498","6","3","13","4","1","314","14","Es el juego: 1","Es el juego 1","1","1","1","1","26","54","80","64"
"5499","8","3","13","4","1","314","14","C está diciendo la verdad","C está diciendo la verdad","1","1","1","1","26","54","80","64"
"5500","9","3","13","4","1","306","6","F está diciendo la verdad","F está diciendo la verdad","1","2","1","1","26","54","80","64"
"5501","10","3","13","4","1","314","14","Estoy diciendo la verdad","Estoy diciendo la verdad.","1","1","1","1","26","54","80","64"
"5502","13","3","13","4","1","325","25","Por favor decidme la verdad","Por favor decidme la verdad","1","0","1","1","26","54","80","64"
"5503","15","3","13","4","1","314","14","Es el juego: 1","Es el juego 1","1","1","1","1","26","54","80","64"
"5504","16","3","13","4","1","306","6","Es el juego: 1","Es el juego 1","1","2","1","1","26","54","80","64"
"5505","18","3","13","4","1","325","25","Por favor decidme la verdad","Por favor decidme la verdad","1","0","1","1","26","54","80","64"
"5506","19","3","13","4","1","325","25","Por favor decidme la verdad","Por favor decidme la verdad","1","0","1","1","26","54","80","64"
"5507","20","3","13","4","1","306","6","Es el juego: 1","Es el juego 1","1","2","1","1","26","54","80","64"
"5508","21","3","13","4","1","325","25","Por favor decidme la verdad","Por favor decidme la verdad","1","0","1","1","26","54","80","64"
"5509","22","3","13","4","1","306","6","Es el juego: 1","Es el juego 1","1","2","1","1","26","54","80","64"
"5510","22","3","13","4","1","325","25","Por favor decidme la verdad","Por favor decidme la verdad","1","0","1","1","26","54","80","64"
"5511","23","3","13","4","1","306","6","Es el juego: 1","Es el juego 1","1","2","1","1","26","54","80","64"
"5512","27","3","13","4","1","325","25","Por favor decidme la verdad","Por favor decidme la verdad","1","0","1","1","26","54","80","64"
"5513","28","3","13","4","1","306","6","Es el juego: 1","Es el juego 1","1","2","1","1","26","54","80","64"
"5514","30","3","13","4","1","325","25","Por favor decidme la verdad","Por favor decidme la verdad","1","0","1","1","26","54","80","64"
"5515","31","3","13","4","1","306","6","Es el juego: 1","Es el juego 1","1","2","1","1","26","54","80","64"
"5516","31","3","13","4","1","314","14","Es el juego: 1","Es el juego 1","1","1","1","1","26","54","80","64"
"5517","39","3","13","4","1","314","14","Es el juego: 1","Es el juego 1","1","1","1","1","26","54","80","64"
"5518","3","3","13","5","2","315","15","Es el juego: 2","Es el juego 2","1","1","2","2","33","47","80","72"
"5519","6","3","13","5","2","315","15","Estoy diciendo la verdad","Estoy diciendo la verdad.","1","1","2","2","33","47","80","72"
"5520","7","3","13","5","2","304","4","Es el juego: 2","Es el juego 2","1","2","2","2","33","47","80","72"
"5521","2","3","13","6","4","326","26","¿En qué juego estamos?","¿En qué juego estamos?","1","0","4","4","47","33","80","72"
"5522","9","3","13","6","4","317","17","Es el juego: 4","Es el juego 4","1","1","4","4","47","33","80","72"
"5523","12","3","13","6","4","326","26","Por favor decidme la verdad","Por favor decidme la verdad","1","0","4","4","47","33","80","72"
"5524","18","3","13","6","4","317","17","Estoy diciendo la verdad","Estoy diciendo la verdad.","1","1","4","4","47","33","80","72"
"5525","28","3","13","6","4","326","26","¿En qué juego estamos?","¿En qué juego estamos?","1","0","4","4","47","33","80","72"
"5526","2","3","13","7","3","322","22","¿En qué juego estamos?","¿En qué juego estamos?","1","0","4","4","43","29","72","80"
"5527","3","3","13","7","3","322","22","¿En qué juego estamos?","¿En qué juego estamos?","1","0","4","4","43","29","72","80"
"5528","23","3","13","7","3","311","11","Es el juego: 4","Es el juego 4","1","1","4","4","43","29","72","80"
"5529","38","3","13","7","3","309","9","Es el juego: 1","Es el juego 1","1","2","4","4","43","29","72","80"
"5530","38","3","13","7","3","311","11","C está mintiendo","C está mintiendo","1","1","4","4","43","29","72","80"
"5531","39","3","13","7","3","309","9","F está mintiendo","F está mintiendo","1","2","4","4","43","29","72","80"
"5532","41","3","13","7","3","311","11","C está mintiendo","C está mintiendo","1","1","4","4","43","29","72","80"
"5533","41","3","13","7","3","309","9","Es el juego: 1","Es el juego 1","1","2","4","4","43","29","72","80"
"5534","42","3","13","7","3","311","11","C está mintiendo","C está mintiendo","1","1","4","4","43","29","72","80"
"5535","43","3","13","7","3","309","9","Es el juego: 1","Es el juego 1","1","2","4","4","43","29","72","80"
"5536","44","3","13","7","3","311","11","C está mintiendo","C está mintiendo","1","1","4","4","43","29","72","80"
"5537","44","3","13","7","3","309","9","Es el juego: 1","Es el juego 1","1","2","4","4","43","29","72","80"
"5538","45","3","13","7","3","311","11","C está mintiendo","C está mintiendo","1","1","4","4","43","29","72","80"
"5539","46","3","13","7","3","309","9","Estoy diciendo la verdad","Estoy diciendo la verdad.","1","2","4","4","43","29","72","80"
"5540","4","3","13","8","2","320","20","¿En qué juego estamos?","¿En qué juego estamos?","1","0","3","3","36","36","72","72"
"5541","7","3","13","8","2","305","5","Es el juego: 2","Es el juego 2","1","2","3","3","36","36","72","72"
"5542","8","3","13","8","2","320","20","Por favor decidme la verdad","Por favor decidme la verdad","1","0","3","3","36","36","72","72"
"5543","10","3","13","8","2","305","5","Estoy diciendo la verdad","Estoy diciendo la verdad.","1","2","3","3","36","36","72","72"
"5544","11","3","13","8","2","305","5","Es el juego: 2","Es el juego 2","1","2","3","3","36","36","72","72"
"5545","13","3","13","8","2","305","5","Estoy diciendo la verdad","Estoy diciendo la verdad.","1","2","3","3","36","36","72","72"
"5546","35","3","13","8","2","313","13","Es el juego: 3","Es el juego 3","1","1","3","3","36","36","72","72"
"5547","36","3","13","8","2","305","5","Es el juego: 2","Es el juego 2","1","2","3","3","36","36","72","72"
"5548","38","3","13","8","2","313","13","Es el juego: 3","Es el juego 3","1","1","3","3","36","36","72","72"
"5549","39","3","13","8","2","313","13","Es el juego: 3","Es el juego 3","1","1","3","3","36","36","72","72"
"5550","41","3","13","8","2","313","13","C está mintiendo","C está mintiendo","1","1","3","3","36","36","72","72"
"5551","43","3","13","8","2","313","13","C está mintiendo","C está mintiendo","1","1","3","3","36","36","72","72"
"5552","45","3","13","8","2","313","13","C está mintiendo","C está mintiendo","1","1","3","3","36","36","72","72"
"5553","45","3","13","8","2","305","5","Es el juego: 2","Es el juego 2","1","2","3","3","36","36","72","72"
"5554","4","3","13","9","1","324","24","¿En qué juego estamos?","¿En qué juego estamos?","1","0","3","3","32","32","64","64"
"5555","5","3","13","9","1","316","16","Es el juego: 5","Es el juego 5","1","1","3","3","32","32","64","64"
"5556","6","3","13","9","1","303","3","Es el juego: 1","Es el juego 1","1","2","3","3","32","32","64","64"
"5557","9","3","13","9","1","303","3","Estoy diciendo la verdad","Estoy diciendo la verdad.","1","2","3","3","32","32","64","64"
"5558","11","3","13","9","1","303","3","Estoy diciendo la verdad","Estoy diciendo la verdad.","1","2","3","3","32","32","64","64"
"5559","11","3","13","9","1","316","16","Es el juego: 5","Es el juego 5","1","1","3","3","32","32","64","64"
"5560","17","3","13","9","1","316","16","C está mintiendo","C está mintiendo","1","1","3","3","32","32","64","64"
"5561","46","3","13","9","1","316","16","Estoy diciendo la verdad","Estoy diciendo la verdad.","1","1","3","3","32","32","64","64"
"-999","0","3","14","8","3","320","20","","-999","1","0","3","3","40","40","80","80"
"-999","0","3","14","6","5","308","8","","-999","1","2","5","5","54","26","80","64"
"-999","0","2","14","6","5","227","27","","-999","1","0","4","4","43","29","72","64"
"-999","0","1","14","5","3","113","13","","-999","1","1","3","3","40","40","80","80"
"-999","0","1","14","4","2","115","15","","-999","1","1","2","2","33","47","80","72"
"-999","0","1","14","1","5","103","3","","-999","1","2","5","5","54","26","80","64"
"-999","0","1","14","1","5","117","17","","-999","1","1","5","5","54","26","80","64"
"1148","2","1","14","1","5","124","24","¿En qué juego estamos?","¿En qué juego estamos?","1","0","5","5","54","26","80","64"
"1149","10","1","14","1","5","124","24","Por favor decidme la verdad","Por favor decidme la verdad","1","0","5","5","54","26","80","64"
"1150","27","1","14","1","5","124","24","¿En qué juego estamos?","¿En qué juego estamos?","1","0","5","5","54","26","80","64"
"1151","29","1","14","1","5","124","24","¿En qué juego estamos?","¿En qué juego estamos?","1","0","5","5","54","26","80","64"
"1152","42","1","14","1","5","124","24","¿En qué juego estamos?","¿En qué juego estamos?","1","0","5","5","54","26","80","64"
"1153","2","1","14","2","2","123","23","¿En qué juego estamos?","¿En qué juego estamos?","1","0","5","5","42","14","56","72"
"1154","4","1","14","2","2","123","23","Por favor decidme la verdad","Por favor decidme la verdad","1","0","5","5","42","14","56","72"
"1155","11","1","14","2","2","116","16","Es el juego: 5","Es el juego 5","1","1","5","5","42","14","56","72"
"1156","13","1","14","2","2","102","2","Es el juego: 2","Es el juego 2","1","2","5","5","42","14","56","72"
"1157","15","1","14","2","2","123","23","Por favor decidme la verdad","Por favor decidme la verdad","1","0","5","5","42","14","56","72"
"1158","16","1","14","2","2","102","2","Estoy diciendo la verdad","Estoy diciendo la verdad.","1","2","5","5","42","14","56","72"
"1159","21","1","14","2","2","116","16","C está mintiendo","C está mintiendo","1","1","5","5","42","14","56","72"
"1160","25","1","14","2","2","102","2","F está mintiendo","F está mintiendo","1","2","5","5","42","14","56","72"
"1161","26","1","14","2","2","123","23","Por favor decidme la verdad","Por favor decidme la verdad","1","0","5","5","42","14","56","72"
"1162","27","1","14","2","2","102","2","Es el juego: 2","Es el juego 2","1","2","5","5","42","14","56","72"
"1163","32","1","14","2","2","116","16","Es el juego: 5","Es el juego 5","1","1","5","5","42","14","56","72"
"1164","33","1","14","2","2","102","2","F está mintiendo","F está mintiendo","1","2","5","5","42","14","56","72"
"1165","35","1","14","2","2","102","2","Es el juego: 2","Es el juego 2","1","2","5","5","42","14","56","72"
"1166","5","1","14","3","2","121","21","¿En qué juego estamos?","¿En qué juego estamos?","1","0","2","2","33","47","80","72"
"1167","9","1","14","3","2","114","14","Es el juego: 5","Es el juego 5","1","1","2","2","33","47","80","72"
"1168","12","1","14","3","2","107","7","Es el juego: 2","Es el juego 2","1","2","2","2","33","47","80","72"
"1169","13","1","14","3","2","114","14","Estoy diciendo la verdad","Estoy diciendo la verdad.","1","1","2","2","33","47","80","72"
"1170","17","1","14","3","2","107","7","F está diciendo la verdad","F está diciendo la verdad","1","2","2","2","33","47","80","72"
"1171","19","1","14","3","2","107","7","F está mintiendo","F está mintiendo","1","2","2","2","33","47","80","72"
"1172","21","1","14","3","2","107","7","Estoy diciendo la verdad","Estoy diciendo la verdad.","1","2","2","2","33","47","80","72"
"1173","21","1","14","3","2","114","14","Estoy diciendo la verdad","Estoy diciendo la verdad.","1","1","2","2","33","47","80","72"
"1174","22","1","14","3","2","107","7","Es el juego: 2","Es el juego 2","1","2","2","2","33","47","80","72"
"1175","22","1","14","3","2","114","14","Es el juego: 5","Es el juego 5","1","1","2","2","33","47","80","72"
"1176","24","1","14","3","2","107","7","Es el juego: 2","Es el juego 2","1","2","2","2","33","47","80","72"
"1177","26","1","14","3","2","107","7","Es el juego: 2","Es el juego 2","1","2","2","2","33","47","80","72"
"1178","27","1","14","3","2","114","14","Es el juego: 5","Es el juego 5","1","1","2","2","33","47","80","72"
"1179","28","1","14","3","2","107","7","Es el juego: 2","Es el juego 2","1","2","2","2","33","47","80","72"
"1180","32","1","14","3","2","107","7","F está mintiendo","F está mintiendo","1","2","2","2","33","47","80","72"
"1181","34","1","14","3","2","107","7","Estoy diciendo la verdad","Estoy diciendo la verdad.","1","2","2","2","33","47","80","72"
"1182","37","1","14","3","2","107","7","Estoy diciendo la verdad","Estoy diciendo la verdad.","1","2","2","2","33","47","80","72"
"1183","39","1","14","3","2","107","7","Estoy diciendo la verdad","Estoy diciendo la verdad.","1","2","2","2","33","47","80","72"
"1184","41","1","14","3","2","107","7","Estoy diciendo la verdad","Estoy diciendo la verdad.","1","2","2","2","33","47","80","72"
"1185","44","1","14","3","2","107","7","Estoy diciendo la verdad","Estoy diciendo la verdad.","1","2","2","2","33","47","80","72"
"1186","46","1","14","3","2","107","7","Es el juego: 2","Es el juego 2","1","2","2","2","33","47","80","72"
"1187","2","1","14","4","2","120","20","¿En qué juego estamos?","¿En qué juego estamos?","1","0","2","2","33","47","80","72"
"1188","4","1","14","4","2","101","1","Es el juego: 2","Es el juego 2","1","2","2","2","33","47","80","72"
"1189","14","1","14","4","2","120","20","Por favor decidme la verdad","Por favor decidme la verdad","1","0","2","2","33","47","80","72"
"1190","16","1","14","4","2","101","1","Estoy diciendo la verdad","Estoy diciendo la verdad.","1","2","2","2","33","47","80","72"
"1191","3","1","14","5","3","126","26","Por favor decidme la verdad","Por favor decidme la verdad","1","0","3","3","40","40","80","80"
"1192","4","1","14","5","3","126","26","¿En qué juego estamos?","¿En qué juego estamos?","1","0","3","3","40","40","80","80"
"1193","8","1","14","5","3","106","6","Es el juego: 3","Es el juego 3","1","2","3","3","40","40","80","80"
"1194","3","1","14","6","5","125","25","¿En qué juego estamos?","¿En qué juego estamos?","1","0","5","5","54","26","80","64"
"1195","7","1","14","6","5","111","11","Es el juego: 5","Es el juego 5","1","1","5","5","54","26","80","64"
"1196","20","1","14","6","5","125","25","Por favor decidme la verdad","Por favor decidme la verdad","1","0","5","5","54","26","80","64"
"1197","22","1","14","6","5","111","11","Es el juego: 5","Es el juego 5","1","1","5","5","54","26","80","64"
"1198","24","1","14","6","5","111","11","Estoy diciendo la verdad","Estoy diciendo la verdad.","1","1","5","5","54","26","80","64"
"1199","30","1","14","6","5","108","8","Es el juego: 3","Es el juego 3","1","2","5","5","54","26","80","64"
"1200","31","1","14","6","5","108","8","F está mintiendo","F está mintiendo","1","2","5","5","54","26","80","64"
"1201","32","1","14","6","5","111","11","Estoy diciendo la verdad","Estoy diciendo la verdad.","1","1","5","5","54","26","80","64"
"1202","32","1","14","6","5","108","8","Estoy diciendo la verdad","Estoy diciendo la verdad.","1","2","5","5","54","26","80","64"
"1203","33","1","14","6","5","111","11","Estoy diciendo la verdad","Estoy diciendo la verdad.","1","1","5","5","54","26","80","64"
"1204","34","1","14","6","5","108","8","Estoy diciendo la verdad","Estoy diciendo la verdad.","1","2","5","5","54","26","80","64"
"1205","34","1","14","6","5","111","11","Estoy diciendo la verdad","Estoy diciendo la verdad.","1","1","5","5","54","26","80","64"
"1206","35","1","14","6","5","108","8","Estoy diciendo la verdad","Estoy diciendo la verdad.","1","2","5","5","54","26","80","64"
"1207","36","1","14","6","5","111","11","Estoy diciendo la verdad","Estoy diciendo la verdad.","1","1","5","5","54","26","80","64"
"1208","37","1","14","6","5","108","8","Es el juego: 3","Es el juego 3","1","2","5","5","54","26","80","64"
"1209","37","1","14","6","5","111","11","Estoy diciendo la verdad","Estoy diciendo la verdad.","1","1","5","5","54","26","80","64"
"1210","38","1","14","6","5","108","8","Es el juego: 3","Es el juego 3","1","2","5","5","54","26","80","64"
"1211","39","1","14","6","5","111","11","Es el juego: 5","Es el juego 5","1","1","5","5","54","26","80","64"
"1212","40","1","14","6","5","111","11","Estoy diciendo la verdad","Estoy diciendo la verdad.","1","1","5","5","54","26","80","64"
"1213","42","1","14","6","5","111","11","Es el juego: 5","Es el juego 5","1","1","5","5","54","26","80","64"
"1214","43","1","14","6","5","111","11","Estoy diciendo la verdad","Estoy diciendo la verdad.","1","1","5","5","54","26","80","64"
"1215","45","1","14","6","5","111","11","Estoy diciendo la verdad","Estoy diciendo la verdad.","1","1","5","5","54","26","80","64"
"1216","46","1","14","6","5","111","11","Estoy diciendo la verdad","Estoy diciendo la verdad.","1","1","5","5","54","26","80","64"
"1217","3","1","14","7","5","119","19","¿En qué juego estamos?","¿En qué juego estamos?","1","0","5","5","54","26","80","64"
"1218","4","1","14","7","5","118","18","Es el juego: 5","Es el juego 5","1","1","5","5","54","26","80","64"
"1219","12","1","14","7","5","104","4","F está mintiendo","F está mintiendo","1","2","5","5","54","26","80","64"
"1220","14","1","14","7","5","118","18","Estoy diciendo la verdad","Estoy diciendo la verdad.","1","1","5","5","54","26","80","64"
"1221","15","1","14","7","5","104","4","Es el juego: 1","Es el juego 1","1","2","5","5","54","26","80","64"
"1222","18","1","14","7","5","118","18","C está mintiendo","C está mintiendo","1","1","5","5","54","26","80","64"
"1223","18","1","14","7","5","104","4","Estoy diciendo la verdad","Estoy diciendo la verdad.","1","2","5","5","54","26","80","64"
"1224","21","1","14","7","5","119","19","Por favor decidme la verdad","Por favor decidme la verdad","1","0","5","5","54","26","80","64"
"1225","22","1","14","7","5","104","4","F está mintiendo","F está mintiendo","1","2","5","5","54","26","80","64"
"1226","22","1","14","7","5","118","18","Es el juego: 5","Es el juego 5","1","1","5","5","54","26","80","64"
"1227","25","1","14","7","5","118","18","Es el juego: 5","Es el juego 5","1","1","5","5","54","26","80","64"
"1228","25","1","14","7","5","104","4","Es el juego: 1","Es el juego 1","1","2","5","5","54","26","80","64"
"1229","28","1","14","7","5","118","18","Estoy diciendo la verdad","Estoy diciendo la verdad.","1","1","5","5","54","26","80","64"
"1230","30","1","14","7","5","104","4","F está mintiendo","F está mintiendo","1","2","5","5","54","26","80","64"
"1231","31","1","14","7","5","118","18","C está mintiendo","C está mintiendo","1","1","5","5","54","26","80","64"
"1232","33","1","14","7","5","118","18","Es el juego: 5","Es el juego 5","1","1","5","5","54","26","80","64"
"1233","33","1","14","7","5","104","4","Es el juego: 1","Es el juego 1","1","2","5","5","54","26","80","64"
"1234","37","1","14","7","5","104","4","Estoy diciendo la verdad","Estoy diciendo la verdad.","1","2","5","5","54","26","80","64"
"1235","37","1","14","7","5","118","18","Estoy diciendo la verdad","Estoy diciendo la verdad.","1","1","5","5","54","26","80","64"
"1236","39","1","14","7","5","118","18","Es el juego: 5","Es el juego 5","1","1","5","5","54","26","80","64"
"1237","41","1","14","7","5","104","4","F está mintiendo","F está mintiendo","1","2","5","5","54","26","80","64"
"1238","43","1","14","7","5","104","4","Es el juego: 1","Es el juego 1","1","2","5","5","54","26","80","64"
"1239","46","1","14","7","5","118","18","Es el juego: 5","Es el juego 5","1","1","5","5","54","26","80","64"
"1240","2","1","14","8","3","122","22","¿En qué juego estamos?","¿En qué juego estamos?","1","0","2","2","29","43","72","80"
"1241","3","1","14","8","3","122","22","¿En qué juego estamos?","¿En qué juego estamos?","1","0","2","2","29","43","72","80"
"1242","4","1","14","8","3","110","10","Es el juego: 3","Es el juego 3","1","1","2","2","29","43","72","80"
"1243","5","1","14","8","3","122","22","¿En qué juego estamos?","¿En qué juego estamos?","1","0","2","2","29","43","72","80"
"1244","5","1","14","8","3","110","10","Estoy diciendo la verdad","Estoy diciendo la verdad.","1","1","2","2","29","43","72","80"
"1245","7","1","14","8","3","122","22","Por favor decidme la verdad","Por favor decidme la verdad","1","0","2","2","29","43","72","80"
"1246","8","1","14","8","3","105","5","Es el juego: 3","Es el juego 3","1","2","2","2","29","43","72","80"
"1247","8","1","14","8","3","122","22","Por favor decidme la verdad","Por favor decidme la verdad","1","0","2","2","29","43","72","80"
"1248","11","1","14","8","3","105","5","F está diciendo la verdad","F está diciendo la verdad","1","2","2","2","29","43","72","80"
"1249","12","1","14","8","3","105","5","Estoy diciendo la verdad","Estoy diciendo la verdad.","1","2","2","2","29","43","72","80"
"1250","13","1","14","8","3","110","10","C está diciendo la verdad","C está diciendo la verdad","1","1","2","2","29","43","72","80"
"1251","14","1","14","8","3","110","10","Estoy diciendo la verdad","Estoy diciendo la verdad.","1","1","2","2","29","43","72","80"
"1252","15","1","14","8","3","110","10","C está diciendo la verdad","C está diciendo la verdad","1","1","2","2","29","43","72","80"
"1253","17","1","14","8","3","110","10","Estoy diciendo la verdad","Estoy diciendo la verdad.","1","1","2","2","29","43","72","80"
"1254","19","1","14","8","3","110","10","C está diciendo la verdad","C está diciendo la verdad","1","1","2","2","29","43","72","80"
"1255","19","1","14","8","3","105","5","F está diciendo la verdad","F está diciendo la verdad","1","2","2","2","29","43","72","80"
"1256","20","1","14","8","3","110","10","Estoy diciendo la verdad","Estoy diciendo la verdad.","1","1","2","2","29","43","72","80"
"1257","20","1","14","8","3","105","5","Estoy diciendo la verdad","Estoy diciendo la verdad.","1","2","2","2","29","43","72","80"
"1258","22","1","14","8","3","110","10","C está diciendo la verdad","C está diciendo la verdad","1","1","2","2","29","43","72","80"
"1259","32","1","14","8","3","110","10","C está diciendo la verdad","C está diciendo la verdad","1","1","2","2","29","43","72","80"
"1260","36","1","14","8","3","110","10","Estoy diciendo la verdad","Estoy diciendo la verdad.","1","1","2","2","29","43","72","80"
"1261","2","1","14","9","5","127","27","¿En qué juego estamos?","¿En qué juego estamos?","1","0","3","3","32","32","64","64"
"1262","3","1","14","9","5","127","27","¿En qué juego estamos?","¿En qué juego estamos?","1","0","3","3","32","32","64","64"
"1263","5","1","14","9","5","109","9","Es el juego: 5","Es el juego 5","1","2","3","3","32","32","64","64"
"1264","6","1","14","9","5","127","27","Por favor decidme la verdad","Por favor decidme la verdad","1","0","3","3","32","32","64","64"
"1265","8","1","14","9","5","112","12","C está diciendo la verdad","C está diciendo la verdad","1","1","3","3","32","32","64","64"
"1266","13","1","14","9","5","112","12","Es el juego: 5","Es el juego 5","1","1","3","3","32","32","64","64"
"1267","29","1","14","9","5","109","9","F está diciendo la verdad","F está diciendo la verdad","1","2","3","3","32","32","64","64"
"1268","32","1","14","9","5","109","9","Es el juego: 5","Es el juego 5","1","2","3","3","32","32","64","64"
"3138","3","2","14","1","5","221","21","¿En qué juego estamos?","¿En qué juego estamos?","1","0","1","1","10","38","48","64"
"3139","6","2","14","1","5","213","13","Es el juego: 5","Es el juego 5","1","1","1","1","10","38","48","64"
"3140","8","2","14","1","5","203","3","F está diciendo la verdad","F está diciendo la verdad","1","2","1","1","10","38","48","64"
"3141","2","2","14","2","2","220","20","¿En qué juego estamos?","¿En qué juego estamos?","1","0","4","4","39","25","64","72"
"3142","4","2","14","2","2","215","15","Es el juego: 4","Es el juego 4","1","1","4","4","39","25","64","72"
"3143","5","2","14","2","2","220","20","Por favor decidme la verdad","Por favor decidme la verdad","1","0","4","4","39","25","64","72"
"3144","7","2","14","2","2","215","15","Estoy diciendo la verdad","Estoy diciendo la verdad.","1","1","4","4","39","25","64","72"
"3145","24","2","14","2","2","220","20","Por favor decidme la verdad","Por favor decidme la verdad","1","0","4","4","39","25","64","72"
"3146","44","2","14","2","2","209","9","Es el juego: 2","Es el juego 2","1","2","4","4","39","25","64","72"
"3147","46","2","14","2","2","209","9","Es el juego: 2","Es el juego 2","1","2","4","4","39","25","64","72"
"3148","2","2","14","3","2","222","22","¿En qué juego estamos?","¿En qué juego estamos?","1","0","2","2","33","47","80","72"
"3149","4","2","14","3","2","202","2","Es el juego: 2","Es el juego 2","1","2","2","2","33","47","80","72"
"3150","6","2","14","3","2","202","2","Es el juego: 2","Es el juego 2","1","2","2","2","33","47","80","72"
"3151","6","2","14","3","2","211","11","Es el juego: 5","Es el juego 5","1","1","2","2","33","47","80","72"
"3152","7","2","14","3","2","202","2","Es el juego: 2","Es el juego 2","1","2","2","2","33","47","80","72"
"3153","8","2","14","3","2","211","11","Es el juego: 5","Es el juego 5","1","1","2","2","33","47","80","72"
"3154","9","2","14","3","2","202","2","Es el juego: 2","Es el juego 2","1","2","2","2","33","47","80","72"
"3155","9","2","14","3","2","211","11","Es el juego: 5","Es el juego 5","1","1","2","2","33","47","80","72"
"3156","10","2","14","3","2","211","11","Es el juego: 5","Es el juego 5","1","1","2","2","33","47","80","72"
"3157","11","2","14","3","2","202","2","Estoy diciendo la verdad","Estoy diciendo la verdad.","1","2","2","2","33","47","80","72"
"3158","12","2","14","3","2","211","11","Es el juego: 5","Es el juego 5","1","1","2","2","33","47","80","72"
"3159","13","2","14","3","2","222","22","Por favor decidme la verdad","Por favor decidme la verdad","1","0","2","2","33","47","80","72"
"3160","13","2","14","3","2","202","2","F está mintiendo","F está mintiendo","1","2","2","2","33","47","80","72"
"3161","14","2","14","3","2","211","11","C está mintiendo","C está mintiendo","1","1","2","2","33","47","80","72"
"3162","14","2","14","3","2","202","2","F está mintiendo","F está mintiendo","1","2","2","2","33","47","80","72"
"3163","15","2","14","3","2","211","11","Es el juego: 5","Es el juego 5","1","1","2","2","33","47","80","72"
"3164","16","2","14","3","2","202","2","F está mintiendo","F está mintiendo","1","2","2","2","33","47","80","72"
"3165","17","2","14","3","2","211","11","C está mintiendo","C está mintiendo","1","1","2","2","33","47","80","72"
"3166","17","2","14","3","2","202","2","Es el juego: 2","Es el juego 2","1","2","2","2","33","47","80","72"
"3167","18","2","14","3","2","211","11","Estoy diciendo la verdad","Estoy diciendo la verdad.","1","1","2","2","33","47","80","72"
"3168","19","2","14","3","2","202","2","Es el juego: 2","Es el juego 2","1","2","2","2","33","47","80","72"
"3169","20","2","14","3","2","211","11","Es el juego: 5","Es el juego 5","1","1","2","2","33","47","80","72"
"3170","20","2","14","3","2","202","2","Es el juego: 2","Es el juego 2","1","2","2","2","33","47","80","72"
"3171","21","2","14","3","2","211","11","Es el juego: 5","Es el juego 5","1","1","2","2","33","47","80","72"
"3172","22","2","14","3","2","202","2","Es el juego: 2","Es el juego 2","1","2","2","2","33","47","80","72"
"3173","22","2","14","3","2","211","11","Es el juego: 5","Es el juego 5","1","1","2","2","33","47","80","72"
"3174","23","2","14","3","2","202","2","Es el juego: 2","Es el juego 2","1","2","2","2","33","47","80","72"
"3175","24","2","14","3","2","211","11","Es el juego: 5","Es el juego 5","1","1","2","2","33","47","80","72"
"3176","25","2","14","3","2","202","2","Estoy diciendo la verdad","Estoy diciendo la verdad.","1","2","2","2","33","47","80","72"
"3177","25","2","14","3","2","211","11","C está mintiendo","C está mintiendo","1","1","2","2","33","47","80","72"
"3178","27","2","14","3","2","202","2","Estoy diciendo la verdad","Estoy diciendo la verdad.","1","2","2","2","33","47","80","72"
"3179","27","2","14","3","2","211","11","Es el juego: 5","Es el juego 5","1","1","2","2","33","47","80","72"
"3180","29","2","14","3","2","211","11","Estoy diciendo la verdad","Estoy diciendo la verdad.","1","1","2","2","33","47","80","72"
"3181","30","2","14","3","2","202","2","Estoy diciendo la verdad","Estoy diciendo la verdad.","1","2","2","2","33","47","80","72"
"3182","31","2","14","3","2","211","11","Es el juego: 5","Es el juego 5","1","1","2","2","33","47","80","72"
"3183","32","2","14","3","2","202","2","Es el juego: 2","Es el juego 2","1","2","2","2","33","47","80","72"
"3184","33","2","14","3","2","211","11","Es el juego: 5","Es el juego 5","1","1","2","2","33","47","80","72"
"3185","34","2","14","3","2","202","2","Es el juego: 2","Es el juego 2","1","2","2","2","33","47","80","72"
"3186","35","2","14","3","2","211","11","C está mintiendo","C está mintiendo","1","1","2","2","33","47","80","72"
"3187","35","2","14","3","2","202","2","Es el juego: 2","Es el juego 2","1","2","2","2","33","47","80","72"
"3188","37","2","14","3","2","202","2","Es el juego: 2","Es el juego 2","1","2","2","2","33","47","80","72"
"3189","37","2","14","3","2","211","11","Estoy diciendo la verdad","Estoy diciendo la verdad.","1","1","2","2","33","47","80","72"
"3190","38","2","14","3","2","202","2","Es el juego: 2","Es el juego 2","1","2","2","2","33","47","80","72"
"3191","39","2","14","3","2","211","11","Es el juego: 5","Es el juego 5","1","1","2","2","33","47","80","72"
"3192","40","2","14","3","2","202","2","Es el juego: 2","Es el juego 2","1","2","2","2","33","47","80","72"
"3193","41","2","14","3","2","202","2","Es el juego: 2","Es el juego 2","1","2","2","2","33","47","80","72"
"3194","41","2","14","3","2","211","11","Es el juego: 5","Es el juego 5","1","1","2","2","33","47","80","72"
"3195","42","2","14","3","2","202","2","Es el juego: 2","Es el juego 2","1","2","2","2","33","47","80","72"
"3196","43","2","14","3","2","211","11","Es el juego: 5","Es el juego 5","1","1","2","2","33","47","80","72"
"3197","44","2","14","3","2","202","2","Es el juego: 2","Es el juego 2","1","2","2","2","33","47","80","72"
"3198","44","2","14","3","2","211","11","Es el juego: 5","Es el juego 5","1","1","2","2","33","47","80","72"
"3199","45","2","14","3","2","202","2","F está mintiendo","F está mintiendo","1","2","2","2","33","47","80","72"
"3200","4","2","14","4","2","201","1","Es el juego: 2","Es el juego 2","1","2","1","1","22","50","72","72"
"3201","5","2","14","4","2","224","24","¿En qué juego estamos?","¿En qué juego estamos?","1","0","1","1","22","50","72","72"
"3202","5","2","14","4","2","218","18","Es el juego: 4","Es el juego 4","1","1","1","1","22","50","72","72"
"3203","9","2","14","4","2","201","1","F está mintiendo","F está mintiendo","1","2","1","1","22","50","72","72"
"3204","18","2","14","4","2","201","1","Es el juego: 2","Es el juego 2","1","2","1","1","22","50","72","72"
"3205","20","2","14","4","2","201","1","Estoy diciendo la verdad","Estoy diciendo la verdad.","1","2","1","1","22","50","72","72"
"3206","22","2","14","4","2","218","18","C está mintiendo","C está mintiendo","1","1","1","1","22","50","72","72"
"3207","34","2","14","4","2","201","1","Estoy diciendo la verdad","Estoy diciendo la verdad.","1","2","1","1","22","50","72","72"
"3208","45","2","14","4","2","218","18","Es el juego: 4","Es el juego 4","1","1","1","1","22","50","72","72"
"3209","3","2","14","5","3","225","25","¿En qué juego estamos?","¿En qué juego estamos?","1","0","3","3","40","40","80","80"
"3210","5","2","14","5","3","205","5","Es el juego: 1","Es el juego 1","1","2","3","3","40","40","80","80"
"3211","9","2","14","5","3","205","5","Estoy diciendo la verdad","Estoy diciendo la verdad.","1","2","3","3","40","40","80","80"
"3212","11","2","14","5","3","225","25","Por favor decidme la verdad","Por favor decidme la verdad","1","0","3","3","40","40","80","80"
"3213","14","2","14","5","3","205","5","Es el juego: 1","Es el juego 1","1","2","3","3","40","40","80","80"
"3214","16","2","14","5","3","205","5","Estoy diciendo la verdad","Estoy diciendo la verdad.","1","2","3","3","40","40","80","80"
"3215","24","2","14","5","3","225","25","Por favor decidme la verdad","Por favor decidme la verdad","1","0","3","3","40","40","80","80"
"3216","31","2","14","5","3","225","25","Por favor decidme la verdad","Por favor decidme la verdad","1","0","3","3","40","40","80","80"
"3217","32","2","14","5","3","216","16","C está mintiendo","C está mintiendo","1","1","3","3","40","40","80","80"
"3218","32","2","14","5","3","205","5","Es el juego: 1","Es el juego 1","1","2","3","3","40","40","80","80"
"3219","34","2","14","5","3","205","5","Estoy diciendo la verdad","Estoy diciendo la verdad.","1","2","3","3","40","40","80","80"
"3220","36","2","14","5","3","225","25","Por favor decidme la verdad","Por favor decidme la verdad","1","0","3","3","40","40","80","80"
"3221","38","2","14","5","3","216","16","Es el juego: 3","Es el juego 3","1","1","3","3","40","40","80","80"
"3222","40","2","14","5","3","205","5","Es el juego: 1","Es el juego 1","1","2","3","3","40","40","80","80"
"3223","41","2","14","5","3","205","5","F está mintiendo","F está mintiendo","1","2","3","3","40","40","80","80"
"3224","41","2","14","5","3","216","16","Es el juego: 3","Es el juego 3","1","1","3","3","40","40","80","80"
"3225","43","2","14","5","3","205","5","F está mintiendo","F está mintiendo","1","2","3","3","40","40","80","80"
"3226","43","2","14","5","3","216","16","Es el juego: 3","Es el juego 3","1","1","3","3","40","40","80","80"
"3227","44","2","14","5","3","205","5","F está mintiendo","F está mintiendo","1","2","3","3","40","40","80","80"
"3228","45","2","14","5","3","205","5","F está mintiendo","F está mintiendo","1","2","3","3","40","40","80","80"
"3229","45","2","14","5","3","216","16","Es el juego: 3","Es el juego 3","1","1","3","3","40","40","80","80"
"3230","3","2","14","6","5","212","12","Es el juego: 5","Es el juego 5","1","1","4","4","43","29","72","64"
"3231","5","2","14","6","5","212","12","Estoy diciendo la verdad","Estoy diciendo la verdad.","1","1","4","4","43","29","72","64"
"3232","16","2","14","6","5","207","7","F está diciendo la verdad","F está diciendo la verdad","1","2","4","4","43","29","72","64"
"3233","18","2","14","6","5","212","12","C está diciendo la verdad","C está diciendo la verdad","1","1","4","4","43","29","72","64"
"3234","31","2","14","6","5","207","7","Es el juego: 5","Es el juego 5","1","2","4","4","43","29","72","64"
"3235","2","2","14","7","5","226","26","¿En qué juego estamos?","¿En qué juego estamos?","1","0","3","3","32","32","64","64"
"3236","3","2","14","7","5","226","26","Por favor decidme la verdad","Por favor decidme la verdad","1","0","3","3","32","32","64","64"
"3237","4","2","14","7","5","214","14","Es el juego: 5","Es el juego 5","1","1","3","3","32","32","64","64"
"3238","4","2","14","7","5","206","6","Es el juego: 1","Es el juego 1","1","2","3","3","32","32","64","64"
"3239","5","2","14","7","5","226","26","Por favor decidme la verdad","Por favor decidme la verdad","1","0","3","3","32","32","64","64"
"3240","5","2","14","7","5","214","14","Es el juego: 5","Es el juego 5","1","1","3","3","32","32","64","64"
"3241","6","2","14","7","5","206","6","Estoy diciendo la verdad","Estoy diciendo la verdad.","1","2","3","3","32","32","64","64"
"3242","7","2","14","7","5","214","14","Es el juego: 5","Es el juego 5","1","1","3","3","32","32","64","64"
"3243","7","2","14","7","5","206","6","Es el juego: 1","Es el juego 1","1","2","3","3","32","32","64","64"
"3244","8","2","14","7","5","214","14","Es el juego: 5","Es el juego 5","1","1","3","3","32","32","64","64"
"3245","10","2","14","7","5","214","14","Es el juego: 5","Es el juego 5","1","1","3","3","32","32","64","64"
"3246","10","2","14","7","5","206","6","F está mintiendo","F está mintiendo","1","2","3","3","32","32","64","64"
"3247","12","2","14","7","5","206","6","Es el juego: 1","Es el juego 1","1","2","3","3","32","32","64","64"
"3248","14","2","14","7","5","206","6","Estoy diciendo la verdad","Estoy diciendo la verdad.","1","2","3","3","32","32","64","64"
"3249","26","2","14","7","5","214","14","Es el juego: 5","Es el juego 5","1","1","3","3","32","32","64","64"
"3250","28","2","14","7","5","206","6","Es el juego: 1","Es el juego 1","1","2","3","3","32","32","64","64"
"3251","29","2","14","7","5","214","14","Estoy diciendo la verdad","Estoy diciendo la verdad.","1","1","3","3","32","32","64","64"
"3252","31","2","14","7","5","206","6","Es el juego: 1","Es el juego 1","1","2","3","3","32","32","64","64"
"3253","32","2","14","7","5","214","14","C está mintiendo","C está mintiendo","1","1","3","3","32","32","64","64"
"3254","33","2","14","7","5","206","6","Estoy diciendo la verdad","Estoy diciendo la verdad.","1","2","3","3","32","32","64","64"
"3255","35","2","14","7","5","206","6","F está mintiendo","F está mintiendo","1","2","3","3","32","32","64","64"
"3256","36","2","14","7","5","214","14","C está mintiendo","C está mintiendo","1","1","3","3","32","32","64","64"
"3257","36","2","14","7","5","206","6","Es el juego: 1","Es el juego 1","1","2","3","3","32","32","64","64"
"3258","38","2","14","7","5","214","14","C está mintiendo","C está mintiendo","1","1","3","3","32","32","64","64"
"3259","39","2","14","7","5","214","14","C está mintiendo","C está mintiendo","1","1","3","3","32","32","64","64"
"3260","41","2","14","7","5","214","14","C está mintiendo","C está mintiendo","1","1","3","3","32","32","64","64"
"3261","42","2","14","7","5","214","14","C está mintiendo","C está mintiendo","1","1","3","3","32","32","64","64"
"3262","44","2","14","7","5","214","14","C está mintiendo","C está mintiendo","1","1","3","3","32","32","64","64"
"3263","45","2","14","7","5","206","6","Es el juego: 1","Es el juego 1","1","2","3","3","32","32","64","64"
"3264","46","2","14","7","5","214","14","C está mintiendo","C está mintiendo","1","1","3","3","32","32","64","64"
"3265","1","2","14","8","3","219","19","¿En qué juego estamos?","¿En qué juego estamos?","1","0","1","1","18","46","64","80"
"3266","4","2","14","8","3","219","19","Por favor decidme la verdad","Por favor decidme la verdad","1","0","1","1","18","46","64","80"
"3267","7","2","14","8","3","208","8","Es el juego: 1","Es el juego 1","1","2","1","1","18","46","64","80"
"3268","8","2","14","8","3","217","17","Es el juego: 3","Es el juego 3","1","1","1","1","18","46","64","80"
"3269","16","2","14","8","3","208","8","F está mintiendo","F está mintiendo","1","2","1","1","18","46","64","80"
"3270","23","2","14","8","3","217","17","Estoy diciendo la verdad","Estoy diciendo la verdad.","1","1","1","1","18","46","64","80"
"3271","25","2","14","8","3","217","17","Es el juego: 3","Es el juego 3","1","1","1","1","18","46","64","80"
"3272","29","2","14","8","3","217","17","Estoy diciendo la verdad","Estoy diciendo la verdad.","1","1","1","1","18","46","64","80"
"3273","35","2","14","8","3","208","8","Es el juego: 1","Es el juego 1","1","2","1","1","18","46","64","80"
"3274","43","2","14","8","3","219","19","Por favor decidme la verdad","Por favor decidme la verdad","1","0","1","1","18","46","64","80"
"3275","3","2","14","9","5","223","23","¿En qué juego estamos?","¿En qué juego estamos?","1","0","2","2","21","35","56","64"
"3276","4","2","14","9","5","223","23","Por favor decidme la verdad","Por favor decidme la verdad","1","0","2","2","21","35","56","64"
"3277","5","2","14","9","5","210","10","Es el juego: 5","Es el juego 5","1","1","2","2","21","35","56","64"
"3278","7","2","14","9","5","204","4","Es el juego: 5","Es el juego 5","1","2","2","2","21","35","56","64"
"3279","7","2","14","9","5","223","23","Por favor decidme la verdad","Por favor decidme la verdad","1","0","2","2","21","35","56","64"
"3280","9","2","14","9","5","204","4","Estoy diciendo la verdad","Estoy diciendo la verdad.","1","2","2","2","21","35","56","64"
"3281","11","2","14","9","5","204","4","F está diciendo la verdad","F está diciendo la verdad","1","2","2","2","21","35","56","64"
"3282","11","2","14","9","5","210","10","C está diciendo la verdad","C está diciendo la verdad","1","1","2","2","21","35","56","64"
"3283","13","2","14","9","5","210","10","Estoy diciendo la verdad","Estoy diciendo la verdad.","1","1","2","2","21","35","56","64"
"5562","1","3","14","1","5","321","21","¿En qué juego estamos?","¿En qué juego estamos?","1","0","3","3","32","32","64","64"
"5563","3","3","14","1","5","321","21","Por favor decidme la verdad","Por favor decidme la verdad","1","0","3","3","32","32","64","64"
"5564","18","3","14","1","5","318","18","Es el juego: 5","Es el juego 5","1","1","3","3","32","32","64","64"
"5565","18","3","14","1","5","321","21","¿En qué juego estamos?","¿En qué juego estamos?","1","0","3","3","32","32","64","64"
"5566","20","3","14","1","5","321","21","Por favor decidme la verdad","Por favor decidme la verdad","1","0","3","3","32","32","64","64"
"5567","22","3","14","1","5","318","18","Estoy diciendo la verdad","Estoy diciendo la verdad.","1","1","3","3","32","32","64","64"
"5568","24","3","14","1","5","302","2","Es el juego: 3","Es el juego 3","1","2","3","3","32","32","64","64"
"5569","28","3","14","1","5","318","18","C está mintiendo","C está mintiendo","1","1","3","3","32","32","64","64"
"5570","28","3","14","1","5","302","2","F está mintiendo","F está mintiendo","1","2","3","3","32","32","64","64"
"5571","30","3","14","1","5","318","18","Es el juego: 5","Es el juego 5","1","1","3","3","32","32","64","64"
"5572","31","3","14","1","5","302","2","Es el juego: 3","Es el juego 3","1","2","3","3","32","32","64","64"
"5573","32","3","14","1","5","318","18","Estoy diciendo la verdad","Estoy diciendo la verdad.","1","1","3","3","32","32","64","64"
"5574","33","3","14","1","5","302","2","Estoy diciendo la verdad","Estoy diciendo la verdad.","1","2","3","3","32","32","64","64"
"5575","34","3","14","1","5","318","18","Estoy diciendo la verdad","Estoy diciendo la verdad.","1","1","3","3","32","32","64","64"
"5576","35","3","14","1","5","318","18","Estoy diciendo la verdad","Estoy diciendo la verdad.","1","1","3","3","32","32","64","64"
"5577","38","3","14","1","5","321","21","Por favor decidme la verdad","Por favor decidme la verdad","1","0","3","3","32","32","64","64"
"5578","39","3","14","1","5","321","21","Por favor decidme la verdad","Por favor decidme la verdad","1","0","3","3","32","32","64","64"
"5579","40","3","14","1","5","318","18","Es el juego: 5","Es el juego 5","1","1","3","3","32","32","64","64"
"5580","40","3","14","1","5","321","21","Por favor decidme la verdad","Por favor decidme la verdad","1","0","3","3","32","32","64","64"
"5581","42","3","14","1","5","321","21","Por favor decidme la verdad","Por favor decidme la verdad","1","0","3","3","32","32","64","64"
"5582","43","3","14","1","5","321","21","Por favor decidme la verdad","Por favor decidme la verdad","1","0","3","3","32","32","64","64"
"5583","44","3","14","1","5","302","2","Es el juego: 4","Es el juego 4","1","2","3","3","32","32","64","64"
"5584","44","3","14","1","5","321","21","Por favor decidme la verdad","Por favor decidme la verdad","1","0","3","3","32","32","64","64"
"5585","45","3","14","1","5","318","18","Es el juego: 5","Es el juego 5","1","1","3","3","32","32","64","64"
"5586","46","3","14","1","5","321","21","Por favor decidme la verdad","Por favor decidme la verdad","1","0","3","3","32","32","64","64"
"5587","1","3","14","2","2","327","27","¿En qué juego estamos?","¿En qué juego estamos?","1","0","2","2","33","47","80","72"
"5588","5","3","14","2","2","310","10","Es el juego: 2","Es el juego 2","1","1","2","2","33","47","80","72"
"5589","5","3","14","2","2","327","27","Por favor decidme la verdad","Por favor decidme la verdad","1","0","2","2","33","47","80","72"
"5590","14","3","14","2","2","327","27","Por favor decidme la verdad","Por favor decidme la verdad","1","0","2","2","33","47","80","72"
"5591","23","3","14","2","2","301","1","F está diciendo la verdad","F está diciendo la verdad","1","2","2","2","33","47","80","72"
"5592","39","3","14","2","2","310","10","Estoy diciendo la verdad","Estoy diciendo la verdad.","1","1","2","2","33","47","80","72"
"5593","1","3","14","3","2","319","19","¿En qué juego estamos?","¿En qué juego estamos?","1","0","3","3","36","36","72","72"
"5594","3","3","14","3","2","319","19","Por favor decidme la verdad","Por favor decidme la verdad","1","0","3","3","36","36","72","72"
"5595","3","3","14","3","2","312","12","Es el juego: 3","Es el juego 3","1","1","3","3","36","36","72","72"
"5596","5","3","14","3","2","312","12","Es el juego: 3","Es el juego 3","1","1","3","3","36","36","72","72"
"5597","7","3","14","3","2","319","19","Por favor decidme la verdad","Por favor decidme la verdad","1","0","3","3","36","36","72","72"
"5598","7","3","14","3","2","312","12","Es el juego: 3","Es el juego 3","1","1","3","3","36","36","72","72"
"5599","9","3","14","3","2","312","12","Estoy diciendo la verdad","Estoy diciendo la verdad.","1","1","3","3","36","36","72","72"
"5600","10","3","14","3","2","307","7","Es el juego: 1","Es el juego 1","1","2","3","3","36","36","72","72"
"5601","11","3","14","3","2","312","12","Es el juego: 3","Es el juego 3","1","1","3","3","36","36","72","72"
"5602","12","3","14","3","2","307","7","Estoy diciendo la verdad","Estoy diciendo la verdad.","1","2","3","3","36","36","72","72"
"5603","13","3","14","3","2","312","12","C está mintiendo","C está mintiendo","1","1","3","3","36","36","72","72"
"5604","15","3","14","3","2","307","7","F está mintiendo","F está mintiendo","1","2","3","3","36","36","72","72"
"5605","15","3","14","3","2","312","12","C está mintiendo","C está mintiendo","1","1","3","3","36","36","72","72"
"5606","16","3","14","3","2","307","7","F está mintiendo","F está mintiendo","1","2","3","3","36","36","72","72"
"5607","17","3","14","3","2","312","12","Es el juego: 3","Es el juego 3","1","1","3","3","36","36","72","72"
"5608","18","3","14","3","2","307","7","Es el juego: 1","Es el juego 1","1","2","3","3","36","36","72","72"
"5609","19","3","14","3","2","312","12","Es el juego: 3","Es el juego 3","1","1","3","3","36","36","72","72"
"5610","19","3","14","3","2","307","7","Estoy diciendo la verdad","Estoy diciendo la verdad.","1","2","3","3","36","36","72","72"
"5611","21","3","14","3","2","307","7","F está mintiendo","F está mintiendo","1","2","3","3","36","36","72","72"
"5612","22","3","14","3","2","307","7","Es el juego: 1","Es el juego 1","1","2","3","3","36","36","72","72"
"5613","23","3","14","3","2","312","12","Es el juego: 3","Es el juego 3","1","1","3","3","36","36","72","72"
"5614","24","3","14","3","2","307","7","Estoy diciendo la verdad","Estoy diciendo la verdad.","1","2","3","3","36","36","72","72"
"5615","26","3","14","3","2","307","7","F está mintiendo","F está mintiendo","1","2","3","3","36","36","72","72"
"5616","27","3","14","3","2","312","12","C está mintiendo","C está mintiendo","1","1","3","3","36","36","72","72"
"5617","28","3","14","3","2","307","7","Es el juego: 1","Es el juego 1","1","2","3","3","36","36","72","72"
"5618","29","3","14","3","2","312","12","Es el juego: 3","Es el juego 3","1","1","3","3","36","36","72","72"
"5619","30","3","14","3","2","307","7","Es el juego: 1","Es el juego 1","1","2","3","3","36","36","72","72"
"5620","31","3","14","3","2","307","7","Es el juego: 1","Es el juego 1","1","2","3","3","36","36","72","72"
"5621","31","3","14","3","2","312","12","Es el juego: 3","Es el juego 3","1","1","3","3","36","36","72","72"
"5622","33","3","14","3","2","307","7","Es el juego: 1","Es el juego 1","1","2","3","3","36","36","72","72"
"5623","35","3","14","3","2","307","7","Estoy diciendo la verdad","Estoy diciendo la verdad.","1","2","3","3","36","36","72","72"
"5624","36","3","14","3","2","312","12","Es el juego: 3","Es el juego 3","1","1","3","3","36","36","72","72"
"5625","36","3","14","3","2","307","7","F está mintiendo","F está mintiendo","1","2","3","3","36","36","72","72"
"5626","37","3","14","3","2","312","12","Es el juego: 3","Es el juego 3","1","1","3","3","36","36","72","72"
"5627","38","3","14","3","2","307","7","Es el juego: 1","Es el juego 1","1","2","3","3","36","36","72","72"
"5628","39","3","14","3","2","312","12","Es el juego: 3","Es el juego 3","1","1","3","3","36","36","72","72"
"5629","39","3","14","3","2","307","7","Es el juego: 1","Es el juego 1","1","2","3","3","36","36","72","72"
"5630","40","3","14","3","2","312","12","Es el juego: 3","Es el juego 3","1","1","3","3","36","36","72","72"
"5631","41","3","14","3","2","312","12","Es el juego: 3","Es el juego 3","1","1","3","3","36","36","72","72"
"5632","42","3","14","3","2","307","7","Estoy diciendo la verdad","Estoy diciendo la verdad.","1","2","3","3","36","36","72","72"
"5633","43","3","14","3","2","312","12","Es el juego: 3","Es el juego 3","1","1","3","3","36","36","72","72"
"5634","44","3","14","3","2","307","7","F está mintiendo","F está mintiendo","1","2","3","3","36","36","72","72"
"5635","44","3","14","3","2","312","12","Es el juego: 3","Es el juego 3","1","1","3","3","36","36","72","72"
"5636","45","3","14","3","2","312","12","Es el juego: 3","Es el juego 3","1","1","3","3","36","36","72","72"
"5637","2","3","14","4","2","325","25","¿En qué juego estamos?","¿En qué juego estamos?","1","0","2","2","33","47","80","72"
"5638","2","3","14","4","2","306","6","Es el juego: 2","Es el juego 2","1","2","2","2","33","47","80","72"
"5639","3","3","14","4","2","314","14","Es el juego: 2","Es el juego 2","1","1","2","2","33","47","80","72"
"5640","4","3","14","4","2","325","25","Por favor decidme la verdad","Por favor decidme la verdad","1","0","2","2","33","47","80","72"
"5641","6","3","14","4","2","306","6","F está diciendo la verdad","F está diciendo la verdad","1","2","2","2","33","47","80","72"
"5642","11","3","14","4","2","314","14","C está diciendo la verdad","C está diciendo la verdad","1","1","2","2","33","47","80","72"
"5643","13","3","14","4","2","314","14","Es el juego: 2","Es el juego 2","1","1","2","2","33","47","80","72"
"5644","13","3","14","4","2","325","25","Por favor decidme la verdad","Por favor decidme la verdad","1","0","2","2","33","47","80","72"
"5645","15","3","14","4","2","306","6","Es el juego: 2","Es el juego 2","1","2","2","2","33","47","80","72"
"5646","16","3","14","4","2","314","14","Es el juego: 2","Es el juego 2","1","1","2","2","33","47","80","72"
"5647","41","3","14","4","2","325","25","Por favor decidme la verdad","Por favor decidme la verdad","1","0","2","2","33","47","80","72"
"5648","3","3","14","5","3","315","15","Es el juego: 3","Es el juego 3","1","1","3","3","40","40","80","80"
"5649","3","3","14","5","3","323","23","¿En qué juego estamos?","¿En qué juego estamos?","1","0","3","3","40","40","80","80"
"5650","6","3","14","5","3","315","15","Estoy diciendo la verdad","Estoy diciendo la verdad.","1","1","3","3","40","40","80","80"
"5651","8","3","14","5","3","315","15","Es el juego: 3","Es el juego 3","1","1","3","3","40","40","80","80"
"5652","9","3","14","5","3","323","23","¿En qué juego estamos?","¿En qué juego estamos?","1","0","3","3","40","40","80","80"
"5653","12","3","14","5","3","315","15","Es el juego: 3","Es el juego 3","1","1","3","3","40","40","80","80"
"5654","12","3","14","5","3","304","4","Es el juego: 3","Es el juego 3","1","2","3","3","40","40","80","80"
"5655","25","3","14","5","3","315","15","Es el juego: 3","Es el juego 3","1","1","3","3","40","40","80","80"
"5656","2","3","14","6","5","326","26","¿En qué juego estamos?","¿En qué juego estamos?","1","0","5","5","54","26","80","64"
"5657","11","3","14","6","5","317","17","Es el juego: 5","Es el juego 5","1","1","5","5","54","26","80","64"
"5658","13","3","14","6","5","326","26","Por favor decidme la verdad","Por favor decidme la verdad","1","0","5","5","54","26","80","64"
"5659","34","3","14","6","5","326","26","¿En qué juego estamos?","¿En qué juego estamos?","1","0","5","5","54","26","80","64"
"5660","2","3","14","7","5","322","22","¿En qué juego estamos?","¿En qué juego estamos?","1","0","2","2","21","35","56","64"
"5661","3","3","14","7","5","322","22","¿En qué juego estamos?","¿En qué juego estamos?","1","0","2","2","21","35","56","64"
"5662","8","3","14","7","5","309","9","Es el juego: 2","Es el juego 2","1","2","2","2","21","35","56","64"
"5663","9","3","14","7","5","311","11","Es el juego: 5","Es el juego 5","1","1","2","2","21","35","56","64"
"5664","11","3","14","7","5","309","9","F está mintiendo","F está mintiendo","1","2","2","2","21","35","56","64"
"5665","11","3","14","7","5","311","11","C está mintiendo","C está mintiendo","1","1","2","2","21","35","56","64"
"5666","13","3","14","7","5","311","11","C está mintiendo","C está mintiendo","1","1","2","2","21","35","56","64"
"5667","13","3","14","7","5","309","9","Es el juego: 2","Es el juego 2","1","2","2","2","21","35","56","64"
"5668","14","3","14","7","5","311","11","C está mintiendo","C está mintiendo","1","1","2","2","21","35","56","64"
"5669","16","3","14","7","5","311","11","C está mintiendo","C está mintiendo","1","1","2","2","21","35","56","64"
"5670","16","3","14","7","5","309","9","Es el juego: 2","Es el juego 2","1","2","2","2","21","35","56","64"
"5671","17","3","14","7","5","311","11","Es el juego: 5","Es el juego 5","1","1","2","2","21","35","56","64"
"5672","18","3","14","7","5","309","9","Estoy diciendo la verdad","Estoy diciendo la verdad.","1","2","2","2","21","35","56","64"
"5673","19","3","14","7","5","311","11","Es el juego: 5","Es el juego 5","1","1","2","2","21","35","56","64"
"5674","19","3","14","7","5","309","9","Es el juego: 2","Es el juego 2","1","2","2","2","21","35","56","64"
"5675","20","3","14","7","5","311","11","Estoy diciendo la verdad","Estoy diciendo la verdad.","1","1","2","2","21","35","56","64"
"5676","21","3","14","7","5","309","9","Es el juego: 2","Es el juego 2","1","2","2","2","21","35","56","64"
"5677","21","3","14","7","5","311","11","Es el juego: 5","Es el juego 5","1","1","2","2","21","35","56","64"
"5678","23","3","14","7","5","309","9","Es el juego: 2","Es el juego 2","1","2","2","2","21","35","56","64"
"5679","23","3","14","7","5","311","11","Estoy diciendo la verdad","Estoy diciendo la verdad.","1","1","2","2","21","35","56","64"
"5680","24","3","14","7","5","309","9","Es el juego: 2","Es el juego 2","1","2","2","2","21","35","56","64"
"5681","24","3","14","7","5","311","11","Es el juego: 5","Es el juego 5","1","1","2","2","21","35","56","64"
"5682","26","3","14","7","5","309","9","Es el juego: 2","Es el juego 2","1","2","2","2","21","35","56","64"
"5683","27","3","14","7","5","309","9","Es el juego: 2","Es el juego 2","1","2","2","2","21","35","56","64"
"5684","29","3","14","7","5","309","9","Es el juego: 2","Es el juego 2","1","2","2","2","21","35","56","64"
"5685","30","3","14","7","5","309","9","Es el juego: 2","Es el juego 2","1","2","2","2","21","35","56","64"
"5686","32","3","14","7","5","309","9","Es el juego: 2","Es el juego 2","1","2","2","2","21","35","56","64"
"5687","33","3","14","7","5","309","9","Es el juego: 2","Es el juego 2","1","2","2","2","21","35","56","64"
"5688","35","3","14","7","5","309","9","Es el juego: 2","Es el juego 2","1","2","2","2","21","35","56","64"
"5689","40","3","14","7","5","311","11","C está mintiendo","C está mintiendo","1","1","2","2","21","35","56","64"
"5690","42","3","14","7","5","309","9","Es el juego: 2","Es el juego 2","1","2","2","2","21","35","56","64"
"5691","43","3","14","7","5","311","11","Es el juego: 5","Es el juego 5","1","1","2","2","21","35","56","64"
"5692","44","3","14","7","5","311","11","Es el juego: 5","Es el juego 5","1","1","2","2","21","35","56","64"
"5693","6","3","14","8","3","313","13","Es el juego: 3","Es el juego 3","1","1","3","3","40","40","80","80"
"5694","13","3","14","8","3","305","5","F está diciendo la verdad","F está diciendo la verdad","1","2","3","3","40","40","80","80"
"5695","16","3","14","8","3","305","5","Es el juego: 3","Es el juego 3","1","2","3","3","40","40","80","80"
"5696","18","3","14","8","3","305","5","Es el juego: 3","Es el juego 3","1","2","3","3","40","40","80","80"
"5697","24","3","14","8","3","305","5","Es el juego: 3","Es el juego 3","1","2","3","3","40","40","80","80"
"5698","26","3","14","8","3","305","5","Estoy diciendo la verdad","Estoy diciendo la verdad.","1","2","3","3","40","40","80","80"
"5699","5","3","14","9","5","316","16","Estoy diciendo la verdad","Estoy diciendo la verdad.","1","1","3","3","32","32","64","64"
"5700","7","3","14","9","5","316","16","Es el juego: 5","Es el juego 5","1","1","3","3","32","32","64","64"
"5701","10","3","14","9","5","316","16","Estoy diciendo la verdad","Estoy diciendo la verdad.","1","1","3","3","32","32","64","64"
"5702","12","3","14","9","5","316","16","Es el juego: 5","Es el juego 5","1","1","3","3","32","32","64","64"
"5703","25","3","14","9","5","324","24","¿En qué juego estamos?","¿En qué juego estamos?","1","0","3","3","32","32","64","64"
"5704","29","3","14","9","5","316","16","Es el juego: 5","Es el juego 5","1","1","3","3","32","32","64","64"
"5705","32","3","14","9","5","324","24","Por favor decidme la verdad","Por favor decidme la verdad","1","0","3","3","32","32","64","64"
"5706","35","3","14","9","5","316","16","Estoy diciendo la verdad","Estoy diciendo la verdad.","1","1","3","3","32","32","64","64"
"5707","38","3","14","9","5","303","3","Es el juego: 3","Es el juego 3","1","2","3","3","32","32","64","64"
"5708","40","3","14","9","5","303","3","Estoy diciendo la verdad","Estoy diciendo la verdad.","1","2","3","3","32","32","64","64"
"5709","41","3","14","9","5","316","16","C está mintiendo","C está mintiendo","1","1","3","3","32","32","64","64"
"5710","43","3","14","9","5","303","3","Estoy diciendo la verdad","Estoy diciendo la verdad.","1","2","3","3","32","32","64","64"
"5711","45","3","14","9","5","303","3","Estoy diciendo la verdad","Estoy diciendo la verdad.","1","2","3","3","32","32","64","64"
"5712","45","3","14","9","5","316","16","C está mintiendo","C está mintiendo","1","1","3","3","32","32","64","64"
"5713","46","3","14","9","5","303","3","Estoy diciendo la verdad","Estoy diciendo la verdad.","1","2","3","3","32","32","64","64"
"-999","0","3","15","8","1","320","20","","-999","1","0","5","5","38","10","48","64"
"-999","0","2","15","6","2","227","27","","-999","1","0","3","3","36","36","72","72"
"-999","0","1","15","1","3","103","3","","-999","1","2","3","3","40","40","80","80"
"1269","2","1","15","1","3","124","24","¿En qué juego estamos?","¿En qué juego estamos?","1","0","3","3","40","40","80","80"
"1270","8","1","15","1","3","124","24","Por favor decidme la verdad","Por favor decidme la verdad","1","0","3","3","40","40","80","80"
"1271","9","1","15","1","3","117","17","Es el juego: 3","Es el juego 3","1","1","3","3","40","40","80","80"
"1272","14","1","15","1","3","117","17","Es el juego: 3","Es el juego 3","1","1","3","3","40","40","80","80"
"1273","1","1","15","2","1","123","23","¿En qué juego estamos?","¿En qué juego estamos?","1","0","1","1","26","54","80","64"
"1274","3","1","15","2","1","123","23","Por favor decidme la verdad","Por favor decidme la verdad","1","0","1","1","26","54","80","64"
"1275","4","1","15","2","1","116","16","Es el juego: 1","Es el juego 1","1","1","1","1","26","54","80","64"
"1276","10","1","15","2","1","123","23","Por favor decidme la verdad","Por favor decidme la verdad","1","0","1","1","26","54","80","64"
"1277","11","1","15","2","1","102","2","Es el juego: 1","Es el juego 1","1","2","1","1","26","54","80","64"
"1278","14","1","15","2","1","116","16","C está diciendo la verdad","C está diciendo la verdad","1","1","1","1","26","54","80","64"
"1279","14","1","15","2","1","102","2","F está diciendo la verdad","F está diciendo la verdad","1","2","1","1","26","54","80","64"
"1280","33","1","15","2","1","123","23","Por favor decidme la verdad","Por favor decidme la verdad","1","0","1","1","26","54","80","64"
"1281","3","1","15","3","4","114","14","Es el juego: 4","Es el juego 4","1","1","3","3","36","36","72","72"
"1282","6","1","15","3","4","121","21","Por favor decidme la verdad","Por favor decidme la verdad","1","0","3","3","36","36","72","72"
"1283","9","1","15","3","4","121","21","Por favor decidme la verdad","Por favor decidme la verdad","1","0","3","3","36","36","72","72"
"1284","10","1","15","3","4","121","21","Por favor decidme la verdad","Por favor decidme la verdad","1","0","3","3","36","36","72","72"
"1285","13","1","15","3","4","121","21","¿En qué juego estamos?","¿En qué juego estamos?","1","0","3","3","36","36","72","72"
"1286","26","1","15","3","4","107","7","Es el juego: 3","Es el juego 3","1","2","3","3","36","36","72","72"
"1287","29","1","15","3","4","114","14","Es el juego: 4","Es el juego 4","1","1","3","3","36","36","72","72"
"1288","31","1","15","3","4","114","14","Estoy diciendo la verdad","Estoy diciendo la verdad.","1","1","3","3","36","36","72","72"
"1289","31","1","15","3","4","107","7","F está mintiendo","F está mintiendo","1","2","3","3","36","36","72","72"
"1290","32","1","15","3","4","114","14","Es el juego: 4","Es el juego 4","1","1","3","3","36","36","72","72"
"1291","34","1","15","3","4","107","7","Es el juego: 3","Es el juego 3","1","2","3","3","36","36","72","72"
"1292","35","1","15","3","4","107","7","Estoy diciendo la verdad","Estoy diciendo la verdad.","1","2","3","3","36","36","72","72"
"1293","41","1","15","3","4","114","14","Estoy diciendo la verdad","Estoy diciendo la verdad.","1","1","3","3","36","36","72","72"
"1294","42","1","15","3","4","107","7","Es el juego: 3","Es el juego 3","1","2","3","3","36","36","72","72"
"1295","45","1","15","3","4","107","7","Estoy diciendo la verdad","Estoy diciendo la verdad.","1","2","3","3","36","36","72","72"
"1296","2","1","15","4","1","120","20","¿En qué juego estamos?","¿En qué juego estamos?","1","0","1","1","26","54","80","64"
"1297","4","1","15","4","1","101","1","Es el juego: 1","Es el juego 1","1","2","1","1","26","54","80","64"
"1298","7","1","15","4","1","120","20","Por favor decidme la verdad","Por favor decidme la verdad","1","0","1","1","26","54","80","64"
"1299","10","1","15","4","1","101","1","Estoy diciendo la verdad","Estoy diciendo la verdad.","1","2","1","1","26","54","80","64"
"1300","17","1","15","4","1","115","15","Es el juego: 4","Es el juego 4","1","1","1","1","26","54","80","64"
"1301","20","1","15","4","1","101","1","F está mintiendo","F está mintiendo","1","2","1","1","26","54","80","64"
"1302","23","1","15","4","1","101","1","Es el juego: 1","Es el juego 1","1","2","1","1","26","54","80","64"
"1303","25","1","15","4","1","115","15","Estoy diciendo la verdad","Estoy diciendo la verdad.","1","1","1","1","26","54","80","64"
"1304","28","1","15","4","1","115","15","Es el juego: 4","Es el juego 4","1","1","1","1","26","54","80","64"
"1305","33","1","15","4","1","101","1","Es el juego: 1","Es el juego 1","1","2","1","1","26","54","80","64"
"1306","35","1","15","4","1","115","15","Es el juego: 4","Es el juego 4","1","1","1","1","26","54","80","64"
"1307","37","1","15","4","1","101","1","Estoy diciendo la verdad","Estoy diciendo la verdad.","1","2","1","1","26","54","80","64"
"1308","37","1","15","4","1","115","15","Es el juego: 4","Es el juego 4","1","1","1","1","26","54","80","64"
"1309","39","1","15","4","1","115","15","Es el juego: 4","Es el juego 4","1","1","1","1","26","54","80","64"
"1310","39","1","15","4","1","101","1","F está mintiendo","F está mintiendo","1","2","1","1","26","54","80","64"
"1311","46","1","15","4","1","101","1","Es el juego: 1","Es el juego 1","1","2","1","1","26","54","80","64"
"1312","3","1","15","5","5","126","26","¿En qué juego estamos?","¿En qué juego estamos?","1","0","1","1","10","38","48","64"
"1313","9","1","15","5","5","106","6","Es el juego: 1","Es el juego 1","1","2","1","1","10","38","48","64"
"1314","16","1","15","5","5","113","13","Es el juego: 5","Es el juego 5","1","1","1","1","10","38","48","64"
"1315","23","1","15","5","5","106","6","F está mintiendo","F está mintiendo","1","2","1","1","10","38","48","64"
"1316","23","1","15","5","5","126","26","Por favor decidme la verdad","Por favor decidme la verdad","1","0","1","1","10","38","48","64"
"1317","27","1","15","5","5","106","6","Es el juego: 1","Es el juego 1","1","2","1","1","10","38","48","64"
"1318","32","1","15","5","5","113","13","C está mintiendo","C está mintiendo","1","1","1","1","10","38","48","64"
"1319","35","1","15","5","5","106","6","Estoy diciendo la verdad","Estoy diciendo la verdad.","1","2","1","1","10","38","48","64"
"1320","3","1","15","6","2","125","25","¿En qué juego estamos?","¿En qué juego estamos?","1","0","2","2","33","47","80","72"
"1321","5","1","15","6","2","125","25","Por favor decidme la verdad","Por favor decidme la verdad","1","0","2","2","33","47","80","72"
"1322","11","1","15","6","2","108","8","Es el juego: 2","Es el juego 2","1","2","2","2","33","47","80","72"
"1323","13","1","15","6","2","108","8","Estoy diciendo la verdad","Estoy diciendo la verdad.","1","2","2","2","33","47","80","72"
"1324","16","1","15","6","2","111","11","C está mintiendo","C está mintiendo","1","1","2","2","33","47","80","72"
"1325","19","1","15","6","2","111","11","Es el juego: 5","Es el juego 5","1","1","2","2","33","47","80","72"
"1326","22","1","15","6","2","108","8","F está mintiendo","F está mintiendo","1","2","2","2","33","47","80","72"
"1327","22","1","15","6","2","111","11","Estoy diciendo la verdad","Estoy diciendo la verdad.","1","1","2","2","33","47","80","72"
"1328","23","1","15","6","2","108","8","F está mintiendo","F está mintiendo","1","2","2","2","33","47","80","72"
"1329","24","1","15","6","2","111","11","Estoy diciendo la verdad","Estoy diciendo la verdad.","1","1","2","2","33","47","80","72"
"1330","25","1","15","6","2","108","8","Es el juego: 2","Es el juego 2","1","2","2","2","33","47","80","72"
"1331","26","1","15","6","2","111","11","Estoy diciendo la verdad","Estoy diciendo la verdad.","1","1","2","2","33","47","80","72"
"1332","26","1","15","6","2","108","8","Es el juego: 2","Es el juego 2","1","2","2","2","33","47","80","72"
"1333","27","1","15","6","2","111","11","Estoy diciendo la verdad","Estoy diciendo la verdad.","1","1","2","2","33","47","80","72"
"1334","29","1","15","6","2","111","11","Estoy diciendo la verdad","Estoy diciendo la verdad.","1","1","2","2","33","47","80","72"
"1335","31","1","15","6","2","111","11","Estoy diciendo la verdad","Estoy diciendo la verdad.","1","1","2","2","33","47","80","72"
"1336","32","1","15","6","2","111","11","Estoy diciendo la verdad","Estoy diciendo la verdad.","1","1","2","2","33","47","80","72"
"1337","34","1","15","6","2","108","8","Es el juego: 2","Es el juego 2","1","2","2","2","33","47","80","72"
"1338","34","1","15","6","2","111","11","Estoy diciendo la verdad","Estoy diciendo la verdad.","1","1","2","2","33","47","80","72"
"1339","35","1","15","6","2","111","11","Estoy diciendo la verdad","Estoy diciendo la verdad.","1","1","2","2","33","47","80","72"
"1340","35","1","15","6","2","108","8","Es el juego: 2","Es el juego 2","1","2","2","2","33","47","80","72"
"1341","37","1","15","6","2","111","11","Estoy diciendo la verdad","Estoy diciendo la verdad.","1","1","2","2","33","47","80","72"
"1342","38","1","15","6","2","108","8","Estoy diciendo la verdad","Estoy diciendo la verdad.","1","2","2","2","33","47","80","72"
"1343","38","1","15","6","2","111","11","Es el juego: 5","Es el juego 5","1","1","2","2","33","47","80","72"
"1344","39","1","15","6","2","108","8","F está mintiendo","F está mintiendo","1","2","2","2","33","47","80","72"
"1345","40","1","15","6","2","111","11","Estoy diciendo la verdad","Estoy diciendo la verdad.","1","1","2","2","33","47","80","72"
"1346","40","1","15","6","2","108","8","Es el juego: 2","Es el juego 2","1","2","2","2","33","47","80","72"
"1347","41","1","15","6","2","108","8","Es el juego: 2","Es el juego 2","1","2","2","2","33","47","80","72"
"1348","41","1","15","6","2","111","11","Es el juego: 5","Es el juego 5","1","1","2","2","33","47","80","72"
"1349","43","1","15","6","2","108","8","Es el juego: 2","Es el juego 2","1","2","2","2","33","47","80","72"
"1350","43","1","15","6","2","111","11","Estoy diciendo la verdad","Estoy diciendo la verdad.","1","1","2","2","33","47","80","72"
"1351","44","1","15","6","2","108","8","Es el juego: 2","Es el juego 2","1","2","2","2","33","47","80","72"
"1352","44","1","15","6","2","111","11","Estoy diciendo la verdad","Estoy diciendo la verdad.","1","1","2","2","33","47","80","72"
"1353","45","1","15","6","2","108","8","Es el juego: 2","Es el juego 2","1","2","2","2","33","47","80","72"
"1354","46","1","15","6","2","108","8","Es el juego: 2","Es el juego 2","1","2","2","2","33","47","80","72"
"1355","8","1","15","7","1","119","19","¿En qué juego estamos?","¿En qué juego estamos?","1","0","5","5","38","10","48","64"
"1356","10","1","15","7","1","118","18","Es el juego: 5","Es el juego 5","1","1","5","5","38","10","48","64"
"1357","12","1","15","7","1","104","4","F está mintiendo","F está mintiendo","1","2","5","5","38","10","48","64"
"1358","14","1","15","7","1","118","18","Estoy diciendo la verdad","Estoy diciendo la verdad.","1","1","5","5","38","10","48","64"
"1359","15","1","15","7","1","104","4","Es el juego: 1","Es el juego 1","1","2","5","5","38","10","48","64"
"1360","19","1","15","7","1","104","4","F está mintiendo","F está mintiendo","1","2","5","5","38","10","48","64"
"1361","19","1","15","7","1","118","18","C está mintiendo","C está mintiendo","1","1","5","5","38","10","48","64"
"1362","20","1","15","7","1","104","4","Es el juego: 1","Es el juego 1","1","2","5","5","38","10","48","64"
"1363","22","1","15","7","1","118","18","C está mintiendo","C está mintiendo","1","1","5","5","38","10","48","64"
"1364","23","1","15","7","1","104","4","Es el juego: 1","Es el juego 1","1","2","5","5","38","10","48","64"
"1365","24","1","15","7","1","118","18","Es el juego: 5","Es el juego 5","1","1","5","5","38","10","48","64"
"1366","27","1","15","7","1","118","18","Estoy diciendo la verdad","Estoy diciendo la verdad.","1","1","5","5","38","10","48","64"
"1367","27","1","15","7","1","104","4","Estoy diciendo la verdad","Estoy diciendo la verdad.","1","2","5","5","38","10","48","64"
"1368","29","1","15","7","1","104","4","F está mintiendo","F está mintiendo","1","2","5","5","38","10","48","64"
"1369","30","1","15","7","1","118","18","C está mintiendo","C está mintiendo","1","1","5","5","38","10","48","64"
"1370","32","1","15","7","1","104","4","F está mintiendo","F está mintiendo","1","2","5","5","38","10","48","64"
"1371","33","1","15","7","1","104","4","Es el juego: 1","Es el juego 1","1","2","5","5","38","10","48","64"
"1372","34","1","15","7","1","118","18","Es el juego: 5","Es el juego 5","1","1","5","5","38","10","48","64"
"1373","35","1","15","7","1","104","4","Estoy diciendo la verdad","Estoy diciendo la verdad.","1","2","5","5","38","10","48","64"
"1374","35","1","15","7","1","119","19","¿En qué juego estamos?","¿En qué juego estamos?","1","0","5","5","38","10","48","64"
"1375","37","1","15","7","1","104","4","Es el juego: 1","Es el juego 1","1","2","5","5","38","10","48","64"
"1376","37","1","15","7","1","118","18","Es el juego: 5","Es el juego 5","1","1","5","5","38","10","48","64"
"1377","38","1","15","7","1","104","4","Es el juego: 1","Es el juego 1","1","2","5","5","38","10","48","64"
"1378","39","1","15","7","1","118","18","Estoy diciendo la verdad","Estoy diciendo la verdad.","1","1","5","5","38","10","48","64"
"1379","40","1","15","7","1","104","4","Es el juego: 1","Es el juego 1","1","2","5","5","38","10","48","64"
"1380","42","1","15","7","1","118","18","Es el juego: 5","Es el juego 5","1","1","5","5","38","10","48","64"
"1381","42","1","15","7","1","104","4","Es el juego: 1","Es el juego 1","1","2","5","5","38","10","48","64"
"1382","44","1","15","7","1","118","18","Es el juego: 5","Es el juego 5","1","1","5","5","38","10","48","64"
"1383","44","1","15","7","1","104","4","Es el juego: 1","Es el juego 1","1","2","5","5","38","10","48","64"
"1384","45","1","15","7","1","104","4","Estoy diciendo la verdad","Estoy diciendo la verdad.","1","2","5","5","38","10","48","64"
"1385","46","1","15","7","1","118","18","C está mintiendo","C está mintiendo","1","1","5","5","38","10","48","64"
"1386","2","1","15","8","1","122","22","¿En qué juego estamos?","¿En qué juego estamos?","1","0","5","5","38","10","48","64"
"1387","3","1","15","8","1","122","22","¿En qué juego estamos?","¿En qué juego estamos?","1","0","5","5","38","10","48","64"
"1388","5","1","15","8","1","122","22","¿En qué juego estamos?","¿En qué juego estamos?","1","0","5","5","38","10","48","64"
"1389","5","1","15","8","1","105","5","Es el juego: 1","Es el juego 1","1","2","5","5","38","10","48","64"
"1390","5","1","15","8","1","110","10","Es el juego: 1","Es el juego 1","1","1","5","5","38","10","48","64"
"1391","7","1","15","8","1","105","5","F está diciendo la verdad","F está diciendo la verdad","1","2","5","5","38","10","48","64"
"1392","10","1","15","8","1","110","10","C está diciendo la verdad","C está diciendo la verdad","1","1","5","5","38","10","48","64"
"1393","12","1","15","8","1","105","5","Estoy diciendo la verdad","Estoy diciendo la verdad.","1","2","5","5","38","10","48","64"
"1394","12","1","15","8","1","110","10","Estoy diciendo la verdad","Estoy diciendo la verdad.","1","1","5","5","38","10","48","64"
"1395","12","1","15","8","1","122","22","Por favor decidme la verdad","Por favor decidme la verdad","1","0","5","5","38","10","48","64"
"1396","15","1","15","8","1","105","5","Estoy diciendo la verdad","Estoy diciendo la verdad.","1","2","5","5","38","10","48","64"
"1397","16","1","15","8","1","105","5","F está diciendo la verdad","F está diciendo la verdad","1","2","5","5","38","10","48","64"
"1398","28","1","15","8","1","110","10","Estoy diciendo la verdad","Estoy diciendo la verdad.","1","1","5","5","38","10","48","64"
"1399","30","1","15","8","1","110","10","C está diciendo la verdad","C está diciendo la verdad","1","1","5","5","38","10","48","64"
"1400","31","1","15","8","1","110","10","Estoy diciendo la verdad","Estoy diciendo la verdad.","1","1","5","5","38","10","48","64"
"1401","32","1","15","8","1","122","22","Por favor decidme la verdad","Por favor decidme la verdad","1","0","5","5","38","10","48","64"
"1402","33","1","15","8","1","110","10","C está diciendo la verdad","C está diciendo la verdad","1","1","5","5","38","10","48","64"
"1403","34","1","15","8","1","122","22","Por favor decidme la verdad","Por favor decidme la verdad","1","0","5","5","38","10","48","64"
"1404","34","1","15","8","1","105","5","Estoy diciendo la verdad","Estoy diciendo la verdad.","1","2","5","5","38","10","48","64"
"1405","34","1","15","8","1","110","10","Es el juego: 1","Es el juego 1","1","1","5","5","38","10","48","64"
"1406","35","1","15","8","1","122","22","Por favor decidme la verdad","Por favor decidme la verdad","1","0","5","5","38","10","48","64"
"1407","35","1","15","8","1","105","5","F está diciendo la verdad","F está diciendo la verdad","1","2","5","5","38","10","48","64"
"1408","36","1","15","8","1","110","10","C está diciendo la verdad","C está diciendo la verdad","1","1","5","5","38","10","48","64"
"1409","37","1","15","8","1","122","22","Por favor decidme la verdad","Por favor decidme la verdad","1","0","5","5","38","10","48","64"
"1410","39","1","15","8","1","122","22","Por favor decidme la verdad","Por favor decidme la verdad","1","0","5","5","38","10","48","64"
"1411","39","1","15","8","1","105","5","F está diciendo la verdad","F está diciendo la verdad","1","2","5","5","38","10","48","64"
"1412","39","1","15","8","1","110","10","Estoy diciendo la verdad","Estoy diciendo la verdad.","1","1","5","5","38","10","48","64"
"1413","41","1","15","8","1","122","22","Por favor decidme la verdad","Por favor decidme la verdad","1","0","5","5","38","10","48","64"
"1414","42","1","15","8","1","110","10","C está diciendo la verdad","C está diciendo la verdad","1","1","5","5","38","10","48","64"
"1415","42","1","15","8","1","122","22","Por favor decidme la verdad","Por favor decidme la verdad","1","0","5","5","38","10","48","64"
"1416","42","1","15","8","1","105","5","Estoy diciendo la verdad","Estoy diciendo la verdad.","1","2","5","5","38","10","48","64"
"1417","43","1","15","8","1","110","10","C está diciendo la verdad","C está diciendo la verdad","1","1","5","5","38","10","48","64"
"1418","44","1","15","8","1","122","22","Por favor decidme la verdad","Por favor decidme la verdad","1","0","5","5","38","10","48","64"
"1419","45","1","15","8","1","110","10","C está diciendo la verdad","C está diciendo la verdad","1","1","5","5","38","10","48","64"
"1420","45","1","15","8","1","105","5","F está diciendo la verdad","F está diciendo la verdad","1","2","5","5","38","10","48","64"
"1421","2","1","15","9","4","127","27","¿En qué juego estamos?","¿En qué juego estamos?","1","0","3","3","36","36","72","72"
"1422","3","1","15","9","4","109","9","Es el juego: 1","Es el juego 1","1","2","3","3","36","36","72","72"
"1423","4","1","15","9","4","127","27","¿En qué juego estamos?","¿En qué juego estamos?","1","0","3","3","36","36","72","72"
"1424","14","1","15","9","4","127","27","Por favor decidme la verdad","Por favor decidme la verdad","1","0","3","3","36","36","72","72"
"1425","16","1","15","9","4","109","9","Estoy diciendo la verdad","Estoy diciendo la verdad.","1","2","3","3","36","36","72","72"
"1426","16","1","15","9","4","112","12","Es el juego: 4","Es el juego 4","1","1","3","3","36","36","72","72"
"1427","20","1","15","9","4","109","9","F está mintiendo","F está mintiendo","1","2","3","3","36","36","72","72"
"1428","20","1","15","9","4","112","12","C está mintiendo","C está mintiendo","1","1","3","3","36","36","72","72"
"1429","22","1","15","9","4","109","9","Es el juego: 1","Es el juego 1","1","2","3","3","36","36","72","72"
"1430","24","1","15","9","4","112","12","Es el juego: 4","Es el juego 4","1","1","3","3","36","36","72","72"
"1431","27","1","15","9","4","109","9","Estoy diciendo la verdad","Estoy diciendo la verdad.","1","2","3","3","36","36","72","72"
"1432","33","1","15","9","4","112","12","C está mintiendo","C está mintiendo","1","1","3","3","36","36","72","72"
"1433","35","1","15","9","4","112","12","Estoy diciendo la verdad","Estoy diciendo la verdad.","1","1","3","3","36","36","72","72"
"1434","40","1","15","9","4","109","9","Es el juego: 1","Es el juego 1","1","2","3","3","36","36","72","72"
"1435","44","1","15","9","4","112","12","Es el juego: 4","Es el juego 4","1","1","3","3","36","36","72","72"
"3284","7","2","15","1","3","221","21","¿En qué juego estamos?","¿En qué juego estamos?","1","0","1","1","18","46","64","80"
"3285","11","2","15","1","3","213","13","Es el juego: 3","Es el juego 3","1","1","1","1","18","46","64","80"
"3286","15","2","15","1","3","203","3","F está diciendo la verdad","F está diciendo la verdad","1","2","1","1","18","46","64","80"
"3287","2","2","15","2","1","220","20","¿En qué juego estamos?","¿En qué juego estamos?","1","0","1","1","26","54","80","64"
"3288","8","2","15","2","1","209","9","Es el juego: 1","Es el juego 1","1","2","1","1","26","54","80","64"
"3289","10","2","15","2","1","220","20","Por favor decidme la verdad","Por favor decidme la verdad","1","0","1","1","26","54","80","64"
"3290","12","2","15","2","1","209","9","Es el juego: 1","Es el juego 1","1","2","1","1","26","54","80","64"
"3291","14","2","15","2","1","215","15","Es el juego: 5","Es el juego 5","1","1","1","1","26","54","80","64"
"3292","15","2","15","2","1","209","9","Estoy diciendo la verdad","Estoy diciendo la verdad.","1","2","1","1","26","54","80","64"
"3293","15","2","15","2","1","220","20","Por favor decidme la verdad","Por favor decidme la verdad","1","0","1","1","26","54","80","64"
"3294","17","2","15","2","1","215","15","C está mintiendo","C está mintiendo","1","1","1","1","26","54","80","64"
"3295","18","2","15","2","1","209","9","Es el juego: 1","Es el juego 1","1","2","1","1","26","54","80","64"
"3296","21","2","15","2","1","220","20","Por favor decidme la verdad","Por favor decidme la verdad","1","0","1","1","26","54","80","64"
"3297","21","2","15","2","1","209","9","Es el juego: 1","Es el juego 1","1","2","1","1","26","54","80","64"
"3298","22","2","15","2","1","215","15","Es el juego: 5","Es el juego 5","1","1","1","1","26","54","80","64"
"3299","23","2","15","2","1","220","20","Por favor decidme la verdad","Por favor decidme la verdad","1","0","1","1","26","54","80","64"
"3300","24","2","15","2","1","209","9","Es el juego: 1","Es el juego 1","1","2","1","1","26","54","80","64"
"3301","24","2","15","2","1","215","15","C está mintiendo","C está mintiendo","1","1","1","1","26","54","80","64"
"3302","25","2","15","2","1","220","20","Por favor decidme la verdad","Por favor decidme la verdad","1","0","1","1","26","54","80","64"
"3303","26","2","15","2","1","215","15","C está mintiendo","C está mintiendo","1","1","1","1","26","54","80","64"
"3304","26","2","15","2","1","209","9","F está mintiendo","F está mintiendo","1","2","1","1","26","54","80","64"
"3305","27","2","15","2","1","215","15","C está mintiendo","C está mintiendo","1","1","1","1","26","54","80","64"
"3306","27","2","15","2","1","220","20","Por favor decidme la verdad","Por favor decidme la verdad","1","0","1","1","26","54","80","64"
"3307","28","2","15","2","1","209","9","Es el juego: 1","Es el juego 1","1","2","1","1","26","54","80","64"
"3308","28","2","15","2","1","215","15","C está mintiendo","C está mintiendo","1","1","1","1","26","54","80","64"
"3309","30","2","15","2","1","220","20","¿En qué juego estamos?","¿En qué juego estamos?","1","0","1","1","26","54","80","64"
"3310","30","2","15","2","1","215","15","C está mintiendo","C está mintiendo","1","1","1","1","26","54","80","64"
"3311","30","2","15","2","1","209","9","F está mintiendo","F está mintiendo","1","2","1","1","26","54","80","64"
"3312","32","2","15","2","1","209","9","Es el juego: 1","Es el juego 1","1","2","1","1","26","54","80","64"
"3313","32","2","15","2","1","220","20","¿En qué juego estamos?","¿En qué juego estamos?","1","0","1","1","26","54","80","64"
"3314","32","2","15","2","1","215","15","Es el juego: 5","Es el juego 5","1","1","1","1","26","54","80","64"
"3315","33","2","15","2","1","209","9","Es el juego: 1","Es el juego 1","1","2","1","1","26","54","80","64"
"3316","35","2","15","2","1","220","20","Por favor decidme la verdad","Por favor decidme la verdad","1","0","1","1","26","54","80","64"
"3317","35","2","15","2","1","215","15","Es el juego: 5","Es el juego 5","1","1","1","1","26","54","80","64"
"3318","35","2","15","2","1","209","9","Es el juego: 1","Es el juego 1","1","2","1","1","26","54","80","64"
"3319","36","2","15","2","1","209","9","Es el juego: 1","Es el juego 1","1","2","1","1","26","54","80","64"
"3320","37","2","15","2","1","215","15","Es el juego: 5","Es el juego 5","1","1","1","1","26","54","80","64"
"3321","37","2","15","2","1","220","20","Por favor decidme la verdad","Por favor decidme la verdad","1","0","1","1","26","54","80","64"
"3322","38","2","15","2","1","209","9","Es el juego: 1","Es el juego 1","1","2","1","1","26","54","80","64"
"3323","38","2","15","2","1","215","15","Es el juego: 5","Es el juego 5","1","1","1","1","26","54","80","64"
"3324","40","2","15","2","1","215","15","Es el juego: 5","Es el juego 5","1","1","1","1","26","54","80","64"
"3325","41","2","15","2","1","209","9","Es el juego: 1","Es el juego 1","1","2","1","1","26","54","80","64"
"3326","41","2","15","2","1","215","15","Es el juego: 5","Es el juego 5","1","1","1","1","26","54","80","64"
"3327","43","2","15","2","1","215","15","C está mintiendo","C está mintiendo","1","1","1","1","26","54","80","64"
"3328","43","2","15","2","1","220","20","Por favor decidme la verdad","Por favor decidme la verdad","1","0","1","1","26","54","80","64"
"3329","44","2","15","2","1","209","9","Es el juego: 1","Es el juego 1","1","2","1","1","26","54","80","64"
"3330","44","2","15","2","1","215","15","C está mintiendo","C está mintiendo","1","1","1","1","26","54","80","64"
"3331","46","2","15","2","1","209","9","Es el juego: 1","Es el juego 1","1","2","1","1","26","54","80","64"
"3332","46","2","15","2","1","215","15","C está mintiendo","C está mintiendo","1","1","1","1","26","54","80","64"
"3333","2","2","15","3","4","222","22","¿En qué juego estamos?","¿En qué juego estamos?","1","0","1","1","14","42","56","72"
"3334","7","2","15","3","4","202","2","Es el juego: 1","Es el juego 1","1","2","1","1","14","42","56","72"
"3335","9","2","15","3","4","202","2","Es el juego: 1","Es el juego 1","1","2","1","1","14","42","56","72"
"3336","10","2","15","3","4","211","11","Es el juego: 5","Es el juego 5","1","1","1","1","14","42","56","72"
"3337","11","2","15","3","4","202","2","Es el juego: 1","Es el juego 1","1","2","1","1","14","42","56","72"
"3338","12","2","15","3","4","211","11","Es el juego: 5","Es el juego 5","1","1","1","1","14","42","56","72"
"3339","12","2","15","3","4","202","2","Es el juego: 1","Es el juego 1","1","2","1","1","14","42","56","72"
"3340","13","2","15","3","4","211","11","Es el juego: 5","Es el juego 5","1","1","1","1","14","42","56","72"
"3341","14","2","15","3","4","202","2","Es el juego: 1","Es el juego 1","1","2","1","1","14","42","56","72"
"3342","15","2","15","3","4","202","2","Estoy diciendo la verdad","Estoy diciendo la verdad.","1","2","1","1","14","42","56","72"
"3343","16","2","15","3","4","211","11","C está mintiendo","C está mintiendo","1","1","1","1","14","42","56","72"
"3344","17","2","15","3","4","211","11","C está mintiendo","C está mintiendo","1","1","1","1","14","42","56","72"
"3345","17","2","15","3","4","202","2","Estoy diciendo la verdad","Estoy diciendo la verdad.","1","2","1","1","14","42","56","72"
"3346","18","2","15","3","4","222","22","Por favor decidme la verdad","Por favor decidme la verdad","1","0","1","1","14","42","56","72"
"3347","18","2","15","3","4","211","11","C está mintiendo","C está mintiendo","1","1","1","1","14","42","56","72"
"3348","19","2","15","3","4","202","2","Estoy diciendo la verdad","Estoy diciendo la verdad.","1","2","1","1","14","42","56","72"
"3349","20","2","15","3","4","202","2","F está mintiendo","F está mintiendo","1","2","1","1","14","42","56","72"
"3350","20","2","15","3","4","211","11","Es el juego: 5","Es el juego 5","1","1","1","1","14","42","56","72"
"3351","22","2","15","3","4","211","11","Es el juego: 5","Es el juego 5","1","1","1","1","14","42","56","72"
"3352","22","2","15","3","4","202","2","Es el juego: 1","Es el juego 1","1","2","1","1","14","42","56","72"
"3353","23","2","15","3","4","211","11","Es el juego: 5","Es el juego 5","1","1","1","1","14","42","56","72"
"3354","23","2","15","3","4","202","2","Es el juego: 1","Es el juego 1","1","2","1","1","14","42","56","72"
"3355","24","2","15","3","4","211","11","Es el juego: 5","Es el juego 5","1","1","1","1","14","42","56","72"
"3356","25","2","15","3","4","202","2","Es el juego: 1","Es el juego 1","1","2","1","1","14","42","56","72"
"3357","26","2","15","3","4","211","11","Es el juego: 5","Es el juego 5","1","1","1","1","14","42","56","72"
"3358","26","2","15","3","4","202","2","Es el juego: 1","Es el juego 1","1","2","1","1","14","42","56","72"
"3359","27","2","15","3","4","211","11","Es el juego: 5","Es el juego 5","1","1","1","1","14","42","56","72"
"3360","28","2","15","3","4","211","11","Es el juego: 5","Es el juego 5","1","1","1","1","14","42","56","72"
"3361","30","2","15","3","4","202","2","Es el juego: 1","Es el juego 1","1","2","1","1","14","42","56","72"
"3362","31","2","15","3","4","211","11","Estoy diciendo la verdad","Estoy diciendo la verdad.","1","1","1","1","14","42","56","72"
"3363","32","2","15","3","4","202","2","Es el juego: 1","Es el juego 1","1","2","1","1","14","42","56","72"
"3364","32","2","15","3","4","211","11","Es el juego: 5","Es el juego 5","1","1","1","1","14","42","56","72"
"3365","33","2","15","3","4","202","2","Es el juego: 1","Es el juego 1","1","2","1","1","14","42","56","72"
"3366","34","2","15","3","4","211","11","Es el juego: 5","Es el juego 5","1","1","1","1","14","42","56","72"
"3367","35","2","15","3","4","202","2","Es el juego: 1","Es el juego 1","1","2","1","1","14","42","56","72"
"3368","35","2","15","3","4","211","11","Es el juego: 5","Es el juego 5","1","1","1","1","14","42","56","72"
"3369","36","2","15","3","4","211","11","Es el juego: 5","Es el juego 5","1","1","1","1","14","42","56","72"
"3370","36","2","15","3","4","202","2","Es el juego: 1","Es el juego 1","1","2","1","1","14","42","56","72"
"3371","38","2","15","3","4","202","2","Es el juego: 1","Es el juego 1","1","2","1","1","14","42","56","72"
"3372","38","2","15","3","4","211","11","C está mintiendo","C está mintiendo","1","1","1","1","14","42","56","72"
"3373","39","2","15","3","4","202","2","Es el juego: 1","Es el juego 1","1","2","1","1","14","42","56","72"
"3374","39","2","15","3","4","211","11","Es el juego: 5","Es el juego 5","1","1","1","1","14","42","56","72"
"3375","40","2","15","3","4","202","2","Es el juego: 1","Es el juego 1","1","2","1","1","14","42","56","72"
"3376","41","2","15","3","4","211","11","Es el juego: 5","Es el juego 5","1","1","1","1","14","42","56","72"
"3377","41","2","15","3","4","202","2","Es el juego: 1","Es el juego 1","1","2","1","1","14","42","56","72"
"3378","42","2","15","3","4","211","11","Es el juego: 5","Es el juego 5","1","1","1","1","14","42","56","72"
"3379","43","2","15","3","4","202","2","Es el juego: 1","Es el juego 1","1","2","1","1","14","42","56","72"
"3380","43","2","15","3","4","211","11","Es el juego: 5","Es el juego 5","1","1","1","1","14","42","56","72"
"3381","44","2","15","3","4","202","2","Es el juego: 1","Es el juego 1","1","2","1","1","14","42","56","72"
"3382","45","2","15","3","4","211","11","Es el juego: 5","Es el juego 5","1","1","1","1","14","42","56","72"
"3383","45","2","15","3","4","202","2","Es el juego: 1","Es el juego 1","1","2","1","1","14","42","56","72"
"3384","2","2","15","4","1","224","24","¿En qué juego estamos?","¿En qué juego estamos?","1","0","1","1","26","54","80","64"
"3385","3","2","15","4","1","201","1","Es el juego: 1","Es el juego 1","1","2","1","1","26","54","80","64"
"3386","8","2","15","4","1","218","18","Es el juego: 1","Es el juego 1","1","1","1","1","26","54","80","64"
"3387","10","2","15","4","1","201","1","F está diciendo la verdad","F está diciendo la verdad","1","2","1","1","26","54","80","64"
"3388","3","2","15","5","5","225","25","¿En qué juego estamos?","¿En qué juego estamos?","1","0","5","5","54","26","80","64"
"3389","6","2","15","5","5","205","5","Es el juego: 1","Es el juego 1","1","2","5","5","54","26","80","64"
"3390","6","2","15","5","5","225","25","Por favor decidme la verdad","Por favor decidme la verdad","1","0","5","5","54","26","80","64"
"3391","12","2","15","5","5","205","5","Es el juego: 1","Es el juego 1","1","2","5","5","54","26","80","64"
"3392","13","2","15","5","5","225","25","Por favor decidme la verdad","Por favor decidme la verdad","1","0","5","5","54","26","80","64"
"3393","19","2","15","5","5","216","16","Es el juego: 5","Es el juego 5","1","1","5","5","54","26","80","64"
"3394","21","2","15","5","5","205","5","F está mintiendo","F está mintiendo","1","2","5","5","54","26","80","64"
"3395","22","2","15","5","5","216","16","C está mintiendo","C está mintiendo","1","1","5","5","54","26","80","64"
"3396","22","2","15","5","5","225","25","Por favor decidme la verdad","Por favor decidme la verdad","1","0","5","5","54","26","80","64"
"3397","22","2","15","5","5","205","5","F está mintiendo","F está mintiendo","1","2","5","5","54","26","80","64"
"3398","24","2","15","5","5","205","5","F está mintiendo","F está mintiendo","1","2","5","5","54","26","80","64"
"3399","24","2","15","5","5","216","16","Estoy diciendo la verdad","Estoy diciendo la verdad.","1","1","5","5","54","26","80","64"
"3400","25","2","15","5","5","205","5","F está mintiendo","F está mintiendo","1","2","5","5","54","26","80","64"
"3401","26","2","15","5","5","216","16","Es el juego: 5","Es el juego 5","1","1","5","5","54","26","80","64"
"3402","26","2","15","5","5","205","5","F está mintiendo","F está mintiendo","1","2","5","5","54","26","80","64"
"3403","27","2","15","5","5","216","16","Es el juego: 5","Es el juego 5","1","1","5","5","54","26","80","64"
"3404","28","2","15","5","5","205","5","Es el juego: 1","Es el juego 1","1","2","5","5","54","26","80","64"
"3405","29","2","15","5","5","216","16","Es el juego: 5","Es el juego 5","1","1","5","5","54","26","80","64"
"3406","29","2","15","5","5","205","5","Estoy diciendo la verdad","Estoy diciendo la verdad.","1","2","5","5","54","26","80","64"
"3407","30","2","15","5","5","216","16","Es el juego: 5","Es el juego 5","1","1","5","5","54","26","80","64"
"3408","31","2","15","5","5","205","5","Es el juego: 1","Es el juego 1","1","2","5","5","54","26","80","64"
"3409","31","2","15","5","5","216","16","Es el juego: 5","Es el juego 5","1","1","5","5","54","26","80","64"
"3410","32","2","15","5","5","205","5","Es el juego: 1","Es el juego 1","1","2","5","5","54","26","80","64"
"3411","33","2","15","5","5","216","16","Es el juego: 5","Es el juego 5","1","1","5","5","54","26","80","64"
"3412","33","2","15","5","5","205","5","Es el juego: 1","Es el juego 1","1","2","5","5","54","26","80","64"
"3413","34","2","15","5","5","216","16","Es el juego: 5","Es el juego 5","1","1","5","5","54","26","80","64"
"3414","34","2","15","5","5","205","5","Es el juego: 1","Es el juego 1","1","2","5","5","54","26","80","64"
"3415","36","2","15","5","5","216","16","Es el juego: 5","Es el juego 5","1","1","5","5","54","26","80","64"
"3416","36","2","15","5","5","205","5","Es el juego: 1","Es el juego 1","1","2","5","5","54","26","80","64"
"3417","37","2","15","5","5","205","5","Es el juego: 1","Es el juego 1","1","2","5","5","54","26","80","64"
"3418","38","2","15","5","5","216","16","C está mintiendo","C está mintiendo","1","1","5","5","54","26","80","64"
"3419","39","2","15","5","5","205","5","F está mintiendo","F está mintiendo","1","2","5","5","54","26","80","64"
"3420","39","2","15","5","5","216","16","C está mintiendo","C está mintiendo","1","1","5","5","54","26","80","64"
"3421","40","2","15","5","5","205","5","F está mintiendo","F está mintiendo","1","2","5","5","54","26","80","64"
"3422","41","2","15","5","5","216","16","C está mintiendo","C está mintiendo","1","1","5","5","54","26","80","64"
"3423","42","2","15","5","5","205","5","F está mintiendo","F está mintiendo","1","2","5","5","54","26","80","64"
"3424","42","2","15","5","5","216","16","C está mintiendo","C está mintiendo","1","1","5","5","54","26","80","64"
"3425","44","2","15","5","5","216","16","Estoy diciendo la verdad","Estoy diciendo la verdad.","1","1","5","5","54","26","80","64"
"3426","44","2","15","5","5","205","5","F está mintiendo","F está mintiendo","1","2","5","5","54","26","80","64"
"3427","46","2","15","5","5","216","16","Estoy diciendo la verdad","Estoy diciendo la verdad.","1","1","5","5","54","26","80","64"
"3428","46","2","15","5","5","205","5","Es el juego: 1","Es el juego 1","1","2","5","5","54","26","80","64"
"3429","3","2","15","6","2","212","12","Es el juego: 2","Es el juego 2","1","1","3","3","36","36","72","72"
"3430","4","2","15","6","2","207","7","Es el juego: 2","Es el juego 2","1","2","3","3","36","36","72","72"
"3431","5","2","15","6","2","212","12","Estoy diciendo la verdad","Estoy diciendo la verdad.","1","1","3","3","36","36","72","72"
"3432","6","2","15","6","2","207","7","Estoy diciendo la verdad","Estoy diciendo la verdad.","1","2","3","3","36","36","72","72"
"3433","8","2","15","6","2","207","7","F está diciendo la verdad","F está diciendo la verdad","1","2","3","3","36","36","72","72"
"3434","8","2","15","6","2","212","12","C está diciendo la verdad","C está diciendo la verdad","1","1","3","3","36","36","72","72"
"3435","1","2","15","7","1","226","26","Por favor decidme la verdad","Por favor decidme la verdad","1","0","3","3","32","32","64","64"
"3436","2","2","15","7","1","226","26","¿En qué juego estamos?","¿En qué juego estamos?","1","0","3","3","32","32","64","64"
"3437","3","2","15","7","1","214","14","Es el juego: 1","Es el juego 1","1","1","3","3","32","32","64","64"
"3438","3","2","15","7","1","206","6","Es el juego: 1","Es el juego 1","1","2","3","3","32","32","64","64"
"3439","5","2","15","7","1","206","6","Estoy diciendo la verdad","Estoy diciendo la verdad.","1","2","3","3","32","32","64","64"
"3440","5","2","15","7","1","214","14","Estoy diciendo la verdad","Estoy diciendo la verdad.","1","1","3","3","32","32","64","64"
"3441","7","2","15","7","1","226","26","Por favor decidme la verdad","Por favor decidme la verdad","1","0","3","3","32","32","64","64"
"3442","7","2","15","7","1","206","6","F está diciendo la verdad","F está diciendo la verdad","1","2","3","3","32","32","64","64"
"3443","8","2","15","7","1","226","26","Por favor decidme la verdad","Por favor decidme la verdad","1","0","3","3","32","32","64","64"
"3444","9","2","15","7","1","214","14","C está mintiendo","C está mintiendo","1","1","3","3","32","32","64","64"
"3445","9","2","15","7","1","226","26","Por favor decidme la verdad","Por favor decidme la verdad","1","0","3","3","32","32","64","64"
"3446","10","2","15","7","1","206","6","Es el juego: 1","Es el juego 1","1","2","3","3","32","32","64","64"
"3447","11","2","15","7","1","214","14","Es el juego: 1","Es el juego 1","1","1","3","3","32","32","64","64"
"3448","13","2","15","7","1","214","14","C está diciendo la verdad","C está diciendo la verdad","1","1","3","3","32","32","64","64"
"3449","14","2","15","7","1","206","6","Es el juego: 1","Es el juego 1","1","2","3","3","32","32","64","64"
"3450","15","2","15","7","1","214","14","C está diciendo la verdad","C está diciendo la verdad","1","1","3","3","32","32","64","64"
"3451","18","2","15","7","1","214","14","C está diciendo la verdad","C está diciendo la verdad","1","1","3","3","32","32","64","64"
"3452","25","2","15","7","1","206","6","Es el juego: 1","Es el juego 1","1","2","3","3","32","32","64","64"
"3453","45","2","15","7","1","214","14","Es el juego: 1","Es el juego 1","1","1","3","3","32","32","64","64"
"3454","9","2","15","8","1","208","8","Es el juego: 1","Es el juego 1","1","2","3","3","32","32","64","64"
"3455","17","2","15","8","1","219","19","¿En qué juego estamos?","¿En qué juego estamos?","1","0","3","3","32","32","64","64"
"3456","20","2","15","8","1","219","19","Por favor decidme la verdad","Por favor decidme la verdad","1","0","3","3","32","32","64","64"
"3457","20","2","15","8","1","208","8","Es el juego: 1","Es el juego 1","1","2","3","3","32","32","64","64"
"3458","28","2","15","8","1","217","17","Es el juego: 4","Es el juego 4","1","1","3","3","32","32","64","64"
"3459","33","2","15","8","1","217","17","Estoy diciendo la verdad","Estoy diciendo la verdad.","1","1","3","3","32","32","64","64"
"3460","3","2","15","9","4","223","23","¿En qué juego estamos?","¿En qué juego estamos?","1","0","3","1","8","14","22","72"
"3461","5","2","15","9","4","210","10","Es el juego: 4","Es el juego 4","1","1","3","1","8","14","22","72"
"3462","5","2","15","9","4","223","23","Por favor decidme la verdad","Por favor decidme la verdad","1","0","3","1","8","14","22","72"
"3463","6","2","15","9","4","204","4","Es el juego: 4","Es el juego 4","1","2","3","1","8","14","22","72"
"3464","7","2","15","9","4","223","23","Por favor decidme la verdad","Por favor decidme la verdad","1","0","3","1","8","14","22","72"
"3465","38","2","15","9","4","204","4","Estoy diciendo la verdad","Estoy diciendo la verdad.","1","2","3","1","8","14","22","72"
"5714","1","3","15","1","3","321","21","¿En qué juego estamos?","¿En qué juego estamos?","1","0","3","3","40","40","80","80"
"5715","3","3","15","1","3","321","21","Por favor decidme la verdad","Por favor decidme la verdad","1","0","3","3","40","40","80","80"
"5716","14","3","15","1","3","302","2","Es el juego: 3","Es el juego 3","1","2","3","3","40","40","80","80"
"5717","15","3","15","1","3","302","2","Estoy diciendo la verdad","Estoy diciendo la verdad.","1","2","3","3","40","40","80","80"
"5718","21","3","15","1","3","318","18","Es el juego: 3","Es el juego 3","1","1","3","3","40","40","80","80"
"5719","24","3","15","1","3","302","2","F está diciendo la verdad","F está diciendo la verdad","1","2","3","3","40","40","80","80"
"5720","28","3","15","1","3","318","18","C está diciendo la verdad","C está diciendo la verdad","1","1","3","3","40","40","80","80"
"5721","2","3","15","2","1","327","27","¿En qué juego estamos?","¿En qué juego estamos?","1","0","1","1","26","54","80","64"
"5722","4","3","15","2","1","327","27","Por favor decidme la verdad","Por favor decidme la verdad","1","0","1","1","26","54","80","64"
"5723","5","3","15","2","1","301","1","Es el juego: 1","Es el juego 1","1","2","1","1","26","54","80","64"
"5724","7","3","15","2","1","310","10","C está diciendo la verdad","C está diciendo la verdad","1","1","1","1","26","54","80","64"
"5725","11","3","15","2","1","310","10","Es el juego: 1","Es el juego 1","1","1","1","1","26","54","80","64"
"5726","1","3","15","3","4","319","19","¿En qué juego estamos?","¿En qué juego estamos?","1","0","1","1","14","42","56","72"
"5727","3","3","15","3","4","319","19","Por favor decidme la verdad","Por favor decidme la verdad","1","0","1","1","14","42","56","72"
"5728","4","3","15","3","4","307","7","Es el juego: 1","Es el juego 1","1","2","1","1","14","42","56","72"
"5729","6","3","15","3","4","307","7","Estoy diciendo la verdad","Estoy diciendo la verdad.","1","2","1","1","14","42","56","72"
"5730","6","3","15","3","4","312","12","Es el juego: 3","Es el juego 3","1","1","1","1","14","42","56","72"
"5731","7","3","15","3","4","307","7","F está mintiendo","F está mintiendo","1","2","1","1","14","42","56","72"
"5732","8","3","15","3","4","312","12","Es el juego: 3","Es el juego 3","1","1","1","1","14","42","56","72"
"5733","9","3","15","3","4","307","7","Es el juego: 1","Es el juego 1","1","2","1","1","14","42","56","72"
"5734","11","3","15","3","4","307","7","Es el juego: 1","Es el juego 1","1","2","1","1","14","42","56","72"
"5735","13","3","15","3","4","307","7","Es el juego: 1","Es el juego 1","1","2","1","1","14","42","56","72"
"5736","13","3","15","3","4","312","12","Es el juego: 3","Es el juego 3","1","1","1","1","14","42","56","72"
"5737","14","3","15","3","4","307","7","Es el juego: 1","Es el juego 1","1","2","1","1","14","42","56","72"
"5738","15","3","15","3","4","312","12","Es el juego: 3","Es el juego 3","1","1","1","1","14","42","56","72"
"5739","16","3","15","3","4","312","12","Es el juego: 3","Es el juego 3","1","1","1","1","14","42","56","72"
"5740","16","3","15","3","4","307","7","Estoy diciendo la verdad","Estoy diciendo la verdad.","1","2","1","1","14","42","56","72"
"5741","18","3","15","3","4","312","12","C está mintiendo","C está mintiendo","1","1","1","1","14","42","56","72"
"5742","18","3","15","3","4","319","19","Por favor decidme la verdad","Por favor decidme la verdad","1","0","1","1","14","42","56","72"
"5743","18","3","15","3","4","307","7","Es el juego: 1","Es el juego 1","1","2","1","1","14","42","56","72"
"5744","19","3","15","3","4","312","12","C está mintiendo","C está mintiendo","1","1","1","1","14","42","56","72"
"5745","20","3","15","3","4","307","7","F está mintiendo","F está mintiendo","1","2","1","1","14","42","56","72"
"5746","21","3","15","3","4","312","12","C está mintiendo","C está mintiendo","1","1","1","1","14","42","56","72"
"5747","22","3","15","3","4","307","7","Estoy diciendo la verdad","Estoy diciendo la verdad.","1","2","1","1","14","42","56","72"
"5748","22","3","15","3","4","312","12","Es el juego: 3","Es el juego 3","1","1","1","1","14","42","56","72"
"5749","23","3","15","3","4","307","7","Es el juego: 1","Es el juego 1","1","2","1","1","14","42","56","72"
"5750","24","3","15","3","4","312","12","Es el juego: 3","Es el juego 3","1","1","1","1","14","42","56","72"
"5751","24","3","15","3","4","307","7","Es el juego: 1","Es el juego 1","1","2","1","1","14","42","56","72"
"5752","25","3","15","3","4","312","12","Es el juego: 3","Es el juego 3","1","1","1","1","14","42","56","72"
"5753","26","3","15","3","4","307","7","Es el juego: 1","Es el juego 1","1","2","1","1","14","42","56","72"
"5754","26","3","15","3","4","312","12","Es el juego: 3","Es el juego 3","1","1","1","1","14","42","56","72"
"5755","28","3","15","3","4","307","7","Es el juego: 1","Es el juego 1","1","2","1","1","14","42","56","72"
"5756","28","3","15","3","4","312","12","Es el juego: 3","Es el juego 3","1","1","1","1","14","42","56","72"
"5757","29","3","15","3","4","307","7","Es el juego: 1","Es el juego 1","1","2","1","1","14","42","56","72"
"5758","29","3","15","3","4","312","12","Es el juego: 3","Es el juego 3","1","1","1","1","14","42","56","72"
"5759","30","3","15","3","4","307","7","Es el juego: 1","Es el juego 1","1","2","1","1","14","42","56","72"
"5760","31","3","15","3","4","312","12","Es el juego: 3","Es el juego 3","1","1","1","1","14","42","56","72"
"5761","32","3","15","3","4","307","7","Es el juego: 1","Es el juego 1","1","2","1","1","14","42","56","72"
"5762","32","3","15","3","4","312","12","Es el juego: 3","Es el juego 3","1","1","1","1","14","42","56","72"
"5763","34","3","15","3","4","312","12","Es el juego: 3","Es el juego 3","1","1","1","1","14","42","56","72"
"5764","35","3","15","3","4","307","7","Es el juego: 1","Es el juego 1","1","2","1","1","14","42","56","72"
"5765","35","3","15","3","4","312","12","Es el juego: 3","Es el juego 3","1","1","1","1","14","42","56","72"
"5766","37","3","15","3","4","312","12","Es el juego: 3","Es el juego 3","1","1","1","1","14","42","56","72"
"5767","37","3","15","3","4","307","7","Es el juego: 1","Es el juego 1","1","2","1","1","14","42","56","72"
"5768","38","3","15","3","4","312","12","Es el juego: 3","Es el juego 3","1","1","1","1","14","42","56","72"
"5769","38","3","15","3","4","307","7","Es el juego: 1","Es el juego 1","1","2","1","1","14","42","56","72"
"5770","39","3","15","3","4","312","12","Es el juego: 3","Es el juego 3","1","1","1","1","14","42","56","72"
"5771","39","3","15","3","4","307","7","Es el juego: 1","Es el juego 1","1","2","1","1","14","42","56","72"
"5772","41","3","15","3","4","307","7","Es el juego: 1","Es el juego 1","1","2","1","1","14","42","56","72"
"5773","41","3","15","3","4","312","12","Es el juego: 3","Es el juego 3","1","1","1","1","14","42","56","72"
"5774","42","3","15","3","4","307","7","Es el juego: 1","Es el juego 1","1","2","1","1","14","42","56","72"
"5775","43","3","15","3","4","307","7","Es el juego: 1","Es el juego 1","1","2","1","1","14","42","56","72"
"5776","44","3","15","3","4","307","7","Es el juego: 1","Es el juego 1","1","2","1","1","14","42","56","72"
"5777","46","3","15","3","4","307","7","Es el juego: 1","Es el juego 1","1","2","1","1","14","42","56","72"
"5778","2","3","15","4","1","306","6","Es el juego: 1","Es el juego 1","1","2","1","1","26","54","80","64"
"5779","3","3","15","4","1","325","25","¿En qué juego estamos?","¿En qué juego estamos?","1","0","1","1","26","54","80","64"
"5780","5","3","15","4","1","325","25","Por favor decidme la verdad","Por favor decidme la verdad","1","0","1","1","26","54","80","64"
"5781","8","3","15","4","1","325","25","Por favor decidme la verdad","Por favor decidme la verdad","1","0","1","1","26","54","80","64"
"5782","8","3","15","4","1","314","14","Es el juego: 5","Es el juego 5","1","1","1","1","26","54","80","64"
"5783","9","3","15","4","1","306","6","Es el juego: 1","Es el juego 1","1","2","1","1","26","54","80","64"
"5784","10","3","15","4","1","314","14","C está mintiendo","C está mintiendo","1","1","1","1","26","54","80","64"
"5785","12","3","15","4","1","314","14","Es el juego: 5","Es el juego 5","1","1","1","1","26","54","80","64"
"5786","14","3","15","4","1","314","14","Es el juego: 5","Es el juego 5","1","1","1","1","26","54","80","64"
"5787","19","3","15","4","1","325","25","Por favor decidme la verdad","Por favor decidme la verdad","1","0","1","1","26","54","80","64"
"5788","21","3","15","4","1","306","6","Es el juego: 1","Es el juego 1","1","2","1","1","26","54","80","64"
"5789","23","3","15","4","1","314","14","C está mintiendo","C está mintiendo","1","1","1","1","26","54","80","64"
"5790","26","3","15","4","1","325","25","Por favor decidme la verdad","Por favor decidme la verdad","1","0","1","1","26","54","80","64"
"5791","28","3","15","4","1","306","6","Es el juego: 1","Es el juego 1","1","2","1","1","26","54","80","64"
"5792","30","3","15","4","1","306","6","F está mintiendo","F está mintiendo","1","2","1","1","26","54","80","64"
"5793","30","3","15","4","1","325","25","Por favor decidme la verdad","Por favor decidme la verdad","1","0","1","1","26","54","80","64"
"5794","32","3","15","4","1","314","14","Es el juego: 5","Es el juego 5","1","1","1","1","26","54","80","64"
"5795","33","3","15","4","1","306","6","Es el juego: 1","Es el juego 1","1","2","1","1","26","54","80","64"
"5796","35","3","15","4","1","314","14","Es el juego: 5","Es el juego 5","1","1","1","1","26","54","80","64"
"5797","37","3","15","4","1","314","14","Es el juego: 5","Es el juego 5","1","1","1","1","26","54","80","64"
"5798","42","3","15","4","1","325","25","Por favor decidme la verdad","Por favor decidme la verdad","1","0","1","1","26","54","80","64"
"5799","44","3","15","4","1","325","25","Por favor decidme la verdad","Por favor decidme la verdad","1","0","1","1","26","54","80","64"
"5800","44","3","15","4","1","306","6","Es el juego: 1","Es el juego 1","1","2","1","1","26","54","80","64"
"5801","44","3","15","4","1","314","14","Es el juego: 5","Es el juego 5","1","1","1","1","26","54","80","64"
"5802","46","3","15","4","1","314","14","C está mintiendo","C está mintiendo","1","1","1","1","26","54","80","64"
"5803","2","3","15","5","5","315","15","Es el juego: 5","Es el juego 5","1","1","1","1","10","38","48","64"
"5804","4","3","15","5","5","323","23","¿En qué juego estamos?","¿En qué juego estamos?","1","0","1","1","10","38","48","64"
"5805","5","3","15","5","5","304","4","Es el juego: 1","Es el juego 1","1","2","1","1","10","38","48","64"
"5806","6","3","15","5","5","315","15","Es el juego: 5","Es el juego 5","1","1","1","1","10","38","48","64"
"5807","8","3","15","5","5","304","4","Estoy diciendo la verdad","Estoy diciendo la verdad.","1","2","1","1","10","38","48","64"
"5808","8","3","15","5","5","315","15","Estoy diciendo la verdad","Estoy diciendo la verdad.","1","1","1","1","10","38","48","64"
"5809","10","3","15","5","5","304","4","Es el juego: 1","Es el juego 1","1","2","1","1","10","38","48","64"
"5810","10","3","15","5","5","315","15","Estoy diciendo la verdad","Estoy diciendo la verdad.","1","1","1","1","10","38","48","64"
"5811","11","3","15","5","5","304","4","Es el juego: 1","Es el juego 1","1","2","1","1","10","38","48","64"
"5812","11","3","15","5","5","315","15","Estoy diciendo la verdad","Estoy diciendo la verdad.","1","1","1","1","10","38","48","64"
"5813","12","3","15","5","5","304","4","Es el juego: 1","Es el juego 1","1","2","1","1","10","38","48","64"
"5814","13","3","15","5","5","304","4","Es el juego: 1","Es el juego 1","1","2","1","1","10","38","48","64"
"5815","13","3","15","5","5","315","15","Estoy diciendo la verdad","Estoy diciendo la verdad.","1","1","1","1","10","38","48","64"
"5816","14","3","15","5","5","304","4","Es el juego: 1","Es el juego 1","1","2","1","1","10","38","48","64"
"5817","15","3","15","5","5","315","15","Es el juego: 5","Es el juego 5","1","1","1","1","10","38","48","64"
"5818","16","3","15","5","5","304","4","Es el juego: 1","Es el juego 1","1","2","1","1","10","38","48","64"
"5819","16","3","15","5","5","315","15","Es el juego: 5","Es el juego 5","1","1","1","1","10","38","48","64"
"5820","17","3","15","5","5","315","15","Es el juego: 5","Es el juego 5","1","1","1","1","10","38","48","64"
"5821","17","3","15","5","5","304","4","F está mintiendo","F está mintiendo","1","2","1","1","10","38","48","64"
"5822","19","3","15","5","5","304","4","Es el juego: 1","Es el juego 1","1","2","1","1","10","38","48","64"
"5823","20","3","15","5","5","304","4","F está mintiendo","F está mintiendo","1","2","1","1","10","38","48","64"
"5824","20","3","15","5","5","315","15","Es el juego: 5","Es el juego 5","1","1","1","1","10","38","48","64"
"5825","22","3","15","5","5","304","4","Es el juego: 1","Es el juego 1","1","2","1","1","10","38","48","64"
"5826","24","3","15","5","5","304","4","F está mintiendo","F está mintiendo","1","2","1","1","10","38","48","64"
"5827","24","3","15","5","5","315","15","Es el juego: 5","Es el juego 5","1","1","1","1","10","38","48","64"
"5828","25","3","15","5","5","304","4","Es el juego: 1","Es el juego 1","1","2","1","1","10","38","48","64"
"5829","25","3","15","5","5","315","15","Es el juego: 5","Es el juego 5","1","1","1","1","10","38","48","64"
"5830","26","3","15","5","5","304","4","Es el juego: 1","Es el juego 1","1","2","1","1","10","38","48","64"
"5831","27","3","15","5","5","315","15","Es el juego: 5","Es el juego 5","1","1","1","1","10","38","48","64"
"5832","28","3","15","5","5","304","4","Es el juego: 1","Es el juego 1","1","2","1","1","10","38","48","64"
"5833","28","3","15","5","5","315","15","Es el juego: 5","Es el juego 5","1","1","1","1","10","38","48","64"
"5834","30","3","15","5","5","304","4","Es el juego: 1","Es el juego 1","1","2","1","1","10","38","48","64"
"5835","30","3","15","5","5","315","15","Es el juego: 5","Es el juego 5","1","1","1","1","10","38","48","64"
"5836","31","3","15","5","5","304","4","Es el juego: 1","Es el juego 1","1","2","1","1","10","38","48","64"
"5837","32","3","15","5","5","304","4","Es el juego: 1","Es el juego 1","1","2","1","1","10","38","48","64"
"5838","33","3","15","5","5","315","15","Es el juego: 5","Es el juego 5","1","1","1","1","10","38","48","64"
"5839","34","3","15","5","5","304","4","Es el juego: 1","Es el juego 1","1","2","1","1","10","38","48","64"
"5840","35","3","15","5","5","315","15","Es el juego: 5","Es el juego 5","1","1","1","1","10","38","48","64"
"5841","35","3","15","5","5","304","4","Es el juego: 1","Es el juego 1","1","2","1","1","10","38","48","64"
"5842","36","3","15","5","5","315","15","Es el juego: 5","Es el juego 5","1","1","1","1","10","38","48","64"
"5843","36","3","15","5","5","304","4","Es el juego: 1","Es el juego 1","1","2","1","1","10","38","48","64"
"5844","38","3","15","5","5","304","4","Es el juego: 1","Es el juego 1","1","2","1","1","10","38","48","64"
"5845","38","3","15","5","5","315","15","Es el juego: 5","Es el juego 5","1","1","1","1","10","38","48","64"
"5846","39","3","15","5","5","304","4","Es el juego: 1","Es el juego 1","1","2","1","1","10","38","48","64"
"5847","39","3","15","5","5","315","15","Es el juego: 5","Es el juego 5","1","1","1","1","10","38","48","64"
"5848","41","3","15","5","5","304","4","Es el juego: 1","Es el juego 1","1","2","1","1","10","38","48","64"
"5849","41","3","15","5","5","315","15","Es el juego: 5","Es el juego 5","1","1","1","1","10","38","48","64"
"5850","42","3","15","5","5","304","4","Es el juego: 1","Es el juego 1","1","2","1","1","10","38","48","64"
"5851","43","3","15","5","5","315","15","Es el juego: 5","Es el juego 5","1","1","1","1","10","38","48","64"
"5852","43","3","15","5","5","304","4","Es el juego: 1","Es el juego 1","1","2","1","1","10","38","48","64"
"5853","44","3","15","5","5","315","15","Es el juego: 5","Es el juego 5","1","1","1","1","10","38","48","64"
"5854","45","3","15","5","5","304","4","Es el juego: 1","Es el juego 1","1","2","1","1","10","38","48","64"
"5855","46","3","15","5","5","304","4","Es el juego: 1","Es el juego 1","1","2","1","1","10","38","48","64"
"5856","2","3","15","6","2","326","26","¿En qué juego estamos?","¿En qué juego estamos?","1","0","2","2","33","47","80","72"
"5857","6","3","15","6","2","308","8","Es el juego: 2","Es el juego 2","1","2","2","2","33","47","80","72"
"5858","8","3","15","6","2","326","26","Por favor decidme la verdad","Por favor decidme la verdad","1","0","2","2","33","47","80","72"
"5859","9","3","15","6","2","308","8","Estoy diciendo la verdad","Estoy diciendo la verdad.","1","2","2","2","33","47","80","72"
"5860","16","3","15","6","2","326","26","¿En qué juego estamos?","¿En qué juego estamos?","1","0","2","2","33","47","80","72"
"5861","18","3","15","6","2","308","8","Es el juego: 2","Es el juego 2","1","2","2","2","33","47","80","72"
"5862","24","3","15","6","2","326","26","¿En qué juego estamos?","¿En qué juego estamos?","1","0","2","2","33","47","80","72"
"5863","36","3","15","6","2","317","17","Es el juego: 2","Es el juego 2","1","1","2","2","33","47","80","72"
"5864","41","3","15","6","2","308","8","F está diciendo la verdad","F está diciendo la verdad","1","2","2","2","33","47","80","72"
"5865","2","3","15","7","1","322","22","¿En qué juego estamos?","¿En qué juego estamos?","1","0","4","4","35","21","56","64"
"5866","4","3","15","7","1","322","22","¿En qué juego estamos?","¿En qué juego estamos?","1","0","4","4","35","21","56","64"
"5867","12","3","15","7","1","309","9","Es el juego: 1","Es el juego 1","1","2","4","4","35","21","56","64"
"5868","13","3","15","7","1","311","11","Es el juego: 4","Es el juego 4","1","1","4","4","35","21","56","64"
"5869","15","3","15","7","1","309","9","Estoy diciendo la verdad","Estoy diciendo la verdad.","1","2","4","4","35","21","56","64"
"5870","18","3","15","7","1","309","9","Es el juego: 1","Es el juego 1","1","2","4","4","35","21","56","64"
"5871","18","3","15","7","1","311","11","Es el juego: 4","Es el juego 4","1","1","4","4","35","21","56","64"
"5872","20","3","15","7","1","311","11","Estoy diciendo la verdad","Estoy diciendo la verdad.","1","1","4","4","35","21","56","64"
"5873","22","3","15","7","1","311","11","C está mintiendo","C está mintiendo","1","1","4","4","35","21","56","64"
"5874","24","3","15","7","1","309","9","F está mintiendo","F está mintiendo","1","2","4","4","35","21","56","64"
"5875","25","3","15","7","1","309","9","F está mintiendo","F está mintiendo","1","2","4","4","35","21","56","64"
"5876","26","3","15","7","1","311","11","C está mintiendo","C está mintiendo","1","1","4","4","35","21","56","64"
"5877","27","3","15","7","1","309","9","Es el juego: 1","Es el juego 1","1","2","4","4","35","21","56","64"
"5878","27","3","15","7","1","311","11","C está mintiendo","C está mintiendo","1","1","4","4","35","21","56","64"
"5879","29","3","15","7","1","311","11","C está mintiendo","C está mintiendo","1","1","4","4","35","21","56","64"
"5880","29","3","15","7","1","309","9","Es el juego: 1","Es el juego 1","1","2","4","4","35","21","56","64"
"5881","31","3","15","7","1","309","9","Es el juego: 1","Es el juego 1","1","2","4","4","35","21","56","64"
"5882","31","3","15","7","1","311","11","C está mintiendo","C está mintiendo","1","1","4","4","35","21","56","64"
"5883","32","3","15","7","1","309","9","Es el juego: 1","Es el juego 1","1","2","4","4","35","21","56","64"
"5884","33","3","15","7","1","311","11","C está mintiendo","C está mintiendo","1","1","4","4","35","21","56","64"
"5885","34","3","15","7","1","309","9","Es el juego: 1","Es el juego 1","1","2","4","4","35","21","56","64"
"5886","35","3","15","7","1","311","11","C está mintiendo","C está mintiendo","1","1","4","4","35","21","56","64"
"5887","36","3","15","7","1","309","9","Estoy diciendo la verdad","Estoy diciendo la verdad.","1","2","4","4","35","21","56","64"
"5888","37","3","15","7","1","311","11","C está mintiendo","C está mintiendo","1","1","4","4","35","21","56","64"
"5889","37","3","15","7","1","309","9","Estoy diciendo la verdad","Estoy diciendo la verdad.","1","2","4","4","35","21","56","64"
"5890","38","3","15","7","1","311","11","C está mintiendo","C está mintiendo","1","1","4","4","35","21","56","64"
"5891","39","3","15","7","1","309","9","Es el juego: 1","Es el juego 1","1","2","4","4","35","21","56","64"
"5892","41","3","15","7","1","309","9","Es el juego: 1","Es el juego 1","1","2","4","4","35","21","56","64"
"5893","41","3","15","7","1","311","11","C está mintiendo","C está mintiendo","1","1","4","4","35","21","56","64"
"5894","42","3","15","7","1","311","11","C está mintiendo","C está mintiendo","1","1","4","4","35","21","56","64"
"5895","43","3","15","7","1","309","9","Es el juego: 1","Es el juego 1","1","2","4","4","35","21","56","64"
"5896","44","3","15","7","1","311","11","C está mintiendo","C está mintiendo","1","1","4","4","35","21","56","64"
"5897","45","3","15","7","1","309","9","Es el juego: 1","Es el juego 1","1","2","4","4","35","21","56","64"
"5898","45","3","15","7","1","311","11","C está mintiendo","C está mintiendo","1","1","4","4","35","21","56","64"
"5899","4","3","15","8","1","305","5","Es el juego: 1","Es el juego 1","1","2","5","5","38","10","48","64"
"5900","7","3","15","8","1","305","5","Es el juego: 1","Es el juego 1","1","2","5","5","38","10","48","64"
"5901","7","3","15","8","1","313","13","Es el juego: 5","Es el juego 5","1","1","5","5","38","10","48","64"
"5902","10","3","15","8","1","313","13","Es el juego: 5","Es el juego 5","1","1","5","5","38","10","48","64"
"5903","11","3","15","8","1","313","13","Es el juego: 5","Es el juego 5","1","1","5","5","38","10","48","64"
"5904","12","3","15","8","1","305","5","Estoy diciendo la verdad","Estoy diciendo la verdad.","1","2","5","5","38","10","48","64"
"5905","13","3","15","8","1","313","13","C está mintiendo","C está mintiendo","1","1","5","5","38","10","48","64"
"5906","14","3","15","8","1","313","13","C está mintiendo","C está mintiendo","1","1","5","5","38","10","48","64"
"5907","16","3","15","8","1","313","13","C está mintiendo","C está mintiendo","1","1","5","5","38","10","48","64"
"5908","17","3","15","8","1","313","13","Estoy diciendo la verdad","Estoy diciendo la verdad.","1","1","5","5","38","10","48","64"
"5909","17","3","15","8","1","305","5","Es el juego: 1","Es el juego 1","1","2","5","5","38","10","48","64"
"5910","18","3","15","8","1","313","13","Es el juego: 5","Es el juego 5","1","1","5","5","38","10","48","64"
"5911","19","3","15","8","1","305","5","Es el juego: 1","Es el juego 1","1","2","5","5","38","10","48","64"
"5912","20","3","15","8","1","313","13","Estoy diciendo la verdad","Estoy diciendo la verdad.","1","1","5","5","38","10","48","64"
"5913","21","3","15","8","1","313","13","Es el juego: 5","Es el juego 5","1","1","5","5","38","10","48","64"
"5914","21","3","15","8","1","305","5","Es el juego: 1","Es el juego 1","1","2","5","5","38","10","48","64"
"5915","23","3","15","8","1","313","13","Estoy diciendo la verdad","Estoy diciendo la verdad.","1","1","5","5","38","10","48","64"
"5916","24","3","15","8","1","313","13","Es el juego: 5","Es el juego 5","1","1","5","5","38","10","48","64"
"5917","25","3","15","8","1","313","13","Estoy diciendo la verdad","Estoy diciendo la verdad.","1","1","5","5","38","10","48","64"
"5918","27","3","15","8","1","313","13","Es el juego: 5","Es el juego 5","1","1","5","5","38","10","48","64"
"5919","28","3","15","8","1","313","13","Estoy diciendo la verdad","Estoy diciendo la verdad.","1","1","5","5","38","10","48","64"
"5920","30","3","15","8","1","313","13","Es el juego: 5","Es el juego 5","1","1","5","5","38","10","48","64"
"5921","31","3","15","8","1","313","13","C está mintiendo","C está mintiendo","1","1","5","5","38","10","48","64"
"5922","31","3","15","8","1","305","5","Es el juego: 1","Es el juego 1","1","2","5","5","38","10","48","64"
"5923","33","3","15","8","1","305","5","Es el juego: 1","Es el juego 1","1","2","5","5","38","10","48","64"
"5924","35","3","15","8","1","305","5","Es el juego: 1","Es el juego 1","1","2","5","5","38","10","48","64"
"5925","40","3","15","8","1","305","5","Es el juego: 1","Es el juego 1","1","2","5","5","38","10","48","64"
"5926","42","3","15","8","1","305","5","Es el juego: 1","Es el juego 1","1","2","5","5","38","10","48","64"
"5927","42","3","15","8","1","313","13","Es el juego: 5","Es el juego 5","1","1","5","5","38","10","48","64"
"5928","44","3","15","8","1","313","13","Es el juego: 5","Es el juego 5","1","1","5","5","38","10","48","64"
"5929","45","3","15","8","1","313","13","Es el juego: 5","Es el juego 5","1","1","5","5","38","10","48","64"
"5930","46","3","15","8","1","313","13","Es el juego: 5","Es el juego 5","1","1","5","5","38","10","48","64"
"5931","2","3","15","9","4","324","24","¿En qué juego estamos?","¿En qué juego estamos?","1","0","3","3","36","36","72","72"
"5932","8","3","15","9","4","303","3","Es el juego: 1","Es el juego 1","1","2","3","3","36","36","72","72"
"5933","12","3","15","9","4","316","16","C está mintiendo","C está mintiendo","1","1","3","3","36","36","72","72"
"5934","14","3","15","9","4","303","3","Estoy diciendo la verdad","Estoy diciendo la verdad.","1","2","3","3","36","36","72","72"
"5935","16","3","15","9","4","316","16","Es el juego: 4","Es el juego 4","1","1","3","3","36","36","72","72"
"5936","18","3","15","9","4","303","3","F está mintiendo","F está mintiendo","1","2","3","3","36","36","72","72"
"5937","21","3","15","9","4","303","3","Estoy diciendo la verdad","Estoy diciendo la verdad.","1","2","3","3","36","36","72","72"
"5938","24","3","15","9","4","316","16","Estoy diciendo la verdad","Estoy diciendo la verdad.","1","1","3","3","36","36","72","72"
"5939","25","3","15","9","4","303","3","Es el juego: 1","Es el juego 1","1","2","3","3","36","36","72","72"
"5940","27","3","15","9","4","303","3","Es el juego: 1","Es el juego 1","1","2","3","3","36","36","72","72"
"5941","33","3","15","9","4","316","16","C está mintiendo","C está mintiendo","1","1","3","3","36","36","72","72"
"5942","35","3","15","9","4","316","16","Es el juego: 4","Es el juego 4","1","1","3","3","36","36","72","72"
"-999","0","3","16","8","5","320","20","","-999","1","0","1","1","10","38","48","64"
"-999","0","1","16","7","4","119","19","","-999","1","0","4","4","47","33","80","72"
"-999","0","1","16","3","4","121","21","","-999","1","0","4","4","47","33","80","72"
"1436","2","1","16","1","1","124","24","¿En qué juego estamos?","¿En qué juego estamos?","1","0","3","3","32","32","64","64"
"1437","29","1","16","1","1","117","17","Es el juego: 3","Es el juego 3","1","1","3","3","32","32","64","64"
"1438","32","1","16","1","1","103","3","Es el juego: 1","Es el juego 1","1","2","3","3","32","32","64","64"
"1439","33","1","16","1","1","124","24","Por favor decidme la verdad","Por favor decidme la verdad","1","0","3","3","32","32","64","64"
"1440","36","1","16","1","1","124","24","Por favor decidme la verdad","Por favor decidme la verdad","1","0","3","3","32","32","64","64"
"1441","39","1","16","1","1","117","17","Es el juego: 3","Es el juego 3","1","1","3","3","32","32","64","64"
"1442","3","1","16","2","1","123","23","¿En qué juego estamos?","¿En qué juego estamos?","1","0","3","3","32","32","64","64"
"1443","4","1","16","2","1","102","2","Es el juego: 1","Es el juego 1","1","2","3","3","32","32","64","64"
"1444","4","1","16","2","1","123","23","Por favor decidme la verdad","Por favor decidme la verdad","1","0","3","3","32","32","64","64"
"1445","7","1","16","2","1","102","2","Estoy diciendo la verdad","Estoy diciendo la verdad.","1","2","3","3","32","32","64","64"
"1446","7","1","16","2","1","123","23","Por favor decidme la verdad","Por favor decidme la verdad","1","0","3","3","32","32","64","64"
"1447","10","1","16","2","1","102","2","Estoy diciendo la verdad","Estoy diciendo la verdad.","1","2","3","3","32","32","64","64"
"1448","10","1","16","2","1","116","16","Es el juego: 3","Es el juego 3","1","1","3","3","32","32","64","64"
"1449","13","1","16","2","1","102","2","F está mintiendo","F está mintiendo","1","2","3","3","32","32","64","64"
"1450","4","1","16","3","4","114","14","Es el juego: 4","Es el juego 4","1","1","4","4","47","33","80","72"
"1451","6","1","16","3","4","114","14","Estoy diciendo la verdad","Estoy diciendo la verdad.","1","1","4","4","47","33","80","72"
"1452","19","1","16","3","4","114","14","Es el juego: 4","Es el juego 4","1","1","4","4","47","33","80","72"
"1453","20","1","16","3","4","107","7","F está mintiendo","F está mintiendo","1","2","4","4","47","33","80","72"
"1454","29","1","16","3","4","107","7","Es el juego: 3","Es el juego 3","1","2","4","4","47","33","80","72"
"1455","33","1","16","3","4","114","14","C está mintiendo","C está mintiendo","1","1","4","4","47","33","80","72"
"1456","35","1","16","3","4","114","14","Es el juego: 4","Es el juego 4","1","1","4","4","47","33","80","72"
"1457","39","1","16","3","4","107","7","Estoy diciendo la verdad","Estoy diciendo la verdad.","1","2","4","4","47","33","80","72"
"1458","41","1","16","3","4","107","7","Es el juego: 3","Es el juego 3","1","2","4","4","47","33","80","72"
"1459","44","1","16","3","4","107","7","F está mintiendo","F está mintiendo","1","2","4","4","47","33","80","72"
"1460","4","1","16","4","4","120","20","¿En qué juego estamos?","¿En qué juego estamos?","1","0","3","3","36","36","72","72"
"1461","7","1","16","4","4","120","20","Por favor decidme la verdad","Por favor decidme la verdad","1","0","3","3","36","36","72","72"
"1462","12","1","16","4","4","101","1","Es el juego: 3","Es el juego 3","1","2","3","3","36","36","72","72"
"1463","15","1","16","4","4","115","15","C está mintiendo","C está mintiendo","1","1","3","3","36","36","72","72"
"1464","21","1","16","4","4","115","15","C está mintiendo","C está mintiendo","1","1","3","3","36","36","72","72"
"1465","22","1","16","4","4","101","1","Estoy diciendo la verdad","Estoy diciendo la verdad.","1","2","3","3","36","36","72","72"
"1466","22","1","16","4","4","115","15","C está mintiendo","C está mintiendo","1","1","3","3","36","36","72","72"
"1467","26","1","16","4","4","120","20","¿En qué juego estamos?","¿En qué juego estamos?","1","0","3","3","36","36","72","72"
"1468","26","1","16","4","4","115","15","Es el juego: 5","Es el juego 5","1","1","3","3","36","36","72","72"
"1469","29","1","16","4","4","115","15","Es el juego: 5","Es el juego 5","1","1","3","3","36","36","72","72"
"1470","29","1","16","4","4","101","1","Es el juego: 3","Es el juego 3","1","2","3","3","36","36","72","72"
"1471","31","1","16","4","4","115","15","C está mintiendo","C está mintiendo","1","1","3","3","36","36","72","72"
"1472","32","1","16","4","4","115","15","C está mintiendo","C está mintiendo","1","1","3","3","36","36","72","72"
"1473","34","1","16","4","4","115","15","C está mintiendo","C está mintiendo","1","1","3","3","36","36","72","72"
"1474","35","1","16","4","4","115","15","C está mintiendo","C está mintiendo","1","1","3","3","36","36","72","72"
"1475","37","1","16","4","4","115","15","C está mintiendo","C está mintiendo","1","1","3","3","36","36","72","72"
"1476","38","1","16","4","4","115","15","C está mintiendo","C está mintiendo","1","1","3","3","36","36","72","72"
"1477","39","1","16","4","4","101","1","F está mintiendo","F está mintiendo","1","2","3","3","36","36","72","72"
"1478","39","1","16","4","4","115","15","C está mintiendo","C está mintiendo","1","1","3","3","36","36","72","72"
"1479","41","1","16","4","4","115","15","C está mintiendo","C está mintiendo","1","1","3","3","36","36","72","72"
"1480","42","1","16","4","4","101","1","Es el juego: 3","Es el juego 3","1","2","3","3","36","36","72","72"
"1481","43","1","16","4","4","115","15","C está mintiendo","C está mintiendo","1","1","3","3","36","36","72","72"
"1482","44","1","16","4","4","101","1","Estoy diciendo la verdad","Estoy diciendo la verdad.","1","2","3","3","36","36","72","72"
"1483","44","1","16","4","4","115","15","C está mintiendo","C está mintiendo","1","1","3","3","36","36","72","72"
"1484","46","1","16","4","4","115","15","C está mintiendo","C está mintiendo","1","1","3","3","36","36","72","72"
"1485","2","1","16","5","2","126","26","Por favor decidme la verdad","Por favor decidme la verdad","1","0","2","2","33","47","80","72"
"1486","4","1","16","5","2","126","26","¿En qué juego estamos?","¿En qué juego estamos?","1","0","2","2","33","47","80","72"
"1487","7","1","16","5","2","106","6","Es el juego: 2","Es el juego 2","1","2","2","2","33","47","80","72"
"1488","13","1","16","5","2","113","13","Es el juego: 3","Es el juego 3","1","1","2","2","33","47","80","72"
"1489","1","1","16","6","4","125","25","¿En qué juego estamos?","¿En qué juego estamos?","1","0","1","1","14","42","56","72"
"1490","9","1","16","6","4","111","11","Es el juego: 4","Es el juego 4","1","1","1","1","14","42","56","72"
"1491","13","1","16","6","4","111","11","Estoy diciendo la verdad","Estoy diciendo la verdad.","1","1","1","1","14","42","56","72"
"1492","13","1","16","6","4","108","8","Es el juego: 1","Es el juego 1","1","2","1","1","14","42","56","72"
"1493","15","1","16","6","4","111","11","C está diciendo la verdad","C está diciendo la verdad","1","1","1","1","14","42","56","72"
"1494","16","1","16","6","4","108","8","Estoy diciendo la verdad","Estoy diciendo la verdad.","1","2","1","1","14","42","56","72"
"1495","17","1","16","6","4","111","11","C está mintiendo","C está mintiendo","1","1","1","1","14","42","56","72"
"1496","18","1","16","6","4","108","8","F está mintiendo","F está mintiendo","1","2","1","1","14","42","56","72"
"1497","18","1","16","6","4","111","11","Es el juego: 4","Es el juego 4","1","1","1","1","14","42","56","72"
"1498","19","1","16","6","4","108","8","F está mintiendo","F está mintiendo","1","2","1","1","14","42","56","72"
"1499","20","1","16","6","4","111","11","Es el juego: 4","Es el juego 4","1","1","1","1","14","42","56","72"
"1500","21","1","16","6","4","108","8","F está mintiendo","F está mintiendo","1","2","1","1","14","42","56","72"
"1501","21","1","16","6","4","111","11","Es el juego: 4","Es el juego 4","1","1","1","1","14","42","56","72"
"1502","22","1","16","6","4","108","8","Es el juego: 1","Es el juego 1","1","2","1","1","14","42","56","72"
"1503","23","1","16","6","4","111","11","Es el juego: 4","Es el juego 4","1","1","1","1","14","42","56","72"
"1504","23","1","16","6","4","108","8","Es el juego: 1","Es el juego 1","1","2","1","1","14","42","56","72"
"1505","24","1","16","6","4","111","11","Estoy diciendo la verdad","Estoy diciendo la verdad.","1","1","1","1","14","42","56","72"
"1506","25","1","16","6","4","108","8","Es el juego: 1","Es el juego 1","1","2","1","1","14","42","56","72"
"1507","26","1","16","6","4","111","11","Estoy diciendo la verdad","Estoy diciendo la verdad.","1","1","1","1","14","42","56","72"
"1508","26","1","16","6","4","108","8","Es el juego: 1","Es el juego 1","1","2","1","1","14","42","56","72"
"1509","27","1","16","6","4","111","11","Estoy diciendo la verdad","Estoy diciendo la verdad.","1","1","1","1","14","42","56","72"
"1510","27","1","16","6","4","108","8","Es el juego: 1","Es el juego 1","1","2","1","1","14","42","56","72"
"1511","29","1","16","6","4","108","8","Es el juego: 1","Es el juego 1","1","2","1","1","14","42","56","72"
"1512","29","1","16","6","4","111","11","Estoy diciendo la verdad","Estoy diciendo la verdad.","1","1","1","1","14","42","56","72"
"1513","30","1","16","6","4","108","8","Estoy diciendo la verdad","Estoy diciendo la verdad.","1","2","1","1","14","42","56","72"
"1514","30","1","16","6","4","111","11","Estoy diciendo la verdad","Estoy diciendo la verdad.","1","1","1","1","14","42","56","72"
"1515","31","1","16","6","4","108","8","F está mintiendo","F está mintiendo","1","2","1","1","14","42","56","72"
"1516","32","1","16","6","4","111","11","Estoy diciendo la verdad","Estoy diciendo la verdad.","1","1","1","1","14","42","56","72"
"1517","33","1","16","6","4","108","8","F está mintiendo","F está mintiendo","1","2","1","1","14","42","56","72"
"1518","33","1","16","6","4","111","11","Estoy diciendo la verdad","Estoy diciendo la verdad.","1","1","1","1","14","42","56","72"
"1519","34","1","16","6","4","108","8","Es el juego: 1","Es el juego 1","1","2","1","1","14","42","56","72"
"1520","35","1","16","6","4","111","11","Estoy diciendo la verdad","Estoy diciendo la verdad.","1","1","1","1","14","42","56","72"
"1521","37","1","16","6","4","111","11","Estoy diciendo la verdad","Estoy diciendo la verdad.","1","1","1","1","14","42","56","72"
"1522","38","1","16","6","4","111","11","Estoy diciendo la verdad","Estoy diciendo la verdad.","1","1","1","1","14","42","56","72"
"1523","39","1","16","6","4","111","11","Estoy diciendo la verdad","Estoy diciendo la verdad.","1","1","1","1","14","42","56","72"
"1524","41","1","16","6","4","108","8","Estoy diciendo la verdad","Estoy diciendo la verdad.","1","2","1","1","14","42","56","72"
"1525","41","1","16","6","4","111","11","Es el juego: 4","Es el juego 4","1","1","1","1","14","42","56","72"
"1526","42","1","16","6","4","108","8","Es el juego: 1","Es el juego 1","1","2","1","1","14","42","56","72"
"1527","42","1","16","6","4","111","11","Es el juego: 4","Es el juego 4","1","1","1","1","14","42","56","72"
"1528","44","1","16","6","4","111","11","Es el juego: 4","Es el juego 4","1","1","1","1","14","42","56","72"
"1529","45","1","16","6","4","108","8","Es el juego: 1","Es el juego 1","1","2","1","1","14","42","56","72"
"1530","45","1","16","6","4","111","11","Es el juego: 4","Es el juego 4","1","1","1","1","14","42","56","72"
"1531","46","1","16","6","4","108","8","Es el juego: 1","Es el juego 1","1","2","1","1","14","42","56","72"
"1532","46","1","16","6","4","111","11","Es el juego: 4","Es el juego 4","1","1","1","1","14","42","56","72"
"1533","4","1","16","7","4","118","18","Es el juego: 4","Es el juego 4","1","1","4","4","47","33","80","72"
"1534","7","1","16","7","4","104","4","F está mintiendo","F está mintiendo","1","2","4","4","47","33","80","72"
"1535","11","1","16","7","4","104","4","Es el juego: 2","Es el juego 2","1","2","4","4","47","33","80","72"
"1536","13","1","16","7","4","118","18","Es el juego: 4","Es el juego 4","1","1","4","4","47","33","80","72"
"1537","13","1","16","7","4","104","4","Es el juego: 2","Es el juego 2","1","2","4","4","47","33","80","72"
"1538","16","1","16","7","4","104","4","F está mintiendo","F está mintiendo","1","2","4","4","47","33","80","72"
"1539","17","1","16","7","4","104","4","Es el juego: 2","Es el juego 2","1","2","4","4","47","33","80","72"
"1540","19","1","16","7","4","104","4","Es el juego: 2","Es el juego 2","1","2","4","4","47","33","80","72"
"1541","19","1","16","7","4","118","18","C está mintiendo","C está mintiendo","1","1","4","4","47","33","80","72"
"1542","21","1","16","7","4","118","18","Es el juego: 4","Es el juego 4","1","1","4","4","47","33","80","72"
"1543","21","1","16","7","4","104","4","Estoy diciendo la verdad","Estoy diciendo la verdad.","1","2","4","4","47","33","80","72"
"1544","23","1","16","7","4","104","4","Es el juego: 2","Es el juego 2","1","2","4","4","47","33","80","72"
"1545","25","1","16","7","4","118","18","Es el juego: 4","Es el juego 4","1","1","4","4","47","33","80","72"
"1546","26","1","16","7","4","104","4","Estoy diciendo la verdad","Estoy diciendo la verdad.","1","2","4","4","47","33","80","72"
"1547","27","1","16","7","4","118","18","Es el juego: 4","Es el juego 4","1","1","4","4","47","33","80","72"
"1548","28","1","16","7","4","104","4","Es el juego: 2","Es el juego 2","1","2","4","4","47","33","80","72"
"1549","29","1","16","7","4","118","18","Estoy diciendo la verdad","Estoy diciendo la verdad.","1","1","4","4","47","33","80","72"
"1550","30","1","16","7","4","104","4","F está mintiendo","F está mintiendo","1","2","4","4","47","33","80","72"
"1551","31","1","16","7","4","118","18","Es el juego: 4","Es el juego 4","1","1","4","4","47","33","80","72"
"1552","32","1","16","7","4","104","4","Es el juego: 2","Es el juego 2","1","2","4","4","47","33","80","72"
"1553","33","1","16","7","4","118","18","Es el juego: 4","Es el juego 4","1","1","4","4","47","33","80","72"
"1554","34","1","16","7","4","104","4","F está mintiendo","F está mintiendo","1","2","4","4","47","33","80","72"
"1555","36","1","16","7","4","104","4","Es el juego: 2","Es el juego 2","1","2","4","4","47","33","80","72"
"1556","37","1","16","7","4","118","18","C está mintiendo","C está mintiendo","1","1","4","4","47","33","80","72"
"1557","38","1","16","7","4","104","4","Es el juego: 2","Es el juego 2","1","2","4","4","47","33","80","72"
"1558","39","1","16","7","4","118","18","Es el juego: 4","Es el juego 4","1","1","4","4","47","33","80","72"
"1559","40","1","16","7","4","104","4","Es el juego: 2","Es el juego 2","1","2","4","4","47","33","80","72"
"1560","41","1","16","7","4","118","18","Es el juego: 4","Es el juego 4","1","1","4","4","47","33","80","72"
"1561","42","1","16","7","4","104","4","Es el juego: 2","Es el juego 2","1","2","4","4","47","33","80","72"
"1562","44","1","16","7","4","104","4","F está mintiendo","F está mintiendo","1","2","4","4","47","33","80","72"
"1563","45","1","16","7","4","118","18","Es el juego: 4","Es el juego 4","1","1","4","4","47","33","80","72"
"1564","45","1","16","7","4","104","4","Es el juego: 2","Es el juego 2","1","2","4","4","47","33","80","72"
"1565","2","1","16","8","5","122","22","¿En qué juego estamos?","¿En qué juego estamos?","1","0","4","4","43","29","72","64"
"1566","3","1","16","8","5","122","22","¿En qué juego estamos?","¿En qué juego estamos?","1","0","4","4","43","29","72","64"
"1567","5","1","16","8","5","122","22","¿En qué juego estamos?","¿En qué juego estamos?","1","0","4","4","43","29","72","64"
"1568","7","1","16","8","5","122","22","¿En qué juego estamos?","¿En qué juego estamos?","1","0","4","4","43","29","72","64"
"1569","7","1","16","8","5","105","5","Es el juego: 5","Es el juego 5","1","2","4","4","43","29","72","64"
"1570","8","1","16","8","5","122","22","¿En qué juego estamos?","¿En qué juego estamos?","1","0","4","4","43","29","72","64"
"1571","11","1","16","8","5","122","22","Por favor decidme la verdad","Por favor decidme la verdad","1","0","4","4","43","29","72","64"
"1572","13","1","16","8","5","122","22","Por favor decidme la verdad","Por favor decidme la verdad","1","0","4","4","43","29","72","64"
"1573","14","1","16","8","5","122","22","Por favor decidme la verdad","Por favor decidme la verdad","1","0","4","4","43","29","72","64"
"1574","15","1","16","8","5","110","10","Es el juego: 5","Es el juego 5","1","1","4","4","43","29","72","64"
"1575","15","1","16","8","5","122","22","Por favor decidme la verdad","Por favor decidme la verdad","1","0","4","4","43","29","72","64"
"1576","16","1","16","8","5","105","5","Estoy diciendo la verdad","Estoy diciendo la verdad.","1","2","4","4","43","29","72","64"
"1577","17","1","16","8","5","110","10","Estoy diciendo la verdad","Estoy diciendo la verdad.","1","1","4","4","43","29","72","64"
"1578","19","1","16","8","5","105","5","F está diciendo la verdad","F está diciendo la verdad","1","2","4","4","43","29","72","64"
"1579","19","1","16","8","5","110","10","C está diciendo la verdad","C está diciendo la verdad","1","1","4","4","43","29","72","64"
"1580","30","1","16","8","5","110","10","Estoy diciendo la verdad","Estoy diciendo la verdad.","1","1","4","4","43","29","72","64"
"1581","30","1","16","8","5","105","5","Estoy diciendo la verdad","Estoy diciendo la verdad.","1","2","4","4","43","29","72","64"
"1582","31","1","16","8","5","110","10","C está diciendo la verdad","C está diciendo la verdad","1","1","4","4","43","29","72","64"
"1583","32","1","16","8","5","105","5","F está diciendo la verdad","F está diciendo la verdad","1","2","4","4","43","29","72","64"
"1584","32","1","16","8","5","110","10","Estoy diciendo la verdad","Estoy diciendo la verdad.","1","1","4","4","43","29","72","64"
"1585","34","1","16","8","5","110","10","C está diciendo la verdad","C está diciendo la verdad","1","1","4","4","43","29","72","64"
"1586","36","1","16","8","5","110","10","Estoy diciendo la verdad","Estoy diciendo la verdad.","1","1","4","4","43","29","72","64"
"1587","39","1","16","8","5","122","22","Por favor decidme la verdad","Por favor decidme la verdad","1","0","4","4","43","29","72","64"
"1588","41","1","16","8","5","110","10","C está diciendo la verdad","C está diciendo la verdad","1","1","4","4","43","29","72","64"
"1589","41","1","16","8","5","122","22","Por favor decidme la verdad","Por favor decidme la verdad","1","0","4","4","43","29","72","64"
"1590","42","1","16","8","5","122","22","Por favor decidme la verdad","Por favor decidme la verdad","1","0","4","4","43","29","72","64"
"1591","43","1","16","8","5","110","10","Estoy diciendo la verdad","Estoy diciendo la verdad.","1","1","4","4","43","29","72","64"
"1592","4","1","16","9","2","109","9","Es el juego: 2","Es el juego 2","1","2","3","3","36","36","72","72"
"1593","4","1","16","9","2","127","27","Por favor decidme la verdad","Por favor decidme la verdad","1","0","3","3","36","36","72","72"
"1594","5","1","16","9","2","127","27","Por favor decidme la verdad","Por favor decidme la verdad","1","0","3","3","36","36","72","72"
"1595","7","1","16","9","2","127","27","Por favor decidme la verdad","Por favor decidme la verdad","1","0","3","3","36","36","72","72"
"1596","9","1","16","9","2","112","12","Es el juego: 2","Es el juego 2","1","1","3","3","36","36","72","72"
"1597","9","1","16","9","2","127","27","¿En qué juego estamos?","¿En qué juego estamos?","1","0","3","3","36","36","72","72"
"1598","11","1","16","9","2","109","9","Es el juego: 2","Es el juego 2","1","2","3","3","36","36","72","72"
"1599","11","1","16","9","2","112","12","C está diciendo la verdad","C está diciendo la verdad","1","1","3","3","36","36","72","72"
"1600","14","1","16","9","2","109","9","F está diciendo la verdad","F está diciendo la verdad","1","2","3","3","36","36","72","72"
"3466","3","2","16","1","1","221","21","¿En qué juego estamos?","¿En qué juego estamos?","1","0","1","1","26","54","80","64"
"3467","7","2","16","1","1","203","3","Es el juego: 1","Es el juego 1","1","2","1","1","26","54","80","64"
"3468","7","2","16","1","1","221","21","Por favor decidme la verdad","Por favor decidme la verdad","1","0","1","1","26","54","80","64"
"3469","11","2","16","1","1","213","13","C está diciendo la verdad","C está diciendo la verdad","1","1","1","1","26","54","80","64"
"3470","12","2","16","1","1","203","3","Estoy diciendo la verdad","Estoy diciendo la verdad.","1","2","1","1","26","54","80","64"
"3471","4","2","16","2","1","209","9","Es el juego: 1","Es el juego 1","1","2","3","3","32","32","64","64"
"3472","5","2","16","2","1","215","15","Es el juego: 3","Es el juego 3","1","1","3","3","32","32","64","64"
"3473","6","2","16","2","1","220","20","¿En qué juego estamos?","¿En qué juego estamos?","1","0","3","3","32","32","64","64"
"3474","7","2","16","2","1","209","9","F está mintiendo","F está mintiendo","1","2","3","3","32","32","64","64"
"3475","8","2","16","2","1","215","15","Es el juego: 3","Es el juego 3","1","1","3","3","32","32","64","64"
"3476","8","2","16","2","1","220","20","Por favor decidme la verdad","Por favor decidme la verdad","1","0","3","3","32","32","64","64"
"3477","9","2","16","2","1","209","9","Estoy diciendo la verdad","Estoy diciendo la verdad.","1","2","3","3","32","32","64","64"
"3478","10","2","16","2","1","220","20","Por favor decidme la verdad","Por favor decidme la verdad","1","0","3","3","32","32","64","64"
"3479","10","2","16","2","1","215","15","Es el juego: 3","Es el juego 3","1","1","3","3","32","32","64","64"
"3480","11","2","16","2","1","209","9","Es el juego: 1","Es el juego 1","1","2","3","3","32","32","64","64"
"3481","12","2","16","2","1","220","20","Por favor decidme la verdad","Por favor decidme la verdad","1","0","3","3","32","32","64","64"
"3482","12","2","16","2","1","209","9","Es el juego: 1","Es el juego 1","1","2","3","3","32","32","64","64"
"3483","12","2","16","2","1","215","15","Es el juego: 3","Es el juego 3","1","1","3","3","32","32","64","64"
"3484","13","2","16","2","1","220","20","Por favor decidme la verdad","Por favor decidme la verdad","1","0","3","3","32","32","64","64"
"3485","14","2","16","2","1","215","15","Es el juego: 3","Es el juego 3","1","1","3","3","32","32","64","64"
"3486","14","2","16","2","1","209","9","Es el juego: 1","Es el juego 1","1","2","3","3","32","32","64","64"
"3487","15","2","16","2","1","215","15","Es el juego: 3","Es el juego 3","1","1","3","3","32","32","64","64"
"3488","16","2","16","2","1","209","9","Es el juego: 1","Es el juego 1","1","2","3","3","32","32","64","64"
"3489","17","2","16","2","1","215","15","C está mintiendo","C está mintiendo","1","1","3","3","32","32","64","64"
"3490","18","2","16","2","1","215","15","C está mintiendo","C está mintiendo","1","1","3","3","32","32","64","64"
"3491","19","2","16","2","1","220","20","Por favor decidme la verdad","Por favor decidme la verdad","1","0","3","3","32","32","64","64"
"3492","20","2","16","2","1","215","15","C está mintiendo","C está mintiendo","1","1","3","3","32","32","64","64"
"3493","21","2","16","2","1","215","15","Es el juego: 3","Es el juego 3","1","1","3","3","32","32","64","64"
"3494","21","2","16","2","1","209","9","Es el juego: 1","Es el juego 1","1","2","3","3","32","32","64","64"
"3495","24","2","16","2","1","209","9","F está mintiendo","F está mintiendo","1","2","3","3","32","32","64","64"
"3496","25","2","16","2","1","215","15","Es el juego: 3","Es el juego 3","1","1","3","3","32","32","64","64"
"3497","25","2","16","2","1","209","9","Es el juego: 1","Es el juego 1","1","2","3","3","32","32","64","64"
"3498","26","2","16","2","1","215","15","C está mintiendo","C está mintiendo","1","1","3","3","32","32","64","64"
"3499","27","2","16","2","1","209","9","Es el juego: 1","Es el juego 1","1","2","3","3","32","32","64","64"
"3500","29","2","16","2","1","209","9","Es el juego: 1","Es el juego 1","1","2","3","3","32","32","64","64"
"3501","29","2","16","2","1","215","15","Es el juego: 3","Es el juego 3","1","1","3","3","32","32","64","64"
"3502","30","2","16","2","1","220","20","Por favor decidme la verdad","Por favor decidme la verdad","1","0","3","3","32","32","64","64"
"3503","30","2","16","2","1","215","15","Es el juego: 3","Es el juego 3","1","1","3","3","32","32","64","64"
"3504","30","2","16","2","1","209","9","Es el juego: 1","Es el juego 1","1","2","3","3","32","32","64","64"
"3505","31","2","16","2","1","215","15","Es el juego: 3","Es el juego 3","1","1","3","3","32","32","64","64"
"3506","31","2","16","2","1","220","20","Por favor decidme la verdad","Por favor decidme la verdad","1","0","3","3","32","32","64","64"
"3507","31","2","16","2","1","209","9","Es el juego: 1","Es el juego 1","1","2","3","3","32","32","64","64"
"3508","32","2","16","2","1","215","15","Es el juego: 3","Es el juego 3","1","1","3","3","32","32","64","64"
"3509","33","2","16","2","1","209","9","Es el juego: 1","Es el juego 1","1","2","3","3","32","32","64","64"
"3510","33","2","16","2","1","220","20","Por favor decidme la verdad","Por favor decidme la verdad","1","0","3","3","32","32","64","64"
"3511","34","2","16","2","1","209","9","Es el juego: 1","Es el juego 1","1","2","3","3","32","32","64","64"
"3512","34","2","16","2","1","215","15","Es el juego: 3","Es el juego 3","1","1","3","3","32","32","64","64"
"3513","35","2","16","2","1","209","9","Es el juego: 1","Es el juego 1","1","2","3","3","32","32","64","64"
"3514","36","2","16","2","1","215","15","Es el juego: 3","Es el juego 3","1","1","3","3","32","32","64","64"
"3515","37","2","16","2","1","209","9","Es el juego: 1","Es el juego 1","1","2","3","3","32","32","64","64"
"3516","37","2","16","2","1","215","15","C está mintiendo","C está mintiendo","1","1","3","3","32","32","64","64"
"3517","38","2","16","2","1","209","9","F está mintiendo","F está mintiendo","1","2","3","3","32","32","64","64"
"3518","39","2","16","2","1","215","15","C está mintiendo","C está mintiendo","1","1","3","3","32","32","64","64"
"3519","40","2","16","2","1","209","9","F está mintiendo","F está mintiendo","1","2","3","3","32","32","64","64"
"3520","40","2","16","2","1","215","15","Es el juego: 3","Es el juego 3","1","1","3","3","32","32","64","64"
"3521","41","2","16","2","1","209","9","F está mintiendo","F está mintiendo","1","2","3","3","32","32","64","64"
"3522","42","2","16","2","1","215","15","Es el juego: 3","Es el juego 3","1","1","3","3","32","32","64","64"
"3523","43","2","16","2","1","209","9","F está mintiendo","F está mintiendo","1","2","3","3","32","32","64","64"
"3524","43","2","16","2","1","215","15","Es el juego: 3","Es el juego 3","1","1","3","3","32","32","64","64"
"3525","44","2","16","2","1","209","9","F está mintiendo","F está mintiendo","1","2","3","3","32","32","64","64"
"3526","45","2","16","2","1","215","15","Es el juego: 3","Es el juego 3","1","1","3","3","32","32","64","64"
"3527","46","2","16","2","1","209","9","Es el juego: 1","Es el juego 1","1","2","3","3","32","32","64","64"
"3528","46","2","16","2","1","215","15","Es el juego: 3","Es el juego 3","1","1","3","3","32","32","64","64"
"3529","3","2","16","3","4","222","22","¿En qué juego estamos?","¿En qué juego estamos?","1","0","4","4","47","33","80","72"
"3530","7","2","16","3","4","202","2","Es el juego: 4","Es el juego 4","1","2","4","4","47","33","80","72"
"3531","9","2","16","3","4","202","2","Es el juego: 4","Es el juego 4","1","2","4","4","47","33","80","72"
"3532","10","2","16","3","4","211","11","Es el juego: 4","Es el juego 4","1","1","4","4","47","33","80","72"
"3533","11","2","16","3","4","202","2","Estoy diciendo la verdad","Estoy diciendo la verdad.","1","2","4","4","47","33","80","72"
"3534","16","2","16","3","4","222","22","Por favor decidme la verdad","Por favor decidme la verdad","1","0","4","4","47","33","80","72"
"3535","19","2","16","3","4","202","2","Es el juego: 4","Es el juego 4","1","2","4","4","47","33","80","72"
"3536","21","2","16","3","4","211","11","Es el juego: 4","Es el juego 4","1","1","4","4","47","33","80","72"
"3537","24","2","16","3","4","211","11","C está diciendo la verdad","C está diciendo la verdad","1","1","4","4","47","33","80","72"
"3538","26","2","16","3","4","211","11","Estoy diciendo la verdad","Estoy diciendo la verdad.","1","1","4","4","47","33","80","72"
"3539","27","2","16","3","4","202","2","Estoy diciendo la verdad","Estoy diciendo la verdad.","1","2","4","4","47","33","80","72"
"3540","31","2","16","3","4","202","2","Es el juego: 4","Es el juego 4","1","2","4","4","47","33","80","72"
"3541","34","2","16","3","4","211","11","Es el juego: 4","Es el juego 4","1","1","4","4","47","33","80","72"
"3542","36","2","16","3","4","202","2","Es el juego: 4","Es el juego 4","1","2","4","4","47","33","80","72"
"3543","40","2","16","3","4","202","2","Es el juego: 4","Es el juego 4","1","2","4","4","47","33","80","72"
"3544","2","2","16","4","4","224","24","¿En qué juego estamos?","¿En qué juego estamos?","1","0","1","1","14","42","56","72"
"3545","5","2","16","4","4","218","18","Es el juego: 4","Es el juego 4","1","1","1","1","14","42","56","72"
"3546","5","2","16","4","4","201","1","Es el juego: 2","Es el juego 2","1","2","1","1","14","42","56","72"
"3547","7","2","16","4","4","218","18","Estoy diciendo la verdad","Estoy diciendo la verdad.","1","1","1","1","14","42","56","72"
"3548","9","2","16","4","4","201","1","F está diciendo la verdad","F está diciendo la verdad","1","2","1","1","14","42","56","72"
"3549","12","2","16","4","4","201","1","F está mintiendo","F está mintiendo","1","2","1","1","14","42","56","72"
"3550","14","2","16","4","4","201","1","Es el juego: 2","Es el juego 2","1","2","1","1","14","42","56","72"
"3551","16","2","16","4","4","218","18","Es el juego: 4","Es el juego 4","1","1","1","1","14","42","56","72"
"3552","19","2","16","4","4","201","1","Es el juego: 2","Es el juego 2","1","2","1","1","14","42","56","72"
"3553","22","2","16","4","4","218","18","C está mintiendo","C está mintiendo","1","1","1","1","14","42","56","72"
"3554","22","2","16","4","4","201","1","F está mintiendo","F está mintiendo","1","2","1","1","14","42","56","72"
"3555","24","2","16","4","4","218","18","C está mintiendo","C está mintiendo","1","1","1","1","14","42","56","72"
"3556","28","2","16","4","4","218","18","Es el juego: 4","Es el juego 4","1","1","1","1","14","42","56","72"
"3557","29","2","16","4","4","201","1","Estoy diciendo la verdad","Estoy diciendo la verdad.","1","2","1","1","14","42","56","72"
"3558","32","2","16","4","4","218","18","C está diciendo la verdad","C está diciendo la verdad","1","1","1","1","14","42","56","72"
"3559","32","2","16","4","4","201","1","Es el juego: 2","Es el juego 2","1","2","1","1","14","42","56","72"
"3560","34","2","16","4","4","218","18","Es el juego: 4","Es el juego 4","1","1","1","1","14","42","56","72"
"3561","35","2","16","4","4","218","18","C está diciendo la verdad","C está diciendo la verdad","1","1","1","1","14","42","56","72"
"3562","40","2","16","4","4","218","18","C está mintiendo","C está mintiendo","1","1","1","1","14","42","56","72"
"3563","44","2","16","4","4","218","18","Estoy diciendo la verdad","Estoy diciendo la verdad.","1","1","1","1","14","42","56","72"
"3564","44","2","16","4","4","201","1","Estoy diciendo la verdad","Estoy diciendo la verdad.","1","2","1","1","14","42","56","72"
"3565","2","2","16","5","2","205","5","Es el juego: 2","Es el juego 2","1","2","2","2","33","47","80","72"
"3566","5","2","16","5","2","225","25","¿En qué juego estamos?","¿En qué juego estamos?","1","0","2","2","33","47","80","72"
"3567","12","2","16","5","2","205","5","Es el juego: 2","Es el juego 2","1","2","2","2","33","47","80","72"
"3568","14","2","16","5","2","205","5","Estoy diciendo la verdad","Estoy diciendo la verdad.","1","2","2","2","33","47","80","72"
"3569","15","2","16","5","2","205","5","Estoy diciendo la verdad","Estoy diciendo la verdad.","1","2","2","2","33","47","80","72"
"3570","17","2","16","5","2","205","5","Es el juego: 2","Es el juego 2","1","2","2","2","33","47","80","72"
"3571","18","2","16","5","2","225","25","Por favor decidme la verdad","Por favor decidme la verdad","1","0","2","2","33","47","80","72"
"3572","29","2","16","5","2","205","5","Es el juego: 2","Es el juego 2","1","2","2","2","33","47","80","72"
"3573","31","2","16","5","2","216","16","Es el juego: 2","Es el juego 2","1","1","2","2","33","47","80","72"
"3574","33","2","16","5","2","216","16","C está diciendo la verdad","C está diciendo la verdad","1","1","2","2","33","47","80","72"
"3575","37","2","16","5","2","205","5","F está diciendo la verdad","F está diciendo la verdad","1","2","2","2","33","47","80","72"
"3576","39","2","16","5","2","205","5","Es el juego: 2","Es el juego 2","1","2","2","2","33","47","80","72"
"3577","3","2","16","6","4","227","27","¿En qué juego estamos?","¿En qué juego estamos?","1","0","4","4","47","33","80","72"
"3578","4","2","16","6","4","212","12","Es el juego: 4","Es el juego 4","1","1","4","4","47","33","80","72"
"3579","6","2","16","6","4","212","12","Estoy diciendo la verdad","Estoy diciendo la verdad.","1","1","4","4","47","33","80","72"
"3580","6","2","16","6","4","207","7","Es el juego: 4","Es el juego 4","1","2","4","4","47","33","80","72"
"3581","8","2","16","6","4","212","12","C está diciendo la verdad","C está diciendo la verdad","1","1","4","4","47","33","80","72"
"3582","8","2","16","6","4","207","7","F está diciendo la verdad","F está diciendo la verdad","1","2","4","4","47","33","80","72"
"3583","10","2","16","6","4","207","7","Estoy diciendo la verdad","Estoy diciendo la verdad.","1","2","4","4","47","33","80","72"
"3584","18","2","16","6","4","207","7","Estoy diciendo la verdad","Estoy diciendo la verdad.","1","2","4","4","47","33","80","72"
"3585","21","2","16","6","4","212","12","C está diciendo la verdad","C está diciendo la verdad","1","1","4","4","47","33","80","72"
"3586","23","2","16","6","4","212","12","Es el juego: 4","Es el juego 4","1","1","4","4","47","33","80","72"
"3587","24","2","16","6","4","207","7","Es el juego: 4","Es el juego 4","1","2","4","4","47","33","80","72"
"3588","33","2","16","6","4","207","7","F está diciendo la verdad","F está diciendo la verdad","1","2","4","4","47","33","80","72"
"3589","43","2","16","6","4","212","12","C está diciendo la verdad","C está diciendo la verdad","1","1","4","4","47","33","80","72"
"3590","2","2","16","7","4","226","26","¿En qué juego estamos?","¿En qué juego estamos?","1","0","3","3","36","36","72","72"
"3591","3","2","16","7","4","214","14","Es el juego: 3","Es el juego 3","1","1","3","3","36","36","72","72"
"3592","4","2","16","7","4","226","26","Por favor decidme la verdad","Por favor decidme la verdad","1","0","3","3","36","36","72","72"
"3593","5","2","16","7","4","226","26","Por favor decidme la verdad","Por favor decidme la verdad","1","0","3","3","36","36","72","72"
"3594","7","2","16","7","4","226","26","Por favor decidme la verdad","Por favor decidme la verdad","1","0","3","3","36","36","72","72"
"3595","8","2","16","7","4","214","14","Estoy diciendo la verdad","Estoy diciendo la verdad.","1","1","3","3","36","36","72","72"
"3596","8","2","16","7","4","226","26","Por favor decidme la verdad","Por favor decidme la verdad","1","0","3","3","36","36","72","72"
"3597","10","2","16","7","4","214","14","Estoy diciendo la verdad","Estoy diciendo la verdad.","1","1","3","3","36","36","72","72"
"3598","10","2","16","7","4","226","26","Por favor decidme la verdad","Por favor decidme la verdad","1","0","3","3","36","36","72","72"
"3599","11","2","16","7","4","214","14","Estoy diciendo la verdad","Estoy diciendo la verdad.","1","1","3","3","36","36","72","72"
"3600","13","2","16","7","4","214","14","Es el juego: 3","Es el juego 3","1","1","3","3","36","36","72","72"
"3601","15","2","16","7","4","206","6","Es el juego: 3","Es el juego 3","1","2","3","3","36","36","72","72"
"3602","15","2","16","7","4","214","14","Es el juego: 3","Es el juego 3","1","1","3","3","36","36","72","72"
"3603","23","2","16","7","4","214","14","Es el juego: 3","Es el juego 3","1","1","3","3","36","36","72","72"
"3604","25","2","16","7","4","214","14","C está diciendo la verdad","C está diciendo la verdad","1","1","3","3","36","36","72","72"
"3605","28","2","16","7","4","214","14","C está diciendo la verdad","C está diciendo la verdad","1","1","3","3","36","36","72","72"
"3606","44","2","16","7","4","226","26","Por favor decidme la verdad","Por favor decidme la verdad","1","0","3","3","36","36","72","72"
"3607","46","2","16","7","4","226","26","Por favor decidme la verdad","Por favor decidme la verdad","1","0","3","3","36","36","72","72"
"3608","3","2","16","8","5","219","19","¿En qué juego estamos?","¿En qué juego estamos?","1","0","5","5","54","26","80","64"
"3609","5","2","16","8","5","219","19","Por favor decidme la verdad","Por favor decidme la verdad","1","0","5","5","54","26","80","64"
"3610","7","2","16","8","5","217","17","Es el juego: 5","Es el juego 5","1","1","5","5","54","26","80","64"
"3611","14","2","16","8","5","217","17","Es el juego: 5","Es el juego 5","1","1","5","5","54","26","80","64"
"3612","15","2","16","8","5","217","17","Es el juego: 5","Es el juego 5","1","1","5","5","54","26","80","64"
"3613","17","2","16","8","5","208","8","Es el juego: 3","Es el juego 3","1","2","5","5","54","26","80","64"
"3614","18","2","16","8","5","208","8","F está mintiendo","F está mintiendo","1","2","5","5","54","26","80","64"
"3615","19","2","16","8","5","217","17","C está mintiendo","C está mintiendo","1","1","5","5","54","26","80","64"
"3616","43","2","16","8","5","208","8","Es el juego: 3","Es el juego 3","1","2","5","5","54","26","80","64"
"3617","46","2","16","8","5","217","17","C está mintiendo","C está mintiendo","1","1","5","5","54","26","80","64"
"3618","4","2","16","9","2","223","23","¿En qué juego estamos?","¿En qué juego estamos?","1","0","3","3","36","36","72","72"
"3619","5","2","16","9","2","223","23","Por favor decidme la verdad","Por favor decidme la verdad","1","0","3","3","36","36","72","72"
"3620","7","2","16","9","2","223","23","Por favor decidme la verdad","Por favor decidme la verdad","1","0","3","3","36","36","72","72"
"3621","14","2","16","9","2","223","23","¿En qué juego estamos?","¿En qué juego estamos?","1","0","3","3","36","36","72","72"
"3622","14","2","16","9","2","210","10","Es el juego: 2","Es el juego 2","1","1","3","3","36","36","72","72"
"3623","15","2","16","9","2","204","4","Es el juego: 2","Es el juego 2","1","2","3","3","36","36","72","72"
"3624","17","2","16","9","2","204","4","F está diciendo la verdad","F está diciendo la verdad","1","2","3","3","36","36","72","72"
"3625","19","2","16","9","2","223","23","Por favor decidme la verdad","Por favor decidme la verdad","1","0","3","3","36","36","72","72"
"3626","19","2","16","9","2","204","4","Estoy diciendo la verdad","Estoy diciendo la verdad.","1","2","3","3","36","36","72","72"
"3627","24","2","16","9","2","210","10","Estoy diciendo la verdad","Estoy diciendo la verdad.","1","1","3","3","36","36","72","72"
"3628","26","2","16","9","2","210","10","Estoy diciendo la verdad","Estoy diciendo la verdad.","1","1","3","3","36","36","72","72"
"3629","28","2","16","9","2","210","10","C está diciendo la verdad","C está diciendo la verdad","1","1","3","3","36","36","72","72"
"5943","3","3","16","1","1","321","21","¿En qué juego estamos?","¿En qué juego estamos?","1","0","3","3","32","32","64","64"
"5944","4","3","16","1","1","321","21","Por favor decidme la verdad","Por favor decidme la verdad","1","0","3","3","32","32","64","64"
"5945","6","3","16","1","1","318","18","Es el juego: 3","Es el juego 3","1","1","3","3","32","32","64","64"
"5946","10","3","16","1","1","302","2","Es el juego: 1","Es el juego 1","1","2","3","3","32","32","64","64"
"5947","13","3","16","1","1","318","18","C está mintiendo","C está mintiendo","1","1","3","3","32","32","64","64"
"5948","13","3","16","1","1","302","2","F está mintiendo","F está mintiendo","1","2","3","3","32","32","64","64"
"5949","15","3","16","1","1","318","18","C está mintiendo","C está mintiendo","1","1","3","3","32","32","64","64"
"5950","16","3","16","1","1","302","2","Es el juego: 1","Es el juego 1","1","2","3","3","32","32","64","64"
"5951","17","3","16","1","1","318","18","Es el juego: 3","Es el juego 3","1","1","3","3","32","32","64","64"
"5952","18","3","16","1","1","302","2","F está diciendo la verdad","F está diciendo la verdad","1","2","3","3","32","32","64","64"
"5953","19","3","16","1","1","318","18","Estoy diciendo la verdad","Estoy diciendo la verdad.","1","1","3","3","32","32","64","64"
"5954","21","3","16","1","1","302","2","Es el juego: 1","Es el juego 1","1","2","3","3","32","32","64","64"
"5955","27","3","16","1","1","302","2","Es el juego: 1","Es el juego 1","1","2","3","3","32","32","64","64"
"5956","29","3","16","1","1","302","2","F está mintiendo","F está mintiendo","1","2","3","3","32","32","64","64"
"5957","31","3","16","1","1","318","18","Es el juego: 3","Es el juego 3","1","1","3","3","32","32","64","64"
"5958","32","3","16","1","1","302","2","Estoy diciendo la verdad","Estoy diciendo la verdad.","1","2","3","3","32","32","64","64"
"5959","33","3","16","1","1","318","18","Estoy diciendo la verdad","Estoy diciendo la verdad.","1","1","3","3","32","32","64","64"
"5960","34","3","16","1","1","302","2","Es el juego: 1","Es el juego 1","1","2","3","3","32","32","64","64"
"5961","38","3","16","1","1","302","2","Es el juego: 1","Es el juego 1","1","2","3","3","32","32","64","64"
"5962","42","3","16","1","1","318","18","C está mintiendo","C está mintiendo","1","1","3","3","32","32","64","64"
"5963","44","3","16","1","1","318","18","C está mintiendo","C está mintiendo","1","1","3","3","32","32","64","64"
"5964","44","3","16","1","1","302","2","Es el juego: 1","Es el juego 1","1","2","3","3","32","32","64","64"
"5965","46","3","16","1","1","318","18","C está mintiendo","C está mintiendo","1","1","3","3","32","32","64","64"
"5966","1","3","16","2","1","327","27","¿En qué juego estamos?","¿En qué juego estamos?","1","0","1","1","26","54","80","64"
"5967","6","3","16","2","1","327","27","Por favor decidme la verdad","Por favor decidme la verdad","1","0","1","1","26","54","80","64"
"5968","22","3","16","2","1","310","10","Es el juego: 1","Es el juego 1","1","1","1","1","26","54","80","64"
"5969","24","3","16","2","1","310","10","Estoy diciendo la verdad","Estoy diciendo la verdad.","1","1","1","1","26","54","80","64"
"5970","31","3","16","2","1","327","27","Por favor decidme la verdad","Por favor decidme la verdad","1","0","1","1","26","54","80","64"
"5971","31","3","16","2","1","301","1","Es el juego: 1","Es el juego 1","1","2","1","1","26","54","80","64"
"5972","3","3","16","3","4","319","19","¿En qué juego estamos?","¿En qué juego estamos?","1","0","3","3","36","36","72","72"
"5973","4","3","16","3","4","312","12","Es el juego: 4","Es el juego 4","1","1","3","3","36","36","72","72"
"5974","6","3","16","3","4","307","7","Es el juego: 3","Es el juego 3","1","2","3","3","36","36","72","72"
"5975","6","3","16","3","4","312","12","Es el juego: 4","Es el juego 4","1","1","3","3","36","36","72","72"
"5976","7","3","16","3","4","312","12","Es el juego: 4","Es el juego 4","1","1","3","3","36","36","72","72"
"5977","8","3","16","3","4","307","7","Estoy diciendo la verdad","Estoy diciendo la verdad.","1","2","3","3","36","36","72","72"
"5978","9","3","16","3","4","312","12","Es el juego: 4","Es el juego 4","1","1","3","3","36","36","72","72"
"5979","10","3","16","3","4","307","7","F está mintiendo","F está mintiendo","1","2","3","3","36","36","72","72"
"5980","10","3","16","3","4","312","12","Es el juego: 4","Es el juego 4","1","1","3","3","36","36","72","72"
"5981","11","3","16","3","4","312","12","Es el juego: 4","Es el juego 4","1","1","3","3","36","36","72","72"
"5982","12","3","16","3","4","307","7","F está mintiendo","F está mintiendo","1","2","3","3","36","36","72","72"
"5983","12","3","16","3","4","312","12","Es el juego: 4","Es el juego 4","1","1","3","3","36","36","72","72"
"5984","13","3","16","3","4","312","12","Es el juego: 4","Es el juego 4","1","1","3","3","36","36","72","72"
"5985","14","3","16","3","4","307","7","Es el juego: 3","Es el juego 3","1","2","3","3","36","36","72","72"
"5986","15","3","16","3","4","312","12","Es el juego: 4","Es el juego 4","1","1","3","3","36","36","72","72"
"5987","16","3","16","3","4","307","7","Es el juego: 3","Es el juego 3","1","2","3","3","36","36","72","72"
"5988","16","3","16","3","4","312","12","Es el juego: 4","Es el juego 4","1","1","3","3","36","36","72","72"
"5989","17","3","16","3","4","307","7","Estoy diciendo la verdad","Estoy diciendo la verdad.","1","2","3","3","36","36","72","72"
"5990","17","3","16","3","4","312","12","Es el juego: 4","Es el juego 4","1","1","3","3","36","36","72","72"
"5991","19","3","16","3","4","312","12","Es el juego: 4","Es el juego 4","1","1","3","3","36","36","72","72"
"5992","19","3","16","3","4","307","7","F está mintiendo","F está mintiendo","1","2","3","3","36","36","72","72"
"5993","20","3","16","3","4","312","12","Es el juego: 4","Es el juego 4","1","1","3","3","36","36","72","72"
"5994","20","3","16","3","4","307","7","Es el juego: 3","Es el juego 3","1","2","3","3","36","36","72","72"
"5995","21","3","16","3","4","312","12","Es el juego: 4","Es el juego 4","1","1","3","3","36","36","72","72"
"5996","22","3","16","3","4","307","7","Es el juego: 3","Es el juego 3","1","2","3","3","36","36","72","72"
"5997","22","3","16","3","4","312","12","Es el juego: 4","Es el juego 4","1","1","3","3","36","36","72","72"
"5998","23","3","16","3","4","307","7","Es el juego: 3","Es el juego 3","1","2","3","3","36","36","72","72"
"5999","24","3","16","3","4","312","12","Es el juego: 4","Es el juego 4","1","1","3","3","36","36","72","72"
"6000","24","3","16","3","4","307","7","Es el juego: 3","Es el juego 3","1","2","3","3","36","36","72","72"
"6001","25","3","16","3","4","312","12","Es el juego: 4","Es el juego 4","1","1","3","3","36","36","72","72"
"6002","25","3","16","3","4","307","7","Es el juego: 3","Es el juego 3","1","2","3","3","36","36","72","72"
"6003","26","3","16","3","4","312","12","Es el juego: 4","Es el juego 4","1","1","3","3","36","36","72","72"
"6004","26","3","16","3","4","307","7","Es el juego: 3","Es el juego 3","1","2","3","3","36","36","72","72"
"6005","28","3","16","3","4","307","7","Es el juego: 3","Es el juego 3","1","2","3","3","36","36","72","72"
"6006","29","3","16","3","4","307","7","Es el juego: 3","Es el juego 3","1","2","3","3","36","36","72","72"
"6007","31","3","16","3","4","307","7","Estoy diciendo la verdad","Estoy diciendo la verdad.","1","2","3","3","36","36","72","72"
"6008","32","3","16","3","4","307","7","F está mintiendo","F está mintiendo","1","2","3","3","36","36","72","72"
"6009","35","3","16","3","4","307","7","Es el juego: 3","Es el juego 3","1","2","3","3","36","36","72","72"
"6010","41","3","16","3","4","312","12","Es el juego: 4","Es el juego 4","1","1","3","3","36","36","72","72"
"6011","44","3","16","3","4","307","7","Es el juego: 3","Es el juego 3","1","2","3","3","36","36","72","72"
"6012","44","3","16","3","4","312","12","Es el juego: 4","Es el juego 4","1","1","3","3","36","36","72","72"
"6013","45","3","16","3","4","307","7","Es el juego: 3","Es el juego 3","1","2","3","3","36","36","72","72"
"6014","45","3","16","3","4","312","12","Es el juego: 4","Es el juego 4","1","1","3","3","36","36","72","72"
"6015","46","3","16","3","4","307","7","Es el juego: 3","Es el juego 3","1","2","3","3","36","36","72","72"
"6016","2","3","16","4","4","325","25","¿En qué juego estamos?","¿En qué juego estamos?","1","0","4","4","47","33","80","72"
"6017","3","3","16","4","4","325","25","¿En qué juego estamos?","¿En qué juego estamos?","1","0","4","4","47","33","80","72"
"6018","4","3","16","4","4","314","14","Es el juego: 4","Es el juego 4","1","1","4","4","47","33","80","72"
"6019","5","3","16","4","4","306","6","Es el juego: 4","Es el juego 4","1","2","4","4","47","33","80","72"
"6020","5","3","16","4","4","325","25","¿En qué juego estamos?","¿En qué juego estamos?","1","0","4","4","47","33","80","72"
"6021","9","3","16","4","4","306","6","F está diciendo la verdad","F está diciendo la verdad","1","2","4","4","47","33","80","72"
"6022","11","3","16","4","4","306","6","Es el juego: 4","Es el juego 4","1","2","4","4","47","33","80","72"
"6023","13","3","16","4","4","314","14","C está diciendo la verdad","C está diciendo la verdad","1","1","4","4","47","33","80","72"
"6024","15","3","16","4","4","325","25","Por favor decidme la verdad","Por favor decidme la verdad","1","0","4","4","47","33","80","72"
"6025","18","3","16","4","4","306","6","Es el juego: 4","Es el juego 4","1","2","4","4","47","33","80","72"
"6026","24","3","16","4","4","314","14","Es el juego: 4","Es el juego 4","1","1","4","4","47","33","80","72"
"6027","25","3","16","4","4","325","25","Por favor decidme la verdad","Por favor decidme la verdad","1","0","4","4","47","33","80","72"
"6028","28","3","16","4","4","325","25","Por favor decidme la verdad","Por favor decidme la verdad","1","0","4","4","47","33","80","72"
"6029","28","3","16","4","4","306","6","Es el juego: 4","Es el juego 4","1","2","4","4","47","33","80","72"
"6030","43","3","16","4","4","314","14","Es el juego: 4","Es el juego 4","1","1","4","4","47","33","80","72"
"6031","2","3","16","5","2","323","23","¿En qué juego estamos?","¿En qué juego estamos?","1","0","2","2","33","47","80","72"
"6032","2","3","16","5","2","315","15","Es el juego: 2","Es el juego 2","1","1","2","2","33","47","80","72"
"6033","4","3","16","5","2","315","15","Es el juego: 2","Es el juego 2","1","1","2","2","33","47","80","72"
"6034","4","3","16","5","2","304","4","Es el juego: 2","Es el juego 2","1","2","2","2","33","47","80","72"
"6035","7","3","16","5","2","315","15","C está mintiendo","C está mintiendo","1","1","2","2","33","47","80","72"
"6036","8","3","16","5","2","315","15","C está mintiendo","C está mintiendo","1","1","2","2","33","47","80","72"
"6037","9","3","16","5","2","315","15","C está mintiendo","C está mintiendo","1","1","2","2","33","47","80","72"
"6038","11","3","16","5","2","315","15","C está mintiendo","C está mintiendo","1","1","2","2","33","47","80","72"
"6039","12","3","16","5","2","315","15","C está mintiendo","C está mintiendo","1","1","2","2","33","47","80","72"
"6040","13","3","16","5","2","315","15","C está mintiendo","C está mintiendo","1","1","2","2","33","47","80","72"
"6041","14","3","16","5","2","315","15","C está mintiendo","C está mintiendo","1","1","2","2","33","47","80","72"
"6042","16","3","16","5","2","315","15","C está mintiendo","C está mintiendo","1","1","2","2","33","47","80","72"
"6043","17","3","16","5","2","315","15","C está mintiendo","C está mintiendo","1","1","2","2","33","47","80","72"
"6044","19","3","16","5","2","315","15","C está mintiendo","C está mintiendo","1","1","2","2","33","47","80","72"
"6045","20","3","16","5","2","315","15","C está mintiendo","C está mintiendo","1","1","2","2","33","47","80","72"
"6046","21","3","16","5","2","315","15","C está mintiendo","C está mintiendo","1","1","2","2","33","47","80","72"
"6047","22","3","16","5","2","315","15","C está mintiendo","C está mintiendo","1","1","2","2","33","47","80","72"
"6048","24","3","16","5","2","315","15","C está mintiendo","C está mintiendo","1","1","2","2","33","47","80","72"
"6049","25","3","16","5","2","315","15","C está mintiendo","C está mintiendo","1","1","2","2","33","47","80","72"
"6050","15","3","16","6","4","326","26","¿En qué juego estamos?","¿En qué juego estamos?","1","0","4","4","47","33","80","72"
"6051","19","3","16","6","4","308","8","Es el juego: 4","Es el juego 4","1","2","4","4","47","33","80","72"
"6052","21","3","16","6","4","326","26","Por favor decidme la verdad","Por favor decidme la verdad","1","0","4","4","47","33","80","72"
"6053","22","3","16","6","4","317","17","Es el juego: 4","Es el juego 4","1","1","4","4","47","33","80","72"
"6054","3","3","16","7","4","322","22","¿En qué juego estamos?","¿En qué juego estamos?","1","0","4","4","47","33","80","72"
"6055","5","3","16","7","4","322","22","¿En qué juego estamos?","¿En qué juego estamos?","1","0","4","4","47","33","80","72"
"6056","13","3","16","7","4","309","9","Es el juego: 1","Es el juego 1","1","2","4","4","47","33","80","72"
"6057","14","3","16","7","4","311","11","Es el juego: 4","Es el juego 4","1","1","4","4","47","33","80","72"
"6058","17","3","16","7","4","311","11","C está mintiendo","C está mintiendo","1","1","4","4","47","33","80","72"
"6059","17","3","16","7","4","309","9","Estoy diciendo la verdad","Estoy diciendo la verdad.","1","2","4","4","47","33","80","72"
"6060","19","3","16","7","4","311","11","Es el juego: 4","Es el juego 4","1","1","4","4","47","33","80","72"
"6061","21","3","16","7","4","311","11","C está mintiendo","C está mintiendo","1","1","4","4","47","33","80","72"
"6062","22","3","16","7","4","309","9","Estoy diciendo la verdad","Estoy diciendo la verdad.","1","2","4","4","47","33","80","72"
"6063","23","3","16","7","4","311","11","Es el juego: 4","Es el juego 4","1","1","4","4","47","33","80","72"
"6064","23","3","16","7","4","309","9","Es el juego: 1","Es el juego 1","1","2","4","4","47","33","80","72"
"6065","24","3","16","7","4","311","11","C está mintiendo","C está mintiendo","1","1","4","4","47","33","80","72"
"6066","26","3","16","7","4","309","9","Es el juego: 1","Es el juego 1","1","2","4","4","47","33","80","72"
"6067","28","3","16","7","4","311","11","Es el juego: 4","Es el juego 4","1","1","4","4","47","33","80","72"
"6068","29","3","16","7","4","309","9","Es el juego: 1","Es el juego 1","1","2","4","4","47","33","80","72"
"6069","30","3","16","7","4","311","11","Es el juego: 4","Es el juego 4","1","1","4","4","47","33","80","72"
"6070","36","3","16","7","4","309","9","Es el juego: 1","Es el juego 1","1","2","4","4","47","33","80","72"
"6071","37","3","16","7","4","311","11","Es el juego: 4","Es el juego 4","1","1","4","4","47","33","80","72"
"6072","39","3","16","7","4","309","9","Es el juego: 1","Es el juego 1","1","2","4","4","47","33","80","72"
"6073","39","3","16","7","4","311","11","Es el juego: 4","Es el juego 4","1","1","4","4","47","33","80","72"
"6074","40","3","16","7","4","309","9","Es el juego: 1","Es el juego 1","1","2","4","4","47","33","80","72"
"6075","41","3","16","7","4","311","11","Es el juego: 4","Es el juego 4","1","1","4","4","47","33","80","72"
"6076","42","3","16","7","4","309","9","Estoy diciendo la verdad","Estoy diciendo la verdad.","1","2","4","4","47","33","80","72"
"6077","42","3","16","7","4","311","11","Es el juego: 4","Es el juego 4","1","1","4","4","47","33","80","72"
"6078","44","3","16","7","4","309","9","Es el juego: 1","Es el juego 1","1","2","4","4","47","33","80","72"
"6079","44","3","16","7","4","311","11","Es el juego: 4","Es el juego 4","1","1","4","4","47","33","80","72"
"6080","46","3","16","7","4","311","11","Es el juego: 4","Es el juego 4","1","1","4","4","47","33","80","72"
"6081","46","3","16","7","4","309","9","Es el juego: 1","Es el juego 1","1","2","4","4","47","33","80","72"
"6082","4","3","16","8","5","313","13","Es el juego: 5","Es el juego 5","1","1","1","1","10","38","48","64"
"6083","5","3","16","8","5","305","5","Es el juego: 1","Es el juego 1","1","2","1","1","10","38","48","64"
"6084","7","3","16","8","5","305","5","Es el juego: 1","Es el juego 1","1","2","1","1","10","38","48","64"
"6085","8","3","16","8","5","305","5","Es el juego: 1","Es el juego 1","1","2","1","1","10","38","48","64"
"6086","8","3","16","8","5","313","13","Es el juego: 5","Es el juego 5","1","1","1","1","10","38","48","64"
"6087","10","3","16","8","5","313","13","Es el juego: 5","Es el juego 5","1","1","1","1","10","38","48","64"
"6088","10","3","16","8","5","305","5","F está mintiendo","F está mintiendo","1","2","1","1","10","38","48","64"
"6089","11","3","16","8","5","313","13","Es el juego: 5","Es el juego 5","1","1","1","1","10","38","48","64"
"6090","12","3","16","8","5","305","5","F está mintiendo","F está mintiendo","1","2","1","1","10","38","48","64"
"6091","13","3","16","8","5","313","13","Es el juego: 5","Es el juego 5","1","1","1","1","10","38","48","64"
"6092","13","3","16","8","5","305","5","Es el juego: 1","Es el juego 1","1","2","1","1","10","38","48","64"
"6093","14","3","16","8","5","305","5","Es el juego: 1","Es el juego 1","1","2","1","1","10","38","48","64"
"6094","16","3","16","8","5","305","5","Es el juego: 1","Es el juego 1","1","2","1","1","10","38","48","64"
"6095","16","3","16","8","5","313","13","Es el juego: 5","Es el juego 5","1","1","1","1","10","38","48","64"
"6096","17","3","16","8","5","305","5","Es el juego: 1","Es el juego 1","1","2","1","1","10","38","48","64"
"6097","17","3","16","8","5","313","13","Es el juego: 5","Es el juego 5","1","1","1","1","10","38","48","64"
"6098","20","3","16","8","5","313","13","Es el juego: 5","Es el juego 5","1","1","1","1","10","38","48","64"
"6099","20","3","16","8","5","305","5","F está mintiendo","F está mintiendo","1","2","1","1","10","38","48","64"
"6100","21","3","16","8","5","313","13","Es el juego: 5","Es el juego 5","1","1","1","1","10","38","48","64"
"6101","23","3","16","8","5","305","5","Es el juego: 1","Es el juego 1","1","2","1","1","10","38","48","64"
"6102","23","3","16","8","5","313","13","Es el juego: 5","Es el juego 5","1","1","1","1","10","38","48","64"
"6103","26","3","16","8","5","313","13","C está mintiendo","C está mintiendo","1","1","1","1","10","38","48","64"
"6104","26","3","16","8","5","305","5","Es el juego: 1","Es el juego 1","1","2","1","1","10","38","48","64"
"6105","27","3","16","8","5","313","13","C está mintiendo","C está mintiendo","1","1","1","1","10","38","48","64"
"6106","28","3","16","8","5","305","5","Es el juego: 1","Es el juego 1","1","2","1","1","10","38","48","64"
"6107","29","3","16","8","5","313","13","C está mintiendo","C está mintiendo","1","1","1","1","10","38","48","64"
"6108","29","3","16","8","5","305","5","Es el juego: 1","Es el juego 1","1","2","1","1","10","38","48","64"
"6109","30","3","16","8","5","313","13","C está mintiendo","C está mintiendo","1","1","1","1","10","38","48","64"
"6110","31","3","16","8","5","305","5","Es el juego: 1","Es el juego 1","1","2","1","1","10","38","48","64"
"6111","32","3","16","8","5","313","13","C está mintiendo","C está mintiendo","1","1","1","1","10","38","48","64"
"6112","32","3","16","8","5","305","5","Es el juego: 1","Es el juego 1","1","2","1","1","10","38","48","64"
"6113","33","3","16","8","5","313","13","C está mintiendo","C está mintiendo","1","1","1","1","10","38","48","64"
"6114","33","3","16","8","5","305","5","Es el juego: 1","Es el juego 1","1","2","1","1","10","38","48","64"
"6115","34","3","16","8","5","313","13","C está mintiendo","C está mintiendo","1","1","1","1","10","38","48","64"
"6116","35","3","16","8","5","305","5","Es el juego: 1","Es el juego 1","1","2","1","1","10","38","48","64"
"6117","35","3","16","8","5","313","13","C está mintiendo","C está mintiendo","1","1","1","1","10","38","48","64"
"6118","38","3","16","8","5","305","5","Estoy diciendo la verdad","Estoy diciendo la verdad.","1","2","1","1","10","38","48","64"
"6119","39","3","16","8","5","313","13","Estoy diciendo la verdad","Estoy diciendo la verdad.","1","1","1","1","10","38","48","64"
"6120","39","3","16","8","5","305","5","Estoy diciendo la verdad","Estoy diciendo la verdad.","1","2","1","1","10","38","48","64"
"6121","40","3","16","8","5","313","13","Estoy diciendo la verdad","Estoy diciendo la verdad.","1","1","1","1","10","38","48","64"
"6122","41","3","16","8","5","305","5","Estoy diciendo la verdad","Estoy diciendo la verdad.","1","2","1","1","10","38","48","64"
"6123","42","3","16","8","5","313","13","Estoy diciendo la verdad","Estoy diciendo la verdad.","1","1","1","1","10","38","48","64"
"6124","43","3","16","8","5","305","5","Es el juego: 1","Es el juego 1","1","2","1","1","10","38","48","64"
"6125","43","3","16","8","5","313","13","Estoy diciendo la verdad","Estoy diciendo la verdad.","1","1","1","1","10","38","48","64"
"6126","45","3","16","8","5","313","13","Estoy diciendo la verdad","Estoy diciendo la verdad.","1","1","1","1","10","38","48","64"
"6127","46","3","16","8","5","313","13","Estoy diciendo la verdad","Estoy diciendo la verdad.","1","1","1","1","10","38","48","64"
"6128","3","3","16","9","2","324","24","¿En qué juego estamos?","¿En qué juego estamos?","1","0","3","3","36","36","72","72"
"6129","5","3","16","9","2","303","3","Es el juego: 2","Es el juego 2","1","2","3","3","36","36","72","72"
"6130","10","3","16","9","2","303","3","Es el juego: 2","Es el juego 2","1","2","3","3","36","36","72","72"
"6131","12","3","16","9","2","303","3","Es el juego: 2","Es el juego 2","1","2","3","3","36","36","72","72"
"6132","20","3","16","9","2","316","16","Es el juego: 5","Es el juego 5","1","1","3","3","36","36","72","72"
"6133","23","3","16","9","2","316","16","C está mintiendo","C está mintiendo","1","1","3","3","36","36","72","72"
"6134","40","3","16","9","2","303","3","F está mintiendo","F está mintiendo","1","2","3","3","36","36","72","72"
"6135","43","3","16","9","2","303","3","Estoy diciendo la verdad","Estoy diciendo la verdad.","1","2","3","3","36","36","72","72"
"-999","0","3","17","8","3","320","20","","-999","1","0","3","3","40","40","80","80"
"-999","0","3","17","1","1","318","18","","-999","1","1","1","1","26","54","80","64"
"-999","0","1","17","7","2","119","19","","-999","1","0","5","5","42","14","56","72"
"-999","0","1","17","5","5","126","26","","-999","1","0","5","5","54","26","80","64"
"1601","2","1","17","1","1","124","24","¿En qué juego estamos?","¿En qué juego estamos?","1","0","4","4","35","21","56","64"
"1602","3","1","17","1","1","103","3","Es el juego: 3","Es el juego 3","1","2","4","4","35","21","56","64"
"1603","10","1","17","1","1","117","17","Es el juego: 1","Es el juego 1","1","1","4","4","35","21","56","64"
"1604","13","1","17","1","1","124","24","Por favor decidme la verdad","Por favor decidme la verdad","1","0","4","4","35","21","56","64"
"1605","16","1","17","1","1","117","17","Estoy diciendo la verdad","Estoy diciendo la verdad.","1","1","4","4","35","21","56","64"
"1606","22","1","17","1","1","103","3","Es el juego: 3","Es el juego 3","1","2","4","4","35","21","56","64"
"1607","29","1","17","1","1","117","17","Estoy diciendo la verdad","Estoy diciendo la verdad.","1","1","4","4","35","21","56","64"
"1608","41","1","17","1","1","124","24","Por favor decidme la verdad","Por favor decidme la verdad","1","0","4","4","35","21","56","64"
"1609","43","1","17","1","1","117","17","Estoy diciendo la verdad","Estoy diciendo la verdad.","1","1","4","4","35","21","56","64"
"1610","2","1","17","2","1","123","23","¿En qué juego estamos?","¿En qué juego estamos?","1","0","1","1","26","54","80","64"
"1611","4","1","17","2","1","123","23","Por favor decidme la verdad","Por favor decidme la verdad","1","0","1","1","26","54","80","64"
"1612","5","1","17","2","1","102","2","Es el juego: 1","Es el juego 1","1","2","1","1","26","54","80","64"
"1613","6","1","17","2","1","116","16","Es el juego: 1","Es el juego 1","1","1","1","1","26","54","80","64"
"1614","8","1","17","2","1","102","2","F está diciendo la verdad","F está diciendo la verdad","1","2","1","1","26","54","80","64"
"1615","11","1","17","2","1","123","23","Por favor decidme la verdad","Por favor decidme la verdad","1","0","1","1","26","54","80","64"
"1616","23","1","17","2","1","116","16","Estoy diciendo la verdad","Estoy diciendo la verdad.","1","1","1","1","26","54","80","64"
"1617","2","1","17","3","3","121","21","¿En qué juego estamos?","¿En qué juego estamos?","1","0","3","3","40","40","80","80"
"1618","4","1","17","3","3","107","7","Es el juego: 3","Es el juego 3","1","2","3","3","40","40","80","80"
"1619","7","1","17","3","3","107","7","Estoy diciendo la verdad","Estoy diciendo la verdad.","1","2","3","3","40","40","80","80"
"1620","17","1","17","3","3","114","14","Es el juego: 3","Es el juego 3","1","1","3","3","40","40","80","80"
"1621","34","1","17","3","3","107","7","F está diciendo la verdad","F está diciendo la verdad","1","2","3","3","40","40","80","80"
"1622","1","1","17","4","2","120","20","¿En qué juego estamos?","¿En qué juego estamos?","1","0","3","3","36","36","72","72"
"1623","4","1","17","4","2","101","1","Es el juego: 2","Es el juego 2","1","2","3","3","36","36","72","72"
"1624","9","1","17","4","2","115","15","Es el juego: 3","Es el juego 3","1","1","3","3","36","36","72","72"
"1625","13","1","17","4","2","101","1","F está mintiendo","F está mintiendo","1","2","3","3","36","36","72","72"
"1626","15","1","17","4","2","101","1","Es el juego: 2","Es el juego 2","1","2","3","3","36","36","72","72"
"1627","32","1","17","4","2","115","15","C está mintiendo","C está mintiendo","1","1","3","3","36","36","72","72"
"1628","34","1","17","4","2","101","1","Estoy diciendo la verdad","Estoy diciendo la verdad.","1","2","3","3","36","36","72","72"
"1629","4","1","17","5","5","106","6","Es el juego: 5","Es el juego 5","1","2","5","5","54","26","80","64"
"1630","11","1","17","5","5","113","13","Es el juego: 1","Es el juego 1","1","1","5","5","54","26","80","64"
"1631","17","1","17","5","5","106","6","F está diciendo la verdad","F está diciendo la verdad","1","2","5","5","54","26","80","64"
"1632","21","1","17","5","5","106","6","Es el juego: 1","Es el juego 1","1","2","5","5","54","26","80","64"
"1633","26","1","17","5","5","113","13","C está mintiendo","C está mintiendo","1","1","5","5","54","26","80","64"
"1634","33","1","17","5","5","113","13","C está diciendo la verdad","C está diciendo la verdad","1","1","5","5","54","26","80","64"
"1635","38","1","17","5","5","106","6","Estoy diciendo la verdad","Estoy diciendo la verdad.","1","2","5","5","54","26","80","64"
"1636","42","1","17","5","5","113","13","C está diciendo la verdad","C está diciendo la verdad","1","1","5","5","54","26","80","64"
"1637","3","1","17","6","1","125","25","Por favor decidme la verdad","Por favor decidme la verdad","1","0","5","5","38","10","48","64"
"1638","4","1","17","6","1","125","25","¿En qué juego estamos?","¿En qué juego estamos?","1","0","5","5","38","10","48","64"
"1639","7","1","17","6","1","108","8","Es el juego: 1","Es el juego 1","1","2","5","5","38","10","48","64"
"1640","8","1","17","6","1","111","11","Es el juego: 5","Es el juego 5","1","1","5","5","38","10","48","64"
"1641","9","1","17","6","1","108","8","Estoy diciendo la verdad","Estoy diciendo la verdad.","1","2","5","5","38","10","48","64"
"1642","10","1","17","6","1","111","11","Estoy diciendo la verdad","Estoy diciendo la verdad.","1","1","5","5","38","10","48","64"
"1643","10","1","17","6","1","108","8","F está mintiendo","F está mintiendo","1","2","5","5","38","10","48","64"
"1644","11","1","17","6","1","111","11","Estoy diciendo la verdad","Estoy diciendo la verdad.","1","1","5","5","38","10","48","64"
"1645","11","1","17","6","1","108","8","F está mintiendo","F está mintiendo","1","2","5","5","38","10","48","64"
"1646","13","1","17","6","1","108","8","F está mintiendo","F está mintiendo","1","2","5","5","38","10","48","64"
"1647","13","1","17","6","1","111","11","Estoy diciendo la verdad","Estoy diciendo la verdad.","1","1","5","5","38","10","48","64"
"1648","14","1","17","6","1","111","11","Estoy diciendo la verdad","Estoy diciendo la verdad.","1","1","5","5","38","10","48","64"
"1649","15","1","17","6","1","111","11","Estoy diciendo la verdad","Estoy diciendo la verdad.","1","1","5","5","38","10","48","64"
"1650","15","1","17","6","1","108","8","F está mintiendo","F está mintiendo","1","2","5","5","38","10","48","64"
"1651","16","1","17","6","1","111","11","Estoy diciendo la verdad","Estoy diciendo la verdad.","1","1","5","5","38","10","48","64"
"1652","17","1","17","6","1","108","8","Estoy diciendo la verdad","Estoy diciendo la verdad.","1","2","5","5","38","10","48","64"
"1653","18","1","17","6","1","111","11","Estoy diciendo la verdad","Estoy diciendo la verdad.","1","1","5","5","38","10","48","64"
"1654","18","1","17","6","1","108","8","Estoy diciendo la verdad","Estoy diciendo la verdad.","1","2","5","5","38","10","48","64"
"1655","19","1","17","6","1","111","11","Estoy diciendo la verdad","Estoy diciendo la verdad.","1","1","5","5","38","10","48","64"
"1656","20","1","17","6","1","108","8","Es el juego: 1","Es el juego 1","1","2","5","5","38","10","48","64"
"1657","20","1","17","6","1","111","11","Estoy diciendo la verdad","Estoy diciendo la verdad.","1","1","5","5","38","10","48","64"
"1658","21","1","17","6","1","108","8","Es el juego: 1","Es el juego 1","1","2","5","5","38","10","48","64"
"1659","21","1","17","6","1","111","11","Estoy diciendo la verdad","Estoy diciendo la verdad.","1","1","5","5","38","10","48","64"
"1660","22","1","17","6","1","108","8","Es el juego: 1","Es el juego 1","1","2","5","5","38","10","48","64"
"1661","23","1","17","6","1","111","11","Es el juego: 5","Es el juego 5","1","1","5","5","38","10","48","64"
"1662","23","1","17","6","1","108","8","Es el juego: 1","Es el juego 1","1","2","5","5","38","10","48","64"
"1663","24","1","17","6","1","111","11","Es el juego: 5","Es el juego 5","1","1","5","5","38","10","48","64"
"1664","25","1","17","6","1","108","8","Es el juego: 1","Es el juego 1","1","2","5","5","38","10","48","64"
"1665","25","1","17","6","1","111","11","Es el juego: 5","Es el juego 5","1","1","5","5","38","10","48","64"
"1666","26","1","17","6","1","108","8","Es el juego: 1","Es el juego 1","1","2","5","5","38","10","48","64"
"1667","27","1","17","6","1","111","11","Es el juego: 5","Es el juego 5","1","1","5","5","38","10","48","64"
"1668","27","1","17","6","1","108","8","Es el juego: 1","Es el juego 1","1","2","5","5","38","10","48","64"
"1669","28","1","17","6","1","111","11","Es el juego: 5","Es el juego 5","1","1","5","5","38","10","48","64"
"1670","28","1","17","6","1","108","8","Es el juego: 1","Es el juego 1","1","2","5","5","38","10","48","64"
"1671","29","1","17","6","1","108","8","Es el juego: 1","Es el juego 1","1","2","5","5","38","10","48","64"
"1672","29","1","17","6","1","111","11","Es el juego: 5","Es el juego 5","1","1","5","5","38","10","48","64"
"1673","31","1","17","6","1","108","8","Es el juego: 1","Es el juego 1","1","2","5","5","38","10","48","64"
"1674","31","1","17","6","1","111","11","Es el juego: 5","Es el juego 5","1","1","5","5","38","10","48","64"
"1675","32","1","17","6","1","108","8","Es el juego: 1","Es el juego 1","1","2","5","5","38","10","48","64"
"1676","33","1","17","6","1","111","11","Es el juego: 5","Es el juego 5","1","1","5","5","38","10","48","64"
"1677","34","1","17","6","1","111","11","Estoy diciendo la verdad","Estoy diciendo la verdad.","1","1","5","5","38","10","48","64"
"1678","34","1","17","6","1","108","8","F está mintiendo","F está mintiendo","1","2","5","5","38","10","48","64"
"1679","36","1","17","6","1","111","11","Estoy diciendo la verdad","Estoy diciendo la verdad.","1","1","5","5","38","10","48","64"
"1680","36","1","17","6","1","108","8","F está mintiendo","F está mintiendo","1","2","5","5","38","10","48","64"
"1681","37","1","17","6","1","111","11","Estoy diciendo la verdad","Estoy diciendo la verdad.","1","1","5","5","38","10","48","64"
"1682","38","1","17","6","1","108","8","Estoy diciendo la verdad","Estoy diciendo la verdad.","1","2","5","5","38","10","48","64"
"1683","39","1","17","6","1","111","11","Estoy diciendo la verdad","Estoy diciendo la verdad.","1","1","5","5","38","10","48","64"
"1684","39","1","17","6","1","108","8","Es el juego: 1","Es el juego 1","1","2","5","5","38","10","48","64"
"1685","40","1","17","6","1","111","11","Estoy diciendo la verdad","Estoy diciendo la verdad.","1","1","5","5","38","10","48","64"
"1686","41","1","17","6","1","108","8","Es el juego: 1","Es el juego 1","1","2","5","5","38","10","48","64"
"1687","42","1","17","6","1","111","11","Estoy diciendo la verdad","Estoy diciendo la verdad.","1","1","5","5","38","10","48","64"
"1688","42","1","17","6","1","108","8","Es el juego: 1","Es el juego 1","1","2","5","5","38","10","48","64"
"1689","43","1","17","6","1","111","11","Es el juego: 5","Es el juego 5","1","1","5","5","38","10","48","64"
"1690","44","1","17","6","1","108","8","Es el juego: 1","Es el juego 1","1","2","5","5","38","10","48","64"
"1691","44","1","17","6","1","111","11","Es el juego: 5","Es el juego 5","1","1","5","5","38","10","48","64"
"1692","45","1","17","6","1","108","8","Es el juego: 1","Es el juego 1","1","2","5","5","38","10","48","64"
"1693","46","1","17","6","1","111","11","Es el juego: 5","Es el juego 5","1","1","5","5","38","10","48","64"
"1694","46","1","17","6","1","108","8","Estoy diciendo la verdad","Estoy diciendo la verdad.","1","2","5","5","38","10","48","64"
"1695","3","1","17","7","2","104","4","Es el juego: 2","Es el juego 2","1","2","5","5","42","14","56","72"
"1696","14","1","17","7","2","118","18","Es el juego: 5","Es el juego 5","1","1","5","5","42","14","56","72"
"1697","16","1","17","7","2","104","4","F está mintiendo","F está mintiendo","1","2","5","5","42","14","56","72"
"1698","18","1","17","7","2","104","4","Es el juego: 2","Es el juego 2","1","2","5","5","42","14","56","72"
"1699","18","1","17","7","2","118","18","Estoy diciendo la verdad","Estoy diciendo la verdad.","1","1","5","5","42","14","56","72"
"1700","20","1","17","7","2","118","18","C está mintiendo","C está mintiendo","1","1","5","5","42","14","56","72"
"1701","21","1","17","7","2","104","4","F está mintiendo","F está mintiendo","1","2","5","5","42","14","56","72"
"1702","22","1","17","7","2","118","18","C está mintiendo","C está mintiendo","1","1","5","5","42","14","56","72"
"1703","24","1","17","7","2","104","4","Es el juego: 2","Es el juego 2","1","2","5","5","42","14","56","72"
"1704","25","1","17","7","2","118","18","Es el juego: 5","Es el juego 5","1","1","5","5","42","14","56","72"
"1705","26","1","17","7","2","104","4","F está mintiendo","F está mintiendo","1","2","5","5","42","14","56","72"
"1706","27","1","17","7","2","104","4","Es el juego: 2","Es el juego 2","1","2","5","5","42","14","56","72"
"1707","29","1","17","7","2","104","4","Es el juego: 2","Es el juego 2","1","2","5","5","42","14","56","72"
"1708","29","1","17","7","2","118","18","Es el juego: 5","Es el juego 5","1","1","5","5","42","14","56","72"
"1709","30","1","17","7","2","104","4","Es el juego: 2","Es el juego 2","1","2","5","5","42","14","56","72"
"1710","32","1","17","7","2","104","4","Es el juego: 2","Es el juego 2","1","2","5","5","42","14","56","72"
"1711","33","1","17","7","2","118","18","Estoy diciendo la verdad","Estoy diciendo la verdad.","1","1","5","5","42","14","56","72"
"1712","33","1","17","7","2","104","4","F está mintiendo","F está mintiendo","1","2","5","5","42","14","56","72"
"1713","35","1","17","7","2","118","18","Es el juego: 5","Es el juego 5","1","1","5","5","42","14","56","72"
"1714","37","1","17","7","2","104","4","Estoy diciendo la verdad","Estoy diciendo la verdad.","1","2","5","5","42","14","56","72"
"1715","38","1","17","7","2","118","18","C está mintiendo","C está mintiendo","1","1","5","5","42","14","56","72"
"1716","39","1","17","7","2","104","4","F está mintiendo","F está mintiendo","1","2","5","5","42","14","56","72"
"1717","41","1","17","7","2","118","18","C está mintiendo","C está mintiendo","1","1","5","5","42","14","56","72"
"1718","41","1","17","7","2","104","4","F está mintiendo","F está mintiendo","1","2","5","5","42","14","56","72"
"1719","43","1","17","7","2","118","18","Es el juego: 5","Es el juego 5","1","1","5","5","42","14","56","72"
"1720","43","1","17","7","2","104","4","Es el juego: 2","Es el juego 2","1","2","5","5","42","14","56","72"
"1721","45","1","17","7","2","118","18","Es el juego: 5","Es el juego 5","1","1","5","5","42","14","56","72"
"1722","45","1","17","7","2","104","4","Es el juego: 2","Es el juego 2","1","2","5","5","42","14","56","72"
"1723","3","1","17","8","3","122","22","¿En qué juego estamos?","¿En qué juego estamos?","1","0","1","2","4","29","33","80"
"1724","4","1","17","8","3","122","22","¿En qué juego estamos?","¿En qué juego estamos?","1","0","1","2","4","29","33","80"
"1725","5","1","17","8","3","110","10","Es el juego: 3","Es el juego 3","1","1","1","2","4","29","33","80"
"1726","6","1","17","8","3","122","22","¿En qué juego estamos?","¿En qué juego estamos?","1","0","1","2","4","29","33","80"
"1727","7","1","17","8","3","122","22","¿En qué juego estamos?","¿En qué juego estamos?","1","0","1","2","4","29","33","80"
"1728","8","1","17","8","3","122","22","¿En qué juego estamos?","¿En qué juego estamos?","1","0","1","2","4","29","33","80"
"1729","9","1","17","8","3","105","5","Es el juego: 3","Es el juego 3","1","2","1","2","4","29","33","80"
"1730","10","1","17","8","3","122","22","¿En qué juego estamos?","¿En qué juego estamos?","1","0","1","2","4","29","33","80"
"1731","11","1","17","8","3","110","10","Estoy diciendo la verdad","Estoy diciendo la verdad.","1","1","1","2","4","29","33","80"
"1732","12","1","17","8","3","110","10","C está diciendo la verdad","C está diciendo la verdad","1","1","1","2","4","29","33","80"
"1733","13","1","17","8","3","122","22","Por favor decidme la verdad","Por favor decidme la verdad","1","0","1","2","4","29","33","80"
"1734","16","1","17","8","3","105","5","F está diciendo la verdad","F está diciendo la verdad","1","2","1","2","4","29","33","80"
"1735","17","1","17","8","3","105","5","Estoy diciendo la verdad","Estoy diciendo la verdad.","1","2","1","2","4","29","33","80"
"1736","22","1","17","8","3","110","10","Estoy diciendo la verdad","Estoy diciendo la verdad.","1","1","1","2","4","29","33","80"
"1737","24","1","17","8","3","110","10","C está diciendo la verdad","C está diciendo la verdad","1","1","1","2","4","29","33","80"
"1738","27","1","17","8","3","105","5","F está diciendo la verdad","F está diciendo la verdad","1","2","1","2","4","29","33","80"
"1739","29","1","17","8","3","105","5","Estoy diciendo la verdad","Estoy diciendo la verdad.","1","2","1","2","4","29","33","80"
"1740","30","1","17","8","3","110","10","C está diciendo la verdad","C está diciendo la verdad","1","1","1","2","4","29","33","80"
"1741","38","1","17","8","3","110","10","Estoy diciendo la verdad","Estoy diciendo la verdad.","1","1","1","2","4","29","33","80"
"1742","41","1","17","8","3","105","5","F está diciendo la verdad","F está diciendo la verdad","1","2","1","2","4","29","33","80"
"1743","42","1","17","8","3","110","10","Estoy diciendo la verdad","Estoy diciendo la verdad.","1","1","1","2","4","29","33","80"
"1744","44","1","17","8","3","110","10","C está diciendo la verdad","C está diciendo la verdad","1","1","1","2","4","29","33","80"
"1745","46","1","17","8","3","110","10","Estoy diciendo la verdad","Estoy diciendo la verdad.","1","1","1","2","4","29","33","80"
"1746","3","1","17","9","2","127","27","¿En qué juego estamos?","¿En qué juego estamos?","1","0","3","3","36","36","72","72"
"1747","4","1","17","9","2","112","12","Es el juego: 3","Es el juego 3","1","1","3","3","36","36","72","72"
"1748","4","1","17","9","2","127","27","Por favor decidme la verdad","Por favor decidme la verdad","1","0","3","3","36","36","72","72"
"1749","6","1","17","9","2","127","27","Por favor decidme la verdad","Por favor decidme la verdad","1","0","3","3","36","36","72","72"
"1750","7","1","17","9","2","127","27","Por favor decidme la verdad","Por favor decidme la verdad","1","0","3","3","36","36","72","72"
"1751","8","1","17","9","2","109","9","F está mintiendo","F está mintiendo","1","2","3","3","36","36","72","72"
"1752","10","1","17","9","2","112","12","Estoy diciendo la verdad","Estoy diciendo la verdad.","1","1","3","3","36","36","72","72"
"1753","13","1","17","9","2","112","12","Es el juego: 3","Es el juego 3","1","1","3","3","36","36","72","72"
"1754","13","1","17","9","2","109","9","Es el juego: 2","Es el juego 2","1","2","3","3","36","36","72","72"
"1755","18","1","17","9","2","112","12","Es el juego: 3","Es el juego 3","1","1","3","3","36","36","72","72"
"1756","22","1","17","9","2","109","9","Es el juego: 2","Es el juego 2","1","2","3","3","36","36","72","72"
"1757","25","1","17","9","2","109","9","F está mintiendo","F está mintiendo","1","2","3","3","36","36","72","72"
"1758","25","1","17","9","2","112","12","C está mintiendo","C está mintiendo","1","1","3","3","36","36","72","72"
"1759","26","1","17","9","2","109","9","Estoy diciendo la verdad","Estoy diciendo la verdad.","1","2","3","3","36","36","72","72"
"1760","28","1","17","9","2","109","9","Estoy diciendo la verdad","Estoy diciendo la verdad.","1","2","3","3","36","36","72","72"
"1761","30","1","17","9","2","112","12","Estoy diciendo la verdad","Estoy diciendo la verdad.","1","1","3","3","36","36","72","72"
"1762","30","1","17","9","2","127","27","Por favor decidme la verdad","Por favor decidme la verdad","1","0","3","3","36","36","72","72"
"1763","30","1","17","9","2","109","9","Es el juego: 2","Es el juego 2","1","2","3","3","36","36","72","72"
"1764","31","1","17","9","2","127","27","Por favor decidme la verdad","Por favor decidme la verdad","1","0","3","3","36","36","72","72"
"1765","33","1","17","9","2","112","12","Es el juego: 3","Es el juego 3","1","1","3","3","36","36","72","72"
"1766","34","1","17","9","2","109","9","Es el juego: 2","Es el juego 2","1","2","3","3","36","36","72","72"
"1767","36","1","17","9","2","109","9","F está mintiendo","F está mintiendo","1","2","3","3","36","36","72","72"
"1768","36","1","17","9","2","112","12","Es el juego: 3","Es el juego 3","1","1","3","3","36","36","72","72"
"1769","38","1","17","9","2","112","12","Es el juego: 3","Es el juego 3","1","1","3","3","36","36","72","72"
"1770","39","1","17","9","2","109","9","Es el juego: 2","Es el juego 2","1","2","3","3","36","36","72","72"
"1771","40","1","17","9","2","112","12","C está mintiendo","C está mintiendo","1","1","3","3","36","36","72","72"
"1772","44","1","17","9","2","112","12","Estoy diciendo la verdad","Estoy diciendo la verdad.","1","1","3","3","36","36","72","72"
"1773","46","1","17","9","2","112","12","Es el juego: 3","Es el juego 3","1","1","3","3","36","36","72","72"
"3630","4","2","17","1","1","221","21","¿En qué juego estamos?","¿En qué juego estamos?","1","0","1","1","26","54","80","64"
"3631","7","2","17","1","1","203","3","Es el juego: 1","Es el juego 1","1","2","1","1","26","54","80","64"
"3632","21","2","17","1","1","213","13","C está diciendo la verdad","C está diciendo la verdad","1","1","1","1","26","54","80","64"
"3633","2","2","17","2","1","220","20","¿En qué juego estamos?","¿En qué juego estamos?","1","0","4","4","35","21","56","64"
"3634","5","2","17","2","1","215","15","Es el juego: 4","Es el juego 4","1","1","4","4","35","21","56","64"
"3635","7","2","17","2","1","220","20","Por favor decidme la verdad","Por favor decidme la verdad","1","0","4","4","35","21","56","64"
"3636","7","2","17","2","1","209","9","Es el juego: 1","Es el juego 1","1","2","4","4","35","21","56","64"
"3637","9","2","17","2","1","220","20","Por favor decidme la verdad","Por favor decidme la verdad","1","0","4","4","35","21","56","64"
"3638","10","2","17","2","1","215","15","Es el juego: 4","Es el juego 4","1","1","4","4","35","21","56","64"
"3639","10","2","17","2","1","209","9","Es el juego: 1","Es el juego 1","1","2","4","4","35","21","56","64"
"3640","11","2","17","2","1","215","15","Es el juego: 4","Es el juego 4","1","1","4","4","35","21","56","64"
"3641","12","2","17","2","1","220","20","Por favor decidme la verdad","Por favor decidme la verdad","1","0","4","4","35","21","56","64"
"3642","12","2","17","2","1","209","9","F está mintiendo","F está mintiendo","1","2","4","4","35","21","56","64"
"3643","13","2","17","2","1","215","15","Es el juego: 4","Es el juego 4","1","1","4","4","35","21","56","64"
"3644","13","2","17","2","1","209","9","Es el juego: 1","Es el juego 1","1","2","4","4","35","21","56","64"
"3645","14","2","17","2","1","215","15","Es el juego: 4","Es el juego 4","1","1","4","4","35","21","56","64"
"3646","15","2","17","2","1","209","9","F está mintiendo","F está mintiendo","1","2","4","4","35","21","56","64"
"3647","16","2","17","2","1","215","15","C está mintiendo","C está mintiendo","1","1","4","4","35","21","56","64"
"3648","17","2","17","2","1","209","9","Es el juego: 1","Es el juego 1","1","2","4","4","35","21","56","64"
"3649","17","2","17","2","1","215","15","C está mintiendo","C está mintiendo","1","1","4","4","35","21","56","64"
"3650","18","2","17","2","1","220","20","Por favor decidme la verdad","Por favor decidme la verdad","1","0","4","4","35","21","56","64"
"3651","19","2","17","2","1","209","9","Es el juego: 1","Es el juego 1","1","2","4","4","35","21","56","64"
"3652","19","2","17","2","1","215","15","C está mintiendo","C está mintiendo","1","1","4","4","35","21","56","64"
"3653","20","2","17","2","1","215","15","C está mintiendo","C está mintiendo","1","1","4","4","35","21","56","64"
"3654","21","2","17","2","1","209","9","Es el juego: 1","Es el juego 1","1","2","4","4","35","21","56","64"
"3655","21","2","17","2","1","220","20","Por favor decidme la verdad","Por favor decidme la verdad","1","0","4","4","35","21","56","64"
"3656","22","2","17","2","1","215","15","Es el juego: 4","Es el juego 4","1","1","4","4","35","21","56","64"
"3657","23","2","17","2","1","220","20","Por favor decidme la verdad","Por favor decidme la verdad","1","0","4","4","35","21","56","64"
"3658","23","2","17","2","1","215","15","Es el juego: 4","Es el juego 4","1","1","4","4","35","21","56","64"
"3659","24","2","17","2","1","209","9","Estoy diciendo la verdad","Estoy diciendo la verdad.","1","2","4","4","35","21","56","64"
"3660","25","2","17","2","1","215","15","Es el juego: 4","Es el juego 4","1","1","4","4","35","21","56","64"
"3661","25","2","17","2","1","220","20","Por favor decidme la verdad","Por favor decidme la verdad","1","0","4","4","35","21","56","64"
"3662","26","2","17","2","1","209","9","Estoy diciendo la verdad","Estoy diciendo la verdad.","1","2","4","4","35","21","56","64"
"3663","26","2","17","2","1","215","15","Es el juego: 4","Es el juego 4","1","1","4","4","35","21","56","64"
"3664","27","2","17","2","1","215","15","Es el juego: 4","Es el juego 4","1","1","4","4","35","21","56","64"
"3665","27","2","17","2","1","220","20","Por favor decidme la verdad","Por favor decidme la verdad","1","0","4","4","35","21","56","64"
"3666","27","2","17","2","1","209","9","Estoy diciendo la verdad","Estoy diciendo la verdad.","1","2","4","4","35","21","56","64"
"3667","29","2","17","2","1","215","15","Es el juego: 4","Es el juego 4","1","1","4","4","35","21","56","64"
"3668","29","2","17","2","1","209","9","Estoy diciendo la verdad","Estoy diciendo la verdad.","1","2","4","4","35","21","56","64"
"3669","29","2","17","2","1","220","20","Por favor decidme la verdad","Por favor decidme la verdad","1","0","4","4","35","21","56","64"
"3670","30","2","17","2","1","215","15","Es el juego: 4","Es el juego 4","1","1","4","4","35","21","56","64"
"3671","31","2","17","2","1","209","9","Es el juego: 1","Es el juego 1","1","2","4","4","35","21","56","64"
"3672","31","2","17","2","1","220","20","Por favor decidme la verdad","Por favor decidme la verdad","1","0","4","4","35","21","56","64"
"3673","32","2","17","2","1","215","15","Estoy diciendo la verdad","Estoy diciendo la verdad.","1","1","4","4","35","21","56","64"
"3674","33","2","17","2","1","209","9","Estoy diciendo la verdad","Estoy diciendo la verdad.","1","2","4","4","35","21","56","64"
"3675","33","2","17","2","1","220","20","Por favor decidme la verdad","Por favor decidme la verdad","1","0","4","4","35","21","56","64"
"3676","33","2","17","2","1","215","15","Estoy diciendo la verdad","Estoy diciendo la verdad.","1","1","4","4","35","21","56","64"
"3677","34","2","17","2","1","209","9","Es el juego: 1","Es el juego 1","1","2","4","4","35","21","56","64"
"3678","34","2","17","2","1","215","15","Estoy diciendo la verdad","Estoy diciendo la verdad.","1","1","4","4","35","21","56","64"
"3679","35","2","17","2","1","209","9","Estoy diciendo la verdad","Estoy diciendo la verdad.","1","2","4","4","35","21","56","64"
"3680","36","2","17","2","1","215","15","C está mintiendo","C está mintiendo","1","1","4","4","35","21","56","64"
"3681","37","2","17","2","1","209","9","Es el juego: 1","Es el juego 1","1","2","4","4","35","21","56","64"
"3682","37","2","17","2","1","215","15","C está mintiendo","C está mintiendo","1","1","4","4","35","21","56","64"
"3683","38","2","17","2","1","209","9","Estoy diciendo la verdad","Estoy diciendo la verdad.","1","2","4","4","35","21","56","64"
"3684","38","2","17","2","1","215","15","Estoy diciendo la verdad","Estoy diciendo la verdad.","1","1","4","4","35","21","56","64"
"3685","40","2","17","2","1","215","15","Estoy diciendo la verdad","Estoy diciendo la verdad.","1","1","4","4","35","21","56","64"
"3686","40","2","17","2","1","209","9","Es el juego: 1","Es el juego 1","1","2","4","4","35","21","56","64"
"3687","41","2","17","2","1","215","15","Estoy diciendo la verdad","Estoy diciendo la verdad.","1","1","4","4","35","21","56","64"
"3688","42","2","17","2","1","209","9","Estoy diciendo la verdad","Estoy diciendo la verdad.","1","2","4","4","35","21","56","64"
"3689","42","2","17","2","1","220","20","Por favor decidme la verdad","Por favor decidme la verdad","1","0","4","4","35","21","56","64"
"3690","42","2","17","2","1","215","15","Es el juego: 4","Es el juego 4","1","1","4","4","35","21","56","64"
"3691","44","2","17","2","1","209","9","Es el juego: 1","Es el juego 1","1","2","4","4","35","21","56","64"
"3692","44","2","17","2","1","215","15","Es el juego: 4","Es el juego 4","1","1","4","4","35","21","56","64"
"3693","44","2","17","2","1","220","20","Por favor decidme la verdad","Por favor decidme la verdad","1","0","4","4","35","21","56","64"
"3694","45","2","17","2","1","215","15","Es el juego: 4","Es el juego 4","1","1","4","4","35","21","56","64"
"3695","46","2","17","2","1","220","20","Por favor decidme la verdad","Por favor decidme la verdad","1","0","4","4","35","21","56","64"
"3696","46","2","17","2","1","209","9","Estoy diciendo la verdad","Estoy diciendo la verdad.","1","2","4","4","35","21","56","64"
"3697","3","2","17","3","3","222","22","¿En qué juego estamos?","¿En qué juego estamos?","1","0","4","4","43","29","72","80"
"3698","9","2","17","3","3","202","2","Es el juego: 1","Es el juego 1","1","2","4","4","43","29","72","80"
"3699","11","2","17","3","3","202","2","Es el juego: 1","Es el juego 1","1","2","4","4","43","29","72","80"
"3700","12","2","17","3","3","211","11","Es el juego: 5","Es el juego 5","1","1","4","4","43","29","72","80"
"3701","12","2","17","3","3","202","2","Es el juego: 1","Es el juego 1","1","2","4","4","43","29","72","80"
"3702","13","2","17","3","3","222","22","¿En qué juego estamos?","¿En qué juego estamos?","1","0","4","4","43","29","72","80"
"3703","14","2","17","3","3","211","11","Es el juego: 5","Es el juego 5","1","1","4","4","43","29","72","80"
"3704","14","2","17","3","3","202","2","Es el juego: 1","Es el juego 1","1","2","4","4","43","29","72","80"
"3705","15","2","17","3","3","211","11","Es el juego: 5","Es el juego 5","1","1","4","4","43","29","72","80"
"3706","16","2","17","3","3","211","11","Es el juego: 5","Es el juego 5","1","1","4","4","43","29","72","80"
"3707","16","2","17","3","3","202","2","Es el juego: 1","Es el juego 1","1","2","4","4","43","29","72","80"
"3708","18","2","17","3","3","211","11","Es el juego: 5","Es el juego 5","1","1","4","4","43","29","72","80"
"3709","19","2","17","3","3","222","22","¿En qué juego estamos?","¿En qué juego estamos?","1","0","4","4","43","29","72","80"
"3710","19","2","17","3","3","211","11","C está mintiendo","C está mintiendo","1","1","4","4","43","29","72","80"
"3711","21","2","17","3","3","211","11","C está mintiendo","C está mintiendo","1","1","4","4","43","29","72","80"
"3712","21","2","17","3","3","222","22","Por favor decidme la verdad","Por favor decidme la verdad","1","0","4","4","43","29","72","80"
"3713","22","2","17","3","3","211","11","C está mintiendo","C está mintiendo","1","1","4","4","43","29","72","80"
"3714","23","2","17","3","3","202","2","Es el juego: 1","Es el juego 1","1","2","4","4","43","29","72","80"
"3715","24","2","17","3","3","211","11","Es el juego: 5","Es el juego 5","1","1","4","4","43","29","72","80"
"3716","25","2","17","3","3","202","2","Es el juego: 1","Es el juego 1","1","2","4","4","43","29","72","80"
"3717","25","2","17","3","3","211","11","Es el juego: 5","Es el juego 5","1","1","4","4","43","29","72","80"
"3718","26","2","17","3","3","202","2","Es el juego: 1","Es el juego 1","1","2","4","4","43","29","72","80"
"3719","26","2","17","3","3","211","11","Es el juego: 5","Es el juego 5","1","1","4","4","43","29","72","80"
"3720","28","2","17","3","3","202","2","Es el juego: 1","Es el juego 1","1","2","4","4","43","29","72","80"
"3721","28","2","17","3","3","211","11","C está mintiendo","C está mintiendo","1","1","4","4","43","29","72","80"
"3722","29","2","17","3","3","211","11","C está mintiendo","C está mintiendo","1","1","4","4","43","29","72","80"
"3723","30","2","17","3","3","202","2","Estoy diciendo la verdad","Estoy diciendo la verdad.","1","2","4","4","43","29","72","80"
"3724","31","2","17","3","3","202","2","Es el juego: 1","Es el juego 1","1","2","4","4","43","29","72","80"
"3725","32","2","17","3","3","211","11","Es el juego: 5","Es el juego 5","1","1","4","4","43","29","72","80"
"3726","33","2","17","3","3","202","2","Es el juego: 1","Es el juego 1","1","2","4","4","43","29","72","80"
"3727","34","2","17","3","3","211","11","C está mintiendo","C está mintiendo","1","1","4","4","43","29","72","80"
"3728","34","2","17","3","3","202","2","Es el juego: 1","Es el juego 1","1","2","4","4","43","29","72","80"
"3729","35","2","17","3","3","211","11","Es el juego: 5","Es el juego 5","1","1","4","4","43","29","72","80"
"3730","36","2","17","3","3","202","2","Es el juego: 1","Es el juego 1","1","2","4","4","43","29","72","80"
"3731","37","2","17","3","3","202","2","Es el juego: 1","Es el juego 1","1","2","4","4","43","29","72","80"
"3732","38","2","17","3","3","211","11","C está mintiendo","C está mintiendo","1","1","4","4","43","29","72","80"
"3733","38","2","17","3","3","202","2","Es el juego: 1","Es el juego 1","1","2","4","4","43","29","72","80"
"3734","39","2","17","3","3","211","11","Es el juego: 5","Es el juego 5","1","1","4","4","43","29","72","80"
"3735","40","2","17","3","3","202","2","Es el juego: 1","Es el juego 1","1","2","4","4","43","29","72","80"
"3736","40","2","17","3","3","211","11","Es el juego: 5","Es el juego 5","1","1","4","4","43","29","72","80"
"3737","41","2","17","3","3","202","2","Es el juego: 1","Es el juego 1","1","2","4","4","43","29","72","80"
"3738","42","2","17","3","3","211","11","C está mintiendo","C está mintiendo","1","1","4","4","43","29","72","80"
"3739","43","2","17","3","3","202","2","Es el juego: 1","Es el juego 1","1","2","4","4","43","29","72","80"
"3740","43","2","17","3","3","211","11","C está mintiendo","C está mintiendo","1","1","4","4","43","29","72","80"
"3741","44","2","17","3","3","202","2","Es el juego: 1","Es el juego 1","1","2","4","4","43","29","72","80"
"3742","45","2","17","3","3","211","11","C está mintiendo","C está mintiendo","1","1","4","4","43","29","72","80"
"3743","46","2","17","3","3","202","2","Es el juego: 1","Es el juego 1","1","2","4","4","43","29","72","80"
"3744","46","2","17","3","3","211","11","C está mintiendo","C está mintiendo","1","1","4","4","43","29","72","80"
"3745","5","2","17","4","2","201","1","Es el juego: 2","Es el juego 2","1","2","2","2","33","47","80","72"
"3746","6","2","17","4","2","218","18","Es el juego: 2","Es el juego 2","1","1","2","2","33","47","80","72"
"3747","6","2","17","4","2","224","24","Por favor decidme la verdad","Por favor decidme la verdad","1","0","2","2","33","47","80","72"
"3748","8","2","17","4","2","201","1","Estoy diciendo la verdad","Estoy diciendo la verdad.","1","2","2","2","33","47","80","72"
"3749","9","2","17","4","2","201","1","F está diciendo la verdad","F está diciendo la verdad","1","2","2","2","33","47","80","72"
"3750","2","2","17","5","5","225","25","¿En qué juego estamos?","¿En qué juego estamos?","1","0","5","5","54","26","80","64"
"3751","13","2","17","5","5","225","25","¿En qué juego estamos?","¿En qué juego estamos?","1","0","5","5","54","26","80","64"
"3752","16","2","17","5","5","225","25","Por favor decidme la verdad","Por favor decidme la verdad","1","0","5","5","54","26","80","64"
"3753","18","2","17","5","5","216","16","Es el juego: 5","Es el juego 5","1","1","5","5","54","26","80","64"
"3754","22","2","17","5","5","216","16","Estoy diciendo la verdad","Estoy diciendo la verdad.","1","1","5","5","54","26","80","64"
"3755","25","2","17","5","5","225","25","Por favor decidme la verdad","Por favor decidme la verdad","1","0","5","5","54","26","80","64"
"3756","29","2","17","5","5","205","5","F está mintiendo","F está mintiendo","1","2","5","5","54","26","80","64"
"3757","30","2","17","5","5","205","5","Es el juego: 2","Es el juego 2","1","2","5","5","54","26","80","64"
"3758","33","2","17","5","5","216","16","C está mintiendo","C está mintiendo","1","1","5","5","54","26","80","64"
"3759","33","2","17","5","5","205","5","F está mintiendo","F está mintiendo","1","2","5","5","54","26","80","64"
"3760","34","2","17","5","5","205","5","F está mintiendo","F está mintiendo","1","2","5","5","54","26","80","64"
"3761","36","2","17","5","5","205","5","F está mintiendo","F está mintiendo","1","2","5","5","54","26","80","64"
"3762","37","2","17","5","5","205","5","Es el juego: 2","Es el juego 2","1","2","5","5","54","26","80","64"
"3763","39","2","17","5","5","216","16","C está mintiendo","C está mintiendo","1","1","5","5","54","26","80","64"
"3764","40","2","17","5","5","216","16","C está mintiendo","C está mintiendo","1","1","5","5","54","26","80","64"
"3765","41","2","17","5","5","205","5","F está mintiendo","F está mintiendo","1","2","5","5","54","26","80","64"
"3766","42","2","17","5","5","216","16","C está mintiendo","C está mintiendo","1","1","5","5","54","26","80","64"
"3767","42","2","17","5","5","205","5","F está mintiendo","F está mintiendo","1","2","5","5","54","26","80","64"
"3768","43","2","17","5","5","205","5","F está mintiendo","F está mintiendo","1","2","5","5","54","26","80","64"
"3769","43","2","17","5","5","216","16","Estoy diciendo la verdad","Estoy diciendo la verdad.","1","1","5","5","54","26","80","64"
"3770","44","2","17","5","5","205","5","F está mintiendo","F está mintiendo","1","2","5","5","54","26","80","64"
"3771","45","2","17","5","5","205","5","F está mintiendo","F está mintiendo","1","2","5","5","54","26","80","64"
"3772","46","2","17","5","5","216","16","Estoy diciendo la verdad","Estoy diciendo la verdad.","1","1","5","5","54","26","80","64"
"3773","4","2","17","6","1","227","27","¿En qué juego estamos?","¿En qué juego estamos?","1","0","1","1","26","54","80","64"
"3774","4","2","17","6","1","207","7","Es el juego: 1","Es el juego 1","1","2","1","1","26","54","80","64"
"3775","6","2","17","6","1","212","12","Es el juego: 1","Es el juego 1","1","1","1","1","26","54","80","64"
"3776","6","2","17","6","1","207","7","Estoy diciendo la verdad","Estoy diciendo la verdad.","1","2","1","1","26","54","80","64"
"3777","8","2","17","6","1","212","12","C está diciendo la verdad","C está diciendo la verdad","1","1","1","1","26","54","80","64"
"3778","8","2","17","6","1","207","7","F está diciendo la verdad","F está diciendo la verdad","1","2","1","1","26","54","80","64"
"3779","11","2","17","6","1","207","7","Es el juego: 1","Es el juego 1","1","2","1","1","26","54","80","64"
"3780","12","2","17","6","1","227","27","Por favor decidme la verdad","Por favor decidme la verdad","1","0","1","1","26","54","80","64"
"3781","13","2","17","6","1","207","7","Estoy diciendo la verdad","Estoy diciendo la verdad.","1","2","1","1","26","54","80","64"
"3782","17","2","17","6","1","207","7","Estoy diciendo la verdad","Estoy diciendo la verdad.","1","2","1","1","26","54","80","64"
"3783","23","2","17","6","1","207","7","Es el juego: 1","Es el juego 1","1","2","1","1","26","54","80","64"
"3784","3","2","17","7","2","226","26","Por favor decidme la verdad","Por favor decidme la verdad","1","0","3","3","36","36","72","72"
"3785","5","2","17","7","2","226","26","Por favor decidme la verdad","Por favor decidme la verdad","1","0","3","3","36","36","72","72"
"3786","6","2","17","7","2","226","26","Por favor decidme la verdad","Por favor decidme la verdad","1","0","3","3","36","36","72","72"
"3787","8","2","17","7","2","226","26","Por favor decidme la verdad","Por favor decidme la verdad","1","0","3","3","36","36","72","72"
"3788","9","2","17","7","2","206","6","Es el juego: 2","Es el juego 2","1","2","3","3","36","36","72","72"
"3789","9","2","17","7","2","214","14","Es el juego: 3","Es el juego 3","1","1","3","3","36","36","72","72"
"3790","9","2","17","7","2","226","26","Por favor decidme la verdad","Por favor decidme la verdad","1","0","3","3","36","36","72","72"
"3791","11","2","17","7","2","206","6","F está mintiendo","F está mintiendo","1","2","3","3","36","36","72","72"
"3792","11","2","17","7","2","214","14","C está mintiendo","C está mintiendo","1","1","3","3","36","36","72","72"
"3793","13","2","17","7","2","206","6","Es el juego: 2","Es el juego 2","1","2","3","3","36","36","72","72"
"3794","13","2","17","7","2","214","14","C está mintiendo","C está mintiendo","1","1","3","3","36","36","72","72"
"3795","17","2","17","7","2","214","14","C está mintiendo","C está mintiendo","1","1","3","3","36","36","72","72"
"3796","22","2","17","7","2","206","6","Es el juego: 2","Es el juego 2","1","2","3","3","36","36","72","72"
"3797","24","2","17","7","2","214","14","C está mintiendo","C está mintiendo","1","1","3","3","36","36","72","72"
"3798","25","2","17","7","2","214","14","C está mintiendo","C está mintiendo","1","1","3","3","36","36","72","72"
"3799","26","2","17","7","2","206","6","Estoy diciendo la verdad","Estoy diciendo la verdad.","1","2","3","3","36","36","72","72"
"3800","27","2","17","7","2","206","6","Es el juego: 2","Es el juego 2","1","2","3","3","36","36","72","72"
"3801","27","2","17","7","2","214","14","Estoy diciendo la verdad","Estoy diciendo la verdad.","1","1","3","3","36","36","72","72"
"3802","32","2","17","7","2","206","6","F está mintiendo","F está mintiendo","1","2","3","3","36","36","72","72"
"3803","33","2","17","7","2","206","6","Es el juego: 2","Es el juego 2","1","2","3","3","36","36","72","72"
"3804","39","2","17","7","2","214","14","Es el juego: 3","Es el juego 3","1","1","3","3","36","36","72","72"
"3805","41","2","17","7","2","214","14","Estoy diciendo la verdad","Estoy diciendo la verdad.","1","1","3","3","36","36","72","72"
"3806","42","2","17","7","2","206","6","F está mintiendo","F está mintiendo","1","2","3","3","36","36","72","72"
"3807","44","2","17","7","2","214","14","Estoy diciendo la verdad","Estoy diciendo la verdad.","1","1","3","3","36","36","72","72"
"3808","45","2","17","7","2","214","14","Estoy diciendo la verdad","Estoy diciendo la verdad.","1","1","3","3","36","36","72","72"
"3809","2","2","17","8","3","219","19","¿En qué juego estamos?","¿En qué juego estamos?","1","0","3","3","40","40","80","80"
"3810","4","2","17","8","3","219","19","Por favor decidme la verdad","Por favor decidme la verdad","1","0","3","3","40","40","80","80"
"3811","7","2","17","8","3","217","17","Es el juego: 3","Es el juego 3","1","1","3","3","40","40","80","80"
"3812","11","2","17","8","3","217","17","Estoy diciendo la verdad","Estoy diciendo la verdad.","1","1","3","3","40","40","80","80"
"3813","20","2","17","8","3","208","8","Es el juego: 2","Es el juego 2","1","2","3","3","40","40","80","80"
"3814","23","2","17","8","3","208","8","F está mintiendo","F está mintiendo","1","2","3","3","40","40","80","80"
"3815","33","2","17","8","3","217","17","Estoy diciendo la verdad","Estoy diciendo la verdad.","1","1","3","3","40","40","80","80"
"3816","39","2","17","8","3","208","8","F está mintiendo","F está mintiendo","1","2","3","3","40","40","80","80"
"3817","40","2","17","8","3","208","8","Es el juego: 2","Es el juego 2","1","2","3","3","40","40","80","80"
"3818","41","2","17","8","3","217","17","Es el juego: 3","Es el juego 3","1","1","3","3","40","40","80","80"
"3819","43","2","17","8","3","208","8","Estoy diciendo la verdad","Estoy diciendo la verdad.","1","2","3","3","40","40","80","80"
"3820","3","2","17","9","2","223","23","¿En qué juego estamos?","¿En qué juego estamos?","1","0","1","1","22","50","72","72"
"3821","5","2","17","9","2","223","23","Por favor decidme la verdad","Por favor decidme la verdad","1","0","1","1","22","50","72","72"
"3822","7","2","17","9","2","223","23","Por favor decidme la verdad","Por favor decidme la verdad","1","0","1","1","22","50","72","72"
"3823","10","2","17","9","2","210","10","Es el juego: 2","Es el juego 2","1","1","1","1","22","50","72","72"
"3824","13","2","17","9","2","204","4","Es el juego: 2","Es el juego 2","1","2","1","1","22","50","72","72"
"3825","15","2","17","9","2","210","10","C está diciendo la verdad","C está diciendo la verdad","1","1","1","1","22","50","72","72"
"3826","16","2","17","9","2","204","4","Estoy diciendo la verdad","Estoy diciendo la verdad.","1","2","1","1","22","50","72","72"
"3827","17","2","17","9","2","210","10","Estoy diciendo la verdad","Estoy diciendo la verdad.","1","1","1","1","22","50","72","72"
"3828","21","2","17","9","2","204","4","F está diciendo la verdad","F está diciendo la verdad","1","2","1","1","22","50","72","72"
"3829","25","2","17","9","2","204","4","Estoy diciendo la verdad","Estoy diciendo la verdad.","1","2","1","1","22","50","72","72"
"3830","31","2","17","9","2","223","23","Por favor decidme la verdad","Por favor decidme la verdad","1","0","1","1","22","50","72","72"
"3831","37","2","17","9","2","204","4","Estoy diciendo la verdad","Estoy diciendo la verdad.","1","2","1","1","22","50","72","72"
"3832","40","2","17","9","2","204","4","F está diciendo la verdad","F está diciendo la verdad","1","2","1","1","22","50","72","72"
"6136","4","3","17","1","1","321","21","¿En qué juego estamos?","¿En qué juego estamos?","1","0","1","1","26","54","80","64"
"6137","6","3","17","1","1","321","21","Por favor decidme la verdad","Por favor decidme la verdad","1","0","1","1","26","54","80","64"
"6138","14","3","17","1","1","302","2","Es el juego: 1","Es el juego 1","1","2","1","1","26","54","80","64"
"6139","16","3","17","1","1","302","2","Estoy diciendo la verdad","Estoy diciendo la verdad.","1","2","1","1","26","54","80","64"
"6140","17","3","17","1","1","302","2","Estoy diciendo la verdad","Estoy diciendo la verdad.","1","2","1","1","26","54","80","64"
"6141","20","3","17","1","1","302","2","Estoy diciendo la verdad","Estoy diciendo la verdad.","1","2","1","1","26","54","80","64"
"6142","30","3","17","1","1","302","2","Es el juego: 1","Es el juego 1","1","2","1","1","26","54","80","64"
"6143","3","3","17","2","1","327","27","¿En qué juego estamos?","¿En qué juego estamos?","1","0","1","1","26","54","80","64"
"6144","4","3","17","2","1","327","27","Por favor decidme la verdad","Por favor decidme la verdad","1","0","1","1","26","54","80","64"
"6145","7","3","17","2","1","301","1","Es el juego: 1","Es el juego 1","1","2","1","1","26","54","80","64"
"6146","11","3","17","2","1","310","10","C está diciendo la verdad","C está diciendo la verdad","1","1","1","1","26","54","80","64"
"6147","2","3","17","3","3","312","12","Es el juego: 5","Es el juego 5","1","1","5","5","46","18","64","80"
"6148","3","3","17","3","3","319","19","¿En qué juego estamos?","¿En qué juego estamos?","1","0","5","5","46","18","64","80"
"6149","4","3","17","3","3","312","12","Es el juego: 5","Es el juego 5","1","1","5","5","46","18","64","80"
"6150","5","3","17","3","3","307","7","Es el juego: 1","Es el juego 1","1","2","5","5","46","18","64","80"
"6151","6","3","17","3","3","312","12","Es el juego: 5","Es el juego 5","1","1","5","5","46","18","64","80"
"6152","6","3","17","3","3","319","19","Por favor decidme la verdad","Por favor decidme la verdad","1","0","5","5","46","18","64","80"
"6153","7","3","17","3","3","307","7","Estoy diciendo la verdad","Estoy diciendo la verdad.","1","2","5","5","46","18","64","80"
"6154","8","3","17","3","3","312","12","C está mintiendo","C está mintiendo","1","1","5","5","46","18","64","80"
"6155","9","3","17","3","3","307","7","Es el juego: 1","Es el juego 1","1","2","5","5","46","18","64","80"
"6156","9","3","17","3","3","312","12","C está mintiendo","C está mintiendo","1","1","5","5","46","18","64","80"
"6157","11","3","17","3","3","312","12","Es el juego: 5","Es el juego 5","1","1","5","5","46","18","64","80"
"6158","11","3","17","3","3","307","7","Es el juego: 1","Es el juego 1","1","2","5","5","46","18","64","80"
"6159","12","3","17","3","3","319","19","Por favor decidme la verdad","Por favor decidme la verdad","1","0","5","5","46","18","64","80"
"6160","12","3","17","3","3","307","7","Es el juego: 1","Es el juego 1","1","2","5","5","46","18","64","80"
"6161","13","3","17","3","3","312","12","Es el juego: 5","Es el juego 5","1","1","5","5","46","18","64","80"
"6162","14","3","17","3","3","307","7","F está mintiendo","F está mintiendo","1","2","5","5","46","18","64","80"
"6163","15","3","17","3","3","312","12","Es el juego: 5","Es el juego 5","1","1","5","5","46","18","64","80"
"6164","16","3","17","3","3","307","7","Estoy diciendo la verdad","Estoy diciendo la verdad.","1","2","5","5","46","18","64","80"
"6165","16","3","17","3","3","312","12","Es el juego: 5","Es el juego 5","1","1","5","5","46","18","64","80"
"6166","17","3","17","3","3","307","7","F está mintiendo","F está mintiendo","1","2","5","5","46","18","64","80"
"6167","18","3","17","3","3","312","12","Es el juego: 5","Es el juego 5","1","1","5","5","46","18","64","80"
"6168","18","3","17","3","3","307","7","Es el juego: 1","Es el juego 1","1","2","5","5","46","18","64","80"
"6169","19","3","17","3","3","312","12","C está mintiendo","C está mintiendo","1","1","5","5","46","18","64","80"
"6170","20","3","17","3","3","307","7","Es el juego: 1","Es el juego 1","1","2","5","5","46","18","64","80"
"6171","21","3","17","3","3","312","12","Es el juego: 5","Es el juego 5","1","1","5","5","46","18","64","80"
"6172","21","3","17","3","3","307","7","Es el juego: 1","Es el juego 1","1","2","5","5","46","18","64","80"
"6173","22","3","17","3","3","312","12","Es el juego: 5","Es el juego 5","1","1","5","5","46","18","64","80"
"6174","22","3","17","3","3","307","7","Es el juego: 1","Es el juego 1","1","2","5","5","46","18","64","80"
"6175","23","3","17","3","3","312","12","Es el juego: 5","Es el juego 5","1","1","5","5","46","18","64","80"
"6176","24","3","17","3","3","307","7","Es el juego: 1","Es el juego 1","1","2","5","5","46","18","64","80"
"6177","25","3","17","3","3","312","12","Es el juego: 5","Es el juego 5","1","1","5","5","46","18","64","80"
"6178","26","3","17","3","3","307","7","F está mintiendo","F está mintiendo","1","2","5","5","46","18","64","80"
"6179","27","3","17","3","3","312","12","Es el juego: 5","Es el juego 5","1","1","5","5","46","18","64","80"
"6180","27","3","17","3","3","307","7","Estoy diciendo la verdad","Estoy diciendo la verdad.","1","2","5","5","46","18","64","80"
"6181","28","3","17","3","3","312","12","Es el juego: 5","Es el juego 5","1","1","5","5","46","18","64","80"
"6182","29","3","17","3","3","307","7","Es el juego: 1","Es el juego 1","1","2","5","5","46","18","64","80"
"6183","29","3","17","3","3","312","12","Es el juego: 5","Es el juego 5","1","1","5","5","46","18","64","80"
"6184","30","3","17","3","3","307","7","Es el juego: 1","Es el juego 1","1","2","5","5","46","18","64","80"
"6185","31","3","17","3","3","312","12","Es el juego: 5","Es el juego 5","1","1","5","5","46","18","64","80"
"6186","31","3","17","3","3","307","7","Es el juego: 1","Es el juego 1","1","2","5","5","46","18","64","80"
"6187","32","3","17","3","3","312","12","Es el juego: 5","Es el juego 5","1","1","5","5","46","18","64","80"
"6188","32","3","17","3","3","307","7","Es el juego: 1","Es el juego 1","1","2","5","5","46","18","64","80"
"6189","33","3","17","3","3","307","7","Es el juego: 1","Es el juego 1","1","2","5","5","46","18","64","80"
"6190","33","3","17","3","3","312","12","Es el juego: 5","Es el juego 5","1","1","5","5","46","18","64","80"
"6191","35","3","17","3","3","307","7","Es el juego: 1","Es el juego 1","1","2","5","5","46","18","64","80"
"6192","35","3","17","3","3","312","12","Es el juego: 5","Es el juego 5","1","1","5","5","46","18","64","80"
"6193","36","3","17","3","3","307","7","Es el juego: 1","Es el juego 1","1","2","5","5","46","18","64","80"
"6194","36","3","17","3","3","312","12","Es el juego: 5","Es el juego 5","1","1","5","5","46","18","64","80"
"6195","37","3","17","3","3","312","12","Es el juego: 5","Es el juego 5","1","1","5","5","46","18","64","80"
"6196","38","3","17","3","3","307","7","Estoy diciendo la verdad","Estoy diciendo la verdad.","1","2","5","5","46","18","64","80"
"6197","39","3","17","3","3","312","12","Es el juego: 5","Es el juego 5","1","1","5","5","46","18","64","80"
"6198","40","3","17","3","3","307","7","F está mintiendo","F está mintiendo","1","2","5","5","46","18","64","80"
"6199","40","3","17","3","3","312","12","Es el juego: 5","Es el juego 5","1","1","5","5","46","18","64","80"
"6200","42","3","17","3","3","312","12","Es el juego: 5","Es el juego 5","1","1","5","5","46","18","64","80"
"6201","42","3","17","3","3","307","7","Es el juego: 1","Es el juego 1","1","2","5","5","46","18","64","80"
"6202","43","3","17","3","3","312","12","Es el juego: 5","Es el juego 5","1","1","5","5","46","18","64","80"
"6203","44","3","17","3","3","307","7","Es el juego: 1","Es el juego 1","1","2","5","5","46","18","64","80"
"6204","44","3","17","3","3","312","12","Es el juego: 5","Es el juego 5","1","1","5","5","46","18","64","80"
"6205","45","3","17","3","3","307","7","Es el juego: 1","Es el juego 1","1","2","5","5","46","18","64","80"
"6206","46","3","17","3","3","312","12","Es el juego: 5","Es el juego 5","1","1","5","5","46","18","64","80"
"6207","46","3","17","3","3","307","7","Es el juego: 1","Es el juego 1","1","2","5","5","46","18","64","80"
"6208","1","3","17","4","2","325","25","¿En qué juego estamos?","¿En qué juego estamos?","1","0","2","2","33","47","80","72"
"6209","3","3","17","4","2","306","6","Es el juego: 2","Es el juego 2","1","2","2","2","33","47","80","72"
"6210","4","3","17","4","2","314","14","Es el juego: 2","Es el juego 2","1","1","2","2","33","47","80","72"
"6211","4","3","17","4","2","325","25","Por favor decidme la verdad","Por favor decidme la verdad","1","0","2","2","33","47","80","72"
"6212","7","3","17","4","2","314","14","C está diciendo la verdad","C está diciendo la verdad","1","1","2","2","33","47","80","72"
"6213","10","3","17","4","2","306","6","Es el juego: 2","Es el juego 2","1","2","2","2","33","47","80","72"
"6214","12","3","17","4","2","325","25","Por favor decidme la verdad","Por favor decidme la verdad","1","0","2","2","33","47","80","72"
"6215","15","3","17","4","2","314","14","Es el juego: 2","Es el juego 2","1","1","2","2","33","47","80","72"
"6216","16","3","17","4","2","306","6","Es el juego: 2","Es el juego 2","1","2","2","2","33","47","80","72"
"6217","17","3","17","4","2","314","14","Es el juego: 2","Es el juego 2","1","1","2","2","33","47","80","72"
"6218","29","3","17","4","2","314","14","Es el juego: 2","Es el juego 2","1","1","2","2","33","47","80","72"
"6219","42","3","17","4","2","325","25","Por favor decidme la verdad","Por favor decidme la verdad","1","0","2","2","33","47","80","72"
"6220","44","3","17","4","2","306","6","Es el juego: 2","Es el juego 2","1","2","2","2","33","47","80","72"
"6221","44","3","17","4","2","325","25","Por favor decidme la verdad","Por favor decidme la verdad","1","0","2","2","33","47","80","72"
"6222","45","3","17","4","2","314","14","Es el juego: 2","Es el juego 2","1","1","2","2","33","47","80","72"
"6223","46","3","17","4","2","306","6","Es el juego: 2","Es el juego 2","1","2","2","2","33","47","80","72"
"6224","3","3","17","5","5","323","23","¿En qué juego estamos?","¿En qué juego estamos?","1","0","3","3","32","32","64","64"
"6225","3","3","17","5","5","304","4","Es el juego: 1","Es el juego 1","1","2","3","3","32","32","64","64"
"6226","3","3","17","5","5","315","15","Es el juego: 5","Es el juego 5","1","1","3","3","32","32","64","64"
"6227","5","3","17","5","5","315","15","Es el juego: 5","Es el juego 5","1","1","3","3","32","32","64","64"
"6228","5","3","17","5","5","304","4","Estoy diciendo la verdad","Estoy diciendo la verdad.","1","2","3","3","32","32","64","64"
"6229","6","3","17","5","5","315","15","Es el juego: 5","Es el juego 5","1","1","3","3","32","32","64","64"
"6230","7","3","17","5","5","304","4","Estoy diciendo la verdad","Estoy diciendo la verdad.","1","2","3","3","32","32","64","64"
"6231","7","3","17","5","5","323","23","Por favor decidme la verdad","Por favor decidme la verdad","1","0","3","3","32","32","64","64"
"6232","8","3","17","5","5","315","15","Es el juego: 5","Es el juego 5","1","1","3","3","32","32","64","64"
"6233","8","3","17","5","5","304","4","Estoy diciendo la verdad","Estoy diciendo la verdad.","1","2","3","3","32","32","64","64"
"6234","9","3","17","5","5","304","4","Es el juego: 1","Es el juego 1","1","2","3","3","32","32","64","64"
"6235","10","3","17","5","5","315","15","C está diciendo la verdad","C está diciendo la verdad","1","1","3","3","32","32","64","64"
"6236","10","3","17","5","5","304","4","Es el juego: 1","Es el juego 1","1","2","3","3","32","32","64","64"
"6237","11","3","17","5","5","304","4","Es el juego: 1","Es el juego 1","1","2","3","3","32","32","64","64"
"6238","12","3","17","5","5","315","15","C está mintiendo","C está mintiendo","1","1","3","3","32","32","64","64"
"6239","13","3","17","5","5","304","4","Es el juego: 1","Es el juego 1","1","2","3","3","32","32","64","64"
"6240","13","3","17","5","5","315","15","C está mintiendo","C está mintiendo","1","1","3","3","32","32","64","64"
"6241","14","3","17","5","5","315","15","C está mintiendo","C está mintiendo","1","1","3","3","32","32","64","64"
"6242","14","3","17","5","5","304","4","Es el juego: 1","Es el juego 1","1","2","3","3","32","32","64","64"
"6243","16","3","17","5","5","315","15","Es el juego: 5","Es el juego 5","1","1","3","3","32","32","64","64"
"6244","17","3","17","5","5","304","4","F está mintiendo","F está mintiendo","1","2","3","3","32","32","64","64"
"6245","17","3","17","5","5","315","15","Es el juego: 5","Es el juego 5","1","1","3","3","32","32","64","64"
"6246","19","3","17","5","5","304","4","F está mintiendo","F está mintiendo","1","2","3","3","32","32","64","64"
"6247","19","3","17","5","5","315","15","Es el juego: 5","Es el juego 5","1","1","3","3","32","32","64","64"
"6248","20","3","17","5","5","315","15","Es el juego: 5","Es el juego 5","1","1","3","3","32","32","64","64"
"6249","21","3","17","5","5","304","4","Estoy diciendo la verdad","Estoy diciendo la verdad.","1","2","3","3","32","32","64","64"
"6250","21","3","17","5","5","315","15","Es el juego: 5","Es el juego 5","1","1","3","3","32","32","64","64"
"6251","22","3","17","5","5","304","4","Es el juego: 1","Es el juego 1","1","2","3","3","32","32","64","64"
"6252","23","3","17","5","5","315","15","Es el juego: 5","Es el juego 5","1","1","3","3","32","32","64","64"
"6253","24","3","17","5","5","304","4","Es el juego: 1","Es el juego 1","1","2","3","3","32","32","64","64"
"6254","24","3","17","5","5","315","15","Es el juego: 5","Es el juego 5","1","1","3","3","32","32","64","64"
"6255","25","3","17","5","5","304","4","Es el juego: 1","Es el juego 1","1","2","3","3","32","32","64","64"
"6256","25","3","17","5","5","315","15","Es el juego: 5","Es el juego 5","1","1","3","3","32","32","64","64"
"6257","26","3","17","5","5","315","15","Es el juego: 5","Es el juego 5","1","1","3","3","32","32","64","64"
"6258","27","3","17","5","5","304","4","Es el juego: 1","Es el juego 1","1","2","3","3","32","32","64","64"
"6259","28","3","17","5","5","315","15","Es el juego: 5","Es el juego 5","1","1","3","3","32","32","64","64"
"6260","28","3","17","5","5","304","4","Es el juego: 1","Es el juego 1","1","2","3","3","32","32","64","64"
"6261","29","3","17","5","5","315","15","Es el juego: 5","Es el juego 5","1","1","3","3","32","32","64","64"
"6262","30","3","17","5","5","304","4","Es el juego: 1","Es el juego 1","1","2","3","3","32","32","64","64"
"6263","30","3","17","5","5","315","15","Es el juego: 5","Es el juego 5","1","1","3","3","32","32","64","64"
"6264","31","3","17","5","5","304","4","Es el juego: 1","Es el juego 1","1","2","3","3","32","32","64","64"
"6265","32","3","17","5","5","315","15","Es el juego: 5","Es el juego 5","1","1","3","3","32","32","64","64"
"6266","32","3","17","5","5","304","4","Estoy diciendo la verdad","Estoy diciendo la verdad.","1","2","3","3","32","32","64","64"
"6267","33","3","17","5","5","315","15","Es el juego: 5","Es el juego 5","1","1","3","3","32","32","64","64"
"6268","34","3","17","5","5","304","4","Es el juego: 1","Es el juego 1","1","2","3","3","32","32","64","64"
"6269","34","3","17","5","5","315","15","Es el juego: 5","Es el juego 5","1","1","3","3","32","32","64","64"
"6270","35","3","17","5","5","304","4","Es el juego: 1","Es el juego 1","1","2","3","3","32","32","64","64"
"6271","36","3","17","5","5","315","15","Es el juego: 5","Es el juego 5","1","1","3","3","32","32","64","64"
"6272","37","3","17","5","5","304","4","Es el juego: 1","Es el juego 1","1","2","3","3","32","32","64","64"
"6273","37","3","17","5","5","315","15","Es el juego: 5","Es el juego 5","1","1","3","3","32","32","64","64"
"6274","38","3","17","5","5","304","4","Estoy diciendo la verdad","Estoy diciendo la verdad.","1","2","3","3","32","32","64","64"
"6275","38","3","17","5","5","315","15","Es el juego: 5","Es el juego 5","1","1","3","3","32","32","64","64"
"6276","39","3","17","5","5","315","15","Es el juego: 5","Es el juego 5","1","1","3","3","32","32","64","64"
"6277","40","3","17","5","5","304","4","F está mintiendo","F está mintiendo","1","2","3","3","32","32","64","64"
"6278","41","3","17","5","5","315","15","Es el juego: 5","Es el juego 5","1","1","3","3","32","32","64","64"
"6279","41","3","17","5","5","304","4","Es el juego: 1","Es el juego 1","1","2","3","3","32","32","64","64"
"6280","42","3","17","5","5","315","15","Es el juego: 5","Es el juego 5","1","1","3","3","32","32","64","64"
"6281","43","3","17","5","5","304","4","Estoy diciendo la verdad","Estoy diciendo la verdad.","1","2","3","3","32","32","64","64"
"6282","44","3","17","5","5","315","15","Es el juego: 5","Es el juego 5","1","1","3","3","32","32","64","64"
"6283","44","3","17","5","5","304","4","F está mintiendo","F está mintiendo","1","2","3","3","32","32","64","64"
"6284","45","3","17","5","5","315","15","Es el juego: 5","Es el juego 5","1","1","3","3","32","32","64","64"
"6285","46","3","17","5","5","304","4","Es el juego: 1","Es el juego 1","1","2","3","3","32","32","64","64"
"6286","4","3","17","6","1","326","26","¿En qué juego estamos?","¿En qué juego estamos?","1","0","1","1","26","54","80","64"
"6287","5","3","17","6","1","308","8","Es el juego: 1","Es el juego 1","1","2","1","1","26","54","80","64"
"6288","15","3","17","6","1","317","17","Es el juego: 5","Es el juego 5","1","1","1","1","26","54","80","64"
"6289","18","3","17","6","1","308","8","F está mintiendo","F está mintiendo","1","2","1","1","26","54","80","64"
"6290","20","3","17","6","1","317","17","Estoy diciendo la verdad","Estoy diciendo la verdad.","1","1","1","1","26","54","80","64"
"6291","20","3","17","6","1","308","8","Es el juego: 1","Es el juego 1","1","2","1","1","26","54","80","64"
"6292","23","3","17","6","1","308","8","Estoy diciendo la verdad","Estoy diciendo la verdad.","1","2","1","1","26","54","80","64"
"6293","23","3","17","6","1","317","17","C está mintiendo","C está mintiendo","1","1","1","1","26","54","80","64"
"6294","25","3","17","6","1","308","8","F está mintiendo","F está mintiendo","1","2","1","1","26","54","80","64"
"6295","27","3","17","6","1","317","17","C está mintiendo","C está mintiendo","1","1","1","1","26","54","80","64"
"6296","27","3","17","6","1","308","8","Es el juego: 1","Es el juego 1","1","2","1","1","26","54","80","64"
"6297","29","3","17","6","1","317","17","Es el juego: 5","Es el juego 5","1","1","1","1","26","54","80","64"
"6298","33","3","17","6","1","308","8","Estoy diciendo la verdad","Estoy diciendo la verdad.","1","2","1","1","26","54","80","64"
"6299","34","3","17","6","1","308","8","Es el juego: 1","Es el juego 1","1","2","1","1","26","54","80","64"
"6300","35","3","17","6","1","317","17","C está mintiendo","C está mintiendo","1","1","1","1","26","54","80","64"
"6301","36","3","17","6","1","308","8","Es el juego: 1","Es el juego 1","1","2","1","1","26","54","80","64"
"6302","38","3","17","6","1","317","17","Es el juego: 5","Es el juego 5","1","1","1","1","26","54","80","64"
"6303","38","3","17","6","1","308","8","Es el juego: 1","Es el juego 1","1","2","1","1","26","54","80","64"
"6304","40","3","17","6","1","317","17","Es el juego: 5","Es el juego 5","1","1","1","1","26","54","80","64"
"6305","40","3","17","6","1","308","8","Es el juego: 1","Es el juego 1","1","2","1","1","26","54","80","64"
"6306","41","3","17","6","1","317","17","Es el juego: 5","Es el juego 5","1","1","1","1","26","54","80","64"
"6307","42","3","17","6","1","308","8","Es el juego: 1","Es el juego 1","1","2","1","1","26","54","80","64"
"6308","45","3","17","6","1","317","17","Es el juego: 5","Es el juego 5","1","1","1","1","26","54","80","64"
"6309","3","3","17","7","2","322","22","¿En qué juego estamos?","¿En qué juego estamos?","1","0","2","2","33","47","80","72"
"6310","4","3","17","7","2","322","22","¿En qué juego estamos?","¿En qué juego estamos?","1","0","2","2","33","47","80","72"
"6311","17","3","17","7","2","309","9","Es el juego: 2","Es el juego 2","1","2","2","2","33","47","80","72"
"6312","18","3","17","7","2","311","11","Es el juego: 5","Es el juego 5","1","1","2","2","33","47","80","72"
"6313","20","3","17","7","2","311","11","C está mintiendo","C está mintiendo","1","1","2","2","33","47","80","72"
"6314","20","3","17","7","2","309","9","Es el juego: 2","Es el juego 2","1","2","2","2","33","47","80","72"
"6315","22","3","17","7","2","311","11","C está mintiendo","C está mintiendo","1","1","2","2","33","47","80","72"
"6316","23","3","17","7","2","309","9","Estoy diciendo la verdad","Estoy diciendo la verdad.","1","2","2","2","33","47","80","72"
"6317","24","3","17","7","2","311","11","Es el juego: 5","Es el juego 5","1","1","2","2","33","47","80","72"
"6318","25","3","17","7","2","309","9","Es el juego: 2","Es el juego 2","1","2","2","2","33","47","80","72"
"6319","25","3","17","7","2","311","11","Es el juego: 5","Es el juego 5","1","1","2","2","33","47","80","72"
"6320","27","3","17","7","2","311","11","Es el juego: 5","Es el juego 5","1","1","2","2","33","47","80","72"
"6321","27","3","17","7","2","309","9","Es el juego: 2","Es el juego 2","1","2","2","2","33","47","80","72"
"6322","28","3","17","7","2","311","11","Es el juego: 5","Es el juego 5","1","1","2","2","33","47","80","72"
"6323","29","3","17","7","2","309","9","Es el juego: 2","Es el juego 2","1","2","2","2","33","47","80","72"
"6324","30","3","17","7","2","311","11","Es el juego: 5","Es el juego 5","1","1","2","2","33","47","80","72"
"6325","30","3","17","7","2","309","9","Es el juego: 2","Es el juego 2","1","2","2","2","33","47","80","72"
"6326","31","3","17","7","2","311","11","Es el juego: 5","Es el juego 5","1","1","2","2","33","47","80","72"
"6327","32","3","17","7","2","309","9","Es el juego: 2","Es el juego 2","1","2","2","2","33","47","80","72"
"6328","33","3","17","7","2","311","11","Es el juego: 5","Es el juego 5","1","1","2","2","33","47","80","72"
"6329","34","3","17","7","2","309","9","F está mintiendo","F está mintiendo","1","2","2","2","33","47","80","72"
"6330","34","3","17","7","2","311","11","Es el juego: 5","Es el juego 5","1","1","2","2","33","47","80","72"
"6331","36","3","17","7","2","309","9","Es el juego: 2","Es el juego 2","1","2","2","2","33","47","80","72"
"6332","36","3","17","7","2","311","11","Es el juego: 5","Es el juego 5","1","1","2","2","33","47","80","72"
"6333","37","3","17","7","2","309","9","Es el juego: 2","Es el juego 2","1","2","2","2","33","47","80","72"
"6334","38","3","17","7","2","311","11","Es el juego: 5","Es el juego 5","1","1","2","2","33","47","80","72"
"6335","39","3","17","7","2","309","9","Es el juego: 2","Es el juego 2","1","2","2","2","33","47","80","72"
"6336","39","3","17","7","2","311","11","Es el juego: 5","Es el juego 5","1","1","2","2","33","47","80","72"
"6337","40","3","17","7","2","309","9","F está mintiendo","F está mintiendo","1","2","2","2","33","47","80","72"
"6338","41","3","17","7","2","311","11","Es el juego: 5","Es el juego 5","1","1","2","2","33","47","80","72"
"6339","42","3","17","7","2","309","9","F está mintiendo","F está mintiendo","1","2","2","2","33","47","80","72"
"6340","43","3","17","7","2","311","11","C está mintiendo","C está mintiendo","1","1","2","2","33","47","80","72"
"6341","43","3","17","7","2","309","9","F está mintiendo","F está mintiendo","1","2","2","2","33","47","80","72"
"6342","44","3","17","7","2","311","11","Es el juego: 5","Es el juego 5","1","1","2","2","33","47","80","72"
"6343","45","3","17","7","2","309","9","F está mintiendo","F está mintiendo","1","2","2","2","33","47","80","72"
"6344","45","3","17","7","2","311","11","Es el juego: 5","Es el juego 5","1","1","2","2","33","47","80","72"
"6345","46","3","17","7","2","309","9","Es el juego: 2","Es el juego 2","1","2","2","2","33","47","80","72"
"6346","4","3","17","8","3","313","13","Es el juego: 3","Es el juego 3","1","1","3","3","40","40","80","80"
"6347","5","3","17","8","3","305","5","Es el juego: 3","Es el juego 3","1","2","3","3","40","40","80","80"
"6348","7","3","17","8","3","305","5","Es el juego: 3","Es el juego 3","1","2","3","3","40","40","80","80"
"6349","9","3","17","8","3","313","13","C está diciendo la verdad","C está diciendo la verdad","1","1","3","3","40","40","80","80"
"6350","14","3","17","8","3","305","5","F está diciendo la verdad","F está diciendo la verdad","1","2","3","3","40","40","80","80"
"6351","16","3","17","8","3","305","5","Es el juego: 3","Es el juego 3","1","2","3","3","40","40","80","80"
"6352","19","3","17","8","3","313","13","Es el juego: 3","Es el juego 3","1","1","3","3","40","40","80","80"
"6353","33","3","17","8","3","313","13","C está diciendo la verdad","C está diciendo la verdad","1","1","3","3","40","40","80","80"
"6354","45","3","17","8","3","305","5","F está diciendo la verdad","F está diciendo la verdad","1","2","3","3","40","40","80","80"
"6355","4","3","17","9","2","316","16","Es el juego: 5","Es el juego 5","1","1","3","3","36","36","72","72"
"6356","4","3","17","9","2","324","24","¿En qué juego estamos?","¿En qué juego estamos?","1","0","3","3","36","36","72","72"
"6357","4","3","17","9","2","303","3","Es el juego: 1","Es el juego 1","1","2","3","3","36","36","72","72"
"6358","6","3","17","9","2","303","3","Es el juego: 1","Es el juego 1","1","2","3","3","36","36","72","72"
"6359","9","3","17","9","2","303","3","Estoy diciendo la verdad","Estoy diciendo la verdad.","1","2","3","3","36","36","72","72"
"6360","12","3","17","9","2","316","16","C está mintiendo","C está mintiendo","1","1","3","3","36","36","72","72"
"6361","25","3","17","9","2","303","3","Estoy diciendo la verdad","Estoy diciendo la verdad.","1","2","3","3","36","36","72","72"
"6362","29","3","17","9","2","316","16","Es el juego: 5","Es el juego 5","1","1","3","3","36","36","72","72"
"6363","32","3","17","9","2","303","3","Estoy diciendo la verdad","Estoy diciendo la verdad.","1","2","3","3","36","36","72","72"
"6364","42","3","17","9","2","316","16","C está mintiendo","C está mintiendo","1","1","3","3","36","36","72","72"
"-999","0","3","18","9","3","324","24","","-999","1","0","3","3","40","40","80","80"
"-999","0","3","18","8","3","320","20","","-999","1","0","3","3","40","40","80","80"
"-999","0","1","18","3","3","121","21","","-999","1","0","4","1","1","4","5","80"
"1774","3","1","18","1","2","124","24","¿En qué juego estamos?","¿En qué juego estamos?","1","0","2","2","33","47","80","72"
"1775","7","1","18","1","2","124","24","Por favor decidme la verdad","Por favor decidme la verdad","1","0","2","2","33","47","80","72"
"1776","10","1","18","1","2","124","24","¿En qué juego estamos?","¿En qué juego estamos?","1","0","2","2","33","47","80","72"
"1777","13","1","18","1","2","117","17","Es el juego: 2","Es el juego 2","1","1","2","2","33","47","80","72"
"1778","17","1","18","1","2","103","3","Es el juego: 2","Es el juego 2","1","2","2","2","33","47","80","72"
"1779","38","1","18","1","2","124","24","Por favor decidme la verdad","Por favor decidme la verdad","1","0","2","2","33","47","80","72"
"1780","43","1","18","1","2","103","3","Estoy diciendo la verdad","Estoy diciendo la verdad.","1","2","2","2","33","47","80","72"
"1781","3","1","18","2","4","123","23","¿En qué juego estamos?","¿En qué juego estamos?","1","0","3","3","36","36","72","72"
"1782","5","1","18","2","4","123","23","Por favor decidme la verdad","Por favor decidme la verdad","1","0","3","3","36","36","72","72"
"1783","5","1","18","2","4","102","2","Es el juego: 3","Es el juego 3","1","2","3","3","36","36","72","72"
"1784","7","1","18","2","4","123","23","Por favor decidme la verdad","Por favor decidme la verdad","1","0","3","3","36","36","72","72"
"1785","10","1","18","2","4","102","2","Estoy diciendo la verdad","Estoy diciendo la verdad.","1","2","3","3","36","36","72","72"
"1786","14","1","18","2","4","116","16","Es el juego: 5","Es el juego 5","1","1","3","3","36","36","72","72"
"1787","17","1","18","2","4","116","16","C está mintiendo","C está mintiendo","1","1","3","3","36","36","72","72"
"1788","17","1","18","2","4","102","2","F está mintiendo","F está mintiendo","1","2","3","3","36","36","72","72"
"1789","20","1","18","2","4","102","2","Es el juego: 3","Es el juego 3","1","2","3","3","36","36","72","72"
"1790","23","1","18","2","4","116","16","Estoy diciendo la verdad","Estoy diciendo la verdad.","1","1","3","3","36","36","72","72"
"1791","26","1","18","2","4","102","2","F está mintiendo","F está mintiendo","1","2","3","3","36","36","72","72"
"1792","28","1","18","2","4","102","2","Es el juego: 3","Es el juego 3","1","2","3","3","36","36","72","72"
"1793","31","1","18","2","4","102","2","Estoy diciendo la verdad","Estoy diciendo la verdad.","1","2","3","3","36","36","72","72"
"1794","33","1","18","2","4","102","2","F está mintiendo","F está mintiendo","1","2","3","3","36","36","72","72"
"1795","38","1","18","2","4","116","16","Es el juego: 5","Es el juego 5","1","1","3","3","36","36","72","72"
"1796","41","1","18","2","4","102","2","F está mintiendo","F está mintiendo","1","2","3","3","36","36","72","72"
"1797","43","1","18","2","4","102","2","Es el juego: 3","Es el juego 3","1","2","3","3","36","36","72","72"
"1798","2","1","18","3","3","114","14","Es el juego: 5","Es el juego 5","1","1","4","1","1","4","5","80"
"1799","5","1","18","3","3","107","7","Es el juego: 3","Es el juego 3","1","2","4","1","1","4","5","80"
"1800","7","1","18","3","3","107","7","Estoy diciendo la verdad","Estoy diciendo la verdad.","1","2","4","1","1","4","5","80"
"1801","8","1","18","3","3","114","14","Estoy diciendo la verdad","Estoy diciendo la verdad.","1","1","4","1","1","4","5","80"
"1802","10","1","18","3","3","114","14","C está diciendo la verdad","C está diciendo la verdad","1","1","4","1","1","4","5","80"
"1803","11","1","18","3","3","107","7","Es el juego: 3","Es el juego 3","1","2","4","1","1","4","5","80"
"1804","14","1","18","3","3","114","14","Es el juego: 5","Es el juego 5","1","1","4","1","1","4","5","80"
"1805","16","1","18","3","3","107","7","Es el juego: 3","Es el juego 3","1","2","4","1","1","4","5","80"
"1806","18","1","18","3","3","107","7","Estoy diciendo la verdad","Estoy diciendo la verdad.","1","2","4","1","1","4","5","80"
"1807","18","1","18","3","3","114","14","Es el juego: 5","Es el juego 5","1","1","4","1","1","4","5","80"
"1808","19","1","18","3","3","107","7","Estoy diciendo la verdad","Estoy diciendo la verdad.","1","2","4","1","1","4","5","80"
"1809","20","1","18","3","3","114","14","Estoy diciendo la verdad","Estoy diciendo la verdad.","1","1","4","1","1","4","5","80"
"1810","22","1","18","3","3","114","14","C está diciendo la verdad","C está diciendo la verdad","1","1","4","1","1","4","5","80"
"1811","22","1","18","3","3","107","7","Es el juego: 3","Es el juego 3","1","2","4","1","1","4","5","80"
"1812","23","1","18","3","3","107","7","Es el juego: 3","Es el juego 3","1","2","4","1","1","4","5","80"
"1813","25","1","18","3","3","107","7","F está mintiendo","F está mintiendo","1","2","4","1","1","4","5","80"
"1814","25","1","18","3","3","114","14","C está mintiendo","C está mintiendo","1","1","4","1","1","4","5","80"
"1815","26","1","18","3","3","107","7","F está mintiendo","F está mintiendo","1","2","4","1","1","4","5","80"
"1816","26","1","18","3","3","114","14","Es el juego: 5","Es el juego 5","1","1","4","1","1","4","5","80"
"1817","28","1","18","3","3","107","7","F está mintiendo","F está mintiendo","1","2","4","1","1","4","5","80"
"1818","29","1","18","3","3","114","14","Estoy diciendo la verdad","Estoy diciendo la verdad.","1","1","4","1","1","4","5","80"
"1819","29","1","18","3","3","107","7","Es el juego: 3","Es el juego 3","1","2","4","1","1","4","5","80"
"1820","32","1","18","3","3","107","7","Es el juego: 3","Es el juego 3","1","2","4","1","1","4","5","80"
"1821","33","1","18","3","3","114","14","Es el juego: 5","Es el juego 5","1","1","4","1","1","4","5","80"
"1822","35","1","18","3","3","114","14","Es el juego: 5","Es el juego 5","1","1","4","1","1","4","5","80"
"1823","35","1","18","3","3","107","7","Es el juego: 3","Es el juego 3","1","2","4","1","1","4","5","80"
"1824","37","1","18","3","3","107","7","Es el juego: 3","Es el juego 3","1","2","4","1","1","4","5","80"
"1825","39","1","18","3","3","107","7","Es el juego: 3","Es el juego 3","1","2","4","1","1","4","5","80"
"1826","39","1","18","3","3","114","14","Es el juego: 5","Es el juego 5","1","1","4","1","1","4","5","80"
"1827","40","1","18","3","3","107","7","Es el juego: 3","Es el juego 3","1","2","4","1","1","4","5","80"
"1828","42","1","18","3","3","107","7","Es el juego: 3","Es el juego 3","1","2","4","1","1","4","5","80"
"1829","44","1","18","3","3","107","7","Es el juego: 3","Es el juego 3","1","2","4","1","1","4","5","80"
"1830","45","1","18","3","3","107","7","Es el juego: 3","Es el juego 3","1","2","4","1","1","4","5","80"
"1831","5","1","18","4","2","120","20","¿En qué juego estamos?","¿En qué juego estamos?","1","0","2","2","33","47","80","72"
"1832","7","1","18","4","2","115","15","Es el juego: 5","Es el juego 5","1","1","2","2","33","47","80","72"
"1833","7","1","18","4","2","101","1","Es el juego: 2","Es el juego 2","1","2","2","2","33","47","80","72"
"1834","9","1","18","4","2","101","1","F está mintiendo","F está mintiendo","1","2","2","2","33","47","80","72"
"1835","11","1","18","4","2","115","15","C está mintiendo","C está mintiendo","1","1","2","2","33","47","80","72"
"1836","13","1","18","4","2","101","1","Es el juego: 2","Es el juego 2","1","2","2","2","33","47","80","72"
"1837","13","1","18","4","2","115","15","C está mintiendo","C está mintiendo","1","1","2","2","33","47","80","72"
"1838","15","1","18","4","2","115","15","C está mintiendo","C está mintiendo","1","1","2","2","33","47","80","72"
"1839","19","1","18","4","2","101","1","Es el juego: 2","Es el juego 2","1","2","2","2","33","47","80","72"
"1840","22","1","18","4","2","101","1","F está mintiendo","F está mintiendo","1","2","2","2","33","47","80","72"
"1841","22","1","18","4","2","115","15","C está mintiendo","C está mintiendo","1","1","2","2","33","47","80","72"
"1842","24","1","18","4","2","101","1","Estoy diciendo la verdad","Estoy diciendo la verdad.","1","2","2","2","33","47","80","72"
"1843","29","1","18","4","2","101","1","Estoy diciendo la verdad","Estoy diciendo la verdad.","1","2","2","2","33","47","80","72"
"1844","46","1","18","4","2","115","15","Es el juego: 5","Es el juego 5","1","1","2","2","33","47","80","72"
"1845","4","1","18","5","5","126","26","¿En qué juego estamos?","¿En qué juego estamos?","1","0","1","1","10","38","48","64"
"1846","8","1","18","5","5","106","6","Es el juego: 1","Es el juego 1","1","2","1","1","10","38","48","64"
"1847","16","1","18","5","5","113","13","C está diciendo la verdad","C está diciendo la verdad","1","1","1","1","10","38","48","64"
"1848","1","1","18","6","3","125","25","¿En qué juego estamos?","¿En qué juego estamos?","1","0","3","3","40","40","80","80"
"1849","9","1","18","6","3","111","11","Es el juego: 3","Es el juego 3","1","1","3","3","40","40","80","80"
"1850","14","1","18","6","3","108","8","Es el juego: 3","Es el juego 3","1","2","3","3","40","40","80","80"
"1851","22","1","18","6","3","111","11","C está diciendo la verdad","C está diciendo la verdad","1","1","3","3","40","40","80","80"
"1852","4","1","18","7","2","119","19","¿En qué juego estamos?","¿En qué juego estamos?","1","0","2","2","33","47","80","72"
"1853","4","1","18","7","2","104","4","Es el juego: 2","Es el juego 2","1","2","2","2","33","47","80","72"
"1854","10","1","18","7","2","118","18","Es el juego: 5","Es el juego 5","1","1","2","2","33","47","80","72"
"1855","13","1","18","7","2","104","4","F está mintiendo","F está mintiendo","1","2","2","2","33","47","80","72"
"1856","14","1","18","7","2","118","18","C está mintiendo","C está mintiendo","1","1","2","2","33","47","80","72"
"1857","16","1","18","7","2","104","4","Estoy diciendo la verdad","Estoy diciendo la verdad.","1","2","2","2","33","47","80","72"
"1858","17","1","18","7","2","118","18","Estoy diciendo la verdad","Estoy diciendo la verdad.","1","1","2","2","33","47","80","72"
"1859","18","1","18","7","2","104","4","Es el juego: 2","Es el juego 2","1","2","2","2","33","47","80","72"
"1860","18","1","18","7","2","118","18","Es el juego: 5","Es el juego 5","1","1","2","2","33","47","80","72"
"1861","20","1","18","7","2","104","4","Es el juego: 2","Es el juego 2","1","2","2","2","33","47","80","72"
"1862","20","1","18","7","2","118","18","C está mintiendo","C está mintiendo","1","1","2","2","33","47","80","72"
"1863","21","1","18","7","2","104","4","Es el juego: 2","Es el juego 2","1","2","2","2","33","47","80","72"
"1864","22","1","18","7","2","104","4","Es el juego: 2","Es el juego 2","1","2","2","2","33","47","80","72"
"1865","23","1","18","7","2","118","18","Estoy diciendo la verdad","Estoy diciendo la verdad.","1","1","2","2","33","47","80","72"
"1866","24","1","18","7","2","104","4","Es el juego: 2","Es el juego 2","1","2","2","2","33","47","80","72"
"1867","25","1","18","7","2","104","4","Es el juego: 2","Es el juego 2","1","2","2","2","33","47","80","72"
"1868","25","1","18","7","2","118","18","Es el juego: 5","Es el juego 5","1","1","2","2","33","47","80","72"
"1869","27","1","18","7","2","104","4","Es el juego: 2","Es el juego 2","1","2","2","2","33","47","80","72"
"1870","27","1","18","7","2","118","18","Es el juego: 5","Es el juego 5","1","1","2","2","33","47","80","72"
"1871","28","1","18","7","2","104","4","F está mintiendo","F está mintiendo","1","2","2","2","33","47","80","72"
"1872","30","1","18","7","2","104","4","F está mintiendo","F está mintiendo","1","2","2","2","33","47","80","72"
"1873","30","1","18","7","2","118","18","Estoy diciendo la verdad","Estoy diciendo la verdad.","1","1","2","2","33","47","80","72"
"1874","32","1","18","7","2","104","4","Es el juego: 2","Es el juego 2","1","2","2","2","33","47","80","72"
"1875","32","1","18","7","2","118","18","Es el juego: 5","Es el juego 5","1","1","2","2","33","47","80","72"
"1876","33","1","18","7","2","104","4","F está mintiendo","F está mintiendo","1","2","2","2","33","47","80","72"
"1877","34","1","18","7","2","118","18","Es el juego: 5","Es el juego 5","1","1","2","2","33","47","80","72"
"1878","35","1","18","7","2","104","4","Es el juego: 2","Es el juego 2","1","2","2","2","33","47","80","72"
"1879","36","1","18","7","2","118","18","Estoy diciendo la verdad","Estoy diciendo la verdad.","1","1","2","2","33","47","80","72"
"1880","36","1","18","7","2","104","4","F está mintiendo","F está mintiendo","1","2","2","2","33","47","80","72"
"1881","38","1","18","7","2","118","18","Es el juego: 5","Es el juego 5","1","1","2","2","33","47","80","72"
"1882","39","1","18","7","2","104","4","F está mintiendo","F está mintiendo","1","2","2","2","33","47","80","72"
"1883","41","1","18","7","2","118","18","Estoy diciendo la verdad","Estoy diciendo la verdad.","1","1","2","2","33","47","80","72"
"1884","41","1","18","7","2","104","4","F está mintiendo","F está mintiendo","1","2","2","2","33","47","80","72"
"1885","43","1","18","7","2","118","18","C está mintiendo","C está mintiendo","1","1","2","2","33","47","80","72"
"1886","43","1","18","7","2","104","4","Es el juego: 2","Es el juego 2","1","2","2","2","33","47","80","72"
"1887","45","1","18","7","2","104","4","F está mintiendo","F está mintiendo","1","2","2","2","33","47","80","72"
"1888","2","1","18","8","3","122","22","¿En qué juego estamos?","¿En qué juego estamos?","1","0","2","2","29","43","72","80"
"1889","4","1","18","8","3","122","22","¿En qué juego estamos?","¿En qué juego estamos?","1","0","2","2","29","43","72","80"
"1890","5","1","18","8","3","122","22","¿En qué juego estamos?","¿En qué juego estamos?","1","0","2","2","29","43","72","80"
"1891","6","1","18","8","3","122","22","¿En qué juego estamos?","¿En qué juego estamos?","1","0","2","2","29","43","72","80"
"1892","6","1","18","8","3","105","5","Es el juego: 3","Es el juego 3","1","2","2","2","29","43","72","80"
"1893","6","1","18","8","3","110","10","Es el juego: 3","Es el juego 3","1","1","2","2","29","43","72","80"
"1894","8","1","18","8","3","110","10","Estoy diciendo la verdad","Estoy diciendo la verdad.","1","1","2","2","29","43","72","80"
"1895","9","1","18","8","3","122","22","Por favor decidme la verdad","Por favor decidme la verdad","1","0","2","2","29","43","72","80"
"1896","10","1","18","8","3","105","5","F está diciendo la verdad","F está diciendo la verdad","1","2","2","2","29","43","72","80"
"1897","10","1","18","8","3","122","22","Por favor decidme la verdad","Por favor decidme la verdad","1","0","2","2","29","43","72","80"
"1898","11","1","18","8","3","110","10","C está diciendo la verdad","C está diciendo la verdad","1","1","2","2","29","43","72","80"
"1899","12","1","18","8","3","105","5","Estoy diciendo la verdad","Estoy diciendo la verdad.","1","2","2","2","29","43","72","80"
"1900","20","1","18","8","3","110","10","Estoy diciendo la verdad","Estoy diciendo la verdad.","1","1","2","2","29","43","72","80"
"1901","22","1","18","8","3","110","10","C está diciendo la verdad","C está diciendo la verdad","1","1","2","2","29","43","72","80"
"1902","23","1","18","8","3","110","10","Estoy diciendo la verdad","Estoy diciendo la verdad.","1","1","2","2","29","43","72","80"
"1903","25","1","18","8","3","110","10","C está diciendo la verdad","C está diciendo la verdad","1","1","2","2","29","43","72","80"
"1904","26","1","18","8","3","110","10","Estoy diciendo la verdad","Estoy diciendo la verdad.","1","1","2","2","29","43","72","80"
"1905","41","1","18","8","3","110","10","C está diciendo la verdad","C está diciendo la verdad","1","1","2","2","29","43","72","80"
"1906","43","1","18","8","3","110","10","C está diciendo la verdad","C está diciendo la verdad","1","1","2","2","29","43","72","80"
"1907","2","1","18","9","3","127","27","Por favor decidme la verdad","Por favor decidme la verdad","1","0","3","3","40","40","80","80"
"1908","3","1","18","9","3","127","27","Por favor decidme la verdad","Por favor decidme la verdad","1","0","3","3","40","40","80","80"
"1909","5","1","18","9","3","127","27","Por favor decidme la verdad","Por favor decidme la verdad","1","0","3","3","40","40","80","80"
"1910","5","1","18","9","3","109","9","Es el juego: 3","Es el juego 3","1","2","3","3","40","40","80","80"
"1911","9","1","18","9","3","112","12","Es el juego: 3","Es el juego 3","1","1","3","3","40","40","80","80"
"1912","11","1","18","9","3","112","12","C está diciendo la verdad","C está diciendo la verdad","1","1","3","3","40","40","80","80"
"1913","14","1","18","9","3","109","9","F está diciendo la verdad","F está diciendo la verdad","1","2","3","3","40","40","80","80"
"1914","14","1","18","9","3","127","27","¿En qué juego estamos?","¿En qué juego estamos?","1","0","3","3","40","40","80","80"
"1915","19","1","18","9","3","112","12","Es el juego: 3","Es el juego 3","1","1","3","3","40","40","80","80"
"1916","21","1","18","9","3","112","12","Estoy diciendo la verdad","Estoy diciendo la verdad.","1","1","3","3","40","40","80","80"
"1917","31","1","18","9","3","109","9","F está diciendo la verdad","F está diciendo la verdad","1","2","3","3","40","40","80","80"
"1918","32","1","18","9","3","109","9","Es el juego: 3","Es el juego 3","1","2","3","3","40","40","80","80"
"1919","34","1","18","9","3","112","12","C está diciendo la verdad","C está diciendo la verdad","1","1","3","3","40","40","80","80"
"1920","34","1","18","9","3","109","9","Estoy diciendo la verdad","Estoy diciendo la verdad.","1","2","3","3","40","40","80","80"
"3833","4","2","18","1","2","221","21","¿En qué juego estamos?","¿En qué juego estamos?","1","0","1","1","22","50","72","72"
"3834","7","2","18","1","2","221","21","Por favor decidme la verdad","Por favor decidme la verdad","1","0","1","1","22","50","72","72"
"3835","13","2","18","1","2","203","3","Es el juego: 2","Es el juego 2","1","2","1","1","22","50","72","72"
"3836","21","2","18","1","2","213","13","C está diciendo la verdad","C está diciendo la verdad","1","1","1","1","22","50","72","72"
"3837","3","2","18","2","4","220","20","¿En qué juego estamos?","¿En qué juego estamos?","1","0","4","4","47","33","80","72"
"3838","3","2","18","2","4","215","15","Es el juego: 4","Es el juego 4","1","1","4","4","47","33","80","72"
"3839","5","2","18","2","4","220","20","Por favor decidme la verdad","Por favor decidme la verdad","1","0","4","4","47","33","80","72"
"3840","5","2","18","2","4","209","9","Es el juego: 1","Es el juego 1","1","2","4","4","47","33","80","72"
"3841","6","2","18","2","4","215","15","Es el juego: 4","Es el juego 4","1","1","4","4","47","33","80","72"
"3842","6","2","18","2","4","220","20","¿En qué juego estamos?","¿En qué juego estamos?","1","0","4","4","47","33","80","72"
"3843","8","2","18","2","4","215","15","Es el juego: 4","Es el juego 4","1","1","4","4","47","33","80","72"
"3844","8","2","18","2","4","209","9","Es el juego: 1","Es el juego 1","1","2","4","4","47","33","80","72"
"3845","9","2","18","2","4","220","20","Por favor decidme la verdad","Por favor decidme la verdad","1","0","4","4","47","33","80","72"
"3846","10","2","18","2","4","215","15","Es el juego: 4","Es el juego 4","1","1","4","4","47","33","80","72"
"3847","11","2","18","2","4","215","15","Es el juego: 4","Es el juego 4","1","1","4","4","47","33","80","72"
"3848","12","2","18","2","4","220","20","Por favor decidme la verdad","Por favor decidme la verdad","1","0","4","4","47","33","80","72"
"3849","12","2","18","2","4","215","15","Es el juego: 4","Es el juego 4","1","1","4","4","47","33","80","72"
"3850","13","2","18","2","4","220","20","Por favor decidme la verdad","Por favor decidme la verdad","1","0","4","4","47","33","80","72"
"3851","14","2","18","2","4","215","15","Es el juego: 4","Es el juego 4","1","1","4","4","47","33","80","72"
"3852","15","2","18","2","4","220","20","Por favor decidme la verdad","Por favor decidme la verdad","1","0","4","4","47","33","80","72"
"3853","17","2","18","2","4","220","20","Por favor decidme la verdad","Por favor decidme la verdad","1","0","4","4","47","33","80","72"
"3854","17","2","18","2","4","215","15","Es el juego: 4","Es el juego 4","1","1","4","4","47","33","80","72"
"3855","18","2","18","2","4","220","20","Por favor decidme la verdad","Por favor decidme la verdad","1","0","4","4","47","33","80","72"
"3856","19","2","18","2","4","209","9","Es el juego: 1","Es el juego 1","1","2","4","4","47","33","80","72"
"3857","20","2","18","2","4","220","20","Por favor decidme la verdad","Por favor decidme la verdad","1","0","4","4","47","33","80","72"
"3858","20","2","18","2","4","215","15","Es el juego: 4","Es el juego 4","1","1","4","4","47","33","80","72"
"3859","21","2","18","2","4","209","9","Es el juego: 1","Es el juego 1","1","2","4","4","47","33","80","72"
"3860","21","2","18","2","4","220","20","Por favor decidme la verdad","Por favor decidme la verdad","1","0","4","4","47","33","80","72"
"3861","22","2","18","2","4","215","15","Es el juego: 4","Es el juego 4","1","1","4","4","47","33","80","72"
"3862","23","2","18","2","4","209","9","F está mintiendo","F está mintiendo","1","2","4","4","47","33","80","72"
"3863","23","2","18","2","4","215","15","Es el juego: 4","Es el juego 4","1","1","4","4","47","33","80","72"
"3864","24","2","18","2","4","209","9","Es el juego: 1","Es el juego 1","1","2","4","4","47","33","80","72"
"3865","25","2","18","2","4","215","15","C está mintiendo","C está mintiendo","1","1","4","4","47","33","80","72"
"3866","26","2","18","2","4","209","9","Es el juego: 1","Es el juego 1","1","2","4","4","47","33","80","72"
"3867","27","2","18","2","4","215","15","Es el juego: 4","Es el juego 4","1","1","4","4","47","33","80","72"
"3868","27","2","18","2","4","209","9","Es el juego: 1","Es el juego 1","1","2","4","4","47","33","80","72"
"3869","28","2","18","2","4","215","15","Es el juego: 4","Es el juego 4","1","1","4","4","47","33","80","72"
"3870","29","2","18","2","4","209","9","Es el juego: 1","Es el juego 1","1","2","4","4","47","33","80","72"
"3871","29","2","18","2","4","215","15","Es el juego: 4","Es el juego 4","1","1","4","4","47","33","80","72"
"3872","30","2","18","2","4","220","20","¿En qué juego estamos?","¿En qué juego estamos?","1","0","4","4","47","33","80","72"
"3873","31","2","18","2","4","215","15","Es el juego: 4","Es el juego 4","1","1","4","4","47","33","80","72"
"3874","31","2","18","2","4","209","9","Es el juego: 1","Es el juego 1","1","2","4","4","47","33","80","72"
"3875","33","2","18","2","4","220","20","¿En qué juego estamos?","¿En qué juego estamos?","1","0","4","4","47","33","80","72"
"3876","33","2","18","2","4","215","15","C está mintiendo","C está mintiendo","1","1","4","4","47","33","80","72"
"3877","34","2","18","2","4","209","9","Es el juego: 1","Es el juego 1","1","2","4","4","47","33","80","72"
"3878","35","2","18","2","4","215","15","Es el juego: 4","Es el juego 4","1","1","4","4","47","33","80","72"
"3879","35","2","18","2","4","209","9","Es el juego: 1","Es el juego 1","1","2","4","4","47","33","80","72"
"3880","36","2","18","2","4","220","20","¿En qué juego estamos?","¿En qué juego estamos?","1","0","4","4","47","33","80","72"
"3881","36","2","18","2","4","215","15","Es el juego: 4","Es el juego 4","1","1","4","4","47","33","80","72"
"3882","37","2","18","2","4","209","9","Es el juego: 1","Es el juego 1","1","2","4","4","47","33","80","72"
"3883","38","2","18","2","4","215","15","Es el juego: 4","Es el juego 4","1","1","4","4","47","33","80","72"
"3884","38","2","18","2","4","220","20","¿En qué juego estamos?","¿En qué juego estamos?","1","0","4","4","47","33","80","72"
"3885","39","2","18","2","4","209","9","Es el juego: 1","Es el juego 1","1","2","4","4","47","33","80","72"
"3886","39","2","18","2","4","220","20","¿En qué juego estamos?","¿En qué juego estamos?","1","0","4","4","47","33","80","72"
"3887","39","2","18","2","4","215","15","Es el juego: 4","Es el juego 4","1","1","4","4","47","33","80","72"
"3888","40","2","18","2","4","209","9","Es el juego: 1","Es el juego 1","1","2","4","4","47","33","80","72"
"3889","41","2","18","2","4","215","15","Es el juego: 4","Es el juego 4","1","1","4","4","47","33","80","72"
"3890","41","2","18","2","4","220","20","¿En qué juego estamos?","¿En qué juego estamos?","1","0","4","4","47","33","80","72"
"3891","42","2","18","2","4","215","15","Es el juego: 4","Es el juego 4","1","1","4","4","47","33","80","72"
"3892","43","2","18","2","4","220","20","¿En qué juego estamos?","¿En qué juego estamos?","1","0","4","4","47","33","80","72"
"3893","43","2","18","2","4","209","9","Estoy diciendo la verdad","Estoy diciendo la verdad.","1","2","4","4","47","33","80","72"
"3894","43","2","18","2","4","215","15","Es el juego: 4","Es el juego 4","1","1","4","4","47","33","80","72"
"3895","44","2","18","2","4","209","9","Estoy diciendo la verdad","Estoy diciendo la verdad.","1","2","4","4","47","33","80","72"
"3896","45","2","18","2","4","220","20","¿En qué juego estamos?","¿En qué juego estamos?","1","0","4","4","47","33","80","72"
"3897","45","2","18","2","4","215","15","Es el juego: 4","Es el juego 4","1","1","4","4","47","33","80","72"
"3898","46","2","18","2","4","209","9","Estoy diciendo la verdad","Estoy diciendo la verdad.","1","2","4","4","47","33","80","72"
"3899","46","2","18","2","4","215","15","Es el juego: 4","Es el juego 4","1","1","4","4","47","33","80","72"
"3900","46","2","18","2","4","220","20","¿En qué juego estamos?","¿En qué juego estamos?","1","0","4","4","47","33","80","72"
"3901","5","2","18","3","3","211","11","Es el juego: 5","Es el juego 5","1","1","3","3","40","40","80","80"
"3902","6","2","18","3","3","222","22","¿En qué juego estamos?","¿En qué juego estamos?","1","0","3","3","40","40","80","80"
"3903","7","2","18","3","3","211","11","Es el juego: 5","Es el juego 5","1","1","3","3","40","40","80","80"
"3904","8","2","18","3","3","202","2","Es el juego: 1","Es el juego 1","1","2","3","3","40","40","80","80"
"3905","9","2","18","3","3","211","11","Es el juego: 5","Es el juego 5","1","1","3","3","40","40","80","80"
"3906","10","2","18","3","3","211","11","Es el juego: 5","Es el juego 5","1","1","3","3","40","40","80","80"
"3907","11","2","18","3","3","211","11","Es el juego: 5","Es el juego 5","1","1","3","3","40","40","80","80"
"3908","12","2","18","3","3","202","2","Es el juego: 1","Es el juego 1","1","2","3","3","40","40","80","80"
"3909","13","2","18","3","3","211","11","C está mintiendo","C está mintiendo","1","1","3","3","40","40","80","80"
"3910","13","2","18","3","3","202","2","Es el juego: 1","Es el juego 1","1","2","3","3","40","40","80","80"
"3911","14","2","18","3","3","211","11","C está mintiendo","C está mintiendo","1","1","3","3","40","40","80","80"
"3912","15","2","18","3","3","202","2","Es el juego: 1","Es el juego 1","1","2","3","3","40","40","80","80"
"3913","16","2","18","3","3","202","2","Es el juego: 1","Es el juego 1","1","2","3","3","40","40","80","80"
"3914","16","2","18","3","3","211","11","Es el juego: 5","Es el juego 5","1","1","3","3","40","40","80","80"
"3915","18","2","18","3","3","202","2","Es el juego: 1","Es el juego 1","1","2","3","3","40","40","80","80"
"3916","18","2","18","3","3","211","11","C está mintiendo","C está mintiendo","1","1","3","3","40","40","80","80"
"3917","19","2","18","3","3","202","2","Es el juego: 1","Es el juego 1","1","2","3","3","40","40","80","80"
"3918","20","2","18","3","3","211","11","Es el juego: 5","Es el juego 5","1","1","3","3","40","40","80","80"
"3919","20","2","18","3","3","202","2","Es el juego: 1","Es el juego 1","1","2","3","3","40","40","80","80"
"3920","22","2","18","3","3","202","2","Es el juego: 1","Es el juego 1","1","2","3","3","40","40","80","80"
"3921","22","2","18","3","3","211","11","C está mintiendo","C está mintiendo","1","1","3","3","40","40","80","80"
"3922","23","2","18","3","3","202","2","Es el juego: 1","Es el juego 1","1","2","3","3","40","40","80","80"
"3923","24","2","18","3","3","211","11","C está mintiendo","C está mintiendo","1","1","3","3","40","40","80","80"
"3924","25","2","18","3","3","202","2","Es el juego: 1","Es el juego 1","1","2","3","3","40","40","80","80"
"3925","25","2","18","3","3","211","11","C está mintiendo","C está mintiendo","1","1","3","3","40","40","80","80"
"3926","26","2","18","3","3","202","2","Es el juego: 1","Es el juego 1","1","2","3","3","40","40","80","80"
"3927","27","2","18","3","3","202","2","Es el juego: 1","Es el juego 1","1","2","3","3","40","40","80","80"
"3928","27","2","18","3","3","211","11","Es el juego: 5","Es el juego 5","1","1","3","3","40","40","80","80"
"3929","28","2","18","3","3","222","22","Por favor decidme la verdad","Por favor decidme la verdad","1","0","3","3","40","40","80","80"
"3930","28","2","18","3","3","211","11","Es el juego: 5","Es el juego 5","1","1","3","3","40","40","80","80"
"3931","28","2","18","3","3","202","2","Es el juego: 1","Es el juego 1","1","2","3","3","40","40","80","80"
"3932","29","2","18","3","3","202","2","Es el juego: 1","Es el juego 1","1","2","3","3","40","40","80","80"
"3933","30","2","18","3","3","211","11","Es el juego: 5","Es el juego 5","1","1","3","3","40","40","80","80"
"3934","31","2","18","3","3","202","2","Es el juego: 1","Es el juego 1","1","2","3","3","40","40","80","80"
"3935","31","2","18","3","3","211","11","C está mintiendo","C está mintiendo","1","1","3","3","40","40","80","80"
"3936","32","2","18","3","3","202","2","Es el juego: 1","Es el juego 1","1","2","3","3","40","40","80","80"
"3937","33","2","18","3","3","211","11","C está mintiendo","C está mintiendo","1","1","3","3","40","40","80","80"
"3938","33","2","18","3","3","202","2","Es el juego: 1","Es el juego 1","1","2","3","3","40","40","80","80"
"3939","34","2","18","3","3","211","11","C está mintiendo","C está mintiendo","1","1","3","3","40","40","80","80"
"3940","35","2","18","3","3","202","2","Es el juego: 1","Es el juego 1","1","2","3","3","40","40","80","80"
"3941","35","2","18","3","3","211","11","C está mintiendo","C está mintiendo","1","1","3","3","40","40","80","80"
"3942","36","2","18","3","3","202","2","Es el juego: 1","Es el juego 1","1","2","3","3","40","40","80","80"
"3943","37","2","18","3","3","211","11","Es el juego: 5","Es el juego 5","1","1","3","3","40","40","80","80"
"3944","37","2","18","3","3","202","2","Es el juego: 1","Es el juego 1","1","2","3","3","40","40","80","80"
"3945","38","2","18","3","3","211","11","Es el juego: 5","Es el juego 5","1","1","3","3","40","40","80","80"
"3946","39","2","18","3","3","202","2","Es el juego: 1","Es el juego 1","1","2","3","3","40","40","80","80"
"3947","40","2","18","3","3","211","11","Es el juego: 5","Es el juego 5","1","1","3","3","40","40","80","80"
"3948","40","2","18","3","3","202","2","Es el juego: 1","Es el juego 1","1","2","3","3","40","40","80","80"
"3949","41","2","18","3","3","211","11","Es el juego: 5","Es el juego 5","1","1","3","3","40","40","80","80"
"3950","41","2","18","3","3","202","2","Es el juego: 1","Es el juego 1","1","2","3","3","40","40","80","80"
"3951","42","2","18","3","3","211","11","C está mintiendo","C está mintiendo","1","1","3","3","40","40","80","80"
"3952","43","2","18","3","3","202","2","Es el juego: 1","Es el juego 1","1","2","3","3","40","40","80","80"
"3953","44","2","18","3","3","211","11","Es el juego: 5","Es el juego 5","1","1","3","3","40","40","80","80"
"3954","45","2","18","3","3","202","2","Es el juego: 1","Es el juego 1","1","2","3","3","40","40","80","80"
"3955","45","2","18","3","3","211","11","Es el juego: 5","Es el juego 5","1","1","3","3","40","40","80","80"
"3956","46","2","18","3","3","202","2","Es el juego: 1","Es el juego 1","1","2","3","3","40","40","80","80"
"3957","3","2","18","4","2","224","24","¿En qué juego estamos?","¿En qué juego estamos?","1","0","2","2","33","47","80","72"
"3958","5","2","18","4","2","224","24","Por favor decidme la verdad","Por favor decidme la verdad","1","0","2","2","33","47","80","72"
"3959","7","2","18","4","2","201","1","Es el juego: 2","Es el juego 2","1","2","2","2","33","47","80","72"
"3960","9","2","18","4","2","224","24","Por favor decidme la verdad","Por favor decidme la verdad","1","0","2","2","33","47","80","72"
"3961","9","2","18","4","2","218","18","Es el juego: 5","Es el juego 5","1","1","2","2","33","47","80","72"
"3962","11","2","18","4","2","201","1","F está mintiendo","F está mintiendo","1","2","2","2","33","47","80","72"
"3963","15","2","18","4","2","201","1","Es el juego: 2","Es el juego 2","1","2","2","2","33","47","80","72"
"3964","16","2","18","4","2","218","18","C está mintiendo","C está mintiendo","1","1","2","2","33","47","80","72"
"3965","17","2","18","4","2","224","24","Por favor decidme la verdad","Por favor decidme la verdad","1","0","2","2","33","47","80","72"
"3966","19","2","18","4","2","218","18","Es el juego: 5","Es el juego 5","1","1","2","2","33","47","80","72"
"3967","20","2","18","4","2","224","24","Por favor decidme la verdad","Por favor decidme la verdad","1","0","2","2","33","47","80","72"
"3968","20","2","18","4","2","218","18","C está diciendo la verdad","C está diciendo la verdad","1","1","2","2","33","47","80","72"
"3969","20","2","18","4","2","201","1","Es el juego: 2","Es el juego 2","1","2","2","2","33","47","80","72"
"3970","22","2","18","4","2","218","18","C está mintiendo","C está mintiendo","1","1","2","2","33","47","80","72"
"3971","22","2","18","4","2","201","1","Estoy diciendo la verdad","Estoy diciendo la verdad.","1","2","2","2","33","47","80","72"
"3972","24","2","18","4","2","218","18","Estoy diciendo la verdad","Estoy diciendo la verdad.","1","1","2","2","33","47","80","72"
"3973","26","2","18","4","2","201","1","F está mintiendo","F está mintiendo","1","2","2","2","33","47","80","72"
"3974","26","2","18","4","2","218","18","Es el juego: 5","Es el juego 5","1","1","2","2","33","47","80","72"
"3975","28","2","18","4","2","201","1","Es el juego: 2","Es el juego 2","1","2","2","2","33","47","80","72"
"3976","28","2","18","4","2","218","18","Es el juego: 5","Es el juego 5","1","1","2","2","33","47","80","72"
"3977","30","2","18","4","2","218","18","Es el juego: 5","Es el juego 5","1","1","2","2","33","47","80","72"
"3978","31","2","18","4","2","201","1","Es el juego: 2","Es el juego 2","1","2","2","2","33","47","80","72"
"3979","32","2","18","4","2","218","18","Estoy diciendo la verdad","Estoy diciendo la verdad.","1","1","2","2","33","47","80","72"
"3980","34","2","18","4","2","218","18","Es el juego: 5","Es el juego 5","1","1","2","2","33","47","80","72"
"3981","36","2","18","4","2","218","18","Estoy diciendo la verdad","Estoy diciendo la verdad.","1","1","2","2","33","47","80","72"
"3982","39","2","18","4","2","201","1","Es el juego: 2","Es el juego 2","1","2","2","2","33","47","80","72"
"3983","40","2","18","4","2","218","18","C está mintiendo","C está mintiendo","1","1","2","2","33","47","80","72"
"3984","44","2","18","4","2","218","18","Es el juego: 5","Es el juego 5","1","1","2","2","33","47","80","72"
"3985","46","2","18","4","2","218","18","Estoy diciendo la verdad","Estoy diciendo la verdad.","1","1","2","2","33","47","80","72"
"3986","46","2","18","4","2","224","24","¿En qué juego estamos?","¿En qué juego estamos?","1","0","2","2","33","47","80","72"
"3987","3","2","18","5","5","225","25","¿En qué juego estamos?","¿En qué juego estamos?","1","0","5","5","54","26","80","64"
"3988","4","2","18","5","5","216","16","Es el juego: 5","Es el juego 5","1","1","5","5","54","26","80","64"
"3989","6","2","18","5","5","205","5","Es el juego: 1","Es el juego 1","1","2","5","5","54","26","80","64"
"3990","9","2","18","5","5","205","5","F está mintiendo","F está mintiendo","1","2","5","5","54","26","80","64"
"3991","9","2","18","5","5","225","25","Por favor decidme la verdad","Por favor decidme la verdad","1","0","5","5","54","26","80","64"
"3992","10","2","18","5","5","216","16","Es el juego: 5","Es el juego 5","1","1","5","5","54","26","80","64"
"3993","12","2","18","5","5","216","16","Es el juego: 5","Es el juego 5","1","1","5","5","54","26","80","64"
"3994","12","2","18","5","5","205","5","Es el juego: 1","Es el juego 1","1","2","5","5","54","26","80","64"
"3995","13","2","18","5","5","216","16","Es el juego: 5","Es el juego 5","1","1","5","5","54","26","80","64"
"3996","14","2","18","5","5","205","5","Es el juego: 1","Es el juego 1","1","2","5","5","54","26","80","64"
"3997","15","2","18","5","5","216","16","Es el juego: 5","Es el juego 5","1","1","5","5","54","26","80","64"
"3998","16","2","18","5","5","205","5","Es el juego: 1","Es el juego 1","1","2","5","5","54","26","80","64"
"3999","16","2","18","5","5","216","16","Es el juego: 5","Es el juego 5","1","1","5","5","54","26","80","64"
"4000","17","2","18","5","5","205","5","Es el juego: 1","Es el juego 1","1","2","5","5","54","26","80","64"
"4001","17","2","18","5","5","216","16","Es el juego: 5","Es el juego 5","1","1","5","5","54","26","80","64"
"4002","19","2","18","5","5","205","5","Es el juego: 1","Es el juego 1","1","2","5","5","54","26","80","64"
"4003","19","2","18","5","5","216","16","Es el juego: 5","Es el juego 5","1","1","5","5","54","26","80","64"
"4004","20","2","18","5","5","205","5","Es el juego: 1","Es el juego 1","1","2","5","5","54","26","80","64"
"4005","21","2","18","5","5","216","16","Estoy diciendo la verdad","Estoy diciendo la verdad.","1","1","5","5","54","26","80","64"
"4006","22","2","18","5","5","205","5","Es el juego: 1","Es el juego 1","1","2","5","5","54","26","80","64"
"4007","22","2","18","5","5","216","16","Estoy diciendo la verdad","Estoy diciendo la verdad.","1","1","5","5","54","26","80","64"
"4008","23","2","18","5","5","205","5","Es el juego: 1","Es el juego 1","1","2","5","5","54","26","80","64"
"4009","24","2","18","5","5","205","5","Es el juego: 1","Es el juego 1","1","2","5","5","54","26","80","64"
"4010","24","2","18","5","5","216","16","Estoy diciendo la verdad","Estoy diciendo la verdad.","1","1","5","5","54","26","80","64"
"4011","25","2","18","5","5","205","5","Es el juego: 1","Es el juego 1","1","2","5","5","54","26","80","64"
"4012","25","2","18","5","5","216","16","Estoy diciendo la verdad","Estoy diciendo la verdad.","1","1","5","5","54","26","80","64"
"4013","27","2","18","5","5","205","5","Es el juego: 1","Es el juego 1","1","2","5","5","54","26","80","64"
"4014","27","2","18","5","5","216","16","Estoy diciendo la verdad","Estoy diciendo la verdad.","1","1","5","5","54","26","80","64"
"4015","28","2","18","5","5","205","5","Es el juego: 1","Es el juego 1","1","2","5","5","54","26","80","64"
"4016","28","2","18","5","5","216","16","Es el juego: 5","Es el juego 5","1","1","5","5","54","26","80","64"
"4017","29","2","18","5","5","205","5","Es el juego: 1","Es el juego 1","1","2","5","5","54","26","80","64"
"4018","30","2","18","5","5","205","5","Es el juego: 1","Es el juego 1","1","2","5","5","54","26","80","64"
"4019","30","2","18","5","5","216","16","Es el juego: 5","Es el juego 5","1","1","5","5","54","26","80","64"
"4020","31","2","18","5","5","205","5","Es el juego: 1","Es el juego 1","1","2","5","5","54","26","80","64"
"4021","31","2","18","5","5","216","16","Es el juego: 5","Es el juego 5","1","1","5","5","54","26","80","64"
"4022","33","2","18","5","5","205","5","Es el juego: 1","Es el juego 1","1","2","5","5","54","26","80","64"
"4023","33","2","18","5","5","216","16","Es el juego: 5","Es el juego 5","1","1","5","5","54","26","80","64"
"4024","34","2","18","5","5","205","5","Es el juego: 1","Es el juego 1","1","2","5","5","54","26","80","64"
"4025","34","2","18","5","5","216","16","Es el juego: 5","Es el juego 5","1","1","5","5","54","26","80","64"
"4026","35","2","18","5","5","205","5","Es el juego: 1","Es el juego 1","1","2","5","5","54","26","80","64"
"4027","35","2","18","5","5","216","16","Es el juego: 5","Es el juego 5","1","1","5","5","54","26","80","64"
"4028","36","2","18","5","5","205","5","Es el juego: 1","Es el juego 1","1","2","5","5","54","26","80","64"
"4029","37","2","18","5","5","216","16","C está mintiendo","C está mintiendo","1","1","5","5","54","26","80","64"
"4030","37","2","18","5","5","205","5","Es el juego: 1","Es el juego 1","1","2","5","5","54","26","80","64"
"4031","38","2","18","5","5","216","16","C está mintiendo","C está mintiendo","1","1","5","5","54","26","80","64"
"4032","39","2","18","5","5","205","5","Es el juego: 1","Es el juego 1","1","2","5","5","54","26","80","64"
"4033","39","2","18","5","5","216","16","C está mintiendo","C está mintiendo","1","1","5","5","54","26","80","64"
"4034","40","2","18","5","5","205","5","Es el juego: 1","Es el juego 1","1","2","5","5","54","26","80","64"
"4035","41","2","18","5","5","216","16","C está mintiendo","C está mintiendo","1","1","5","5","54","26","80","64"
"4036","41","2","18","5","5","205","5","Es el juego: 1","Es el juego 1","1","2","5","5","54","26","80","64"
"4037","42","2","18","5","5","216","16","C está mintiendo","C está mintiendo","1","1","5","5","54","26","80","64"
"4038","42","2","18","5","5","205","5","Es el juego: 1","Es el juego 1","1","2","5","5","54","26","80","64"
"4039","44","2","18","5","5","205","5","Es el juego: 1","Es el juego 1","1","2","5","5","54","26","80","64"
"4040","44","2","18","5","5","216","16","Es el juego: 5","Es el juego 5","1","1","5","5","54","26","80","64"
"4041","45","2","18","5","5","205","5","Es el juego: 1","Es el juego 1","1","2","5","5","54","26","80","64"
"4042","45","2","18","5","5","216","16","Es el juego: 5","Es el juego 5","1","1","5","5","54","26","80","64"
"4043","46","2","18","5","5","205","5","Es el juego: 1","Es el juego 1","1","2","5","5","54","26","80","64"
"4044","46","2","18","5","5","216","16","Es el juego: 5","Es el juego 5","1","1","5","5","54","26","80","64"
"4045","3","2","18","6","3","207","7","Es el juego: 3","Es el juego 3","1","2","3","3","40","40","80","80"
"4046","4","2","18","6","3","212","12","Es el juego: 3","Es el juego 3","1","1","3","3","40","40","80","80"
"4047","4","2","18","6","3","227","27","¿En qué juego estamos?","¿En qué juego estamos?","1","0","3","3","40","40","80","80"
"4048","5","2","18","6","3","207","7","Estoy diciendo la verdad","Estoy diciendo la verdad.","1","2","3","3","40","40","80","80"
"4049","5","2","18","6","3","212","12","Estoy diciendo la verdad","Estoy diciendo la verdad.","1","1","3","3","40","40","80","80"
"4050","7","2","18","6","3","207","7","F está diciendo la verdad","F está diciendo la verdad","1","2","3","3","40","40","80","80"
"4051","7","2","18","6","3","212","12","C está diciendo la verdad","C está diciendo la verdad","1","1","3","3","40","40","80","80"
"4052","13","2","18","6","3","207","7","Es el juego: 3","Es el juego 3","1","2","3","3","40","40","80","80"
"4053","15","2","18","6","3","212","12","Es el juego: 3","Es el juego 3","1","1","3","3","40","40","80","80"
"4054","17","2","18","6","3","212","12","Estoy diciendo la verdad","Estoy diciendo la verdad.","1","1","3","3","40","40","80","80"
"4055","20","2","18","6","3","212","12","C está diciendo la verdad","C está diciendo la verdad","1","1","3","3","40","40","80","80"
"4056","28","2","18","6","3","207","7","Es el juego: 3","Es el juego 3","1","2","3","3","40","40","80","80"
"4057","2","2","18","7","2","226","26","Por favor decidme la verdad","Por favor decidme la verdad","1","0","3","3","36","36","72","72"
"4058","4","2","18","7","2","214","14","Es el juego: 2","Es el juego 2","1","1","3","3","36","36","72","72"
"4059","4","2","18","7","2","226","26","Por favor decidme la verdad","Por favor decidme la verdad","1","0","3","3","36","36","72","72"
"4060","5","2","18","7","2","206","6","Es el juego: 2","Es el juego 2","1","2","3","3","36","36","72","72"
"4061","5","2","18","7","2","226","26","¿En qué juego estamos?","¿En qué juego estamos?","1","0","3","3","36","36","72","72"
"4062","8","2","18","7","2","206","6","Es el juego: 2","Es el juego 2","1","2","3","3","36","36","72","72"
"4063","8","2","18","7","2","214","14","Estoy diciendo la verdad","Estoy diciendo la verdad.","1","1","3","3","36","36","72","72"
"4064","10","2","18","7","2","214","14","Estoy diciendo la verdad","Estoy diciendo la verdad.","1","1","3","3","36","36","72","72"
"4065","12","2","18","7","2","206","6","F está diciendo la verdad","F está diciendo la verdad","1","2","3","3","36","36","72","72"
"4066","12","2","18","7","2","214","14","Es el juego: 2","Es el juego 2","1","1","3","3","36","36","72","72"
"4067","13","2","18","7","2","214","14","Es el juego: 2","Es el juego 2","1","1","3","3","36","36","72","72"
"4068","15","2","18","7","2","214","14","Es el juego: 2","Es el juego 2","1","1","3","3","36","36","72","72"
"4069","15","2","18","7","2","206","6","Es el juego: 2","Es el juego 2","1","2","3","3","36","36","72","72"
"4070","16","2","18","7","2","214","14","Es el juego: 2","Es el juego 2","1","1","3","3","36","36","72","72"
"4071","17","2","18","7","2","214","14","Es el juego: 2","Es el juego 2","1","1","3","3","36","36","72","72"
"4072","19","2","18","7","2","214","14","C está diciendo la verdad","C está diciendo la verdad","1","1","3","3","36","36","72","72"
"4073","21","2","18","7","2","214","14","Estoy diciendo la verdad","Estoy diciendo la verdad.","1","1","3","3","36","36","72","72"
"4074","33","2","18","7","2","226","26","Por favor decidme la verdad","Por favor decidme la verdad","1","0","3","3","36","36","72","72"
"4075","35","2","18","7","2","226","26","Por favor decidme la verdad","Por favor decidme la verdad","1","0","3","3","36","36","72","72"
"4076","36","2","18","7","2","226","26","Por favor decidme la verdad","Por favor decidme la verdad","1","0","3","3","36","36","72","72"
"4077","36","2","18","7","2","214","14","Es el juego: 2","Es el juego 2","1","1","3","3","36","36","72","72"
"4078","38","2","18","7","2","226","26","Por favor decidme la verdad","Por favor decidme la verdad","1","0","3","3","36","36","72","72"
"4079","38","2","18","7","2","214","14","Es el juego: 2","Es el juego 2","1","1","3","3","36","36","72","72"
"4080","39","2","18","7","2","226","26","Por favor decidme la verdad","Por favor decidme la verdad","1","0","3","3","36","36","72","72"
"4081","40","2","18","7","2","214","14","Es el juego: 2","Es el juego 2","1","1","3","3","36","36","72","72"
"4082","41","2","18","7","2","226","26","Por favor decidme la verdad","Por favor decidme la verdad","1","0","3","3","36","36","72","72"
"4083","42","2","18","7","2","226","26","Por favor decidme la verdad","Por favor decidme la verdad","1","0","3","3","36","36","72","72"
"4084","43","2","18","7","2","206","6","Es el juego: 2","Es el juego 2","1","2","3","3","36","36","72","72"
"4085","43","2","18","7","2","226","26","Por favor decidme la verdad","Por favor decidme la verdad","1","0","3","3","36","36","72","72"
"4086","44","2","18","7","2","214","14","Estoy diciendo la verdad","Estoy diciendo la verdad.","1","1","3","3","36","36","72","72"
"4087","45","2","18","7","2","226","26","Por favor decidme la verdad","Por favor decidme la verdad","1","0","3","3","36","36","72","72"
"4088","46","2","18","7","2","226","26","Por favor decidme la verdad","Por favor decidme la verdad","1","0","3","3","36","36","72","72"
"4089","3","2","18","8","3","219","19","¿En qué juego estamos?","¿En qué juego estamos?","1","0","3","3","40","40","80","80"
"4090","4","2","18","8","3","208","8","Es el juego: 3","Es el juego 3","1","2","3","3","40","40","80","80"
"4091","9","2","18","8","3","219","19","Por favor decidme la verdad","Por favor decidme la verdad","1","0","3","3","40","40","80","80"
"4092","11","2","18","8","3","208","8","Estoy diciendo la verdad","Estoy diciendo la verdad.","1","2","3","3","40","40","80","80"
"4093","12","2","18","8","3","217","17","Es el juego: 5","Es el juego 5","1","1","3","3","40","40","80","80"
"4094","15","2","18","8","3","208","8","F está mintiendo","F está mintiendo","1","2","3","3","40","40","80","80"
"4095","29","2","18","8","3","217","17","Estoy diciendo la verdad","Estoy diciendo la verdad.","1","1","3","3","40","40","80","80"
"4096","39","2","18","8","3","208","8","Es el juego: 1","Es el juego 1","1","2","3","3","40","40","80","80"
"4097","42","2","18","8","3","208","8","Estoy diciendo la verdad","Estoy diciendo la verdad.","1","2","3","3","40","40","80","80"
"4098","43","2","18","8","3","217","17","C está mintiendo","C está mintiendo","1","1","3","3","40","40","80","80"
"4099","44","2","18","8","3","208","8","Estoy diciendo la verdad","Estoy diciendo la verdad.","1","2","3","3","40","40","80","80"
"4100","46","2","18","8","3","208","8","F está mintiendo","F está mintiendo","1","2","3","3","40","40","80","80"
"4101","3","2","18","9","3","210","10","Es el juego: 5","Es el juego 5","1","1","4","2","15","15","30","80"
"4102","3","2","18","9","3","223","23","¿En qué juego estamos?","¿En qué juego estamos?","1","0","4","2","15","15","30","80"
"4103","5","2","18","9","3","223","23","Por favor decidme la verdad","Por favor decidme la verdad","1","0","4","2","15","15","30","80"
"4104","6","2","18","9","3","204","4","Es el juego: 3","Es el juego 3","1","2","4","2","15","15","30","80"
"4105","8","2","18","9","3","204","4","Estoy diciendo la verdad","Estoy diciendo la verdad.","1","2","4","2","15","15","30","80"
"4106","9","2","18","9","3","223","23","Por favor decidme la verdad","Por favor decidme la verdad","1","0","4","2","15","15","30","80"
"4107","9","2","18","9","3","210","10","C está mintiendo","C está mintiendo","1","1","4","2","15","15","30","80"
"4108","10","2","18","9","3","223","23","Por favor decidme la verdad","Por favor decidme la verdad","1","0","4","2","15","15","30","80"
"4109","11","2","18","9","3","210","10","C está mintiendo","C está mintiendo","1","1","4","2","15","15","30","80"
"4110","12","2","18","9","3","210","10","C está mintiendo","C está mintiendo","1","1","4","2","15","15","30","80"
"4111","12","2","18","9","3","204","4","F está mintiendo","F está mintiendo","1","2","4","2","15","15","30","80"
"4112","14","2","18","9","3","210","10","Es el juego: 5","Es el juego 5","1","1","4","2","15","15","30","80"
"4113","15","2","18","9","3","204","4","F está mintiendo","F está mintiendo","1","2","4","2","15","15","30","80"
"4114","16","2","18","9","3","210","10","C está mintiendo","C está mintiendo","1","1","4","2","15","15","30","80"
"4115","17","2","18","9","3","204","4","F está mintiendo","F está mintiendo","1","2","4","2","15","15","30","80"
"4116","18","2","18","9","3","210","10","C está mintiendo","C está mintiendo","1","1","4","2","15","15","30","80"
"4117","19","2","18","9","3","204","4","F está mintiendo","F está mintiendo","1","2","4","2","15","15","30","80"
"4118","19","2","18","9","3","210","10","Es el juego: 5","Es el juego 5","1","1","4","2","15","15","30","80"
"4119","20","2","18","9","3","204","4","F está mintiendo","F está mintiendo","1","2","4","2","15","15","30","80"
"4120","21","2","18","9","3","210","10","Es el juego: 5","Es el juego 5","1","1","4","2","15","15","30","80"
"4121","22","2","18","9","3","223","23","Por favor decidme la verdad","Por favor decidme la verdad","1","0","4","2","15","15","30","80"
"4122","22","2","18","9","3","210","10","Es el juego: 5","Es el juego 5","1","1","4","2","15","15","30","80"
"4123","23","2","18","9","3","204","4","Es el juego: 3","Es el juego 3","1","2","4","2","15","15","30","80"
"4124","24","2","18","9","3","223","23","Por favor decidme la verdad","Por favor decidme la verdad","1","0","4","2","15","15","30","80"
"4125","24","2","18","9","3","210","10","C está mintiendo","C está mintiendo","1","1","4","2","15","15","30","80"
"4126","25","2","18","9","3","204","4","Es el juego: 3","Es el juego 3","1","2","4","2","15","15","30","80"
"4127","25","2","18","9","3","223","23","Por favor decidme la verdad","Por favor decidme la verdad","1","0","4","2","15","15","30","80"
"4128","26","2","18","9","3","210","10","C está mintiendo","C está mintiendo","1","1","4","2","15","15","30","80"
"4129","26","2","18","9","3","204","4","Es el juego: 3","Es el juego 3","1","2","4","2","15","15","30","80"
"4130","28","2","18","9","3","210","10","C está mintiendo","C está mintiendo","1","1","4","2","15","15","30","80"
"4131","28","2","18","9","3","204","4","Es el juego: 3","Es el juego 3","1","2","4","2","15","15","30","80"
"4132","29","2","18","9","3","204","4","Es el juego: 3","Es el juego 3","1","2","4","2","15","15","30","80"
"4133","30","2","18","9","3","210","10","Es el juego: 5","Es el juego 5","1","1","4","2","15","15","30","80"
"4134","31","2","18","9","3","204","4","Es el juego: 3","Es el juego 3","1","2","4","2","15","15","30","80"
"4135","31","2","18","9","3","210","10","Es el juego: 5","Es el juego 5","1","1","4","2","15","15","30","80"
"4136","33","2","18","9","3","210","10","Es el juego: 5","Es el juego 5","1","1","4","2","15","15","30","80"
"4137","33","2","18","9","3","204","4","Es el juego: 3","Es el juego 3","1","2","4","2","15","15","30","80"
"4138","34","2","18","9","3","210","10","Es el juego: 5","Es el juego 5","1","1","4","2","15","15","30","80"
"4139","34","2","18","9","3","204","4","Es el juego: 3","Es el juego 3","1","2","4","2","15","15","30","80"
"4140","35","2","18","9","3","223","23","Por favor decidme la verdad","Por favor decidme la verdad","1","0","4","2","15","15","30","80"
"4141","35","2","18","9","3","210","10","Es el juego: 5","Es el juego 5","1","1","4","2","15","15","30","80"
"4142","35","2","18","9","3","204","4","Es el juego: 3","Es el juego 3","1","2","4","2","15","15","30","80"
"4143","36","2","18","9","3","204","4","Es el juego: 3","Es el juego 3","1","2","4","2","15","15","30","80"
"4144","37","2","18","9","3","223","23","Por favor decidme la verdad","Por favor decidme la verdad","1","0","4","2","15","15","30","80"
"4145","37","2","18","9","3","210","10","Es el juego: 5","Es el juego 5","1","1","4","2","15","15","30","80"
"4146","38","2","18","9","3","204","4","Es el juego: 3","Es el juego 3","1","2","4","2","15","15","30","80"
"4147","38","2","18","9","3","210","10","Es el juego: 5","Es el juego 5","1","1","4","2","15","15","30","80"
"4148","39","2","18","9","3","223","23","Por favor decidme la verdad","Por favor decidme la verdad","1","0","4","2","15","15","30","80"
"4149","39","2","18","9","3","204","4","Estoy diciendo la verdad","Estoy diciendo la verdad.","1","2","4","2","15","15","30","80"
"4150","40","2","18","9","3","210","10","Es el juego: 5","Es el juego 5","1","1","4","2","15","15","30","80"
"4151","40","2","18","9","3","223","23","Por favor decidme la verdad","Por favor decidme la verdad","1","0","4","2","15","15","30","80"
"4152","41","2","18","9","3","204","4","Estoy diciendo la verdad","Estoy diciendo la verdad.","1","2","4","2","15","15","30","80"
"4153","41","2","18","9","3","210","10","Es el juego: 5","Es el juego 5","1","1","4","2","15","15","30","80"
"4154","42","2","18","9","3","204","4","Estoy diciendo la verdad","Estoy diciendo la verdad.","1","2","4","2","15","15","30","80"
"4155","43","2","18","9","3","210","10","Es el juego: 5","Es el juego 5","1","1","4","2","15","15","30","80"
"4156","43","2","18","9","3","204","4","Estoy diciendo la verdad","Estoy diciendo la verdad.","1","2","4","2","15","15","30","80"
"4157","44","2","18","9","3","210","10","Es el juego: 5","Es el juego 5","1","1","4","2","15","15","30","80"
"4158","45","2","18","9","3","204","4","Estoy diciendo la verdad","Estoy diciendo la verdad.","1","2","4","2","15","15","30","80"
"4159","45","2","18","9","3","210","10","Es el juego: 5","Es el juego 5","1","1","4","2","15","15","30","80"
"4160","46","2","18","9","3","204","4","Estoy diciendo la verdad","Estoy diciendo la verdad.","1","2","4","2","15","15","30","80"
"6365","2","3","18","1","2","321","21","¿En qué juego estamos?","¿En qué juego estamos?","1","0","2","2","33","47","80","72"
"6366","4","3","18","1","2","321","21","Por favor decidme la verdad","Por favor decidme la verdad","1","0","2","2","33","47","80","72"
"6367","9","3","18","1","2","302","2","Es el juego: 2","Es el juego 2","1","2","2","2","33","47","80","72"
"6368","11","3","18","1","2","302","2","Estoy diciendo la verdad","Estoy diciendo la verdad.","1","2","2","2","33","47","80","72"
"6369","12","3","18","1","2","302","2","Estoy diciendo la verdad","Estoy diciendo la verdad.","1","2","2","2","33","47","80","72"
"6370","19","3","18","1","2","321","21","¿En qué juego estamos?","¿En qué juego estamos?","1","0","2","2","33","47","80","72"
"6371","20","3","18","1","2","302","2","Es el juego: 2","Es el juego 2","1","2","2","2","33","47","80","72"
"6372","21","3","18","1","2","302","2","Estoy diciendo la verdad","Estoy diciendo la verdad.","1","2","2","2","33","47","80","72"
"6373","28","3","18","1","2","302","2","Estoy diciendo la verdad","Estoy diciendo la verdad.","1","2","2","2","33","47","80","72"
"6374","29","3","18","1","2","318","18","C está diciendo la verdad","C está diciendo la verdad","1","1","2","2","33","47","80","72"
"6375","1","3","18","2","4","327","27","¿En qué juego estamos?","¿En qué juego estamos?","1","0","4","4","47","33","80","72"
"6376","4","3","18","2","4","327","27","Por favor decidme la verdad","Por favor decidme la verdad","1","0","4","4","47","33","80","72"
"6377","15","3","18","2","4","310","10","Es el juego: 4","Es el juego 4","1","1","4","4","47","33","80","72"
"6378","16","3","18","2","4","327","27","Por favor decidme la verdad","Por favor decidme la verdad","1","0","4","4","47","33","80","72"
"6379","28","3","18","2","4","301","1","F está mintiendo","F está mintiendo","1","2","4","4","47","33","80","72"
"6380","31","3","18","2","4","327","27","Por favor decidme la verdad","Por favor decidme la verdad","1","0","4","4","47","33","80","72"
"6381","32","3","18","2","4","310","10","Estoy diciendo la verdad","Estoy diciendo la verdad.","1","1","4","4","47","33","80","72"
"6382","34","3","18","2","4","310","10","C está mintiendo","C está mintiendo","1","1","4","4","47","33","80","72"
"6383","36","3","18","2","4","327","27","¿En qué juego estamos?","¿En qué juego estamos?","1","0","4","4","47","33","80","72"
"6384","36","3","18","2","4","301","1","Es el juego: 2","Es el juego 2","1","2","4","4","47","33","80","72"
"6385","39","3","18","2","4","301","1","Estoy diciendo la verdad","Estoy diciendo la verdad.","1","2","4","4","47","33","80","72"
"6386","39","3","18","2","4","310","10","Es el juego: 4","Es el juego 4","1","1","4","4","47","33","80","72"
"6387","41","3","18","2","4","310","10","Estoy diciendo la verdad","Estoy diciendo la verdad.","1","1","4","4","47","33","80","72"
"6388","43","3","18","2","4","301","1","F está diciendo la verdad","F está diciendo la verdad","1","2","4","4","47","33","80","72"
"6389","46","3","18","2","4","301","1","F está mintiendo","F está mintiendo","1","2","4","4","47","33","80","72"
"6390","1","3","18","3","3","319","19","¿En qué juego estamos?","¿En qué juego estamos?","1","0","3","3","40","40","80","80"
"6391","2","3","18","3","3","312","12","Es el juego: 3","Es el juego 3","1","1","3","3","40","40","80","80"
"6392","4","3","18","3","3","312","12","Es el juego: 3","Es el juego 3","1","1","3","3","40","40","80","80"
"6393","6","3","18","3","3","312","12","Estoy diciendo la verdad","Estoy diciendo la verdad.","1","1","3","3","40","40","80","80"
"6394","8","3","18","3","3","312","12","Es el juego: 3","Es el juego 3","1","1","3","3","40","40","80","80"
"6395","9","3","18","3","3","307","7","Es el juego: 3","Es el juego 3","1","2","3","3","40","40","80","80"
"6396","11","3","18","3","3","319","19","Por favor decidme la verdad","Por favor decidme la verdad","1","0","3","3","40","40","80","80"
"6397","11","3","18","3","3","312","12","C está diciendo la verdad","C está diciendo la verdad","1","1","3","3","40","40","80","80"
"6398","13","3","18","3","3","312","12","Es el juego: 3","Es el juego 3","1","1","3","3","40","40","80","80"
"6399","17","3","18","3","3","307","7","F está diciendo la verdad","F está diciendo la verdad","1","2","3","3","40","40","80","80"
"6400","19","3","18","3","3","307","7","Estoy diciendo la verdad","Estoy diciendo la verdad.","1","2","3","3","40","40","80","80"
"6401","19","3","18","3","3","312","12","Es el juego: 3","Es el juego 3","1","1","3","3","40","40","80","80"
"6402","2","3","18","4","2","325","25","¿En qué juego estamos?","¿En qué juego estamos?","1","0","1","1","22","50","72","72"
"6403","2","3","18","4","2","306","6","Es el juego: 1","Es el juego 1","1","2","1","1","22","50","72","72"
"6404","4","3","18","4","2","325","25","Por favor decidme la verdad","Por favor decidme la verdad","1","0","1","1","22","50","72","72"
"6405","5","3","18","4","2","314","14","Es el juego: 5","Es el juego 5","1","1","1","1","22","50","72","72"
"6406","6","3","18","4","2","325","25","Por favor decidme la verdad","Por favor decidme la verdad","1","0","1","1","22","50","72","72"
"6407","7","3","18","4","2","306","6","Es el juego: 1","Es el juego 1","1","2","1","1","22","50","72","72"
"6408","14","3","18","4","2","325","25","Por favor decidme la verdad","Por favor decidme la verdad","1","0","1","1","22","50","72","72"
"6409","15","3","18","4","2","314","14","Es el juego: 5","Es el juego 5","1","1","1","1","22","50","72","72"
"6410","15","3","18","4","2","306","6","Es el juego: 1","Es el juego 1","1","2","1","1","22","50","72","72"
"6411","18","3","18","4","2","314","14","C está mintiendo","C está mintiendo","1","1","1","1","22","50","72","72"
"6412","20","3","18","4","2","314","14","Es el juego: 5","Es el juego 5","1","1","1","1","22","50","72","72"
"6413","23","3","18","4","2","314","14","Es el juego: 5","Es el juego 5","1","1","1","1","22","50","72","72"
"6414","25","3","18","4","2","325","25","Por favor decidme la verdad","Por favor decidme la verdad","1","0","1","1","22","50","72","72"
"6415","26","3","18","4","2","306","6","Es el juego: 1","Es el juego 1","1","2","1","1","22","50","72","72"
"6416","27","3","18","4","2","314","14","C está mintiendo","C está mintiendo","1","1","1","1","22","50","72","72"
"6417","28","3","18","4","2","325","25","Por favor decidme la verdad","Por favor decidme la verdad","1","0","1","1","22","50","72","72"
"6418","29","3","18","4","2","306","6","Es el juego: 1","Es el juego 1","1","2","1","1","22","50","72","72"
"6419","31","3","18","4","2","314","14","C está mintiendo","C está mintiendo","1","1","1","1","22","50","72","72"
"6420","33","3","18","4","2","314","14","Es el juego: 5","Es el juego 5","1","1","1","1","22","50","72","72"
"6421","41","3","18","4","2","314","14","Es el juego: 5","Es el juego 5","1","1","1","1","22","50","72","72"
"6422","2","3","18","5","5","323","23","¿En qué juego estamos?","¿En qué juego estamos?","1","0","5","5","54","26","80","64"
"6423","3","3","18","5","5","315","15","Es el juego: 5","Es el juego 5","1","1","5","5","54","26","80","64"
"6424","6","3","18","5","5","304","4","Es el juego: 2","Es el juego 2","1","2","5","5","54","26","80","64"
"6425","9","3","18","5","5","323","23","Por favor decidme la verdad","Por favor decidme la verdad","1","0","5","5","54","26","80","64"
"6426","10","3","18","5","5","315","15","C está mintiendo","C está mintiendo","1","1","5","5","54","26","80","64"
"6427","11","3","18","5","5","315","15","C está mintiendo","C está mintiendo","1","1","5","5","54","26","80","64"
"6428","11","3","18","5","5","323","23","¿En qué juego estamos?","¿En qué juego estamos?","1","0","5","5","54","26","80","64"
"6429","12","3","18","5","5","304","4","Es el juego: 2","Es el juego 2","1","2","5","5","54","26","80","64"
"6430","13","3","18","5","5","315","15","Es el juego: 5","Es el juego 5","1","1","5","5","54","26","80","64"
"6431","15","3","18","5","5","315","15","Es el juego: 5","Es el juego 5","1","1","5","5","54","26","80","64"
"6432","16","3","18","5","5","323","23","Por favor decidme la verdad","Por favor decidme la verdad","1","0","5","5","54","26","80","64"
"6433","16","3","18","5","5","315","15","Es el juego: 5","Es el juego 5","1","1","5","5","54","26","80","64"
"6434","18","3","18","5","5","315","15","C está mintiendo","C está mintiendo","1","1","5","5","54","26","80","64"
"6435","18","3","18","5","5","323","23","Por favor decidme la verdad","Por favor decidme la verdad","1","0","5","5","54","26","80","64"
"6436","20","3","18","5","5","304","4","Es el juego: 2","Es el juego 2","1","2","5","5","54","26","80","64"
"6437","20","3","18","5","5","315","15","C está mintiendo","C está mintiendo","1","1","5","5","54","26","80","64"
"6438","20","3","18","5","5","323","23","¿En qué juego estamos?","¿En qué juego estamos?","1","0","5","5","54","26","80","64"
"6439","22","3","18","5","5","315","15","Es el juego: 5","Es el juego 5","1","1","5","5","54","26","80","64"
"6440","22","3","18","5","5","323","23","¿En qué juego estamos?","¿En qué juego estamos?","1","0","5","5","54","26","80","64"
"6441","23","3","18","5","5","315","15","Es el juego: 5","Es el juego 5","1","1","5","5","54","26","80","64"
"6442","25","3","18","5","5","315","15","Es el juego: 5","Es el juego 5","1","1","5","5","54","26","80","64"
"6443","26","3","18","5","5","315","15","Es el juego: 5","Es el juego 5","1","1","5","5","54","26","80","64"
"6444","27","3","18","5","5","315","15","Es el juego: 5","Es el juego 5","1","1","5","5","54","26","80","64"
"6445","29","3","18","5","5","315","15","Es el juego: 5","Es el juego 5","1","1","5","5","54","26","80","64"
"6446","30","3","18","5","5","315","15","Es el juego: 5","Es el juego 5","1","1","5","5","54","26","80","64"
"6447","31","3","18","5","5","315","15","Es el juego: 5","Es el juego 5","1","1","5","5","54","26","80","64"
"6448","33","3","18","5","5","315","15","Es el juego: 5","Es el juego 5","1","1","5","5","54","26","80","64"
"6449","34","3","18","5","5","315","15","Es el juego: 5","Es el juego 5","1","1","5","5","54","26","80","64"
"6450","35","3","18","5","5","315","15","Es el juego: 5","Es el juego 5","1","1","5","5","54","26","80","64"
"6451","36","3","18","5","5","315","15","Es el juego: 5","Es el juego 5","1","1","5","5","54","26","80","64"
"6452","38","3","18","5","5","315","15","Es el juego: 5","Es el juego 5","1","1","5","5","54","26","80","64"
"6453","39","3","18","5","5","304","4","Es el juego: 2","Es el juego 2","1","2","5","5","54","26","80","64"
"6454","39","3","18","5","5","315","15","Es el juego: 5","Es el juego 5","1","1","5","5","54","26","80","64"
"6455","40","3","18","5","5","315","15","Es el juego: 5","Es el juego 5","1","1","5","5","54","26","80","64"
"6456","42","3","18","5","5","315","15","Es el juego: 5","Es el juego 5","1","1","5","5","54","26","80","64"
"6457","43","3","18","5","5","315","15","Es el juego: 5","Es el juego 5","1","1","5","5","54","26","80","64"
"6458","45","3","18","5","5","315","15","Es el juego: 5","Es el juego 5","1","1","5","5","54","26","80","64"
"6459","46","3","18","5","5","315","15","Es el juego: 5","Es el juego 5","1","1","5","5","54","26","80","64"
"6460","2","3","18","6","3","326","26","¿En qué juego estamos?","¿En qué juego estamos?","1","0","3","3","40","40","80","80"
"6461","7","3","18","6","3","326","26","Por favor decidme la verdad","Por favor decidme la verdad","1","0","3","3","40","40","80","80"
"6462","7","3","18","6","3","308","8","Es el juego: 3","Es el juego 3","1","2","3","3","40","40","80","80"
"6463","7","3","18","6","3","317","17","Es el juego: 3","Es el juego 3","1","1","3","3","40","40","80","80"
"6464","11","3","18","6","3","308","8","F está diciendo la verdad","F está diciendo la verdad","1","2","3","3","40","40","80","80"
"6465","18","3","18","6","3","317","17","C está diciendo la verdad","C está diciendo la verdad","1","1","3","3","40","40","80","80"
"6466","4","3","18","7","2","322","22","¿En qué juego estamos?","¿En qué juego estamos?","1","0","1","1","22","50","72","72"
"6467","5","3","18","7","2","322","22","¿En qué juego estamos?","¿En qué juego estamos?","1","0","1","1","22","50","72","72"
"6468","7","3","18","7","2","309","9","Es el juego: 1","Es el juego 1","1","2","1","1","22","50","72","72"
"6469","13","3","18","7","2","311","11","Es el juego: 4","Es el juego 4","1","1","1","1","22","50","72","72"
"6470","17","3","18","7","2","311","11","Es el juego: 4","Es el juego 4","1","1","1","1","22","50","72","72"
"6471","18","3","18","7","2","309","9","Es el juego: 1","Es el juego 1","1","2","1","1","22","50","72","72"
"6472","20","3","18","7","2","311","11","Es el juego: 4","Es el juego 4","1","1","1","1","22","50","72","72"
"6473","21","3","18","7","2","309","9","F está mintiendo","F está mintiendo","1","2","1","1","22","50","72","72"
"6474","21","3","18","7","2","311","11","Es el juego: 4","Es el juego 4","1","1","1","1","22","50","72","72"
"6475","23","3","18","7","2","311","11","C está mintiendo","C está mintiendo","1","1","1","1","22","50","72","72"
"6476","24","3","18","7","2","309","9","F está mintiendo","F está mintiendo","1","2","1","1","22","50","72","72"
"6477","25","3","18","7","2","311","11","C está mintiendo","C está mintiendo","1","1","1","1","22","50","72","72"
"6478","25","3","18","7","2","309","9","Es el juego: 1","Es el juego 1","1","2","1","1","22","50","72","72"
"6479","27","3","18","7","2","311","11","Es el juego: 4","Es el juego 4","1","1","1","1","22","50","72","72"
"6480","28","3","18","7","2","309","9","Es el juego: 1","Es el juego 1","1","2","1","1","22","50","72","72"
"6481","29","3","18","7","2","311","11","Estoy diciendo la verdad","Estoy diciendo la verdad.","1","1","1","1","22","50","72","72"
"6482","30","3","18","7","2","309","9","F está mintiendo","F está mintiendo","1","2","1","1","22","50","72","72"
"6483","31","3","18","7","2","311","11","Es el juego: 4","Es el juego 4","1","1","1","1","22","50","72","72"
"6484","31","3","18","7","2","309","9","Es el juego: 1","Es el juego 1","1","2","1","1","22","50","72","72"
"6485","32","3","18","7","2","311","11","Es el juego: 4","Es el juego 4","1","1","1","1","22","50","72","72"
"6486","33","3","18","7","2","309","9","Es el juego: 1","Es el juego 1","1","2","1","1","22","50","72","72"
"6487","34","3","18","7","2","311","11","C está mintiendo","C está mintiendo","1","1","1","1","22","50","72","72"
"6488","34","3","18","7","2","309","9","Es el juego: 1","Es el juego 1","1","2","1","1","22","50","72","72"
"6489","36","3","18","7","2","309","9","Es el juego: 1","Es el juego 1","1","2","1","1","22","50","72","72"
"6490","36","3","18","7","2","311","11","Es el juego: 4","Es el juego 4","1","1","1","1","22","50","72","72"
"6491","37","3","18","7","2","309","9","Es el juego: 1","Es el juego 1","1","2","1","1","22","50","72","72"
"6492","38","3","18","7","2","311","11","Es el juego: 4","Es el juego 4","1","1","1","1","22","50","72","72"
"6493","39","3","18","7","2","309","9","Es el juego: 1","Es el juego 1","1","2","1","1","22","50","72","72"
"6494","40","3","18","7","2","311","11","Es el juego: 4","Es el juego 4","1","1","1","1","22","50","72","72"
"6495","40","3","18","7","2","309","9","F está mintiendo","F está mintiendo","1","2","1","1","22","50","72","72"
"6496","41","3","18","7","2","311","11","Es el juego: 4","Es el juego 4","1","1","1","1","22","50","72","72"
"6497","42","3","18","7","2","309","9","F está mintiendo","F está mintiendo","1","2","1","1","22","50","72","72"
"6498","43","3","18","7","2","311","11","C está mintiendo","C está mintiendo","1","1","1","1","22","50","72","72"
"6499","43","3","18","7","2","309","9","Es el juego: 1","Es el juego 1","1","2","1","1","22","50","72","72"
"6500","44","3","18","7","2","309","9","Es el juego: 1","Es el juego 1","1","2","1","1","22","50","72","72"
"6501","44","3","18","7","2","311","11","Es el juego: 4","Es el juego 4","1","1","1","1","22","50","72","72"
"6502","46","3","18","7","2","309","9","Es el juego: 1","Es el juego 1","1","2","1","1","22","50","72","72"
"6503","46","3","18","7","2","311","11","Es el juego: 4","Es el juego 4","1","1","1","1","22","50","72","72"
"6504","3","3","18","8","3","305","5","Es el juego: 3","Es el juego 3","1","2","3","3","40","40","80","80"
"6505","5","3","18","8","3","305","5","Estoy diciendo la verdad","Estoy diciendo la verdad.","1","2","3","3","40","40","80","80"
"6506","7","3","18","8","3","313","13","Es el juego: 3","Es el juego 3","1","1","3","3","40","40","80","80"
"6507","8","3","18","8","3","305","5","F está diciendo la verdad","F está diciendo la verdad","1","2","3","3","40","40","80","80"
"6508","9","3","18","8","3","313","13","C está diciendo la verdad","C está diciendo la verdad","1","1","3","3","40","40","80","80"
"6509","11","3","18","8","3","305","5","Estoy diciendo la verdad","Estoy diciendo la verdad.","1","2","3","3","40","40","80","80"
"6510","12","3","18","8","3","305","5","Es el juego: 3","Es el juego 3","1","2","3","3","40","40","80","80"
"6511","15","3","18","8","3","305","5","Es el juego: 3","Es el juego 3","1","2","3","3","40","40","80","80"
"6512","34","3","18","8","3","305","5","F está diciendo la verdad","F está diciendo la verdad","1","2","3","3","40","40","80","80"
"6513","36","3","18","8","3","305","5","F está diciendo la verdad","F está diciendo la verdad","1","2","3","3","40","40","80","80"
"6514","37","3","18","8","3","305","5","F está diciendo la verdad","F está diciendo la verdad","1","2","3","3","40","40","80","80"
"6515","39","3","18","8","3","305","5","F está diciendo la verdad","F está diciendo la verdad","1","2","3","3","40","40","80","80"
"6516","5","3","18","9","3","303","3","Es el juego: 3","Es el juego 3","1","2","3","3","40","40","80","80"
"6517","9","3","18","9","3","316","16","Es el juego: 5","Es el juego 5","1","1","3","3","40","40","80","80"
"6518","12","3","18","9","3","316","16","Es el juego: 5","Es el juego 5","1","1","3","3","40","40","80","80"
"6519","13","3","18","9","3","316","16","Es el juego: 5","Es el juego 5","1","1","3","3","40","40","80","80"
"6520","14","3","18","9","3","303","3","Estoy diciendo la verdad","Estoy diciendo la verdad.","1","2","3","3","40","40","80","80"
"6521","17","3","18","9","3","316","16","C está mintiendo","C está mintiendo","1","1","3","3","40","40","80","80"
"6522","17","3","18","9","3","303","3","Es el juego: 3","Es el juego 3","1","2","3","3","40","40","80","80"
"6523","20","3","18","9","3","316","16","Es el juego: 5","Es el juego 5","1","1","3","3","40","40","80","80"
"6524","24","3","18","9","3","316","16","C está mintiendo","C está mintiendo","1","1","3","3","40","40","80","80"
"6525","36","3","18","9","3","303","3","Es el juego: 3","Es el juego 3","1","2","3","3","40","40","80","80"
"6526","38","3","18","9","3","303","3","Es el juego: 3","Es el juego 3","1","2","3","3","40","40","80","80"
"6527","39","3","18","9","3","303","3","Es el juego: 3","Es el juego 3","1","2","3","3","40","40","80","80"
"6528","39","3","18","9","3","316","16","Es el juego: 5","Es el juego 5","1","1","3","3","40","40","80","80"
"6529","41","3","18","9","3","316","16","Es el juego: 5","Es el juego 5","1","1","3","3","40","40","80","80"
"6530","42","3","18","9","3","303","3","Es el juego: 3","Es el juego 3","1","2","3","3","40","40","80","80"
"6531","43","3","18","9","3","316","16","Es el juego: 5","Es el juego 5","1","1","3","3","40","40","80","80"
"-999","0","3","1","9","1","303","3","","-999","0","2","5","5","38","10","48","64"
"-999","0","3","1","9","1","316","16","","-999","0","1","5","5","38","10","48","64"
"-999","0","3","1","9","1","324","24","","-999","0","0","5","5","38","10","48","64"
"-999","0","3","1","7","4","309","9","","-999","0","2","1","1","14","42","56","72"
"-999","0","3","1","3","3","307","7","","-999","0","2","3","4","26","15","41","80"
"-999","0","2","1","9","1","210","10","","-999","0","1","4","2","7","15","22","64"
"-999","0","2","1","5","3","205","5","","-999","0","2","1","1","18","46","64","80"
"-999","0","2","1","5","3","216","16","","-999","0","1","1","1","18","46","64","80"
"-999","0","2","1","3","3","202","2","","-999","0","2","3","3","40","40","80","80"
"-999","0","2","1","2","3","209","9","","-999","0","2","1","5","-38","-38","-76","80"
"-999","0","2","1","2","3","215","15","","-999","0","1","1","5","-38","-38","-76","80"
"-999","0","2","1","2","3","220","20","","-999","0","0","1","5","-38","-38","-76","80"
"-999","0","1","1","9","1","127","27","","-999","0","0","1","1","26","54","80","64"
"-999","0","1","1","8","3","105","5","","-999","0","2","3","3","40","40","80","80"
"-999","0","1","1","7","4","119","19","","-999","0","0","4","4","47","33","80","72"
"-999","0","1","1","5","3","106","6","","-999","0","2","5","3","18","12","30","80"
"-999","0","1","1","4","2","115","15","","-999","0","1","2","2","33","47","80","72"
"-999","0","1","1","3","3","114","14","","-999","0","1","1","1","18","46","64","80"
"1","8","1","1","1","4","124","24","¿En qué juego estamos?","¿En qué juego estamos?","0","0","4","4","47","33","80","72"
"2","16","1","1","1","4","117","17","Estoy diciendo la verdad","Estoy diciendo la verdad.","0","1","4","4","47","33","80","72"
"3","18","1","1","1","4","117","17","C está diciendo la verdad","C está diciendo la verdad","0","1","4","4","47","33","80","72"
"4","23","1","1","1","4","117","17","C está mintiendo","C está mintiendo","0","1","4","4","47","33","80","72"
"5","23","1","1","1","4","124","24","¿En qué juego estamos?","¿En qué juego estamos?","0","0","4","4","47","33","80","72"
"6","33","1","1","1","4","103","3","Estoy diciendo la verdad","Estoy diciendo la verdad.","0","2","4","4","47","33","80","72"
"7","40","1","1","1","4","117","17","C está diciendo la verdad","C está diciendo la verdad","0","1","4","4","47","33","80","72"
"8","15","1","1","2","3","123","23","¿En qué juego estamos?","¿En qué juego estamos?","0","0","3","4","26","15","41","80"
"9","28","1","1","2","3","116","16","Es el juego: 3","Es el juego 3","0","1","3","4","26","15","41","80"
"10","32","1","1","2","3","123","23","Por favor decidme la verdad","Por favor decidme la verdad","0","0","3","4","26","15","41","80"
"11","37","1","1","2","3","116","16","Estoy diciendo la verdad","Estoy diciendo la verdad.","0","1","3","4","26","15","41","80"
"12","44","1","1","2","3","102","2","F está diciendo la verdad","F está diciendo la verdad","0","2","3","4","26","15","41","80"
"13","12","1","1","3","3","121","21","¿En qué juego estamos?","¿En qué juego estamos?","0","0","1","1","18","46","64","80"
"14","29","1","1","3","3","107","7","Es el juego: 3","Es el juego 3","0","2","1","1","18","46","64","80"
"15","39","1","1","3","3","121","21","Por favor decidme la verdad","Por favor decidme la verdad","0","0","1","1","18","46","64","80"
"16","45","1","1","3","3","107","7","Estoy diciendo la verdad","Estoy diciendo la verdad.","0","2","1","1","18","46","64","80"
"17","7","1","1","4","2","120","20","¿En qué juego estamos?","¿En qué juego estamos?","0","0","2","2","33","47","80","72"
"18","20","1","1","4","2","120","20","Por favor decidme la verdad","Por favor decidme la verdad","0","0","2","2","33","47","80","72"
"19","31","1","1","4","2","101","1","Es el juego: 2","Es el juego 2","0","2","2","2","33","47","80","72"
"20","13","1","1","5","3","126","26","¿En qué juego estamos?","¿En qué juego estamos?","0","0","5","3","18","12","30","80"
"21","24","1","1","5","3","126","26","Por favor decidme la verdad","Por favor decidme la verdad","0","0","5","3","18","12","30","80"
"22","39","1","1","5","3","113","13","Es el juego: 3","Es el juego 3","0","1","5","3","18","12","30","80"
"23","10","1","1","6","2","125","25","¿En qué juego estamos?","¿En qué juego estamos?","0","0","3","3","36","36","72","72"
"24","23","1","1","6","2","108","8","Es el juego: 2","Es el juego 2","0","2","3","3","36","36","72","72"
"25","32","1","1","6","2","111","11","Es el juego: 2","Es el juego 2","0","1","3","3","36","36","72","72"
"26","16","1","1","7","4","104","4","Es el juego: 4","Es el juego 4","0","2","4","4","47","33","80","72"
"27","20","1","1","7","4","118","18","Es el juego: 4","Es el juego 4","0","1","4","4","47","33","80","72"
"28","28","1","1","7","4","118","18","C está diciendo la verdad","C está diciendo la verdad","0","1","4","4","47","33","80","72"
"29","30","1","1","7","4","104","4","F está diciendo la verdad","F está diciendo la verdad","0","2","4","4","47","33","80","72"
"30","10","1","1","8","3","122","22","¿En qué juego estamos?","¿En qué juego estamos?","0","0","3","3","40","40","80","80"
"31","16","1","1","8","3","122","22","Por favor decidme la verdad","Por favor decidme la verdad","0","0","3","3","40","40","80","80"
"32","19","1","1","8","3","122","22","Por favor decidme la verdad","Por favor decidme la verdad","0","0","3","3","40","40","80","80"
"33","21","1","1","8","3","110","10","Es el juego: 3","Es el juego 3","0","1","3","3","40","40","80","80"
"34","23","1","1","8","3","122","22","¿En qué juego estamos?","¿En qué juego estamos?","0","0","3","3","40","40","80","80"
"35","25","1","1","8","3","122","22","¿En qué juego estamos?","¿En qué juego estamos?","0","0","3","3","40","40","80","80"
"36","30","1","1","8","3","122","22","Por favor decidme la verdad","Por favor decidme la verdad","0","0","3","3","40","40","80","80"
"37","31","1","1","8","3","110","10","Es el juego: 3","Es el juego 3","0","1","3","3","40","40","80","80"
"38","32","1","1","8","3","122","22","Por favor decidme la verdad","Por favor decidme la verdad","0","0","3","3","40","40","80","80"
"39","33","1","1","8","3","122","22","Por favor decidme la verdad","Por favor decidme la verdad","0","0","3","3","40","40","80","80"
"40","35","1","1","8","3","110","10","Estoy diciendo la verdad","Estoy diciendo la verdad.","0","1","3","3","40","40","80","80"
"41","35","1","1","8","3","122","22","Por favor decidme la verdad","Por favor decidme la verdad","0","0","3","3","40","40","80","80"
"42","37","1","1","8","3","122","22","Por favor decidme la verdad","Por favor decidme la verdad","0","0","3","3","40","40","80","80"
"43","19","1","1","9","1","112","12","Es el juego: 1","Es el juego 1","0","1","1","1","26","54","80","64"
"44","27","1","1","9","1","109","9","F está diciendo la verdad","F está diciendo la verdad","0","2","1","1","26","54","80","64"
"45","44","1","1","9","1","112","12","Es el juego: 1","Es el juego 1","0","1","1","1","26","54","80","64"
"1921","19","2","1","1","4","213","13","Es el juego: 4","Es el juego 4","0","1","3","1","8","14","22","72"
"1922","20","2","1","1","4","221","21","¿En qué juego estamos?","¿En qué juego estamos?","0","0","3","1","8","14","22","72"
"1923","24","2","1","1","4","221","21","Por favor decidme la verdad","Por favor decidme la verdad","0","0","3","1","8","14","22","72"
"1924","26","2","1","1","4","203","3","F está diciendo la verdad","F está diciendo la verdad","0","2","3","1","8","14","22","72"
"1925","26","2","1","1","4","213","13","Estoy diciendo la verdad","Estoy diciendo la verdad.","0","1","3","1","8","14","22","72"
"1926","9","2","1","3","3","222","22","¿En qué juego estamos?","¿En qué juego estamos?","0","0","3","3","40","40","80","80"
"1927","17","2","1","3","3","222","22","¿En qué juego estamos?","¿En qué juego estamos?","0","0","3","3","40","40","80","80"
"1928","35","2","1","3","3","211","11","Es el juego: 3","Es el juego 3","0","1","3","3","40","40","80","80"
"1929","13","2","1","4","2","224","24","¿En qué juego estamos?","¿En qué juego estamos?","0","0","2","2","33","47","80","72"
"1930","30","2","1","4","2","201","1","Es el juego: 2","Es el juego 2","0","2","2","2","33","47","80","72"
"1931","34","2","1","4","2","201","1","Estoy diciendo la verdad","Estoy diciendo la verdad.","0","2","2","2","33","47","80","72"
"1932","36","2","1","4","2","218","18","Es el juego: 2","Es el juego 2","0","1","2","2","33","47","80","72"
"1933","7","2","1","5","3","225","25","¿En qué juego estamos?","¿En qué juego estamos?","0","0","1","1","18","46","64","80"
"1934","15","2","1","5","3","225","25","Por favor decidme la verdad","Por favor decidme la verdad","0","0","1","1","18","46","64","80"
"1935","28","2","1","5","3","225","25","¿En qué juego estamos?","¿En qué juego estamos?","0","0","1","1","18","46","64","80"
"1936","14","2","1","6","2","227","27","¿En qué juego estamos?","¿En qué juego estamos?","0","0","1","1","22","50","72","72"
"1937","28","2","1","6","2","212","12","Es el juego: 2","Es el juego 2","0","1","1","1","22","50","72","72"
"1938","33","2","1","6","2","212","12","Estoy diciendo la verdad","Estoy diciendo la verdad.","0","1","1","1","22","50","72","72"
"1939","35","2","1","6","2","207","7","Estoy diciendo la verdad","Estoy diciendo la verdad.","0","2","1","1","22","50","72","72"
"1940","7","2","1","7","4","226","26","¿En qué juego estamos?","¿En qué juego estamos?","0","0","4","4","47","33","80","72"
"1941","16","2","1","7","4","206","6","Es el juego: 4","Es el juego 4","0","2","4","4","47","33","80","72"
"1942","21","2","1","7","4","214","14","C está diciendo la verdad","C está diciendo la verdad","0","1","4","4","47","33","80","72"
"1943","9","2","1","8","3","219","19","¿En qué juego estamos?","¿En qué juego estamos?","0","0","3","3","40","40","80","80"
"1944","20","2","1","8","3","219","19","Por favor decidme la verdad","Por favor decidme la verdad","0","0","3","3","40","40","80","80"
"1945","41","2","1","8","3","208","8","Es el juego: 3","Es el juego 3","0","2","3","3","40","40","80","80"
"1946","41","2","1","8","3","219","19","¿En qué juego estamos?","¿En qué juego estamos?","0","0","3","3","40","40","80","80"
"1947","41","2","1","8","3","217","17","Es el juego: 1","Es el juego 1","0","1","3","3","40","40","80","80"
"1948","45","2","1","8","3","208","8","Estoy diciendo la verdad","Estoy diciendo la verdad.","0","2","3","3","40","40","80","80"
"1949","8","2","1","9","1","223","23","¿En qué juego estamos?","¿En qué juego estamos?","0","0","4","2","7","15","22","64"
"1950","14","2","1","9","1","223","23","Por favor decidme la verdad","Por favor decidme la verdad","0","0","4","2","7","15","22","64"
"1951","19","2","1","9","1","204","4","Es el juego: 1","Es el juego 1","0","2","4","2","7","15","22","64"
"1952","22","2","1","9","1","204","4","Estoy diciendo la verdad","Estoy diciendo la verdad.","0","2","4","2","7","15","22","64"
"1953","45","2","1","9","1","223","23","Por favor decidme la verdad","Por favor decidme la verdad","0","0","4","2","7","15","22","64"
"4161","17","3","1","1","4","321","21","¿En qué juego estamos?","¿En qué juego estamos?","0","0","3","3","36","36","72","72"
"4162","25","3","1","1","4","318","18","Es el juego: 4","Es el juego 4","0","1","3","3","36","36","72","72"
"4163","34","3","1","1","4","318","18","Estoy diciendo la verdad","Estoy diciendo la verdad.","0","1","3","3","36","36","72","72"
"4164","39","3","1","1","4","321","21","¿En qué juego estamos?","¿En qué juego estamos?","0","0","3","3","36","36","72","72"
"4165","44","3","1","1","4","302","2","F está diciendo la verdad","F está diciendo la verdad","0","2","3","3","36","36","72","72"
"4166","3","3","1","2","3","327","27","¿En qué juego estamos?","¿En qué juego estamos?","0","0","3","3","40","40","80","80"
"4167","6","3","1","2","3","327","27","Por favor decidme la verdad","Por favor decidme la verdad","0","0","3","3","40","40","80","80"
"4168","18","3","1","2","3","327","27","¿En qué juego estamos?","¿En qué juego estamos?","0","0","3","3","40","40","80","80"
"4169","21","3","1","2","3","301","1","Es el juego: 3","Es el juego 3","0","2","3","3","40","40","80","80"
"4170","28","3","1","2","3","327","27","Por favor decidme la verdad","Por favor decidme la verdad","0","0","3","3","40","40","80","80"
"4171","32","3","1","2","3","310","10","C está diciendo la verdad","C está diciendo la verdad","0","1","3","3","40","40","80","80"
"4172","32","3","1","2","3","301","1","Estoy diciendo la verdad","Estoy diciendo la verdad.","0","2","3","3","40","40","80","80"
"4173","16","3","1","3","3","319","19","¿En qué juego estamos?","¿En qué juego estamos?","0","0","3","4","26","15","41","80"
"4174","19","3","1","3","3","319","19","Por favor decidme la verdad","Por favor decidme la verdad","0","0","3","4","26","15","41","80"
"4175","35","3","1","3","3","312","12","Es el juego: 3","Es el juego 3","0","1","3","4","26","15","41","80"
"4176","6","3","1","4","2","325","25","¿En qué juego estamos?","¿En qué juego estamos?","0","0","1","1","22","50","72","72"
"4177","10","3","1","4","2","325","25","Por favor decidme la verdad","Por favor decidme la verdad","0","0","1","1","22","50","72","72"
"4178","19","3","1","4","2","314","14","Es el juego: 2","Es el juego 2","0","1","1","1","22","50","72","72"
"4179","25","3","1","4","2","306","6","Estoy diciendo la verdad","Estoy diciendo la verdad.","0","2","1","1","22","50","72","72"
"4180","31","3","1","4","2","306","6","Es el juego: 2","Es el juego 2","0","2","1","1","22","50","72","72"
"4181","35","3","1","4","2","306","6","F está diciendo la verdad","F está diciendo la verdad","0","2","1","1","22","50","72","72"
"4182","5","3","1","5","3","323","23","¿En qué juego estamos?","¿En qué juego estamos?","0","0","1","1","18","46","64","80"
"4183","11","3","1","5","3","315","15","Es el juego: 3","Es el juego 3","0","1","1","1","18","46","64","80"
"4184","18","3","1","5","3","315","15","Estoy diciendo la verdad","Estoy diciendo la verdad.","0","1","1","1","18","46","64","80"
"4185","22","3","1","5","3","315","15","Es el juego: 3","Es el juego 3","0","1","1","1","18","46","64","80"
"4186","23","3","1","5","3","304","4","F está diciendo la verdad","F está diciendo la verdad","0","2","1","1","18","46","64","80"
"4187","7","3","1","6","2","326","26","¿En qué juego estamos?","¿En qué juego estamos?","0","0","2","1","19","36","55","72"
"4188","22","3","1","6","2","326","26","¿En qué juego estamos?","¿En qué juego estamos?","0","0","2","1","19","36","55","72"
"4189","36","3","1","6","2","308","8","Es el juego: 2","Es el juego 2","0","2","2","1","19","36","55","72"
"4190","44","3","1","6","2","317","17","C está diciendo la verdad","C está diciendo la verdad","0","1","2","1","19","36","55","72"
"4191","9","3","1","7","4","322","22","¿En qué juego estamos?","¿En qué juego estamos?","0","0","1","1","14","42","56","72"
"4192","36","3","1","7","4","311","11","Estoy diciendo la verdad","Estoy diciendo la verdad.","0","1","1","1","14","42","56","72"
"4193","9","3","1","8","3","320","20","¿En qué juego estamos?","¿En qué juego estamos?","0","0","3","3","40","40","80","80"
"4194","13","3","1","8","3","305","5","Es el juego: 3","Es el juego 3","0","2","3","3","40","40","80","80"
"4195","22","3","1","8","3","313","13","C está diciendo la verdad","C está diciendo la verdad","0","1","3","3","40","40","80","80"
"4196","35","3","1","8","3","305","5","F está diciendo la verdad","F está diciendo la verdad","0","2","3","3","40","40","80","80"
"-999","0","3","2","9","4","316","16","","-999","0","1","3","3","36","36","72","72"
"-999","0","3","2","7","5","309","9","","-999","0","2","3","3","32","32","64","64"
"-999","0","3","2","2","1","310","10","","-999","0","1","1","1","26","54","80","64"
"-999","0","2","2","1","2","203","3","","-999","0","2","1","1","22","50","72","72"
"-999","0","2","2","1","2","213","13","","-999","0","1","1","1","22","50","72","72"
"-999","0","2","2","1","2","221","21","","-999","0","0","1","1","22","50","72","72"
"-999","0","1","2","6","2","111","11","","-999","0","1","4","4","39","25","64","72"
"-999","0","1","2","4","2","101","1","","-999","0","2","2","2","33","47","80","72"
"-999","0","1","2","4","2","115","15","","-999","0","1","2","2","33","47","80","72"
"46","6","1","2","1","2","124","24","¿En qué juego estamos?","¿En qué juego estamos?","0","0","2","3","19","22","41","72"
"47","17","1","2","1","2","117","17","C está diciendo la verdad","C está diciendo la verdad","0","1","2","3","19","22","41","72"
"48","25","1","2","1","2","103","3","Estoy diciendo la verdad","Estoy diciendo la verdad.","0","2","2","3","19","22","41","72"
"49","28","1","2","1","2","124","24","¿En qué juego estamos?","¿En qué juego estamos?","0","0","2","3","19","22","41","72"
"50","29","1","2","1","2","117","17","C está mintiendo","C está mintiendo","0","1","2","3","19","22","41","72"
"51","30","1","2","1","2","124","24","¿En qué juego estamos?","¿En qué juego estamos?","0","0","2","3","19","22","41","72"
"52","34","1","2","1","2","103","3","Estoy diciendo la verdad","Estoy diciendo la verdad.","0","2","2","3","19","22","41","72"
"53","37","1","2","1","2","117","17","C está mintiendo","C está mintiendo","0","1","2","3","19","22","41","72"
"54","44","1","2","1","2","117","17","C está mintiendo","C está mintiendo","0","1","2","3","19","22","41","72"
"55","4","1","2","2","1","123","23","¿En qué juego estamos?","¿En qué juego estamos?","0","0","4","3","21","18","39","64"
"56","5","1","2","2","1","123","23","Por favor decidme la verdad","Por favor decidme la verdad","0","0","4","3","21","18","39","64"
"57","7","1","2","2","1","116","16","Es el juego: 1","Es el juego 1","0","1","4","3","21","18","39","64"
"58","23","1","2","2","1","102","2","F está diciendo la verdad","F está diciendo la verdad","0","2","4","3","21","18","39","64"
"59","43","1","2","2","1","123","23","Por favor decidme la verdad","Por favor decidme la verdad","0","0","4","3","21","18","39","64"
"60","7","1","2","3","4","121","21","¿En qué juego estamos?","¿En qué juego estamos?","0","0","3","3","36","36","72","72"
"61","10","1","2","3","4","107","7","Es el juego: 4","Es el juego 4","0","2","3","3","36","36","72","72"
"62","16","1","2","3","4","121","21","Por favor decidme la verdad","Por favor decidme la verdad","0","0","3","3","36","36","72","72"
"63","17","1","2","3","4","114","14","Es el juego: 4","Es el juego 4","0","1","3","3","36","36","72","72"
"64","20","1","2","3","4","107","7","F está diciendo la verdad","F está diciendo la verdad","0","2","3","3","36","36","72","72"
"65","26","1","2","3","4","114","14","C está diciendo la verdad","C está diciendo la verdad","0","1","3","3","36","36","72","72"
"66","29","1","2","3","4","107","7","Estoy diciendo la verdad","Estoy diciendo la verdad.","0","2","3","3","36","36","72","72"
"67","3","1","2","4","2","120","20","¿En qué juego estamos?","¿En qué juego estamos?","0","0","2","2","33","47","80","72"
"68","27","1","2","4","2","120","20","Por favor decidme la verdad","Por favor decidme la verdad","0","0","2","2","33","47","80","72"
"69","7","1","2","5","5","126","26","¿En qué juego estamos?","¿En qué juego estamos?","0","0","4","3","29","18","47","64"
"70","14","1","2","5","5","106","6","Es el juego: 5","Es el juego 5","0","2","4","3","29","18","47","64"
"71","17","1","2","5","5","106","6","Estoy diciendo la verdad","Estoy diciendo la verdad.","0","2","4","3","29","18","47","64"
"72","19","1","2","5","5","113","13","C está diciendo la verdad","C está diciendo la verdad","0","1","4","3","29","18","47","64"
"73","5","1","2","6","2","125","25","¿En qué juego estamos?","¿En qué juego estamos?","0","0","4","4","39","25","64","72"
"74","21","1","2","6","2","108","8","Es el juego: 3","Es el juego 3","0","2","4","4","39","25","64","72"
"75","3","1","2","7","5","119","19","¿En qué juego estamos?","¿En qué juego estamos?","0","0","4","4","43","29","72","64"
"76","7","1","2","7","5","118","18","Es el juego: 5","Es el juego 5","0","1","4","4","43","29","72","64"
"77","22","1","2","7","5","118","18","Estoy diciendo la verdad","Estoy diciendo la verdad.","0","1","4","4","43","29","72","64"
"78","27","1","2","7","5","104","4","Es el juego: 5","Es el juego 5","0","2","4","4","43","29","72","64"
"79","30","1","2","7","5","104","4","F está diciendo la verdad","F está diciendo la verdad","0","2","4","4","43","29","72","64"
"80","33","1","2","7","5","118","18","C está diciendo la verdad","C está diciendo la verdad","0","1","4","4","43","29","72","64"
"81","44","1","2","7","5","104","4","Estoy diciendo la verdad","Estoy diciendo la verdad.","0","2","4","4","43","29","72","64"
"82","3","1","2","8","3","122","22","¿En qué juego estamos?","¿En qué juego estamos?","0","0","1","1","18","46","64","80"
"83","5","1","2","8","3","122","22","¿En qué juego estamos?","¿En qué juego estamos?","0","0","1","1","18","46","64","80"
"84","7","1","2","8","3","122","22","¿En qué juego estamos?","¿En qué juego estamos?","0","0","1","1","18","46","64","80"
"85","8","1","2","8","3","122","22","Por favor decidme la verdad","Por favor decidme la verdad","0","0","1","1","18","46","64","80"
"86","10","1","2","8","3","122","22","Por favor decidme la verdad","Por favor decidme la verdad","0","0","1","1","18","46","64","80"
"87","10","1","2","8","3","110","10","Es el juego: 3","Es el juego 3","0","1","1","1","18","46","64","80"
"88","12","1","2","8","3","122","22","Por favor decidme la verdad","Por favor decidme la verdad","0","0","1","1","18","46","64","80"
"89","13","1","2","8","3","105","5","Es el juego: 3","Es el juego 3","0","2","1","1","18","46","64","80"
"90","14","1","2","8","3","122","22","Por favor decidme la verdad","Por favor decidme la verdad","0","0","1","1","18","46","64","80"
"91","16","1","2","8","3","110","10","C está diciendo la verdad","C está diciendo la verdad","0","1","1","1","18","46","64","80"
"92","23","1","2","8","3","110","10","Estoy diciendo la verdad","Estoy diciendo la verdad.","0","1","1","1","18","46","64","80"
"93","27","1","2","8","3","122","22","Por favor decidme la verdad","Por favor decidme la verdad","0","0","1","1","18","46","64","80"
"94","31","1","2","8","3","105","5","F está diciendo la verdad","F está diciendo la verdad","0","2","1","1","18","46","64","80"
"95","34","1","2","8","3","110","10","C está diciendo la verdad","C está diciendo la verdad","0","1","1","1","18","46","64","80"
"96","3","1","2","9","4","127","27","¿En qué juego estamos?","¿En qué juego estamos?","0","0","3","3","36","36","72","72"
"97","13","1","2","9","4","127","27","¿En qué juego estamos?","¿En qué juego estamos?","0","0","3","3","36","36","72","72"
"98","16","1","2","9","4","112","12","Es el juego: 4","Es el juego 4","0","1","3","3","36","36","72","72"
"99","18","1","2","9","4","127","27","Por favor decidme la verdad","Por favor decidme la verdad","0","0","3","3","36","36","72","72"
"100","20","1","2","9","4","112","12","Estoy diciendo la verdad","Estoy diciendo la verdad.","0","1","3","3","36","36","72","72"
"101","24","1","2","9","4","109","9","F está diciendo la verdad","F está diciendo la verdad","0","2","3","3","36","36","72","72"
"1954","8","2","2","2","1","209","9","Es el juego: 1","Es el juego 1","0","2","1","1","26","54","80","64"
"1955","15","2","2","2","1","215","15","Estoy diciendo la verdad","Estoy diciendo la verdad.","0","1","1","1","26","54","80","64"
"1956","25","2","2","2","1","220","20","¿En qué juego estamos?","¿En qué juego estamos?","0","0","1","1","26","54","80","64"
"1957","28","2","2","2","1","215","15","Es el juego: 1","Es el juego 1","0","1","1","1","26","54","80","64"
"1958","35","2","2","2","1","209","9","F está diciendo la verdad","F está diciendo la verdad","0","2","1","1","26","54","80","64"
"1959","4","2","2","3","4","222","22","¿En qué juego estamos?","¿En qué juego estamos?","0","0","4","4","47","33","80","72"
"1960","16","2","2","3","4","222","22","¿En qué juego estamos?","¿En qué juego estamos?","0","0","4","4","47","33","80","72"
"1961","18","2","2","3","4","202","2","Es el juego: 4","Es el juego 4","0","2","4","4","47","33","80","72"
"1962","22","2","2","3","4","211","11","C está diciendo la verdad","C está diciendo la verdad","0","1","4","4","47","33","80","72"
"1963","31","2","2","3","4","202","2","Es el juego: 4","Es el juego 4","0","2","4","4","47","33","80","72"
"1964","35","2","2","3","4","202","2","Es el juego: 4","Es el juego 4","0","2","4","4","47","33","80","72"
"1965","37","2","2","3","4","222","22","Por favor decidme la verdad","Por favor decidme la verdad","0","0","4","4","47","33","80","72"
"1966","39","2","2","3","4","202","2","Es el juego: 4","Es el juego 4","0","2","4","4","47","33","80","72"
"1967","41","2","2","3","4","211","11","C está diciendo la verdad","C está diciendo la verdad","0","1","4","4","47","33","80","72"
"1968","42","2","2","3","4","202","2","Estoy diciendo la verdad","Estoy diciendo la verdad.","0","2","4","4","47","33","80","72"
"1969","8","2","2","4","2","224","24","¿En qué juego estamos?","¿En qué juego estamos?","0","0","2","3","19","22","41","72"
"1970","11","2","2","4","2","201","1","Es el juego: 2","Es el juego 2","0","2","2","3","19","22","41","72"
"1971","12","2","2","4","2","218","18","Es el juego: 2","Es el juego 2","0","1","2","3","19","22","41","72"
"1972","14","2","2","4","2","201","1","Estoy diciendo la verdad","Estoy diciendo la verdad.","0","2","2","3","19","22","41","72"
"1973","22","2","2","4","2","218","18","Estoy diciendo la verdad","Estoy diciendo la verdad.","0","1","2","3","19","22","41","72"
"1974","3","2","2","5","5","225","25","¿En qué juego estamos?","¿En qué juego estamos?","0","0","3","3","32","32","64","64"
"1975","10","2","2","5","5","205","5","Es el juego: 5","Es el juego 5","0","2","3","3","32","32","64","64"
"1976","10","2","2","5","5","225","25","Por favor decidme la verdad","Por favor decidme la verdad","0","0","3","3","32","32","64","64"
"1977","11","2","2","5","5","216","16","Es el juego: 5","Es el juego 5","0","1","3","3","32","32","64","64"
"1978","14","2","2","5","5","205","5","Estoy diciendo la verdad","Estoy diciendo la verdad.","0","2","3","3","32","32","64","64"
"1979","17","2","2","5","5","225","25","Por favor decidme la verdad","Por favor decidme la verdad","0","0","3","3","32","32","64","64"
"1980","19","2","2","5","5","205","5","F está diciendo la verdad","F está diciendo la verdad","0","2","3","3","32","32","64","64"
"1981","21","2","2","5","5","205","5","Es el juego: 5","Es el juego 5","0","2","3","3","32","32","64","64"
"1982","27","2","2","5","5","216","16","C está diciendo la verdad","C está diciendo la verdad","0","1","3","3","32","32","64","64"
"1983","7","2","2","6","2","212","12","Es el juego: 5","Es el juego 5","0","1","1","1","22","50","72","72"
"1984","9","2","2","6","2","212","12","Estoy diciendo la verdad","Estoy diciendo la verdad.","0","1","1","1","22","50","72","72"
"1985","16","2","2","6","2","207","7","Es el juego: 2","Es el juego 2","0","2","1","1","22","50","72","72"
"1986","20","2","2","6","2","212","12","C está mintiendo","C está mintiendo","0","1","1","1","22","50","72","72"
"1987","22","2","2","6","2","207","7","F está mintiendo","F está mintiendo","0","2","1","1","22","50","72","72"
"1988","24","2","2","6","2","227","27","Por favor decidme la verdad","Por favor decidme la verdad","0","0","1","1","22","50","72","72"
"1989","25","2","2","6","2","212","12","C está mintiendo","C está mintiendo","0","1","1","1","22","50","72","72"
"1990","27","2","2","6","2","207","7","Estoy diciendo la verdad","Estoy diciendo la verdad.","0","2","1","1","22","50","72","72"
"1991","27","2","2","6","2","212","12","Es el juego: 5","Es el juego 5","0","1","1","1","22","50","72","72"
"1992","29","2","2","6","2","212","12","Estoy diciendo la verdad","Estoy diciendo la verdad.","0","1","1","1","22","50","72","72"
"1993","44","2","2","6","2","207","7","Es el juego: 2","Es el juego 2","0","2","1","1","22","50","72","72"
"1994","46","2","2","6","2","212","12","C está mintiendo","C está mintiendo","0","1","1","1","22","50","72","72"
"1995","3","2","2","7","5","226","26","¿En qué juego estamos?","¿En qué juego estamos?","0","0","4","4","43","29","72","64"
"1996","21","2","2","7","5","206","6","Es el juego: 3","Es el juego 3","0","2","4","4","43","29","72","64"
"1997","39","2","2","7","5","214","14","C está diciendo la verdad","C está diciendo la verdad","0","1","4","4","43","29","72","64"
"1998","3","2","2","8","3","219","19","¿En qué juego estamos?","¿En qué juego estamos?","0","0","3","3","40","40","80","80"
"1999","18","2","2","8","3","217","17","Es el juego: 4","Es el juego 4","0","1","3","3","40","40","80","80"
"2000","22","2","2","8","3","217","17","Estoy diciendo la verdad","Estoy diciendo la verdad.","0","1","3","3","40","40","80","80"
"2001","25","2","2","8","3","208","8","F está mintiendo","F está mintiendo","0","2","3","3","40","40","80","80"
"2002","30","2","2","8","3","219","19","Por favor decidme la verdad","Por favor decidme la verdad","0","0","3","3","40","40","80","80"
"2003","32","2","2","8","3","217","17","Estoy diciendo la verdad","Estoy diciendo la verdad.","0","1","3","3","40","40","80","80"
"2004","36","2","2","8","3","217","17","Es el juego: 4","Es el juego 4","0","1","3","3","40","40","80","80"
"2005","42","2","2","8","3","208","8","Es el juego: 1","Es el juego 1","0","2","3","3","40","40","80","80"
"2006","44","2","2","8","3","208","8","Estoy diciendo la verdad","Estoy diciendo la verdad.","0","2","3","3","40","40","80","80"
"2007","4","2","2","9","4","223","23","¿En qué juego estamos?","¿En qué juego estamos?","0","0","4","4","47","33","80","72"
"2008","6","2","2","9","4","210","10","Es el juego: 4","Es el juego 4","0","1","4","4","47","33","80","72"
"2009","6","2","2","9","4","223","23","Por favor decidme la verdad","Por favor decidme la verdad","0","0","4","4","47","33","80","72"
"2010","9","2","2","9","4","223","23","Por favor decidme la verdad","Por favor decidme la verdad","0","0","4","4","47","33","80","72"
"2011","12","2","2","9","4","210","10","Estoy diciendo la verdad","Estoy diciendo la verdad.","0","1","4","4","47","33","80","72"
"2012","19","2","2","9","4","210","10","Es el juego: 4","Es el juego 4","0","1","4","4","47","33","80","72"
"2013","20","2","2","9","4","204","4","Es el juego: 4","Es el juego 4","0","2","4","4","47","33","80","72"
"2014","23","2","2","9","4","204","4","Estoy diciendo la verdad","Estoy diciendo la verdad.","0","2","4","4","47","33","80","72"
"2015","23","2","2","9","4","210","10","C está diciendo la verdad","C está diciendo la verdad","0","1","4","4","47","33","80","72"
"4197","3","3","2","1","2","321","21","¿En qué juego estamos?","¿En qué juego estamos?","0","0","2","2","33","47","80","72"
"4198","20","3","2","1","2","321","21","¿En qué juego estamos?","¿En qué juego estamos?","0","0","2","2","33","47","80","72"
"4199","28","3","2","1","2","302","2","Es el juego: 2","Es el juego 2","0","2","2","2","33","47","80","72"
"4200","30","3","2","1","2","318","18","Es el juego: 2","Es el juego 2","0","1","2","2","33","47","80","72"
"4201","37","3","2","1","2","321","21","Por favor decidme la verdad","Por favor decidme la verdad","0","0","2","2","33","47","80","72"
"4202","40","3","2","1","2","321","21","¿En qué juego estamos?","¿En qué juego estamos?","0","0","2","2","33","47","80","72"
"4203","43","3","2","1","2","318","18","Es el juego: 2","Es el juego 2","0","1","2","2","33","47","80","72"
"4204","45","3","2","1","2","302","2","F está diciendo la verdad","F está diciendo la verdad","0","2","2","2","33","47","80","72"
"4205","2","3","2","2","1","327","27","¿En qué juego estamos?","¿En qué juego estamos?","0","0","1","1","26","54","80","64"
"4206","21","3","2","2","1","327","27","Por favor decidme la verdad","Por favor decidme la verdad","0","0","1","1","26","54","80","64"
"4207","26","3","2","2","1","327","27","¿En qué juego estamos?","¿En qué juego estamos?","0","0","1","1","26","54","80","64"
"4208","30","3","2","2","1","301","1","Es el juego: 1","Es el juego 1","0","2","1","1","26","54","80","64"
"4209","36","3","2","2","1","327","27","Por favor decidme la verdad","Por favor decidme la verdad","0","0","1","1","26","54","80","64"
"4210","40","3","2","2","1","301","1","Estoy diciendo la verdad","Estoy diciendo la verdad.","0","2","1","1","26","54","80","64"
"4211","4","3","2","3","4","319","19","¿En qué juego estamos?","¿En qué juego estamos?","0","0","5","5","50","22","72","72"
"4212","7","3","2","3","4","319","19","Por favor decidme la verdad","Por favor decidme la verdad","0","0","5","5","50","22","72","72"
"4213","23","3","2","3","4","312","12","Es el juego: 2","Es el juego 2","0","1","5","5","50","22","72","72"
"4214","24","3","2","3","4","307","7","Es el juego: 4","Es el juego 4","0","2","5","5","50","22","72","72"
"4215","27","3","2","3","4","307","7","Estoy diciendo la verdad","Estoy diciendo la verdad.","0","2","5","5","50","22","72","72"
"4216","27","3","2","3","4","312","12","Estoy diciendo la verdad","Estoy diciendo la verdad.","0","1","5","5","50","22","72","72"
"4217","30","3","2","3","4","319","19","Por favor decidme la verdad","Por favor decidme la verdad","0","0","5","5","50","22","72","72"
"4218","36","3","2","3","4","307","7","F está mintiendo","F está mintiendo","0","2","5","5","50","22","72","72"
"4219","40","3","2","3","4","312","12","Es el juego: 4","Es el juego 4","0","1","5","5","50","22","72","72"
"4220","45","3","2","3","4","319","19","Por favor decidme la verdad","Por favor decidme la verdad","0","0","5","5","50","22","72","72"
"4221","3","3","2","4","2","325","25","¿En qué juego estamos?","¿En qué juego estamos?","0","0","2","2","33","47","80","72"
"4222","5","3","2","4","2","325","25","Por favor decidme la verdad","Por favor decidme la verdad","0","0","2","2","33","47","80","72"
"4223","9","3","2","4","2","306","6","Es el juego: 2","Es el juego 2","0","2","2","2","33","47","80","72"
"4224","9","3","2","4","2","314","14","Es el juego: 2","Es el juego 2","0","1","2","2","33","47","80","72"
"4225","12","3","2","4","2","306","6","Estoy diciendo la verdad","Estoy diciendo la verdad.","0","2","2","2","33","47","80","72"
"4226","12","3","2","4","2","314","14","C está diciendo la verdad","C está diciendo la verdad","0","1","2","2","33","47","80","72"
"4227","14","3","2","4","2","306","6","F está diciendo la verdad","F está diciendo la verdad","0","2","2","2","33","47","80","72"
"4228","27","3","2","4","2","306","6","F está diciendo la verdad","F está diciendo la verdad","0","2","2","2","33","47","80","72"
"4229","41","3","2","4","2","306","6","Es el juego: 2","Es el juego 2","0","2","2","2","33","47","80","72"
"4230","43","3","2","4","2","325","25","Por favor decidme la verdad","Por favor decidme la verdad","0","0","2","2","33","47","80","72"
"4231","46","3","2","4","2","325","25","Por favor decidme la verdad","Por favor decidme la verdad","0","0","2","2","33","47","80","72"
"4232","3","3","2","5","5","323","23","¿En qué juego estamos?","¿En qué juego estamos?","0","0","5","5","54","26","80","64"
"4233","16","3","2","5","5","323","23","¿En qué juego estamos?","¿En qué juego estamos?","0","0","5","5","54","26","80","64"
"4234","19","3","2","5","5","315","15","Es el juego: 5","Es el juego 5","0","1","5","5","54","26","80","64"
"4235","23","3","2","5","5","315","15","Estoy diciendo la verdad","Estoy diciendo la verdad.","0","1","5","5","54","26","80","64"
"4236","29","3","2","5","5","304","4","F está diciendo la verdad","F está diciendo la verdad","0","2","5","5","54","26","80","64"
"4237","6","3","2","6","2","326","26","¿En qué juego estamos?","¿En qué juego estamos?","0","0","2","2","33","47","80","72"
"4238","17","3","2","6","2","308","8","Es el juego: 2","Es el juego 2","0","2","2","2","33","47","80","72"
"4239","29","3","2","6","2","326","26","Por favor decidme la verdad","Por favor decidme la verdad","0","0","2","2","33","47","80","72"
"4240","31","3","2","6","2","308","8","Estoy diciendo la verdad","Estoy diciendo la verdad.","0","2","2","2","33","47","80","72"
"4241","32","3","2","6","2","317","17","Es el juego: 2","Es el juego 2","0","1","2","2","33","47","80","72"
"4242","2","3","2","7","5","322","22","¿En qué juego estamos?","¿En qué juego estamos?","0","0","3","3","32","32","64","64"
"4243","20","3","2","7","5","322","22","¿En qué juego estamos?","¿En qué juego estamos?","0","0","3","3","32","32","64","64"
"4244","46","3","2","7","5","311","11","Es el juego: 5","Es el juego 5","0","1","3","3","32","32","64","64"
"4245","5","3","2","8","3","320","20","¿En qué juego estamos?","¿En qué juego estamos?","0","0","3","3","40","40","80","80"
"4246","19","3","2","8","3","305","5","Es el juego: 3","Es el juego 3","0","2","3","3","40","40","80","80"
"4247","26","3","2","8","3","313","13","C está diciendo la verdad","C está diciendo la verdad","0","1","3","3","40","40","80","80"
"4248","31","3","2","8","3","313","13","Estoy diciendo la verdad","Estoy diciendo la verdad.","0","1","3","3","40","40","80","80"
"4249","6","3","2","9","4","324","24","¿En qué juego estamos?","¿En qué juego estamos?","0","0","3","3","36","36","72","72"
"4250","29","3","2","9","4","303","3","F está mintiendo","F está mintiendo","0","2","3","3","36","36","72","72"
"4251","36","3","2","9","4","303","3","Es el juego: 4","Es el juego 4","0","2","3","3","36","36","72","72"
"-999","0","3","3","1","5","318","18","","-999","0","1","2","2","21","35","56","64"
"-999","0","2","3","1","5","221","21","","-999","0","0","1","1","10","38","48","64"
"102","4","1","3","1","5","124","24","¿En qué juego estamos?","¿En qué juego estamos?","0","0","2","2","21","35","56","64"
"103","4","1","3","1","5","103","3","Estoy diciendo la verdad","Estoy diciendo la verdad.","0","2","2","2","21","35","56","64"
"104","7","1","3","1","5","103","3","Es el juego: 5","Es el juego 5","0","2","2","2","21","35","56","64"
"105","8","1","3","1","5","117","17","C está diciendo la verdad","C está diciendo la verdad","0","1","2","2","21","35","56","64"
"106","19","1","3","1","5","124","24","Por favor decidme la verdad","Por favor decidme la verdad","0","0","2","2","21","35","56","64"
"107","22","1","3","1","5","103","3","Es el juego: 5","Es el juego 5","0","2","2","2","21","35","56","64"
"108","26","1","3","1","5","103","3","Estoy diciendo la verdad","Estoy diciendo la verdad.","0","2","2","2","21","35","56","64"
"109","30","1","3","1","5","117","17","C está mintiendo","C está mintiendo","0","1","2","2","21","35","56","64"
"110","32","1","3","1","5","117","17","Es el juego: 4","Es el juego 4","0","1","2","2","21","35","56","64"
"111","36","1","3","1","5","103","3","Es el juego: 5","Es el juego 5","0","2","2","2","21","35","56","64"
"112","44","1","3","1","5","117","17","Es el juego: 4","Es el juego 4","0","1","2","2","21","35","56","64"
"113","2","1","3","2","5","123","23","¿En qué juego estamos?","¿En qué juego estamos?","0","0","3","3","32","32","64","64"
"114","7","1","3","2","5","123","23","Por favor decidme la verdad","Por favor decidme la verdad","0","0","3","3","32","32","64","64"
"115","10","1","3","2","5","116","16","Es el juego: 5","Es el juego 5","0","1","3","3","32","32","64","64"
"116","20","1","3","2","5","102","2","F está mintiendo","F está mintiendo","0","2","3","3","32","32","64","64"
"117","31","1","3","2","5","116","16","Estoy diciendo la verdad","Estoy diciendo la verdad.","0","1","3","3","32","32","64","64"
"118","35","1","3","2","5","102","2","Es el juego: 2","Es el juego 2","0","2","3","3","32","32","64","64"
"119","5","1","3","3","1","107","7","Es el juego: 1","Es el juego 1","0","2","1","1","26","54","80","64"
"120","9","1","3","3","1","121","21","Por favor decidme la verdad","Por favor decidme la verdad","0","0","1","1","26","54","80","64"
"121","12","1","3","3","1","107","7","Estoy diciendo la verdad","Estoy diciendo la verdad.","0","2","1","1","26","54","80","64"
"122","17","1","3","3","1","114","14","Es el juego: 1","Es el juego 1","0","1","1","1","26","54","80","64"
"123","20","1","3","3","1","114","14","C está diciendo la verdad","C está diciendo la verdad","0","1","1","1","26","54","80","64"
"124","33","1","3","3","1","107","7","F está diciendo la verdad","F está diciendo la verdad","0","2","1","1","26","54","80","64"
"125","3","1","3","4","4","120","20","¿En qué juego estamos?","¿En qué juego estamos?","0","0","4","4","47","33","80","72"
"126","16","1","3","4","4","101","1","Es el juego: 4","Es el juego 4","0","2","4","4","47","33","80","72"
"127","35","1","3","4","4","115","15","C está mintiendo","C está mintiendo","0","1","4","4","47","33","80","72"
"128","38","1","3","4","4","101","1","Estoy diciendo la verdad","Estoy diciendo la verdad.","0","2","4","4","47","33","80","72"
"129","39","1","3","4","4","115","15","C está mintiendo","C está mintiendo","0","1","4","4","47","33","80","72"
"130","42","1","3","4","4","115","15","C está mintiendo","C está mintiendo","0","1","4","4","47","33","80","72"
"131","43","1","3","4","4","101","1","Estoy diciendo la verdad","Estoy diciendo la verdad.","0","2","4","4","47","33","80","72"
"132","44","1","3","4","4","120","20","¿En qué juego estamos?","¿En qué juego estamos?","0","0","4","4","47","33","80","72"
"133","46","1","3","4","4","101","1","Es el juego: 4","Es el juego 4","0","2","4","4","47","33","80","72"
"134","4","1","3","5","1","126","26","¿En qué juego estamos?","¿En qué juego estamos?","0","0","5","5","38","10","48","64"
"135","6","1","3","5","1","106","6","Es el juego: 1","Es el juego 1","0","2","5","5","38","10","48","64"
"136","11","1","3","5","1","113","13","Es el juego: 2","Es el juego 2","0","1","5","5","38","10","48","64"
"137","13","1","3","5","1","126","26","Por favor decidme la verdad","Por favor decidme la verdad","0","0","5","5","38","10","48","64"
"138","16","1","3","5","1","113","13","Estoy diciendo la verdad","Estoy diciendo la verdad.","0","1","5","5","38","10","48","64"
"139","36","1","3","5","1","106","6","Estoy diciendo la verdad","Estoy diciendo la verdad.","0","2","5","5","38","10","48","64"
"140","39","1","3","5","1","106","6","Es el juego: 1","Es el juego 1","0","2","5","5","38","10","48","64"
"141","42","1","3","5","1","106","6","Es el juego: 1","Es el juego 1","0","2","5","5","38","10","48","64"
"142","45","1","3","5","1","106","6","F está mintiendo","F está mintiendo","0","2","5","5","38","10","48","64"
"143","46","1","3","5","1","113","13","C está mintiendo","C está mintiendo","0","1","5","5","38","10","48","64"
"144","5","1","3","6","3","125","25","Por favor decidme la verdad","Por favor decidme la verdad","0","0","4","4","43","29","72","80"
"145","8","1","3","6","3","125","25","¿En qué juego estamos?","¿En qué juego estamos?","0","0","4","4","43","29","72","80"
"146","24","1","3","6","3","111","11","Es el juego: 3","Es el juego 3","0","1","4","4","43","29","72","80"
"147","24","1","3","6","3","108","8","Es el juego: 2","Es el juego 2","0","2","4","4","43","29","72","80"
"148","28","1","3","6","3","108","8","F está mintiendo","F está mintiendo","0","2","4","4","43","29","72","80"
"149","28","1","3","6","3","111","11","C está mintiendo","C está mintiendo","0","1","4","4","43","29","72","80"
"150","30","1","3","6","3","111","11","C está mintiendo","C está mintiendo","0","1","4","4","43","29","72","80"
"151","33","1","3","6","3","108","8","Estoy diciendo la verdad","Estoy diciendo la verdad.","0","2","4","4","43","29","72","80"
"152","33","1","3","6","3","111","11","C está mintiendo","C está mintiendo","0","1","4","4","43","29","72","80"
"153","35","1","3","6","3","111","11","C está mintiendo","C está mintiendo","0","1","4","4","43","29","72","80"
"154","37","1","3","6","3","111","11","C está mintiendo","C está mintiendo","0","1","4","4","43","29","72","80"
"155","39","1","3","6","3","111","11","C está mintiendo","C está mintiendo","0","1","4","4","43","29","72","80"
"156","42","1","3","6","3","108","8","F está mintiendo","F está mintiendo","0","2","4","4","43","29","72","80"
"157","43","1","3","6","3","111","11","Estoy diciendo la verdad","Estoy diciendo la verdad.","0","1","4","4","43","29","72","80"
"158","44","1","3","6","3","111","11","Estoy diciendo la verdad","Estoy diciendo la verdad.","0","1","4","4","43","29","72","80"
"159","46","1","3","6","3","108","8","F está mintiendo","F está mintiendo","0","2","4","4","43","29","72","80"
"160","46","1","3","6","3","111","11","Estoy diciendo la verdad","Estoy diciendo la verdad.","0","1","4","4","43","29","72","80"
"161","4","1","3","7","2","119","19","¿En qué juego estamos?","¿En qué juego estamos?","0","0","2","2","33","47","80","72"
"162","6","1","3","7","2","104","4","Es el juego: 2","Es el juego 2","0","2","2","2","33","47","80","72"
"163","8","1","3","7","2","104","4","Estoy diciendo la verdad","Estoy diciendo la verdad.","0","2","2","2","33","47","80","72"
"164","9","1","3","7","2","118","18","Es el juego: 2","Es el juego 2","0","1","2","2","33","47","80","72"
"165","12","1","3","7","2","118","18","C está diciendo la verdad","C está diciendo la verdad","0","1","2","2","33","47","80","72"
"166","14","1","3","7","2","104","4","F está diciendo la verdad","F está diciendo la verdad","0","2","2","2","33","47","80","72"
"167","1","1","3","8","5","122","22","¿En qué juego estamos?","¿En qué juego estamos?","0","0","5","5","54","26","80","64"
"168","3","1","3","8","5","122","22","¿En qué juego estamos?","¿En qué juego estamos?","0","0","5","5","54","26","80","64"
"169","5","1","3","8","5","122","22","¿En qué juego estamos?","¿En qué juego estamos?","0","0","5","5","54","26","80","64"
"170","7","1","3","8","5","122","22","¿En qué juego estamos?","¿En qué juego estamos?","0","0","5","5","54","26","80","64"
"171","7","1","3","8","5","105","5","Es el juego: 5","Es el juego 5","0","2","5","5","54","26","80","64"
"172","12","1","3","8","5","122","22","Por favor decidme la verdad","Por favor decidme la verdad","0","0","5","5","54","26","80","64"
"173","13","1","3","8","5","110","10","C está diciendo la verdad","C está diciendo la verdad","0","1","5","5","54","26","80","64"
"174","14","1","3","8","5","122","22","Por favor decidme la verdad","Por favor decidme la verdad","0","0","5","5","54","26","80","64"
"175","15","1","3","8","5","122","22","Por favor decidme la verdad","Por favor decidme la verdad","0","0","5","5","54","26","80","64"
"176","18","1","3","8","5","110","10","Es el juego: 5","Es el juego 5","0","1","5","5","54","26","80","64"
"177","21","1","3","8","5","110","10","Estoy diciendo la verdad","Estoy diciendo la verdad.","0","1","5","5","54","26","80","64"
"178","25","1","3","8","5","105","5","F está diciendo la verdad","F está diciendo la verdad","0","2","5","5","54","26","80","64"
"179","28","1","3","8","5","110","10","C está diciendo la verdad","C está diciendo la verdad","0","1","5","5","54","26","80","64"
"180","2","1","3","9","4","127","27","¿En qué juego estamos?","¿En qué juego estamos?","0","0","4","4","47","33","80","72"
"181","8","1","3","9","4","127","27","¿En qué juego estamos?","¿En qué juego estamos?","0","0","4","4","47","33","80","72"
"182","15","1","3","9","4","109","9","Es el juego: 4","Es el juego 4","0","2","4","4","47","33","80","72"
"183","16","1","3","9","4","127","27","Por favor decidme la verdad","Por favor decidme la verdad","0","0","4","4","47","33","80","72"
"184","19","1","3","9","4","109","9","Estoy diciendo la verdad","Estoy diciendo la verdad.","0","2","4","4","47","33","80","72"
"185","25","1","3","9","4","112","12","C está diciendo la verdad","C está diciendo la verdad","0","1","4","4","47","33","80","72"
"186","45","1","3","9","4","109","9","F está diciendo la verdad","F está diciendo la verdad","0","2","4","4","47","33","80","72"
"2016","14","2","3","1","5","213","13","Es el juego: 5","Es el juego 5","0","1","1","1","10","38","48","64"
"2017","41","2","3","1","5","203","3","F está diciendo la verdad","F está diciendo la verdad","0","2","1","1","10","38","48","64"
"2018","7","2","3","2","5","209","9","Es el juego: 5","Es el juego 5","0","2","1","1","10","38","48","64"
"2019","12","2","3","2","5","220","20","¿En qué juego estamos?","¿En qué juego estamos?","0","0","1","1","10","38","48","64"
"2020","20","2","3","2","5","209","9","Es el juego: 5","Es el juego 5","0","2","1","1","10","38","48","64"
"2021","21","2","3","2","5","215","15","Es el juego: 4","Es el juego 4","0","1","1","1","10","38","48","64"
"2022","22","2","3","2","5","220","20","Por favor decidme la verdad","Por favor decidme la verdad","0","0","1","1","10","38","48","64"
"2023","25","2","3","2","5","209","9","Estoy diciendo la verdad","Estoy diciendo la verdad.","0","2","1","1","10","38","48","64"
"2024","25","2","3","2","5","215","15","C está mintiendo","C está mintiendo","0","1","1","1","10","38","48","64"
"2025","29","2","3","2","5","209","9","F está mintiendo","F está mintiendo","0","2","1","1","10","38","48","64"
"2026","31","2","3","2","5","209","9","F está mintiendo","F está mintiendo","0","2","1","1","10","38","48","64"
"2027","33","2","3","2","5","215","15","C está mintiendo","C está mintiendo","0","1","1","1","10","38","48","64"
"2028","36","2","3","2","5","209","9","Es el juego: 5","Es el juego 5","0","2","1","1","10","38","48","64"
"2029","3","2","3","3","1","222","22","¿En qué juego estamos?","¿En qué juego estamos?","0","0","1","1","26","54","80","64"
"2030","8","2","3","3","1","202","2","Es el juego: 1","Es el juego 1","0","2","1","1","26","54","80","64"
"2031","14","2","3","3","1","222","22","Por favor decidme la verdad","Por favor decidme la verdad","0","0","1","1","26","54","80","64"
"2032","28","2","3","3","1","202","2","Es el juego: 1","Es el juego 1","0","2","1","1","26","54","80","64"
"2033","30","2","3","3","1","211","11","C está diciendo la verdad","C está diciendo la verdad","0","1","1","1","26","54","80","64"
"2034","31","2","3","3","1","202","2","Estoy diciendo la verdad","Estoy diciendo la verdad.","0","2","1","1","26","54","80","64"
"2035","7","2","3","4","4","218","18","Es el juego: 4","Es el juego 4","0","1","3","3","36","36","72","72"
"2036","11","2","3","4","4","224","24","Por favor decidme la verdad","Por favor decidme la verdad","0","0","3","3","36","36","72","72"
"2037","14","2","3","4","4","218","18","Estoy diciendo la verdad","Estoy diciendo la verdad.","0","1","3","3","36","36","72","72"
"2038","25","2","3","4","4","201","1","Es el juego: 4","Es el juego 4","0","2","3","3","36","36","72","72"
"2039","30","2","3","4","4","201","1","Estoy diciendo la verdad","Estoy diciendo la verdad.","0","2","3","3","36","36","72","72"
"2040","35","2","3","4","4","201","1","F está diciendo la verdad","F está diciendo la verdad","0","2","3","3","36","36","72","72"
"2041","44","2","3","4","4","218","18","C está diciendo la verdad","C está diciendo la verdad","0","1","3","3","36","36","72","72"
"2042","2","2","3","5","1","225","25","¿En qué juego estamos?","¿En qué juego estamos?","0","0","1","1","26","54","80","64"
"2043","6","2","3","5","1","205","5","Es el juego: 1","Es el juego 1","0","2","1","1","26","54","80","64"
"2044","9","2","3","5","1","205","5","Estoy diciendo la verdad","Estoy diciendo la verdad.","0","2","1","1","26","54","80","64"
"2045","15","2","3","5","1","225","25","Por favor decidme la verdad","Por favor decidme la verdad","0","0","1","1","26","54","80","64"
"2046","18","2","3","5","1","205","5","Es el juego: 1","Es el juego 1","0","2","1","1","26","54","80","64"
"2047","19","2","3","5","1","216","16","Es el juego: 1","Es el juego 1","0","1","1","1","26","54","80","64"
"2048","21","2","3","5","1","205","5","Estoy diciendo la verdad","Estoy diciendo la verdad.","0","2","1","1","26","54","80","64"
"2049","22","2","3","5","1","205","5","F está diciendo la verdad","F está diciendo la verdad","0","2","1","1","26","54","80","64"
"2050","25","2","3","5","1","216","16","C está diciendo la verdad","C está diciendo la verdad","0","1","1","1","26","54","80","64"
"2051","6","2","3","6","3","212","12","Es el juego: 3","Es el juego 3","0","1","3","3","40","40","80","80"
"2052","7","2","3","6","3","227","27","Por favor decidme la verdad","Por favor decidme la verdad","0","0","3","3","40","40","80","80"
"2053","8","2","3","6","3","212","12","Estoy diciendo la verdad","Estoy diciendo la verdad.","0","1","3","3","40","40","80","80"
"2054","22","2","3","6","3","212","12","Es el juego: 3","Es el juego 3","0","1","3","3","40","40","80","80"
"2055","28","2","3","6","3","207","7","F está diciendo la verdad","F está diciendo la verdad","0","2","3","3","40","40","80","80"
"2056","30","2","3","6","3","212","12","C está diciendo la verdad","C está diciendo la verdad","0","1","3","3","40","40","80","80"
"2057","2","2","3","7","2","226","26","¿En qué juego estamos?","¿En qué juego estamos?","0","0","4","4","39","25","64","72"
"2058","8","2","3","7","2","226","26","Por favor decidme la verdad","Por favor decidme la verdad","0","0","4","4","39","25","64","72"
"2059","18","2","3","7","2","214","14","Es el juego: 2","Es el juego 2","0","1","4","4","39","25","64","72"
"2060","20","2","3","7","2","214","14","Estoy diciendo la verdad","Estoy diciendo la verdad.","0","1","4","4","39","25","64","72"
"2061","21","2","3","7","2","226","26","Por favor decidme la verdad","Por favor decidme la verdad","0","0","4","4","39","25","64","72"
"2062","21","2","3","7","2","206","6","Es el juego: 2","Es el juego 2","0","2","4","4","39","25","64","72"
"2063","25","2","3","7","2","206","6","Estoy diciendo la verdad","Estoy diciendo la verdad.","0","2","4","4","39","25","64","72"
"2064","31","2","3","7","2","214","14","Estoy diciendo la verdad","Estoy diciendo la verdad.","0","1","4","4","39","25","64","72"
"2065","33","2","3","7","2","206","6","Estoy diciendo la verdad","Estoy diciendo la verdad.","0","2","4","4","39","25","64","72"
"2066","3","2","3","8","5","219","19","¿En qué juego estamos?","¿En qué juego estamos?","0","0","3","3","32","32","64","64"
"2067","18","2","3","8","5","217","17","Es el juego: 4","Es el juego 4","0","1","3","3","32","32","64","64"
"2068","23","2","3","8","5","208","8","F está mintiendo","F está mintiendo","0","2","3","3","32","32","64","64"
"2069","26","2","3","8","5","217","17","Estoy diciendo la verdad","Estoy diciendo la verdad.","0","1","3","3","32","32","64","64"
"2070","27","2","3","8","5","208","8","Es el juego: 1","Es el juego 1","0","2","3","3","32","32","64","64"
"2071","30","2","3","8","5","217","17","C está mintiendo","C está mintiendo","0","1","3","3","32","32","64","64"
"2072","31","2","3","8","5","208","8","Estoy diciendo la verdad","Estoy diciendo la verdad.","0","2","3","3","32","32","64","64"
"2073","34","2","3","8","5","217","17","C está mintiendo","C está mintiendo","0","1","3","3","32","32","64","64"
"2074","34","2","3","8","5","208","8","F está mintiendo","F está mintiendo","0","2","3","3","32","32","64","64"
"2075","36","2","3","8","5","217","17","C está mintiendo","C está mintiendo","0","1","3","3","32","32","64","64"
"2076","38","2","3","8","5","217","17","C está mintiendo","C está mintiendo","0","1","3","3","32","32","64","64"
"2077","39","2","3","8","5","217","17","C está mintiendo","C está mintiendo","0","1","3","3","32","32","64","64"
"2078","41","2","3","8","5","217","17","C está mintiendo","C está mintiendo","0","1","3","3","32","32","64","64"
"2079","4","2","3","9","4","223","23","¿En qué juego estamos?","¿En qué juego estamos?","0","0","3","3","36","36","72","72"
"2080","5","2","3","9","4","223","23","Por favor decidme la verdad","Por favor decidme la verdad","0","0","3","3","36","36","72","72"
"2081","8","2","3","9","4","204","4","Es el juego: 4","Es el juego 4","0","2","3","3","36","36","72","72"
"2082","10","2","3","9","4","223","23","Por favor decidme la verdad","Por favor decidme la verdad","0","0","3","3","36","36","72","72"
"2083","11","2","3","9","4","210","10","Es el juego: 4","Es el juego 4","0","1","3","3","36","36","72","72"
"2084","13","2","3","9","4","223","23","Por favor decidme la verdad","Por favor decidme la verdad","0","0","3","3","36","36","72","72"
"2085","14","2","3","9","4","210","10","Estoy diciendo la verdad","Estoy diciendo la verdad.","0","1","3","3","36","36","72","72"
"2086","17","2","3","9","4","210","10","C está diciendo la verdad","C está diciendo la verdad","0","1","3","3","36","36","72","72"
"2087","26","2","3","9","4","223","23","Por favor decidme la verdad","Por favor decidme la verdad","0","0","3","3","36","36","72","72"
"4252","3","3","3","1","5","321","21","¿En qué juego estamos?","¿En qué juego estamos?","0","0","2","2","21","35","56","64"
"4253","21","3","3","1","5","321","21","¿En qué juego estamos?","¿En qué juego estamos?","0","0","2","2","21","35","56","64"
"4254","35","3","3","1","5","302","2","Es el juego: 2","Es el juego 2","0","2","2","2","21","35","56","64"
"4255","41","3","3","1","5","321","21","Por favor decidme la verdad","Por favor decidme la verdad","0","0","2","2","21","35","56","64"
"4256","2","3","3","2","5","327","27","¿En qué juego estamos?","¿En qué juego estamos?","0","0","5","5","54","26","80","64"
"4257","4","3","3","2","5","327","27","Por favor decidme la verdad","Por favor decidme la verdad","0","0","5","5","54","26","80","64"
"4258","9","3","3","2","5","327","27","¿En qué juego estamos?","¿En qué juego estamos?","0","0","5","5","54","26","80","64"
"4259","22","3","3","2","5","301","1","Es el juego: 5","Es el juego 5","0","2","5","5","54","26","80","64"
"4260","24","3","3","2","5","327","27","Por favor decidme la verdad","Por favor decidme la verdad","0","0","5","5","54","26","80","64"
"4261","35","3","3","2","5","327","27","Por favor decidme la verdad","Por favor decidme la verdad","0","0","5","5","54","26","80","64"
"4262","44","3","3","2","5","310","10","C está diciendo la verdad","C está diciendo la verdad","0","1","5","5","54","26","80","64"
"4263","2","3","3","3","1","319","19","¿En qué juego estamos?","¿En qué juego estamos?","0","0","1","1","26","54","80","64"
"4264","3","3","3","3","1","319","19","Por favor decidme la verdad","Por favor decidme la verdad","0","0","1","1","26","54","80","64"
"4265","14","3","3","3","1","307","7","Es el juego: 1","Es el juego 1","0","2","1","1","26","54","80","64"
"4266","19","3","3","3","1","319","19","Por favor decidme la verdad","Por favor decidme la verdad","0","0","1","1","26","54","80","64"
"4267","27","3","3","3","1","307","7","Estoy diciendo la verdad","Estoy diciendo la verdad.","0","2","1","1","26","54","80","64"
"4268","29","3","3","3","1","312","12","Es el juego: 5","Es el juego 5","0","1","1","1","26","54","80","64"
"4269","32","3","3","3","1","312","12","C está mintiendo","C está mintiendo","0","1","1","1","26","54","80","64"
"4270","33","3","3","3","1","307","7","F está mintiendo","F está mintiendo","0","2","1","1","26","54","80","64"
"4271","34","3","3","3","1","312","12","Estoy diciendo la verdad","Estoy diciendo la verdad.","0","1","1","1","26","54","80","64"
"4272","38","3","3","3","1","307","7","F está mintiendo","F está mintiendo","0","2","1","1","26","54","80","64"
"4273","40","3","3","3","1","307","7","Estoy diciendo la verdad","Estoy diciendo la verdad.","0","2","1","1","26","54","80","64"
"4274","40","3","3","3","1","312","12","Es el juego: 5","Es el juego 5","0","1","1","1","26","54","80","64"
"4275","42","3","3","3","1","307","7","Es el juego: 1","Es el juego 1","0","2","1","1","26","54","80","64"
"4276","2","3","3","4","4","325","25","¿En qué juego estamos?","¿En qué juego estamos?","0","0","4","4","47","33","80","72"
"4277","4","3","3","4","4","325","25","Por favor decidme la verdad","Por favor decidme la verdad","0","0","4","4","47","33","80","72"
"4278","6","3","3","4","4","314","14","Es el juego: 4","Es el juego 4","0","1","4","4","47","33","80","72"
"4279","7","3","3","4","4","325","25","Por favor decidme la verdad","Por favor decidme la verdad","0","0","4","4","47","33","80","72"
"4280","11","3","3","4","4","306","6","Es el juego: 4","Es el juego 4","0","2","4","4","47","33","80","72"
"4281","16","3","3","4","4","314","14","Estoy diciendo la verdad","Estoy diciendo la verdad.","0","1","4","4","47","33","80","72"
"4282","17","3","3","4","4","306","6","Estoy diciendo la verdad","Estoy diciendo la verdad.","0","2","4","4","47","33","80","72"
"4283","25","3","3","4","4","314","14","C está diciendo la verdad","C está diciendo la verdad","0","1","4","4","47","33","80","72"
"4284","28","3","3","4","4","306","6","F está diciendo la verdad","F está diciendo la verdad","0","2","4","4","47","33","80","72"
"4285","37","3","3","4","4","325","25","Por favor decidme la verdad","Por favor decidme la verdad","0","0","4","4","47","33","80","72"
"4286","40","3","3","4","4","325","25","¿En qué juego estamos?","¿En qué juego estamos?","0","0","4","4","47","33","80","72"
"4287","43","3","3","4","4","306","6","Es el juego: 4","Es el juego 4","0","2","4","4","47","33","80","72"
"4288","43","3","3","4","4","314","14","Es el juego: 4","Es el juego 4","0","1","4","4","47","33","80","72"
"4289","4","3","3","5","1","323","23","¿En qué juego estamos?","¿En qué juego estamos?","0","0","3","3","32","32","64","64"
"4290","27","3","3","5","1","315","15","Es el juego: 5","Es el juego 5","0","1","3","3","32","32","64","64"
"4291","32","3","3","5","1","315","15","Estoy diciendo la verdad","Estoy diciendo la verdad.","0","1","3","3","32","32","64","64"
"4292","35","3","3","5","1","304","4","Es el juego: 1","Es el juego 1","0","2","3","3","32","32","64","64"
"4293","42","3","3","5","1","304","4","F está mintiendo","F está mintiendo","0","2","3","3","32","32","64","64"
"4294","46","3","3","5","1","315","15","C está mintiendo","C está mintiendo","0","1","3","3","32","32","64","64"
"4295","3","3","3","6","3","326","26","¿En qué juego estamos?","¿En qué juego estamos?","0","0","3","3","40","40","80","80"
"4296","8","3","3","6","3","317","17","Es el juego: 3","Es el juego 3","0","1","3","3","40","40","80","80"
"4297","17","3","3","6","3","326","26","¿En qué juego estamos?","¿En qué juego estamos?","0","0","3","3","40","40","80","80"
"4298","20","3","3","6","3","308","8","F está diciendo la verdad","F está diciendo la verdad","0","2","3","3","40","40","80","80"
"4299","4","3","3","7","2","322","22","¿En qué juego estamos?","¿En qué juego estamos?","0","0","1","1","22","50","72","72"
"4300","11","3","3","7","2","322","22","¿En qué juego estamos?","¿En qué juego estamos?","0","0","1","1","22","50","72","72"
"4301","23","3","3","7","2","309","9","Es el juego: 1","Es el juego 1","0","2","1","1","22","50","72","72"
"4302","43","3","3","7","2","311","11","C está mintiendo","C está mintiendo","0","1","1","1","22","50","72","72"
"4303","45","3","3","7","2","309","9","Estoy diciendo la verdad","Estoy diciendo la verdad.","0","2","1","1","22","50","72","72"
"4304","6","3","3","8","5","320","20","¿En qué juego estamos?","¿En qué juego estamos?","0","0","5","5","54","26","80","64"
"4305","33","3","3","8","5","305","5","Es el juego: 5","Es el juego 5","0","2","5","5","54","26","80","64"
"4306","46","3","3","8","5","313","13","C está diciendo la verdad","C está diciendo la verdad","0","1","5","5","54","26","80","64"
"4307","2","3","3","9","4","324","24","¿En qué juego estamos?","¿En qué juego estamos?","0","0","3","3","36","36","72","72"
"4308","20","3","3","9","4","303","3","Es el juego: 4","Es el juego 4","0","2","3","3","36","36","72","72"
"4309","25","3","3","9","4","316","16","Es el juego: 4","Es el juego 4","0","1","3","3","36","36","72","72"
"4310","26","3","3","9","4","324","24","Por favor decidme la verdad","Por favor decidme la verdad","0","0","3","3","36","36","72","72"
"-999","0","3","4","2","3","301","1","","-999","0","2","4","4","43","29","72","80"
"-999","0","2","4","3","4","211","11","","-999","0","1","4","4","47","33","80","72"
"-999","0","2","4","1","3","221","21","","-999","0","0","1","1","18","46","64","80"
"187","3","1","4","1","3","124","24","¿En qué juego estamos?","¿En qué juego estamos?","0","0","2","2","29","43","72","80"
"188","5","1","4","1","3","103","3","Es el juego: 3","Es el juego 3","0","2","2","2","29","43","72","80"
"189","9","1","4","1","3","117","17","Es el juego: 3","Es el juego 3","0","1","2","2","29","43","72","80"
"190","21","1","4","1","3","124","24","Por favor decidme la verdad","Por favor decidme la verdad","0","0","2","2","29","43","72","80"
"191","27","1","4","1","3","117","17","Estoy diciendo la verdad","Estoy diciendo la verdad.","0","1","2","2","29","43","72","80"
"192","31","1","4","1","3","103","3","Es el juego: 3","Es el juego 3","0","2","2","2","29","43","72","80"
"193","32","1","4","1","3","117","17","C está diciendo la verdad","C está diciendo la verdad","0","1","2","2","29","43","72","80"
"194","33","1","4","1","3","103","3","F está diciendo la verdad","F está diciendo la verdad","0","2","2","2","29","43","72","80"
"195","34","1","4","1","3","117","17","Es el juego: 3","Es el juego 3","0","1","2","2","29","43","72","80"
"196","3","1","4","2","3","123","23","¿En qué juego estamos?","¿En qué juego estamos?","0","0","2","2","29","43","72","80"
"197","4","1","4","2","3","123","23","Por favor decidme la verdad","Por favor decidme la verdad","0","0","2","2","29","43","72","80"
"198","12","1","4","2","3","102","2","Es el juego: 3","Es el juego 3","0","2","2","2","29","43","72","80"
"199","21","1","4","2","3","116","16","C está diciendo la verdad","C está diciendo la verdad","0","1","2","2","29","43","72","80"
"200","31","1","4","2","3","123","23","Por favor decidme la verdad","Por favor decidme la verdad","0","0","2","2","29","43","72","80"
"201","39","1","4","2","3","102","2","F está diciendo la verdad","F está diciendo la verdad","0","2","2","2","29","43","72","80"
"202","42","1","4","2","3","116","16","C está diciendo la verdad","C está diciendo la verdad","0","1","2","2","29","43","72","80"
"203","3","1","4","3","4","121","21","¿En qué juego estamos?","¿En qué juego estamos?","0","0","3","3","36","36","72","72"
"204","9","1","4","3","4","107","7","Es el juego: 4","Es el juego 4","0","2","3","3","36","36","72","72"
"205","12","1","4","3","4","121","21","Por favor decidme la verdad","Por favor decidme la verdad","0","0","3","3","36","36","72","72"
"206","13","1","4","3","4","114","14","Es el juego: 4","Es el juego 4","0","1","3","3","36","36","72","72"
"207","14","1","4","3","4","107","7","Estoy diciendo la verdad","Estoy diciendo la verdad.","0","2","3","3","36","36","72","72"
"208","16","1","4","3","4","107","7","F está diciendo la verdad","F está diciendo la verdad","0","2","3","3","36","36","72","72"
"209","2","1","4","4","4","120","20","¿En qué juego estamos?","¿En qué juego estamos?","0","0","4","4","47","33","80","72"
"210","19","1","4","4","4","115","15","Es el juego: 4","Es el juego 4","0","1","4","4","47","33","80","72"
"211","23","1","4","4","4","120","20","Por favor decidme la verdad","Por favor decidme la verdad","0","0","4","4","47","33","80","72"
"212","29","1","4","4","4","101","1","Es el juego: 4","Es el juego 4","0","2","4","4","47","33","80","72"
"213","37","1","4","4","4","115","15","Estoy diciendo la verdad","Estoy diciendo la verdad.","0","1","4","4","47","33","80","72"
"214","4","1","4","5","2","126","26","¿En qué juego estamos?","¿En qué juego estamos?","0","0","3","3","36","36","72","72"
"215","6","1","4","5","2","106","6","Es el juego: 2","Es el juego 2","0","2","3","3","36","36","72","72"
"216","8","1","4","5","2","113","13","Es el juego: 2","Es el juego 2","0","1","3","3","36","36","72","72"
"217","4","1","4","6","5","125","25","¿En qué juego estamos?","¿En qué juego estamos?","0","0","3","3","32","32","64","64"
"218","16","1","4","6","5","111","11","Es el juego: 5","Es el juego 5","0","1","3","3","32","32","64","64"
"219","19","1","4","6","5","108","8","Es el juego: 5","Es el juego 5","0","2","3","3","32","32","64","64"
"220","2","1","4","7","3","119","19","¿En qué juego estamos?","¿En qué juego estamos?","0","0","3","3","40","40","80","80"
"221","4","1","4","7","3","104","4","Es el juego: 3","Es el juego 3","0","2","3","3","40","40","80","80"
"222","8","1","4","7","3","118","18","Es el juego: 3","Es el juego 3","0","1","3","3","40","40","80","80"
"223","10","1","4","7","3","104","4","F está diciendo la verdad","F está diciendo la verdad","0","2","3","3","40","40","80","80"
"224","14","1","4","7","3","118","18","C está diciendo la verdad","C está diciendo la verdad","0","1","3","3","40","40","80","80"
"225","3","1","4","8","2","122","22","¿En qué juego estamos?","¿En qué juego estamos?","0","0","2","2","33","47","80","72"
"226","5","1","4","8","2","122","22","¿En qué juego estamos?","¿En qué juego estamos?","0","0","2","2","33","47","80","72"
"227","7","1","4","8","2","122","22","¿En qué juego estamos?","¿En qué juego estamos?","0","0","2","2","33","47","80","72"
"228","8","1","4","8","2","110","10","Es el juego: 2","Es el juego 2","0","1","2","2","33","47","80","72"
"229","12","1","4","8","2","110","10","Estoy diciendo la verdad","Estoy diciendo la verdad.","0","1","2","2","33","47","80","72"
"230","14","1","4","8","2","122","22","Por favor decidme la verdad","Por favor decidme la verdad","0","0","2","2","33","47","80","72"
"231","15","1","4","8","2","122","22","Por favor decidme la verdad","Por favor decidme la verdad","0","0","2","2","33","47","80","72"
"232","18","1","4","8","2","110","10","Estoy diciendo la verdad","Estoy diciendo la verdad.","0","1","2","2","33","47","80","72"
"233","21","1","4","8","2","105","5","F está diciendo la verdad","F está diciendo la verdad","0","2","2","2","33","47","80","72"
"234","27","1","4","8","2","110","10","C está diciendo la verdad","C está diciendo la verdad","0","1","2","2","33","47","80","72"
"235","39","1","4","8","2","122","22","Por favor decidme la verdad","Por favor decidme la verdad","0","0","2","2","33","47","80","72"
"236","3","1","4","9","5","127","27","¿En qué juego estamos?","¿En qué juego estamos?","0","0","4","4","43","29","72","64"
"237","5","1","4","9","5","127","27","¿En qué juego estamos?","¿En qué juego estamos?","0","0","4","4","43","29","72","64"
"238","7","1","4","9","5","109","9","Es el juego: 5","Es el juego 5","0","2","4","4","43","29","72","64"
"239","10","1","4","9","5","127","27","Por favor decidme la verdad","Por favor decidme la verdad","0","0","4","4","43","29","72","64"
"240","13","1","4","9","5","109","9","Estoy diciendo la verdad","Estoy diciendo la verdad.","0","2","4","4","43","29","72","64"
"241","22","1","4","9","5","112","12","C está diciendo la verdad","C está diciendo la verdad","0","1","4","4","43","29","72","64"
"242","35","1","4","9","5","109","9","Estoy diciendo la verdad","Estoy diciendo la verdad.","0","2","4","4","43","29","72","64"
"243","41","1","4","9","5","112","12","C está diciendo la verdad","C está diciendo la verdad","0","1","4","4","43","29","72","64"
"2088","12","2","4","1","3","203","3","Es el juego: 3","Es el juego 3","0","2","1","1","18","46","64","80"
"2089","20","2","4","1","3","213","13","Es el juego: 3","Es el juego 3","0","1","1","1","18","46","64","80"
"2090","5","2","4","2","3","220","20","¿En qué juego estamos?","¿En qué juego estamos?","0","0","3","3","40","40","80","80"
"2091","5","2","4","2","3","209","9","Es el juego: 3","Es el juego 3","0","2","3","3","40","40","80","80"
"2092","7","2","4","2","3","220","20","Por favor decidme la verdad","Por favor decidme la verdad","0","0","3","3","40","40","80","80"
"2093","13","2","4","2","3","209","9","Estoy diciendo la verdad","Estoy diciendo la verdad.","0","2","3","3","40","40","80","80"
"2094","18","2","4","2","3","215","15","Es el juego: 3","Es el juego 3","0","1","3","3","40","40","80","80"
"2095","26","2","4","2","3","209","9","F está diciendo la verdad","F está diciendo la verdad","0","2","3","3","40","40","80","80"
"2096","3","2","4","3","4","222","22","¿En qué juego estamos?","¿En qué juego estamos?","0","0","4","4","47","33","80","72"
"2097","8","2","4","3","4","222","22","Por favor decidme la verdad","Por favor decidme la verdad","0","0","4","4","47","33","80","72"
"2098","14","2","4","3","4","202","2","Es el juego: 4","Es el juego 4","0","2","4","4","47","33","80","72"
"2099","17","2","4","3","4","202","2","Estoy diciendo la verdad","Estoy diciendo la verdad.","0","2","4","4","47","33","80","72"
"2100","28","2","4","3","4","202","2","Es el juego: 4","Es el juego 4","0","2","4","4","47","33","80","72"
"2101","39","2","4","3","4","222","22","Por favor decidme la verdad","Por favor decidme la verdad","0","0","4","4","47","33","80","72"
"2102","43","2","4","3","4","222","22","Por favor decidme la verdad","Por favor decidme la verdad","0","0","4","4","47","33","80","72"
"2103","45","2","4","3","4","222","22","Por favor decidme la verdad","Por favor decidme la verdad","0","0","4","4","47","33","80","72"
"2104","45","2","4","3","4","202","2","Es el juego: 4","Es el juego 4","0","2","4","4","47","33","80","72"
"2105","3","2","4","4","4","224","24","¿En qué juego estamos?","¿En qué juego estamos?","0","0","4","5","33","8","41","72"
"2106","7","2","4","4","4","224","24","Por favor decidme la verdad","Por favor decidme la verdad","0","0","4","5","33","8","41","72"
"2107","9","2","4","4","4","218","18","Es el juego: 3","Es el juego 3","0","1","4","5","33","8","41","72"
"2108","11","2","4","4","4","201","1","Es el juego: 4","Es el juego 4","0","2","4","5","33","8","41","72"
"2109","16","2","4","4","4","201","1","F está mintiendo","F está mintiendo","0","2","4","5","33","8","41","72"
"2110","16","2","4","4","4","218","18","C está mintiendo","C está mintiendo","0","1","4","5","33","8","41","72"
"2111","24","2","4","4","4","224","24","Por favor decidme la verdad","Por favor decidme la verdad","0","0","4","5","33","8","41","72"
"2112","28","2","4","4","4","218","18","Estoy diciendo la verdad","Estoy diciendo la verdad.","0","1","4","5","33","8","41","72"
"2113","35","2","4","4","4","201","1","F está mintiendo","F está mintiendo","0","2","4","5","33","8","41","72"
"2114","40","2","4","4","4","218","18","Estoy diciendo la verdad","Estoy diciendo la verdad.","0","1","4","5","33","8","41","72"
"2115","45","2","4","4","4","201","1","Es el juego: 4","Es el juego 4","0","2","4","5","33","8","41","72"
"2116","2","2","4","5","2","225","25","¿En qué juego estamos?","¿En qué juego estamos?","0","0","2","2","33","47","80","72"
"2117","3","2","4","5","2","205","5","Es el juego: 2","Es el juego 2","0","2","2","2","33","47","80","72"
"2118","5","2","4","5","2","205","5","Estoy diciendo la verdad","Estoy diciendo la verdad.","0","2","2","2","33","47","80","72"
"2119","5","2","4","5","2","225","25","Por favor decidme la verdad","Por favor decidme la verdad","0","0","2","2","33","47","80","72"
"2120","23","2","4","5","2","216","16","Es el juego: 2","Es el juego 2","0","1","2","2","33","47","80","72"
"2121","26","2","4","5","2","216","16","Estoy diciendo la verdad","Estoy diciendo la verdad.","0","1","2","2","33","47","80","72"
"2122","27","2","4","5","2","205","5","F está diciendo la verdad","F está diciendo la verdad","0","2","2","2","33","47","80","72"
"2123","28","2","4","5","2","216","16","C está diciendo la verdad","C está diciendo la verdad","0","1","2","2","33","47","80","72"
"2124","3","2","4","6","5","227","27","Por favor decidme la verdad","Por favor decidme la verdad","0","0","2","2","21","35","56","64"
"2125","5","2","4","6","5","212","12","Es el juego: 5","Es el juego 5","0","1","2","2","21","35","56","64"
"2126","6","2","4","6","5","212","12","Estoy diciendo la verdad","Estoy diciendo la verdad.","0","1","2","2","21","35","56","64"
"2127","29","2","4","6","5","207","7","F está mintiendo","F está mintiendo","0","2","2","2","21","35","56","64"
"2128","30","2","4","6","5","212","12","C está mintiendo","C está mintiendo","0","1","2","2","21","35","56","64"
"2129","32","2","4","6","5","212","12","Es el juego: 5","Es el juego 5","0","1","2","2","21","35","56","64"
"2130","35","2","4","6","5","212","12","Estoy diciendo la verdad","Estoy diciendo la verdad.","0","1","2","2","21","35","56","64"
"2131","35","2","4","6","5","207","7","Estoy diciendo la verdad","Estoy diciendo la verdad.","0","2","2","2","21","35","56","64"
"2132","38","2","4","6","5","212","12","C está mintiendo","C está mintiendo","0","1","2","2","21","35","56","64"
"2133","40","2","4","6","5","212","12","Es el juego: 5","Es el juego 5","0","1","2","2","21","35","56","64"
"2134","3","2","4","7","3","226","26","¿En qué juego estamos?","¿En qué juego estamos?","0","0","3","3","40","40","80","80"
"2135","4","2","4","7","3","226","26","Por favor decidme la verdad","Por favor decidme la verdad","0","0","3","3","40","40","80","80"
"2136","12","2","4","7","3","214","14","Es el juego: 3","Es el juego 3","0","1","3","3","40","40","80","80"
"2137","14","2","4","7","3","214","14","Estoy diciendo la verdad","Estoy diciendo la verdad.","0","1","3","3","40","40","80","80"
"2138","17","2","4","7","3","226","26","Por favor decidme la verdad","Por favor decidme la verdad","0","0","3","3","40","40","80","80"
"2139","19","2","4","7","3","226","26","Por favor decidme la verdad","Por favor decidme la verdad","0","0","3","3","40","40","80","80"
"2140","21","2","4","7","3","206","6","Es el juego: 3","Es el juego 3","0","2","3","3","40","40","80","80"
"2141","21","2","4","7","3","214","14","Estoy diciendo la verdad","Estoy diciendo la verdad.","0","1","3","3","40","40","80","80"
"2142","24","2","4","7","3","214","14","Estoy diciendo la verdad","Estoy diciendo la verdad.","0","1","3","3","40","40","80","80"
"2143","25","2","4","7","3","206","6","Estoy diciendo la verdad","Estoy diciendo la verdad.","0","2","3","3","40","40","80","80"
"2144","32","2","4","7","3","206","6","F está diciendo la verdad","F está diciendo la verdad","0","2","3","3","40","40","80","80"
"2145","36","2","4","7","3","214","14","C está diciendo la verdad","C está diciendo la verdad","0","1","3","3","40","40","80","80"
"2146","3","2","4","8","2","219","19","¿En qué juego estamos?","¿En qué juego estamos?","0","0","3","3","36","36","72","72"
"2147","9","2","4","8","2","208","8","Es el juego: 1","Es el juego 1","0","2","3","3","36","36","72","72"
"2148","15","2","4","8","2","219","19","Por favor decidme la verdad","Por favor decidme la verdad","0","0","3","3","36","36","72","72"
"2149","20","2","4","8","2","217","17","Es el juego: 4","Es el juego 4","0","1","3","3","36","36","72","72"
"2150","27","2","4","8","2","208","8","F está mintiendo","F está mintiendo","0","2","3","3","36","36","72","72"
"2151","29","2","4","8","2","217","17","Estoy diciendo la verdad","Estoy diciendo la verdad.","0","1","3","3","36","36","72","72"
"2152","30","2","4","8","2","208","8","Es el juego: 1","Es el juego 1","0","2","3","3","36","36","72","72"
"2153","31","2","4","8","2","208","8","Es el juego: 1","Es el juego 1","0","2","3","3","36","36","72","72"
"2154","32","2","4","8","2","208","8","Es el juego: 1","Es el juego 1","0","2","3","3","36","36","72","72"
"2155","34","2","4","8","2","208","8","Es el juego: 1","Es el juego 1","0","2","3","3","36","36","72","72"
"2156","35","2","4","8","2","208","8","Es el juego: 1","Es el juego 1","0","2","3","3","36","36","72","72"
"2157","36","2","4","8","2","208","8","Es el juego: 1","Es el juego 1","0","2","3","3","36","36","72","72"
"2158","38","2","4","8","2","208","8","Es el juego: 1","Es el juego 1","0","2","3","3","36","36","72","72"
"2159","38","2","4","8","2","217","17","C está mintiendo","C está mintiendo","0","1","3","3","36","36","72","72"
"2160","41","2","4","8","2","208","8","Estoy diciendo la verdad","Estoy diciendo la verdad.","0","2","3","3","36","36","72","72"
"2161","2","2","4","9","5","223","23","¿En qué juego estamos?","¿En qué juego estamos?","0","0","3","1","4","10","14","64"
"2162","4","2","4","9","5","223","23","Por favor decidme la verdad","Por favor decidme la verdad","0","0","3","1","4","10","14","64"
"2163","7","2","4","9","5","204","4","Es el juego: 5","Es el juego 5","0","2","3","1","4","10","14","64"
"2164","10","2","4","9","5","210","10","Es el juego: 5","Es el juego 5","0","1","3","1","4","10","14","64"
"2165","11","2","4","9","5","223","23","Por favor decidme la verdad","Por favor decidme la verdad","0","0","3","1","4","10","14","64"
"2166","13","2","4","9","5","210","10","C está diciendo la verdad","C está diciendo la verdad","0","1","3","1","4","10","14","64"
"2167","15","2","4","9","5","210","10","Estoy diciendo la verdad","Estoy diciendo la verdad.","0","1","3","1","4","10","14","64"
"4311","1","3","4","1","3","321","21","Por favor decidme la verdad","Por favor decidme la verdad","0","0","3","3","40","40","80","80"
"4312","11","3","4","1","3","321","21","¿En qué juego estamos?","¿En qué juego estamos?","0","0","3","3","40","40","80","80"
"4313","19","3","4","1","3","302","2","Es el juego: 3","Es el juego 3","0","2","3","3","40","40","80","80"
"4314","23","3","4","1","3","302","2","Estoy diciendo la verdad","Estoy diciendo la verdad.","0","2","3","3","40","40","80","80"
"4315","30","3","4","1","3","321","21","¿En qué juego estamos?","¿En qué juego estamos?","0","0","3","3","40","40","80","80"
"4316","32","3","4","1","3","321","21","Por favor decidme la verdad","Por favor decidme la verdad","0","0","3","3","40","40","80","80"
"4317","35","3","4","1","3","302","2","Es el juego: 3","Es el juego 3","0","2","3","3","40","40","80","80"
"4318","45","3","4","1","3","318","18","C está diciendo la verdad","C está diciendo la verdad","0","1","3","3","40","40","80","80"
"4319","3","3","4","2","3","327","27","¿En qué juego estamos?","¿En qué juego estamos?","0","0","4","4","43","29","72","80"
"4320","11","3","4","2","3","327","27","Por favor decidme la verdad","Por favor decidme la verdad","0","0","4","4","43","29","72","80"
"4321","13","3","4","2","3","310","10","Es el juego: 4","Es el juego 4","0","1","4","4","43","29","72","80"
"4322","16","3","4","2","3","310","10","Estoy diciendo la verdad","Estoy diciendo la verdad.","0","1","4","4","43","29","72","80"
"4323","1","3","4","3","4","319","19","¿En qué juego estamos?","¿En qué juego estamos?","0","0","5","5","50","22","72","72"
"4324","3","3","4","3","4","319","19","Por favor decidme la verdad","Por favor decidme la verdad","0","0","5","5","50","22","72","72"
"4325","12","3","4","3","4","312","12","Es el juego: 2","Es el juego 2","0","1","5","5","50","22","72","72"
"4326","17","3","4","3","4","319","19","Por favor decidme la verdad","Por favor decidme la verdad","0","0","5","5","50","22","72","72"
"4327","20","3","4","3","4","312","12","Estoy diciendo la verdad","Estoy diciendo la verdad.","0","1","5","5","50","22","72","72"
"4328","22","3","4","3","4","312","12","Es el juego: 2","Es el juego 2","0","1","5","5","50","22","72","72"
"4329","34","3","4","3","4","307","7","Es el juego: 3","Es el juego 3","0","2","5","5","50","22","72","72"
"4330","38","3","4","3","4","307","7","Estoy diciendo la verdad","Estoy diciendo la verdad.","0","2","5","5","50","22","72","72"
"4331","40","3","4","3","4","307","7","F está diciendo la verdad","F está diciendo la verdad","0","2","5","5","50","22","72","72"
"4332","41","3","4","3","4","312","12","Es el juego: 4","Es el juego 4","0","1","5","5","50","22","72","72"
"4333","42","3","4","3","4","307","7","F está mintiendo","F está mintiendo","0","2","5","5","50","22","72","72"
"4334","46","3","4","3","4","319","19","Por favor decidme la verdad","Por favor decidme la verdad","0","0","5","5","50","22","72","72"
"4335","2","3","4","4","4","325","25","¿En qué juego estamos?","¿En qué juego estamos?","0","0","4","4","47","33","80","72"
"4336","4","3","4","4","4","325","25","Por favor decidme la verdad","Por favor decidme la verdad","0","0","4","4","47","33","80","72"
"4337","4","3","4","4","4","314","14","Es el juego: 4","Es el juego 4","0","1","4","4","47","33","80","72"
"4338","7","3","4","4","4","325","25","Por favor decidme la verdad","Por favor decidme la verdad","0","0","4","4","47","33","80","72"
"4339","11","3","4","4","4","306","6","Es el juego: 4","Es el juego 4","0","2","4","4","47","33","80","72"
"4340","12","3","4","4","4","325","25","Por favor decidme la verdad","Por favor decidme la verdad","0","0","4","4","47","33","80","72"
"4341","14","3","4","4","4","306","6","Estoy diciendo la verdad","Estoy diciendo la verdad.","0","2","4","4","47","33","80","72"
"4342","15","3","4","4","4","314","14","Es el juego: 4","Es el juego 4","0","1","4","4","47","33","80","72"
"4343","17","3","4","4","4","314","14","C está diciendo la verdad","C está diciendo la verdad","0","1","4","4","47","33","80","72"
"4344","19","3","4","4","4","306","6","F está diciendo la verdad","F está diciendo la verdad","0","2","4","4","47","33","80","72"
"4345","21","3","4","4","4","325","25","Por favor decidme la verdad","Por favor decidme la verdad","0","0","4","4","47","33","80","72"
"4346","23","3","4","4","4","306","6","Es el juego: 4","Es el juego 4","0","2","4","4","47","33","80","72"
"4347","37","3","4","4","4","306","6","Es el juego: 4","Es el juego 4","0","2","4","4","47","33","80","72"
"4348","44","3","4","4","4","325","25","Por favor decidme la verdad","Por favor decidme la verdad","0","0","4","4","47","33","80","72"
"4349","3","3","4","5","2","315","15","Es el juego: 2","Es el juego 2","0","1","2","2","33","47","80","72"
"4350","6","3","4","5","2","315","15","Estoy diciendo la verdad","Estoy diciendo la verdad.","0","1","2","2","33","47","80","72"
"4351","11","3","4","5","2","323","23","Por favor decidme la verdad","Por favor decidme la verdad","0","0","2","2","33","47","80","72"
"4352","17","3","4","5","2","315","15","Es el juego: 2","Es el juego 2","0","1","2","2","33","47","80","72"
"4353","25","3","4","5","2","304","4","F está diciendo la verdad","F está diciendo la verdad","0","2","2","2","33","47","80","72"
"4354","34","3","4","5","2","315","15","Estoy diciendo la verdad","Estoy diciendo la verdad.","0","1","2","2","33","47","80","72"
"4355","15","3","4","6","5","326","26","¿En qué juego estamos?","¿En qué juego estamos?","0","0","5","5","54","26","80","64"
"4356","24","3","4","6","5","317","17","Es el juego: 5","Es el juego 5","0","1","5","5","54","26","80","64"
"4357","40","3","4","6","5","308","8","F está mintiendo","F está mintiendo","0","2","5","5","54","26","80","64"
"4358","45","3","4","6","5","326","26","¿En qué juego estamos?","¿En qué juego estamos?","0","0","5","5","54","26","80","64"
"4359","46","3","4","6","5","317","17","Estoy diciendo la verdad","Estoy diciendo la verdad.","0","1","5","5","54","26","80","64"
"4360","2","3","4","7","3","322","22","¿En qué juego estamos?","¿En qué juego estamos?","0","0","1","1","18","46","64","80"
"4361","4","3","4","7","3","322","22","¿En qué juego estamos?","¿En qué juego estamos?","0","0","1","1","18","46","64","80"
"4362","22","3","4","7","3","309","9","Es el juego: 1","Es el juego 1","0","2","1","1","18","46","64","80"
"4363","40","3","4","7","3","311","11","Es el juego: 2","Es el juego 2","0","1","1","1","18","46","64","80"
"4364","42","3","4","7","3","309","9","F está mintiendo","F está mintiendo","0","2","1","1","18","46","64","80"
"4365","45","3","4","7","3","311","11","Estoy diciendo la verdad","Estoy diciendo la verdad.","0","1","1","1","18","46","64","80"
"4366","3","3","4","8","2","320","20","¿En qué juego estamos?","¿En qué juego estamos?","0","0","1","1","22","50","72","72"
"4367","14","3","4","8","2","305","5","Es el juego: 1","Es el juego 1","0","2","1","1","22","50","72","72"
"4368","31","3","4","8","2","320","20","Por favor decidme la verdad","Por favor decidme la verdad","0","0","1","1","22","50","72","72"
"4369","34","3","4","8","2","305","5","Estoy diciendo la verdad","Estoy diciendo la verdad.","0","2","1","1","22","50","72","72"
"4370","36","3","4","8","2","313","13","C está mintiendo","C está mintiendo","0","1","1","1","22","50","72","72"
"4371","40","3","4","8","2","305","5","Estoy diciendo la verdad","Estoy diciendo la verdad.","0","2","1","1","22","50","72","72"
"4372","40","3","4","8","2","320","20","¿En qué juego estamos?","¿En qué juego estamos?","0","0","1","1","22","50","72","72"
"4373","42","3","4","8","2","313","13","Es el juego: 2","Es el juego 2","0","1","1","1","22","50","72","72"
"4374","42","3","4","8","2","305","5","Es el juego: 1","Es el juego 1","0","2","1","1","22","50","72","72"
"4375","3","3","4","9","5","324","24","¿En qué juego estamos?","¿En qué juego estamos?","0","0","1","1","10","38","48","64"
"4376","28","3","4","9","5","324","24","¿En qué juego estamos?","¿En qué juego estamos?","0","0","1","1","10","38","48","64"
"4377","42","3","4","9","5","303","3","Es el juego: 1","Es el juego 1","0","2","1","1","10","38","48","64"
"4378","43","3","4","9","5","316","16","Es el juego: 5","Es el juego 5","0","1","1","1","10","38","48","64"
"4379","45","3","4","9","5","303","3","F está mintiendo","F está mintiendo","0","2","1","1","10","38","48","64"
"-999","0","3","5","7","2","309","9","","-999","0","2","2","2","33","47","80","72"
"-999","0","2","5","1","5","221","21","","-999","0","0","1","1","10","38","48","64"
"244","2","1","5","1","5","124","24","¿En qué juego estamos?","¿En qué juego estamos?","0","0","2","2","21","35","56","64"
"245","6","1","5","1","5","103","3","Es el juego: 5","Es el juego 5","0","2","2","2","21","35","56","64"
"246","12","1","5","1","5","117","17","Es el juego: 5","Es el juego 5","0","1","2","2","21","35","56","64"
"247","14","1","5","1","5","103","3","F está diciendo la verdad","F está diciendo la verdad","0","2","2","2","21","35","56","64"
"248","18","1","5","1","5","117","17","Estoy diciendo la verdad","Estoy diciendo la verdad.","0","1","2","2","21","35","56","64"
"249","18","1","5","1","5","124","24","Por favor decidme la verdad","Por favor decidme la verdad","0","0","2","2","21","35","56","64"
"250","21","1","5","1","5","103","3","Es el juego: 5","Es el juego 5","0","2","2","2","21","35","56","64"
"251","25","1","5","1","5","117","17","C está diciendo la verdad","C está diciendo la verdad","0","1","2","2","21","35","56","64"
"252","3","1","5","2","4","123","23","¿En qué juego estamos?","¿En qué juego estamos?","0","0","2","2","25","39","64","72"
"253","5","1","5","2","4","123","23","Por favor decidme la verdad","Por favor decidme la verdad","0","0","2","2","25","39","64","72"
"254","5","1","5","2","4","116","16","Es el juego: 4","Es el juego 4","0","1","2","2","25","39","64","72"
"255","17","1","5","2","4","102","2","F está diciendo la verdad","F está diciendo la verdad","0","2","2","2","25","39","64","72"
"256","41","1","5","2","4","123","23","Por favor decidme la verdad","Por favor decidme la verdad","0","0","2","2","25","39","64","72"
"257","3","1","5","3","4","121","21","¿En qué juego estamos?","¿En qué juego estamos?","0","0","5","5","50","22","72","72"
"258","16","1","5","3","4","107","7","Es el juego: 4","Es el juego 4","0","2","5","5","50","22","72","72"
"259","24","1","5","3","4","114","14","Es el juego: 4","Es el juego 4","0","1","5","5","50","22","72","72"
"260","29","1","5","3","4","107","7","Estoy diciendo la verdad","Estoy diciendo la verdad.","0","2","5","5","50","22","72","72"
"261","1","1","5","4","1","120","20","¿En qué juego estamos?","¿En qué juego estamos?","0","0","1","1","26","54","80","64"
"262","3","1","5","4","1","101","1","Es el juego: 1","Es el juego 1","0","2","1","1","26","54","80","64"
"263","7","1","5","4","1","120","20","Por favor decidme la verdad","Por favor decidme la verdad","0","0","1","1","26","54","80","64"
"264","11","1","5","4","1","101","1","Es el juego: 1","Es el juego 1","0","2","1","1","26","54","80","64"
"265","17","1","5","4","1","115","15","C está mintiendo","C está mintiendo","0","1","1","1","26","54","80","64"
"266","20","1","5","4","1","101","1","Estoy diciendo la verdad","Estoy diciendo la verdad.","0","2","1","1","26","54","80","64"
"267","22","1","5","4","1","115","15","C está mintiendo","C está mintiendo","0","1","1","1","26","54","80","64"
"268","25","1","5","4","1","115","15","C está mintiendo","C está mintiendo","0","1","1","1","26","54","80","64"
"269","27","1","5","4","1","120","20","¿En qué juego estamos?","¿En qué juego estamos?","0","0","1","1","26","54","80","64"
"270","28","1","5","4","1","101","1","Estoy diciendo la verdad","Estoy diciendo la verdad.","0","2","1","1","26","54","80","64"
"271","29","1","5","4","1","120","20","¿En qué juego estamos?","¿En qué juego estamos?","0","0","1","1","26","54","80","64"
"272","31","1","5","4","1","101","1","Es el juego: 1","Es el juego 1","0","2","1","1","26","54","80","64"
"273","39","1","5","4","1","120","20","¿En qué juego estamos?","¿En qué juego estamos?","0","0","1","1","26","54","80","64"
"274","39","1","5","4","1","115","15","Es el juego: 3","Es el juego 3","0","1","1","1","26","54","80","64"
"275","42","1","5","4","1","101","1","Es el juego: 1","Es el juego 1","0","2","1","1","26","54","80","64"
"276","44","1","5","4","1","101","1","Estoy diciendo la verdad","Estoy diciendo la verdad.","0","2","1","1","26","54","80","64"
"277","3","1","5","5","2","126","26","¿En qué juego estamos?","¿En qué juego estamos?","0","0","3","3","36","36","72","72"
"278","8","1","5","5","2","113","13","Es el juego: 2","Es el juego 2","0","1","3","3","36","36","72","72"
"279","12","1","5","5","2","106","6","Es el juego: 2","Es el juego 2","0","2","3","3","36","36","72","72"
"280","27","1","5","5","2","106","6","Estoy diciendo la verdad","Estoy diciendo la verdad.","0","2","3","3","36","36","72","72"
"281","30","1","5","5","2","106","6","F está diciendo la verdad","F está diciendo la verdad","0","2","3","3","36","36","72","72"
"282","1","1","5","6","1","125","25","¿En qué juego estamos?","¿En qué juego estamos?","0","0","1","1","26","54","80","64"
"283","17","1","5","6","1","125","25","Por favor decidme la verdad","Por favor decidme la verdad","0","0","1","1","26","54","80","64"
"284","23","1","5","6","1","108","8","Es el juego: 1","Es el juego 1","0","2","1","1","26","54","80","64"
"285","27","1","5","6","1","111","11","Es el juego: 1","Es el juego 1","0","1","1","1","26","54","80","64"
"286","3","1","5","7","2","119","19","¿En qué juego estamos?","¿En qué juego estamos?","0","0","2","2","33","47","80","72"
"287","6","1","5","7","2","104","4","Es el juego: 2","Es el juego 2","0","2","2","2","33","47","80","72"
"288","8","1","5","7","2","118","18","Es el juego: 2","Es el juego 2","0","1","2","2","33","47","80","72"
"289","11","1","5","7","2","118","18","C está diciendo la verdad","C está diciendo la verdad","0","1","2","2","33","47","80","72"
"290","14","1","5","7","2","104","4","F está diciendo la verdad","F está diciendo la verdad","0","2","2","2","33","47","80","72"
"291","2","1","5","8","4","122","22","¿En qué juego estamos?","¿En qué juego estamos?","0","0","4","4","47","33","80","72"
"292","4","1","5","8","4","122","22","¿En qué juego estamos?","¿En qué juego estamos?","0","0","4","4","47","33","80","72"
"293","6","1","5","8","4","122","22","¿En qué juego estamos?","¿En qué juego estamos?","0","0","4","4","47","33","80","72"
"294","7","1","5","8","4","110","10","Es el juego: 4","Es el juego 4","0","1","4","4","47","33","80","72"
"295","9","1","5","8","4","110","10","Estoy diciendo la verdad","Estoy diciendo la verdad.","0","1","4","4","47","33","80","72"
"296","16","1","5","8","4","105","5","F está diciendo la verdad","F está diciendo la verdad","0","2","4","4","47","33","80","72"
"297","16","1","5","8","4","122","22","Por favor decidme la verdad","Por favor decidme la verdad","0","0","4","4","47","33","80","72"
"298","18","1","5","8","4","122","22","Por favor decidme la verdad","Por favor decidme la verdad","0","0","4","4","47","33","80","72"
"299","28","1","5","8","4","110","10","Estoy diciendo la verdad","Estoy diciendo la verdad.","0","1","4","4","47","33","80","72"
"300","35","1","5","8","4","110","10","Estoy diciendo la verdad","Estoy diciendo la verdad.","0","1","4","4","47","33","80","72"
"301","44","1","5","8","4","105","5","F está diciendo la verdad","F está diciendo la verdad","0","2","4","4","47","33","80","72"
"302","3","1","5","9","1","127","27","¿En qué juego estamos?","¿En qué juego estamos?","0","0","1","1","26","54","80","64"
"303","5","1","5","9","1","127","27","¿En qué juego estamos?","¿En qué juego estamos?","0","0","1","1","26","54","80","64"
"304","5","1","5","9","1","109","9","Es el juego: 1","Es el juego 1","0","2","1","1","26","54","80","64"
"305","6","1","5","9","1","127","27","Por favor decidme la verdad","Por favor decidme la verdad","0","0","1","1","26","54","80","64"
"306","12","1","5","9","1","109","9","Estoy diciendo la verdad","Estoy diciendo la verdad.","0","2","1","1","26","54","80","64"
"307","14","1","5","9","1","112","12","C está diciendo la verdad","C está diciendo la verdad","0","1","1","1","26","54","80","64"
"308","29","1","5","9","1","109","9","F está diciendo la verdad","F está diciendo la verdad","0","2","1","1","26","54","80","64"
"2168","18","2","5","1","5","213","13","Es el juego: 5","Es el juego 5","0","1","1","1","10","38","48","64"
"2169","32","2","5","1","5","203","3","F está diciendo la verdad","F está diciendo la verdad","0","2","1","1","10","38","48","64"
"2170","3","2","5","2","4","220","20","¿En qué juego estamos?","¿En qué juego estamos?","0","0","4","4","47","33","80","72"
"2171","4","2","5","2","4","215","15","Es el juego: 4","Es el juego 4","0","1","4","4","47","33","80","72"
"2172","6","2","5","2","4","220","20","Por favor decidme la verdad","Por favor decidme la verdad","0","0","4","4","47","33","80","72"
"2173","15","2","5","2","4","209","9","Es el juego: 4","Es el juego 4","0","2","4","4","47","33","80","72"
"2174","17","2","5","2","4","215","15","Estoy diciendo la verdad","Estoy diciendo la verdad.","0","1","4","4","47","33","80","72"
"2175","2","2","5","3","4","222","22","¿En qué juego estamos?","¿En qué juego estamos?","0","0","4","4","47","33","80","72"
"2176","9","2","5","3","4","222","22","Por favor decidme la verdad","Por favor decidme la verdad","0","0","4","4","47","33","80","72"
"2177","30","2","5","3","4","202","2","Es el juego: 4","Es el juego 4","0","2","4","4","47","33","80","72"
"2178","41","2","5","3","4","222","22","Por favor decidme la verdad","Por favor decidme la verdad","0","0","4","4","47","33","80","72"
"2179","44","2","5","3","4","211","11","C está diciendo la verdad","C está diciendo la verdad","0","1","4","4","47","33","80","72"
"2180","3","2","5","4","1","224","24","¿En qué juego estamos?","¿En qué juego estamos?","0","0","5","5","38","10","48","64"
"2181","15","2","5","4","1","218","18","Es el juego: 5","Es el juego 5","0","1","5","5","38","10","48","64"
"2182","21","2","5","4","1","224","24","Por favor decidme la verdad","Por favor decidme la verdad","0","0","5","5","38","10","48","64"
"2183","25","2","5","4","1","218","18","Estoy diciendo la verdad","Estoy diciendo la verdad.","0","1","5","5","38","10","48","64"
"2184","33","2","5","4","1","218","18","Es el juego: 5","Es el juego 5","0","1","5","5","38","10","48","64"
"2185","46","2","5","4","1","201","1","F está diciendo la verdad","F está diciendo la verdad","0","2","5","5","38","10","48","64"
"2186","3","2","5","5","2","225","25","¿En qué juego estamos?","¿En qué juego estamos?","0","0","2","2","33","47","80","72"
"2187","5","2","5","5","2","205","5","Es el juego: 2","Es el juego 2","0","2","2","2","33","47","80","72"
"2188","7","2","5","5","2","216","16","Es el juego: 2","Es el juego 2","0","1","2","2","33","47","80","72"
"2189","9","2","5","5","2","205","5","F está diciendo la verdad","F está diciendo la verdad","0","2","2","2","33","47","80","72"
"2190","20","2","5","5","2","216","16","C está diciendo la verdad","C está diciendo la verdad","0","1","2","2","33","47","80","72"
"2191","22","2","5","5","2","216","16","Estoy diciendo la verdad","Estoy diciendo la verdad.","0","1","2","2","33","47","80","72"
"2192","3","2","5","6","1","227","27","¿En qué juego estamos?","¿En qué juego estamos?","0","0","1","1","26","54","80","64"
"2193","13","2","5","6","1","207","7","Es el juego: 1","Es el juego 1","0","2","1","1","26","54","80","64"
"2194","16","2","5","6","1","212","12","Es el juego: 1","Es el juego 1","0","1","1","1","26","54","80","64"
"2195","17","2","5","6","1","207","7","Estoy diciendo la verdad","Estoy diciendo la verdad.","0","2","1","1","26","54","80","64"
"2196","19","2","5","6","1","212","12","C está diciendo la verdad","C está diciendo la verdad","0","1","1","1","26","54","80","64"
"2197","20","2","5","6","1","212","12","Estoy diciendo la verdad","Estoy diciendo la verdad.","0","1","1","1","26","54","80","64"
"2198","5","2","5","7","2","226","26","¿En qué juego estamos?","¿En qué juego estamos?","0","0","3","3","36","36","72","72"
"2199","7","2","5","7","2","226","26","Por favor decidme la verdad","Por favor decidme la verdad","0","0","3","3","36","36","72","72"
"2200","14","2","5","7","2","226","26","Por favor decidme la verdad","Por favor decidme la verdad","0","0","3","3","36","36","72","72"
"2201","15","2","5","7","2","206","6","Es el juego: 2","Es el juego 2","0","2","3","3","36","36","72","72"
"2202","16","2","5","7","2","214","14","Es el juego: 2","Es el juego 2","0","1","3","3","36","36","72","72"
"2203","18","2","5","7","2","214","14","C está diciendo la verdad","C está diciendo la verdad","0","1","3","3","36","36","72","72"
"2204","21","2","5","7","2","206","6","F está diciendo la verdad","F está diciendo la verdad","0","2","3","3","36","36","72","72"
"2205","6","2","5","8","4","217","17","Es el juego: 4","Es el juego 4","0","1","3","3","36","36","72","72"
"2206","8","2","5","8","4","219","19","¿En qué juego estamos?","¿En qué juego estamos?","0","0","3","3","36","36","72","72"
"2207","8","2","5","8","4","217","17","Estoy diciendo la verdad","Estoy diciendo la verdad.","0","1","3","3","36","36","72","72"
"2208","10","2","5","8","4","208","8","F está diciendo la verdad","F está diciendo la verdad","0","2","3","3","36","36","72","72"
"2209","20","2","5","8","4","208","8","Es el juego: 4","Es el juego 4","0","2","3","3","36","36","72","72"
"2210","23","2","5","8","4","217","17","C está diciendo la verdad","C está diciendo la verdad","0","1","3","3","36","36","72","72"
"2211","42","2","5","8","4","219","19","Por favor decidme la verdad","Por favor decidme la verdad","0","0","3","3","36","36","72","72"
"2212","45","2","5","8","4","217","17","Estoy diciendo la verdad","Estoy diciendo la verdad.","0","1","3","3","36","36","72","72"
"2213","3","2","5","9","1","223","23","¿En qué juego estamos?","¿En qué juego estamos?","0","0","3","3","32","32","64","64"
"2214","5","2","5","9","1","223","23","Por favor decidme la verdad","Por favor decidme la verdad","0","0","3","3","32","32","64","64"
"2215","7","2","5","9","1","223","23","¿En qué juego estamos?","¿En qué juego estamos?","0","0","3","3","32","32","64","64"
"2216","9","2","5","9","1","204","4","Es el juego: 1","Es el juego 1","0","2","3","3","32","32","64","64"
"2217","11","2","5","9","1","223","23","Por favor decidme la verdad","Por favor decidme la verdad","0","0","3","3","32","32","64","64"
"2218","18","2","5","9","1","223","23","Por favor decidme la verdad","Por favor decidme la verdad","0","0","3","3","32","32","64","64"
"2219","30","2","5","9","1","223","23","Por favor decidme la verdad","Por favor decidme la verdad","0","0","3","3","32","32","64","64"
"2220","34","2","5","9","1","210","10","C está diciendo la verdad","C está diciendo la verdad","0","1","3","3","32","32","64","64"
"2221","34","2","5","9","1","204","4","Estoy diciendo la verdad","Estoy diciendo la verdad.","0","2","3","3","32","32","64","64"
"2222","40","2","5","9","1","204","4","Estoy diciendo la verdad","Estoy diciendo la verdad.","0","2","3","3","32","32","64","64"
"2223","42","2","5","9","1","204","4","Estoy diciendo la verdad","Estoy diciendo la verdad.","0","2","3","3","32","32","64","64"
"2224","43","2","5","9","1","204","4","Estoy diciendo la verdad","Estoy diciendo la verdad.","0","2","3","3","32","32","64","64"
"4380","3","3","5","1","5","321","21","¿En qué juego estamos?","¿En qué juego estamos?","0","0","3","3","32","32","64","64"
"4381","5","3","5","1","5","321","21","Por favor decidme la verdad","Por favor decidme la verdad","0","0","3","3","32","32","64","64"
"4382","26","3","5","1","5","321","21","¿En qué juego estamos?","¿En qué juego estamos?","0","0","3","3","32","32","64","64"
"4383","41","3","5","1","5","318","18","Es el juego: 2","Es el juego 2","0","1","3","3","32","32","64","64"
"4384","44","3","5","1","5","302","2","Es el juego: 3","Es el juego 3","0","2","3","3","32","32","64","64"
"4385","46","3","5","1","5","302","2","F está mintiendo","F está mintiendo","0","2","3","3","32","32","64","64"
"4386","2","3","5","2","4","327","27","¿En qué juego estamos?","¿En qué juego estamos?","0","0","2","2","25","39","64","72"
"4387","15","3","5","2","4","310","10","Es el juego: 2","Es el juego 2","0","1","2","2","25","39","64","72"
"4388","25","3","5","2","4","327","27","Por favor decidme la verdad","Por favor decidme la verdad","0","0","2","2","25","39","64","72"
"4389","30","3","5","2","4","310","10","Estoy diciendo la verdad","Estoy diciendo la verdad.","0","1","2","2","25","39","64","72"
"4390","35","3","5","2","4","301","1","F está mintiendo","F está mintiendo","0","2","2","2","25","39","64","72"
"4391","39","3","5","2","4","310","10","C está mintiendo","C está mintiendo","0","1","2","2","25","39","64","72"
"4392","42","3","5","2","4","327","27","Por favor decidme la verdad","Por favor decidme la verdad","0","0","2","2","25","39","64","72"
"4393","1","3","5","3","4","319","19","¿En qué juego estamos?","¿En qué juego estamos?","0","0","3","3","36","36","72","72"
"4394","3","3","5","3","4","319","19","Por favor decidme la verdad","Por favor decidme la verdad","0","0","3","3","36","36","72","72"
"4395","11","3","5","3","4","312","12","Es el juego: 4","Es el juego 4","0","1","3","3","36","36","72","72"
"4396","14","3","5","3","4","319","19","Por favor decidme la verdad","Por favor decidme la verdad","0","0","3","3","36","36","72","72"
"4397","14","3","5","3","4","312","12","Estoy diciendo la verdad","Estoy diciendo la verdad.","0","1","3","3","36","36","72","72"
"4398","15","3","5","3","4","307","7","Es el juego: 2","Es el juego 2","0","2","3","3","36","36","72","72"
"4399","17","3","5","3","4","307","7","Estoy diciendo la verdad","Estoy diciendo la verdad.","0","2","3","3","36","36","72","72"
"4400","18","3","5","3","4","312","12","C está mintiendo","C está mintiendo","0","1","3","3","36","36","72","72"
"4401","19","3","5","3","4","307","7","F está mintiendo","F está mintiendo","0","2","3","3","36","36","72","72"
"4402","20","3","5","3","4","312","12","Es el juego: 4","Es el juego 4","0","1","3","3","36","36","72","72"
"4403","21","3","5","3","4","307","7","Es el juego: 2","Es el juego 2","0","2","3","3","36","36","72","72"
"4404","22","3","5","3","4","312","12","Estoy diciendo la verdad","Estoy diciendo la verdad.","0","1","3","3","36","36","72","72"
"4405","23","3","5","3","4","319","19","Por favor decidme la verdad","Por favor decidme la verdad","0","0","3","3","36","36","72","72"
"4406","23","3","5","3","4","307","7","Estoy diciendo la verdad","Estoy diciendo la verdad.","0","2","3","3","36","36","72","72"
"4407","26","3","5","3","4","307","7","Es el juego: 2","Es el juego 2","0","2","3","3","36","36","72","72"
"4408","26","3","5","3","4","312","12","Es el juego: 4","Es el juego 4","0","1","3","3","36","36","72","72"
"4409","27","3","5","3","4","307","7","Es el juego: 2","Es el juego 2","0","2","3","3","36","36","72","72"
"4410","29","3","5","3","4","307","7","Es el juego: 2","Es el juego 2","0","2","3","3","36","36","72","72"
"4411","31","3","5","3","4","307","7","Estoy diciendo la verdad","Estoy diciendo la verdad.","0","2","3","3","36","36","72","72"
"4412","33","3","5","3","4","312","12","C está mintiendo","C está mintiendo","0","1","3","3","36","36","72","72"
"4413","35","3","5","3","4","307","7","F está mintiendo","F está mintiendo","0","2","3","3","36","36","72","72"
"4414","35","3","5","3","4","312","12","Estoy diciendo la verdad","Estoy diciendo la verdad.","0","1","3","3","36","36","72","72"
"4415","39","3","5","3","4","312","12","Es el juego: 4","Es el juego 4","0","1","3","3","36","36","72","72"
"4416","40","3","5","3","4","307","7","Estoy diciendo la verdad","Estoy diciendo la verdad.","0","2","3","3","36","36","72","72"
"4417","42","3","5","3","4","307","7","Es el juego: 2","Es el juego 2","0","2","3","3","36","36","72","72"
"4418","1","3","5","4","1","325","25","¿En qué juego estamos?","¿En qué juego estamos?","0","0","1","1","26","54","80","64"
"4419","4","3","5","4","1","325","25","Por favor decidme la verdad","Por favor decidme la verdad","0","0","1","1","26","54","80","64"
"4420","8","3","5","4","1","306","6","Es el juego: 1","Es el juego 1","0","2","1","1","26","54","80","64"
"4421","8","3","5","4","1","325","25","Por favor decidme la verdad","Por favor decidme la verdad","0","0","1","1","26","54","80","64"
"4422","8","3","5","4","1","314","14","Es el juego: 1","Es el juego 1","0","1","1","1","26","54","80","64"
"4423","11","3","5","4","1","314","14","C está diciendo la verdad","C está diciendo la verdad","0","1","1","1","26","54","80","64"
"4424","13","3","5","4","1","306","6","F está diciendo la verdad","F está diciendo la verdad","0","2","1","1","26","54","80","64"
"4425","13","3","5","4","1","314","14","Estoy diciendo la verdad","Estoy diciendo la verdad.","0","1","1","1","26","54","80","64"
"4426","16","3","5","4","1","306","6","Es el juego: 1","Es el juego 1","0","2","1","1","26","54","80","64"
"4427","29","3","5","4","1","325","25","Por favor decidme la verdad","Por favor decidme la verdad","0","0","1","1","26","54","80","64"
"4428","2","3","5","5","2","315","15","Es el juego: 2","Es el juego 2","0","1","2","2","33","47","80","72"
"4429","5","3","5","5","2","315","15","Estoy diciendo la verdad","Estoy diciendo la verdad.","0","1","2","2","33","47","80","72"
"4430","16","3","5","5","2","323","23","Por favor decidme la verdad","Por favor decidme la verdad","0","0","2","2","33","47","80","72"
"4431","20","3","5","5","2","304","4","Es el juego: 2","Es el juego 2","0","2","2","2","33","47","80","72"
"4432","26","3","5","5","2","304","4","F está diciendo la verdad","F está diciendo la verdad","0","2","2","2","33","47","80","72"
"4433","27","3","5","5","2","315","15","C está diciendo la verdad","C está diciendo la verdad","0","1","2","2","33","47","80","72"
"4434","32","3","5","5","2","315","15","C está diciendo la verdad","C está diciendo la verdad","0","1","2","2","33","47","80","72"
"4435","35","3","5","5","2","315","15","Es el juego: 2","Es el juego 2","0","1","2","2","33","47","80","72"
"4436","6","3","5","6","1","326","26","¿En qué juego estamos?","¿En qué juego estamos?","0","0","1","1","26","54","80","64"
"4437","13","3","5","6","1","308","8","Es el juego: 1","Es el juego 1","0","2","1","1","26","54","80","64"
"4438","18","3","5","6","1","317","17","C está mintiendo","C está mintiendo","0","1","1","1","26","54","80","64"
"4439","20","3","5","6","1","326","26","¿En qué juego estamos?","¿En qué juego estamos?","0","0","1","1","26","54","80","64"
"4440","20","3","5","6","1","308","8","Estoy diciendo la verdad","Estoy diciendo la verdad.","0","2","1","1","26","54","80","64"
"4441","23","3","5","6","1","308","8","Es el juego: 1","Es el juego 1","0","2","1","1","26","54","80","64"
"4442","24","3","5","6","1","317","17","Es el juego: 2","Es el juego 2","0","1","1","1","26","54","80","64"
"4443","27","3","5","6","1","308","8","F está mintiendo","F está mintiendo","0","2","1","1","26","54","80","64"
"4444","30","3","5","6","1","317","17","Estoy diciendo la verdad","Estoy diciendo la verdad.","0","1","1","1","26","54","80","64"
"4445","33","3","5","6","1","308","8","F está mintiendo","F está mintiendo","0","2","1","1","26","54","80","64"
"4446","36","3","5","6","1","326","26","¿En qué juego estamos?","¿En qué juego estamos?","0","0","1","1","26","54","80","64"
"4447","36","3","5","6","1","308","8","Es el juego: 1","Es el juego 1","0","2","1","1","26","54","80","64"
"4448","3","3","5","7","2","322","22","¿En qué juego estamos?","¿En qué juego estamos?","0","0","2","2","33","47","80","72"
"4449","4","3","5","7","2","322","22","¿En qué juego estamos?","¿En qué juego estamos?","0","0","2","2","33","47","80","72"
"4450","15","3","5","7","2","311","11","Es el juego: 2","Es el juego 2","0","1","2","2","33","47","80","72"
"4451","6","3","5","8","4","320","20","¿En qué juego estamos?","¿En qué juego estamos?","0","0","4","4","47","33","80","72"
"4452","13","3","5","8","4","305","5","Es el juego: 1","Es el juego 1","0","2","4","4","47","33","80","72"
"4453","19","3","5","8","4","313","13","Es el juego: 4","Es el juego 4","0","1","4","4","47","33","80","72"
"4454","19","3","5","8","4","320","20","Por favor decidme la verdad","Por favor decidme la verdad","0","0","4","4","47","33","80","72"
"4455","22","3","5","8","4","313","13","Es el juego: 4","Es el juego 4","0","1","4","4","47","33","80","72"
"4456","22","3","5","8","4","305","5","Estoy diciendo la verdad","Estoy diciendo la verdad.","0","2","4","4","47","33","80","72"
"4457","24","3","5","8","4","305","5","Es el juego: 1","Es el juego 1","0","2","4","4","47","33","80","72"
"4458","24","3","5","8","4","313","13","Estoy diciendo la verdad","Estoy diciendo la verdad.","0","1","4","4","47","33","80","72"
"4459","26","3","5","8","4","313","13","Es el juego: 4","Es el juego 4","0","1","4","4","47","33","80","72"
"4460","28","3","5","8","4","313","13","Estoy diciendo la verdad","Estoy diciendo la verdad.","0","1","4","4","47","33","80","72"
"4461","30","3","5","8","4","313","13","Es el juego: 4","Es el juego 4","0","1","4","4","47","33","80","72"
"4462","31","3","5","8","4","313","13","Estoy diciendo la verdad","Estoy diciendo la verdad.","0","1","4","4","47","33","80","72"
"4463","33","3","5","8","4","305","5","F está mintiendo","F está mintiendo","0","2","4","4","47","33","80","72"
"4464","33","3","5","8","4","313","13","Es el juego: 4","Es el juego 4","0","1","4","4","47","33","80","72"
"4465","34","3","5","8","4","313","13","Estoy diciendo la verdad","Estoy diciendo la verdad.","0","1","4","4","47","33","80","72"
"4466","35","3","5","8","4","305","5","Es el juego: 1","Es el juego 1","0","2","4","4","47","33","80","72"
"4467","36","3","5","8","4","313","13","Es el juego: 4","Es el juego 4","0","1","4","4","47","33","80","72"
"4468","38","3","5","8","4","313","13","Estoy diciendo la verdad","Estoy diciendo la verdad.","0","1","4","4","47","33","80","72"
"4469","39","3","5","8","4","313","13","Es el juego: 4","Es el juego 4","0","1","4","4","47","33","80","72"
"4470","41","3","5","8","4","313","13","Estoy diciendo la verdad","Estoy diciendo la verdad.","0","1","4","4","47","33","80","72"
"4471","42","3","5","8","4","313","13","C está mintiendo","C está mintiendo","0","1","4","4","47","33","80","72"
"4472","44","3","5","8","4","313","13","C está mintiendo","C está mintiendo","0","1","4","4","47","33","80","72"
"4473","45","3","5","8","4","313","13","C está mintiendo","C está mintiendo","0","1","4","4","47","33","80","72"
"4474","46","3","5","8","4","305","5","Es el juego: 1","Es el juego 1","0","2","4","4","47","33","80","72"
"4475","2","3","5","9","1","324","24","¿En qué juego estamos?","¿En qué juego estamos?","0","0","1","1","26","54","80","64"
"4476","5","3","5","9","1","324","24","Por favor decidme la verdad","Por favor decidme la verdad","0","0","1","1","26","54","80","64"
"4477","16","3","5","9","1","316","16","Estoy diciendo la verdad","Estoy diciendo la verdad.","0","1","1","1","26","54","80","64"
"4478","16","3","5","9","1","303","3","Es el juego: 1","Es el juego 1","0","2","1","1","26","54","80","64"
"4479","21","3","5","9","1","324","24","Por favor decidme la verdad","Por favor decidme la verdad","0","0","1","1","26","54","80","64"
"4480","21","3","5","9","1","303","3","Estoy diciendo la verdad","Estoy diciendo la verdad.","0","2","1","1","26","54","80","64"
"4481","23","3","5","9","1","303","3","Estoy diciendo la verdad","Estoy diciendo la verdad.","0","2","1","1","26","54","80","64"
"4482","41","3","5","9","1","316","16","Es el juego: 1","Es el juego 1","0","1","1","1","26","54","80","64"
"-999","0","3","6","7","3","311","11","","-999","0","1","1","1","18","46","64","80"
"-999","0","3","6","1","1","318","18","","-999","0","1","3","3","32","32","64","64"
"-999","0","2","6","6","3","227","27","","-999","0","0","4","4","43","29","72","80"
"-999","0","2","6","1","1","221","21","","-999","0","0","1","1","26","54","80","64"
"-999","0","1","6","9","2","112","12","","-999","0","1","2","2","33","47","80","72"
"-999","0","1","6","5","3","113","13","","-999","0","1","2","2","29","43","72","80"
"309","2","1","6","1","1","124","24","¿En qué juego estamos?","¿En qué juego estamos?","0","0","2","2","29","43","72","64"
"310","7","1","6","1","1","124","24","Por favor decidme la verdad","Por favor decidme la verdad","0","0","2","2","29","43","72","64"
"311","7","1","6","1","1","117","17","Es el juego: 1","Es el juego 1","0","1","2","2","29","43","72","64"
"312","13","1","6","1","1","103","3","Es el juego: 1","Es el juego 1","0","2","2","2","29","43","72","64"
"313","15","1","6","1","1","103","3","F está diciendo la verdad","F está diciendo la verdad","0","2","2","2","29","43","72","64"
"314","18","1","6","1","1","117","17","Estoy diciendo la verdad","Estoy diciendo la verdad.","0","1","2","2","29","43","72","64"
"315","22","1","6","1","1","103","3","Es el juego: 1","Es el juego 1","0","2","2","2","29","43","72","64"
"316","32","1","6","1","1","117","17","Estoy diciendo la verdad","Estoy diciendo la verdad.","0","1","2","2","29","43","72","64"
"317","35","1","6","1","1","117","17","Es el juego: 1","Es el juego 1","0","1","2","2","29","43","72","64"
"318","4","1","6","2","3","123","23","¿En qué juego estamos?","¿En qué juego estamos?","0","0","4","4","43","29","72","80"
"319","5","1","6","2","3","123","23","Por favor decidme la verdad","Por favor decidme la verdad","0","0","4","4","43","29","72","80"
"320","11","1","6","2","3","116","16","Es el juego: 3","Es el juego 3","0","1","4","4","43","29","72","80"
"321","14","1","6","2","3","102","2","F está diciendo la verdad","F está diciendo la verdad","0","2","4","4","43","29","72","80"
"322","21","1","6","2","3","123","23","Por favor decidme la verdad","Por favor decidme la verdad","0","0","4","4","43","29","72","80"
"323","24","1","6","2","3","102","2","F está diciendo la verdad","F está diciendo la verdad","0","2","4","4","43","29","72","80"
"324","28","1","6","2","3","116","16","Estoy diciendo la verdad","Estoy diciendo la verdad.","0","1","4","4","43","29","72","80"
"325","34","1","6","2","3","102","2","F está diciendo la verdad","F está diciendo la verdad","0","2","4","4","43","29","72","80"
"326","35","1","6","2","3","123","23","Por favor decidme la verdad","Por favor decidme la verdad","0","0","4","4","43","29","72","80"
"327","40","1","6","2","3","102","2","F está diciendo la verdad","F está diciendo la verdad","0","2","4","4","43","29","72","80"
"328","2","1","6","3","5","121","21","¿En qué juego estamos?","¿En qué juego estamos?","0","0","5","5","54","26","80","64"
"329","6","1","6","3","5","107","7","Es el juego: 1","Es el juego 1","0","2","5","5","54","26","80","64"
"330","6","1","6","3","5","114","14","Es el juego: 5","Es el juego 5","0","1","5","5","54","26","80","64"
"331","10","1","6","3","5","107","7","F está mintiendo","F está mintiendo","0","2","5","5","54","26","80","64"
"332","13","1","6","3","5","114","14","C está mintiendo","C está mintiendo","0","1","5","5","54","26","80","64"
"333","15","1","6","3","5","121","21","Por favor decidme la verdad","Por favor decidme la verdad","0","0","5","5","54","26","80","64"
"334","17","1","6","3","5","114","14","Es el juego: 5","Es el juego 5","0","1","5","5","54","26","80","64"
"335","17","1","6","3","5","107","7","Estoy diciendo la verdad","Estoy diciendo la verdad.","0","2","5","5","54","26","80","64"
"336","20","1","6","3","5","114","14","Estoy diciendo la verdad","Estoy diciendo la verdad.","0","1","5","5","54","26","80","64"
"337","21","1","6","3","5","107","7","Es el juego: 1","Es el juego 1","0","2","5","5","54","26","80","64"
"338","27","1","6","3","5","107","7","F está mintiendo","F está mintiendo","0","2","5","5","54","26","80","64"
"339","28","1","6","3","5","114","14","Es el juego: 5","Es el juego 5","0","1","5","5","54","26","80","64"
"340","30","1","6","3","5","107","7","Es el juego: 1","Es el juego 1","0","2","5","5","54","26","80","64"
"341","34","1","6","3","5","107","7","F está mintiendo","F está mintiendo","0","2","5","5","54","26","80","64"
"342","37","1","6","3","5","107","7","Es el juego: 1","Es el juego 1","0","2","5","5","54","26","80","64"
"343","40","1","6","3","5","114","14","Estoy diciendo la verdad","Estoy diciendo la verdad.","0","1","5","5","54","26","80","64"
"344","40","1","6","3","5","107","7","Estoy diciendo la verdad","Estoy diciendo la verdad.","0","2","5","5","54","26","80","64"
"345","42","1","6","3","5","114","14","Es el juego: 5","Es el juego 5","0","1","5","5","54","26","80","64"
"346","43","1","6","3","5","107","7","Estoy diciendo la verdad","Estoy diciendo la verdad.","0","2","5","5","54","26","80","64"
"347","45","1","6","3","5","107","7","Es el juego: 1","Es el juego 1","0","2","5","5","54","26","80","64"
"348","2","1","6","4","5","120","20","¿En qué juego estamos?","¿En qué juego estamos?","0","0","3","3","32","32","64","64"
"349","13","1","6","4","5","115","15","Es el juego: 5","Es el juego 5","0","1","3","3","32","32","64","64"
"350","15","1","6","4","5","101","1","Es el juego: 3","Es el juego 3","0","2","3","3","32","32","64","64"
"351","24","1","6","4","5","120","20","Por favor decidme la verdad","Por favor decidme la verdad","0","0","3","3","32","32","64","64"
"352","28","1","6","4","5","115","15","Es el juego: 5","Es el juego 5","0","1","3","3","32","32","64","64"
"353","32","1","6","4","5","115","15","Estoy diciendo la verdad","Estoy diciendo la verdad.","0","1","3","3","32","32","64","64"
"354","34","1","6","4","5","101","1","Es el juego: 3","Es el juego 3","0","2","3","3","32","32","64","64"
"355","37","1","6","4","5","115","15","C está mintiendo","C está mintiendo","0","1","3","3","32","32","64","64"
"356","3","1","6","5","3","126","26","¿En qué juego estamos?","¿En qué juego estamos?","0","0","2","2","29","43","72","80"
"357","6","1","6","5","3","106","6","Es el juego: 3","Es el juego 3","0","2","2","2","29","43","72","80"
"358","13","1","6","5","3","126","26","Por favor decidme la verdad","Por favor decidme la verdad","0","0","2","2","29","43","72","80"
"359","35","1","6","5","3","106","6","Estoy diciendo la verdad","Estoy diciendo la verdad.","0","2","2","2","29","43","72","80"
"360","2","1","6","6","3","125","25","¿En qué juego estamos?","¿En qué juego estamos?","0","0","4","4","43","29","72","80"
"361","13","1","6","6","3","111","11","Es el juego: 3","Es el juego 3","0","1","4","4","43","29","72","80"
"362","22","1","6","6","3","108","8","Es el juego: 1","Es el juego 1","0","2","4","4","43","29","72","80"
"363","25","1","6","6","3","108","8","F está diciendo la verdad","F está diciendo la verdad","0","2","4","4","43","29","72","80"
"364","25","1","6","6","3","111","11","C está mintiendo","C está mintiendo","0","1","4","4","43","29","72","80"
"365","27","1","6","6","3","108","8","F está mintiendo","F está mintiendo","0","2","4","4","43","29","72","80"
"366","28","1","6","6","3","111","11","C está mintiendo","C está mintiendo","0","1","4","4","43","29","72","80"
"367","29","1","6","6","3","111","11","C está mintiendo","C está mintiendo","0","1","4","4","43","29","72","80"
"368","29","1","6","6","3","108","8","F está mintiendo","F está mintiendo","0","2","4","4","43","29","72","80"
"369","31","1","6","6","3","111","11","C está mintiendo","C está mintiendo","0","1","4","4","43","29","72","80"
"370","32","1","6","6","3","108","8","Estoy diciendo la verdad","Estoy diciendo la verdad.","0","2","4","4","43","29","72","80"
"371","32","1","6","6","3","111","11","C está mintiendo","C está mintiendo","0","1","4","4","43","29","72","80"
"372","34","1","6","6","3","111","11","Estoy diciendo la verdad","Estoy diciendo la verdad.","0","1","4","4","43","29","72","80"
"373","35","1","6","6","3","108","8","Estoy diciendo la verdad","Estoy diciendo la verdad.","0","2","4","4","43","29","72","80"
"374","36","1","6","6","3","111","11","Estoy diciendo la verdad","Estoy diciendo la verdad.","0","1","4","4","43","29","72","80"
"375","37","1","6","6","3","108","8","F está mintiendo","F está mintiendo","0","2","4","4","43","29","72","80"
"376","38","1","6","6","3","111","11","Estoy diciendo la verdad","Estoy diciendo la verdad.","0","1","4","4","43","29","72","80"
"377","40","1","6","6","3","108","8","F está mintiendo","F está mintiendo","0","2","4","4","43","29","72","80"
"378","40","1","6","6","3","111","11","Estoy diciendo la verdad","Estoy diciendo la verdad.","0","1","4","4","43","29","72","80"
"379","42","1","6","6","3","111","11","Estoy diciendo la verdad","Estoy diciendo la verdad.","0","1","4","4","43","29","72","80"
"380","43","1","6","6","3","108","8","Estoy diciendo la verdad","Estoy diciendo la verdad.","0","2","4","4","43","29","72","80"
"381","44","1","6","6","3","108","8","Es el juego: 1","Es el juego 1","0","2","4","4","43","29","72","80"
"382","4","1","6","7","3","119","19","¿En qué juego estamos?","¿En qué juego estamos?","0","0","3","3","40","40","80","80"
"383","6","1","6","7","3","118","18","Es el juego: 3","Es el juego 3","0","1","3","3","40","40","80","80"
"384","14","1","6","7","3","104","4","Es el juego: 3","Es el juego 3","0","2","3","3","40","40","80","80"
"385","18","1","6","7","3","118","18","C está diciendo la verdad","C está diciendo la verdad","0","1","3","3","40","40","80","80"
"386","25","1","6","7","3","104","4","F está diciendo la verdad","F está diciendo la verdad","0","2","3","3","40","40","80","80"
"387","2","1","6","8","1","122","22","¿En qué juego estamos?","¿En qué juego estamos?","0","0","1","1","26","54","80","64"
"388","3","1","6","8","1","122","22","¿En qué juego estamos?","¿En qué juego estamos?","0","0","1","1","26","54","80","64"
"389","5","1","6","8","1","122","22","¿En qué juego estamos?","¿En qué juego estamos?","0","0","1","1","26","54","80","64"
"390","6","1","6","8","1","122","22","¿En qué juego estamos?","¿En qué juego estamos?","0","0","1","1","26","54","80","64"
"391","8","1","6","8","1","122","22","¿En qué juego estamos?","¿En qué juego estamos?","0","0","1","1","26","54","80","64"
"392","8","1","6","8","1","110","10","Es el juego: 1","Es el juego 1","0","1","1","1","26","54","80","64"
"393","13","1","6","8","1","105","5","Es el juego: 1","Es el juego 1","0","2","1","1","26","54","80","64"
"394","15","1","6","8","1","110","10","Estoy diciendo la verdad","Estoy diciendo la verdad.","0","1","1","1","26","54","80","64"
"395","15","1","6","8","1","122","22","Por favor decidme la verdad","Por favor decidme la verdad","0","0","1","1","26","54","80","64"
"396","17","1","6","8","1","122","22","Por favor decidme la verdad","Por favor decidme la verdad","0","0","1","1","26","54","80","64"
"397","17","1","6","8","1","110","10","C está diciendo la verdad","C está diciendo la verdad","0","1","1","1","26","54","80","64"
"398","19","1","6","8","1","105","5","F está diciendo la verdad","F está diciendo la verdad","0","2","1","1","26","54","80","64"
"399","30","1","6","8","1","110","10","Estoy diciendo la verdad","Estoy diciendo la verdad.","0","1","1","1","26","54","80","64"
"400","33","1","6","8","1","110","10","Estoy diciendo la verdad","Estoy diciendo la verdad.","0","1","1","1","26","54","80","64"
"401","35","1","6","8","1","105","5","Estoy diciendo la verdad","Estoy diciendo la verdad.","0","2","1","1","26","54","80","64"
"402","36","1","6","8","1","110","10","C está diciendo la verdad","C está diciendo la verdad","0","1","1","1","26","54","80","64"
"403","40","1","6","8","1","122","22","Por favor decidme la verdad","Por favor decidme la verdad","0","0","1","1","26","54","80","64"
"404","42","1","6","8","1","122","22","Por favor decidme la verdad","Por favor decidme la verdad","0","0","1","1","26","54","80","64"
"405","43","1","6","8","1","105","5","F está diciendo la verdad","F está diciendo la verdad","0","2","1","1","26","54","80","64"
"406","43","1","6","8","1","110","10","C está diciendo la verdad","C está diciendo la verdad","0","1","1","1","26","54","80","64"
"407","2","1","6","9","2","127","27","¿En qué juego estamos?","¿En qué juego estamos?","0","0","2","2","33","47","80","72"
"408","5","1","6","9","2","109","9","Es el juego: 2","Es el juego 2","0","2","2","2","33","47","80","72"
"409","6","1","6","9","2","127","27","Por favor decidme la verdad","Por favor decidme la verdad","0","0","2","2","33","47","80","72"
"410","10","1","6","9","2","109","9","Estoy diciendo la verdad","Estoy diciendo la verdad.","0","2","2","2","33","47","80","72"
"411","31","1","6","9","2","127","27","Por favor decidme la verdad","Por favor decidme la verdad","0","0","2","2","33","47","80","72"
"412","33","1","6","9","2","127","27","¿En qué juego estamos?","¿En qué juego estamos?","0","0","2","2","33","47","80","72"
"413","34","1","6","9","2","109","9","Estoy diciendo la verdad","Estoy diciendo la verdad.","0","2","2","2","33","47","80","72"
"414","36","1","6","9","2","109","9","Es el juego: 2","Es el juego 2","0","2","2","2","33","47","80","72"
"2225","25","2","6","1","1","203","3","Es el juego: 1","Es el juego 1","0","2","1","1","26","54","80","64"
"2226","30","2","6","1","1","213","13","C está diciendo la verdad","C está diciendo la verdad","0","1","1","1","26","54","80","64"
"2227","3","2","6","2","3","220","20","¿En qué juego estamos?","¿En qué juego estamos?","0","0","3","3","40","40","80","80"
"2228","11","2","6","2","3","220","20","¿En qué juego estamos?","¿En qué juego estamos?","0","0","3","3","40","40","80","80"
"2229","11","2","6","2","3","215","15","Es el juego: 4","Es el juego 4","0","1","3","3","40","40","80","80"
"2230","13","2","6","2","3","220","20","Por favor decidme la verdad","Por favor decidme la verdad","0","0","3","3","40","40","80","80"
"2231","16","2","6","2","3","209","9","Es el juego: 3","Es el juego 3","0","2","3","3","40","40","80","80"
"2232","17","2","6","2","3","220","20","Por favor decidme la verdad","Por favor decidme la verdad","0","0","3","3","40","40","80","80"
"2233","18","2","6","2","3","215","15","C está mintiendo","C está mintiendo","0","1","3","3","40","40","80","80"
"2234","20","2","6","2","3","209","9","Estoy diciendo la verdad","Estoy diciendo la verdad.","0","2","3","3","40","40","80","80"
"2235","21","2","6","2","3","209","9","Estoy diciendo la verdad","Estoy diciendo la verdad.","0","2","3","3","40","40","80","80"
"2236","24","2","6","2","3","215","15","C está mintiendo","C está mintiendo","0","1","3","3","40","40","80","80"
"2237","25","2","6","2","3","209","9","Estoy diciendo la verdad","Estoy diciendo la verdad.","0","2","3","3","40","40","80","80"
"2238","34","2","6","2","3","215","15","C está mintiendo","C está mintiendo","0","1","3","3","40","40","80","80"
"2239","37","2","6","2","3","209","9","Es el juego: 3","Es el juego 3","0","2","3","3","40","40","80","80"
"2240","40","2","6","2","3","209","9","Es el juego: 3","Es el juego 3","0","2","3","3","40","40","80","80"
"2241","41","2","6","2","3","215","15","Es el juego: 4","Es el juego 4","0","1","3","3","40","40","80","80"
"2242","44","2","6","2","3","209","9","Es el juego: 3","Es el juego 3","0","2","3","3","40","40","80","80"
"2243","44","2","6","2","3","215","15","Es el juego: 4","Es el juego 4","0","1","3","3","40","40","80","80"
"2244","2","2","6","3","5","222","22","¿En qué juego estamos?","¿En qué juego estamos?","0","0","5","5","54","26","80","64"
"2245","5","2","6","3","5","202","2","Es el juego: 5","Es el juego 5","0","2","5","5","54","26","80","64"
"2246","7","2","6","3","5","222","22","Por favor decidme la verdad","Por favor decidme la verdad","0","0","5","5","54","26","80","64"
"2247","9","2","6","3","5","202","2","Estoy diciendo la verdad","Estoy diciendo la verdad.","0","2","5","5","54","26","80","64"
"2248","13","2","6","3","5","211","11","C está diciendo la verdad","C está diciendo la verdad","0","1","5","5","54","26","80","64"
"2249","33","2","6","3","5","222","22","Por favor decidme la verdad","Por favor decidme la verdad","0","0","5","5","54","26","80","64"
"2250","37","2","6","3","5","222","22","¿En qué juego estamos?","¿En qué juego estamos?","0","0","5","5","54","26","80","64"
"2251","39","2","6","3","5","222","22","Por favor decidme la verdad","Por favor decidme la verdad","0","0","5","5","54","26","80","64"
"2252","40","2","6","3","5","222","22","¿En qué juego estamos?","¿En qué juego estamos?","0","0","5","5","54","26","80","64"
"2253","42","2","6","3","5","202","2","Estoy diciendo la verdad","Estoy diciendo la verdad.","0","2","5","5","54","26","80","64"
"2254","5","2","6","4","5","224","24","¿En qué juego estamos?","¿En qué juego estamos?","0","0","5","5","54","26","80","64"
"2255","7","2","6","4","5","218","18","Es el juego: 5","Es el juego 5","0","1","5","5","54","26","80","64"
"2256","7","2","6","4","5","224","24","Por favor decidme la verdad","Por favor decidme la verdad","0","0","5","5","54","26","80","64"
"2257","10","2","6","4","5","201","1","F está diciendo la verdad","F está diciendo la verdad","0","2","5","5","54","26","80","64"
"2258","18","2","6","4","5","218","18","Estoy diciendo la verdad","Estoy diciendo la verdad.","0","1","5","5","54","26","80","64"
"2259","24","2","6","4","5","218","18","C está diciendo la verdad","C está diciendo la verdad","0","1","5","5","54","26","80","64"
"2260","27","2","6","4","5","224","24","Por favor decidme la verdad","Por favor decidme la verdad","0","0","5","5","54","26","80","64"
"2261","31","2","6","4","5","218","18","Es el juego: 5","Es el juego 5","0","1","5","5","54","26","80","64"
"2262","31","2","6","4","5","201","1","Es el juego: 5","Es el juego 5","0","2","5","5","54","26","80","64"
"2263","3","2","6","5","3","225","25","¿En qué juego estamos?","¿En qué juego estamos?","0","0","3","3","40","40","80","80"
"2264","4","2","6","5","3","216","16","Es el juego: 3","Es el juego 3","0","1","3","3","40","40","80","80"
"2265","8","2","6","5","3","225","25","Por favor decidme la verdad","Por favor decidme la verdad","0","0","3","3","40","40","80","80"
"2266","10","2","6","5","3","205","5","Es el juego: 3","Es el juego 3","0","2","3","3","40","40","80","80"
"2267","21","2","6","5","3","225","25","Por favor decidme la verdad","Por favor decidme la verdad","0","0","3","3","40","40","80","80"
"2268","25","2","6","5","3","216","16","C está diciendo la verdad","C está diciendo la verdad","0","1","3","3","40","40","80","80"
"2269","37","2","6","5","3","216","16","Estoy diciendo la verdad","Estoy diciendo la verdad.","0","1","3","3","40","40","80","80"
"2270","42","2","6","5","3","225","25","Por favor decidme la verdad","Por favor decidme la verdad","0","0","3","3","40","40","80","80"
"2271","4","2","6","6","3","212","12","Es el juego: 3","Es el juego 3","0","1","4","4","43","29","72","80"
"2272","5","2","6","6","3","212","12","Estoy diciendo la verdad","Estoy diciendo la verdad.","0","1","4","4","43","29","72","80"
"2273","11","2","6","6","3","207","7","F está diciendo la verdad","F está diciendo la verdad","0","2","4","4","43","29","72","80"
"2274","15","2","6","6","3","212","12","C está diciendo la verdad","C está diciendo la verdad","0","1","4","4","43","29","72","80"
"2275","3","2","6","7","3","226","26","¿En qué juego estamos?","¿En qué juego estamos?","0","0","3","3","40","40","80","80"
"2276","4","2","6","7","3","226","26","Por favor decidme la verdad","Por favor decidme la verdad","0","0","3","3","40","40","80","80"
"2277","10","2","6","7","3","214","14","Es el juego: 3","Es el juego 3","0","1","3","3","40","40","80","80"
"2278","12","2","6","7","3","214","14","Estoy diciendo la verdad","Estoy diciendo la verdad.","0","1","3","3","40","40","80","80"
"2279","14","2","6","7","3","206","6","Estoy diciendo la verdad","Estoy diciendo la verdad.","0","2","3","3","40","40","80","80"
"2280","16","2","6","7","3","206","6","F está diciendo la verdad","F está diciendo la verdad","0","2","3","3","40","40","80","80"
"2281","20","2","6","7","3","214","14","Estoy diciendo la verdad","Estoy diciendo la verdad.","0","1","3","3","40","40","80","80"
"2282","21","2","6","7","3","206","6","Es el juego: 3","Es el juego 3","0","2","3","3","40","40","80","80"
"2283","28","2","6","7","3","214","14","Es el juego: 3","Es el juego 3","0","1","3","3","40","40","80","80"
"2284","38","2","6","7","3","214","14","C está diciendo la verdad","C está diciendo la verdad","0","1","3","3","40","40","80","80"
"2285","3","2","6","8","1","219","19","¿En qué juego estamos?","¿En qué juego estamos?","0","0","2","2","29","43","72","64"
"2286","6","2","6","8","1","208","8","Es el juego: 1","Es el juego 1","0","2","2","2","29","43","72","64"
"2287","15","2","6","8","1","219","19","Por favor decidme la verdad","Por favor decidme la verdad","0","0","2","2","29","43","72","64"
"2288","18","2","6","8","1","217","17","Es el juego: 5","Es el juego 5","0","1","2","2","29","43","72","64"
"2289","20","2","6","8","1","208","8","Es el juego: 1","Es el juego 1","0","2","2","2","29","43","72","64"
"2290","21","2","6","8","1","217","17","C está mintiendo","C está mintiendo","0","1","2","2","29","43","72","64"
"2291","22","2","6","8","1","208","8","F está diciendo la verdad","F está diciendo la verdad","0","2","2","2","29","43","72","64"
"2292","24","2","6","8","1","208","8","Estoy diciendo la verdad","Estoy diciendo la verdad.","0","2","2","2","29","43","72","64"
"2293","29","2","6","8","1","208","8","F está mintiendo","F está mintiendo","0","2","2","2","29","43","72","64"
"2294","31","2","6","8","1","208","8","F está mintiendo","F está mintiendo","0","2","2","2","29","43","72","64"
"2295","33","2","6","8","1","208","8","Es el juego: 1","Es el juego 1","0","2","2","2","29","43","72","64"
"2296","36","2","6","8","1","217","17","Es el juego: 5","Es el juego 5","0","1","2","2","29","43","72","64"
"2297","46","2","6","8","1","208","8","Es el juego: 1","Es el juego 1","0","2","2","2","29","43","72","64"
"2298","2","2","6","9","2","223","23","¿En qué juego estamos?","¿En qué juego estamos?","0","0","5","4","28","11","39","72"
"2299","3","2","6","9","2","223","23","Por favor decidme la verdad","Por favor decidme la verdad","0","0","5","4","28","11","39","72"
"2300","6","2","6","9","2","204","4","Es el juego: 2","Es el juego 2","0","2","5","4","28","11","39","72"
"2301","8","2","6","9","2","204","4","Estoy diciendo la verdad","Estoy diciendo la verdad.","0","2","5","4","28","11","39","72"
"2302","11","2","6","9","2","223","23","Por favor decidme la verdad","Por favor decidme la verdad","0","0","5","4","28","11","39","72"
"2303","18","2","6","9","2","210","10","C está diciendo la verdad","C está diciendo la verdad","0","1","5","4","28","11","39","72"
"2304","27","2","6","9","2","210","10","Es el juego: 2","Es el juego 2","0","1","5","4","28","11","39","72"
"4483","1","3","6","1","1","321","21","¿En qué juego estamos?","¿En qué juego estamos?","0","0","3","3","32","32","64","64"
"4484","3","3","6","1","1","321","21","Por favor decidme la verdad","Por favor decidme la verdad","0","0","3","3","32","32","64","64"
"4485","15","3","6","1","1","302","2","Es el juego: 1","Es el juego 1","0","2","3","3","32","32","64","64"
"4486","17","3","6","1","1","302","2","Estoy diciendo la verdad","Estoy diciendo la verdad.","0","2","3","3","32","32","64","64"
"4487","1","3","6","2","3","327","27","¿En qué juego estamos?","¿En qué juego estamos?","0","0","3","3","40","40","80","80"
"4488","4","3","6","2","3","327","27","Por favor decidme la verdad","Por favor decidme la verdad","0","0","3","3","40","40","80","80"
"4489","16","3","6","2","3","310","10","Es el juego: 3","Es el juego 3","0","1","3","3","40","40","80","80"
"4490","21","3","6","2","3","301","1","F está diciendo la verdad","F está diciendo la verdad","0","2","3","3","40","40","80","80"
"4491","1","3","6","3","5","319","19","¿En qué juego estamos?","¿En qué juego estamos?","0","0","4","4","43","29","72","64"
"4492","3","3","6","3","5","319","19","Por favor decidme la verdad","Por favor decidme la verdad","0","0","4","4","43","29","72","64"
"4493","10","3","6","3","5","312","12","Es el juego: 5","Es el juego 5","0","1","4","4","43","29","72","64"
"4494","14","3","6","3","5","312","12","Estoy diciendo la verdad","Estoy diciendo la verdad.","0","1","4","4","43","29","72","64"
"4495","14","3","6","3","5","319","19","Por favor decidme la verdad","Por favor decidme la verdad","0","0","4","4","43","29","72","64"
"4496","15","3","6","3","5","307","7","Es el juego: 3","Es el juego 3","0","2","4","4","43","29","72","64"
"4497","16","3","6","3","5","312","12","Estoy diciendo la verdad","Estoy diciendo la verdad.","0","1","4","4","43","29","72","64"
"4498","17","3","6","3","5","307","7","Estoy diciendo la verdad","Estoy diciendo la verdad.","0","2","4","4","43","29","72","64"
"4499","17","3","6","3","5","312","12","Es el juego: 5","Es el juego 5","0","1","4","4","43","29","72","64"
"4500","19","3","6","3","5","307","7","F está mintiendo","F está mintiendo","0","2","4","4","43","29","72","64"
"4501","20","3","6","3","5","312","12","C está mintiendo","C está mintiendo","0","1","4","4","43","29","72","64"
"4502","22","3","6","3","5","312","12","Es el juego: 5","Es el juego 5","0","1","4","4","43","29","72","64"
"4503","22","3","6","3","5","307","7","Es el juego: 3","Es el juego 3","0","2","4","4","43","29","72","64"
"4504","24","3","6","3","5","312","12","Es el juego: 5","Es el juego 5","0","1","4","4","43","29","72","64"
"4505","24","3","6","3","5","307","7","Estoy diciendo la verdad","Estoy diciendo la verdad.","0","2","4","4","43","29","72","64"
"4506","26","3","6","3","5","307","7","F está mintiendo","F está mintiendo","0","2","4","4","43","29","72","64"
"4507","27","3","6","3","5","312","12","C está mintiendo","C está mintiendo","0","1","4","4","43","29","72","64"
"4508","28","3","6","3","5","319","19","Por favor decidme la verdad","Por favor decidme la verdad","0","0","4","4","43","29","72","64"
"4509","30","3","6","3","5","312","12","Es el juego: 5","Es el juego 5","0","1","4","4","43","29","72","64"
"4510","30","3","6","3","5","307","7","Estoy diciendo la verdad","Estoy diciendo la verdad.","0","2","4","4","43","29","72","64"
"4511","32","3","6","3","5","307","7","Es el juego: 3","Es el juego 3","0","2","4","4","43","29","72","64"
"4512","38","3","6","3","5","312","12","Es el juego: 5","Es el juego 5","0","1","4","4","43","29","72","64"
"4513","41","3","6","3","5","312","12","Es el juego: 5","Es el juego 5","0","1","4","4","43","29","72","64"
"4514","43","3","6","3","5","312","12","Es el juego: 5","Es el juego 5","0","1","4","4","43","29","72","64"
"4515","45","3","6","3","5","312","12","Estoy diciendo la verdad","Estoy diciendo la verdad.","0","1","4","4","43","29","72","64"
"4516","2","3","6","4","5","325","25","¿En qué juego estamos?","¿En qué juego estamos?","0","0","5","5","54","26","80","64"
"4517","5","3","6","4","5","314","14","Es el juego: 5","Es el juego 5","0","1","5","5","54","26","80","64"
"4518","7","3","6","4","5","325","25","Por favor decidme la verdad","Por favor decidme la verdad","0","0","5","5","54","26","80","64"
"4519","8","3","6","4","5","306","6","Es el juego: 2","Es el juego 2","0","2","5","5","54","26","80","64"
"4520","11","3","6","4","5","325","25","Por favor decidme la verdad","Por favor decidme la verdad","0","0","5","5","54","26","80","64"
"4521","11","3","6","4","5","314","14","C está mintiendo","C está mintiendo","0","1","5","5","54","26","80","64"
"4522","13","3","6","4","5","314","14","Es el juego: 5","Es el juego 5","0","1","5","5","54","26","80","64"
"4523","13","3","6","4","5","306","6","F está mintiendo","F está mintiendo","0","2","5","5","54","26","80","64"
"4524","16","3","6","4","5","314","14","C está mintiendo","C está mintiendo","0","1","5","5","54","26","80","64"
"4525","16","3","6","4","5","306","6","Es el juego: 2","Es el juego 2","0","2","5","5","54","26","80","64"
"4526","17","3","6","4","5","314","14","Es el juego: 5","Es el juego 5","0","1","5","5","54","26","80","64"
"4527","19","3","6","4","5","314","14","Es el juego: 5","Es el juego 5","0","1","5","5","54","26","80","64"
"4528","21","3","6","4","5","306","6","F está mintiendo","F está mintiendo","0","2","5","5","54","26","80","64"
"4529","24","3","6","4","5","306","6","Estoy diciendo la verdad","Estoy diciendo la verdad.","0","2","5","5","54","26","80","64"
"4530","28","3","6","4","5","306","6","Es el juego: 2","Es el juego 2","0","2","5","5","54","26","80","64"
"4531","30","3","6","4","5","314","14","Es el juego: 5","Es el juego 5","0","1","5","5","54","26","80","64"
"4532","31","3","6","4","5","325","25","Por favor decidme la verdad","Por favor decidme la verdad","0","0","5","5","54","26","80","64"
"4533","33","3","6","4","5","306","6","Es el juego: 2","Es el juego 2","0","2","5","5","54","26","80","64"
"4534","34","3","6","4","5","314","14","C está mintiendo","C está mintiendo","0","1","5","5","54","26","80","64"
"4535","35","3","6","4","5","314","14","C está mintiendo","C está mintiendo","0","1","5","5","54","26","80","64"
"4536","36","3","6","4","5","306","6","F está mintiendo","F está mintiendo","0","2","5","5","54","26","80","64"
"4537","37","3","6","4","5","314","14","C está mintiendo","C está mintiendo","0","1","5","5","54","26","80","64"
"4538","39","3","6","4","5","306","6","Estoy diciendo la verdad","Estoy diciendo la verdad.","0","2","5","5","54","26","80","64"
"4539","39","3","6","4","5","314","14","Es el juego: 5","Es el juego 5","0","1","5","5","54","26","80","64"
"4540","41","3","6","4","5","306","6","Es el juego: 2","Es el juego 2","0","2","5","5","54","26","80","64"
"4541","42","3","6","4","5","325","25","Por favor decidme la verdad","Por favor decidme la verdad","0","0","5","5","54","26","80","64"
"4542","43","3","6","4","5","314","14","C está mintiendo","C está mintiendo","0","1","5","5","54","26","80","64"
"4543","45","3","6","4","5","306","6","Estoy diciendo la verdad","Estoy diciendo la verdad.","0","2","5","5","54","26","80","64"
"4544","2","3","6","5","3","323","23","¿En qué juego estamos?","¿En qué juego estamos?","0","0","2","2","29","43","72","80"
"4545","3","3","6","5","3","315","15","Es el juego: 3","Es el juego 3","0","1","2","2","29","43","72","80"
"4546","8","3","6","5","3","315","15","Estoy diciendo la verdad","Estoy diciendo la verdad.","0","1","2","2","29","43","72","80"
"4547","27","3","6","5","3","323","23","¿En qué juego estamos?","¿En qué juego estamos?","0","0","2","2","29","43","72","80"
"4548","32","3","6","5","3","315","15","Es el juego: 3","Es el juego 3","0","1","2","2","29","43","72","80"
"4549","34","3","6","5","3","304","4","Es el juego: 1","Es el juego 1","0","2","2","2","29","43","72","80"
"4550","38","3","6","5","3","315","15","C está mintiendo","C está mintiendo","0","1","2","2","29","43","72","80"
"4551","38","3","6","5","3","304","4","Estoy diciendo la verdad","Estoy diciendo la verdad.","0","2","2","2","29","43","72","80"
"4552","39","3","6","5","3","315","15","C está mintiendo","C está mintiendo","0","1","2","2","29","43","72","80"
"4553","41","3","6","5","3","315","15","C está mintiendo","C está mintiendo","0","1","2","2","29","43","72","80"
"4554","41","3","6","5","3","304","4","F está mintiendo","F está mintiendo","0","2","2","2","29","43","72","80"
"4555","42","3","6","5","3","315","15","C está mintiendo","C está mintiendo","0","1","2","2","29","43","72","80"
"4556","43","3","6","5","3","304","4","F está mintiendo","F está mintiendo","0","2","2","2","29","43","72","80"
"4557","43","3","6","5","3","315","15","C está mintiendo","C está mintiendo","0","1","2","2","29","43","72","80"
"4558","45","3","6","5","3","304","4","F está mintiendo","F está mintiendo","0","2","2","2","29","43","72","80"
"4559","45","3","6","5","3","315","15","Es el juego: 3","Es el juego 3","0","1","2","2","29","43","72","80"
"4560","2","3","6","6","3","326","26","¿En qué juego estamos?","¿En qué juego estamos?","0","0","3","3","40","40","80","80"
"4561","7","3","6","6","3","308","8","Es el juego: 3","Es el juego 3","0","2","3","3","40","40","80","80"
"4562","13","3","6","6","3","317","17","Es el juego: 3","Es el juego 3","0","1","3","3","40","40","80","80"
"4563","37","3","6","6","3","326","26","Por favor decidme la verdad","Por favor decidme la verdad","0","0","3","3","40","40","80","80"
"4564","39","3","6","6","3","308","8","Estoy diciendo la verdad","Estoy diciendo la verdad.","0","2","3","3","40","40","80","80"
"4565","42","3","6","6","3","317","17","Estoy diciendo la verdad","Estoy diciendo la verdad.","0","1","3","3","40","40","80","80"
"4566","2","3","6","7","3","322","22","¿En qué juego estamos?","¿En qué juego estamos?","0","0","1","1","18","46","64","80"
"4567","5","3","6","7","3","322","22","¿En qué juego estamos?","¿En qué juego estamos?","0","0","1","1","18","46","64","80"
"4568","12","3","6","7","3","309","9","Es el juego: 1","Es el juego 1","0","2","1","1","18","46","64","80"
"4569","3","3","6","8","1","320","20","¿En qué juego estamos?","¿En qué juego estamos?","0","0","3","3","32","32","64","64"
"4570","22","3","6","8","1","305","5","Es el juego: 1","Es el juego 1","0","2","3","3","32","32","64","64"
"4571","24","3","6","8","1","305","5","Estoy diciendo la verdad","Estoy diciendo la verdad.","0","2","3","3","32","32","64","64"
"4572","30","3","6","8","1","320","20","¿En qué juego estamos?","¿En qué juego estamos?","0","0","3","3","32","32","64","64"
"4573","30","3","6","8","1","313","13","Es el juego: 3","Es el juego 3","0","1","3","3","32","32","64","64"
"4574","33","3","6","8","1","313","13","C está mintiendo","C está mintiendo","0","1","3","3","32","32","64","64"
"4575","34","3","6","8","1","313","13","C está mintiendo","C está mintiendo","0","1","3","3","32","32","64","64"
"4576","34","3","6","8","1","305","5","Estoy diciendo la verdad","Estoy diciendo la verdad.","0","2","3","3","32","32","64","64"
"4577","36","3","6","8","1","305","5","Es el juego: 1","Es el juego 1","0","2","3","3","32","32","64","64"
"4578","38","3","6","8","1","305","5","Es el juego: 1","Es el juego 1","0","2","3","3","32","32","64","64"
"4579","38","3","6","8","1","313","13","Estoy diciendo la verdad","Estoy diciendo la verdad.","0","1","3","3","32","32","64","64"
"4580","40","3","6","8","1","313","13","C está mintiendo","C está mintiendo","0","1","3","3","32","32","64","64"
"4581","41","3","6","8","1","313","13","C está mintiendo","C está mintiendo","0","1","3","3","32","32","64","64"
"4582","43","3","6","8","1","305","5","Es el juego: 1","Es el juego 1","0","2","3","3","32","32","64","64"
"4583","44","3","6","8","1","313","13","Es el juego: 3","Es el juego 3","0","1","3","3","32","32","64","64"
"4584","46","3","6","8","1","313","13","Es el juego: 3","Es el juego 3","0","1","3","3","32","32","64","64"
"4585","2","3","6","9","2","324","24","¿En qué juego estamos?","¿En qué juego estamos?","0","0","1","1","22","50","72","72"
"4586","4","3","6","9","2","324","24","Por favor decidme la verdad","Por favor decidme la verdad","0","0","1","1","22","50","72","72"
"4587","14","3","6","9","2","316","16","Es el juego: 3","Es el juego 3","0","1","1","1","22","50","72","72"
"4588","20","3","6","9","2","316","16","Es el juego: 3","Es el juego 3","0","1","1","1","22","50","72","72"
"4589","20","3","6","9","2","303","3","F está mintiendo","F está mintiendo","0","2","1","1","22","50","72","72"
"4590","23","3","6","9","2","324","24","Por favor decidme la verdad","Por favor decidme la verdad","0","0","1","1","22","50","72","72"
"4591","26","3","6","9","2","316","16","Estoy diciendo la verdad","Estoy diciendo la verdad.","0","1","1","1","22","50","72","72"
"4592","27","3","6","9","2","303","3","Es el juego: 1","Es el juego 1","0","2","1","1","22","50","72","72"
"4593","30","3","6","9","2","303","3","F está mintiendo","F está mintiendo","0","2","1","1","22","50","72","72"
"4594","36","3","6","9","2","316","16","C está mintiendo","C está mintiendo","0","1","1","1","22","50","72","72"
"4595","43","3","6","9","2","316","16","Es el juego: 3","Es el juego 3","0","1","1","1","22","50","72","72"
"-999","0","3","7","9","3","324","24","","-999","0","0","3","3","40","40","80","80"
"-999","0","3","7","6","4","308","8","","-999","0","2","4","4","47","33","80","72"
"-999","0","1","7","5","5","113","13","","-999","0","1","5","5","54","26","80","64"
"-999","0","1","7","3","1","114","14","","-999","0","1","2","2","29","43","72","64"
"415","3","1","7","1","5","124","24","¿En qué juego estamos?","¿En qué juego estamos?","0","0","5","5","54","26","80","64"
"416","3","1","7","1","5","103","3","Es el juego: 5","Es el juego 5","0","2","5","5","54","26","80","64"
"417","6","1","7","1","5","103","3","Estoy diciendo la verdad","Estoy diciendo la verdad.","0","2","5","5","54","26","80","64"
"418","7","1","7","1","5","117","17","Es el juego: 5","Es el juego 5","0","1","5","5","54","26","80","64"
"419","10","1","7","1","5","103","3","F está diciendo la verdad","F está diciendo la verdad","0","2","5","5","54","26","80","64"
"420","13","1","7","1","5","117","17","C está diciendo la verdad","C está diciendo la verdad","0","1","5","5","54","26","80","64"
"421","21","1","7","1","5","124","24","Por favor decidme la verdad","Por favor decidme la verdad","0","0","5","5","54","26","80","64"
"422","25","1","7","1","5","117","17","Es el juego: 5","Es el juego 5","0","1","5","5","54","26","80","64"
"423","44","1","7","1","5","103","3","Es el juego: 5","Es el juego 5","0","2","5","5","54","26","80","64"
"424","3","1","7","2","1","123","23","¿En qué juego estamos?","¿En qué juego estamos?","0","0","2","2","29","43","72","64"
"425","4","1","7","2","1","123","23","Por favor decidme la verdad","Por favor decidme la verdad","0","0","2","2","29","43","72","64"
"426","6","1","7","2","1","116","16","Es el juego: 1","Es el juego 1","0","1","2","2","29","43","72","64"
"427","14","1","7","2","1","123","23","Por favor decidme la verdad","Por favor decidme la verdad","0","0","2","2","29","43","72","64"
"428","17","1","7","2","1","102","2","F está mintiendo","F está mintiendo","0","2","2","2","29","43","72","64"
"429","23","1","7","2","1","123","23","¿En qué juego estamos?","¿En qué juego estamos?","0","0","2","2","29","43","72","64"
"430","25","1","7","2","1","102","2","Es el juego: 2","Es el juego 2","0","2","2","2","29","43","72","64"
"431","37","1","7","2","1","123","23","Por favor decidme la verdad","Por favor decidme la verdad","0","0","2","2","29","43","72","64"
"432","38","1","7","2","1","116","16","C está diciendo la verdad","C está diciendo la verdad","0","1","2","2","29","43","72","64"
"433","40","1","7","2","1","102","2","Es el juego: 2","Es el juego 2","0","2","2","2","29","43","72","64"
"434","4","1","7","3","1","121","21","¿En qué juego estamos?","¿En qué juego estamos?","0","0","2","2","29","43","72","64"
"435","5","1","7","3","1","107","7","Es el juego: 1","Es el juego 1","0","2","2","2","29","43","72","64"
"436","10","1","7","3","1","107","7","Estoy diciendo la verdad","Estoy diciendo la verdad.","0","2","2","2","29","43","72","64"
"437","17","1","7","3","1","121","21","¿En qué juego estamos?","¿En qué juego estamos?","0","0","2","2","29","43","72","64"
"438","19","1","7","3","1","121","21","Por favor decidme la verdad","Por favor decidme la verdad","0","0","2","2","29","43","72","64"
"439","20","1","7","3","1","107","7","Es el juego: 1","Es el juego 1","0","2","2","2","29","43","72","64"
"440","27","1","7","3","1","107","7","Estoy diciendo la verdad","Estoy diciendo la verdad.","0","2","2","2","29","43","72","64"
"441","2","1","7","4","4","120","20","¿En qué juego estamos?","¿En qué juego estamos?","0","0","3","3","36","36","72","72"
"442","14","1","7","4","4","120","20","Por favor decidme la verdad","Por favor decidme la verdad","0","0","3","3","36","36","72","72"
"443","26","1","7","4","4","120","20","¿En qué juego estamos?","¿En qué juego estamos?","0","0","3","3","36","36","72","72"
"444","28","1","7","4","4","115","15","C está mintiendo","C está mintiendo","0","1","3","3","36","36","72","72"
"445","30","1","7","4","4","101","1","Es el juego: 3","Es el juego 3","0","2","3","3","36","36","72","72"
"446","41","1","7","4","4","120","20","¿En qué juego estamos?","¿En qué juego estamos?","0","0","3","3","36","36","72","72"
"447","2","1","7","5","5","126","26","¿En qué juego estamos?","¿En qué juego estamos?","0","0","5","5","54","26","80","64"
"448","7","1","7","5","5","106","6","Es el juego: 5","Es el juego 5","0","2","5","5","54","26","80","64"
"449","10","1","7","5","5","126","26","Por favor decidme la verdad","Por favor decidme la verdad","0","0","5","5","54","26","80","64"
"450","17","1","7","5","5","106","6","Estoy diciendo la verdad","Estoy diciendo la verdad.","0","2","5","5","54","26","80","64"
"451","7","1","7","6","4","125","25","¿En qué juego estamos?","¿En qué juego estamos?","0","0","3","3","36","36","72","72"
"452","15","1","7","6","4","111","11","Es el juego: 4","Es el juego 4","0","1","3","3","36","36","72","72"
"453","25","1","7","6","4","108","8","Es el juego: 1","Es el juego 1","0","2","3","3","36","36","72","72"
"454","27","1","7","6","4","108","8","F está mintiendo","F está mintiendo","0","2","3","3","36","36","72","72"
"455","30","1","7","6","4","111","11","Estoy diciendo la verdad","Estoy diciendo la verdad.","0","1","3","3","36","36","72","72"
"456","31","1","7","6","4","108","8","F está mintiendo","F está mintiendo","0","2","3","3","36","36","72","72"
"457","32","1","7","6","4","111","11","Estoy diciendo la verdad","Estoy diciendo la verdad.","0","1","3","3","36","36","72","72"
"458","33","1","7","6","4","111","11","Estoy diciendo la verdad","Estoy diciendo la verdad.","0","1","3","3","36","36","72","72"
"459","34","1","7","6","4","108","8","Estoy diciendo la verdad","Estoy diciendo la verdad.","0","2","3","3","36","36","72","72"
"460","35","1","7","6","4","111","11","Estoy diciendo la verdad","Estoy diciendo la verdad.","0","1","3","3","36","36","72","72"
"461","36","1","7","6","4","108","8","Estoy diciendo la verdad","Estoy diciendo la verdad.","0","2","3","3","36","36","72","72"
"462","37","1","7","6","4","111","11","Estoy diciendo la verdad","Estoy diciendo la verdad.","0","1","3","3","36","36","72","72"
"463","38","1","7","6","4","108","8","Estoy diciendo la verdad","Estoy diciendo la verdad.","0","2","3","3","36","36","72","72"
"464","39","1","7","6","4","111","11","Estoy diciendo la verdad","Estoy diciendo la verdad.","0","1","3","3","36","36","72","72"
"465","39","1","7","6","4","108","8","Es el juego: 1","Es el juego 1","0","2","3","3","36","36","72","72"
"466","41","1","7","6","4","111","11","Estoy diciendo la verdad","Estoy diciendo la verdad.","0","1","3","3","36","36","72","72"
"467","41","1","7","6","4","108","8","Es el juego: 1","Es el juego 1","0","2","3","3","36","36","72","72"
"468","42","1","7","6","4","111","11","Es el juego: 4","Es el juego 4","0","1","3","3","36","36","72","72"
"469","42","1","7","6","4","108","8","Es el juego: 1","Es el juego 1","0","2","3","3","36","36","72","72"
"470","44","1","7","6","4","111","11","Estoy diciendo la verdad","Estoy diciendo la verdad.","0","1","3","3","36","36","72","72"
"471","45","1","7","6","4","108","8","F está mintiendo","F está mintiendo","0","2","3","3","36","36","72","72"
"472","45","1","7","6","4","111","11","Es el juego: 4","Es el juego 4","0","1","3","3","36","36","72","72"
"473","3","1","7","7","1","119","19","¿En qué juego estamos?","¿En qué juego estamos?","0","0","1","1","26","54","80","64"
"474","4","1","7","7","1","104","4","Es el juego: 1","Es el juego 1","0","2","1","1","26","54","80","64"
"475","7","1","7","7","1","118","18","Es el juego: 1","Es el juego 1","0","1","1","1","26","54","80","64"
"476","10","1","7","7","1","118","18","C está diciendo la verdad","C está diciendo la verdad","0","1","1","1","26","54","80","64"
"477","11","1","7","7","1","104","4","F está diciendo la verdad","F está diciendo la verdad","0","2","1","1","26","54","80","64"
"478","2","1","7","8","2","122","22","¿En qué juego estamos?","¿En qué juego estamos?","0","0","2","2","33","47","80","72"
"479","4","1","7","8","2","122","22","¿En qué juego estamos?","¿En qué juego estamos?","0","0","2","2","33","47","80","72"
"480","5","1","7","8","2","122","22","¿En qué juego estamos?","¿En qué juego estamos?","0","0","2","2","33","47","80","72"
"481","6","1","7","8","2","110","10","Es el juego: 2","Es el juego 2","0","1","2","2","33","47","80","72"
"482","8","1","7","8","2","122","22","Por favor decidme la verdad","Por favor decidme la verdad","0","0","2","2","33","47","80","72"
"483","10","1","7","8","2","122","22","Por favor decidme la verdad","Por favor decidme la verdad","0","0","2","2","33","47","80","72"
"484","10","1","7","8","2","105","5","Es el juego: 2","Es el juego 2","0","2","2","2","33","47","80","72"
"485","13","1","7","8","2","122","22","Por favor decidme la verdad","Por favor decidme la verdad","0","0","2","2","33","47","80","72"
"486","19","1","7","8","2","110","10","Estoy diciendo la verdad","Estoy diciendo la verdad.","0","1","2","2","33","47","80","72"
"487","22","1","7","8","2","110","10","C está diciendo la verdad","C está diciendo la verdad","0","1","2","2","33","47","80","72"
"488","22","1","7","8","2","105","5","F está diciendo la verdad","F está diciendo la verdad","0","2","2","2","33","47","80","72"
"489","27","1","7","8","2","105","5","Estoy diciendo la verdad","Estoy diciendo la verdad.","0","2","2","2","33","47","80","72"
"490","29","1","7","8","2","110","10","C está diciendo la verdad","C está diciendo la verdad","0","1","2","2","33","47","80","72"
"491","31","1","7","8","2","110","10","Es el juego: 2","Es el juego 2","0","1","2","2","33","47","80","72"
"492","38","1","7","8","2","110","10","Estoy diciendo la verdad","Estoy diciendo la verdad.","0","1","2","2","33","47","80","72"
"493","3","1","7","9","3","127","27","¿En qué juego estamos?","¿En qué juego estamos?","0","0","3","3","40","40","80","80"
"494","4","1","7","9","3","109","9","Es el juego: 3","Es el juego 3","0","2","3","3","40","40","80","80"
"495","10","1","7","9","3","127","27","Por favor decidme la verdad","Por favor decidme la verdad","0","0","3","3","40","40","80","80"
"496","12","1","7","9","3","109","9","Estoy diciendo la verdad","Estoy diciendo la verdad.","0","2","3","3","40","40","80","80"
"497","21","1","7","9","3","112","12","C está diciendo la verdad","C está diciendo la verdad","0","1","3","3","40","40","80","80"
"498","32","1","7","9","3","109","9","F está diciendo la verdad","F está diciendo la verdad","0","2","3","3","40","40","80","80"
"2305","4","2","7","1","5","221","21","¿En qué juego estamos?","¿En qué juego estamos?","0","0","1","1","10","38","48","64"
"2306","7","2","7","1","5","203","3","Es el juego: 5","Es el juego 5","0","2","1","1","10","38","48","64"
"2307","7","2","7","1","5","221","21","Por favor decidme la verdad","Por favor decidme la verdad","0","0","1","1","10","38","48","64"
"2308","17","2","7","1","5","213","13","C está diciendo la verdad","C está diciendo la verdad","0","1","1","1","10","38","48","64"
"2309","18","2","7","1","5","203","3","Estoy diciendo la verdad","Estoy diciendo la verdad.","0","2","1","1","10","38","48","64"
"2310","3","2","7","2","1","220","20","¿En qué juego estamos?","¿En qué juego estamos?","0","0","1","1","26","54","80","64"
"2311","5","2","7","2","1","215","15","Es el juego: 1","Es el juego 1","0","1","1","1","26","54","80","64"
"2312","6","2","7","2","1","209","9","Es el juego: 1","Es el juego 1","0","2","1","1","26","54","80","64"
"2313","9","2","7","2","1","209","9","F está diciendo la verdad","F está diciendo la verdad","0","2","1","1","26","54","80","64"
"2314","23","2","7","2","1","220","20","Por favor decidme la verdad","Por favor decidme la verdad","0","0","1","1","26","54","80","64"
"2315","32","2","7","2","1","215","15","C está mintiendo","C está mintiendo","0","1","1","1","26","54","80","64"
"2316","36","2","7","2","1","209","9","Es el juego: 1","Es el juego 1","0","2","1","1","26","54","80","64"
"2317","5","2","7","3","1","222","22","¿En qué juego estamos?","¿En qué juego estamos?","0","0","1","1","26","54","80","64"
"2318","9","2","7","3","1","202","2","Es el juego: 1","Es el juego 1","0","2","1","1","26","54","80","64"
"2319","13","2","7","3","1","202","2","Es el juego: 1","Es el juego 1","0","2","1","1","26","54","80","64"
"2320","15","2","7","3","1","202","2","Estoy diciendo la verdad","Estoy diciendo la verdad.","0","2","1","1","26","54","80","64"
"2321","18","2","7","3","1","222","22","Por favor decidme la verdad","Por favor decidme la verdad","0","0","1","1","26","54","80","64"
"2322","20","2","7","3","1","202","2","Estoy diciendo la verdad","Estoy diciendo la verdad.","0","2","1","1","26","54","80","64"
"2323","27","2","7","3","1","211","11","C está diciendo la verdad","C está diciendo la verdad","0","1","1","1","26","54","80","64"
"2324","34","2","7","3","1","202","2","Estoy diciendo la verdad","Estoy diciendo la verdad.","0","2","1","1","26","54","80","64"
"2325","44","2","7","3","1","202","2","Es el juego: 1","Es el juego 1","0","2","1","1","26","54","80","64"
"2326","7","2","7","4","4","218","18","Es el juego: 4","Es el juego 4","0","1","4","4","47","33","80","72"
"2327","10","2","7","4","4","224","24","Por favor decidme la verdad","Por favor decidme la verdad","0","0","4","4","47","33","80","72"
"2328","13","2","7","4","4","201","1","F está diciendo la verdad","F está diciendo la verdad","0","2","4","4","47","33","80","72"
"2329","18","2","7","4","4","201","1","Es el juego: 4","Es el juego 4","0","2","4","4","47","33","80","72"
"2330","22","2","7","4","4","218","18","C está diciendo la verdad","C está diciendo la verdad","0","1","4","4","47","33","80","72"
"2331","3","2","7","5","5","225","25","¿En qué juego estamos?","¿En qué juego estamos?","0","0","1","1","10","38","48","64"
"2332","7","2","7","5","5","216","16","Es el juego: 5","Es el juego 5","0","1","1","1","10","38","48","64"
"2333","16","2","7","5","5","205","5","F está mintiendo","F está mintiendo","0","2","1","1","10","38","48","64"
"2334","20","2","7","5","5","205","5","Es el juego: 1","Es el juego 1","0","2","1","1","10","38","48","64"
"2335","22","2","7","5","5","216","16","C está mintiendo","C está mintiendo","0","1","1","1","10","38","48","64"
"2336","29","2","7","5","5","205","5","Estoy diciendo la verdad","Estoy diciendo la verdad.","0","2","1","1","10","38","48","64"
"2337","29","2","7","5","5","216","16","C está mintiendo","C está mintiendo","0","1","1","1","10","38","48","64"
"2338","30","2","7","5","5","225","25","¿En qué juego estamos?","¿En qué juego estamos?","0","0","1","1","10","38","48","64"
"2339","32","2","7","5","5","205","5","Es el juego: 1","Es el juego 1","0","2","1","1","10","38","48","64"
"2340","32","2","7","5","5","225","25","Por favor decidme la verdad","Por favor decidme la verdad","0","0","1","1","10","38","48","64"
"2341","37","2","7","5","5","225","25","¿En qué juego estamos?","¿En qué juego estamos?","0","0","1","1","10","38","48","64"
"2342","46","2","7","5","5","205","5","Es el juego: 1","Es el juego 1","0","2","1","1","10","38","48","64"
"2343","3","2","7","6","4","227","27","¿En qué juego estamos?","¿En qué juego estamos?","0","0","4","4","47","33","80","72"
"2344","5","2","7","6","4","212","12","Es el juego: 4","Es el juego 4","0","1","4","4","47","33","80","72"
"2345","6","2","7","6","4","212","12","Estoy diciendo la verdad","Estoy diciendo la verdad.","0","1","4","4","47","33","80","72"
"2346","17","2","7","6","4","207","7","F está diciendo la verdad","F está diciendo la verdad","0","2","4","4","47","33","80","72"
"2347","19","2","7","6","4","212","12","C está diciendo la verdad","C está diciendo la verdad","0","1","4","4","47","33","80","72"
"2348","10","2","7","7","1","226","26","¿En qué juego estamos?","¿En qué juego estamos?","0","0","3","3","32","32","64","64"
"2349","11","2","7","7","1","226","26","Por favor decidme la verdad","Por favor decidme la verdad","0","0","3","3","32","32","64","64"
"2350","12","2","7","7","1","214","14","Es el juego: 1","Es el juego 1","0","1","3","3","32","32","64","64"
"2351","14","2","7","7","1","206","6","Es el juego: 1","Es el juego 1","0","2","3","3","32","32","64","64"
"2352","14","2","7","7","1","226","26","Por favor decidme la verdad","Por favor decidme la verdad","0","0","3","3","32","32","64","64"
"2353","17","2","7","7","1","214","14","Estoy diciendo la verdad","Estoy diciendo la verdad.","0","1","3","3","32","32","64","64"
"2354","18","2","7","7","1","206","6","Estoy diciendo la verdad","Estoy diciendo la verdad.","0","2","3","3","32","32","64","64"
"2355","20","2","7","7","1","206","6","F está diciendo la verdad","F está diciendo la verdad","0","2","3","3","32","32","64","64"
"2356","21","2","7","7","1","214","14","C está diciendo la verdad","C está diciendo la verdad","0","1","3","3","32","32","64","64"
"2357","5","2","7","8","2","219","19","¿En qué juego estamos?","¿En qué juego estamos?","0","0","2","2","33","47","80","72"
"2358","12","2","7","8","2","208","8","Es el juego: 2","Es el juego 2","0","2","2","2","33","47","80","72"
"2359","13","2","7","8","2","217","17","Es el juego: 2","Es el juego 2","0","1","2","2","33","47","80","72"
"2360","16","2","7","8","2","208","8","F está diciendo la verdad","F está diciendo la verdad","0","2","2","2","33","47","80","72"
"2361","17","2","7","8","2","217","17","C está diciendo la verdad","C está diciendo la verdad","0","1","2","2","33","47","80","72"
"2362","4","2","7","9","3","223","23","¿En qué juego estamos?","¿En qué juego estamos?","0","0","5","5","46","18","64","80"
"2363","6","2","7","9","3","223","23","Por favor decidme la verdad","Por favor decidme la verdad","0","0","5","5","46","18","64","80"
"2364","20","2","7","9","3","223","23","Por favor decidme la verdad","Por favor decidme la verdad","0","0","5","5","46","18","64","80"
"2365","22","2","7","9","3","223","23","Por favor decidme la verdad","Por favor decidme la verdad","0","0","5","5","46","18","64","80"
"2366","22","2","7","9","3","210","10","Es el juego: 3","Es el juego 3","0","1","5","5","46","18","64","80"
"2367","25","2","7","9","3","210","10","Estoy diciendo la verdad","Estoy diciendo la verdad.","0","1","5","5","46","18","64","80"
"2368","27","2","7","9","3","204","4","Es el juego: 4","Es el juego 4","0","2","5","5","46","18","64","80"
"2369","30","2","7","9","3","210","10","C está mintiendo","C está mintiendo","0","1","5","5","46","18","64","80"
"2370","31","2","7","9","3","210","10","C está mintiendo","C está mintiendo","0","1","5","5","46","18","64","80"
"2371","32","2","7","9","3","210","10","C está mintiendo","C está mintiendo","0","1","5","5","46","18","64","80"
"2372","34","2","7","9","3","204","4","Estoy diciendo la verdad","Estoy diciendo la verdad.","0","2","5","5","46","18","64","80"
"2373","34","2","7","9","3","210","10","Es el juego: 3","Es el juego 3","0","1","5","5","46","18","64","80"
"2374","37","2","7","9","3","204","4","Estoy diciendo la verdad","Estoy diciendo la verdad.","0","2","5","5","46","18","64","80"
"2375","38","2","7","9","3","223","23","Por favor decidme la verdad","Por favor decidme la verdad","0","0","5","5","46","18","64","80"
"2376","46","2","7","9","3","210","10","C está diciendo la verdad","C está diciendo la verdad","0","1","5","5","46","18","64","80"
"4596","1","3","7","1","5","321","21","¿En qué juego estamos?","¿En qué juego estamos?","0","0","3","3","32","32","64","64"
"4597","3","3","7","1","5","321","21","Por favor decidme la verdad","Por favor decidme la verdad","0","0","3","3","32","32","64","64"
"4598","27","3","7","1","5","318","18","Es el juego: 5","Es el juego 5","0","1","3","3","32","32","64","64"
"4599","30","3","7","1","5","318","18","Estoy diciendo la verdad","Estoy diciendo la verdad.","0","1","3","3","32","32","64","64"
"4600","37","3","7","1","5","302","2","Es el juego: 2","Es el juego 2","0","2","3","3","32","32","64","64"
"4601","38","3","7","1","5","321","21","¿En qué juego estamos?","¿En qué juego estamos?","0","0","3","3","32","32","64","64"
"4602","40","3","7","1","5","318","18","C está mintiendo","C está mintiendo","0","1","3","3","32","32","64","64"
"4603","41","3","7","1","5","302","2","F está mintiendo","F está mintiendo","0","2","3","3","32","32","64","64"
"4604","45","3","7","1","5","318","18","C está mintiendo","C está mintiendo","0","1","3","3","32","32","64","64"
"4605","1","3","7","2","1","327","27","¿En qué juego estamos?","¿En qué juego estamos?","0","0","1","1","26","54","80","64"
"4606","3","3","7","2","1","327","27","Por favor decidme la verdad","Por favor decidme la verdad","0","0","1","1","26","54","80","64"
"4607","7","3","7","2","1","310","10","Es el juego: 1","Es el juego 1","0","1","1","1","26","54","80","64"
"4608","14","3","7","2","1","327","27","Por favor decidme la verdad","Por favor decidme la verdad","0","0","1","1","26","54","80","64"
"4609","20","3","7","2","1","301","1","F está diciendo la verdad","F está diciendo la verdad","0","2","1","1","26","54","80","64"
"4610","1","3","7","3","1","319","19","¿En qué juego estamos?","¿En qué juego estamos?","0","0","1","1","26","54","80","64"
"4611","3","3","7","3","1","319","19","Por favor decidme la verdad","Por favor decidme la verdad","0","0","1","1","26","54","80","64"
"4612","13","3","7","3","1","319","19","Por favor decidme la verdad","Por favor decidme la verdad","0","0","1","1","26","54","80","64"
"4613","15","3","7","3","1","307","7","Es el juego: 1","Es el juego 1","0","2","1","1","26","54","80","64"
"4614","19","3","7","3","1","307","7","Estoy diciendo la verdad","Estoy diciendo la verdad.","0","2","1","1","26","54","80","64"
"4615","26","3","7","3","1","312","12","Es el juego: 1","Es el juego 1","0","1","1","1","26","54","80","64"
"4616","34","3","7","3","1","319","19","Por favor decidme la verdad","Por favor decidme la verdad","0","0","1","1","26","54","80","64"
"4617","44","3","7","3","1","312","12","Es el juego: 3","Es el juego 3","0","1","1","1","26","54","80","64"
"4618","46","3","7","3","1","307","7","Es el juego: 1","Es el juego 1","0","2","1","1","26","54","80","64"
"4619","46","3","7","3","1","312","12","C está mintiendo","C está mintiendo","0","1","1","1","26","54","80","64"
"4620","1","3","7","4","4","325","25","¿En qué juego estamos?","¿En qué juego estamos?","0","0","4","4","47","33","80","72"
"4621","4","3","7","4","4","306","6","Es el juego: 2","Es el juego 2","0","2","4","4","47","33","80","72"
"4622","6","3","7","4","4","325","25","Por favor decidme la verdad","Por favor decidme la verdad","0","0","4","4","47","33","80","72"
"4623","7","3","7","4","4","314","14","Es el juego: 4","Es el juego 4","0","1","4","4","47","33","80","72"
"4624","10","3","7","4","4","314","14","C está mintiendo","C está mintiendo","0","1","4","4","47","33","80","72"
"4625","10","3","7","4","4","306","6","F está mintiendo","F está mintiendo","0","2","4","4","47","33","80","72"
"4626","12","3","7","4","4","314","14","C está mintiendo","C está mintiendo","0","1","4","4","47","33","80","72"
"4627","12","3","7","4","4","325","25","Por favor decidme la verdad","Por favor decidme la verdad","0","0","4","4","47","33","80","72"
"4628","14","3","7","4","4","306","6","Es el juego: 2","Es el juego 2","0","2","4","4","47","33","80","72"
"4629","14","3","7","4","4","314","14","C está mintiendo","C está mintiendo","0","1","4","4","47","33","80","72"
"4630","16","3","7","4","4","314","14","Es el juego: 4","Es el juego 4","0","1","4","4","47","33","80","72"
"4631","19","3","7","4","4","306","6","F está mintiendo","F está mintiendo","0","2","4","4","47","33","80","72"
"4632","20","3","7","4","4","314","14","Es el juego: 4","Es el juego 4","0","1","4","4","47","33","80","72"
"4633","23","3","7","4","4","314","14","C está mintiendo","C está mintiendo","0","1","4","4","47","33","80","72"
"4634","26","3","7","4","4","306","6","Estoy diciendo la verdad","Estoy diciendo la verdad.","0","2","4","4","47","33","80","72"
"4635","2","3","7","5","5","315","15","Es el juego: 5","Es el juego 5","0","1","5","5","54","26","80","64"
"4636","5","3","7","5","5","315","15","Estoy diciendo la verdad","Estoy diciendo la verdad.","0","1","5","5","54","26","80","64"
"4637","7","3","7","5","5","315","15","C está mintiendo","C está mintiendo","0","1","5","5","54","26","80","64"
"4638","9","3","7","5","5","315","15","C está mintiendo","C está mintiendo","0","1","5","5","54","26","80","64"
"4639","10","3","7","5","5","315","15","C está mintiendo","C está mintiendo","0","1","5","5","54","26","80","64"
"4640","12","3","7","5","5","315","15","C está mintiendo","C está mintiendo","0","1","5","5","54","26","80","64"
"4641","14","3","7","5","5","315","15","Es el juego: 5","Es el juego 5","0","1","5","5","54","26","80","64"
"4642","15","3","7","5","5","315","15","Es el juego: 5","Es el juego 5","0","1","5","5","54","26","80","64"
"4643","26","3","7","5","5","323","23","¿En qué juego estamos?","¿En qué juego estamos?","0","0","5","5","54","26","80","64"
"4644","28","3","7","5","5","315","15","Es el juego: 5","Es el juego 5","0","1","5","5","54","26","80","64"
"4645","31","3","7","5","5","304","4","Es el juego: 1","Es el juego 1","0","2","5","5","54","26","80","64"
"4646","33","3","7","5","5","315","15","C está mintiendo","C está mintiendo","0","1","5","5","54","26","80","64"
"4647","34","3","7","5","5","304","4","Estoy diciendo la verdad","Estoy diciendo la verdad.","0","2","5","5","54","26","80","64"
"4648","35","3","7","5","5","315","15","C está mintiendo","C está mintiendo","0","1","5","5","54","26","80","64"
"4649","36","3","7","5","5","315","15","C está mintiendo","C está mintiendo","0","1","5","5","54","26","80","64"
"4650","37","3","7","5","5","304","4","F está mintiendo","F está mintiendo","0","2","5","5","54","26","80","64"
"4651","38","3","7","5","5","315","15","Es el juego: 5","Es el juego 5","0","1","5","5","54","26","80","64"
"4652","39","3","7","5","5","304","4","F está mintiendo","F está mintiendo","0","2","5","5","54","26","80","64"
"4653","41","3","7","5","5","315","15","Es el juego: 5","Es el juego 5","0","1","5","5","54","26","80","64"
"4654","41","3","7","5","5","304","4","F está mintiendo","F está mintiendo","0","2","5","5","54","26","80","64"
"4655","43","3","7","5","5","304","4","F está mintiendo","F está mintiendo","0","2","5","5","54","26","80","64"
"4656","43","3","7","5","5","315","15","Es el juego: 5","Es el juego 5","0","1","5","5","54","26","80","64"
"4657","44","3","7","5","5","304","4","Es el juego: 1","Es el juego 1","0","2","5","5","54","26","80","64"
"4658","46","3","7","5","5","304","4","Es el juego: 1","Es el juego 1","0","2","5","5","54","26","80","64"
"4659","46","3","7","5","5","315","15","Es el juego: 5","Es el juego 5","0","1","5","5","54","26","80","64"
"4660","8","3","7","6","4","326","26","¿En qué juego estamos?","¿En qué juego estamos?","0","0","4","4","47","33","80","72"
"4661","15","3","7","6","4","317","17","Es el juego: 4","Es el juego 4","0","1","4","4","47","33","80","72"
"4662","31","3","7","6","4","326","26","¿En qué juego estamos?","¿En qué juego estamos?","0","0","4","4","47","33","80","72"
"4663","2","3","7","7","1","322","22","¿En qué juego estamos?","¿En qué juego estamos?","0","0","1","1","26","54","80","64"
"4664","4","3","7","7","1","322","22","¿En qué juego estamos?","¿En qué juego estamos?","0","0","1","1","26","54","80","64"
"4665","10","3","7","7","1","309","9","Es el juego: 1","Es el juego 1","0","2","1","1","26","54","80","64"
"4666","12","3","7","7","1","311","11","Es el juego: 5","Es el juego 5","0","1","1","1","26","54","80","64"
"4667","16","3","7","7","1","311","11","C está mintiendo","C está mintiendo","0","1","1","1","26","54","80","64"
"4668","17","3","7","7","1","309","9","F está mintiendo","F está mintiendo","0","2","1","1","26","54","80","64"
"4669","19","3","7","7","1","311","11","C está mintiendo","C está mintiendo","0","1","1","1","26","54","80","64"
"4670","20","3","7","7","1","309","9","Es el juego: 1","Es el juego 1","0","2","1","1","26","54","80","64"
"4671","21","3","7","7","1","311","11","C está mintiendo","C está mintiendo","0","1","1","1","26","54","80","64"
"4672","23","3","7","7","1","309","9","Es el juego: 1","Es el juego 1","0","2","1","1","26","54","80","64"
"4673","24","3","7","7","1","311","11","C está mintiendo","C está mintiendo","0","1","1","1","26","54","80","64"
"4674","26","3","7","7","1","311","11","Es el juego: 5","Es el juego 5","0","1","1","1","26","54","80","64"
"4675","28","3","7","7","1","311","11","C está mintiendo","C está mintiendo","0","1","1","1","26","54","80","64"
"4676","29","3","7","7","1","309","9","Es el juego: 1","Es el juego 1","0","2","1","1","26","54","80","64"
"4677","30","3","7","7","1","311","11","C está mintiendo","C está mintiendo","0","1","1","1","26","54","80","64"
"4678","32","3","7","7","1","311","11","Es el juego: 5","Es el juego 5","0","1","1","1","26","54","80","64"
"4679","32","3","7","7","1","309","9","Es el juego: 1","Es el juego 1","0","2","1","1","26","54","80","64"
"4680","33","3","7","7","1","311","11","Es el juego: 5","Es el juego 5","0","1","1","1","26","54","80","64"
"4681","33","3","7","7","1","309","9","Es el juego: 1","Es el juego 1","0","2","1","1","26","54","80","64"
"4682","35","3","7","7","1","311","11","Es el juego: 5","Es el juego 5","0","1","1","1","26","54","80","64"
"4683","35","3","7","7","1","309","9","Es el juego: 1","Es el juego 1","0","2","1","1","26","54","80","64"
"4684","36","3","7","7","1","311","11","Es el juego: 5","Es el juego 5","0","1","1","1","26","54","80","64"
"4685","36","3","7","7","1","309","9","Es el juego: 1","Es el juego 1","0","2","1","1","26","54","80","64"
"4686","37","3","7","7","1","311","11","Es el juego: 5","Es el juego 5","0","1","1","1","26","54","80","64"
"4687","39","3","7","7","1","309","9","Es el juego: 1","Es el juego 1","0","2","1","1","26","54","80","64"
"4688","39","3","7","7","1","311","11","Es el juego: 5","Es el juego 5","0","1","1","1","26","54","80","64"
"4689","40","3","7","7","1","309","9","Es el juego: 1","Es el juego 1","0","2","1","1","26","54","80","64"
"4690","41","3","7","7","1","311","11","Es el juego: 5","Es el juego 5","0","1","1","1","26","54","80","64"
"4691","42","3","7","7","1","309","9","Es el juego: 1","Es el juego 1","0","2","1","1","26","54","80","64"
"4692","42","3","7","7","1","311","11","Es el juego: 5","Es el juego 5","0","1","1","1","26","54","80","64"
"4693","44","3","7","7","1","309","9","F está mintiendo","F está mintiendo","0","2","1","1","26","54","80","64"
"4694","44","3","7","7","1","311","11","Es el juego: 5","Es el juego 5","0","1","1","1","26","54","80","64"
"4695","45","3","7","7","1","309","9","Es el juego: 1","Es el juego 1","0","2","1","1","26","54","80","64"
"4696","46","3","7","7","1","311","11","Es el juego: 5","Es el juego 5","0","1","1","1","26","54","80","64"
"4697","3","3","7","8","2","320","20","¿En qué juego estamos?","¿En qué juego estamos?","0","0","2","2","33","47","80","72"
"4698","5","3","7","8","2","320","20","Por favor decidme la verdad","Por favor decidme la verdad","0","0","2","2","33","47","80","72"
"4699","16","3","7","8","2","305","5","Es el juego: 2","Es el juego 2","0","2","2","2","33","47","80","72"
"4700","23","3","7","8","2","305","5","Estoy diciendo la verdad","Estoy diciendo la verdad.","0","2","2","2","33","47","80","72"
"4701","25","3","7","8","2","313","13","Es el juego: 5","Es el juego 5","0","1","2","2","33","47","80","72"
"4702","27","3","7","8","2","313","13","C está mintiendo","C está mintiendo","0","1","2","2","33","47","80","72"
"4703","29","3","7","8","2","313","13","C está mintiendo","C está mintiendo","0","1","2","2","33","47","80","72"
"4704","31","3","7","8","2","313","13","Estoy diciendo la verdad","Estoy diciendo la verdad.","0","1","2","2","33","47","80","72"
"4705","31","3","7","8","2","305","5","F está mintiendo","F está mintiendo","0","2","2","2","33","47","80","72"
"4706","33","3","7","8","2","305","5","F está mintiendo","F está mintiendo","0","2","2","2","33","47","80","72"
"4707","33","3","7","8","2","313","13","Estoy diciendo la verdad","Estoy diciendo la verdad.","0","1","2","2","33","47","80","72"
"4708","34","3","7","8","2","305","5","F está mintiendo","F está mintiendo","0","2","2","2","33","47","80","72"
"4709","35","3","7","8","2","313","13","C está mintiendo","C está mintiendo","0","1","2","2","33","47","80","72"
"4710","36","3","7","8","2","305","5","F está mintiendo","F está mintiendo","0","2","2","2","33","47","80","72"
"4711","37","3","7","8","2","305","5","Es el juego: 2","Es el juego 2","0","2","2","2","33","47","80","72"
"4712","37","3","7","8","2","313","13","Es el juego: 5","Es el juego 5","0","1","2","2","33","47","80","72"
"4713","38","3","7","8","2","305","5","Es el juego: 2","Es el juego 2","0","2","2","2","33","47","80","72"
"4714","39","3","7","8","2","313","13","Es el juego: 5","Es el juego 5","0","1","2","2","33","47","80","72"
"4715","39","3","7","8","2","305","5","Es el juego: 2","Es el juego 2","0","2","2","2","33","47","80","72"
"4716","40","3","7","8","2","313","13","Es el juego: 5","Es el juego 5","0","1","2","2","33","47","80","72"
"4717","41","3","7","8","2","305","5","Es el juego: 2","Es el juego 2","0","2","2","2","33","47","80","72"
"4718","43","3","7","8","2","313","13","C está mintiendo","C está mintiendo","0","1","2","2","33","47","80","72"
"4719","45","3","7","8","2","313","13","Es el juego: 5","Es el juego 5","0","1","2","2","33","47","80","72"
"4720","46","3","7","8","2","313","13","C está mintiendo","C está mintiendo","0","1","2","2","33","47","80","72"
"4721","19","3","7","9","3","316","16","Es el juego: 4","Es el juego 4","0","1","3","3","40","40","80","80"
"4722","34","3","7","9","3","303","3","Es el juego: 3","Es el juego 3","0","2","3","3","40","40","80","80"
"4723","36","3","7","9","3","303","3","F está mintiendo","F está mintiendo","0","2","3","3","40","40","80","80"
"4724","42","3","7","9","3","303","3","Estoy diciendo la verdad","Estoy diciendo la verdad.","0","2","3","3","40","40","80","80"
"-999","0","2","8","1","2","221","21","","-999","0","0","1","1","22","50","72","72"
"499","3","1","8","1","2","124","24","¿En qué juego estamos?","¿En qué juego estamos?","0","0","2","2","33","47","80","72"
"500","9","1","8","1","2","117","17","Es el juego: 2","Es el juego 2","0","1","2","2","33","47","80","72"
"501","18","1","8","1","2","124","24","Por favor decidme la verdad","Por favor decidme la verdad","0","0","2","2","33","47","80","72"
"502","28","1","8","1","2","117","17","Estoy diciendo la verdad","Estoy diciendo la verdad.","0","1","2","2","33","47","80","72"
"503","32","1","8","1","2","103","3","F está diciendo la verdad","F está diciendo la verdad","0","2","2","2","33","47","80","72"
"504","2","1","8","2","5","123","23","¿En qué juego estamos?","¿En qué juego estamos?","0","0","5","5","54","26","80","64"
"505","3","1","8","2","5","123","23","Por favor decidme la verdad","Por favor decidme la verdad","0","0","5","5","54","26","80","64"
"506","6","1","8","2","5","116","16","Es el juego: 5","Es el juego 5","0","1","5","5","54","26","80","64"
"507","10","1","8","2","5","123","23","Por favor decidme la verdad","Por favor decidme la verdad","0","0","5","5","54","26","80","64"
"508","12","1","8","2","5","102","2","F está mintiendo","F está mintiendo","0","2","5","5","54","26","80","64"
"509","17","1","8","2","5","116","16","Estoy diciendo la verdad","Estoy diciendo la verdad.","0","1","5","5","54","26","80","64"
"510","17","1","8","2","5","123","23","Por favor decidme la verdad","Por favor decidme la verdad","0","0","5","5","54","26","80","64"
"511","19","1","8","2","5","123","23","¿En qué juego estamos?","¿En qué juego estamos?","0","0","5","5","54","26","80","64"
"512","21","1","8","2","5","102","2","Es el juego: 3","Es el juego 3","0","2","5","5","54","26","80","64"
"513","25","1","8","2","5","102","2","Estoy diciendo la verdad","Estoy diciendo la verdad.","0","2","5","5","54","26","80","64"
"514","26","1","8","2","5","123","23","Por favor decidme la verdad","Por favor decidme la verdad","0","0","5","5","54","26","80","64"
"515","34","1","8","2","5","123","23","Por favor decidme la verdad","Por favor decidme la verdad","0","0","5","5","54","26","80","64"
"516","35","1","8","2","5","102","2","Es el juego: 3","Es el juego 3","0","2","5","5","54","26","80","64"
"517","2","1","8","3","4","121","21","Por favor decidme la verdad","Por favor decidme la verdad","0","0","3","3","36","36","72","72"
"518","4","1","8","3","4","121","21","¿En qué juego estamos?","¿En qué juego estamos?","0","0","3","3","36","36","72","72"
"519","8","1","8","3","4","114","14","Es el juego: 4","Es el juego 4","0","1","3","3","36","36","72","72"
"520","14","1","8","3","4","107","7","Es el juego: 4","Es el juego 4","0","2","3","3","36","36","72","72"
"521","19","1","8","3","4","107","7","Estoy diciendo la verdad","Estoy diciendo la verdad.","0","2","3","3","36","36","72","72"
"522","31","1","8","3","4","107","7","F está diciendo la verdad","F está diciendo la verdad","0","2","3","3","36","36","72","72"
"523","4","1","8","4","2","115","15","Es el juego: 5","Es el juego 5","0","1","5","5","42","14","56","72"
"524","5","1","8","4","2","101","1","Es el juego: 2","Es el juego 2","0","2","5","5","42","14","56","72"
"525","7","1","8","4","2","120","20","Por favor decidme la verdad","Por favor decidme la verdad","0","0","5","5","42","14","56","72"
"526","9","1","8","4","2","115","15","Es el juego: 5","Es el juego 5","0","1","5","5","42","14","56","72"
"527","9","1","8","4","2","101","1","Es el juego: 2","Es el juego 2","0","2","5","5","42","14","56","72"
"528","11","1","8","4","2","115","15","Es el juego: 5","Es el juego 5","0","1","5","5","42","14","56","72"
"529","13","1","8","4","2","101","1","Estoy diciendo la verdad","Estoy diciendo la verdad.","0","2","5","5","42","14","56","72"
"530","20","1","8","4","2","115","15","C está mintiendo","C está mintiendo","0","1","5","5","42","14","56","72"
"531","22","1","8","4","2","101","1","Estoy diciendo la verdad","Estoy diciendo la verdad.","0","2","5","5","42","14","56","72"
"532","23","1","8","4","2","115","15","C está mintiendo","C está mintiendo","0","1","5","5","42","14","56","72"
"533","25","1","8","4","2","115","15","C está mintiendo","C está mintiendo","0","1","5","5","42","14","56","72"
"534","28","1","8","4","2","101","1","Estoy diciendo la verdad","Estoy diciendo la verdad.","0","2","5","5","42","14","56","72"
"535","30","1","8","4","2","115","15","Estoy diciendo la verdad","Estoy diciendo la verdad.","0","1","5","5","42","14","56","72"
"536","32","1","8","4","2","115","15","C está mintiendo","C está mintiendo","0","1","5","5","42","14","56","72"
"537","37","1","8","4","2","101","1","Estoy diciendo la verdad","Estoy diciendo la verdad.","0","2","5","5","42","14","56","72"
"538","40","1","8","4","2","115","15","C está mintiendo","C está mintiendo","0","1","5","5","42","14","56","72"
"539","41","1","8","4","2","115","15","C está mintiendo","C está mintiendo","0","1","5","5","42","14","56","72"
"540","43","1","8","4","2","115","15","C está mintiendo","C está mintiendo","0","1","5","5","42","14","56","72"
"541","44","1","8","4","2","120","20","¿En qué juego estamos?","¿En qué juego estamos?","0","0","5","5","42","14","56","72"
"542","46","1","8","4","2","101","1","Es el juego: 2","Es el juego 2","0","2","5","5","42","14","56","72"
"543","2","1","8","5","4","126","26","¿En qué juego estamos?","¿En qué juego estamos?","0","0","1","1","14","42","56","72"
"544","3","1","8","5","4","106","6","Es el juego: 1","Es el juego 1","0","2","1","1","14","42","56","72"
"545","9","1","8","5","4","113","13","Es el juego: 1","Es el juego 1","0","1","1","1","14","42","56","72"
"546","6","1","8","6","4","125","25","¿En qué juego estamos?","¿En qué juego estamos?","0","0","5","5","50","22","72","72"
"547","9","1","8","6","4","111","11","Es el juego: 4","Es el juego 4","0","1","5","5","50","22","72","72"
"548","11","1","8","6","4","108","8","Es el juego: 4","Es el juego 4","0","2","5","5","50","22","72","72"
"549","13","1","8","6","4","108","8","Estoy diciendo la verdad","Estoy diciendo la verdad.","0","2","5","5","50","22","72","72"
"550","15","1","8","6","4","108","8","F está diciendo la verdad","F está diciendo la verdad","0","2","5","5","50","22","72","72"
"551","21","1","8","6","4","125","25","Por favor decidme la verdad","Por favor decidme la verdad","0","0","5","5","50","22","72","72"
"552","29","1","8","6","4","111","11","Estoy diciendo la verdad","Estoy diciendo la verdad.","0","1","5","5","50","22","72","72"
"553","31","1","8","6","4","108","8","Es el juego: 1","Es el juego 1","0","2","5","5","50","22","72","72"
"554","33","1","8","6","4","111","11","C está diciendo la verdad","C está diciendo la verdad","0","1","5","5","50","22","72","72"
"555","36","1","8","6","4","111","11","C está mintiendo","C está mintiendo","0","1","5","5","50","22","72","72"
"556","37","1","8","6","4","125","25","¿En qué juego estamos?","¿En qué juego estamos?","0","0","5","5","50","22","72","72"
"557","38","1","8","6","4","111","11","Es el juego: 4","Es el juego 4","0","1","5","5","50","22","72","72"
"558","38","1","8","6","4","108","8","Estoy diciendo la verdad","Estoy diciendo la verdad.","0","2","5","5","50","22","72","72"
"559","39","1","8","6","4","111","11","Es el juego: 4","Es el juego 4","0","1","5","5","50","22","72","72"
"560","41","1","8","6","4","111","11","Es el juego: 4","Es el juego 4","0","1","5","5","50","22","72","72"
"561","42","1","8","6","4","111","11","Es el juego: 4","Es el juego 4","0","1","5","5","50","22","72","72"
"562","45","1","8","6","4","111","11","Estoy diciendo la verdad","Estoy diciendo la verdad.","0","1","5","5","50","22","72","72"
"563","46","1","8","6","4","108","8","Es el juego: 1","Es el juego 1","0","2","5","5","50","22","72","72"
"564","3","1","8","7","4","119","19","¿En qué juego estamos?","¿En qué juego estamos?","0","0","4","4","47","33","80","72"
"565","6","1","8","7","4","118","18","Es el juego: 4","Es el juego 4","0","1","4","4","47","33","80","72"
"566","8","1","8","7","4","104","4","F está mintiendo","F está mintiendo","0","2","4","4","47","33","80","72"
"567","11","1","8","7","4","104","4","Es el juego: 2","Es el juego 2","0","2","4","4","47","33","80","72"
"568","13","1","8","7","4","119","19","Por favor decidme la verdad","Por favor decidme la verdad","0","0","4","4","47","33","80","72"
"569","17","1","8","7","4","118","18","C está mintiendo","C está mintiendo","0","1","4","4","47","33","80","72"
"570","20","1","8","7","4","118","18","Estoy diciendo la verdad","Estoy diciendo la verdad.","0","1","4","4","47","33","80","72"
"571","21","1","8","7","4","104","4","F está mintiendo","F está mintiendo","0","2","4","4","47","33","80","72"
"572","28","1","8","7","4","118","18","C está mintiendo","C está mintiendo","0","1","4","4","47","33","80","72"
"573","31","1","8","7","4","119","19","¿En qué juego estamos?","¿En qué juego estamos?","0","0","4","4","47","33","80","72"
"574","31","1","8","7","4","118","18","Es el juego: 4","Es el juego 4","0","1","4","4","47","33","80","72"
"575","33","1","8","7","4","104","4","Es el juego: 2","Es el juego 2","0","2","4","4","47","33","80","72"
"576","36","1","8","7","4","118","18","Estoy diciendo la verdad","Estoy diciendo la verdad.","0","1","4","4","47","33","80","72"
"577","38","1","8","7","4","119","19","¿En qué juego estamos?","¿En qué juego estamos?","0","0","4","4","47","33","80","72"
"578","40","1","8","7","4","104","4","F está mintiendo","F está mintiendo","0","2","4","4","47","33","80","72"
"579","41","1","8","7","4","118","18","Es el juego: 4","Es el juego 4","0","1","4","4","47","33","80","72"
"580","44","1","8","7","4","104","4","Es el juego: 2","Es el juego 2","0","2","4","4","47","33","80","72"
"581","1","1","8","8","3","122","22","¿En qué juego estamos?","¿En qué juego estamos?","0","0","2","2","29","43","72","80"
"582","3","1","8","8","3","122","22","¿En qué juego estamos?","¿En qué juego estamos?","0","0","2","2","29","43","72","80"
"583","5","1","8","8","3","122","22","¿En qué juego estamos?","¿En qué juego estamos?","0","0","2","2","29","43","72","80"
"584","6","1","8","8","3","122","22","¿En qué juego estamos?","¿En qué juego estamos?","0","0","2","2","29","43","72","80"
"585","8","1","8","8","3","122","22","¿En qué juego estamos?","¿En qué juego estamos?","0","0","2","2","29","43","72","80"
"586","9","1","8","8","3","122","22","¿En qué juego estamos?","¿En qué juego estamos?","0","0","2","2","29","43","72","80"
"587","10","1","8","8","3","110","10","Es el juego: 3","Es el juego 3","0","1","2","2","29","43","72","80"
"588","11","1","8","8","3","122","22","¿En qué juego estamos?","¿En qué juego estamos?","0","0","2","2","29","43","72","80"
"589","11","1","8","8","3","105","5","Es el juego: 3","Es el juego 3","0","2","2","2","29","43","72","80"
"590","12","1","8","8","3","122","22","Por favor decidme la verdad","Por favor decidme la verdad","0","0","2","2","29","43","72","80"
"591","13","1","8","8","3","110","10","Estoy diciendo la verdad","Estoy diciendo la verdad.","0","1","2","2","29","43","72","80"
"592","14","1","8","8","3","122","22","Por favor decidme la verdad","Por favor decidme la verdad","0","0","2","2","29","43","72","80"
"593","15","1","8","8","3","105","5","F está diciendo la verdad","F está diciendo la verdad","0","2","2","2","29","43","72","80"
"594","17","1","8","8","3","105","5","Estoy diciendo la verdad","Estoy diciendo la verdad.","0","2","2","2","29","43","72","80"
"595","23","1","8","8","3","122","22","Por favor decidme la verdad","Por favor decidme la verdad","0","0","2","2","29","43","72","80"
"596","24","1","8","8","3","110","10","C está diciendo la verdad","C está diciendo la verdad","0","1","2","2","29","43","72","80"
"597","27","1","8","8","3","110","10","C está diciendo la verdad","C está diciendo la verdad","0","1","2","2","29","43","72","80"
"598","32","1","8","8","3","110","10","Estoy diciendo la verdad","Estoy diciendo la verdad.","0","1","2","2","29","43","72","80"
"599","46","1","8","8","3","110","10","Estoy diciendo la verdad","Estoy diciendo la verdad.","0","1","2","2","29","43","72","80"
"600","2","1","8","9","3","127","27","¿En qué juego estamos?","¿En qué juego estamos?","0","0","3","3","40","40","80","80"
"601","4","1","8","9","3","127","27","Por favor decidme la verdad","Por favor decidme la verdad","0","0","3","3","40","40","80","80"
"602","14","1","8","9","3","112","12","Es el juego: 3","Es el juego 3","0","1","3","3","40","40","80","80"
"603","21","1","8","9","3","127","27","¿En qué juego estamos?","¿En qué juego estamos?","0","0","3","3","40","40","80","80"
"604","25","1","8","9","3","112","12","Es el juego: 3","Es el juego 3","0","1","3","3","40","40","80","80"
"605","28","1","8","9","3","112","12","Estoy diciendo la verdad","Estoy diciendo la verdad.","0","1","3","3","40","40","80","80"
"606","39","1","8","9","3","109","9","F está diciendo la verdad","F está diciendo la verdad","0","2","3","3","40","40","80","80"
"2377","10","2","8","1","2","203","3","Es el juego: 2","Es el juego 2","0","2","1","1","22","50","72","72"
"2378","16","2","8","1","2","213","13","C está diciendo la verdad","C está diciendo la verdad","0","1","1","1","22","50","72","72"
"2379","3","2","8","2","5","220","20","¿En qué juego estamos?","¿En qué juego estamos?","0","0","2","2","21","35","56","64"
"2380","11","2","8","2","5","220","20","¿En qué juego estamos?","¿En qué juego estamos?","0","0","2","2","21","35","56","64"
"2381","19","2","8","2","5","209","9","Es el juego: 2","Es el juego 2","0","2","2","2","21","35","56","64"
"2382","21","2","8","2","5","220","20","Por favor decidme la verdad","Por favor decidme la verdad","0","0","2","2","21","35","56","64"
"2383","22","2","8","2","5","215","15","Es el juego: 5","Es el juego 5","0","1","2","2","21","35","56","64"
"2384","22","2","8","2","5","209","9","Estoy diciendo la verdad","Estoy diciendo la verdad.","0","2","2","2","21","35","56","64"
"2385","24","2","8","2","5","215","15","C está mintiendo","C está mintiendo","0","1","2","2","21","35","56","64"
"2386","25","2","8","2","5","209","9","Estoy diciendo la verdad","Estoy diciendo la verdad.","0","2","2","2","21","35","56","64"
"2387","26","2","8","2","5","215","15","C está mintiendo","C está mintiendo","0","1","2","2","21","35","56","64"
"2388","27","2","8","2","5","220","20","Por favor decidme la verdad","Por favor decidme la verdad","0","0","2","2","21","35","56","64"
"2389","27","2","8","2","5","209","9","Estoy diciendo la verdad","Estoy diciendo la verdad.","0","2","2","2","21","35","56","64"
"2390","29","2","8","2","5","209","9","Es el juego: 2","Es el juego 2","0","2","2","2","21","35","56","64"
"2391","29","2","8","2","5","215","15","C está mintiendo","C está mintiendo","0","1","2","2","21","35","56","64"
"2392","31","2","8","2","5","209","9","Es el juego: 2","Es el juego 2","0","2","2","2","21","35","56","64"
"2393","34","2","8","2","5","209","9","F está mintiendo","F está mintiendo","0","2","2","2","21","35","56","64"
"2394","37","2","8","2","5","209","9","F está mintiendo","F está mintiendo","0","2","2","2","21","35","56","64"
"2395","40","2","8","2","5","209","9","F está mintiendo","F está mintiendo","0","2","2","2","21","35","56","64"
"2396","42","2","8","2","5","209","9","F está mintiendo","F está mintiendo","0","2","2","2","21","35","56","64"
"2397","45","2","8","2","5","209","9","F está mintiendo","F está mintiendo","0","2","2","2","21","35","56","64"
"2398","4","2","8","3","4","222","22","¿En qué juego estamos?","¿En qué juego estamos?","0","0","1","1","14","42","56","72"
"2399","18","2","8","3","4","222","22","¿En qué juego estamos?","¿En qué juego estamos?","0","0","1","1","14","42","56","72"
"2400","20","2","8","3","4","222","22","¿En qué juego estamos?","¿En qué juego estamos?","0","0","1","1","14","42","56","72"
"2401","20","2","8","3","4","211","11","Es el juego: 5","Es el juego 5","0","1","1","1","14","42","56","72"
"2402","24","2","8","3","4","202","2","Es el juego: 1","Es el juego 1","0","2","1","1","14","42","56","72"
"2403","27","2","8","3","4","202","2","Estoy diciendo la verdad","Estoy diciendo la verdad.","0","2","1","1","14","42","56","72"
"2404","27","2","8","3","4","222","22","Por favor decidme la verdad","Por favor decidme la verdad","0","0","1","1","14","42","56","72"
"2405","30","2","8","3","4","202","2","F está mintiendo","F está mintiendo","0","2","1","1","14","42","56","72"
"2406","32","2","8","3","4","211","11","Estoy diciendo la verdad","Estoy diciendo la verdad.","0","1","1","1","14","42","56","72"
"2407","33","2","8","3","4","202","2","Estoy diciendo la verdad","Estoy diciendo la verdad.","0","2","1","1","14","42","56","72"
"2408","35","2","8","3","4","211","11","C está mintiendo","C está mintiendo","0","1","1","1","14","42","56","72"
"2409","37","2","8","3","4","202","2","Es el juego: 1","Es el juego 1","0","2","1","1","14","42","56","72"
"2410","38","2","8","3","4","211","11","C está mintiendo","C está mintiendo","0","1","1","1","14","42","56","72"
"2411","39","2","8","3","4","202","2","Es el juego: 1","Es el juego 1","0","2","1","1","14","42","56","72"
"2412","40","2","8","3","4","202","2","Es el juego: 1","Es el juego 1","0","2","1","1","14","42","56","72"
"2413","41","2","8","3","4","211","11","Estoy diciendo la verdad","Estoy diciendo la verdad.","0","1","1","1","14","42","56","72"
"2414","44","2","8","3","4","211","11","Es el juego: 5","Es el juego 5","0","1","1","1","14","42","56","72"
"2415","46","2","8","3","4","202","2","F está mintiendo","F está mintiendo","0","2","1","1","14","42","56","72"
"2416","46","2","8","3","4","211","11","Es el juego: 5","Es el juego 5","0","1","1","1","14","42","56","72"
"2417","3","2","8","4","2","224","24","¿En qué juego estamos?","¿En qué juego estamos?","0","0","3","3","36","36","72","72"
"2418","6","2","8","4","2","224","24","Por favor decidme la verdad","Por favor decidme la verdad","0","0","3","3","36","36","72","72"
"2419","22","2","8","4","2","201","1","Es el juego: 3","Es el juego 3","0","2","3","3","36","36","72","72"
"2420","30","2","8","4","2","218","18","C está diciendo la verdad","C está diciendo la verdad","0","1","3","3","36","36","72","72"
"2421","32","2","8","4","2","224","24","Por favor decidme la verdad","Por favor decidme la verdad","0","0","3","3","36","36","72","72"
"2422","35","2","8","4","2","201","1","Estoy diciendo la verdad","Estoy diciendo la verdad.","0","2","3","3","36","36","72","72"
"2423","41","2","8","4","2","218","18","C está diciendo la verdad","C está diciendo la verdad","0","1","3","3","36","36","72","72"
"2424","43","2","8","4","2","218","18","Es el juego: 3","Es el juego 3","0","1","3","3","36","36","72","72"
"2425","6","2","8","5","4","225","25","¿En qué juego estamos?","¿En qué juego estamos?","0","0","4","4","47","33","80","72"
"2426","9","2","8","5","4","205","5","Es el juego: 4","Es el juego 4","0","2","4","4","47","33","80","72"
"2427","26","2","8","5","4","216","16","Es el juego: 4","Es el juego 4","0","1","4","4","47","33","80","72"
"2428","27","2","8","5","4","225","25","Por favor decidme la verdad","Por favor decidme la verdad","0","0","4","4","47","33","80","72"
"2429","30","2","8","5","4","216","16","C está diciendo la verdad","C está diciendo la verdad","0","1","4","4","47","33","80","72"
"2430","33","2","8","5","4","216","16","Estoy diciendo la verdad","Estoy diciendo la verdad.","0","1","4","4","47","33","80","72"
"2431","4","2","8","6","4","212","12","Es el juego: 4","Es el juego 4","0","1","4","4","47","33","80","72"
"2432","4","2","8","6","4","227","27","¿En qué juego estamos?","¿En qué juego estamos?","0","0","4","4","47","33","80","72"
"2433","5","2","8","6","4","212","12","Estoy diciendo la verdad","Estoy diciendo la verdad.","0","1","4","4","47","33","80","72"
"2434","24","2","8","6","4","207","7","F está diciendo la verdad","F está diciendo la verdad","0","2","4","4","47","33","80","72"
"2435","26","2","8","6","4","212","12","C está diciendo la verdad","C está diciendo la verdad","0","1","4","4","47","33","80","72"
"2436","41","2","8","6","4","227","27","Por favor decidme la verdad","Por favor decidme la verdad","0","0","4","4","47","33","80","72"
"2437","44","2","8","6","4","212","12","Es el juego: 4","Es el juego 4","0","1","4","4","47","33","80","72"
"2438","46","2","8","6","4","212","12","Estoy diciendo la verdad","Estoy diciendo la verdad.","0","1","4","4","47","33","80","72"
"2439","2","2","8","7","4","226","26","¿En qué juego estamos?","¿En qué juego estamos?","0","0","4","4","47","33","80","72"
"2440","3","2","8","7","4","226","26","Por favor decidme la verdad","Por favor decidme la verdad","0","0","4","4","47","33","80","72"
"2441","5","2","8","7","4","226","26","Por favor decidme la verdad","Por favor decidme la verdad","0","0","4","4","47","33","80","72"
"2442","12","2","8","7","4","214","14","Es el juego: 4","Es el juego 4","0","1","4","4","47","33","80","72"
"2443","15","2","8","7","4","214","14","Estoy diciendo la verdad","Estoy diciendo la verdad.","0","1","4","4","47","33","80","72"
"2444","26","2","8","7","4","206","6","Es el juego: 3","Es el juego 3","0","2","4","4","47","33","80","72"
"2445","28","2","8","7","4","214","14","C está mintiendo","C está mintiendo","0","1","4","4","47","33","80","72"
"2446","29","2","8","7","4","206","6","F está mintiendo","F está mintiendo","0","2","4","4","47","33","80","72"
"2447","30","2","8","7","4","214","14","C está mintiendo","C está mintiendo","0","1","4","4","47","33","80","72"
"2448","32","2","8","7","4","214","14","C está mintiendo","C está mintiendo","0","1","4","4","47","33","80","72"
"2449","40","2","8","7","4","214","14","Estoy diciendo la verdad","Estoy diciendo la verdad.","0","1","4","4","47","33","80","72"
"2450","42","2","8","7","4","214","14","Es el juego: 4","Es el juego 4","0","1","4","4","47","33","80","72"
"2451","44","2","8","7","4","206","6","Es el juego: 3","Es el juego 3","0","2","4","4","47","33","80","72"
"2452","46","2","8","7","4","206","6","Estoy diciendo la verdad","Estoy diciendo la verdad.","0","2","4","4","47","33","80","72"
"2453","1","2","8","8","3","219","19","¿En qué juego estamos?","¿En qué juego estamos?","0","0","3","3","40","40","80","80"
"2454","14","2","8","8","3","208","8","Es el juego: 3","Es el juego 3","0","2","3","3","40","40","80","80"
"2455","15","2","8","8","3","217","17","Es el juego: 3","Es el juego 3","0","1","3","3","40","40","80","80"
"2456","17","2","8","8","3","217","17","C está diciendo la verdad","C está diciendo la verdad","0","1","3","3","40","40","80","80"
"2457","18","2","8","8","3","208","8","F está diciendo la verdad","F está diciendo la verdad","0","2","3","3","40","40","80","80"
"2458","22","2","8","8","3","208","8","Estoy diciendo la verdad","Estoy diciendo la verdad.","0","2","3","3","40","40","80","80"
"2459","3","2","8","9","3","223","23","¿En qué juego estamos?","¿En qué juego estamos?","0","0","3","2","26","29","55","80"
"2460","5","2","8","9","3","223","23","Por favor decidme la verdad","Por favor decidme la verdad","0","0","3","2","26","29","55","80"
"2461","5","2","8","9","3","204","4","Es el juego: 3","Es el juego 3","0","2","3","2","26","29","55","80"
"2462","7","2","8","9","3","210","10","Es el juego: 3","Es el juego 3","0","1","3","2","26","29","55","80"
"2463","8","2","8","9","3","204","4","Estoy diciendo la verdad","Estoy diciendo la verdad.","0","2","3","2","26","29","55","80"
"2464","9","2","8","9","3","210","10","Estoy diciendo la verdad","Estoy diciendo la verdad.","0","1","3","2","26","29","55","80"
"2465","11","2","8","9","3","210","10","Estoy diciendo la verdad","Estoy diciendo la verdad.","0","1","3","2","26","29","55","80"
"4725","1","3","8","1","2","321","21","¿En qué juego estamos?","¿En qué juego estamos?","0","0","2","2","33","47","80","72"
"4726","3","3","8","1","2","321","21","Por favor decidme la verdad","Por favor decidme la verdad","0","0","2","2","33","47","80","72"
"4727","11","3","8","1","2","302","2","Es el juego: 2","Es el juego 2","0","2","2","2","33","47","80","72"
"4728","14","3","8","1","2","302","2","Estoy diciendo la verdad","Estoy diciendo la verdad.","0","2","2","2","33","47","80","72"
"4729","16","3","8","1","2","302","2","Estoy diciendo la verdad","Estoy diciendo la verdad.","0","2","2","2","33","47","80","72"
"4730","28","3","8","1","2","318","18","C está diciendo la verdad","C está diciendo la verdad","0","1","2","2","33","47","80","72"
"4731","46","3","8","1","2","318","18","Es el juego: 2","Es el juego 2","0","1","2","2","33","47","80","72"
"4732","2","3","8","2","5","327","27","¿En qué juego estamos?","¿En qué juego estamos?","0","0","3","3","32","32","64","64"
"4733","5","3","8","2","5","301","1","Es el juego: 3","Es el juego 3","0","2","3","3","32","32","64","64"
"4734","6","3","8","2","5","327","27","Por favor decidme la verdad","Por favor decidme la verdad","0","0","3","3","32","32","64","64"
"4735","11","3","8","2","5","310","10","C está mintiendo","C está mintiendo","0","1","3","3","32","32","64","64"
"4736","14","3","8","2","5","310","10","Es el juego: 5","Es el juego 5","0","1","3","3","32","32","64","64"
"4737","14","3","8","2","5","301","1","F está mintiendo","F está mintiendo","0","2","3","3","32","32","64","64"
"4738","17","3","8","2","5","327","27","Por favor decidme la verdad","Por favor decidme la verdad","0","0","3","3","32","32","64","64"
"4739","19","3","8","2","5","310","10","Estoy diciendo la verdad","Estoy diciendo la verdad.","0","1","3","3","32","32","64","64"
"4740","22","3","8","2","5","301","1","F está mintiendo","F está mintiendo","0","2","3","3","32","32","64","64"
"4741","32","3","8","2","5","327","27","¿En qué juego estamos?","¿En qué juego estamos?","0","0","3","3","32","32","64","64"
"4742","34","3","8","2","5","310","10","C está mintiendo","C está mintiendo","0","1","3","3","32","32","64","64"
"4743","37","3","8","2","5","301","1","Estoy diciendo la verdad","Estoy diciendo la verdad.","0","2","3","3","32","32","64","64"
"4744","42","3","8","2","5","310","10","Estoy diciendo la verdad","Estoy diciendo la verdad.","0","1","3","3","32","32","64","64"
"4745","2","3","8","3","4","319","19","¿En qué juego estamos?","¿En qué juego estamos?","0","0","4","4","47","33","80","72"
"4746","4","3","8","3","4","319","19","Por favor decidme la verdad","Por favor decidme la verdad","0","0","4","4","47","33","80","72"
"4747","4","3","8","3","4","312","12","Es el juego: 4","Es el juego 4","0","1","4","4","47","33","80","72"
"4748","5","3","8","3","4","312","12","Estoy diciendo la verdad","Estoy diciendo la verdad.","0","1","4","4","47","33","80","72"
"4749","6","3","8","3","4","307","7","Es el juego: 4","Es el juego 4","0","2","4","4","47","33","80","72"
"4750","7","3","8","3","4","312","12","Es el juego: 4","Es el juego 4","0","1","4","4","47","33","80","72"
"4751","8","3","8","3","4","307","7","Estoy diciendo la verdad","Estoy diciendo la verdad.","0","2","4","4","47","33","80","72"
"4752","12","3","8","3","4","307","7","F está diciendo la verdad","F está diciendo la verdad","0","2","4","4","47","33","80","72"
"4753","16","3","8","3","4","312","12","Es el juego: 4","Es el juego 4","0","1","4","4","47","33","80","72"
"4754","4","3","8","4","2","306","6","Es el juego: 2","Es el juego 2","0","2","2","2","33","47","80","72"
"4755","5","3","8","4","2","325","25","¿En qué juego estamos?","¿En qué juego estamos?","0","0","2","2","33","47","80","72"
"4756","7","3","8","4","2","325","25","Por favor decidme la verdad","Por favor decidme la verdad","0","0","2","2","33","47","80","72"
"4757","13","3","8","4","2","325","25","Por favor decidme la verdad","Por favor decidme la verdad","0","0","2","2","33","47","80","72"
"4758","14","3","8","4","2","314","14","Es el juego: 2","Es el juego 2","0","1","2","2","33","47","80","72"
"4759","16","3","8","4","2","314","14","C está diciendo la verdad","C está diciendo la verdad","0","1","2","2","33","47","80","72"
"4760","18","3","8","4","2","325","25","Por favor decidme la verdad","Por favor decidme la verdad","0","0","2","2","33","47","80","72"
"4761","19","3","8","4","2","306","6","F está diciendo la verdad","F está diciendo la verdad","0","2","2","2","33","47","80","72"
"4762","40","3","8","4","2","325","25","Por favor decidme la verdad","Por favor decidme la verdad","0","0","2","2","33","47","80","72"
"4763","2","3","8","5","4","323","23","¿En qué juego estamos?","¿En qué juego estamos?","0","0","4","4","47","33","80","72"
"4764","3","3","8","5","4","315","15","Es el juego: 4","Es el juego 4","0","1","4","4","47","33","80","72"
"4765","4","3","8","5","4","315","15","Es el juego: 4","Es el juego 4","0","1","4","4","47","33","80","72"
"4766","6","3","8","5","4","315","15","Es el juego: 4","Es el juego 4","0","1","4","4","47","33","80","72"
"4767","8","3","8","5","4","315","15","C está mintiendo","C está mintiendo","0","1","4","4","47","33","80","72"
"4768","10","3","8","5","4","304","4","Es el juego: 1","Es el juego 1","0","2","4","4","47","33","80","72"
"4769","10","3","8","5","4","315","15","C está mintiendo","C está mintiendo","0","1","4","4","47","33","80","72"
"4770","11","3","8","5","4","315","15","C está mintiendo","C está mintiendo","0","1","4","4","47","33","80","72"
"4771","13","3","8","5","4","315","15","C está mintiendo","C está mintiendo","0","1","4","4","47","33","80","72"
"4772","14","3","8","5","4","304","4","F está mintiendo","F está mintiendo","0","2","4","4","47","33","80","72"
"4773","14","3","8","5","4","315","15","C está mintiendo","C está mintiendo","0","1","4","4","47","33","80","72"
"4774","15","3","8","5","4","304","4","F está mintiendo","F está mintiendo","0","2","4","4","47","33","80","72"
"4775","16","3","8","5","4","315","15","C está mintiendo","C está mintiendo","0","1","4","4","47","33","80","72"
"4776","18","3","8","5","4","315","15","Es el juego: 4","Es el juego 4","0","1","4","4","47","33","80","72"
"4777","19","3","8","5","4","304","4","F está mintiendo","F está mintiendo","0","2","4","4","47","33","80","72"
"4778","19","3","8","5","4","315","15","Es el juego: 4","Es el juego 4","0","1","4","4","47","33","80","72"
"4779","20","3","8","5","4","304","4","Es el juego: 1","Es el juego 1","0","2","4","4","47","33","80","72"
"4780","22","3","8","5","4","304","4","Es el juego: 1","Es el juego 1","0","2","4","4","47","33","80","72"
"4781","23","3","8","5","4","304","4","Es el juego: 1","Es el juego 1","0","2","4","4","47","33","80","72"
"4782","24","3","8","5","4","315","15","Es el juego: 4","Es el juego 4","0","1","4","4","47","33","80","72"
"4783","24","3","8","5","4","304","4","Es el juego: 1","Es el juego 1","0","2","4","4","47","33","80","72"
"4784","25","3","8","5","4","304","4","Es el juego: 1","Es el juego 1","0","2","4","4","47","33","80","72"
"4785","25","3","8","5","4","315","15","Es el juego: 4","Es el juego 4","0","1","4","4","47","33","80","72"
"4786","27","3","8","5","4","315","15","Es el juego: 4","Es el juego 4","0","1","4","4","47","33","80","72"
"4787","27","3","8","5","4","304","4","Es el juego: 1","Es el juego 1","0","2","4","4","47","33","80","72"
"4788","28","3","8","5","4","304","4","Es el juego: 1","Es el juego 1","0","2","4","4","47","33","80","72"
"4789","28","3","8","5","4","315","15","Es el juego: 4","Es el juego 4","0","1","4","4","47","33","80","72"
"4790","29","3","8","5","4","304","4","Es el juego: 1","Es el juego 1","0","2","4","4","47","33","80","72"
"4791","30","3","8","5","4","315","15","Es el juego: 4","Es el juego 4","0","1","4","4","47","33","80","72"
"4792","31","3","8","5","4","304","4","Es el juego: 1","Es el juego 1","0","2","4","4","47","33","80","72"
"4793","31","3","8","5","4","315","15","Es el juego: 4","Es el juego 4","0","1","4","4","47","33","80","72"
"4794","32","3","8","5","4","304","4","Es el juego: 1","Es el juego 1","0","2","4","4","47","33","80","72"
"4795","32","3","8","5","4","323","23","¿En qué juego estamos?","¿En qué juego estamos?","0","0","4","4","47","33","80","72"
"4796","33","3","8","5","4","304","4","Es el juego: 1","Es el juego 1","0","2","4","4","47","33","80","72"
"4797","34","3","8","5","4","315","15","Es el juego: 4","Es el juego 4","0","1","4","4","47","33","80","72"
"4798","35","3","8","5","4","304","4","Es el juego: 1","Es el juego 1","0","2","4","4","47","33","80","72"
"4799","35","3","8","5","4","315","15","Es el juego: 4","Es el juego 4","0","1","4","4","47","33","80","72"
"4800","36","3","8","5","4","304","4","Es el juego: 1","Es el juego 1","0","2","4","4","47","33","80","72"
"4801","37","3","8","5","4","315","15","Es el juego: 4","Es el juego 4","0","1","4","4","47","33","80","72"
"4802","37","3","8","5","4","323","23","¿En qué juego estamos?","¿En qué juego estamos?","0","0","4","4","47","33","80","72"
"4803","38","3","8","5","4","315","15","Es el juego: 4","Es el juego 4","0","1","4","4","47","33","80","72"
"4804","39","3","8","5","4","304","4","Es el juego: 1","Es el juego 1","0","2","4","4","47","33","80","72"
"4805","40","3","8","5","4","315","15","Es el juego: 4","Es el juego 4","0","1","4","4","47","33","80","72"
"4806","41","3","8","5","4","304","4","Es el juego: 1","Es el juego 1","0","2","4","4","47","33","80","72"
"4807","41","3","8","5","4","323","23","Por favor decidme la verdad","Por favor decidme la verdad","0","0","4","4","47","33","80","72"
"4808","41","3","8","5","4","315","15","Es el juego: 4","Es el juego 4","0","1","4","4","47","33","80","72"
"4809","43","3","8","5","4","304","4","Es el juego: 1","Es el juego 1","0","2","4","4","47","33","80","72"
"4810","43","3","8","5","4","315","15","Es el juego: 4","Es el juego 4","0","1","4","4","47","33","80","72"
"4811","45","3","8","5","4","323","23","¿En qué juego estamos?","¿En qué juego estamos?","0","0","4","4","47","33","80","72"
"4812","45","3","8","5","4","315","15","Es el juego: 4","Es el juego 4","0","1","4","4","47","33","80","72"
"4813","45","3","8","5","4","304","4","Es el juego: 1","Es el juego 1","0","2","4","4","47","33","80","72"
"4814","6","3","8","6","4","326","26","¿En qué juego estamos?","¿En qué juego estamos?","0","0","4","4","47","33","80","72"
"4815","9","3","8","6","4","317","17","Es el juego: 4","Es el juego 4","0","1","4","4","47","33","80","72"
"4816","16","3","8","6","4","326","26","Por favor decidme la verdad","Por favor decidme la verdad","0","0","4","4","47","33","80","72"
"4817","19","3","8","6","4","317","17","Estoy diciendo la verdad","Estoy diciendo la verdad.","0","1","4","4","47","33","80","72"
"4818","19","3","8","6","4","308","8","F está mintiendo","F está mintiendo","0","2","4","4","47","33","80","72"
"4819","21","3","8","6","4","317","17","Estoy diciendo la verdad","Estoy diciendo la verdad.","0","1","4","4","47","33","80","72"
"4820","21","3","8","6","4","326","26","¿En qué juego estamos?","¿En qué juego estamos?","0","0","4","4","47","33","80","72"
"4821","44","3","8","6","4","326","26","¿En qué juego estamos?","¿En qué juego estamos?","0","0","4","4","47","33","80","72"
"4822","46","3","8","6","4","317","17","Es el juego: 4","Es el juego 4","0","1","4","4","47","33","80","72"
"4823","2","3","8","7","4","322","22","¿En qué juego estamos?","¿En qué juego estamos?","0","0","4","4","47","33","80","72"
"4824","3","3","8","7","4","322","22","¿En qué juego estamos?","¿En qué juego estamos?","0","0","4","4","47","33","80","72"
"4825","16","3","8","7","4","311","11","Es el juego: 4","Es el juego 4","0","1","4","4","47","33","80","72"
"4826","44","3","8","7","4","309","9","Es el juego: 1","Es el juego 1","0","2","4","4","47","33","80","72"
"4827","8","3","8","8","3","320","20","¿En qué juego estamos?","¿En qué juego estamos?","0","0","3","3","40","40","80","80"
"4828","10","3","8","8","3","313","13","Es el juego: 3","Es el juego 3","0","1","3","3","40","40","80","80"
"4829","13","3","8","8","3","305","5","Es el juego: 3","Es el juego 3","0","2","3","3","40","40","80","80"
"4830","15","3","8","8","3","305","5","F está diciendo la verdad","F está diciendo la verdad","0","2","3","3","40","40","80","80"
"4831","17","3","8","8","3","305","5","Estoy diciendo la verdad","Estoy diciendo la verdad.","0","2","3","3","40","40","80","80"
"4832","19","3","8","8","3","305","5","Es el juego: 3","Es el juego 3","0","2","3","3","40","40","80","80"
"4833","30","3","8","8","3","313","13","C está diciendo la verdad","C está diciendo la verdad","0","1","3","3","40","40","80","80"
"4834","37","3","8","8","3","305","5","F está diciendo la verdad","F está diciendo la verdad","0","2","3","3","40","40","80","80"
"4835","10","3","8","9","3","316","16","Es el juego: 5","Es el juego 5","0","1","1","1","18","46","64","80"
"4836","22","3","8","9","3","303","3","F está mintiendo","F está mintiendo","0","2","1","1","18","46","64","80"
"4837","26","3","8","9","3","316","16","Es el juego: 5","Es el juego 5","0","1","1","1","18","46","64","80"
"4838","29","3","8","9","3","303","3","Es el juego: 1","Es el juego 1","0","2","1","1","18","46","64","80"
"4839","31","3","8","9","3","303","3","F está mintiendo","F está mintiendo","0","2","1","1","18","46","64","80"
"4840","34","3","8","9","3","316","16","C está mintiendo","C está mintiendo","0","1","1","1","18","46","64","80"
"4841","37","3","8","9","3","316","16","Estoy diciendo la verdad","Estoy diciendo la verdad.","0","1","1","1","18","46","64","80"
"4842","40","3","8","9","3","324","24","Por favor decidme la verdad","Por favor decidme la verdad","0","0","1","1","18","46","64","80"
"4843","43","3","8","9","3","316","16","Es el juego: 5","Es el juego 5","0","1","1","1","18","46","64","80"
"4844","46","3","8","9","3","303","3","Es el juego: 1","Es el juego 1","0","2","1","1","18","46","64","80"
"-999","0","3","9","6","5","308","8","","-999","0","2","5","5","54","26","80","64"
"-999","0","3","9","1","2","318","18","","-999","0","1","2","2","33","47","80","72"
"-999","0","2","9","4","5","224","24","","-999","0","0","4","4","43","29","72","64"
"-999","0","2","9","1","2","221","21","","-999","0","0","1","1","22","50","72","72"
"-999","0","1","9","5","3","113","13","","-999","0","1","2","2","29","43","72","80"
"607","4","1","9","1","2","103","3","Es el juego: 5","Es el juego 5","0","2","2","2","33","47","80","72"
"608","12","1","9","1","2","117","17","Es el juego: 2","Es el juego 2","0","1","2","2","33","47","80","72"
"609","18","1","9","1","2","124","24","Por favor decidme la verdad","Por favor decidme la verdad","0","0","2","2","33","47","80","72"
"610","20","1","9","1","2","117","17","Estoy diciendo la verdad","Estoy diciendo la verdad.","0","1","2","2","33","47","80","72"
"611","23","1","9","1","2","117","17","Es el juego: 2","Es el juego 2","0","1","2","2","33","47","80","72"
"612","31","1","9","1","2","117","17","Estoy diciendo la verdad","Estoy diciendo la verdad.","0","1","2","2","33","47","80","72"
"613","1","1","9","2","5","123","23","¿En qué juego estamos?","¿En qué juego estamos?","0","0","5","5","54","26","80","64"
"614","3","1","9","2","5","123","23","Por favor decidme la verdad","Por favor decidme la verdad","0","0","5","5","54","26","80","64"
"615","7","1","9","2","5","116","16","Es el juego: 5","Es el juego 5","0","1","5","5","54","26","80","64"
"616","10","1","9","2","5","123","23","Por favor decidme la verdad","Por favor decidme la verdad","0","0","5","5","54","26","80","64"
"617","11","1","9","2","5","102","2","F está diciendo la verdad","F está diciendo la verdad","0","2","5","5","54","26","80","64"
"618","14","1","9","2","5","116","16","Estoy diciendo la verdad","Estoy diciendo la verdad.","0","1","5","5","54","26","80","64"
"619","19","1","9","2","5","123","23","¿En qué juego estamos?","¿En qué juego estamos?","0","0","5","5","54","26","80","64"
"620","44","1","9","2","5","116","16","Es el juego: 5","Es el juego 5","0","1","5","5","54","26","80","64"
"621","7","1","9","3","3","114","14","Es el juego: 3","Es el juego 3","0","1","3","3","40","40","80","80"
"622","11","1","9","3","3","121","21","Por favor decidme la verdad","Por favor decidme la verdad","0","0","3","3","40","40","80","80"
"623","16","1","9","3","3","114","14","Es el juego: 3","Es el juego 3","0","1","3","3","40","40","80","80"
"624","16","1","9","3","3","107","7","F está diciendo la verdad","F está diciendo la verdad","0","2","3","3","40","40","80","80"
"625","38","1","9","3","3","107","7","Es el juego: 3","Es el juego 3","0","2","3","3","40","40","80","80"
"626","1","1","9","4","5","120","20","¿En qué juego estamos?","¿En qué juego estamos?","0","0","2","2","21","35","56","64"
"627","4","1","9","4","5","101","1","Es el juego: 2","Es el juego 2","0","2","2","2","21","35","56","64"
"628","8","1","9","4","5","115","15","C está mintiendo","C está mintiendo","0","1","2","2","21","35","56","64"
"629","14","1","9","4","5","120","20","Por favor decidme la verdad","Por favor decidme la verdad","0","0","2","2","21","35","56","64"
"630","14","1","9","4","5","101","1","Estoy diciendo la verdad","Estoy diciendo la verdad.","0","2","2","2","21","35","56","64"
"631","18","1","9","4","5","120","20","¿En qué juego estamos?","¿En qué juego estamos?","0","0","2","2","21","35","56","64"
"632","19","1","9","4","5","115","15","Es el juego: 5","Es el juego 5","0","1","2","2","21","35","56","64"
"633","20","1","9","4","5","115","15","Estoy diciendo la verdad","Estoy diciendo la verdad.","0","1","2","2","21","35","56","64"
"634","23","1","9","4","5","101","1","Es el juego: 2","Es el juego 2","0","2","2","2","21","35","56","64"
"635","23","1","9","4","5","115","15","Estoy diciendo la verdad","Estoy diciendo la verdad.","0","1","2","2","21","35","56","64"
"636","24","1","9","4","5","115","15","Estoy diciendo la verdad","Estoy diciendo la verdad.","0","1","2","2","21","35","56","64"
"637","26","1","9","4","5","115","15","Estoy diciendo la verdad","Estoy diciendo la verdad.","0","1","2","2","21","35","56","64"
"638","27","1","9","4","5","115","15","Estoy diciendo la verdad","Estoy diciendo la verdad.","0","1","2","2","21","35","56","64"
"639","29","1","9","4","5","115","15","Estoy diciendo la verdad","Estoy diciendo la verdad.","0","1","2","2","21","35","56","64"
"640","30","1","9","4","5","101","1","F está mintiendo","F está mintiendo","0","2","2","2","21","35","56","64"
"641","33","1","9","4","5","115","15","C está mintiendo","C está mintiendo","0","1","2","2","21","35","56","64"
"642","35","1","9","4","5","115","15","C está mintiendo","C está mintiendo","0","1","2","2","21","35","56","64"
"643","37","1","9","4","5","115","15","Es el juego: 5","Es el juego 5","0","1","2","2","21","35","56","64"
"644","38","1","9","4","5","115","15","Es el juego: 5","Es el juego 5","0","1","2","2","21","35","56","64"
"645","39","1","9","4","5","115","15","Es el juego: 5","Es el juego 5","0","1","2","2","21","35","56","64"
"646","41","1","9","4","5","115","15","Es el juego: 5","Es el juego 5","0","1","2","2","21","35","56","64"
"647","42","1","9","4","5","115","15","Es el juego: 5","Es el juego 5","0","1","2","2","21","35","56","64"
"648","43","1","9","4","5","101","1","Es el juego: 2","Es el juego 2","0","2","2","2","21","35","56","64"
"649","44","1","9","4","5","115","15","Es el juego: 5","Es el juego 5","0","1","2","2","21","35","56","64"
"650","45","1","9","4","5","115","15","Es el juego: 5","Es el juego 5","0","1","2","2","21","35","56","64"
"651","45","1","9","4","5","101","1","Estoy diciendo la verdad","Estoy diciendo la verdad.","0","2","2","2","21","35","56","64"
"652","2","1","9","5","3","126","26","Por favor decidme la verdad","Por favor decidme la verdad","0","0","2","2","29","43","72","80"
"653","3","1","9","5","3","106","6","Es el juego: 2","Es el juego 2","0","2","2","2","29","43","72","80"
"654","5","1","9","5","3","126","26","¿En qué juego estamos?","¿En qué juego estamos?","0","0","2","2","29","43","72","80"
"655","7","1","9","5","3","106","6","Es el juego: 2","Es el juego 2","0","2","2","2","29","43","72","80"
"656","2","1","9","6","5","125","25","¿En qué juego estamos?","¿En qué juego estamos?","0","0","5","5","54","26","80","64"
"657","11","1","9","6","5","111","11","Es el juego: 5","Es el juego 5","0","1","5","5","54","26","80","64"
"658","15","1","9","6","5","111","11","Estoy diciendo la verdad","Estoy diciendo la verdad.","0","1","5","5","54","26","80","64"
"659","17","1","9","6","5","108","8","Es el juego: 1","Es el juego 1","0","2","5","5","54","26","80","64"
"660","18","1","9","6","5","108","8","F está mintiendo","F está mintiendo","0","2","5","5","54","26","80","64"
"661","23","1","9","6","5","111","11","Estoy diciendo la verdad","Estoy diciendo la verdad.","0","1","5","5","54","26","80","64"
"662","25","1","9","6","5","111","11","Estoy diciendo la verdad","Estoy diciendo la verdad.","0","1","5","5","54","26","80","64"
"663","26","1","9","6","5","108","8","Estoy diciendo la verdad","Estoy diciendo la verdad.","0","2","5","5","54","26","80","64"
"664","27","1","9","6","5","111","11","Estoy diciendo la verdad","Estoy diciendo la verdad.","0","1","5","5","54","26","80","64"
"665","28","1","9","6","5","108","8","F está mintiendo","F está mintiendo","0","2","5","5","54","26","80","64"
"666","29","1","9","6","5","111","11","Estoy diciendo la verdad","Estoy diciendo la verdad.","0","1","5","5","54","26","80","64"
"667","29","1","9","6","5","108","8","Es el juego: 1","Es el juego 1","0","2","5","5","54","26","80","64"
"668","30","1","9","6","5","108","8","Es el juego: 1","Es el juego 1","0","2","5","5","54","26","80","64"
"669","31","1","9","6","5","111","11","Estoy diciendo la verdad","Estoy diciendo la verdad.","0","1","5","5","54","26","80","64"
"670","32","1","9","6","5","108","8","Es el juego: 1","Es el juego 1","0","2","5","5","54","26","80","64"
"671","32","1","9","6","5","111","11","Estoy diciendo la verdad","Estoy diciendo la verdad.","0","1","5","5","54","26","80","64"
"672","34","1","9","6","5","111","11","Estoy diciendo la verdad","Estoy diciendo la verdad.","0","1","5","5","54","26","80","64"
"673","35","1","9","6","5","111","11","Estoy diciendo la verdad","Estoy diciendo la verdad.","0","1","5","5","54","26","80","64"
"674","37","1","9","6","5","111","11","Estoy diciendo la verdad","Estoy diciendo la verdad.","0","1","5","5","54","26","80","64"
"675","38","1","9","6","5","111","11","Estoy diciendo la verdad","Estoy diciendo la verdad.","0","1","5","5","54","26","80","64"
"676","39","1","9","6","5","111","11","Estoy diciendo la verdad","Estoy diciendo la verdad.","0","1","5","5","54","26","80","64"
"677","41","1","9","6","5","108","8","Es el juego: 1","Es el juego 1","0","2","5","5","54","26","80","64"
"678","41","1","9","6","5","111","11","Estoy diciendo la verdad","Estoy diciendo la verdad.","0","1","5","5","54","26","80","64"
"679","42","1","9","6","5","111","11","Estoy diciendo la verdad","Estoy diciendo la verdad.","0","1","5","5","54","26","80","64"
"680","42","1","9","6","5","108","8","F está mintiendo","F está mintiendo","0","2","5","5","54","26","80","64"
"681","44","1","9","6","5","111","11","Estoy diciendo la verdad","Estoy diciendo la verdad.","0","1","5","5","54","26","80","64"
"682","45","1","9","6","5","108","8","Estoy diciendo la verdad","Estoy diciendo la verdad.","0","2","5","5","54","26","80","64"
"683","46","1","9","6","5","111","11","Estoy diciendo la verdad","Estoy diciendo la verdad.","0","1","5","5","54","26","80","64"
"684","3","1","9","7","5","119","19","¿En qué juego estamos?","¿En qué juego estamos?","0","0","5","5","54","26","80","64"
"685","6","1","9","7","5","119","19","Por favor decidme la verdad","Por favor decidme la verdad","0","0","5","5","54","26","80","64"
"686","6","1","9","7","5","104","4","Es el juego: 2","Es el juego 2","0","2","5","5","54","26","80","64"
"687","7","1","9","7","5","118","18","Es el juego: 5","Es el juego 5","0","1","5","5","54","26","80","64"
"688","11","1","9","7","5","118","18","C está mintiendo","C está mintiendo","0","1","5","5","54","26","80","64"
"689","12","1","9","7","5","104","4","F está mintiendo","F está mintiendo","0","2","5","5","54","26","80","64"
"690","16","1","9","7","5","118","18","Estoy diciendo la verdad","Estoy diciendo la verdad.","0","1","5","5","54","26","80","64"
"691","19","1","9","7","5","104","4","Estoy diciendo la verdad","Estoy diciendo la verdad.","0","2","5","5","54","26","80","64"
"692","19","1","9","7","5","118","18","Es el juego: 5","Es el juego 5","0","1","5","5","54","26","80","64"
"693","23","1","9","7","5","104","4","F está mintiendo","F está mintiendo","0","2","5","5","54","26","80","64"
"694","25","1","9","7","5","104","4","Es el juego: 2","Es el juego 2","0","2","5","5","54","26","80","64"
"695","26","1","9","7","5","118","18","Es el juego: 5","Es el juego 5","0","1","5","5","54","26","80","64"
"696","28","1","9","7","5","118","18","Estoy diciendo la verdad","Estoy diciendo la verdad.","0","1","5","5","54","26","80","64"
"697","31","1","9","7","5","104","4","Estoy diciendo la verdad","Estoy diciendo la verdad.","0","2","5","5","54","26","80","64"
"698","35","1","9","7","5","118","18","Es el juego: 5","Es el juego 5","0","1","5","5","54","26","80","64"
"699","39","1","9","7","5","104","4","F está mintiendo","F está mintiendo","0","2","5","5","54","26","80","64"
"700","41","1","9","7","5","104","4","Es el juego: 2","Es el juego 2","0","2","5","5","54","26","80","64"
"701","5","1","9","8","1","122","22","¿En qué juego estamos?","¿En qué juego estamos?","0","0","1","1","26","54","80","64"
"702","6","1","9","8","1","122","22","¿En qué juego estamos?","¿En qué juego estamos?","0","0","1","1","26","54","80","64"
"703","6","1","9","8","1","110","10","Es el juego: 1","Es el juego 1","0","1","1","1","26","54","80","64"
"704","10","1","9","8","1","105","5","Es el juego: 1","Es el juego 1","0","2","1","1","26","54","80","64"
"705","12","1","9","8","1","122","22","Por favor decidme la verdad","Por favor decidme la verdad","0","0","1","1","26","54","80","64"
"706","14","1","9","8","1","110","10","Estoy diciendo la verdad","Estoy diciendo la verdad.","0","1","1","1","26","54","80","64"
"707","14","1","9","8","1","105","5","F está diciendo la verdad","F está diciendo la verdad","0","2","1","1","26","54","80","64"
"708","16","1","9","8","1","105","5","Estoy diciendo la verdad","Estoy diciendo la verdad.","0","2","1","1","26","54","80","64"
"709","16","1","9","8","1","110","10","C está diciendo la verdad","C está diciendo la verdad","0","1","1","1","26","54","80","64"
"710","16","1","9","8","1","122","22","Por favor decidme la verdad","Por favor decidme la verdad","0","0","1","1","26","54","80","64"
"711","18","1","9","8","1","110","10","C está diciendo la verdad","C está diciendo la verdad","0","1","1","1","26","54","80","64"
"712","19","1","9","8","1","110","10","C está diciendo la verdad","C está diciendo la verdad","0","1","1","1","26","54","80","64"
"713","21","1","9","8","1","110","10","Estoy diciendo la verdad","Estoy diciendo la verdad.","0","1","1","1","26","54","80","64"
"714","22","1","9","8","1","110","10","Estoy diciendo la verdad","Estoy diciendo la verdad.","0","1","1","1","26","54","80","64"
"715","34","1","9","8","1","110","10","Estoy diciendo la verdad","Estoy diciendo la verdad.","0","1","1","1","26","54","80","64"
"716","36","1","9","8","1","105","5","F está diciendo la verdad","F está diciendo la verdad","0","2","1","1","26","54","80","64"
"717","38","1","9","8","1","110","10","C está diciendo la verdad","C está diciendo la verdad","0","1","1","1","26","54","80","64"
"718","41","1","9","8","1","105","5","Estoy diciendo la verdad","Estoy diciendo la verdad.","0","2","1","1","26","54","80","64"
"719","2","1","9","9","4","127","27","¿En qué juego estamos?","¿En qué juego estamos?","0","0","3","3","36","36","72","72"
"720","11","1","9","9","4","127","27","¿En qué juego estamos?","¿En qué juego estamos?","0","0","3","3","36","36","72","72"
"721","17","1","9","9","4","127","27","¿En qué juego estamos?","¿En qué juego estamos?","0","0","3","3","36","36","72","72"
"722","24","1","9","9","4","112","12","Es el juego: 4","Es el juego 4","0","1","3","3","36","36","72","72"
"723","30","1","9","9","4","109","9","Es el juego: 1","Es el juego 1","0","2","3","3","36","36","72","72"
"724","33","1","9","9","4","109","9","F está mintiendo","F está mintiendo","0","2","3","3","36","36","72","72"
"725","34","1","9","9","4","112","12","C está mintiendo","C está mintiendo","0","1","3","3","36","36","72","72"
"726","37","1","9","9","4","112","12","Es el juego: 4","Es el juego 4","0","1","3","3","36","36","72","72"
"727","39","1","9","9","4","127","27","Por favor decidme la verdad","Por favor decidme la verdad","0","0","3","3","36","36","72","72"
"728","39","1","9","9","4","109","9","Es el juego: 1","Es el juego 1","0","2","3","3","36","36","72","72"
"729","41","1","9","9","4","127","27","Por favor decidme la verdad","Por favor decidme la verdad","0","0","3","3","36","36","72","72"
"730","41","1","9","9","4","112","12","Es el juego: 4","Es el juego 4","0","1","3","3","36","36","72","72"
"731","42","1","9","9","4","109","9","Estoy diciendo la verdad","Estoy diciendo la verdad.","0","2","3","3","36","36","72","72"
"732","42","1","9","9","4","127","27","Por favor decidme la verdad","Por favor decidme la verdad","0","0","3","3","36","36","72","72"
"733","44","1","9","9","4","112","12","C está mintiendo","C está mintiendo","0","1","3","3","36","36","72","72"
"734","44","1","9","9","4","127","27","Por favor decidme la verdad","Por favor decidme la verdad","0","0","3","3","36","36","72","72"
"735","44","1","9","9","4","109","9","Es el juego: 1","Es el juego 1","0","2","3","3","36","36","72","72"
"2466","5","2","9","1","2","203","3","Es el juego: 2","Es el juego 2","0","2","1","1","22","50","72","72"
"2467","11","2","9","1","2","213","13","Es el juego: 2","Es el juego 2","0","1","1","1","22","50","72","72"
"2468","13","2","9","1","2","213","13","C está diciendo la verdad","C está diciendo la verdad","0","1","1","1","22","50","72","72"
"2469","3","2","9","2","5","220","20","¿En qué juego estamos?","¿En qué juego estamos?","0","0","2","2","21","35","56","64"
"2470","8","2","9","2","5","220","20","¿En qué juego estamos?","¿En qué juego estamos?","0","0","2","2","21","35","56","64"
"2471","13","2","9","2","5","220","20","¿En qué juego estamos?","¿En qué juego estamos?","0","0","2","2","21","35","56","64"
"2472","16","2","9","2","5","209","9","Es el juego: 2","Es el juego 2","0","2","2","2","21","35","56","64"
"2473","18","2","9","2","5","220","20","Por favor decidme la verdad","Por favor decidme la verdad","0","0","2","2","21","35","56","64"
"2474","21","2","9","2","5","215","15","Es el juego: 2","Es el juego 2","0","1","2","2","21","35","56","64"
"2475","22","2","9","2","5","209","9","Es el juego: 2","Es el juego 2","0","2","2","2","21","35","56","64"
"2476","25","2","9","2","5","215","15","Estoy diciendo la verdad","Estoy diciendo la verdad.","0","1","2","2","21","35","56","64"
"2477","29","2","9","2","5","209","9","F está diciendo la verdad","F está diciendo la verdad","0","2","2","2","21","35","56","64"
"2478","44","2","9","2","5","209","9","Es el juego: 2","Es el juego 2","0","2","2","2","21","35","56","64"
"2479","2","2","9","3","3","222","22","¿En qué juego estamos?","¿En qué juego estamos?","0","0","3","3","40","40","80","80"
"2480","6","2","9","3","3","202","2","Es el juego: 3","Es el juego 3","0","2","3","3","40","40","80","80"
"2481","10","2","9","3","3","222","22","Por favor decidme la verdad","Por favor decidme la verdad","0","0","3","3","40","40","80","80"
"2482","11","2","9","3","3","202","2","Estoy diciendo la verdad","Estoy diciendo la verdad.","0","2","3","3","40","40","80","80"
"2483","13","2","9","3","3","202","2","Estoy diciendo la verdad","Estoy diciendo la verdad.","0","2","3","3","40","40","80","80"
"2484","15","2","9","3","3","202","2","Estoy diciendo la verdad","Estoy diciendo la verdad.","0","2","3","3","40","40","80","80"
"2485","16","2","9","3","3","202","2","Estoy diciendo la verdad","Estoy diciendo la verdad.","0","2","3","3","40","40","80","80"
"2486","23","2","9","3","3","211","11","C está diciendo la verdad","C está diciendo la verdad","0","1","3","3","40","40","80","80"
"2487","24","2","9","3","3","222","22","¿En qué juego estamos?","¿En qué juego estamos?","0","0","3","3","40","40","80","80"
"2488","32","2","9","3","3","202","2","Es el juego: 3","Es el juego 3","0","2","3","3","40","40","80","80"
"2489","32","2","9","3","3","211","11","Es el juego: 3","Es el juego 3","0","1","3","3","40","40","80","80"
"2490","40","2","9","3","3","202","2","Es el juego: 3","Es el juego 3","0","2","3","3","40","40","80","80"
"2491","42","2","9","3","3","222","22","Por favor decidme la verdad","Por favor decidme la verdad","0","0","3","3","40","40","80","80"
"2492","43","2","9","3","3","202","2","Estoy diciendo la verdad","Estoy diciendo la verdad.","0","2","3","3","40","40","80","80"
"2493","46","2","9","3","3","202","2","F está diciendo la verdad","F está diciendo la verdad","0","2","3","3","40","40","80","80"
"2494","6","2","9","4","5","201","1","Es el juego: 3","Es el juego 3","0","2","4","4","43","29","72","64"
"2495","9","2","9","4","5","218","18","Es el juego: 5","Es el juego 5","0","1","4","4","43","29","72","64"
"2496","13","2","9","4","5","201","1","Estoy diciendo la verdad","Estoy diciendo la verdad.","0","2","4","4","43","29","72","64"
"2497","14","2","9","4","5","218","18","C está mintiendo","C está mintiendo","0","1","4","4","43","29","72","64"
"2498","19","2","9","4","5","218","18","Es el juego: 5","Es el juego 5","0","1","4","4","43","29","72","64"
"2499","21","2","9","4","5","218","18","Estoy diciendo la verdad","Estoy diciendo la verdad.","0","1","4","4","43","29","72","64"
"2500","23","2","9","4","5","201","1","Es el juego: 3","Es el juego 3","0","2","4","4","43","29","72","64"
"2501","25","2","9","4","5","201","1","F está mintiendo","F está mintiendo","0","2","4","4","43","29","72","64"
"2502","29","2","9","4","5","218","18","Es el juego: 5","Es el juego 5","0","1","4","4","43","29","72","64"
"2503","31","2","9","4","5","218","18","Estoy diciendo la verdad","Estoy diciendo la verdad.","0","1","4","4","43","29","72","64"
"2504","3","2","9","5","3","225","25","¿En qué juego estamos?","¿En qué juego estamos?","0","0","3","3","40","40","80","80"
"2505","4","2","9","5","3","205","5","Es el juego: 1","Es el juego 1","0","2","3","3","40","40","80","80"
"2506","5","2","9","5","3","216","16","Es el juego: 3","Es el juego 3","0","1","3","3","40","40","80","80"
"2507","8","2","9","5","3","225","25","Por favor decidme la verdad","Por favor decidme la verdad","0","0","3","3","40","40","80","80"
"2508","8","2","9","5","3","205","5","F está mintiendo","F está mintiendo","0","2","3","3","40","40","80","80"
"2509","11","2","9","5","3","205","5","Es el juego: 1","Es el juego 1","0","2","3","3","40","40","80","80"
"2510","12","2","9","5","3","216","16","Estoy diciendo la verdad","Estoy diciendo la verdad.","0","1","3","3","40","40","80","80"
"2511","13","2","9","5","3","225","25","Por favor decidme la verdad","Por favor decidme la verdad","0","0","3","3","40","40","80","80"
"2512","15","2","9","5","3","205","5","Es el juego: 1","Es el juego 1","0","2","3","3","40","40","80","80"
"2513","17","2","9","5","3","205","5","Estoy diciendo la verdad","Estoy diciendo la verdad.","0","2","3","3","40","40","80","80"
"2514","17","2","9","5","3","216","16","Estoy diciendo la verdad","Estoy diciendo la verdad.","0","1","3","3","40","40","80","80"
"2515","19","2","9","5","3","205","5","F está mintiendo","F está mintiendo","0","2","3","3","40","40","80","80"
"2516","22","2","9","5","3","216","16","C está mintiendo","C está mintiendo","0","1","3","3","40","40","80","80"
"2517","25","2","9","5","3","216","16","Es el juego: 3","Es el juego 3","0","1","3","3","40","40","80","80"
"2518","27","2","9","5","3","216","16","Es el juego: 3","Es el juego 3","0","1","3","3","40","40","80","80"
"2519","29","2","9","5","3","216","16","Es el juego: 3","Es el juego 3","0","1","3","3","40","40","80","80"
"2520","30","2","9","5","3","216","16","Es el juego: 3","Es el juego 3","0","1","3","3","40","40","80","80"
"2521","34","2","9","5","3","205","5","Es el juego: 1","Es el juego 1","0","2","3","3","40","40","80","80"
"2522","36","2","9","5","3","205","5","Estoy diciendo la verdad","Estoy diciendo la verdad.","0","2","3","3","40","40","80","80"
"2523","38","2","9","5","3","205","5","F está mintiendo","F está mintiendo","0","2","3","3","40","40","80","80"
"2524","39","2","9","5","3","216","16","C está mintiendo","C está mintiendo","0","1","3","3","40","40","80","80"
"2525","40","2","9","5","3","225","25","Por favor decidme la verdad","Por favor decidme la verdad","0","0","3","3","40","40","80","80"
"2526","43","2","9","5","3","216","16","C está mintiendo","C está mintiendo","0","1","3","3","40","40","80","80"
"2527","45","2","9","5","3","205","5","Es el juego: 1","Es el juego 1","0","2","3","3","40","40","80","80"
"2528","46","2","9","5","3","216","16","C está mintiendo","C está mintiendo","0","1","3","3","40","40","80","80"
"2529","1","2","9","6","5","227","27","¿En qué juego estamos?","¿En qué juego estamos?","0","0","5","5","54","26","80","64"
"2530","7","2","9","6","5","212","12","Es el juego: 5","Es el juego 5","0","1","5","5","54","26","80","64"
"2531","8","2","9","6","5","212","12","Estoy diciendo la verdad","Estoy diciendo la verdad.","0","1","5","5","54","26","80","64"
"2532","18","2","9","6","5","207","7","F está diciendo la verdad","F está diciendo la verdad","0","2","5","5","54","26","80","64"
"2533","20","2","9","6","5","212","12","C está diciendo la verdad","C está diciendo la verdad","0","1","5","5","54","26","80","64"
"2534","38","2","9","6","5","227","27","Por favor decidme la verdad","Por favor decidme la verdad","0","0","5","5","54","26","80","64"
"2535","40","2","9","6","5","212","12","Es el juego: 5","Es el juego 5","0","1","5","5","54","26","80","64"
"2536","43","2","9","6","5","212","12","Estoy diciendo la verdad","Estoy diciendo la verdad.","0","1","5","5","54","26","80","64"
"2537","2","2","9","7","5","226","26","¿En qué juego estamos?","¿En qué juego estamos?","0","0","2","3","7","18","25","64"
"2538","3","2","9","7","5","226","26","Por favor decidme la verdad","Por favor decidme la verdad","0","0","2","3","7","18","25","64"
"2539","4","2","9","7","5","214","14","Es el juego: 5","Es el juego 5","0","1","2","3","7","18","25","64"
"2540","5","2","9","7","5","226","26","Por favor decidme la verdad","Por favor decidme la verdad","0","0","2","3","7","18","25","64"
"2541","7","2","9","7","5","214","14","Estoy diciendo la verdad","Estoy diciendo la verdad.","0","1","2","3","7","18","25","64"
"2542","7","2","9","7","5","226","26","Por favor decidme la verdad","Por favor decidme la verdad","0","0","2","3","7","18","25","64"
"2543","9","2","9","7","5","226","26","Por favor decidme la verdad","Por favor decidme la verdad","0","0","2","3","7","18","25","64"
"2544","10","2","9","7","5","226","26","Por favor decidme la verdad","Por favor decidme la verdad","0","0","2","3","7","18","25","64"
"2545","11","2","9","7","5","214","14","Estoy diciendo la verdad","Estoy diciendo la verdad.","0","1","2","3","7","18","25","64"
"2546","12","2","9","7","5","226","26","Por favor decidme la verdad","Por favor decidme la verdad","0","0","2","3","7","18","25","64"
"2547","13","2","9","7","5","214","14","Estoy diciendo la verdad","Estoy diciendo la verdad.","0","1","2","3","7","18","25","64"
"2548","15","2","9","7","5","206","6","F está mintiendo","F está mintiendo","0","2","2","3","7","18","25","64"
"2549","17","2","9","7","5","214","14","C está mintiendo","C está mintiendo","0","1","2","3","7","18","25","64"
"2550","19","2","9","7","5","206","6","Es el juego: 3","Es el juego 3","0","2","2","3","7","18","25","64"
"2551","20","2","9","7","5","214","14","Estoy diciendo la verdad","Estoy diciendo la verdad.","0","1","2","3","7","18","25","64"
"2552","22","2","9","7","5","214","14","Estoy diciendo la verdad","Estoy diciendo la verdad.","0","1","2","3","7","18","25","64"
"2553","23","2","9","7","5","206","6","Estoy diciendo la verdad","Estoy diciendo la verdad.","0","2","2","3","7","18","25","64"
"2554","23","2","9","7","5","214","14","Estoy diciendo la verdad","Estoy diciendo la verdad.","0","1","2","3","7","18","25","64"
"2555","24","2","9","7","5","206","6","Es el juego: 3","Es el juego 3","0","2","2","3","7","18","25","64"
"2556","25","2","9","7","5","214","14","Es el juego: 5","Es el juego 5","0","1","2","3","7","18","25","64"
"2557","27","2","9","7","5","214","14","Es el juego: 5","Es el juego 5","0","1","2","3","7","18","25","64"
"2558","28","2","9","7","5","214","14","Es el juego: 5","Es el juego 5","0","1","2","3","7","18","25","64"
"2559","29","2","9","7","5","206","6","F está mintiendo","F está mintiendo","0","2","2","3","7","18","25","64"
"2560","31","2","9","7","5","214","14","Estoy diciendo la verdad","Estoy diciendo la verdad.","0","1","2","3","7","18","25","64"
"2561","32","2","9","7","5","214","14","C está mintiendo","C está mintiendo","0","1","2","3","7","18","25","64"
"2562","37","2","9","7","5","214","14","Es el juego: 5","Es el juego 5","0","1","2","3","7","18","25","64"
"2563","39","2","9","7","5","214","14","Es el juego: 5","Es el juego 5","0","1","2","3","7","18","25","64"
"2564","43","2","9","7","5","214","14","C está mintiendo","C está mintiendo","0","1","2","3","7","18","25","64"
"2565","45","2","9","7","5","206","6","F está mintiendo","F está mintiendo","0","2","2","3","7","18","25","64"
"2566","2","2","9","8","1","219","19","¿En qué juego estamos?","¿En qué juego estamos?","0","0","2","2","29","43","72","64"
"2567","4","2","9","8","1","217","17","Es el juego: 4","Es el juego 4","0","1","2","2","29","43","72","64"
"2568","7","2","9","8","1","208","8","F está mintiendo","F está mintiendo","0","2","2","2","29","43","72","64"
"2569","12","2","9","8","1","219","19","Por favor decidme la verdad","Por favor decidme la verdad","0","0","2","2","29","43","72","64"
"2570","13","2","9","8","1","208","8","Es el juego: 1","Es el juego 1","0","2","2","2","29","43","72","64"
"2571","20","2","9","8","1","219","19","Por favor decidme la verdad","Por favor decidme la verdad","0","0","2","2","29","43","72","64"
"2572","33","2","9","8","1","217","17","C está diciendo la verdad","C está diciendo la verdad","0","1","2","2","29","43","72","64"
"2573","36","2","9","8","1","208","8","Es el juego: 1","Es el juego 1","0","2","2","2","29","43","72","64"
"2574","43","2","9","8","1","208","8","Estoy diciendo la verdad","Estoy diciendo la verdad.","0","2","2","2","29","43","72","64"
"2575","46","2","9","8","1","217","17","C está mintiendo","C está mintiendo","0","1","2","2","29","43","72","64"
"2576","4","2","9","9","4","223","23","¿En qué juego estamos?","¿En qué juego estamos?","0","0","4","3","33","22","55","72"
"2577","5","2","9","9","4","223","23","Por favor decidme la verdad","Por favor decidme la verdad","0","0","4","3","33","22","55","72"
"2578","6","2","9","9","4","204","4","Es el juego: 4","Es el juego 4","0","2","4","3","33","22","55","72"
"2579","9","2","9","9","4","223","23","Por favor decidme la verdad","Por favor decidme la verdad","0","0","4","3","33","22","55","72"
"2580","9","2","9","9","4","210","10","Es el juego: 4","Es el juego 4","0","1","4","3","33","22","55","72"
"2581","12","2","9","9","4","210","10","Estoy diciendo la verdad","Estoy diciendo la verdad.","0","1","4","3","33","22","55","72"
"2582","15","2","9","9","4","210","10","C está diciendo la verdad","C está diciendo la verdad","0","1","4","3","33","22","55","72"
"2583","17","2","9","9","4","204","4","Estoy diciendo la verdad","Estoy diciendo la verdad.","0","2","4","3","33","22","55","72"
"2584","18","2","9","9","4","204","4","F está diciendo la verdad","F está diciendo la verdad","0","2","4","3","33","22","55","72"
"2585","20","2","9","9","4","223","23","Por favor decidme la verdad","Por favor decidme la verdad","0","0","4","3","33","22","55","72"
"2586","34","2","9","9","4","204","4","Estoy diciendo la verdad","Estoy diciendo la verdad.","0","2","4","3","33","22","55","72"
"4845","3","3","9","1","2","321","21","¿En qué juego estamos?","¿En qué juego estamos?","0","0","2","2","33","47","80","72"
"4846","4","3","9","1","2","321","21","Por favor decidme la verdad","Por favor decidme la verdad","0","0","2","2","33","47","80","72"
"4847","11","3","9","1","2","302","2","Es el juego: 2","Es el juego 2","0","2","2","2","33","47","80","72"
"4848","12","3","9","1","2","302","2","Estoy diciendo la verdad","Estoy diciendo la verdad.","0","2","2","2","33","47","80","72"
"4849","14","3","9","1","2","302","2","Estoy diciendo la verdad","Estoy diciendo la verdad.","0","2","2","2","33","47","80","72"
"4850","19","3","9","1","2","321","21","¿En qué juego estamos?","¿En qué juego estamos?","0","0","2","2","33","47","80","72"
"4851","23","3","9","1","2","302","2","Es el juego: 2","Es el juego 2","0","2","2","2","33","47","80","72"
"4852","25","3","9","1","2","302","2","Estoy diciendo la verdad","Estoy diciendo la verdad.","0","2","2","2","33","47","80","72"
"4853","2","3","9","2","5","327","27","¿En qué juego estamos?","¿En qué juego estamos?","0","0","2","2","21","35","56","64"
"4854","6","3","9","2","5","310","10","Es el juego: 5","Es el juego 5","0","1","2","2","21","35","56","64"
"4855","6","3","9","2","5","301","1","Es el juego: 2","Es el juego 2","0","2","2","2","21","35","56","64"
"4856","8","3","9","2","5","310","10","Estoy diciendo la verdad","Estoy diciendo la verdad.","0","1","2","2","21","35","56","64"
"4857","10","3","9","2","5","310","10","C está mintiendo","C está mintiendo","0","1","2","2","21","35","56","64"
"4858","15","3","9","2","5","301","1","Estoy diciendo la verdad","Estoy diciendo la verdad.","0","2","2","2","21","35","56","64"
"4859","29","3","9","2","5","310","10","C está mintiendo","C está mintiendo","0","1","2","2","21","35","56","64"
"4860","40","3","9","2","5","301","1","F está diciendo la verdad","F está diciendo la verdad","0","2","2","2","21","35","56","64"
"4861","44","3","9","2","5","310","10","Estoy diciendo la verdad","Estoy diciendo la verdad.","0","1","2","2","21","35","56","64"
"4862","2","3","9","3","3","319","19","¿En qué juego estamos?","¿En qué juego estamos?","0","0","3","3","40","40","80","80"
"4863","4","3","9","3","3","319","19","Por favor decidme la verdad","Por favor decidme la verdad","0","0","3","3","40","40","80","80"
"4864","10","3","9","3","3","312","12","Es el juego: 3","Es el juego 3","0","1","3","3","40","40","80","80"
"4865","11","3","9","3","3","307","7","Estoy diciendo la verdad","Estoy diciendo la verdad.","0","2","3","3","40","40","80","80"
"4866","12","3","9","3","3","312","12","Estoy diciendo la verdad","Estoy diciendo la verdad.","0","1","3","3","40","40","80","80"
"4867","13","3","9","3","3","307","7","Es el juego: 3","Es el juego 3","0","2","3","3","40","40","80","80"
"4868","13","3","9","3","3","312","12","Es el juego: 3","Es el juego 3","0","1","3","3","40","40","80","80"
"4869","16","3","9","3","3","312","12","C está diciendo la verdad","C está diciendo la verdad","0","1","3","3","40","40","80","80"
"4870","4","3","9","4","5","314","14","Es el juego: 5","Es el juego 5","0","1","5","5","54","26","80","64"
"4871","5","3","9","4","5","325","25","Por favor decidme la verdad","Por favor decidme la verdad","0","0","5","5","54","26","80","64"
"4872","6","3","9","4","5","306","6","Es el juego: 3","Es el juego 3","0","2","5","5","54","26","80","64"
"4873","9","3","9","4","5","325","25","¿En qué juego estamos?","¿En qué juego estamos?","0","0","5","5","54","26","80","64"
"4874","10","3","9","4","5","314","14","C está mintiendo","C está mintiendo","0","1","5","5","54","26","80","64"
"4875","11","3","9","4","5","325","25","Por favor decidme la verdad","Por favor decidme la verdad","0","0","5","5","54","26","80","64"
"4876","12","3","9","4","5","314","14","Es el juego: 5","Es el juego 5","0","1","5","5","54","26","80","64"
"4877","12","3","9","4","5","306","6","F está mintiendo","F está mintiendo","0","2","5","5","54","26","80","64"
"4878","14","3","9","4","5","306","6","Es el juego: 3","Es el juego 3","0","2","5","5","54","26","80","64"
"4879","23","3","9","4","5","325","25","Por favor decidme la verdad","Por favor decidme la verdad","0","0","5","5","54","26","80","64"
"4880","24","3","9","4","5","314","14","C está mintiendo","C está mintiendo","0","1","5","5","54","26","80","64"
"4881","26","3","9","4","5","314","14","Es el juego: 5","Es el juego 5","0","1","5","5","54","26","80","64"
"4882","26","3","9","4","5","306","6","Es el juego: 3","Es el juego 3","0","2","5","5","54","26","80","64"
"4883","29","3","9","4","5","314","14","Es el juego: 5","Es el juego 5","0","1","5","5","54","26","80","64"
"4884","30","3","9","4","5","306","6","F está mintiendo","F está mintiendo","0","2","5","5","54","26","80","64"
"4885","31","3","9","4","5","314","14","Es el juego: 5","Es el juego 5","0","1","5","5","54","26","80","64"
"4886","32","3","9","4","5","306","6","Es el juego: 3","Es el juego 3","0","2","5","5","54","26","80","64"
"4887","32","3","9","4","5","325","25","Por favor decidme la verdad","Por favor decidme la verdad","0","0","5","5","54","26","80","64"
"4888","33","3","9","4","5","314","14","C está mintiendo","C está mintiendo","0","1","5","5","54","26","80","64"
"4889","34","3","9","4","5","306","6","Es el juego: 3","Es el juego 3","0","2","5","5","54","26","80","64"
"4890","35","3","9","4","5","314","14","Es el juego: 5","Es el juego 5","0","1","5","5","54","26","80","64"
"4891","36","3","9","4","5","314","14","Es el juego: 5","Es el juego 5","0","1","5","5","54","26","80","64"
"4892","2","3","9","5","3","323","23","¿En qué juego estamos?","¿En qué juego estamos?","0","0","3","3","40","40","80","80"
"4893","3","3","9","5","3","315","15","Es el juego: 3","Es el juego 3","0","1","3","3","40","40","80","80"
"4894","4","3","9","5","3","315","15","Es el juego: 3","Es el juego 3","0","1","3","3","40","40","80","80"
"4895","6","3","9","5","3","315","15","Es el juego: 3","Es el juego 3","0","1","3","3","40","40","80","80"
"4896","8","3","9","5","3","315","15","C está mintiendo","C está mintiendo","0","1","3","3","40","40","80","80"
"4897","10","3","9","5","3","315","15","C está mintiendo","C está mintiendo","0","1","3","3","40","40","80","80"
"4898","11","3","9","5","3","304","4","F está diciendo la verdad","F está diciendo la verdad","0","2","3","3","40","40","80","80"
"4899","11","3","9","5","3","315","15","C está mintiendo","C está mintiendo","0","1","3","3","40","40","80","80"
"4900","20","3","9","5","3","315","15","C está diciendo la verdad","C está diciendo la verdad","0","1","3","3","40","40","80","80"
"4901","25","3","9","5","3","304","4","Es el juego: 3","Es el juego 3","0","2","3","3","40","40","80","80"
"4902","28","3","9","5","3","315","15","Es el juego: 3","Es el juego 3","0","1","3","3","40","40","80","80"
"4903","2","3","9","6","5","326","26","¿En qué juego estamos?","¿En qué juego estamos?","0","0","5","5","54","26","80","64"
"4904","16","3","9","6","5","317","17","Es el juego: 5","Es el juego 5","0","1","5","5","54","26","80","64"
"4905","33","3","9","6","5","326","26","Por favor decidme la verdad","Por favor decidme la verdad","0","0","5","5","54","26","80","64"
"4906","2","3","9","7","5","322","22","¿En qué juego estamos?","¿En qué juego estamos?","0","0","5","5","54","26","80","64"
"4907","3","3","9","7","5","322","22","¿En qué juego estamos?","¿En qué juego estamos?","0","0","5","5","54","26","80","64"
"4908","7","3","9","7","5","311","11","Es el juego: 5","Es el juego 5","0","1","5","5","54","26","80","64"
"4909","25","3","9","7","5","309","9","F está mintiendo","F está mintiendo","0","2","5","5","54","26","80","64"
"4910","28","3","9","7","5","311","11","C está mintiendo","C está mintiendo","0","1","5","5","54","26","80","64"
"4911","30","3","9","7","5","311","11","C está diciendo la verdad","C está diciendo la verdad","0","1","5","5","54","26","80","64"
"4912","35","3","9","7","5","311","11","C está mintiendo","C está mintiendo","0","1","5","5","54","26","80","64"
"4913","36","3","9","7","5","309","9","Es el juego: 1","Es el juego 1","0","2","5","5","54","26","80","64"
"4914","38","3","9","7","5","311","11","Es el juego: 5","Es el juego 5","0","1","5","5","54","26","80","64"
"4915","40","3","9","7","5","309","9","F está mintiendo","F está mintiendo","0","2","5","5","54","26","80","64"
"4916","40","3","9","7","5","311","11","Estoy diciendo la verdad","Estoy diciendo la verdad.","0","1","5","5","54","26","80","64"
"4917","43","3","9","7","5","311","11","Es el juego: 5","Es el juego 5","0","1","5","5","54","26","80","64"
"4918","45","3","9","7","5","311","11","Es el juego: 5","Es el juego 5","0","1","5","5","54","26","80","64"
"4919","3","3","9","8","1","320","20","¿En qué juego estamos?","¿En qué juego estamos?","0","0","1","1","26","54","80","64"
"4920","6","3","9","8","1","305","5","Es el juego: 1","Es el juego 1","0","2","1","1","26","54","80","64"
"4921","9","3","9","8","1","305","5","Estoy diciendo la verdad","Estoy diciendo la verdad.","0","2","1","1","26","54","80","64"
"4922","12","3","9","8","1","305","5","Es el juego: 1","Es el juego 1","0","2","1","1","26","54","80","64"
"4923","20","3","9","8","1","313","13","Es el juego: 4","Es el juego 4","0","1","1","1","26","54","80","64"
"4924","22","3","9","8","1","313","13","Estoy diciendo la verdad","Estoy diciendo la verdad.","0","1","1","1","26","54","80","64"
"4925","22","3","9","8","1","305","5","F está mintiendo","F está mintiendo","0","2","1","1","26","54","80","64"
"4926","23","3","9","8","1","313","13","Estoy diciendo la verdad","Estoy diciendo la verdad.","0","1","1","1","26","54","80","64"
"4927","23","3","9","8","1","305","5","F está mintiendo","F está mintiendo","0","2","1","1","26","54","80","64"
"4928","25","3","9","8","1","313","13","Estoy diciendo la verdad","Estoy diciendo la verdad.","0","1","1","1","26","54","80","64"
"4929","25","3","9","8","1","305","5","F está mintiendo","F está mintiendo","0","2","1","1","26","54","80","64"
"4930","26","3","9","8","1","305","5","Es el juego: 1","Es el juego 1","0","2","1","1","26","54","80","64"
"4931","26","3","9","8","1","313","13","C está diciendo la verdad","C está diciendo la verdad","0","1","1","1","26","54","80","64"
"4932","28","3","9","8","1","305","5","Es el juego: 1","Es el juego 1","0","2","1","1","26","54","80","64"
"4933","28","3","9","8","1","313","13","Es el juego: 4","Es el juego 4","0","1","1","1","26","54","80","64"
"4934","29","3","9","8","1","313","13","Es el juego: 4","Es el juego 4","0","1","1","1","26","54","80","64"
"4935","29","3","9","8","1","305","5","Es el juego: 1","Es el juego 1","0","2","1","1","26","54","80","64"
"4936","31","3","9","8","1","305","5","Es el juego: 1","Es el juego 1","0","2","1","1","26","54","80","64"
"4937","32","3","9","8","1","313","13","C está mintiendo","C está mintiendo","0","1","1","1","26","54","80","64"
"4938","35","3","9","8","1","313","13","C está mintiendo","C está mintiendo","0","1","1","1","26","54","80","64"
"4939","36","3","9","8","1","305","5","Es el juego: 1","Es el juego 1","0","2","1","1","26","54","80","64"
"4940","37","3","9","8","1","313","13","Estoy diciendo la verdad","Estoy diciendo la verdad.","0","1","1","1","26","54","80","64"
"4941","37","3","9","8","1","305","5","Es el juego: 1","Es el juego 1","0","2","1","1","26","54","80","64"
"4942","38","3","9","8","1","313","13","Es el juego: 4","Es el juego 4","0","1","1","1","26","54","80","64"
"4943","39","3","9","8","1","305","5","Es el juego: 1","Es el juego 1","0","2","1","1","26","54","80","64"
"4944","40","3","9","8","1","313","13","C está mintiendo","C está mintiendo","0","1","1","1","26","54","80","64"
"4945","40","3","9","8","1","305","5","Es el juego: 1","Es el juego 1","0","2","1","1","26","54","80","64"
"4946","42","3","9","8","1","313","13","C está mintiendo","C está mintiendo","0","1","1","1","26","54","80","64"
"4947","43","3","9","8","1","313","13","Es el juego: 4","Es el juego 4","0","1","1","1","26","54","80","64"
"4948","44","3","9","8","1","305","5","Es el juego: 1","Es el juego 1","0","2","1","1","26","54","80","64"
"4949","45","3","9","8","1","313","13","C está mintiendo","C está mintiendo","0","1","1","1","26","54","80","64"
"4950","2","3","9","9","4","324","24","¿En qué juego estamos?","¿En qué juego estamos?","0","0","3","3","36","36","72","72"
"4951","12","3","9","9","4","303","3","Es el juego: 1","Es el juego 1","0","2","3","3","36","36","72","72"
"4952","15","3","9","9","4","316","16","Es el juego: 5","Es el juego 5","0","1","3","3","36","36","72","72"
"4953","19","3","9","9","4","316","16","C está mintiendo","C está mintiendo","0","1","3","3","36","36","72","72"
"4954","20","3","9","9","4","303","3","F está mintiendo","F está mintiendo","0","2","3","3","36","36","72","72"
"4955","23","3","9","9","4","303","3","F está mintiendo","F está mintiendo","0","2","3","3","36","36","72","72"
"4956","29","3","9","9","4","303","3","F está mintiendo","F está mintiendo","0","2","3","3","36","36","72","72"
"4957","32","3","9","9","4","303","3","Estoy diciendo la verdad","Estoy diciendo la verdad.","0","2","3","3","36","36","72","72"
"4958","34","3","9","9","4","316","16","Estoy diciendo la verdad","Estoy diciendo la verdad.","0","1","3","3","36","36","72","72"
"4959","39","3","9","9","4","316","16","Es el juego: 5","Es el juego 5","0","1","3","3","36","36","72","72"
"4960","44","3","9","9","4","303","3","Es el juego: 1","Es el juego 1","0","2","3","3","36","36","72","72"