,Session,Crosssect,Comp,Pair,Period,Subject,Groupe,ID,Inv,OtherInv,Payoff,OtherPayoff
1,2,182,1,191,1,18,9,2,26,14,-12.326,58.186
2,2,183,1,191,1,17,9,1,14,26,58.186,-12.326
3,2,184,1,192,1,16,8,2,18,2,-13.558,-10.262
4,2,185,1,192,1,15,8,1,2,18,-10.262,-13.558
5,2,186,1,193,1,14,7,2,18,15,26.3975,38.072
6,2,187,1,193,1,13,7,1,15,18,38.072,26.3975
7,2,188,1,194,1,12,6,2,2,24,-6.836,-48.79
8,2,189,1,194,1,11,6,1,24,2,-48.79,-6.836
9,2,190,1,195,1,10,5,2,8,12,14.752,13.928
10,2,191,1,195,1,9,5,1,12,8,13.928,14.752
11,2,192,1,196,1,8,4,2,28,15,-21.9925,65.452
12,2,193,1,196,1,7,4,1,15,28,65.452,-21.9925
13,2,194,1,197,1,6,3,2,18,18,35.882,35.882
14,2,195,1,197,1,5,3,1,18,18,35.882,35.882
15,2,196,1,198,1,4,2,2,2,0,-18.164,-27.958
16,2,197,1,198,1,3,2,1,0,2,-27.958,-18.164
17,2,198,1,199,1,2,1,2,20,0,-29.72,-25.6
18,2,199,1,199,1,1,1,1,0,20,-25.6,-29.72
19,5,484,0,492,1,16,8,2,2,28,63.18654809,-6.573543445
20,5,485,0,492,1,15,8,1,28,2,-6.573543445,63.18654809
21,5,486,0,493,1,14,7,2,10,2,-2.338620844,4.072230751
22,5,487,0,493,1,13,7,1,2,10,4.072230751,-2.338620844
23,5,488,0,494,1,12,6,2,4,18,31.73177585,5.877154491
24,5,489,0,494,1,11,6,1,18,4,5.877154491,31.73177585
25,5,490,0,495,1,10,5,2,28,14,11.68152342,66.80740692
26,5,491,0,495,1,9,5,1,14,28,66.80740692,11.68152342
27,5,492,0,496,1,8,4,2,2,16,22.13664964,2.136280705
28,5,493,0,496,1,7,4,1,16,2,2.136280705,22.13664964
29,5,494,0,497,1,6,3,2,14,28,66.80740692,11.68152342
30,5,495,0,497,1,5,3,1,28,14,11.68152342,66.80740692
31,5,496,0,498,1,4,2,2,10,25,58.50369157,10.41696827
32,5,497,0,498,1,3,2,1,25,10,10.41696827,58.50369157
33,5,498,0,499,1,2,1,2,4,18,31.73177585,5.877154491
34,5,499,0,499,1,1,1,1,18,4,5.877154491,31.73177585
35,7,686,1,693,1,14,7,2,20,18,31.642,42.26
36,7,687,1,693,1,13,7,1,18,20,42.26,31.642
37,7,688,1,694,1,12,6,2,18,2,-13.558,-10.262
38,7,689,1,694,1,11,6,1,2,18,-10.262,-13.558
39,7,690,1,695,1,10,5,2,8,2,0.682,-15.092
40,7,691,1,695,1,9,5,1,2,8,-15.092,0.682
41,7,692,1,696,1,8,4,2,26,0,-73.604,-24.022
42,7,693,1,696,1,7,4,1,0,26,-24.022,-73.604
43,7,694,1,697,1,6,3,2,18,4,-7.532,3.29
44,7,695,1,697,1,5,3,1,4,18,3.29,-7.532
45,7,696,1,698,1,4,2,2,3,10,-8.48,3.9695
46,7,697,1,698,1,3,2,1,10,3,3.9695,-8.48
47,7,698,1,699,1,2,1,2,14.2,10,17.75488,23.62102
48,7,699,1,699,1,1,1,1,10,14.2,23.62102,17.75488
49,8,786,0,793,1,14,7,2,10,14,26.39787946,18.17452301
50,8,787,0,793,1,13,7,1,14,10,18.17452301,26.39787946
51,8,788,0,794,1,12,6,2,28,28,41.272,41.272
52,8,789,0,794,1,11,6,1,28,28,41.272,41.272
53,8,790,0,795,1,10,5,2,18,28,62.78187771,19.22463777
54,8,791,0,795,1,9,5,1,28,18,19.22463777,62.78187771
55,8,792,0,796,1,8,4,2,28,4,-3.986686067,65.42517524
56,8,793,0,796,1,7,4,1,4,28,65.42517524,-3.986686067
57,8,794,0,797,1,6,3,2,22,10,14.49484582,49.20077647
58,8,795,0,797,1,5,3,1,10,22,49.20077647,14.49484582
59,8,796,0,798,1,4,2,2,12,15.2,30.49703731,22.84786028
60,8,797,0,798,1,3,2,1,15.2,12,22.84786028,30.49703731
61,8,798,0,799,1,2,1,2,2,2,-17.462,-17.462
62,8,799,0,799,1,1,1,1,2,2,-17.462,-17.462
63,11,1086,0,1093,1,14,7,2,2,18,28.52264561,2.319794018
64,11,1087,0,1093,1,13,7,1,18,2,2.319794018,28.52264561
65,11,1088,0,1094,1,12,6,2,5,10,9.805257223,4.230371647
66,11,1089,0,1094,1,11,6,1,10,5,4.230371647,9.805257223
67,11,1090,0,1095,1,10,5,2,28,16,15.36194984,65.12167245
68,11,1091,0,1095,1,9,5,1,16,28,65.12167245,15.36194984
69,11,1092,0,1096,1,8,4,2,28,2,-6.573543445,63.18654809
70,11,1093,0,1096,1,7,4,1,2,28,63.18654809,-6.573543445
71,11,1094,0,1097,1,6,3,2,0,22,38.36643282,-2.26225789
72,11,1095,0,1097,1,5,3,1,22,0,-2.26225789,38.36643282
73,11,1096,0,1098,1,4,2,2,10,8,11.20945253,14.06664809
74,11,1097,0,1098,1,3,2,1,8,10,14.06664809,11.20945253
75,11,1098,0,1099,1,2,1,2,28,0,-8.978139316,60.29386068
76,11,1099,0,1099,1,1,1,1,0,28,60.29386068,-8.978139316
77,12,1188,1,1194,1,12,6,2,24,3,-44.7925,1.208
78,12,1189,1,1194,1,11,6,1,3,24,1.208,-44.7925
79,12,1190,1,1195,1,10,5,2,16,28,66.928,-17.192
80,12,1191,1,1195,1,9,5,1,28,16,-17.192,66.928
81,12,1192,1,1196,1,8,4,2,10,18,30.602,10.81
82,12,1193,1,1196,1,7,4,1,18,10,10.81,30.602
83,12,1194,1,1197,1,6,3,2,26,28,51.108,31.418
84,12,1195,1,1197,1,5,3,1,28,26,31.418,51.108
85,12,1196,1,1198,1,4,2,2,22,4,-27.476,6.85
86,12,1197,1,1198,1,3,2,1,4,22,6.85,-27.476
87,12,1198,1,1199,1,2,1,2,14,16,32.676,26.594
88,12,1199,1,1199,1,1,1,1,16,14,26.594,32.676
89,16,1590,0,1595,1,10,5,2,26,22,32.52459236,50.78381012
90,16,1591,0,1595,1,9,5,1,22,26,50.78381012,32.52459236
91,16,1592,0,1596,1,8,4,2,19,0,-1.111770584,28.01785147
92,16,1593,0,1596,1,7,4,1,0,19,28.01785147,-1.111770584
93,16,1594,0,1597,1,6,3,2,12,28,67.83908112,8.183358512
94,16,1595,0,1597,1,5,3,1,28,12,8.183358512,67.83908112
95,16,1596,0,1598,1,4,2,2,12,5,6.084914836,15.35331775
96,16,1597,0,1598,1,3,2,1,5,12,15.35331775,6.084914836
97,16,1598,0,1599,1,2,1,2,16,10.1,18.45539076,31.88009488
98,16,1599,0,1599,1,1,1,1,10.1,16,31.88009488,18.45539076
99,18,1786,1,1793,1,14,7,2,10,8,12.572,11.85
100,18,1787,1,1793,1,13,7,1,8,10,11.85,12.572
101,18,1788,1,1794,1,12,6,2,12,18,35.258,17.012
102,18,1789,1,1794,1,11,6,1,18,12,17.012,35.258
103,18,1790,1,1795,1,10,5,2,3,14,-5.932,1.1575
104,18,1791,1,1795,1,9,5,1,14,3,1.1575,-5.932
105,18,1792,1,1796,1,8,4,2,2,20,-9.164,-23.078
106,18,1793,1,1796,1,7,4,1,20,2,-23.078,-9.164
107,18,1794,1,1797,1,6,3,2,14,16.4,33.67528,26.10472
108,18,1795,1,1797,1,5,3,1,16.4,14,26.10472,33.67528
109,18,1796,1,1798,1,4,2,2,18,18,35.882,35.882
110,18,1797,1,1798,1,3,2,1,18,18,35.882,35.882
111,18,1798,1,1799,1,2,1,2,10,2,2.282,-14.214
112,18,1799,1,1799,1,1,1,1,2,10,-14.214,2.282
113,22,2190,0,2195,1,10,5,2,28,5.4,-2.067440307,66.60304838
114,22,2191,0,2195,1,9,5,1,5.4,28,66.60304838,-2.067440307
115,22,2192,0,2196,1,8,4,2,10,16,31.82521146,18.23569412
116,22,2193,0,2196,1,7,4,1,16,10,18.23569412,31.82521146
117,22,2194,0,2197,1,6,3,2,1,3,-17.50741502,-17.43748436
118,22,2195,0,2197,1,5,3,1,3,1,-17.43748436,-17.50741502
119,22,2196,0,2198,1,4,2,2,2,0,-22.38990392,-22.87799546
120,22,2197,0,2198,1,3,2,1,0,2,-22.87799546,-22.38990392
121,22,2198,0,2199,1,2,1,2,12,22,49.4054644,18.39305108
122,22,2199,0,2199,1,1,1,1,22,12,18.39305108,49.4054644
123,23,2292,0,2296,1,8,4,2,18,28,62.78187771,19.22463777
124,23,2293,0,2296,1,7,4,1,28,18,19.22463777,62.78187771
125,23,2294,0,2297,1,6,3,2,3,10,6.146754642,-0.194522057
126,23,2295,0,2297,1,5,3,1,10,3,-0.194522057,6.146754642
127,23,2296,0,2298,1,4,2,2,4,28,65.42517524,-3.986686067
128,23,2297,0,2298,1,3,2,1,28,4,-3.986686067,65.42517524
129,23,2298,0,2299,1,2,1,2,28,5,-2.624909314,66.29921621
130,23,2299,0,2299,1,1,1,1,5,28,66.29921621,-2.624909314
131,24,2386,1,2393,1,14,7,2,12,28,57.688,-36.328
132,24,2387,1,2393,1,13,7,1,28,12,-36.328,57.688
133,24,2388,1,2394,1,12,6,2,20,10,3.93,34.34
134,24,2389,1,2394,1,11,6,1,10,20,34.34,3.93
135,24,2390,1,2395,1,10,5,2,5.5,10,3.4225,8.236375
136,24,2391,1,2395,1,9,5,1,10,5.5,8.236375,3.4225
137,24,2392,1,2396,1,8,4,2,28,18,-7.558,68.212
138,24,2393,1,2396,1,7,4,1,18,28,68.212,-7.558
139,24,2394,1,2397,1,6,3,2,18,28,68.212,-7.558
140,24,2395,1,2397,1,5,3,1,28,18,-7.558,68.212
141,24,2396,1,2398,1,4,2,2,0.4,2,-25.68088,-18.02712
142,24,2397,1,2398,1,3,2,1,2,0.4,-18.02712,-25.68088
143,24,2398,1,2399,1,2,1,2,4,11.5,-2.119625,5.9035
144,24,2399,1,2399,1,1,1,1,11.5,4,5.9035,-2.119625
145,25,2484,1,2492,1,16,8,2,10,22,38.122,-5.174
146,25,2485,1,2492,1,15,8,1,22,10,-5.174,38.122
147,25,2486,1,2493,1,14,7,2,14,18,37.69,23.258
148,25,2487,1,2493,1,13,7,1,18,14,23.258,37.69
149,25,2488,1,2494,1,12,6,2,25.7,28,52.39158,29.943695
150,25,2489,1,2494,1,11,6,1,28,25.7,29.943695,52.39158
151,25,2490,1,2495,1,10,5,2,18,28,68.212,-7.558
152,25,2491,1,2495,1,9,5,1,28,18,-7.558,68.212
153,25,2492,1,2496,1,8,4,2,18,15,26.3975,38.072
154,25,2493,1,2496,1,7,4,1,15,18,38.072,26.3975
155,25,2494,1,2497,1,6,3,2,18,8,4.652,23.722
156,25,2495,1,2497,1,5,3,1,8,18,23.722,4.652
157,25,2496,1,2498,1,4,2,2,18,28,68.212,-7.558
158,25,2497,1,2498,1,3,2,1,28,18,-7.558,68.212
159,25,2498,1,2499,1,2,1,2,18,14,23.258,37.69
160,25,2499,1,2499,1,1,1,1,14,18,37.69,23.258
161,26,2590,0,2595,1,10,5,2,2,28,63.18654809,-6.573543445
162,26,2591,0,2595,1,9,5,1,28,2,-6.573543445,63.18654809
163,26,2592,0,2596,1,8,4,2,14,22,48.95609206,22.47351785
164,26,2593,0,2596,1,7,4,1,22,14,22.47351785,48.95609206
165,26,2594,0,2597,1,6,3,2,20,0,-1.331751285,31.42181321
166,26,2595,0,2597,1,5,3,1,0,20,31.42181321,-1.331751285
167,26,2596,0,2598,1,4,2,2,18,4,5.877154491,31.73177585
168,26,2597,0,2598,1,3,2,1,4,18,31.73177585,5.877154491
169,26,2598,0,2599,1,2,1,2,7,1,-9.027633899,-6.728460528
170,26,2599,0,2599,1,1,1,1,1,7,-6.728460528,-9.027633899
171,27,2686,1,2693,1,14,7,2,18,12,17.012,35.258
172,27,2687,1,2693,1,13,7,1,12,18,35.258,17.012
173,27,2688,1,2694,1,12,6,2,8,26.9,37.756855,-45.97298
174,27,2689,1,2694,1,11,6,1,26.9,8,-45.97298,37.756855
175,27,2690,1,2695,1,10,5,2,8,2,0.682,-15.092
176,27,2691,1,2695,1,9,5,1,2,8,-15.092,0.682
177,27,2692,1,2696,1,8,4,2,26,26,41.914,41.914
178,27,2693,1,2696,1,7,4,1,26,26,41.914,41.914
179,27,2694,1,2697,1,6,3,2,22,26,56.234,23.658
180,27,2695,1,2697,1,5,3,1,26,22,23.658,56.234
181,27,2696,1,2698,1,4,2,2,28,16,-17.192,66.928
182,27,2697,1,2698,1,3,2,1,16,28,66.928,-17.192
183,27,2698,1,2699,1,2,1,2,14,14,27.706,27.706
184,27,2699,1,2699,1,1,1,1,14,14,27.706,27.706
185,28,2778,0,2789,1,22,11,2,24,0.5,-3.165712503,46.37485424
186,28,2779,0,2789,1,21,11,1,0.5,24,46.37485424,-3.165712503
187,28,2780,0,2790,1,20,10,2,9,12,20.31994087,15.09328553
188,28,2781,0,2790,1,19,10,1,12,9,15.09328553,20.31994087
189,28,2782,0,2791,1,18,9,2,18,22,46.09516656,31.18123591
190,28,2783,0,2791,1,17,9,1,22,18,31.18123591,46.09516656
191,28,2784,0,2792,1,16,8,2,18,20,40.89745253,33.85864809
192,28,2785,0,2792,1,15,8,1,20,18,33.85864809,40.89745253
193,28,2786,0,2793,1,14,7,2,17.5,0,-1.088390282,22.99734394
194,28,2787,0,2793,1,13,7,1,0,17.5,22.99734394,-1.088390282
195,28,2788,0,2794,1,12,6,2,15,26,60.01064773,17.847396
196,28,2789,0,2794,1,11,6,1,26,15,17.847396,60.01064773
197,28,2790,0,2795,1,10,5,2,13,28,67.40500155,9.909658279
198,28,2791,0,2795,1,9,5,1,28,13,9.909658279,67.40500155
199,28,2792,0,2796,1,8,4,2,18,16,31.04880898,37.25129164
200,28,2793,0,2796,1,7,4,1,16,18,37.25129164,31.04880898
201,28,2794,0,2797,1,6,3,2,14,18,37.96652301,26.39787946
202,28,2795,0,2797,1,5,3,1,18,14,26.39787946,37.96652301
203,28,2796,0,2798,1,4,2,2,10,28,68.21669505,4.867455106
204,28,2797,0,2798,1,3,2,1,28,10,4.867455106,68.21669505
205,28,2798,0,2799,1,2,1,2,10,10,16.09,16.09
206,28,2799,0,2799,1,1,1,1,10,10,16.09,16.09
207,29,2892,0,2896,1,8,4,2,18,26,57.03737916,23.86423075
208,29,2893,0,2896,1,7,4,1,26,18,23.86423075,57.03737916
209,29,2894,0,2897,1,6,3,2,28,28,41.272,41.272
210,29,2895,0,2897,1,5,3,1,28,28,41.272,41.272
211,29,2896,0,2898,1,4,2,2,28,28,41.272,41.272
212,29,2897,0,2898,1,3,2,1,28,28,41.272,41.272
213,29,2898,0,2899,1,2,1,2,28,9,3.277851469,68.16022942
214,29,2899,0,2899,1,1,1,1,9,28,68.16022942,3.277851469
215,2,182,1,191,2,18,9,2,10,16,26.908,15.466
216,2,183,1,191,2,17,9,1,16,10,15.466,26.908
217,2,184,1,192,2,16,8,2,22,6,-20.086,19.498
218,2,185,1,192,2,15,8,1,6,22,19.498,-20.086
219,2,186,1,193,2,14,7,2,28,22,11.842,64.108
220,2,187,1,193,2,13,7,1,22,28,64.108,11.842
221,2,188,1,194,2,12,6,2,4,14,-0.094,3.516
222,2,189,1,194,2,11,6,1,14,4,3.516,-0.094
223,2,190,1,195,2,10,5,2,10,10,16.09,16.09
224,2,191,1,195,2,9,5,1,10,10,16.09,16.09
225,2,192,1,196,2,8,4,2,18,8,4.652,23.722
226,2,193,1,196,2,7,4,1,8,18,23.722,4.652
227,2,194,1,197,2,6,3,2,28,18,-7.558,68.212
228,2,195,1,197,2,5,3,1,18,28,68.212,-7.558
229,2,196,1,198,2,4,2,2,0,28,-23.408,-92.68
230,2,197,1,198,2,3,2,1,28,0,-92.68,-23.408
231,2,198,1,199,2,2,1,2,14,28,63.42,-26.782
232,2,199,1,199,2,1,1,1,28,14,-26.782,63.42
233,5,484,0,492,2,16,8,2,16,2,2.136280705,22.13664964
234,5,485,0,492,2,15,8,1,2,16,22.13664964,2.136280705
235,5,486,0,493,2,14,7,2,10,2,-2.338620844,4.072230751
236,5,487,0,493,2,13,7,1,2,10,4.072230751,-2.338620844
237,5,488,0,494,2,12,6,2,6,4,-3.870225696,-2.685673685
238,5,489,0,494,2,11,6,1,4,6,-2.685673685,-3.870225696
239,5,490,0,495,2,10,5,2,14,12,22.84913075,27.37896987
240,5,491,0,495,2,9,5,1,12,14,27.37896987,22.84913075
241,5,492,0,496,2,8,4,2,0,18,24.65945511,-1.055304949
242,5,493,0,496,2,7,4,1,18,0,-1.055304949,24.65945511
243,5,494,0,497,2,6,3,2,16,14,27.37896987,32.74513075
244,5,495,0,497,2,5,3,1,14,16,32.74513075,27.37896987
245,5,496,0,498,2,4,2,2,12,10,17.45929164,21.15280898
246,5,497,0,498,2,3,2,1,10,12,21.15280898,17.45929164
247,5,498,0,499,2,2,1,2,12,4,3.946735606,13.7028743
248,5,499,0,499,2,1,1,1,4,12,13.7028743,3.946735606
249,7,686,1,693,2,14,7,2,26,28,51.108,31.418
250,7,687,1,693,2,13,7,1,28,26,31.418,51.108
251,7,688,1,694,2,12,6,2,18,2,-13.558,-10.262
252,7,689,1,694,2,11,6,1,2,18,-10.262,-13.558
253,7,690,1,695,2,10,5,2,2,10,-14.214,2.282
254,7,691,1,695,2,9,5,1,10,2,2.282,-14.214
255,7,692,1,696,2,8,4,2,26,28,51.108,31.418
256,7,693,1,696,2,7,4,1,28,26,31.418,51.108
257,7,694,1,697,2,6,3,2,18,18,35.882,35.882
258,7,695,1,697,2,5,3,1,18,18,35.882,35.882
259,7,696,1,698,2,4,2,2,3,1,-13.5695,-22.2295
260,7,697,1,698,2,3,2,1,1,3,-22.2295,-13.5695
261,7,698,1,699,2,2,1,2,12.5,12,22.6495,23.390375
262,7,699,1,699,2,1,1,1,12,12.5,23.390375,22.6495
263,8,786,0,793,2,14,7,2,16,16,32.224,32.224
264,8,787,0,793,2,13,7,1,16,16,32.224,32.224
265,8,788,0,794,2,12,6,2,24,12,15.64388049,55.3677418
266,8,789,0,794,2,11,6,1,12,24,55.3677418,15.64388049
267,8,790,0,795,2,10,5,2,28,22,27.49679814,56.14010743
268,8,791,0,795,2,9,5,1,22,28,56.14010743,27.49679814
269,8,792,0,796,2,8,4,2,18,6,9.616776472,34.28684582
270,8,793,0,796,2,7,4,1,6,18,34.28684582,9.616776472
271,8,794,0,797,2,6,3,2,6,16,28.28905108,9.821464398
272,8,795,0,797,2,5,3,1,16,6,9.821464398,28.28905108
273,8,796,0,798,2,4,2,2,18,10.3,18.27414676,37.56543467
274,8,797,0,798,2,3,2,1,10.3,18,37.56543467,18.27414676
275,8,798,0,799,2,2,1,2,4,28,65.42517524,-3.986686067
276,8,799,0,799,2,1,1,1,28,4,-3.986686067,65.42517524
277,11,1086,0,1093,2,14,7,2,4,19.5,36.49530648,5.43998696
278,11,1087,0,1093,2,13,7,1,19.5,4,5.43998696,36.49530648
279,11,1088,0,1094,2,12,6,2,8,10,14.06664809,11.20945253
280,11,1089,0,1094,2,11,6,1,10,8,11.20945253,14.06664809
281,11,1090,0,1095,2,10,5,2,14,16,32.74513075,27.37896987
282,11,1091,0,1095,2,9,5,1,16,14,27.37896987,32.74513075
283,11,1092,0,1096,2,8,4,2,10,0.4,-5.674402919,0.412881186
284,11,1093,0,1096,2,7,4,1,0.4,10,0.412881186,-5.674402919
285,11,1094,0,1097,2,6,3,2,28,28,41.272,41.272
286,11,1095,0,1097,2,5,3,1,28,28,41.272,41.272
287,11,1096,0,1098,2,4,2,2,12,10,17.45929164,21.15280898
288,11,1097,0,1098,2,3,2,1,10,12,21.15280898,17.45929164
289,11,1098,0,1099,2,2,1,2,0,14,11.68152342,-2.464593081
290,11,1099,0,1099,2,1,1,1,14,0,-2.464593081,11.68152342
291,12,1188,1,1194,2,12,6,2,18,1,-16.5545,-17.872
292,12,1189,1,1194,2,11,6,1,1,18,-17.872,-16.5545
293,12,1190,1,1195,2,10,5,2,20,28,67.272,2.12
294,12,1191,1,1195,2,9,5,1,28,20,2.12,67.272
295,12,1192,1,1196,2,8,4,2,16,19,40.7515,27.376
296,12,1193,1,1196,2,7,4,1,19,16,27.376,40.7515
297,12,1194,1,1197,2,6,3,2,28,18,-7.558,68.212
298,12,1195,1,1197,2,5,3,1,18,28,68.212,-7.558
299,12,1196,1,1198,2,4,2,2,12,28,57.688,-36.328
300,12,1197,1,1198,2,3,2,1,28,12,-36.328,57.688
301,12,1198,1,1199,2,2,1,2,14,15,30.1855,27.428
302,12,1199,1,1199,2,1,1,1,15,14,27.428,30.1855
303,16,1590,0,1595,2,10,5,2,24,28,51.83813189,31.90627059
304,16,1591,0,1595,2,9,5,1,28,24,31.90627059,51.83813189
305,16,1592,0,1596,2,8,4,2,18.5,17.8,34.95081182,37.28999051
306,16,1593,0,1596,2,7,4,1,17.8,18.5,37.28999051,34.95081182
307,16,1594,0,1597,2,6,3,2,16,20,42.46084479,29.21955769
308,16,1595,0,1597,2,5,3,1,20,16,29.21955769,42.46084479
309,16,1596,0,1598,2,4,2,2,2,20,35.0909031,1.849247062
310,16,1597,0,1598,2,3,2,1,20,2,1.849247062,35.0909031
311,16,1598,0,1599,2,2,1,2,22,9.8,14.11504968,49.14433436
312,16,1599,0,1599,2,1,1,1,9.8,22,49.14433436,14.11504968
313,18,1786,1,1793,2,14,7,2,8,12,14.752,13.928
314,18,1787,1,1793,2,13,7,1,12,8,13.928,14.752
315,18,1788,1,1794,2,12,6,2,14.5,14,27.6365,28.944375
316,18,1789,1,1794,2,11,6,1,14,14.5,28.944375,27.6365
317,18,1790,1,1795,2,10,5,2,18,26,61.658,5.578
318,18,1791,1,1795,2,9,5,1,26,18,5.578,61.658
319,18,1792,1,1796,2,8,4,2,4,20,5.048,-16.392
320,18,1793,1,1796,2,7,4,1,20,4,-16.392,5.048
321,18,1794,1,1797,2,6,3,2,16.4,18,37.67272,30.81128
322,18,1795,1,1797,2,5,3,1,18,16.4,30.81128,37.67272
323,18,1796,1,1798,2,4,2,2,28,20,2.12,67.272
324,18,1797,1,1798,2,3,2,1,20,28,67.272,2.12
325,18,1798,1,1799,2,2,1,2,3,4,-11.972,-8.4925
326,18,1799,1,1799,2,1,1,1,4,3,-8.4925,-11.972
327,22,2190,0,2195,2,10,5,2,6.2,1.8,-8.677606737,-6.991546266
328,22,2191,0,2195,2,9,5,1,1.8,6.2,-6.991546266,-8.677606737
329,22,2192,0,2196,2,8,4,2,9,10,15.16008158,13.62694358
330,22,2193,0,2196,2,7,4,1,10,9,13.62694358,15.16008158
331,22,2194,0,2197,2,6,3,2,28,1,-7.798624069,61.82196192
332,22,2195,0,2197,2,5,3,1,1,28,61.82196192,-7.798624069
333,22,2196,0,2198,2,4,2,2,23,10,13.29906837,52.25618279
334,22,2197,0,2198,2,3,2,1,10,23,52.25618279,13.29906837
335,22,2198,0,2199,2,2,1,2,24,12,15.64388049,55.3677418
336,22,2199,0,2199,2,1,1,1,12,24,55.3677418,15.64388049
337,23,2292,0,2296,2,8,4,2,20,15,26.96836055,42.99726832
338,23,2293,0,2296,2,7,4,1,15,20,42.99726832,26.96836055
339,23,2294,0,2297,2,6,3,2,3,20,36.68017544,3.508094301
340,23,2295,0,2297,2,5,3,1,20,3,3.508094301,36.68017544
341,23,2296,0,2298,2,4,2,2,8,10,14.06664809,11.20945253
342,23,2297,0,2298,2,3,2,1,10,8,11.20945253,14.06664809
343,23,2298,0,2299,2,2,1,2,16,7,11.85667376,29.41836378
344,23,2299,0,2299,2,1,1,1,7,16,29.41836378,11.85667376
345,24,2386,1,2393,2,14,7,2,12,12,22.328,22.328
346,24,2387,1,2393,2,13,7,1,12,12,22.328,22.328
347,24,2388,1,2394,2,12,6,2,18,15,26.3975,38.072
348,24,2389,1,2394,2,11,6,1,15,18,38.072,26.3975
349,24,2390,1,2395,2,10,5,2,17.8,24,55.25168,15.65662
350,24,2391,1,2395,2,9,5,1,24,17.8,15.65662,55.25168
351,24,2392,1,2396,2,8,4,2,26,20,14.596,60.058
352,24,2393,1,2396,2,7,4,1,20,26,60.058,14.596
353,24,2394,1,2397,2,6,3,2,15.9,15,29.49542,32.461955
354,24,2395,1,2397,2,5,3,1,15,15.9,32.461955,29.49542
355,24,2396,1,2398,2,4,2,2,28,28,41.272,41.272
356,24,2397,1,2398,2,3,2,1,28,28,41.272,41.272
357,24,2398,1,2399,2,2,1,2,18,14.6,25.14038,37.98592
358,24,2399,1,2399,2,1,1,1,14.6,18,37.98592,25.14038
359,25,2484,1,2492,2,16,8,2,12,15,28.7435,22.172
360,25,2485,1,2492,2,15,8,1,15,12,22.172,28.7435
361,25,2486,1,2493,2,14,7,2,16,15,29.4035,32.728
362,25,2487,1,2493,2,13,7,1,15,16,32.728,29.4035
363,25,2488,1,2494,2,12,6,2,25.5,26.8,47.79682,35.624855
364,25,2489,1,2494,2,11,6,1,26.8,25.5,35.624855,47.79682
365,25,2490,1,2495,2,10,5,2,12,18,35.258,17.012
366,25,2491,1,2495,2,9,5,1,18,12,17.012,35.258
367,25,2492,1,2496,2,8,4,2,28,18,-7.558,68.212
368,25,2493,1,2496,2,7,4,1,18,28,68.212,-7.558
369,25,2494,1,2497,2,6,3,2,18,10,10.81,30.602
370,25,2495,1,2497,2,5,3,1,10,18,30.602,10.81
371,25,2496,1,2498,2,4,2,2,22,28,64.108,11.842
372,25,2497,1,2498,2,3,2,1,28,22,11.842,64.108
373,25,2498,1,2499,2,2,1,2,20,8,-2.888,26.8
374,25,2499,1,2499,2,1,1,1,8,20,26.8,-2.888
375,26,2590,0,2595,2,10,5,2,28,1,-7.798624069,61.82196192
376,26,2591,0,2595,2,9,5,1,1,28,61.82196192,-7.798624069
377,26,2592,0,2596,2,8,4,2,6,26,60.10063984,2.257422085
378,26,2593,0,2596,2,7,4,1,26,6,2.257422085,60.10063984
379,26,2594,0,2597,2,6,3,2,15,0,-1.866998448,14.85765828
380,26,2595,0,2597,2,5,3,1,0,15,14.85765828,-1.866998448
381,26,2596,0,2598,2,4,2,2,10.5,8,11.66161874,15.36378847
382,26,2597,0,2598,2,3,2,1,8,10.5,15.36378847,11.66161874
383,26,2598,0,2599,2,2,1,2,11,7,9.749505677,15.4638968
384,26,2599,0,2599,2,1,1,1,7,11,15.4638968,9.749505677
385,27,2686,1,2693,2,14,7,2,16,16,32.224,32.224
386,27,2687,1,2693,2,13,7,1,16,16,32.224,32.224
387,27,2688,1,2694,2,12,6,2,14,18.4,38.69808,22.32392
388,27,2689,1,2694,2,11,6,1,18.4,14,22.32392,38.69808
389,27,2690,1,2695,2,10,5,2,10,2,2.282,-14.214
390,27,2691,1,2695,2,9,5,1,2,10,-14.214,2.282
391,27,2692,1,2696,2,8,4,2,26,28,51.108,31.418
392,27,2693,1,2696,2,7,4,1,28,26,31.418,51.108
393,27,2694,1,2697,2,6,3,2,12,26,53.114,-21.212
394,27,2695,1,2697,2,5,3,1,26,12,-21.212,53.114
395,27,2696,1,2698,2,4,2,2,28,16,-17.192,66.928
396,27,2697,1,2698,2,3,2,1,16,28,66.928,-17.192
397,27,2698,1,2699,2,2,1,2,20,14.5,19.431375,43.1735
398,27,2699,1,2699,2,1,1,1,14.5,20,43.1735,19.431375
399,28,2778,0,2789,2,22,11,2,18.5,18.5,36.662125,36.662125
400,28,2779,0,2789,2,21,11,1,18.5,18.5,36.662125,36.662125
401,28,2780,0,2790,2,20,10,2,1,12,7.770453558,-2.194409826
402,28,2781,0,2790,2,19,10,1,12,1,-2.194409826,7.770453558
403,28,2782,0,2791,2,18,9,2,28,24,31.90627059,51.83813189
404,28,2783,0,2791,2,17,9,1,24,28,51.83813189,31.90627059
405,28,2784,0,2792,2,16,8,2,20,25.5,52.87850365,29.20950729
406,28,2785,0,2792,2,15,8,1,25.5,20,29.20950729,52.87850365
407,28,2786,0,2793,2,14,7,2,3.5,10,7.122698438,0.894614353
408,28,2787,0,2793,2,13,7,1,10,3.5,0.894614353,7.122698438
409,28,2788,0,2794,2,12,6,2,20,4,5.212506917,38.10593271
410,28,2789,0,2794,2,11,6,1,4,20,38.10593271,5.212506917
411,28,2790,0,2795,2,10,5,2,27,13,12.06858653,64.26734381
412,28,2791,0,2795,2,9,5,1,13,27,64.26734381,12.06858653
413,28,2792,0,2796,2,8,4,2,10,18,37.43480495,17.64280495
414,28,2793,0,2796,2,7,4,1,18,10,17.64280495,37.43480495
415,28,2794,0,2797,2,6,3,2,20,15,26.96836055,42.99726832
416,28,2795,0,2797,2,5,3,1,15,20,42.99726832,26.96836055
417,28,2796,0,2798,2,4,2,2,25,10,10.41696827,58.50369157
418,28,2797,0,2798,2,3,2,1,10,25,58.50369157,10.41696827
419,28,2798,0,2799,2,2,1,2,22,20,35.8084872,43.68361342
420,28,2799,0,2799,2,1,1,1,20,22,43.68361342,35.8084872
421,29,2892,0,2896,2,8,4,2,22,0,-2.26225789,38.36643282
422,29,2893,0,2896,2,7,4,1,0,22,38.36643282,-2.26225789
423,29,2894,0,2897,2,6,3,2,26,26,41.914,41.914
424,29,2895,0,2897,2,5,3,1,26,26,41.914,41.914
425,29,2896,0,2898,2,4,2,2,18,12,21.92921146,38.02769412
426,29,2897,0,2898,2,3,2,1,12,18,38.02769412,21.92921146
427,29,2898,0,2899,2,2,1,2,28,10,4.867455106,68.21669505
428,29,2899,0,2899,2,1,1,1,10,28,68.21669505,4.867455106
429,2,182,1,191,3,18,9,2,5,18,9.232,-4.5025
430,2,183,1,191,3,17,9,1,18,5,-4.5025,9.232
431,2,184,1,192,3,16,8,2,14,20,42.748,17.698
432,2,185,1,192,3,15,8,1,20,14,17.698,42.748
433,2,186,1,193,3,14,7,2,20,26,60.058,14.596
434,2,187,1,193,3,13,7,1,26,20,14.596,60.058
435,2,188,1,194,3,12,6,2,6,10,5.386,9.098
436,2,189,1,194,3,11,6,1,10,6,9.098,5.386
437,2,190,1,195,3,10,5,2,10,16,26.908,15.466
438,2,191,1,195,3,9,5,1,16,10,15.466,26.908
439,2,192,1,196,3,8,4,2,10,18,30.602,10.81
440,2,193,1,196,3,7,4,1,18,10,10.81,30.602
441,2,194,1,197,3,6,3,2,18,12,17.012,35.258
442,2,195,1,197,3,5,3,1,12,18,35.258,17.012
443,2,196,1,198,3,4,2,2,0,24,-24.592,-56.752
444,2,197,1,198,3,3,2,1,24,0,-56.752,-24.592
445,2,198,1,199,3,2,1,2,10,16,26.908,15.466
446,2,199,1,199,3,1,1,1,16,10,15.466,26.908
447,5,484,0,492,3,16,8,2,18,6,9.616776472,34.28684582
448,5,485,0,492,3,15,8,1,6,18,34.28684582,9.616776472
449,5,486,0,493,3,14,7,2,28,2,-6.573543445,63.18654809
450,5,487,0,493,3,13,7,1,2,28,63.18654809,-6.573543445
451,5,488,0,494,3,12,6,2,8,8,8.992,8.992
452,5,489,0,494,3,11,6,1,8,8,8.992,8.992
453,5,490,0,495,3,10,5,2,4,14,19.53024664,5.244268836
454,5,491,0,495,3,9,5,1,14,4,5.244268836,19.53024664
455,5,492,0,496,3,8,4,2,4,10,8.057763466,1.995142107
456,5,493,0,496,3,7,4,1,10,4,1.995142107,8.057763466
457,5,494,0,497,3,6,3,2,16,16,32.224,32.224
458,5,495,0,497,3,5,3,1,16,16,32.224,32.224
459,5,496,0,498,3,4,2,2,11,11,19.3165,19.3165
460,5,497,0,498,3,3,2,1,11,11,19.3165,19.3165
461,5,498,0,499,3,2,1,2,14,14,27.706,27.706
462,5,499,0,499,3,1,1,1,14,14,27.706,27.706
463,7,686,1,693,3,14,7,2,26,18,5.578,61.658
464,7,687,1,693,3,13,7,1,18,26,61.658,5.578
465,7,688,1,694,3,12,6,2,22,2,-34.822,-8.022
466,7,689,1,694,3,11,6,1,2,22,-8.022,-34.822
467,7,690,1,695,3,10,5,2,6,12,7.628,9.794
468,7,691,1,695,3,9,5,1,12,6,9.794,7.628
469,7,692,1,696,3,8,4,2,26,18,5.578,61.658
470,7,693,1,696,3,7,4,1,18,26,61.658,5.578
471,7,694,1,697,3,6,3,2,20,15,21.1675,43.46
472,7,695,1,697,3,5,3,1,15,20,43.46,21.1675
473,7,696,1,698,3,4,2,2,4,1,-9.8765,-22.016
474,7,697,1,698,3,3,2,1,1,4,-22.016,-9.8765
475,7,698,1,699,3,2,1,2,14,14,27.706,27.706
476,7,699,1,699,3,1,1,1,14,14,27.706,27.706
477,8,786,0,793,3,14,7,2,28,26,36.49800454,46.88209608
478,8,787,0,793,3,13,7,1,26,28,46.88209608,36.49800454
479,8,788,0,794,3,12,6,2,26,28,46.88209608,36.49800454
480,8,789,0,794,3,11,6,1,28,26,36.49800454,46.88209608
481,8,790,0,795,3,10,5,2,26.4,10,8.010332333,62.9853933
482,8,791,0,795,3,9,5,1,10,26.4,62.9853933,8.010332333
483,8,792,0,796,3,8,4,2,18,25.5,55.62973288,24.92193208
484,8,793,0,796,3,7,4,1,25.5,18,24.92193208,55.62973288
485,8,794,0,797,3,6,3,2,12,12,22.328,22.328
486,8,795,0,797,3,5,3,1,12,12,22.328,22.328
487,8,796,0,798,3,4,2,2,11,14.2,27.4950086,20.51488899
488,8,797,0,798,3,3,2,1,14.2,11,20.51488899,27.4950086
489,8,798,0,799,3,2,1,2,6,8,6.120487203,4.099613416
490,8,799,0,799,3,1,1,1,8,6,4.099613416,6.120487203
491,11,1086,0,1093,3,14,7,2,12,0,-4.15032755,5.465949842
492,11,1087,0,1093,3,13,7,1,0,12,5.465949842,-4.15032755
493,11,1088,0,1094,3,12,6,2,9,28,68.16022942,3.277851469
494,11,1089,0,1094,3,11,6,1,28,9,3.277851469,68.16022942
495,11,1090,0,1095,3,10,5,2,10,16,31.82521146,18.23569412
496,11,1091,0,1095,3,9,5,1,16,10,18.23569412,31.82521146
497,11,1092,0,1096,3,8,4,2,10,6,6.511166564,11.38923591
498,11,1093,0,1096,3,7,4,1,6,10,11.38923591,6.511166564
499,11,1094,0,1097,3,6,3,2,12,16,32.61220124,22.71620124
500,11,1095,0,1097,3,5,3,1,16,12,22.71620124,32.61220124
501,11,1096,0,1098,3,4,2,2,14,15,30.20278269,27.62424247
502,11,1097,0,1098,3,3,2,1,15,14,27.62424247,30.20278269
503,11,1098,0,1099,3,2,1,2,16,2,2.136280705,22.13664964
504,11,1099,0,1099,3,1,1,1,2,16,22.13664964,2.136280705
505,12,1188,1,1194,3,12,6,2,18,6,-1.462,14.618
506,12,1189,1,1194,3,11,6,1,6,18,14.618,-1.462
507,12,1190,1,1195,3,10,5,2,24,16,8.176,55.184
508,12,1191,1,1195,3,9,5,1,16,24,55.184,8.176
509,12,1192,1,1196,3,8,4,2,12,26,53.114,-21.212
510,12,1193,1,1196,3,7,4,1,26,12,-21.212,53.114
511,12,1194,1,1197,3,6,3,2,20,20,38.68,38.68
512,12,1195,1,1197,3,5,3,1,20,20,38.68,38.68
513,12,1196,1,1198,3,4,2,2,17,2,-9.632,-10.7945
514,12,1197,1,1198,3,3,2,1,2,17,-10.7945,-9.632
515,12,1198,1,1199,3,2,1,2,14,15,30.1855,27.428
516,12,1199,1,1199,3,1,1,1,15,14,27.428,30.1855
517,16,1590,0,1595,3,10,5,2,28,0,-8.978139316,60.29386068
518,16,1591,0,1595,3,9,5,1,0,28,60.29386068,-8.978139316
519,16,1592,0,1596,3,8,4,2,0,4,-17.57372941,-17.43386811
520,16,1593,0,1596,3,7,4,1,4,0,-17.43386811,-17.57372941
521,16,1594,0,1597,3,6,3,2,10,22,49.20077647,14.49484582
522,16,1595,0,1597,3,5,3,1,22,10,14.49484582,49.20077647
523,16,1596,0,1598,3,4,2,2,14.5,2,1.569418669,17.46676177
524,16,1597,0,1598,3,3,2,1,2,14.5,17.46676177,1.569418669
525,16,1598,0,1599,3,2,1,2,6.4,12,17.38923326,9.154915592
526,16,1599,0,1599,3,1,1,1,12,6.4,9.154915592,17.38923326
527,18,1786,1,1793,3,14,7,2,12,14,26.594,22.78
528,18,1787,1,1793,3,13,7,1,14,12,22.78,26.594
529,18,1788,1,1794,3,12,6,2,16,17,35.0555,31.164
530,18,1789,1,1794,3,11,6,1,17,16,31.164,35.0555
531,18,1790,1,1795,3,10,5,2,22,28,64.108,11.842
532,18,1791,1,1795,3,9,5,1,28,22,11.842,64.108
533,18,1792,1,1796,3,8,4,2,5,6,-2.372,-0.0265
534,18,1793,1,1796,3,7,4,1,6,5,-0.0265,-2.372
535,18,1794,1,1797,3,6,3,2,14,10.1,18.141055,23.47762
536,18,1795,1,1797,3,5,3,1,10.1,14,23.47762,18.141055
537,18,1796,1,1798,3,4,2,2,18,14,23.258,37.69
538,18,1797,1,1798,3,3,2,1,14,18,37.69,23.258
539,18,1798,1,1799,3,2,1,2,4,6,-6.334,-1.076
540,18,1799,1,1799,3,1,1,1,6,4,-1.076,-6.334
541,22,2190,0,2195,3,10,5,2,2.7,2.3,-14.97620797,-14.94837801
542,22,2191,0,2195,3,9,5,1,2.3,2.7,-14.94837801,-14.97620797
543,22,2192,0,2196,3,8,4,2,16,8,13.9374485,30.3841614
544,22,2193,0,2196,3,7,4,1,8,16,30.3841614,13.9374485
545,22,2194,0,2197,3,6,3,2,8,1,-7.33395895,-3.919808465
546,22,2195,0,2197,3,5,3,1,1,8,-3.919808465,-7.33395895
547,22,2196,0,2198,3,4,2,2,13,16,32.76042353,25.02480286
548,22,2197,0,2198,3,3,2,1,16,13,25.02480286,32.76042353
549,22,2198,0,2199,3,2,1,2,12,22,49.4054644,18.39305108
550,22,2199,0,2199,3,1,1,1,22,12,18.39305108,49.4054644
551,23,2292,0,2296,3,8,4,2,28,8.7,2.809855626,68.11140429
552,23,2293,0,2296,3,7,4,1,8.7,28,68.11140429,2.809855626
553,23,2294,0,2297,3,6,3,2,1,10,1.834191793,-4.437154254
554,23,2295,0,2297,3,5,3,1,10,1,-4.437154254,1.834191793
555,23,2296,0,2298,3,4,2,2,12,18,38.02769412,21.92921146
556,23,2297,0,2298,3,3,2,1,18,12,21.92921146,38.02769412
557,23,2298,0,2299,3,2,1,2,17,8,13.81981177,33.26322577
558,23,2299,0,2299,3,1,1,1,8,17,33.26322577,13.81981177
559,24,2386,1,2393,3,14,7,2,28,12,-36.328,57.688
560,24,2387,1,2393,3,13,7,1,12,28,57.688,-36.328
561,24,2388,1,2394,3,12,6,2,18,16,29.548,37.898
562,24,2389,1,2394,3,11,6,1,16,18,37.898,29.548
563,24,2390,1,2395,3,10,5,2,21.6,3,-28.69378,-0.60592
564,24,2391,1,2395,3,9,5,1,3,21.6,-0.60592,-28.69378
565,24,2392,1,2396,3,8,4,2,16,24,55.184,8.176
566,24,2393,1,2396,3,7,4,1,24,16,8.176,55.184
567,24,2394,1,2397,3,6,3,2,18.9,28,68.06422,-3.208345
568,24,2395,1,2397,3,5,3,1,28,18.9,-3.208345,68.06422
569,24,2396,1,2398,3,4,2,2,10,10,16.09,16.09
570,24,2397,1,2398,3,3,2,1,10,10,16.09,16.09
571,24,2398,1,2399,3,2,1,2,20,18,31.642,42.26
572,24,2399,1,2399,3,1,1,1,18,20,42.26,31.642
573,25,2484,1,2492,3,16,8,2,20,12,10.792,39.656
574,25,2485,1,2492,3,15,8,1,12,20,39.656,10.792
575,25,2486,1,2493,3,14,7,2,15.5,16,32.5455,30.812375
576,25,2487,1,2493,3,13,7,1,16,15.5,30.812375,32.5455
577,25,2488,1,2494,3,12,6,2,25.5,21.6,24.48158,55.248095
578,25,2489,1,2494,3,11,6,1,21.6,25.5,55.248095,24.48158
579,25,2490,1,2495,3,10,5,2,10,18,30.602,10.81
580,25,2491,1,2495,3,9,5,1,18,10,10.81,30.602
581,25,2492,1,2496,3,8,4,2,18,22,48.682,25.178
582,25,2493,1,2496,3,7,4,1,22,18,25.178,48.682
583,25,2494,1,2497,3,6,3,2,14,15,30.1855,27.428
584,25,2495,1,2497,3,5,3,1,15,14,27.428,30.1855
585,25,2496,1,2498,3,4,2,2,28,18,-7.558,68.212
586,25,2497,1,2498,3,3,2,1,18,28,68.212,-7.558
587,25,2498,1,2499,3,2,1,2,12,8.5,14.968375,16.1855
588,25,2499,1,2499,3,1,1,1,8.5,12,16.1855,14.968375
589,26,2590,0,2595,3,10,5,2,28,14,11.68152342,66.80740692
590,26,2591,0,2595,3,9,5,1,14,28,66.80740692,11.68152342
591,26,2592,0,2596,3,8,4,2,18,6,9.616776472,34.28684582
592,26,2593,0,2596,3,7,4,1,6,18,34.28684582,9.616776472
593,26,2594,0,2597,3,6,3,2,19,16,30.21594087,39.83328553
594,26,2595,0,2597,3,5,3,1,16,19,39.83328553,30.21594087
595,26,2596,0,2598,3,4,2,2,10,5,4.230371647,9.805257223
596,26,2597,0,2598,3,3,2,1,5,10,9.805257223,4.230371647
597,26,2598,0,2599,3,2,1,2,7,10,12.80969954,8.837526858
598,26,2599,0,2599,3,1,1,1,10,7,8.837526858,12.80969954
599,27,2686,1,2693,3,14,7,2,17,12,19.288,33.0755
600,27,2687,1,2693,3,13,7,1,12,17,33.0755,19.288
601,27,2688,1,2694,3,12,6,2,16,10.9,17.954455,28.98142
602,27,2689,1,2694,3,11,6,1,10.9,16,28.98142,17.954455
603,27,2690,1,2695,3,10,5,2,20,28,67.272,2.12
604,27,2691,1,2695,3,9,5,1,28,20,2.12,67.272
605,27,2692,1,2696,3,8,4,2,26,20,14.596,60.058
606,27,2693,1,2696,3,7,4,1,20,26,60.058,14.596
607,27,2694,1,2697,3,6,3,2,18,11,13.9055,33.208
608,27,2695,1,2697,3,5,3,1,11,18,33.208,13.9055
609,27,2696,1,2698,3,4,2,2,18,12,17.012,35.258
610,27,2697,1,2698,3,3,2,1,12,18,35.258,17.012
611,27,2698,1,2699,3,2,1,2,28,18,-7.558,68.212
612,27,2699,1,2699,3,1,1,1,18,28,68.212,-7.558
613,28,2778,0,2789,3,22,11,2,18.5,6.5,10.41466014,36.33921215
614,28,2779,0,2789,3,21,11,1,6.5,18.5,36.33921215,10.41466014
615,28,2780,0,2790,3,20,10,2,5,4,-5.745355314,-5.257619531
616,28,2781,0,2790,3,19,10,1,4,5,-5.257619531,-5.745355314
617,28,2782,0,2791,3,18,9,2,24,14,19.53024664,54.72426884
618,28,2783,0,2791,3,17,9,1,14,24,54.72426884,19.53024664
619,28,2784,0,2792,3,16,8,2,16,25.5,57.72690184,20.81661838
620,28,2785,0,2792,3,15,8,1,25.5,16,20.81661838,57.72690184
621,28,2786,0,2793,3,14,7,2,10.5,11.6,20.4904872,18.44755324
622,28,2787,0,2793,3,13,7,1,11.6,10.5,18.44755324,20.4904872
623,28,2788,0,2794,3,12,6,2,10,5,4.230371647,9.805257223
624,28,2789,0,2794,3,11,6,1,5,10,9.805257223,4.230371647
625,28,2790,0,2795,3,10,5,2,13.7,13,25.23286696,26.86953536
626,28,2791,0,2795,3,9,5,1,13,13.7,26.86953536,25.23286696
627,28,2792,0,2796,3,8,4,2,28,16,15.36194984,65.12167245
628,28,2793,0,2796,3,7,4,1,16,28,65.12167245,15.36194984
629,28,2794,0,2797,3,6,3,2,18,18,35.882,35.882
630,28,2795,0,2797,3,5,3,1,18,18,35.882,35.882
631,28,2796,0,2798,3,4,2,2,26,25,39.49830003,44.37672513
632,28,2797,0,2798,3,3,2,1,25,26,44.37672513,39.49830003
633,28,2798,0,2799,3,2,1,2,22,28,56.14010743,27.49679814
634,28,2799,0,2799,3,1,1,1,28,22,27.49679814,56.14010743
635,29,2892,0,2896,3,8,4,2,8,19,39.15805065,13.09399309
636,29,2893,0,2896,3,7,4,1,19,8,13.09399309,39.15805065
637,29,2894,0,2897,3,6,3,2,28,24,31.90627059,51.83813189
638,29,2895,0,2897,3,5,3,1,24,28,51.83813189,31.90627059
639,29,2896,0,2898,3,4,2,2,26,28,46.88209608,36.49800454
640,29,2897,0,2898,3,3,2,1,28,26,36.49800454,46.88209608
641,29,2898,0,2899,3,2,1,2,18,10,17.64280495,37.43480495
642,29,2899,0,2899,3,1,1,1,10,18,37.43480495,17.64280495
643,2,182,1,191,4,18,9,2,10,28,49.732,-45.83
644,2,183,1,191,4,17,9,1,28,10,-45.83,49.732
645,2,184,1,192,4,16,8,2,14,22,47.85,9.914
646,2,185,1,192,4,15,8,1,22,14,9.914,47.85
647,2,186,1,193,4,14,7,2,21,20,36.056,42.2155
648,2,187,1,193,4,13,7,1,20,21,42.2155,36.056
649,2,188,1,194,4,12,6,2,12,12,22.328,22.328
650,2,189,1,194,4,11,6,1,12,12,22.328,22.328
651,2,190,1,195,4,10,5,2,16,8,9.968,20.688
652,2,191,1,195,4,9,5,1,8,16,20.688,9.968
653,2,192,1,196,4,8,4,2,18,28,68.212,-7.558
654,2,193,1,196,4,7,4,1,28,18,-7.558,68.212
655,2,194,1,197,4,6,3,2,12,18,35.258,17.012
656,2,195,1,197,4,5,3,1,18,12,17.012,35.258
657,2,196,1,198,4,4,2,2,26,0,-73.604,-24.022
658,2,197,1,198,4,3,2,1,0,26,-24.022,-73.604
659,2,198,1,199,4,2,1,2,16,14,26.594,32.676
660,2,199,1,199,4,1,1,1,14,16,32.676,26.594
661,5,484,0,492,4,16,8,2,28,2,-6.573543445,63.18654809
662,5,485,0,492,4,15,8,1,2,28,63.18654809,-6.573543445
663,5,486,0,493,4,14,7,2,18,2,2.319794018,28.52264561
664,5,487,0,493,4,13,7,1,2,18,28.52264561,2.319794018
665,5,488,0,494,4,12,6,2,10,16,31.82521146,18.23569412
666,5,489,0,494,4,11,6,1,16,10,18.23569412,31.82521146
667,5,490,0,495,4,10,5,2,18,5,7.724182793,33.09106837
668,5,491,0,495,4,9,5,1,5,18,33.09106837,7.724182793
669,5,492,0,496,4,8,4,2,0,1,-25.46178042,-25.11319443
670,5,493,0,496,4,7,4,1,1,0,-25.11319443,-25.46178042
671,5,494,0,497,4,6,3,2,14,18,37.96652301,26.39787946
672,5,495,0,497,4,5,3,1,18,14,26.39787946,37.96652301
673,5,496,0,498,4,4,2,2,5,14,21.08363978,7.285397757
674,5,497,0,498,4,3,2,1,14,5,7.285397757,21.08363978
675,5,498,0,499,4,2,1,2,2,20,35.0909031,1.849247062
676,5,499,0,499,4,1,1,1,20,2,1.849247062,35.0909031
677,7,686,1,693,4,14,7,2,26,18,5.578,61.658
678,7,687,1,693,4,13,7,1,18,26,61.658,5.578
679,7,688,1,694,4,12,6,2,20,2,-23.078,-9.164
680,7,689,1,694,4,11,6,1,2,20,-9.164,-23.078
681,7,690,1,695,4,10,5,2,10,12,19.652,18.106
682,7,691,1,695,4,9,5,1,12,10,18.106,19.652
683,7,692,1,696,4,8,4,2,26,26,41.914,41.914
684,7,693,1,696,4,7,4,1,26,26,41.914,41.914
685,7,694,1,697,4,6,3,2,14,17,35.1775,25.204
686,7,695,1,697,4,5,3,1,17,14,25.204,35.1775
687,7,696,1,698,4,4,2,2,4,1,-9.8765,-22.016
688,7,697,1,698,4,3,2,1,1,4,-22.016,-9.8765
689,7,698,1,699,4,2,1,2,16,16,32.224,32.224
690,7,699,1,699,4,1,1,1,16,16,32.224,32.224
691,8,786,0,793,4,14,7,2,10,28,68.21669505,4.867455106
692,8,787,0,793,4,13,7,1,28,10,4.867455106,68.21669505
693,8,788,0,794,4,12,6,2,22,10,14.49484582,49.20077647
694,8,789,0,794,4,11,6,1,10,22,49.20077647,14.49484582
695,8,790,0,795,4,10,5,2,10,12,21.15280898,17.45929164
696,8,791,0,795,4,9,5,1,12,10,17.45929164,21.15280898
697,8,792,0,796,4,8,4,2,20,25,51.53077387,30.274855
698,8,793,0,796,4,7,4,1,25,20,30.274855,51.53077387
699,8,794,0,797,4,6,3,2,8,14,24.76272879,13.68217678
700,8,795,0,797,4,5,3,1,14,8,13.68217678,24.76272879
701,8,796,0,798,4,4,2,2,9,16.5,32.5960179,16.00114706
702,8,797,0,798,4,3,2,1,16.5,9,16.00114706,32.5960179
703,8,798,0,799,4,2,1,2,8,28,67.94024871,1.733813208
704,8,799,0,799,4,1,1,1,28,8,1.733813208,67.94024871
705,11,1086,0,1093,4,14,7,2,2,2.5,-16.20154566,-16.21019805
706,11,1087,0,1093,4,13,7,1,2.5,2,-16.21019805,-16.20154566
707,11,1088,0,1094,4,12,6,2,9.8,28,68.21848313,4.545889149
708,11,1089,0,1094,4,11,6,1,28,9.8,4.545889149,68.21848313
709,11,1090,0,1095,4,10,5,2,26,10,8.730645613,61.69579402
710,11,1091,0,1095,4,9,5,1,10,26,61.69579402,8.730645613
711,11,1092,0,1096,4,8,4,2,6,-1,-15.33339584,-14.84637157
712,11,1093,0,1096,4,7,4,1,-1,6,-14.84637157,-15.33339584
713,11,1094,0,1097,4,6,3,2,18,11,19.76322552,37.81300707
714,11,1095,0,1097,4,5,3,1,11,18,37.81300707,19.76322552
715,11,1096,0,1098,4,4,2,2,26,10,8.730645613,61.69579402
716,11,1097,0,1098,4,3,2,1,10,26,61.69579402,8.730645613
717,11,1098,0,1099,4,2,1,2,18,10,17.64280495,37.43480495
718,11,1099,0,1099,4,1,1,1,10,18,37.43480495,17.64280495
719,12,1188,1,1194,4,12,6,2,9,9,12.6485,12.6485
720,12,1189,1,1194,4,11,6,1,9,9,12.6485,12.6485
721,12,1190,1,1195,4,10,5,2,24,26,50.186,32.764
722,12,1191,1,1195,4,9,5,1,26,24,32.764,50.186
723,12,1192,1,1196,4,8,4,2,12.2,14,26.80528,23.27062
724,12,1193,1,1196,4,7,4,1,14,12.2,23.27062,26.80528
725,12,1194,1,1197,4,6,3,2,24,18,16.49,55.148
726,12,1195,1,1197,4,5,3,1,18,24,55.148,16.49
727,12,1196,1,1198,4,4,2,2,15,2,-3.448,-11.8265
728,12,1197,1,1198,4,3,2,1,2,15,-11.8265,-3.448
729,12,1198,1,1199,4,2,1,2,15,14,27.428,30.1855
730,12,1199,1,1199,4,1,1,1,14,15,30.1855,27.428
731,16,1590,0,1595,4,10,5,2,0,23,41.90709069,-2.972783794
732,16,1591,0,1595,4,9,5,1,23,0,-2.972783794,41.90709069
733,16,1592,0,1596,4,8,4,2,8,18.3,37.07412969,13.42242898
734,16,1593,0,1596,4,7,4,1,18.3,8,13.42242898,37.07412969
735,16,1594,0,1597,4,6,3,2,12,10,17.45929164,21.15280898
736,16,1595,0,1597,4,5,3,1,10,12,21.15280898,17.45929164
737,16,1596,0,1598,4,4,2,2,8,8.4,9.992348698,9.487815327
738,16,1597,0,1598,4,3,2,1,8.4,8,9.487815327,9.992348698
739,16,1598,0,1599,4,2,1,2,13.5,8.9,15.5369992,24.22444308
740,16,1599,0,1599,4,1,1,1,8.9,13.5,24.22444308,15.5369992
741,18,1786,1,1793,4,14,7,2,16,16,32.224,32.224
742,18,1787,1,1793,4,13,7,1,16,16,32.224,32.224
743,18,1788,1,1794,4,12,6,2,16,19,40.7515,27.376
744,18,1789,1,1794,4,11,6,1,19,16,27.376,40.7515
745,18,1790,1,1795,4,10,5,2,20,28,67.272,2.12
746,18,1791,1,1795,4,9,5,1,28,20,2.12,67.272
747,18,1792,1,1796,4,8,4,2,2,8,-15.092,0.682
748,18,1793,1,1796,4,7,4,1,8,2,0.682,-15.092
749,18,1794,1,1797,4,6,3,2,10.1,17.8,30.51294,11.681435
750,18,1795,1,1797,4,5,3,1,17.8,10.1,11.681435,30.51294
751,18,1796,1,1798,4,4,2,2,20,22,45.762,32.876
752,18,1797,1,1798,4,3,2,1,22,20,32.876,45.762
753,18,1798,1,1799,4,2,1,2,5,6.5,-1.920125,1.3855
754,18,1799,1,1799,4,1,1,1,6.5,5,1.3855,-1.920125
755,22,2190,0,2195,4,10,5,2,16.7,2.1,2.454757303,24.5333147
756,22,2191,0,2195,4,9,5,1,2.1,16.7,24.5333147,2.454757303
757,22,2192,0,2196,4,8,4,2,16,13,25.02480286,32.76042353
758,22,2193,0,2196,4,7,4,1,13,16,32.76042353,25.02480286
759,22,2194,0,2197,4,6,3,2,23,28,54.0708772,29.67875168
760,22,2195,0,2197,4,5,3,1,28,23,29.67875168,54.0708772
761,22,2196,0,2198,4,4,2,2,25,12,14.0240226,58.41722856
762,22,2197,0,2198,4,3,2,1,12,25,58.41722856,14.0240226
763,22,2198,0,2199,4,2,1,2,16,12,22.71620124,32.61220124
764,22,2199,0,2199,4,1,1,1,12,16,32.61220124,22.71620124
765,23,2292,0,2296,4,8,4,2,12,2.5,0.824901841,10.92061838
766,23,2293,0,2296,4,7,4,1,2.5,12,10.92061838,0.824901841
767,23,2294,0,2297,4,6,3,2,2,3,-14.92969997,-14.99927487
768,23,2295,0,2297,4,5,3,1,3,2,-14.99927487,-14.92969997
769,23,2296,0,2298,4,4,2,2,2,22,41.84142208,0.724639838
770,23,2297,0,2298,4,3,2,1,22,2,0.724639838,41.84142208
771,23,2298,0,2299,4,2,1,2,14,10,18.17452301,26.39787946
772,23,2299,0,2299,4,1,1,1,10,14,26.39787946,18.17452301
773,24,2386,1,2393,4,14,7,2,28,18,-7.558,68.212
774,24,2387,1,2393,4,13,7,1,18,28,68.212,-7.558
775,24,2388,1,2394,4,12,6,2,18,17,32.7095,37.168
776,24,2389,1,2394,4,11,6,1,17,18,37.168,32.7095
777,24,2390,1,2395,4,10,5,2,17.1,10,13.18042,28.934255
778,24,2391,1,2395,4,9,5,1,10,17.1,28.934255,13.18042
779,24,2392,1,2396,4,8,4,2,26,28,51.108,31.418
780,24,2393,1,2396,4,7,4,1,28,26,31.418,51.108
781,24,2394,1,2397,4,6,3,2,6.9,18.9,20.206325,-1.997275
782,24,2395,1,2397,4,5,3,1,18.9,6.9,-1.997275,20.206325
783,24,2396,1,2398,4,4,2,2,22,16,17.524,49.378
784,24,2397,1,2398,4,3,2,1,16,22,49.378,17.524
785,24,2398,1,2399,4,2,1,2,28,18,-7.558,68.212
786,24,2399,1,2399,4,1,1,1,18,28,68.212,-7.558
787,25,2484,1,2492,4,16,8,2,8,17,22.1995,7.588
788,25,2485,1,2492,4,15,8,1,17,8,7.588,22.1995
789,25,2486,1,2493,4,14,7,2,14,16,32.676,26.594
790,25,2487,1,2493,4,13,7,1,16,14,26.594,32.676
791,25,2488,1,2494,4,12,6,2,25.5,26.1,44.640905,39.142145
792,25,2489,1,2494,4,11,6,1,26.1,25.5,39.142145,44.640905
793,25,2490,1,2495,4,10,5,2,18,18,35.882,35.882
794,25,2491,1,2495,4,9,5,1,18,18,35.882,35.882
795,25,2492,1,2496,4,8,4,2,23,18,21.112,51.9095
796,25,2493,1,2496,4,7,4,1,18,23,51.9095,21.112
797,25,2494,1,2497,4,6,3,2,16,14,26.594,32.676
798,25,2495,1,2497,4,5,3,1,14,16,32.676,26.594
799,25,2496,1,2498,4,4,2,2,18,28,68.212,-7.558
800,25,2497,1,2498,4,3,2,1,28,18,-7.558,68.212
801,25,2498,1,2499,4,2,1,2,10.7,20,36.45358,6.326695
802,25,2499,1,2499,4,1,1,1,20,10.7,6.326695,36.45358
803,26,2590,0,2595,4,10,5,2,10,28,68.21669505,4.867455106
804,26,2591,0,2595,4,9,5,1,28,10,4.867455106,68.21669505
805,26,2592,0,2596,4,8,4,2,14,2,1.298707124,15.93291517
806,26,2593,0,2596,4,7,4,1,2,14,15.93291517,1.298707124
807,26,2594,0,2597,4,6,3,2,28,10,4.867455106,68.21669505
808,26,2595,0,2597,4,5,3,1,10,28,68.21669505,4.867455106
809,26,2596,0,2598,4,4,2,2,8,8,8.992,8.992
810,26,2597,0,2598,4,3,2,1,8,8,8.992,8.992
811,26,2598,0,2599,4,2,1,2,5,26,59.29306363,0.753029645
812,26,2599,0,2599,4,1,1,1,26,5,0.753029645,59.29306363
813,27,2686,1,2693,4,14,7,2,13,18,36.752,20.1295
814,27,2687,1,2693,4,13,7,1,18,13,20.1295,36.752
815,27,2688,1,2694,4,12,6,2,8,22.5,30.709375,-15.4405
816,27,2689,1,2694,4,11,6,1,22.5,8,-15.4405,30.709375
817,27,2690,1,2695,4,10,5,2,24,18,16.49,55.148
818,27,2691,1,2695,4,9,5,1,18,24,55.148,16.49
819,27,2692,1,2696,4,8,4,2,28,26,31.418,51.108
820,27,2693,1,2696,4,7,4,1,26,28,51.108,31.418
821,27,2694,1,2697,4,6,3,2,20,14,17.698,42.748
822,27,2695,1,2697,4,5,3,1,14,20,42.748,17.698
823,27,2696,1,2698,4,4,2,2,14,18,37.69,23.258
824,27,2697,1,2698,4,3,2,1,18,14,23.258,37.69
825,27,2698,1,2699,4,2,1,2,2.4,22,-4.86968,-33.35632
826,27,2699,1,2699,4,1,1,1,22,2.4,-33.35632,-4.86968
827,28,2778,0,2789,4,22,11,2,4,26,58.32197235,-0.705797419
828,28,2779,0,2789,4,21,11,1,26,4,-0.705797419,58.32197235
829,28,2780,0,2790,4,20,10,2,10,10,16.09,16.09
830,28,2781,0,2790,4,19,10,1,10,10,16.09,16.09
831,28,2782,0,2791,4,18,9,2,18,12,21.92921146,38.02769412
832,28,2783,0,2791,4,17,9,1,12,18,38.02769412,21.92921146
833,28,2784,0,2792,4,16,8,2,17,25.5,56.76007489,22.84649254
834,28,2785,0,2792,4,15,8,1,25.5,17,22.84649254,56.76007489
835,28,2786,0,2793,4,14,7,2,15,12.5,24.03729125,30.09161597
836,28,2787,0,2793,4,13,7,1,12.5,15,30.09161597,24.03729125
837,28,2788,0,2794,4,12,6,2,4,12,13.7028743,3.946735606
838,28,2789,0,2794,4,11,6,1,12,4,3.946735606,13.7028743
839,28,2790,0,2795,4,10,5,2,24,13,17.56428088,55.12776285
840,28,2791,0,2795,4,9,5,1,13,24,55.12776285,17.56428088
841,28,2792,0,2796,4,8,4,2,18,18,35.882,35.882
842,28,2793,0,2796,4,7,4,1,18,18,35.882,35.882
843,28,2794,0,2797,4,6,3,2,20,21,41.15902402,37.32600113
844,28,2795,0,2797,4,5,3,1,21,20,37.32600113,41.15902402
845,28,2796,0,2798,4,4,2,2,25,10,10.41696827,58.50369157
846,28,2797,0,2798,4,3,2,1,10,25,58.50369157,10.41696827
847,28,2798,0,2799,4,2,1,2,26,10,8.730645613,61.69579402
848,28,2799,0,2799,4,1,1,1,10,26,61.69579402,8.730645613
849,29,2892,0,2896,4,8,4,2,20,8,12.48581115,42.17381115
850,29,2893,0,2896,4,7,4,1,8,20,42.17381115,12.48581115
851,29,2894,0,2897,4,6,3,2,26,28,46.88209608,36.49800454
852,29,2895,0,2897,4,5,3,1,28,26,36.49800454,46.88209608
853,29,2896,0,2898,4,4,2,2,22,28,56.14010743,27.49679814
854,29,2897,0,2898,4,3,2,1,28,22,27.49679814,56.14010743
855,29,2898,0,2899,4,2,1,2,4,11,10.8575362,3.05269639
856,29,2899,0,2899,4,1,1,1,11,4,3.05269639,10.8575362
857,2,182,1,191,5,18,9,2,15,16,32.728,29.4035
858,2,183,1,191,5,17,9,1,16,15,29.4035,32.728
859,2,184,1,192,5,16,8,2,18,6,-1.462,14.618
860,2,185,1,192,5,15,8,1,6,18,14.618,-1.462
861,2,186,1,193,5,14,7,2,20,22,45.762,32.876
862,2,187,1,193,5,13,7,1,22,20,32.876,45.762
863,2,188,1,194,5,12,6,2,22,14,9.914,47.85
864,2,189,1,194,5,11,6,1,14,22,47.85,9.914
865,2,190,1,195,5,10,5,2,18,12,17.012,35.258
866,2,191,1,195,5,9,5,1,12,18,35.258,17.012
867,2,192,1,196,5,8,4,2,18,18,35.882,35.882
868,2,193,1,196,5,7,4,1,18,18,35.882,35.882
869,2,194,1,197,5,6,3,2,22,18,25.178,48.682
870,2,195,1,197,5,5,3,1,18,22,48.682,25.178
871,2,196,1,198,5,4,2,2,28,28,41.272,41.272
872,2,197,1,198,5,3,2,1,28,28,41.272,41.272
873,2,198,1,199,5,2,1,2,10,20,34.34,3.93
874,2,199,1,199,5,1,1,1,20,10,3.93,34.34
875,5,484,0,492,5,16,8,2,26,0,-6.085451905,52.80245655
876,5,485,0,492,5,15,8,1,0,26,52.80245655,-6.085451905
877,5,486,0,493,5,14,7,2,10,4,1.995142107,8.057763466
878,5,487,0,493,5,13,7,1,4,10,8.057763466,1.995142107
879,5,488,0,494,5,12,6,2,12,14,27.37896987,22.84913075
880,5,489,0,494,5,11,6,1,14,12,22.84913075,27.37896987
881,5,490,0,495,5,10,5,2,14,14,27.706,27.706
882,5,491,0,495,5,9,5,1,14,14,27.706,27.706
883,5,492,0,496,5,8,4,2,1,16,20.18976161,0.328898224
884,5,493,0,496,5,7,4,1,16,1,0.328898224,20.18976161
885,5,494,0,497,5,6,3,2,14,14,27.706,27.706
886,5,495,0,497,5,5,3,1,14,14,27.706,27.706
887,5,496,0,498,5,4,2,2,8,4,-0.61051166,2.594914137
888,5,497,0,498,5,3,2,1,4,8,2.594914137,-0.61051166
889,5,498,0,499,5,2,1,2,16,0,-1.432918881,18.07935851
890,5,499,0,499,5,1,1,1,0,16,18.07935851,-1.432918881
891,7,686,1,693,5,14,7,2,16,18,37.898,29.548
892,7,687,1,693,5,13,7,1,18,16,29.548,37.898
893,7,688,1,694,5,12,6,2,10,2,2.282,-14.214
894,7,689,1,694,5,11,6,1,2,10,-14.214,2.282
895,7,690,1,695,5,10,5,2,8,12,14.752,13.928
896,7,691,1,695,5,9,5,1,12,8,13.928,14.752
897,7,692,1,696,5,8,4,2,26,26,41.914,41.914
898,7,693,1,696,5,7,4,1,26,26,41.914,41.914
899,7,694,1,697,5,6,3,2,10.9,14,25.03442,20.089455
900,7,695,1,697,5,5,3,1,14,10.9,20.089455,25.03442
901,7,696,1,698,5,4,2,2,5,2,-5.888,-16.3265
902,7,697,1,698,5,3,2,1,2,5,-16.3265,-5.888
903,7,698,1,699,5,2,1,2,18,16,29.548,37.898
904,7,699,1,699,5,1,1,1,16,18,37.898,29.548
905,8,786,0,793,5,14,7,2,14,25.5,59.17001054,16.89356619
906,8,787,0,793,5,13,7,1,25.5,14,16.89356619,59.17001054
907,8,788,0,794,5,12,6,2,12,10,17.45929164,21.15280898
908,8,789,0,794,5,11,6,1,10,12,21.15280898,17.45929164
909,8,790,0,795,5,10,5,2,0,10,-0.567362232,-6.490122287
910,8,791,0,795,5,9,5,1,10,0,-6.490122287,-0.567362232
911,8,792,0,796,5,8,4,2,18,10,17.64280495,37.43480495
912,8,793,0,796,5,7,4,1,10,18,37.43480495,17.64280495
913,8,794,0,797,5,6,3,2,20,2,1.849247062,35.0909031
914,8,795,0,797,5,5,3,1,2,20,35.0909031,1.849247062
915,8,796,0,798,5,4,2,2,12,6.3,8.932668075,17.25443921
916,8,797,0,798,5,3,2,1,6.3,12,17.25443921,8.932668075
917,8,798,0,799,5,2,1,2,10,10,16.09,16.09
918,8,799,0,799,5,1,1,1,10,10,16.09,16.09
919,11,1086,0,1093,5,14,7,2,5,1.5,-11.74064508,-10.94829678
920,11,1087,0,1093,5,13,7,1,1.5,5,-10.94829678,-11.74064508
921,11,1088,0,1094,5,12,6,2,15,0,-1.866998448,14.85765828
922,11,1089,0,1094,5,11,6,1,0,15,14.85765828,-1.866998448
923,11,1090,0,1095,5,10,5,2,26,12,12.24064964,61.51228071
924,11,1091,0,1095,5,9,5,1,12,26,61.51228071,12.24064964
925,11,1092,0,1096,5,8,4,2,1,0.8,-23.12508412,-23.17807488
926,11,1093,0,1096,5,7,4,1,0.8,1,-23.17807488,-23.12508412
927,11,1094,0,1097,5,6,3,2,6,18,34.28684582,9.616776472
928,11,1095,0,1097,5,5,3,1,18,6,9.616776472,34.28684582
929,11,1096,0,1098,5,4,2,2,18,12,21.92921146,38.02769412
930,11,1097,0,1098,5,3,2,1,12,18,38.02769412,21.92921146
931,11,1098,0,1099,5,2,1,2,18,28,62.78187771,19.22463777
932,11,1099,0,1099,5,1,1,1,28,18,19.22463777,62.78187771
933,12,1188,1,1194,5,12,6,2,10,10,16.09,16.09
934,12,1189,1,1194,5,11,6,1,10,10,16.09,16.09
935,12,1190,1,1195,5,10,5,2,26,24,32.764,50.186
936,12,1191,1,1195,5,9,5,1,24,26,50.186,32.764
937,12,1192,1,1196,5,8,4,2,14.8,16,32.76208,28.84072
938,12,1193,1,1196,5,7,4,1,16,14.8,28.84072,32.76208
939,12,1194,1,1197,5,6,3,2,18,10,10.81,30.602
940,12,1195,1,1197,5,5,3,1,10,18,30.602,10.81
941,12,1196,1,1198,5,4,2,2,16,15,29.4035,32.728
942,12,1197,1,1198,5,3,2,1,15,16,32.728,29.4035
943,12,1198,1,1199,5,2,1,2,14,16,32.676,26.594
944,12,1199,1,1199,5,1,1,1,16,14,26.594,32.676
945,16,1590,0,1595,5,10,5,2,6,26,60.10063984,2.257422085
946,16,1591,0,1595,5,9,5,1,26,6,2.257422085,60.10063984
947,16,1592,0,1596,5,8,4,2,19.6,10,16.69757023,42.05370804
948,16,1593,0,1596,5,7,4,1,10,19.6,42.05370804,16.69757023
949,16,1594,0,1597,5,6,3,2,12,12,22.328,22.328
950,16,1595,0,1597,5,5,3,1,12,12,22.328,22.328
951,16,1596,0,1598,5,4,2,2,17,1.4,1.249012654,24.18746902
952,16,1597,0,1598,5,3,2,1,1.4,17,24.18746902,1.249012654
953,16,1598,0,1599,5,2,1,2,13,1.9,0.437301496,12.69750783
954,16,1599,0,1599,5,1,1,1,1.9,13,12.69750783,0.437301496
955,18,1786,1,1793,5,14,7,2,18,20,42.26,31.642
956,18,1787,1,1793,5,13,7,1,20,18,31.642,42.26
957,18,1788,1,1794,5,12,6,2,13.5,16,32.4415,25.193375
958,18,1789,1,1794,5,11,6,1,16,13.5,25.193375,32.4415
959,18,1790,1,1795,5,10,5,2,16,16,32.224,32.224
960,18,1791,1,1795,5,9,5,1,16,16,32.224,32.224
961,18,1792,1,1796,5,8,4,2,10,8,12.572,11.85
962,18,1793,1,1796,5,7,4,1,8,10,11.85,12.572
963,18,1794,1,1797,5,6,3,2,17.8,10.1,11.681435,30.51294
964,18,1795,1,1797,5,5,3,1,10.1,17.8,30.51294,11.681435
965,18,1796,1,1798,5,4,2,2,28,10,-45.83,49.732
966,18,1797,1,1798,5,3,2,1,10,28,49.732,-45.83
967,18,1798,1,1799,5,2,1,2,11.5,14.5,27.000625,21.279625
968,18,1799,1,1799,5,1,1,1,14.5,11.5,21.279625,27.000625
969,22,2190,0,2195,5,10,5,2,2.1,1,-19.69025144,-19.83220812
970,22,2191,0,2195,5,9,5,1,1,2.1,-19.83220812,-19.69025144
971,22,2192,0,2196,5,8,4,2,16,22,47.85265944,26.73624613
972,22,2193,0,2196,5,7,4,1,22,16,26.73624613,47.85265944
973,22,2194,0,2197,5,6,3,2,28,10,4.867455106,68.21669505
974,22,2195,0,2197,5,5,3,1,10,28,68.21669505,4.867455106
975,22,2196,0,2198,5,4,2,2,28,14,11.68152342,66.80740692
976,22,2197,0,2198,5,3,2,1,14,28,66.80740692,11.68152342
977,22,2198,0,2199,5,2,1,2,14,18,37.96652301,26.39787946
978,22,2199,0,2199,5,1,1,1,18,14,26.39787946,37.96652301
979,23,2292,0,2296,5,8,4,2,1.6,4.8,-11.23326128,-11.92424114
980,23,2293,0,2296,5,7,4,1,4.8,1.6,-11.92424114,-11.23326128
981,23,2294,0,2297,5,6,3,2,1,18,26.67280789,0.609461846
982,23,2295,0,2297,5,5,3,1,18,1,0.609461846,26.67280789
983,23,2296,0,2298,5,4,2,2,0,16,18.07935851,-1.432918881
984,23,2297,0,2298,5,3,2,1,16,0,-1.432918881,18.07935851
985,23,2298,0,2299,5,2,1,2,15,12,22.86442353,29.97280286
986,23,2299,0,2299,5,1,1,1,12,15,29.97280286,22.86442353
987,24,2386,1,2393,5,14,7,2,12,16,30.904,21.008
988,24,2387,1,2393,5,13,7,1,16,12,21.008,30.904
989,24,2388,1,2394,5,12,6,2,28,18,-7.558,68.212
990,24,2389,1,2394,5,11,6,1,18,28,68.212,-7.558
991,24,2390,1,2395,5,10,5,2,15.5,10,16.2825,25.991375
992,24,2391,1,2395,5,9,5,1,10,15.5,25.991375,16.2825
993,24,2392,1,2396,5,8,4,2,28,12,-36.328,57.688
994,24,2393,1,2396,5,7,4,1,12,28,57.688,-36.328
995,24,2394,1,2397,5,6,3,2,20.7,18,29.63258,44.502695
996,24,2395,1,2397,5,5,3,1,18,20.7,44.502695,29.63258
997,24,2396,1,2398,5,4,2,2,24.6,12,-11.95408,49.93838
998,24,2397,1,2398,5,3,2,1,12,24.6,49.93838,-11.95408
999,24,2398,1,2399,5,2,1,2,28,16,-17.192,66.928
1000,24,2399,1,2399,5,1,1,1,16,28,66.928,-17.192
1001,25,2484,1,2492,5,16,8,2,10.6,17,30.28082,15.17298
1002,25,2485,1,2492,5,15,8,1,17,10.6,15.17298,30.28082
1003,25,2486,1,2493,5,14,7,2,14.7,14,27.56978,29.440495
1004,25,2487,1,2493,5,13,7,1,14,14.7,29.440495,27.56978
1005,25,2488,1,2494,5,12,6,2,25.5,22.5,28.495625,52.927625
1006,25,2489,1,2494,5,11,6,1,22.5,25.5,52.927625,28.495625
1007,25,2490,1,2495,5,10,5,2,20,18,31.642,42.26
1008,25,2491,1,2495,5,9,5,1,18,20,42.26,31.642
1009,25,2492,1,2496,5,8,4,2,20,23,49.3195,29.14
1010,25,2493,1,2496,5,7,4,1,23,20,29.14,49.3195
1011,25,2494,1,2497,5,6,3,2,14,18,37.69,23.258
1012,25,2495,1,2497,5,5,3,1,18,14,23.258,37.69
1013,25,2496,1,2498,5,4,2,2,20,18,31.642,42.26
1014,25,2497,1,2498,5,3,2,1,18,20,42.26,31.642
1015,25,2498,1,2499,5,2,1,2,16.3,12,20.55038,31.554295
1016,25,2499,1,2499,5,1,1,1,12,16.3,31.554295,20.55038
1017,26,2590,0,2595,5,10,5,2,10,24,55.35715449,11.93977585
1018,26,2591,0,2595,5,9,5,1,24,10,11.93977585,55.35715449
1019,26,2592,0,2596,5,8,4,2,6.5,0.2,-11.71767961,-10.15973199
1020,26,2593,0,2596,5,7,4,1,0.2,6.5,-10.15973199,-11.71767961
1021,26,2594,0,2597,5,6,3,2,22.5,12,17.76707659,50.87894673
1022,26,2595,0,2597,5,5,3,1,12,22.5,50.87894673,17.76707659
1023,26,2596,0,2598,5,4,2,2,5,12,15.35331775,6.084914836
1024,26,2597,0,2598,5,3,2,1,12,5,6.084914836,15.35331775
1025,26,2598,0,2599,5,2,1,2,15,6,9.67853576,25.35850178
1026,26,2599,0,2599,5,1,1,1,6,15,25.35850178,9.67853576
1027,27,2686,1,2693,5,14,7,2,12,10,18.106,19.652
1028,27,2687,1,2693,5,13,7,1,10,12,19.652,18.106
1029,27,2688,1,2694,5,12,6,2,12,4.9,7.539055,2.76182
1030,27,2689,1,2694,5,11,6,1,4.9,12,2.76182,7.539055
1031,27,2690,1,2695,5,10,5,2,12,16,30.904,21.008
1032,27,2691,1,2695,5,9,5,1,16,12,21.008,30.904
1033,27,2692,1,2696,5,8,4,2,20,28,67.272,2.12
1034,27,2693,1,2696,5,7,4,1,28,20,2.12,67.272
1035,27,2694,1,2697,5,6,3,2,10,16,26.908,15.466
1036,27,2695,1,2697,5,5,3,1,16,10,15.466,26.908
1037,27,2696,1,2698,5,4,2,2,14,22,47.85,9.914
1038,27,2697,1,2698,5,3,2,1,22,14,9.914,47.85
1039,27,2698,1,2699,5,2,1,2,16.7,13,22.76538,33.702395
1040,27,2699,1,2699,5,1,1,1,13,16.7,33.702395,22.76538
1041,28,2778,0,2789,5,22,11,2,16,8,13.9374485,30.3841614
1042,28,2779,0,2789,5,21,11,1,8,16,30.3841614,13.9374485
1043,28,2780,0,2790,5,20,10,2,11,12,21.82216202,19.87086313
1044,28,2781,0,2790,5,19,10,1,12,11,19.87086313,21.82216202
1045,28,2782,0,2791,5,18,9,2,10,22,49.20077647,14.49484582
1046,28,2783,0,2791,5,17,9,1,22,10,14.49484582,49.20077647
1047,28,2784,0,2792,5,16,8,2,15,25.5,58.53021372,18.8323096
1048,28,2785,0,2792,5,15,8,1,25.5,15,18.8323096,58.53021372
1049,28,2786,0,2793,5,14,7,2,12.5,22,49.35443946,19.39608076
1050,28,2787,0,2793,5,13,7,1,22,12.5,19.39608076,49.35443946
1051,28,2788,0,2794,5,12,6,2,5,7,1.824906759,0.22219386
1052,28,2789,0,2794,5,11,6,1,7,5,0.22219386,1.824906759
1053,28,2790,0,2795,5,10,5,2,13,13,25.1245,25.1245
1054,28,2791,0,2795,5,9,5,1,13,13,25.1245,25.1245
1055,28,2792,0,2796,5,8,4,2,16,18,37.25129164,31.04880898
1056,28,2793,0,2796,5,7,4,1,18,16,31.04880898,37.25129164
1057,28,2794,0,2797,5,6,3,2,16,20,42.46084479,29.21955769
1058,28,2795,0,2797,5,5,3,1,20,16,29.21955769,42.46084479
1059,28,2796,0,2798,5,4,2,2,10,10,16.09,16.09
1060,28,2797,0,2798,5,3,2,1,10,10,16.09,16.09
1061,28,2798,0,2799,5,2,1,2,28,18,19.22463777,62.78187771
1062,28,2799,0,2799,5,1,1,1,18,28,62.78187771,19.22463777
1063,29,2892,0,2896,5,8,4,2,12,14,27.37896987,22.84913075
1064,29,2893,0,2896,5,7,4,1,14,12,22.84913075,27.37896987
1065,29,2894,0,2897,5,6,3,2,26,10,8.730645613,61.69579402
1066,29,2895,0,2897,5,5,3,1,10,26,61.69579402,8.730645613
1067,29,2896,0,2898,5,4,2,2,20,28,59.78802271,23.2695872
1068,29,2897,0,2898,5,3,2,1,28,20,23.2695872,59.78802271
1069,29,2898,0,2899,5,2,1,2,13,12,22.67032291,24.83070224
1070,29,2899,0,2899,5,1,1,1,12,13,24.83070224,22.67032291
1071,2,182,1,191,6,18,9,2,12,28,57.688,-36.328
1072,2,183,1,191,6,17,9,1,28,12,-36.328,57.688
1073,2,184,1,192,6,16,8,2,16,10,15.466,26.908
1074,2,185,1,192,6,15,8,1,10,16,26.908,15.466
1075,2,186,1,193,6,14,7,2,20,20,38.68,38.68
1076,2,187,1,193,6,13,7,1,20,20,38.68,38.68
1077,2,188,1,194,6,12,6,2,10,14,23.258,17.898
1078,2,189,1,194,6,11,6,1,14,10,17.898,23.258
1079,2,190,1,195,6,10,5,2,10,18,30.602,10.81
1080,2,191,1,195,6,9,5,1,18,10,10.81,30.602
1081,2,192,1,196,6,8,4,2,22,18,25.178,48.682
1082,2,193,1,196,6,7,4,1,18,22,48.682,25.178
1083,2,194,1,197,6,6,3,2,22,28,64.108,11.842
1084,2,195,1,197,6,5,3,1,28,22,11.842,64.108
1085,2,196,1,198,6,4,2,2,28,24,21.608,58.72
1086,2,197,1,198,6,3,2,1,24,28,58.72,21.608
1087,2,198,1,199,6,2,1,2,7,14,14.084,10.6575
1088,2,199,1,199,6,1,1,1,14,7,10.6575,14.084
1089,5,484,0,492,6,16,8,2,18,4,5.877154491,31.73177585
1090,5,485,0,492,6,15,8,1,4,18,31.73177585,5.877154491
1091,5,486,0,493,6,14,7,2,10,2,-2.338620844,4.072230751
1092,5,487,0,493,6,13,7,1,2,10,4.072230751,-2.338620844
1093,5,488,0,494,6,12,6,2,14,14,27.706,27.706
1094,5,489,0,494,6,11,6,1,14,14,27.706,27.706
1095,5,490,0,495,6,10,5,2,18,18,35.882,35.882
1096,5,491,0,495,6,9,5,1,18,18,35.882,35.882
1097,5,492,0,496,6,8,4,2,12,4,3.946735606,13.7028743
1098,5,493,0,496,6,7,4,1,4,12,13.7028743,3.946735606
1099,5,494,0,497,6,6,3,2,16,16,32.224,32.224
1100,5,495,0,497,6,5,3,1,16,16,32.224,32.224
1101,5,496,0,498,6,4,2,2,7,22,47.66738158,8.989278251
1102,5,497,0,498,6,3,2,1,22,7,8.989278251,47.66738158
1103,5,498,0,499,6,2,1,2,4,2,-12.70006481,-12.35183457
1104,5,499,0,499,6,1,1,1,2,4,-12.35183457,-12.70006481
1105,7,686,1,693,6,14,7,2,14,18,37.69,23.258
1106,7,687,1,693,6,13,7,1,18,14,23.258,37.69
1107,7,688,1,694,6,12,6,2,10,4,5.668,-3.302
1108,7,689,1,694,6,11,6,1,4,10,-3.302,5.668
1109,7,690,1,695,6,10,5,2,12,14,26.594,22.78
1110,7,691,1,695,6,9,5,1,14,12,22.78,26.594
1111,7,692,1,696,6,8,4,2,26,26,41.914,41.914
1112,7,693,1,696,6,7,4,1,26,26,41.914,41.914
1113,7,694,1,697,6,6,3,2,16,9,12.7115,24.076
1114,7,695,1,697,6,5,3,1,9,16,24.076,12.7115
1115,7,696,1,698,6,4,2,2,1,2,-22.432,-17.8185
1116,7,697,1,698,6,3,2,1,2,1,-17.8185,-22.432
1117,7,698,1,699,6,2,1,2,8,10,11.85,12.572
1118,7,699,1,699,6,1,1,1,10,8,12.572,11.85
1119,8,786,0,793,6,14,7,2,20,16,29.21955769,42.46084479
1120,8,787,0,793,6,13,7,1,16,20,42.46084479,29.21955769
1121,8,788,0,794,6,12,6,2,14,10,18.17452301,26.39787946
1122,8,789,0,794,6,11,6,1,10,14,26.39787946,18.17452301
1123,8,790,0,795,6,10,5,2,10,10,16.09,16.09
1124,8,791,0,795,6,9,5,1,10,10,16.09,16.09
1125,8,792,0,796,6,8,4,2,20,15,26.96836055,42.99726832
1126,8,793,0,796,6,7,4,1,15,20,42.99726832,26.96836055
1127,8,794,0,797,6,6,3,2,4,18,31.73177585,5.877154491
1128,8,795,0,797,6,5,3,1,18,4,5.877154491,31.73177585
1129,8,796,0,798,6,4,2,2,17,6.8,11.38658011,32.142877
1130,8,797,0,798,6,3,2,1,6.8,17,32.142877,11.38658011
1131,8,798,0,799,6,2,1,2,12,12,22.328,22.328
1132,8,799,0,799,6,1,1,1,12,12,22.328,22.328
1133,11,1086,0,1093,6,14,7,2,2,12,9.911442206,-0.192926726
1134,11,1087,0,1093,6,13,7,1,12,2,-0.192926726,9.911442206
1135,11,1088,0,1094,6,12,6,2,0,4.5,-16.21918454,-16.29705607
1136,11,1089,0,1094,6,11,6,1,4.5,0,-16.29705607,-16.21918454
1137,11,1090,0,1095,6,10,5,2,26,22,32.52459236,50.78381012
1138,11,1091,0,1095,6,9,5,1,22,26,50.78381012,32.52459236
1139,11,1092,0,1096,6,8,4,2,16,16,32.224,32.224
1140,11,1093,0,1096,6,7,4,1,16,16,32.224,32.224
1141,11,1094,0,1097,6,6,3,2,16,18,37.25129164,31.04880898
1142,11,1095,0,1097,6,5,3,1,18,16,31.04880898,37.25129164
1143,11,1096,0,1098,6,4,2,2,10,14,26.39787946,18.17452301
1144,11,1097,0,1098,6,3,2,1,14,10,18.17452301,26.39787946
1145,11,1098,0,1099,6,2,1,2,18,18,35.882,35.882
1146,11,1099,0,1099,6,1,1,1,18,18,35.882,35.882
1147,12,1188,1,1194,6,12,6,2,12,20,39.656,10.792
1148,12,1189,1,1194,6,11,6,1,20,12,10.792,39.656
1149,12,1190,1,1195,6,10,5,2,25,26,46.328,37.3335
1150,12,1191,1,1195,6,9,5,1,26,25,37.3335,46.328
1151,12,1192,1,1196,6,8,4,2,17,12,19.288,33.0755
1152,12,1193,1,1196,6,7,4,1,12,17,33.0755,19.288
1153,12,1194,1,1197,6,6,3,2,20,24,52.888,24.848
1154,12,1195,1,1197,6,5,3,1,24,20,24.848,52.888
1155,12,1196,1,1198,6,4,2,2,11,18,33.208,13.9055
1156,12,1197,1,1198,6,3,2,1,18,11,13.9055,33.208
1157,12,1198,1,1199,6,2,1,2,28,15,-21.9925,65.452
1158,12,1199,1,1199,6,1,1,1,15,28,65.452,-21.9925
1159,16,1590,0,1595,6,10,5,2,4,2,-12.70006481,-12.35183457
1160,16,1591,0,1595,6,9,5,1,2,4,-12.35183457,-12.70006481
1161,16,1592,0,1596,6,8,4,2,18,7,11.55493553,35.3191082
1162,16,1593,0,1596,6,7,4,1,7,18,35.3191082,11.55493553
1163,16,1594,0,1597,6,6,3,2,16,14,27.37896987,32.74513075
1164,16,1595,0,1597,6,5,3,1,14,16,32.74513075,27.37896987
1165,16,1596,0,1598,6,4,2,2,5,5.5,-2.011485327,-2.333758385
1166,16,1597,0,1598,6,3,2,1,5.5,5,-2.333758385,-2.011485327
1167,16,1598,0,1599,6,2,1,2,12.5,13.5,26.25434736,23.9894278
1168,16,1599,0,1599,6,1,1,1,13.5,12.5,23.9894278,26.25434736
1169,18,1786,1,1793,6,14,7,2,20,20,38.68,38.68
1170,18,1787,1,1793,6,13,7,1,20,20,38.68,38.68
1171,18,1788,1,1794,6,12,6,2,14,17.5,36.432375,24.3005
1172,18,1789,1,1794,6,11,6,1,17.5,14,24.3005,36.432375
1173,18,1790,1,1795,6,10,5,2,24,6,-32.734,22.004
1174,18,1791,1,1795,6,9,5,1,6,24,22.004,-32.734
1175,18,1792,1,1796,6,8,4,2,16,10,15.466,26.908
1176,18,1793,1,1796,6,7,4,1,10,16,26.908,15.466
1177,18,1794,1,1797,6,6,3,2,28,15.2,-21.03328,65.79168
1178,18,1795,1,1797,6,5,3,1,15.2,28,65.79168,-21.03328
1179,18,1796,1,1798,6,4,2,2,18,18,35.882,35.882
1180,18,1797,1,1798,6,3,2,1,18,18,35.882,35.882
1181,18,1798,1,1799,6,2,1,2,24.5,12.9,-7.563995,52.047245
1182,18,1799,1,1799,6,1,1,1,12.9,24.5,52.047245,-7.563995
1183,22,2190,0,2195,6,10,5,2,4.7,4.5,-5.09926888,-4.997540114
1184,22,2191,0,2195,6,9,5,1,4.5,4.7,-4.997540114,-5.09926888
1185,22,2192,0,2196,6,8,4,2,18,15,28.70056153,37.69066486
1186,22,2193,0,2196,6,7,4,1,15,18,37.69066486,28.70056153
1187,22,2194,0,2197,6,6,3,2,3,10,6.146754642,-0.194522057
1188,22,2195,0,2197,6,5,3,1,10,3,-0.194522057,6.146754642
1189,22,2196,0,2198,6,4,2,2,14,14,27.706,27.706
1190,22,2197,0,2198,6,3,2,1,14,14,27.706,27.706
1191,22,2198,0,2199,6,2,1,2,0,24,45.49331393,-3.846824764
1192,22,2199,0,2199,6,1,1,1,24,0,-3.846824764,45.49331393
1193,23,2292,0,2296,6,8,4,2,8.7,9.6,13.83329712,12.51933326
1194,23,2293,0,2296,6,7,4,1,9.6,8.7,12.51933326,13.83329712
1195,23,2294,0,2297,6,6,3,2,4,1,-15.08974915,-14.88102446
1196,23,2295,0,2297,6,5,3,1,1,4,-14.88102446,-15.08974915
1197,23,2296,0,2298,6,4,2,2,10,12,21.15280898,17.45929164
1198,23,2297,0,2298,6,3,2,1,12,10,17.45929164,21.15280898
1199,23,2298,0,2299,6,2,1,2,20,2,1.849247062,35.0909031
1200,23,2299,0,2299,6,1,1,1,2,20,35.0909031,1.849247062
1201,24,2386,1,2393,6,14,7,2,12,14,26.594,22.78
1202,24,2387,1,2393,6,13,7,1,14,12,22.78,26.594
1203,24,2388,1,2394,6,12,6,2,18,26,61.658,5.578
1204,24,2389,1,2394,6,11,6,1,26,18,5.578,61.658
1205,24,2390,1,2395,6,10,5,2,14,10,17.898,23.258
1206,24,2391,1,2395,6,9,5,1,10,14,23.258,17.898
1207,24,2392,1,2396,6,8,4,2,12,18,35.258,17.012
1208,24,2393,1,2396,6,7,4,1,18,12,17.012,35.258
1209,24,2394,1,2397,6,6,3,2,13.7,18,37.46698,22.318295
1210,24,2395,1,2397,6,5,3,1,18,13.7,22.318295,37.46698
1211,24,2396,1,2398,6,4,2,2,12,24,48.584,-8.32
1212,24,2397,1,2398,6,3,2,1,24,12,-8.32,48.584
1213,24,2398,1,2399,6,2,1,2,14,17,35.1775,25.204
1214,24,2399,1,2399,6,1,1,1,17,14,25.204,35.1775
1215,25,2484,1,2492,6,16,8,2,18.6,15,25.06202,39.68378
1216,25,2485,1,2492,6,15,8,1,15,18.6,39.68378,25.06202
1217,25,2486,1,2493,6,14,7,2,15.5,14.7,28.988245,31.466405
1218,25,2487,1,2493,6,13,7,1,14.7,15.5,31.466405,28.988245
1219,25,2488,1,2494,6,12,6,2,18,27.9,67.883255,-6.84838
1220,25,2489,1,2494,6,11,6,1,27.9,18,-6.84838,67.883255
1221,25,2490,1,2495,6,10,5,2,16,18,37.898,29.548
1222,25,2491,1,2495,6,9,5,1,18,16,29.548,37.898
1223,25,2492,1,2496,6,8,4,2,20,26,60.058,14.596
1224,25,2493,1,2496,6,7,4,1,26,20,14.596,60.058
1225,25,2494,1,2497,6,6,3,2,19,14,20.756,40.2135
1226,25,2495,1,2497,6,5,3,1,14,19,40.2135,20.756
1227,25,2496,1,2498,6,4,2,2,16,28,66.928,-17.192
1228,25,2497,1,2498,6,3,2,1,28,16,-17.192,66.928
1229,25,2498,1,2499,6,2,1,2,16.9,13.5,23.893145,34.618105
1230,25,2499,1,2499,6,1,1,1,13.5,16.9,34.618105,23.893145
1231,26,2590,0,2595,6,10,5,2,16,12.5,23.86480638,32.70675177
1232,26,2591,0,2595,6,9,5,1,12.5,16,32.70675177,23.86480638
1233,26,2592,0,2596,6,8,4,2,22,4,3.893799073,44.66235108
1234,26,2593,0,2596,6,7,4,1,4,22,44.66235108,3.893799073
1235,26,2594,0,2597,6,6,3,2,6,14,22.47351785,9.372092055
1236,26,2595,0,2597,6,5,3,1,14,6,9.372092055,22.47351785
1237,26,2596,0,2598,6,4,2,2,9.5,20,43.02476591,15.40125741
1238,26,2597,0,2598,6,3,2,1,20,9.5,15.40125741,43.02476591
1239,26,2598,0,2599,6,2,1,2,15,17,35.1057112,29.32138942
1240,26,2599,0,2599,6,1,1,1,17,15,29.32138942,35.1057112
1241,27,2686,1,2693,6,14,7,2,14,14.4,28.69648,27.66152
1242,27,2687,1,2693,6,13,7,1,14.4,14,27.66152,28.69648
1243,27,2688,1,2694,6,12,6,2,12,12.9,24.242255,22.80662
1244,27,2689,1,2694,6,11,6,1,12.9,12,22.80662,24.242255
1245,27,2690,1,2695,6,10,5,2,14,28,63.42,-26.782
1246,27,2691,1,2695,6,9,5,1,28,14,-26.782,63.42
1247,27,2692,1,2696,6,8,4,2,24,18,16.49,55.148
1248,27,2693,1,2696,6,7,4,1,18,24,55.148,16.49
1249,27,2694,1,2697,6,6,3,2,14,10,17.898,23.258
1250,27,2695,1,2697,6,5,3,1,10,14,23.258,17.898
1251,27,2696,1,2698,6,4,2,2,22,12,2.348,44.098
1252,27,2697,1,2698,6,3,2,1,12,22,44.098,2.348
1253,27,2698,1,2699,6,2,1,2,19.1,15,23.79622,41.029955
1254,27,2699,1,2699,6,1,1,1,15,19.1,41.029955,23.79622
1255,28,2778,0,2789,6,22,11,2,22,15,24.5820993,48.48613328
1256,28,2779,0,2789,6,21,11,1,15,22,48.48613328,24.5820993
1257,28,2780,0,2790,6,20,10,2,19,12,21.29044396,40.80378862
1258,28,2781,0,2790,6,19,10,1,12,19,40.80378862,21.29044396
1259,28,2782,0,2791,6,18,9,2,12,18,38.02769412,21.92921146
1260,28,2783,0,2791,6,17,9,1,18,12,21.92921146,38.02769412
1261,28,2784,0,2792,6,16,8,2,18.5,25.5,55.00324372,25.97673887
1262,28,2785,0,2792,6,15,8,1,25.5,18.5,25.97673887,55.00324372
1263,28,2786,0,2793,6,14,7,2,22.6,12.5,18.62544836,51.10942768
1264,28,2787,0,2793,6,13,7,1,12.5,22.6,51.10942768,18.62544836
1265,28,2788,0,2794,6,12,6,2,10,3,-0.194522057,6.146754642
1266,28,2789,0,2794,6,11,6,1,3,10,6.146754642,-0.194522057
1267,28,2790,0,2795,6,10,5,2,13,13,25.1245,25.1245
1268,28,2791,0,2795,6,9,5,1,13,13,25.1245,25.1245
1269,28,2792,0,2796,6,8,4,2,18,20,40.89745253,33.85864809
1270,28,2793,0,2796,6,7,4,1,20,18,33.85864809,40.89745253
1271,28,2794,0,2797,6,6,3,2,18,15,28.70056153,37.69066486
1272,28,2795,0,2797,6,5,3,1,15,18,37.69066486,28.70056153
1273,28,2796,0,2798,6,4,2,2,12,28,67.83908112,8.183358512
1274,28,2797,0,2798,6,3,2,1,28,12,8.183358512,67.83908112
1275,28,2798,0,2799,6,2,1,2,18.9,20,39.98053885,36.00570159
1276,28,2799,0,2799,6,1,1,1,20,18.9,36.00570159,39.98053885
1277,29,2892,0,2896,6,8,4,2,20,22,43.68361342,35.8084872
1278,29,2893,0,2896,6,7,4,1,22,20,35.8084872,43.68361342
1279,29,2894,0,2897,6,6,3,2,2,26,55.88924458,-3.486755416
1280,29,2895,0,2897,6,5,3,1,26,2,-3.486755416,55.88924458
1281,29,2896,0,2898,6,4,2,2,18,28,62.78187771,19.22463777
1282,29,2897,0,2898,6,3,2,1,28,18,19.22463777,62.78187771
1283,29,2898,0,2899,6,2,1,2,28,14,11.68152342,66.80740692
1284,29,2899,0,2899,6,1,1,1,14,28,66.80740692,11.68152342
1285,2,182,1,191,7,18,9,2,20,26,60.058,14.596
1286,2,183,1,191,7,17,9,1,26,20,14.596,60.058
1287,2,184,1,192,7,16,8,2,13,12,22.832,24.4555
1288,2,185,1,192,7,15,8,1,12,13,24.4555,22.832
1289,2,186,1,193,7,14,7,2,20,20,38.68,38.68
1290,2,187,1,193,7,13,7,1,20,20,38.68,38.68
1291,2,188,1,194,7,12,6,2,0,14,-26.782,-5.852
1292,2,189,1,194,7,11,6,1,14,0,-5.852,-26.782
1293,2,190,1,195,7,10,5,2,12,12,22.328,22.328
1294,2,191,1,195,7,9,5,1,12,12,22.328,22.328
1295,2,192,1,196,7,8,4,2,18,18,35.882,35.882
1296,2,193,1,196,7,7,4,1,18,18,35.882,35.882
1297,2,194,1,197,7,6,3,2,16,18,37.898,29.548
1298,2,195,1,197,7,5,3,1,18,16,29.548,37.898
1299,2,196,1,198,7,4,2,2,2,22,-8.022,-34.822
1300,2,197,1,198,7,3,2,1,22,2,-34.822,-8.022
1301,2,198,1,199,7,2,1,2,14,20,42.748,17.698
1302,2,199,1,199,7,1,1,1,20,14,17.698,42.748
1303,5,484,0,492,7,16,8,2,6,2,-8.592189885,-7.059407638
1304,5,485,0,492,7,15,8,1,2,6,-7.059407638,-8.592189885
1305,5,486,0,493,7,14,7,2,0,2,-22.87799546,-22.38990392
1306,5,487,0,493,7,13,7,1,2,0,-22.38990392,-22.87799546
1307,5,488,0,494,7,12,6,2,16,14,27.37896987,32.74513075
1308,5,489,0,494,7,11,6,1,14,16,32.74513075,27.37896987
1309,5,490,0,495,7,10,5,2,22,20,35.8084872,43.68361342
1310,5,491,0,495,7,9,5,1,20,22,43.68361342,35.8084872
1311,5,492,0,496,7,8,4,2,0,16,18.07935851,-1.432918881
1312,5,493,0,496,7,7,4,1,16,0,-1.432918881,18.07935851
1313,5,494,0,497,7,6,3,2,16,12,22.71620124,32.61220124
1314,5,495,0,497,7,5,3,1,12,16,32.61220124,22.71620124
1315,5,496,0,498,7,4,2,2,8,22,48.34202828,10.77890206
1316,5,497,0,498,7,3,2,1,22,8,10.77890206,48.34202828
1317,5,498,0,499,7,2,1,2,10,14,26.39787946,18.17452301
1318,5,499,0,499,7,1,1,1,14,10,18.17452301,26.39787946
1319,7,686,1,693,7,14,7,2,14,18,37.69,23.258
1320,7,687,1,693,7,13,7,1,18,14,23.258,37.69
1321,7,688,1,694,7,12,6,2,12,2,1.658,-13.292
1322,7,689,1,694,7,11,6,1,2,12,-13.292,1.658
1323,7,690,1,695,7,10,5,2,16,14,26.594,32.676
1324,7,691,1,695,7,9,5,1,14,16,32.676,26.594
1325,7,692,1,696,7,8,4,2,26,26,41.914,41.914
1326,7,693,1,696,7,7,4,1,26,26,41.914,41.914
1327,7,694,1,697,7,6,3,2,8.5,16,22.4515,11.338375
1328,7,695,1,697,7,5,3,1,16,8.5,11.338375,22.4515
1329,7,696,1,698,7,4,2,2,2,2,-17.462,-17.462
1330,7,697,1,698,7,3,2,1,2,2,-17.462,-17.462
1331,7,698,1,699,7,2,1,2,11,14,25.204,20.3335
1332,7,699,1,699,7,1,1,1,14,11,20.3335,25.204
1333,8,786,0,793,7,14,7,2,14,11,20.4890442,26.9701822
1334,8,787,0,793,7,13,7,1,11,14,26.9701822,20.4890442
1335,8,788,0,794,7,12,6,2,16,28,65.12167245,15.36194984
1336,8,789,0,794,7,11,6,1,28,16,15.36194984,65.12167245
1337,8,790,0,795,7,10,5,2,16.8,10,18.07702568,34.04717747
1338,8,791,0,795,7,9,5,1,10,16.8,34.04717747,18.07702568
1339,8,792,0,796,7,8,4,2,8,20.1,42.47789329,12.41599962
1340,8,793,0,796,7,7,4,1,20.1,8,12.41599962,42.47789329
1341,8,794,0,797,7,6,3,2,10,2,-2.338620844,4.072230751
1342,8,795,0,797,7,5,3,1,2,10,4.072230751,-2.338620844
1343,8,796,0,798,7,4,2,2,7,10.2,13.33689376,9.033003827
1344,8,797,0,798,7,3,2,1,10.2,7,9.033003827,13.33689376
1345,8,798,0,799,7,2,1,2,14,14,27.706,27.706
1346,8,799,0,799,7,1,1,1,14,14,27.706,27.706
1347,11,1086,0,1093,7,14,7,2,28,2.1,-6.448529287,63.31401338
1348,11,1087,0,1093,7,13,7,1,2.1,28,63.31401338,-6.448529287
1349,11,1088,0,1094,7,12,6,2,4,18,31.73177585,5.877154491
1350,11,1089,0,1094,7,11,6,1,18,4,5.877154491,31.73177585
1351,11,1090,0,1095,7,10,5,2,26,12,12.24064964,61.51228071
1352,11,1091,0,1095,7,9,5,1,12,26,61.51228071,12.24064964
1353,11,1092,0,1096,7,8,4,2,18,0.1,-0.890878711,24.86814856
1354,11,1093,0,1096,7,7,4,1,0.1,18,24.86814856,-0.890878711
1355,11,1094,0,1097,7,6,3,2,18,0,-1.055304949,24.65945511
1356,11,1095,0,1097,7,5,3,1,0,18,24.65945511,-1.055304949
1357,11,1096,0,1098,7,4,2,2,16,9,16.06378862,31.18644396
1358,11,1097,0,1098,7,3,2,1,9,16,31.18644396,16.06378862
1359,11,1098,0,1099,7,2,1,2,22,6,7.245219815,46.82921982
1360,11,1099,0,1099,7,1,1,1,6,22,46.82921982,7.245219815
1361,12,1188,1,1194,7,12,6,2,22,18,25.178,48.682
1362,12,1189,1,1194,7,11,6,1,18,22,48.682,25.178
1363,12,1190,1,1195,7,10,5,2,25,26,46.328,37.3335
1364,12,1191,1,1195,7,9,5,1,26,25,37.3335,46.328
1365,12,1192,1,1196,7,8,4,2,10.9,12,21.13142,20.000455
1366,12,1193,1,1196,7,7,4,1,12,10.9,20.000455,21.13142
1367,12,1194,1,1197,7,6,3,2,18,14,23.258,37.69
1368,12,1195,1,1197,7,5,3,1,14,18,37.69,23.258
1369,12,1196,1,1198,7,4,2,2,19.5,10,5.8585,33.401375
1370,12,1197,1,1198,7,3,2,1,10,19.5,33.401375,5.8585
1371,12,1198,1,1199,7,2,1,2,15,18,38.072,26.3975
1372,12,1199,1,1199,7,1,1,1,18,15,26.3975,38.072
1373,16,1590,0,1595,7,10,5,2,27,0,-7.450038077,56.52537593
1374,16,1591,0,1595,7,9,5,1,0,27,56.52537593,-7.450038077
1375,16,1592,0,1596,7,8,4,2,10,18,37.43480495,17.64280495
1376,16,1593,0,1596,7,7,4,1,18,10,17.64280495,37.43480495
1377,16,1594,0,1597,7,6,3,2,12,16,32.61220124,22.71620124
1378,16,1595,0,1597,7,5,3,1,16,12,22.71620124,32.61220124
1379,16,1596,0,1598,7,4,2,2,27,0.1,-7.329284479,56.69039675
1380,16,1597,0,1598,7,3,2,1,0.1,27,56.69039675,-7.329284479
1381,16,1598,0,1599,7,2,1,2,8.3,5.5,3.315703218,6.086383995
1382,16,1599,0,1599,7,1,1,1,5.5,8.3,6.086383995,3.315703218
1383,18,1786,1,1793,7,14,7,2,24,22,33.25,48.404
1384,18,1787,1,1793,7,13,7,1,22,24,48.404,33.25
1385,18,1788,1,1794,7,12,6,2,16,13.5,25.193375,32.4415
1386,18,1789,1,1794,7,11,6,1,13.5,16,32.4415,25.193375
1387,18,1790,1,1795,7,10,5,2,20,26,60.058,14.596
1388,18,1791,1,1795,7,9,5,1,26,20,14.596,60.058
1389,18,1792,1,1796,7,8,4,2,20,12,10.792,39.656
1390,18,1793,1,1796,7,7,4,1,12,20,39.656,10.792
1391,18,1794,1,1797,7,6,3,2,28,8.7,-51.982705,43.36798
1392,18,1795,1,1797,7,5,3,1,8.7,28,43.36798,-51.982705
1393,18,1796,1,1798,7,4,2,2,20,16,24.648,43.616
1394,18,1797,1,1798,7,3,2,1,16,20,43.616,24.648
1395,18,1798,1,1799,7,2,1,2,13.4,13.8,27.13114,26.23226
1396,18,1799,1,1799,7,1,1,1,13.8,13.4,26.23226,27.13114
1397,22,2190,0,2195,7,10,5,2,6,5.8,0.535375663,0.691465344
1398,22,2191,0,2195,7,9,5,1,5.8,6,0.691465344,0.535375663
1399,22,2192,0,2196,7,8,4,2,17,10,18.02100707,34.60722552
1400,22,2193,0,2196,7,7,4,1,10,17,34.60722552,18.02100707
1401,22,2194,0,2197,7,6,3,2,3,5,-7.411254129,-8.177645252
1402,22,2195,0,2197,7,5,3,1,5,3,-8.177645252,-7.411254129
1403,22,2196,0,2198,7,4,2,2,26,16,19.80744221,59.18307327
1404,22,2197,0,2198,7,3,2,1,16,26,59.18307327,19.80744221
1405,22,2198,0,2199,7,2,1,2,26,12,12.24064964,61.51228071
1406,22,2199,0,2199,7,1,1,1,12,26,61.51228071,12.24064964
1407,23,2292,0,2296,7,8,4,2,5,27,62.77335723,-0.854182301
1408,23,2293,0,2296,7,7,4,1,27,5,-0.854182301,62.77335723
1409,23,2294,0,2297,7,6,3,2,3,1,-17.43748436,-17.50741502
1410,23,2295,0,2297,7,5,3,1,1,3,-17.50741502,-17.43748436
1411,23,2296,0,2298,7,4,2,2,2,14,15.93291517,1.298707124
1412,23,2297,0,2298,7,3,2,1,14,2,1.298707124,15.93291517
1413,23,2298,0,2299,7,2,1,2,12,5,6.084914836,15.35331775
1414,23,2299,0,2299,7,1,1,1,5,12,15.35331775,6.084914836
1415,24,2386,1,2393,7,14,7,2,12,17,33.0755,19.288
1416,24,2387,1,2393,7,13,7,1,17,12,19.288,33.0755
1417,24,2388,1,2394,7,12,6,2,18,18,35.882,35.882
1418,24,2389,1,2394,7,11,6,1,18,18,35.882,35.882
1419,24,2390,1,2395,7,10,5,2,10,12,19.652,18.106
1420,24,2391,1,2395,7,9,5,1,12,10,18.106,19.652
1421,24,2392,1,2396,7,8,4,2,12,14,26.594,22.78
1422,24,2393,1,2396,7,7,4,1,14,12,22.78,26.594
1423,24,2394,1,2397,7,6,3,2,13.9,13,25.25122,27.197155
1424,24,2395,1,2397,7,5,3,1,13,13.9,27.197155,25.25122
1425,24,2396,1,2398,7,4,2,2,24,18,16.49,55.148
1426,24,2397,1,2398,7,3,2,1,18,24,55.148,16.49
1427,24,2398,1,2399,7,2,1,2,6,21.5,18.878375,-17.2715
1428,24,2399,1,2399,7,1,1,1,21.5,6,-17.2715,18.878375
1429,25,2484,1,2492,7,16,8,2,14.1,17,35.22422,25.500955
1430,25,2485,1,2492,7,15,8,1,17,14.1,25.500955,35.22422
1431,25,2486,1,2493,7,14,7,2,14.5,15.5,31.483625,28.442625
1432,25,2487,1,2493,7,13,7,1,15.5,14.5,28.442625,31.483625
1433,25,2488,1,2494,7,12,6,2,25.5,20.5,19.587625,57.472625
1434,25,2489,1,2494,7,11,6,1,20.5,25.5,57.472625,19.587625
1435,25,2490,1,2495,7,10,5,2,16,20,43.616,24.648
1436,25,2491,1,2495,7,9,5,1,20,16,24.648,43.616
1437,25,2492,1,2496,7,8,4,2,28,23,16.7195,61.692
1438,25,2493,1,2496,7,7,4,1,23,28,61.692,16.7195
1439,25,2494,1,2497,7,6,3,2,14,19,40.2135,20.756
1440,25,2495,1,2497,7,5,3,1,19,14,20.756,40.2135
1441,25,2496,1,2498,7,4,2,2,18,18,35.882,35.882
1442,25,2497,1,2498,7,3,2,1,18,18,35.882,35.882
1443,25,2498,1,2499,7,2,1,2,17.5,14.5,25.827625,36.651625
1444,25,2499,1,2499,7,1,1,1,14.5,17.5,36.651625,25.827625
1445,26,2590,0,2595,7,10,5,2,10,15,29.08876277,18.2868661
1446,26,2591,0,2595,7,9,5,1,15,10,18.2868661,29.08876277
1447,26,2592,0,2596,7,8,4,2,26,3,-2.119059106,57.187366
1448,26,2593,0,2596,7,7,4,1,3,26,57.187366,-2.119059106
1449,26,2594,0,2597,7,6,3,2,2,18,28.52264561,2.319794018
1450,26,2595,0,2597,7,5,3,1,18,2,2.319794018,28.52264561
1451,26,2596,0,2598,7,4,2,2,14.5,9,16.00644071,27.02607022
1452,26,2597,0,2598,7,3,2,1,9,14.5,27.02607022,16.00644071
1453,26,2598,0,2599,7,2,1,2,18,5,7.724182793,33.09106837
1454,26,2599,0,2599,7,1,1,1,5,18,33.09106837,7.724182793
1455,27,2686,1,2693,7,14,7,2,16,17,35.0555,31.164
1456,27,2687,1,2693,7,13,7,1,17,16,31.164,35.0555
1457,27,2688,1,2694,7,12,6,2,12,10.1,18.316055,19.83862
1458,27,2689,1,2694,7,11,6,1,10.1,12,19.83862,18.316055
1459,27,2690,1,2695,7,10,5,2,16,18,37.898,29.548
1460,27,2691,1,2695,7,9,5,1,18,16,29.548,37.898
1461,27,2692,1,2696,7,8,4,2,10,19,32.4655,7.648
1462,27,2693,1,2696,7,7,4,1,19,10,7.648,32.4655
1463,27,2694,1,2697,7,6,3,2,18,11,13.9055,33.208
1464,27,2695,1,2697,7,5,3,1,11,18,33.208,13.9055
1465,27,2696,1,2698,7,4,2,2,22,20,32.876,45.762
1466,27,2697,1,2698,7,3,2,1,20,22,45.762,32.876
1467,27,2698,1,2699,7,2,1,2,0.2,21,-23.58782,-34.94878
1468,27,2699,1,2699,7,1,1,1,21,0.2,-34.94878,-23.58782
1469,28,2778,0,2789,7,22,11,2,13,24.5,56.62254798,16.75052874
1470,28,2779,0,2789,7,21,11,1,24.5,13,16.75052874,56.62254798
1471,28,2780,0,2790,7,20,10,2,15,11,20.55286213,29.61254035
1472,28,2781,0,2790,7,19,10,1,11,15,29.61254035,20.55286213
1473,28,2782,0,2791,7,18,9,2,22,20,35.8084872,43.68361342
1474,28,2783,0,2791,7,17,9,1,20,22,43.68361342,35.8084872
1475,28,2784,0,2792,7,16,8,2,18.5,25.5,55.00324372,25.97673887
1476,28,2785,0,2792,7,15,8,1,25.5,18.5,25.97673887,55.00324372
1477,28,2786,0,2793,7,14,7,2,20.8,18.5,34.03501135,42.44221172
1478,28,2787,0,2793,7,13,7,1,18.5,20.8,42.44221172,34.03501135
1479,28,2788,0,2794,7,12,6,2,10,5,4.230371647,9.805257223
1480,28,2789,0,2794,7,11,6,1,5,10,9.805257223,4.230371647
1481,28,2790,0,2795,7,10,5,2,13,13,25.1245,25.1245
1482,28,2791,0,2795,7,9,5,1,13,13,25.1245,25.1245
1483,28,2792,0,2796,7,8,4,2,22,14,22.47351785,48.95609206
1484,28,2793,0,2796,7,7,4,1,14,22,48.95609206,22.47351785
1485,28,2794,0,2797,7,6,3,2,14,16.5,34.0333918,27.19501542
1486,28,2795,0,2797,7,5,3,1,16.5,14,27.19501542,34.0333918
1487,28,2796,0,2798,7,4,2,2,25,10,10.41696827,58.50369157
1488,28,2797,0,2798,7,3,2,1,10,25,58.50369157,10.41696827
1489,28,2798,0,2799,7,2,1,2,18.7,10,17.28077201,39.44122196
1490,28,2799,0,2799,7,1,1,1,10,18.7,39.44122196,17.28077201
1491,29,2892,0,2896,7,8,4,2,18,20,40.89745253,33.85864809
1492,29,2893,0,2896,7,7,4,1,20,18,33.85864809,40.89745253
1493,29,2894,0,2897,7,6,3,2,26,12,12.24064964,61.51228071
1494,29,2895,0,2897,7,5,3,1,12,26,61.51228071,12.24064964
1495,29,2896,0,2898,7,4,2,2,10,28,68.21669505,4.867455106
1496,29,2897,0,2898,7,3,2,1,28,10,4.867455106,68.21669505
1497,29,2898,0,2899,7,2,1,2,12.5,16,32.70675177,23.86480638
1498,29,2899,0,2899,7,1,1,1,16,12.5,23.86480638,32.70675177
1499,2,182,1,191,8,18,9,2,18,12,17.012,35.258
1500,2,183,1,191,8,17,9,1,12,18,35.258,17.012
1501,2,184,1,192,8,16,8,2,14,16,32.676,26.594
1502,2,185,1,192,8,15,8,1,16,14,26.594,32.676
1503,2,186,1,193,8,14,7,2,20,18,31.642,42.26
1504,2,187,1,193,8,13,7,1,18,20,42.26,31.642
1505,2,188,1,194,8,12,6,2,26,14,-12.326,58.186
1506,2,189,1,194,8,11,6,1,14,26,58.186,-12.326
1507,2,190,1,195,8,10,5,2,14,14,27.706,27.706
1508,2,191,1,195,8,9,5,1,14,14,27.706,27.706
1509,2,192,1,196,8,8,4,2,16,28,66.928,-17.192
1510,2,193,1,196,8,7,4,1,28,16,-17.192,66.928
1511,2,194,1,197,8,6,3,2,20,12,10.792,39.656
1512,2,195,1,197,8,5,3,1,12,20,39.656,10.792
1513,2,196,1,198,8,4,2,2,28,28,41.272,41.272
1514,2,197,1,198,8,3,2,1,28,28,41.272,41.272
1515,2,198,1,199,8,2,1,2,13,28,60.832,-31.5605
1516,2,199,1,199,8,1,1,1,28,13,-31.5605,60.832
1517,5,484,0,492,8,16,8,2,6,26,60.10063984,2.257422085
1518,5,485,0,492,8,15,8,1,26,6,2.257422085,60.10063984
1519,5,486,0,493,8,14,7,2,28,2,-6.573543445,63.18654809
1520,5,487,0,493,8,13,7,1,2,28,63.18654809,-6.573543445
1521,5,488,0,494,8,12,6,2,18,12,21.92921146,38.02769412
1522,5,489,0,494,8,11,6,1,12,18,38.02769412,21.92921146
1523,5,490,0,495,8,10,5,2,24,18,27.84976347,51.47514211
1524,5,491,0,495,8,9,5,1,18,24,51.47514211,27.84976347
1525,5,492,0,496,8,8,4,2,1,18,26.67280789,0.609461846
1526,5,493,0,496,8,7,4,1,18,1,0.609461846,26.67280789
1527,5,494,0,497,8,6,3,2,14,16,32.74513075,27.37896987
1528,5,495,0,497,8,5,3,1,16,14,27.37896987,32.74513075
1529,5,496,0,498,8,4,2,2,12,22,49.4054644,18.39305108
1530,5,497,0,498,8,3,2,1,22,12,18.39305108,49.4054644
1531,5,498,0,499,8,2,1,2,22,20,35.8084872,43.68361342
1532,5,499,0,499,8,1,1,1,20,22,43.68361342,35.8084872
1533,7,686,1,693,8,14,7,2,14,18,37.69,23.258
1534,7,687,1,693,8,13,7,1,18,14,23.258,37.69
1535,7,688,1,694,8,12,6,2,14,6,8.266,9.914
1536,7,689,1,694,8,11,6,1,6,14,9.914,8.266
1537,7,690,1,695,8,10,5,2,14,16,32.676,26.594
1538,7,691,1,695,8,9,5,1,16,14,26.594,32.676
1539,7,692,1,696,8,8,4,2,26,26,41.914,41.914
1540,7,693,1,696,8,7,4,1,26,26,41.914,41.914
1541,7,694,1,697,8,6,3,2,15,9,14.3705,22.4105
1542,7,695,1,697,8,5,3,1,9,15,22.4105,14.3705
1543,7,696,1,698,8,4,2,2,1,2,-22.432,-17.8185
1544,7,697,1,698,8,3,2,1,2,1,-17.8185,-22.432
1545,7,698,1,699,8,2,1,2,12,18,35.258,17.012
1546,7,699,1,699,8,1,1,1,18,12,17.012,35.258
1547,8,786,0,793,8,14,7,2,18,16,31.04880898,37.25129164
1548,8,787,0,793,8,13,7,1,16,18,37.25129164,31.04880898
1549,8,788,0,794,8,12,6,2,12,10,17.45929164,21.15280898
1550,8,789,0,794,8,11,6,1,10,12,21.15280898,17.45929164
1551,8,790,0,795,8,10,5,2,10,10,16.09,16.09
1552,8,791,0,795,8,9,5,1,10,10,16.09,16.09
1553,8,792,0,796,8,8,4,2,14,12.5,24.04626105,27.52204555
1554,8,793,0,796,8,7,4,1,12.5,14,27.52204555,24.04626105
1555,8,794,0,797,8,6,3,2,0,16,18.07935851,-1.432918881
1556,8,795,0,797,8,5,3,1,16,0,-1.432918881,18.07935851
1557,8,796,0,798,8,4,2,2,14,16.2,33.25906821,27.31029354
1558,8,797,0,798,8,3,2,1,16.2,14,27.31029354,33.25906821
1559,8,798,0,799,8,2,1,2,28,16,15.36194984,65.12167245
1560,8,799,0,799,8,1,1,1,16,28,65.12167245,15.36194984
1561,11,1086,0,1093,8,14,7,2,2.2,3,-14.43377877,-14.50616513
1562,11,1087,0,1093,8,13,7,1,3,2.2,-14.50616513,-14.43377877
1563,11,1088,0,1094,8,12,6,2,4.1,9,5.490516182,1.000397784
1564,11,1089,0,1094,8,11,6,1,9,4.1,1.000397784,5.490516182
1565,11,1090,0,1095,8,10,5,2,0,12,5.465949842,-4.15032755
1566,11,1091,0,1095,8,9,5,1,12,0,-4.15032755,5.465949842
1567,11,1092,0,1096,8,8,4,2,0.1,0.6,-26.18940887,-25.99943484
1568,11,1093,0,1096,8,7,4,1,0.6,0.1,-25.99943484,-26.18940887
1569,11,1094,0,1097,8,6,3,2,14,16,32.74513075,27.37896987
1570,11,1095,0,1097,8,5,3,1,16,14,27.37896987,32.74513075
1571,11,1096,0,1098,8,4,2,2,22,10,14.49484582,49.20077647
1572,11,1097,0,1098,8,3,2,1,10,22,49.20077647,14.49484582
1573,11,1098,0,1099,8,2,1,2,18,24,51.47514211,27.84976347
1574,11,1099,0,1099,8,1,1,1,24,18,27.84976347,51.47514211
1575,12,1188,1,1194,8,12,6,2,20,12,10.792,39.656
1576,12,1189,1,1194,8,11,6,1,12,20,39.656,10.792
1577,12,1190,1,1195,8,10,5,2,25,25,41.9125,41.9125
1578,12,1191,1,1195,8,9,5,1,25,25,41.9125,41.9125
1579,12,1192,1,1196,8,8,4,2,18,26.5,63.292375,2.5025
1580,12,1193,1,1196,8,7,4,1,26.5,18,2.5025,63.292375
1581,12,1194,1,1197,8,6,3,2,10.8,18,32.73128,13.28552
1582,12,1195,1,1197,8,5,3,1,18,10.8,13.28552,32.73128
1583,12,1196,1,1198,8,4,2,2,24,10,-16.502,41.948
1584,12,1197,1,1198,8,3,2,1,10,24,41.948,-16.502
1585,12,1198,1,1199,8,2,1,2,28,15,-21.9925,65.452
1586,12,1199,1,1199,8,1,1,1,15,28,65.452,-21.9925
1587,16,1590,0,1595,8,10,5,2,15,22,48.48613328,24.5820993
1588,16,1591,0,1595,8,9,5,1,22,15,24.5820993,48.48613328
1589,16,1592,0,1596,8,8,4,2,10,28,68.21669505,4.867455106
1590,16,1593,0,1596,8,7,4,1,28,10,4.867455106,68.21669505
1591,16,1594,0,1597,8,6,3,2,8,18,36.18785552,13.53865996
1592,16,1595,0,1597,8,5,3,1,18,8,13.53865996,36.18785552
1593,16,1596,0,1598,8,4,2,2,10,8,11.20945253,14.06664809
1594,16,1597,0,1598,8,3,2,1,8,10,14.06664809,11.20945253
1595,16,1598,0,1599,8,2,1,2,18.6,9.5,16.30883073,38.91736234
1596,16,1599,0,1599,8,1,1,1,9.5,18.6,38.91736234,16.30883073
1597,18,1786,1,1793,8,14,7,2,12,24,48.584,-8.32
1598,18,1787,1,1793,8,13,7,1,24,12,-8.32,48.584
1599,18,1788,1,1794,8,12,6,2,13,14.5,28.583875,25.0855
1600,18,1789,1,1794,8,11,6,1,14.5,13,25.0855,28.583875
1601,18,1790,1,1795,8,10,5,2,24,24,41.696,41.696
1602,18,1791,1,1795,8,9,5,1,24,24,41.696,41.696
1603,18,1792,1,1796,8,8,4,2,2,15,-11.8265,-3.448
1604,18,1793,1,1796,8,7,4,1,15,2,-3.448,-11.8265
1605,18,1794,1,1797,8,6,3,2,28,14,-26.782,63.42
1606,18,1795,1,1797,8,5,3,1,14,28,63.42,-26.782
1607,18,1796,1,1798,8,4,2,2,10,14,23.258,17.898
1608,18,1797,1,1798,8,3,2,1,14,10,17.898,23.258
1609,18,1798,1,1799,8,2,1,2,11.1,10.7,18.842765,19.129285
1610,18,1799,1,1799,8,1,1,1,10.7,11.1,19.129285,18.842765
1611,22,2190,0,2195,8,10,5,2,3,6.1,-4.526229932,-6.07061833
1612,22,2191,0,2195,8,9,5,1,6.1,3,-6.07061833,-4.526229932
1613,22,2192,0,2196,8,8,4,2,13,16,32.76042353,25.02480286
1614,22,2193,0,2196,8,7,4,1,16,13,25.02480286,32.76042353
1615,22,2194,0,2197,8,6,3,2,16,3,3.989228563,23.9200226
1616,22,2195,0,2197,8,5,3,1,3,16,23.9200226,3.989228563
1617,22,2196,0,2198,8,4,2,2,27,18,21.62619179,59.88684575
1618,22,2197,0,2198,8,3,2,1,18,27,59.88684575,21.62619179
1619,22,2198,0,2199,8,2,1,2,24,0,-3.846824764,45.49331393
1620,22,2199,0,2199,8,1,1,1,0,24,45.49331393,-3.846824764
1621,23,2292,0,2296,8,8,4,2,16.3,12,22.63984911,33.412906
1622,23,2293,0,2296,8,7,4,1,12,16.3,33.412906,22.63984911
1623,23,2294,0,2297,8,6,3,2,1,1,-22.6235,-22.6235
1624,23,2295,0,2297,8,5,3,1,1,1,-22.6235,-22.6235
1625,23,2296,0,2298,8,4,2,2,8,18,36.18785552,13.53865996
1626,23,2297,0,2298,8,3,2,1,18,8,13.53865996,36.18785552
1627,23,2298,0,2299,8,2,1,2,15,3,3.700724461,20.84389783
1628,23,2299,0,2299,8,1,1,1,3,15,20.84389783,3.700724461
1629,24,2386,1,2393,8,14,7,2,14,12,22.78,26.594
1630,24,2387,1,2393,8,13,7,1,12,14,26.594,22.78
1631,24,2388,1,2394,8,12,6,2,16,18,37.898,29.548
1632,24,2389,1,2394,8,11,6,1,18,16,29.548,37.898
1633,24,2390,1,2395,8,10,5,2,11.8,10,18.00448,19.29382
1634,24,2391,1,2395,8,9,5,1,10,11.8,19.29382,18.00448
1635,24,2392,1,2396,8,8,4,2,16,14,26.594,32.676
1636,24,2393,1,2396,8,7,4,1,14,16,32.676,26.594
1637,24,2394,1,2397,8,6,3,2,19.7,18.9,35.536885,39.920165
1638,24,2395,1,2397,8,5,3,1,18.9,19.7,39.920165,35.536885
1639,24,2396,1,2398,8,4,2,2,16,26,61.034,-3.396
1640,24,2397,1,2398,8,3,2,1,26,16,-3.396,61.034
1641,24,2398,1,2399,8,2,1,2,10,13.9,23.076655,17.96122
1642,24,2399,1,2399,8,1,1,1,13.9,10,17.96122,23.076655
1643,25,2484,1,2492,8,16,8,2,17,15,28.1785,35.3945
1644,25,2485,1,2492,8,15,8,1,15,17,35.3945,28.1785
1645,25,2486,1,2493,8,14,7,2,14,15,30.1855,27.428
1646,25,2487,1,2493,8,13,7,1,15,14,27.428,30.1855
1647,25,2488,1,2494,8,12,6,2,23,18.6,23.51578,51.36602
1648,25,2489,1,2494,8,11,6,1,18.6,23,51.36602,23.51578
1649,25,2490,1,2495,8,10,5,2,22,18,25.178,48.682
1650,25,2491,1,2495,8,9,5,1,18,22,48.682,25.178
1651,25,2492,1,2496,8,8,4,2,14,20,42.748,17.698
1652,25,2493,1,2496,8,7,4,1,20,14,17.698,42.748
1653,25,2494,1,2497,8,6,3,2,20,20,38.68,38.68
1654,25,2495,1,2497,8,5,3,1,20,20,38.68,38.68
1655,25,2496,1,2498,8,4,2,2,16,28,66.928,-17.192
1656,25,2497,1,2498,8,3,2,1,28,16,-17.192,66.928
1657,25,2498,1,2499,8,2,1,2,18,15.5,27.971375,38.0545
1658,25,2499,1,2499,8,1,1,1,15.5,18,38.0545,27.971375
1659,26,2590,0,2595,8,10,5,2,14,14,27.706,27.706
1660,26,2591,0,2595,8,9,5,1,14,14,27.706,27.706
1661,26,2592,0,2596,8,8,4,2,4,5,-5.257619531,-5.745355314
1662,26,2593,0,2596,8,7,4,1,5,4,-5.745355314,-5.257619531
1663,26,2594,0,2597,8,6,3,2,0,21,34.87134032,-1.715247054
1664,26,2595,0,2597,8,5,3,1,21,0,-1.715247054,34.87134032
1665,26,2596,0,2598,8,4,2,2,11,16,32.30046388,20.45316499
1666,26,2597,0,2598,8,3,2,1,16,11,20.45316499,32.30046388
1667,26,2598,0,2599,8,2,1,2,18,18,35.882,35.882
1668,26,2599,0,2599,8,1,1,1,18,18,35.882,35.882
1669,27,2686,1,2693,8,14,7,2,19,13,17.4625,39.1105
1670,27,2687,1,2693,8,13,7,1,13,19,39.1105,17.4625
1671,27,2688,1,2694,8,12,6,2,14,14.8,29.68872,27.52808
1672,27,2689,1,2694,8,11,6,1,14.8,14,27.52808,29.68872
1673,27,2690,1,2695,8,10,5,2,16,18,37.898,29.548
1674,27,2691,1,2695,8,9,5,1,18,16,29.548,37.898
1675,27,2692,1,2696,8,8,4,2,12,22,44.098,2.348
1676,27,2693,1,2696,8,7,4,1,22,12,2.348,44.098
1677,27,2694,1,2697,8,6,3,2,10,14,23.258,17.898
1678,27,2695,1,2697,8,5,3,1,14,10,17.898,23.258
1679,27,2696,1,2698,8,4,2,2,20,20,38.68,38.68
1680,27,2697,1,2698,8,3,2,1,20,20,38.68,38.68
1681,27,2698,1,2699,8,2,1,2,12,13,24.4555,22.832
1682,27,2699,1,2699,8,1,1,1,13,12,22.832,24.4555
1683,28,2778,0,2789,8,22,11,2,15,12,22.86442353,29.97280286
1684,28,2779,0,2789,8,21,11,1,12,15,29.97280286,22.86442353
1685,28,2780,0,2790,8,20,10,2,14,14,27.706,27.706
1686,28,2781,0,2790,8,19,10,1,14,14,27.706,27.706
1687,28,2782,0,2791,8,18,9,2,18,20,40.89745253,33.85864809
1688,28,2783,0,2791,8,17,9,1,20,18,33.85864809,40.89745253
1689,28,2784,0,2792,8,16,8,2,10.5,25.5,60.12161823,10.4667916
1690,28,2785,0,2792,8,15,8,1,25.5,10.5,10.4667916,60.12161823
1691,28,2786,0,2793,8,14,7,2,21.9,17.5,30.19987973,46.32921726
1692,28,2787,0,2793,8,13,7,1,17.5,21.9,46.32921726,30.19987973
1693,28,2788,0,2794,8,12,6,2,20,9,14.41805065,42.78199309
1694,28,2789,0,2794,8,11,6,1,9,20,42.78199309,14.41805065
1695,28,2790,0,2795,8,10,5,2,1,13,10.80693251,-1.318310213
1696,28,2791,0,2795,8,9,5,1,13,1,-1.318310213,10.80693251
1697,28,2792,0,2796,8,8,4,2,9.5,14,26.05040995,17.03434944
1698,28,2793,0,2796,8,7,4,1,14,9.5,17.03434944,26.05040995
1699,28,2794,0,2797,8,6,3,2,17,12,22.40446388,35.29716499
1700,28,2795,0,2797,8,5,3,1,12,17,35.29716499,22.40446388
1701,28,2796,0,2798,8,4,2,2,25,28,49.44187152,34.17935487
1702,28,2797,0,2798,8,3,2,1,28,25,34.17935487,49.44187152
1703,28,2798,0,2799,8,2,1,2,15,18,37.69066486,28.70056153
1704,28,2799,0,2799,8,1,1,1,18,15,28.70056153,37.69066486
1705,29,2892,0,2896,8,8,4,2,8,19,39.15805065,13.09399309
1706,29,2893,0,2896,8,7,4,1,19,8,13.09399309,39.15805065
1707,29,2894,0,2897,8,6,3,2,12,26,61.51228071,12.24064964
1708,29,2895,0,2897,8,5,3,1,26,12,12.24064964,61.51228071
1709,29,2896,0,2898,8,4,2,2,12,28,67.83908112,8.183358512
1710,29,2897,0,2898,8,3,2,1,28,12,8.183358512,67.83908112
1711,29,2898,0,2899,8,2,1,2,10.5,14,26.70447021,19.32608793
1712,29,2899,0,2899,8,1,1,1,14,10.5,19.32608793,26.70447021
1713,2,182,1,191,9,18,9,2,20,10,3.93,34.34
1714,2,183,1,191,9,17,9,1,10,20,34.34,3.93
1715,2,184,1,192,9,16,8,2,16,14,26.594,32.676
1716,2,185,1,192,9,15,8,1,14,16,32.676,26.594
1717,2,186,1,193,9,14,7,2,21,20,36.056,42.2155
1718,2,187,1,193,9,13,7,1,20,21,42.2155,36.056
1719,2,188,1,194,9,12,6,2,8,14,17.698,13.06
1720,2,189,1,194,9,11,6,1,14,8,13.06,17.698
1721,2,190,1,195,9,10,5,2,16,16,32.224,32.224
1722,2,191,1,195,9,9,5,1,16,16,32.224,32.224
1723,2,192,1,196,9,8,4,2,18,14,23.258,37.69
1724,2,193,1,196,9,7,4,1,14,18,37.69,23.258
1725,2,194,1,197,9,6,3,2,18,18,35.882,35.882
1726,2,195,1,197,9,5,3,1,18,18,35.882,35.882
1727,2,196,1,198,9,4,2,2,28,20,2.12,67.272
1728,2,197,1,198,9,3,2,1,20,28,67.272,2.12
1729,2,198,1,199,9,2,1,2,12,7,11.8555,11.468
1730,2,199,1,199,9,1,1,1,7,12,11.468,11.8555
1731,5,484,0,492,9,16,8,2,6,10,11.38923591,6.511166564
1732,5,485,0,492,9,15,8,1,10,6,6.511166564,11.38923591
1733,5,486,0,493,9,14,7,2,20,2,1.849247062,35.0909031
1734,5,487,0,493,9,13,7,1,2,20,35.0909031,1.849247062
1735,5,488,0,494,9,12,6,2,20,12,20.4881614,43.6254485
1736,5,489,0,494,9,11,6,1,12,20,43.6254485,20.4881614
1737,5,490,0,495,9,10,5,2,24,16,23.5988743,53.42673561
1738,5,491,0,495,9,9,5,1,16,24,53.42673561,23.5988743
1739,5,492,0,496,9,8,4,2,2,0,-22.38990392,-22.87799546
1740,5,493,0,496,9,7,4,1,0,2,-22.87799546,-22.38990392
1741,5,494,0,497,9,6,3,2,16,16,32.224,32.224
1742,5,495,0,497,9,5,3,1,16,16,32.224,32.224
1743,5,496,0,498,9,4,2,2,13,22,49.26253576,20.41050178
1744,5,497,0,498,9,3,2,1,22,13,20.41050178,49.26253576
1745,5,498,0,499,9,2,1,2,6,22,46.82921982,7.245219815
1746,5,499,0,499,9,1,1,1,22,6,7.245219815,46.82921982
1747,7,686,1,693,9,14,7,2,14,12,22.78,26.594
1748,7,687,1,693,9,13,7,1,12,14,26.594,22.78
1749,7,688,1,694,9,12,6,2,14,0,-5.852,-26.782
1750,7,689,1,694,9,11,6,1,0,14,-26.782,-5.852
1751,7,690,1,695,9,10,5,2,18,14,23.258,37.69
1752,7,691,1,695,9,9,5,1,14,18,37.69,23.258
1753,7,692,1,696,9,8,4,2,26,26,41.914,41.914
1754,7,693,1,696,9,7,4,1,26,26,41.914,41.914
1755,7,694,1,697,9,6,3,2,18.5,15,25.2985,39.414875
1756,7,695,1,697,9,5,3,1,15,18.5,39.414875,25.2985
1757,7,696,1,698,9,4,2,2,1,2,-22.432,-17.8185
1758,7,697,1,698,9,3,2,1,2,1,-17.8185,-22.432
1759,7,698,1,699,9,2,1,2,13,16,32.068,23.7955
1760,7,699,1,699,9,1,1,1,16,13,23.7955,32.068
1761,8,786,0,793,9,14,7,2,16,16,32.224,32.224
1762,8,787,0,793,9,13,7,1,16,16,32.224,32.224
1763,8,788,0,794,9,12,6,2,10,10,16.09,16.09
1764,8,789,0,794,9,11,6,1,10,10,16.09,16.09
1765,8,790,0,795,9,10,5,2,15.7,10,18.26821479,30.99949249
1766,8,791,0,795,9,9,5,1,10,15.7,30.99949249,18.26821479
1767,8,792,0,796,9,8,4,2,5,15,24.01714886,7.640366617
1768,8,793,0,796,9,7,4,1,15,5,7.640366617,24.01714886
1769,8,794,0,797,9,6,3,2,22,14,22.47351785,48.95609206
1770,8,795,0,797,9,5,3,1,14,22,48.95609206,22.47351785
1771,8,796,0,798,9,4,2,2,16,9.6,17.36146407,31.58932627
1772,8,797,0,798,9,3,2,1,9.6,16,31.58932627,17.36146407
1773,8,798,0,799,9,2,1,2,20,18,33.85864809,40.89745253
1774,8,799,0,799,9,1,1,1,18,20,40.89745253,33.85864809
1775,11,1086,0,1093,9,14,7,2,4.9,1.2,-12.65103572,-11.96812991
1776,11,1087,0,1093,9,13,7,1,1.2,4.9,-11.96812991,-12.65103572
1777,11,1088,0,1094,9,12,6,2,5,20,39.36817492,6.962484909
1778,11,1089,0,1094,9,11,6,1,20,5,6.962484909,39.36817492
1779,11,1090,0,1095,9,10,5,2,26,12,12.24064964,61.51228071
1780,11,1091,0,1095,9,9,5,1,12,26,61.51228071,12.24064964
1781,11,1092,0,1096,9,8,4,2,6,0.2,-12.68612407,-11.55498973
1782,11,1093,0,1096,9,7,4,1,0.2,6,-11.55498973,-12.68612407
1783,11,1094,0,1097,9,6,3,2,18,22,46.09516656,31.18123591
1784,11,1095,0,1097,9,5,3,1,22,18,31.18123591,46.09516656
1785,11,1096,0,1098,9,4,2,2,8,12,19.32355769,12.77284479
1786,11,1097,0,1098,9,3,2,1,12,8,12.77284479,19.32355769
1787,11,1098,0,1099,9,2,1,2,24,14,19.53024664,54.72426884
1788,11,1099,0,1099,9,1,1,1,14,24,54.72426884,19.53024664
1789,12,1188,1,1194,9,12,6,2,8,14,17.698,13.06
1790,12,1189,1,1194,9,11,6,1,14,8,13.06,17.698
1791,12,1190,1,1195,9,10,5,2,25,25,41.9125,41.9125
1792,12,1191,1,1195,9,9,5,1,25,25,41.9125,41.9125
1793,12,1192,1,1196,9,8,4,2,18.5,26.5,63.142125,4.794125
1794,12,1193,1,1196,9,7,4,1,26.5,18.5,4.794125,63.142125
1795,12,1194,1,1197,9,6,3,2,16,16.3,33.072295,31.96438
1796,12,1195,1,1197,9,5,3,1,16.3,16,31.96438,33.072295
1797,12,1196,1,1198,9,4,2,2,20,10.4,5.29888,35.58112
1798,12,1197,1,1198,9,3,2,1,10.4,20,35.58112,5.29888
1799,12,1198,1,1199,9,2,1,2,18,16,29.548,37.898
1800,12,1199,1,1199,9,1,1,1,16,18,37.898,29.548
1801,16,1590,0,1595,9,10,5,2,15,10,18.2868661,29.08876277
1802,16,1591,0,1595,9,9,5,1,10,15,29.08876277,18.2868661
1803,16,1592,0,1596,9,8,4,2,28,10,4.867455106,68.21669505
1804,16,1593,0,1596,9,7,4,1,10,28,68.21669505,4.867455106
1805,16,1594,0,1597,9,6,3,2,2,13,12.899396,0.634647733
1806,16,1595,0,1597,9,5,3,1,13,2,0.634647733,12.899396
1807,16,1596,0,1598,9,4,2,2,8.5,20,42.4983415,13.44623522
1808,16,1597,0,1598,9,3,2,1,20,8.5,13.44623522,42.4983415
1809,16,1598,0,1599,9,2,1,2,2.3,9.2,2.438751678,-2.729944057
1810,16,1599,0,1599,9,1,1,1,9.2,2.3,-2.729944057,2.438751678
1811,18,1786,1,1793,9,14,7,2,10,22,38.122,-5.174
1812,18,1787,1,1793,9,13,7,1,22,10,-5.174,38.122
1813,18,1788,1,1794,9,12,6,2,16,10,15.466,26.908
1814,18,1789,1,1794,9,11,6,1,10,16,26.908,15.466
1815,18,1790,1,1795,9,10,5,2,22,28,64.108,11.842
1816,18,1791,1,1795,9,9,5,1,28,22,11.842,64.108
1817,18,1792,1,1796,9,8,4,2,6,10,5.386,9.098
1818,18,1793,1,1796,9,7,4,1,10,6,9.098,5.386
1819,18,1794,1,1797,9,6,3,2,28,13,-31.5605,60.832
1820,18,1795,1,1797,9,5,3,1,13,28,60.832,-31.5605
1821,18,1796,1,1798,9,4,2,2,8,16,20.688,9.968
1822,18,1797,1,1798,9,3,2,1,16,8,9.968,20.688
1823,18,1798,1,1799,9,2,1,2,0.9,13.9,-20.032775,-3.546175
1824,18,1799,1,1799,9,1,1,1,13.9,0.9,-3.546175,-20.032775
1825,22,2190,0,2195,9,10,5,2,8.3,6.1,4.741877594,7.056834155
1826,22,2191,0,2195,9,9,5,1,6.1,8.3,7.056834155,4.741877594
1827,22,2192,0,2196,9,8,4,2,12,13,24.83070224,22.67032291
1828,22,2193,0,2196,9,7,4,1,13,12,22.67032291,24.83070224
1829,22,2194,0,2197,9,6,3,2,3,0.1,-19.59291451,-19.96716394
1830,22,2195,0,2197,9,5,3,1,0.1,3,-19.96716394,-19.59291451
1831,22,2196,0,2198,9,4,2,2,17,20,41.76090619,31.5163202
1832,22,2197,0,2198,9,3,2,1,20,17,31.5163202,41.76090619
1833,22,2198,0,2199,9,2,1,2,18,10,17.64280495,37.43480495
1834,22,2199,0,2199,9,1,1,1,10,18,37.43480495,17.64280495
1835,23,2292,0,2296,9,8,4,2,10,16.5,33.21052281,18.14878998
1836,23,2293,0,2296,9,7,4,1,16.5,10,18.14878998,33.21052281
1837,23,2294,0,2297,9,6,3,2,4,1,-15.08974915,-14.88102446
1838,23,2295,0,2297,9,5,3,1,1,4,-14.88102446,-15.08974915
1839,23,2296,0,2298,9,4,2,2,16,10,18.23569412,31.82521146
1840,23,2297,0,2298,9,3,2,1,10,16,31.82521146,18.23569412
1841,23,2298,0,2299,9,2,1,2,10,4,1.995142107,8.057763466
1842,23,2299,0,2299,9,1,1,1,4,10,8.057763466,1.995142107
1843,24,2386,1,2393,9,14,7,2,16,15,29.4035,32.728
1844,24,2387,1,2393,9,13,7,1,15,16,32.728,29.4035
1845,24,2388,1,2394,9,12,6,2,16,15,29.4035,32.728
1846,24,2389,1,2394,9,11,6,1,15,16,32.728,29.4035
1847,24,2390,1,2395,9,10,5,2,12,10,18.106,19.652
1848,24,2391,1,2395,9,9,5,1,10,12,19.652,18.106
1849,24,2392,1,2396,9,8,4,2,15,20,43.46,21.1675
1850,24,2393,1,2396,9,7,4,1,20,15,21.1675,43.46
1851,24,2394,1,2397,9,6,3,2,18,19.9,41.940055,31.90682
1852,24,2395,1,2397,9,5,3,1,19.9,18,31.90682,41.940055
1853,24,2396,1,2398,9,4,2,2,14,20,42.748,17.698
1854,24,2397,1,2398,9,3,2,1,20,14,17.698,42.748
1855,24,2398,1,2399,9,2,1,2,26,8.9,-34.898345,40.85722
1856,24,2399,1,2399,9,1,1,1,8.9,26,40.85722,-34.898345
1857,25,2484,1,2492,9,16,8,2,17,17,34.1605,34.1605
1858,25,2485,1,2492,9,15,8,1,17,17,34.1605,34.1605
1859,25,2486,1,2493,9,14,7,2,16,15,29.4035,32.728
1860,25,2487,1,2493,9,13,7,1,15,16,32.728,29.4035
1861,25,2488,1,2494,9,12,6,2,16,19.9,43.329055,24.94582
1862,25,2489,1,2494,9,11,6,1,19.9,16,24.94582,43.329055
1863,25,2490,1,2495,9,10,5,2,16,18,37.898,29.548
1864,25,2491,1,2495,9,9,5,1,18,16,29.548,37.898
1865,25,2492,1,2496,9,8,4,2,20,23,49.3195,29.14
1866,25,2493,1,2496,9,7,4,1,23,20,29.14,49.3195
1867,25,2494,1,2497,9,6,3,2,20,20,38.68,38.68
1868,25,2495,1,2497,9,5,3,1,20,20,38.68,38.68
1869,25,2496,1,2498,9,4,2,2,28,18,-7.558,68.212
1870,25,2497,1,2498,9,3,2,1,18,28,68.212,-7.558
1871,25,2498,1,2499,9,2,1,2,16.5,18,37.6025,31.127375
1872,25,2499,1,2499,9,1,1,1,18,16.5,31.127375,37.6025
1873,26,2590,0,2595,9,10,5,2,10,18.1,37.72006899,17.59599141
1874,26,2591,0,2595,9,9,5,1,18.1,10,17.59599141,37.72006899
1875,26,2592,0,2596,9,8,4,2,4,10,8.057763466,1.995142107
1876,26,2593,0,2596,9,7,4,1,10,4,1.995142107,8.057763466
1877,26,2594,0,2597,9,6,3,2,8,0,-9.483977293,-6.418412799
1878,26,2595,0,2597,9,5,3,1,0,8,-6.418412799,-9.483977293
1879,26,2596,0,2598,9,4,2,2,16,16,32.224,32.224
1880,26,2597,0,2598,9,3,2,1,16,16,32.224,32.224
1881,26,2598,0,2599,9,2,1,2,5,20,39.36817492,6.962484909
1882,26,2599,0,2599,9,1,1,1,20,5,6.962484909,39.36817492
1883,27,2686,1,2693,9,14,7,2,16,20,43.616,24.648
1884,27,2687,1,2693,9,13,7,1,20,16,24.648,43.616
1885,27,2688,1,2694,9,12,6,2,16,18.5,39.323375,28.5315
1886,27,2689,1,2694,9,11,6,1,18.5,16,28.5315,39.323375
1887,27,2690,1,2695,9,10,5,2,8,18,23.722,4.652
1888,27,2691,1,2695,9,9,5,1,18,8,4.652,23.722
1889,27,2692,1,2696,9,8,4,2,20,10,3.93,34.34
1890,27,2693,1,2696,9,7,4,1,10,20,34.34,3.93
1891,27,2694,1,2697,9,6,3,2,13,14,27.428,25.2375
1892,27,2695,1,2697,9,5,3,1,14,13,25.2375,27.428
1893,27,2696,1,2698,9,4,2,2,14,20,42.748,17.698
1894,27,2697,1,2698,9,3,2,1,20,14,17.698,42.748
1895,27,2698,1,2699,9,2,1,2,6.7,13,11.62738,10.865395
1896,27,2699,1,2699,9,1,1,1,13,6.7,10.865395,11.62738
1897,28,2778,0,2789,9,22,11,2,11,14,26.9701822,20.4890442
1898,28,2779,0,2789,9,21,11,1,14,11,20.4890442,26.9701822
1899,28,2780,0,2790,9,20,10,2,13,15,30.16955031,25.22155031
1900,28,2781,0,2790,9,19,10,1,15,13,25.22155031,30.16955031
1901,28,2782,0,2791,9,18,9,2,14,14,27.706,27.706
1902,28,2783,0,2791,9,17,9,1,14,14,27.706,27.706
1903,28,2784,0,2792,9,16,8,2,10.5,25.5,60.12161823,10.4667916
1904,28,2785,0,2792,9,15,8,1,25.5,10.5,10.4667916,60.12161823
1905,28,2786,0,2793,9,14,7,2,19.5,11.8,20.48745719,42.19362423
1906,28,2787,0,2793,9,13,7,1,11.8,19.5,42.19362423,20.48745719
1907,28,2788,0,2794,9,12,6,2,15,3,3.700724461,20.84389783
1908,28,2789,0,2794,9,11,6,1,3,15,20.84389783,3.700724461
1909,28,2790,0,2795,9,10,5,2,11,4.6,4.359251176,11.89653916
1910,28,2791,0,2795,9,9,5,1,4.6,11,11.89653916,4.359251176
1911,28,2792,0,2796,9,8,4,2,12,18,38.02769412,21.92921146
1912,28,2793,0,2796,9,7,4,1,18,12,21.92921146,38.02769412
1913,28,2794,0,2797,9,6,3,2,14,14,27.706,27.706
1914,28,2795,0,2797,9,5,3,1,14,14,27.706,27.706
1915,28,2796,0,2798,9,4,2,2,10,18,37.43480495,17.64280495
1916,28,2797,0,2798,9,3,2,1,18,10,17.64280495,37.43480495
1917,28,2798,0,2799,9,2,1,2,15.5,20,42.74949594,28.08826345
1918,28,2799,0,2799,9,1,1,1,20,15.5,28.08826345,42.74949594
1919,29,2892,0,2896,9,8,4,2,14,0,-2.464593081,11.68152342
1920,29,2893,0,2896,9,7,4,1,0,14,11.68152342,-2.464593081
1921,29,2894,0,2897,9,6,3,2,26,12,12.24064964,61.51228071
1922,29,2895,0,2897,9,5,3,1,12,26,61.51228071,12.24064964
1923,29,2896,0,2898,9,4,2,2,12,0,-4.15032755,5.465949842
1924,29,2897,0,2898,9,3,2,1,0,12,5.465949842,-4.15032755
1925,29,2898,0,2899,9,2,1,2,16,12,22.71620124,32.61220124
1926,29,2899,0,2899,9,1,1,1,12,16,32.61220124,22.71620124
1927,2,182,1,191,10,18,9,2,10,8,12.572,11.85
1928,2,183,1,191,10,17,9,1,8,10,11.85,12.572
1929,2,184,1,192,10,16,8,2,16,20,43.616,24.648
1930,2,185,1,192,10,15,8,1,20,16,24.648,43.616
1931,2,186,1,193,10,14,7,2,20,22,45.762,32.876
1932,2,187,1,193,10,13,7,1,22,20,32.876,45.762
1933,2,188,1,194,10,12,6,2,20,14,17.698,42.748
1934,2,189,1,194,10,11,6,1,14,20,42.748,17.698
1935,2,190,1,195,10,10,5,2,18,18,35.882,35.882
1936,2,191,1,195,10,9,5,1,18,18,35.882,35.882
1937,2,192,1,196,10,8,4,2,16,10,15.466,26.908
1938,2,193,1,196,10,7,4,1,10,16,26.908,15.466
1939,2,194,1,197,10,6,3,2,18,28,68.212,-7.558
1940,2,195,1,197,10,5,3,1,28,18,-7.558,68.212
1941,2,196,1,198,10,4,2,2,16,10,15.466,26.908
1942,2,197,1,198,10,3,2,1,10,16,26.908,15.466
1943,2,198,1,199,10,2,1,2,13,6,9.308,8.7655
1944,2,199,1,199,10,1,1,1,6,13,8.7655,9.308
1945,5,484,0,492,10,16,8,2,24,10,11.93977585,55.35715449
1946,5,485,0,492,10,15,8,1,10,24,55.35715449,11.93977585
1947,5,486,0,493,10,14,7,2,18,2,2.319794018,28.52264561
1948,5,487,0,493,10,13,7,1,2,18,28.52264561,2.319794018
1949,5,488,0,494,10,12,6,2,22,12,18.39305108,49.4054644
1950,5,489,0,494,10,11,6,1,12,22,49.4054644,18.39305108
1951,5,490,0,495,10,10,5,2,12,14,27.37896987,22.84913075
1952,5,491,0,495,10,9,5,1,14,12,22.84913075,27.37896987
1953,5,492,0,496,10,8,4,2,0,4,-17.57372941,-17.43386811
1954,5,493,0,496,10,7,4,1,4,0,-17.43386811,-17.57372941
1955,5,494,0,497,10,6,3,2,18,0,-1.055304949,24.65945511
1956,5,495,0,497,10,5,3,1,0,18,24.65945511,-1.055304949
1957,5,496,0,498,10,4,2,2,11,0.2,-4.84122404,2.910198096
1958,5,497,0,498,10,3,2,1,0.2,11,2.910198096,-4.84122404
1959,5,498,0,499,10,2,1,2,24,22,36.89832632,45.6097743
1960,5,499,0,499,10,1,1,1,22,24,45.6097743,36.89832632
1961,7,686,1,693,10,14,7,2,12,16,30.904,21.008
1962,7,687,1,693,10,13,7,1,16,12,21.008,30.904
1963,7,688,1,694,10,12,6,2,10,0,-1.06,-27.35
1964,7,689,1,694,10,11,6,1,0,10,-27.35,-1.06
1965,7,690,1,695,10,10,5,2,10,18,30.602,10.81
1966,7,691,1,695,10,9,5,1,18,10,10.81,30.602
1967,7,692,1,696,10,8,4,2,26,26,41.914,41.914
1968,7,693,1,696,10,7,4,1,26,26,41.914,41.914
1969,7,694,1,697,10,6,3,2,11.5,15,28.0355,20.864875
1970,7,695,1,697,10,5,3,1,15,11.5,20.864875,28.0355
1971,7,696,1,698,10,4,2,2,1,1,-22.6235,-22.6235
1972,7,697,1,698,10,3,2,1,1,1,-22.6235,-22.6235
1973,7,698,1,699,10,2,1,2,14,15,30.1855,27.428
1974,7,699,1,699,10,1,1,1,15,14,27.428,30.1855
1975,8,786,0,793,10,14,7,2,14,17,35.3330442,26.9701822
1976,8,787,0,793,10,13,7,1,17,14,26.9701822,35.3330442
1977,8,788,0,794,10,12,6,2,2,10,4.072230751,-2.338620844
1978,8,789,0,794,10,11,6,1,10,2,-2.338620844,4.072230751
1979,8,790,0,795,10,10,5,2,22,10.6,15.64516994,49.33085918
1980,8,791,0,795,10,9,5,1,10.6,22,49.33085918,15.64516994
1981,8,792,0,796,10,8,4,2,20,10,16.39585552,43.22665996
1982,8,793,0,796,10,7,4,1,10,20,43.22665996,16.39585552
1983,8,794,0,797,10,6,3,2,14,18,37.96652301,26.39787946
1984,8,795,0,797,10,5,3,1,18,14,26.39787946,37.96652301
1985,8,796,0,798,10,4,2,2,14,18.2,38.49868662,26.26379711
1986,8,797,0,798,10,3,2,1,18.2,14,26.26379711,38.49868662
1987,8,798,0,799,10,2,1,2,22,20,35.8084872,43.68361342
1988,8,799,0,799,10,1,1,1,20,22,43.68361342,35.8084872
1989,11,1086,0,1093,10,14,7,2,12,2.2,0.21283774,10.32001813
1990,11,1087,0,1093,10,13,7,1,2.2,12,10.32001813,0.21283774
1991,11,1088,0,1094,10,12,6,2,6,16,28.28905108,9.821464398
1992,11,1089,0,1094,10,11,6,1,16,6,9.821464398,28.28905108
1993,11,1090,0,1095,10,10,5,2,12,10,17.45929164,21.15280898
1994,11,1091,0,1095,10,9,5,1,10,12,21.15280898,17.45929164
1995,11,1092,0,1096,10,8,4,2,0.1,0.8,-25.68091284,-25.42958483
1996,11,1093,0,1096,10,7,4,1,0.8,0.1,-25.42958483,-25.68091284
1997,11,1094,0,1097,10,6,3,2,8,12,19.32355769,12.77284479
1998,11,1095,0,1097,10,5,3,1,12,8,12.77284479,19.32355769
1999,11,1096,0,1098,10,4,2,2,4,5,-5.257619531,-5.745355314
2000,11,1097,0,1098,10,3,2,1,5,4,-5.745355314,-5.257619531
2001,11,1098,0,1099,10,2,1,2,20,0,-1.331751285,31.42181321
2002,11,1099,0,1099,10,1,1,1,0,20,31.42181321,-1.331751285
2003,12,1188,1,1194,10,12,6,2,8,12,14.752,13.928
2004,12,1189,1,1194,10,11,6,1,12,8,13.928,14.752
2005,12,1190,1,1195,10,10,5,2,25,25,41.9125,41.9125
2006,12,1191,1,1195,10,9,5,1,25,25,41.9125,41.9125
2007,12,1192,1,1196,10,8,4,2,26,26.5,44.208375,39.4985
2008,12,1193,1,1196,10,7,4,1,26.5,26,39.4985,44.208375
2009,12,1194,1,1197,10,6,3,2,18,19,39.0655,34.04
2010,12,1195,1,1197,10,5,3,1,19,18,34.04,39.0655
2011,12,1196,1,1198,10,4,2,2,18,10.2,11.42822,31.16768
2012,12,1197,1,1198,10,3,2,1,10.2,18,31.16768,11.42822
2013,12,1198,1,1199,10,2,1,2,10,18,30.602,10.81
2014,12,1199,1,1199,10,1,1,1,18,10,10.81,30.602
2015,16,1590,0,1595,10,10,5,2,16,7,11.85667376,29.41836378
2016,16,1591,0,1595,10,9,5,1,7,16,29.41836378,11.85667376
2017,16,1592,0,1596,10,8,4,2,10.5,28,68.18360972,5.679343941
2018,16,1593,0,1596,10,7,4,1,28,10.5,5.679343941,68.18360972
2019,16,1594,0,1597,10,6,3,2,2,12,9.911442206,-0.192926726
2020,16,1595,0,1597,10,5,3,1,12,2,-0.192926726,9.911442206
2021,16,1596,0,1598,10,4,2,2,18,20,40.89745253,33.85864809
2022,16,1597,0,1598,10,3,2,1,20,18,33.85864809,40.89745253
2023,16,1598,0,1599,10,2,1,2,1.5,7,-5.516213934,-7.911275133
2024,16,1599,0,1599,10,1,1,1,7,1.5,-7.911275133,-5.516213934
2025,18,1786,1,1793,10,14,7,2,16,14,26.594,32.676
2026,18,1787,1,1793,10,13,7,1,14,16,32.676,26.594
2027,18,1788,1,1794,10,12,6,2,13.5,11.5,21.692125,24.939125
2028,18,1789,1,1794,10,11,6,1,11.5,13.5,24.939125,21.692125
2029,18,1790,1,1795,10,10,5,2,22,8,-12.652,29.922
2030,18,1791,1,1795,10,9,5,1,8,22,29.922,-12.652
2031,18,1792,1,1796,10,8,4,2,3,12.5,-6.908125,3.2545
2032,18,1793,1,1796,10,7,4,1,12.5,3,3.2545,-6.908125
2033,18,1794,1,1797,10,6,3,2,28,18,-7.558,68.212
2034,18,1795,1,1797,10,5,3,1,18,28,68.212,-7.558
2035,18,1796,1,1798,10,4,2,2,12,18,35.258,17.012
2036,18,1797,1,1798,10,3,2,1,18,12,17.012,35.258
2037,18,1798,1,1799,10,2,1,2,22.4,16,15.83232,50.53568
2038,18,1799,1,1799,10,1,1,1,16,22.4,50.53568,15.83232
2039,22,2190,0,2195,10,10,5,2,16.3,6.6,11.0393808,29.86557602
2040,22,2191,0,2195,10,9,5,1,6.6,16.3,29.86557602,11.0393808
2041,22,2192,0,2196,10,8,4,2,14,10,18.17452301,26.39787946
2042,22,2193,0,2196,10,7,4,1,10,14,26.39787946,18.17452301
2043,22,2194,0,2197,10,6,3,2,1,3,-17.50741502,-17.43748436
2044,22,2195,0,2197,10,5,3,1,3,1,-17.43748436,-17.50741502
2045,22,2196,0,2198,10,4,2,2,2,22,41.84142208,0.724639838
2046,22,2197,0,2198,10,3,2,1,22,2,0.724639838,41.84142208
2047,22,2198,0,2199,10,2,1,2,12,12,22.328,22.328
2048,22,2199,0,2199,10,1,1,1,12,12,22.328,22.328
2049,23,2292,0,2296,10,8,4,2,10,14.7,28.27671341,18.27033226
2050,23,2293,0,2296,10,7,4,1,14.7,10,18.27033226,28.27671341
2051,23,2294,0,2297,10,6,3,2,2,1,-19.94873465,-20.0882402
2052,23,2295,0,2297,10,5,3,1,1,2,-20.0882402,-19.94873465
2053,23,2296,0,2298,10,4,2,2,16,20,42.46084479,29.21955769
2054,23,2297,0,2298,10,3,2,1,20,16,29.21955769,42.46084479
2055,23,2298,0,2299,10,2,1,2,22,1,-0.791591715,40.18568498
2056,23,2299,0,2299,10,1,1,1,1,22,40.18568498,-0.791591715
2057,24,2386,1,2393,10,14,7,2,18,18,35.882,35.882
2058,24,2387,1,2393,10,13,7,1,18,18,35.882,35.882
2059,24,2388,1,2394,10,12,6,2,16,20,43.616,24.648
2060,24,2389,1,2394,10,11,6,1,20,16,24.648,43.616
2061,24,2390,1,2395,10,10,5,2,11.9,11,20.14702,21.072355
2062,24,2391,1,2395,10,9,5,1,11,11.9,21.072355,20.14702
2063,24,2392,1,2396,10,8,4,2,18,27,64.9295,-0.712
2064,24,2393,1,2396,10,7,4,1,27,18,-0.712,64.9295
2065,24,2394,1,2397,10,6,3,2,28,17.9,-8.040745,68.20062
2066,24,2395,1,2397,10,5,3,1,17.9,28,68.20062,-8.040745
2067,24,2396,1,2398,10,4,2,2,28,14,-26.782,63.42
2068,24,2397,1,2398,10,3,2,1,14,28,63.42,-26.782
2069,24,2398,1,2399,10,2,1,2,14,14,27.706,27.706
2070,24,2399,1,2399,10,1,1,1,14,14,27.706,27.706
2071,25,2484,1,2492,10,16,8,2,17,17,34.1605,34.1605
2072,25,2485,1,2492,10,15,8,1,17,17,34.1605,34.1605
2073,25,2486,1,2493,10,14,7,2,17,15.5,29.669875,35.2945
2074,25,2487,1,2493,10,13,7,1,15.5,17,35.2945,29.669875
2075,25,2488,1,2494,10,12,6,2,25.5,18.2,9.39782,59.949955
2076,25,2489,1,2494,10,11,6,1,18.2,25.5,59.949955,9.39782
2077,25,2490,1,2495,10,10,5,2,16,15,29.4035,32.728
2078,25,2491,1,2495,10,9,5,1,15,16,32.728,29.4035
2079,25,2492,1,2496,10,8,4,2,22,20,32.876,45.762
2080,25,2493,1,2496,10,7,4,1,20,22,45.762,32.876
2081,25,2494,1,2497,10,6,3,2,20,15,21.1675,43.46
2082,25,2495,1,2497,10,5,3,1,15,20,43.46,21.1675
2083,25,2496,1,2498,10,4,2,2,16,28,66.928,-17.192
2084,25,2497,1,2498,10,3,2,1,28,16,-17.192,66.928
2085,25,2498,1,2499,10,2,1,2,18.5,17,31.7755,38.675875
2086,25,2499,1,2499,10,1,1,1,17,18.5,38.675875,31.7755
2087,26,2590,0,2595,10,10,5,2,12.5,10,17.69941763,22.44698958
2088,26,2591,0,2595,10,9,5,1,10,12.5,22.44698958,17.69941763
2089,26,2592,0,2596,10,8,4,2,14,7,11.50435173,23.69988086
2090,26,2593,0,2596,10,7,4,1,7,14,23.69988086,11.50435173
2091,26,2594,0,2597,10,6,3,2,20,18,33.85864809,40.89745253
2092,26,2595,0,2597,10,5,3,1,18,20,40.89745253,33.85864809
2093,26,2596,0,2598,10,4,2,2,18,18,35.882,35.882
2094,26,2597,0,2598,10,3,2,1,18,18,35.882,35.882
2095,26,2598,0,2599,10,2,1,2,18,6,9.616776472,34.28684582
2096,26,2599,0,2599,10,1,1,1,6,18,34.28684582,9.616776472
2097,27,2686,1,2693,10,14,7,2,18,12,17.012,35.258
2098,27,2687,1,2693,10,13,7,1,12,18,35.258,17.012
2099,27,2688,1,2694,10,12,6,2,18,24.7,57.421495,12.92378
2100,27,2689,1,2694,10,11,6,1,24.7,18,12.92378,57.421495
2101,27,2690,1,2695,10,10,5,2,12,18,35.258,17.012
2102,27,2691,1,2695,10,9,5,1,18,12,17.012,35.258
2103,27,2692,1,2696,10,8,4,2,22,19,29.0215,47.5
2104,27,2693,1,2696,10,7,4,1,19,22,47.5,29.0215
2105,27,2694,1,2697,10,6,3,2,16,14,26.594,32.676
2106,27,2695,1,2697,10,5,3,1,14,16,32.676,26.594
2107,27,2696,1,2698,10,4,2,2,20,22,45.762,32.876
2108,27,2697,1,2698,10,3,2,1,22,20,32.876,45.762
2109,27,2698,1,2699,10,2,1,2,11.9,13,24.35802,22.603355
2110,27,2699,1,2699,10,1,1,1,13,11.9,22.603355,24.35802
2111,28,2778,0,2789,10,22,11,2,17,10,18.02100707,34.60722552
2112,28,2779,0,2789,10,21,11,1,10,17,34.60722552,18.02100707
2113,28,2780,0,2790,10,20,10,2,14,10,18.17452301,26.39787946
2114,28,2781,0,2790,10,19,10,1,10,14,26.39787946,18.17452301
2115,28,2782,0,2791,10,18,9,2,20,24,48.86948834,32.28291414
2116,28,2783,0,2791,10,17,9,1,24,20,32.28291414,48.86948834
2117,28,2784,0,2792,10,16,8,2,10.5,14,26.70447021,19.32608793
2118,28,2785,0,2792,10,15,8,1,14,10.5,19.32608793,26.70447021
2119,28,2786,0,2793,10,14,7,2,6.2,18.5,36.02945403,9.842541639
2120,28,2787,0,2793,10,13,7,1,18.5,6.2,9.842541639,36.02945403
2121,28,2788,0,2794,10,12,6,2,2,12,9.911442206,-0.192926726
2122,28,2789,0,2794,10,11,6,1,12,2,-0.192926726,9.911442206
2123,28,2790,0,2795,10,10,5,2,4.6,13,17.57455057,5.925584355
2124,28,2791,0,2795,10,9,5,1,13,4.6,5.925584355,17.57455057
2125,28,2792,0,2796,10,8,4,2,0,14,11.68152342,-2.464593081
2126,28,2793,0,2796,10,7,4,1,14,0,-2.464593081,11.68152342
2127,28,2794,0,2797,10,6,3,2,20,16,29.21955769,42.46084479
2128,28,2795,0,2797,10,5,3,1,16,20,42.46084479,29.21955769
2129,28,2796,0,2798,10,4,2,2,18,26,57.03737916,23.86423075
2130,28,2797,0,2798,10,3,2,1,26,18,23.86423075,57.03737916
2131,28,2798,0,2799,10,2,1,2,16.2,15,29.70032089,33.07055534
2132,28,2799,0,2799,10,1,1,1,15,16.2,33.07055534,29.70032089
2133,29,2892,0,2896,10,8,4,2,18,16.5,32.24001972,36.97028688
2134,29,2893,0,2896,10,7,4,1,16.5,18,36.97028688,32.24001972
2135,29,2894,0,2897,10,6,3,2,12,26,61.51228071,12.24064964
2136,29,2895,0,2897,10,5,3,1,26,12,12.24064964,61.51228071
2137,29,2896,0,2898,10,4,2,2,14,4,5.244268836,19.53024664
2138,29,2897,0,2898,10,3,2,1,4,14,19.53024664,5.244268836
2139,29,2898,0,2899,10,2,1,2,10.5,13,24.08341486,19.07449236
2140,29,2899,0,2899,10,1,1,1,13,10.5,19.07449236,24.08341486
2141,2,182,1,191,11,18,9,2,12,12,22.328,22.328
2142,2,183,1,191,11,17,9,1,12,12,22.328,22.328
2143,2,184,1,192,11,16,8,2,18,24,55.148,16.49
2144,2,185,1,192,11,15,8,1,24,18,16.49,55.148
2145,2,186,1,193,11,14,7,2,20,22,45.762,32.876
2146,2,187,1,193,11,13,7,1,22,20,32.876,45.762
2147,2,188,1,194,11,12,6,2,28,14,-26.782,63.42
2148,2,189,1,194,11,11,6,1,14,28,63.42,-26.782
2149,2,190,1,195,11,10,5,2,20,20,38.68,38.68
2150,2,191,1,195,11,9,5,1,20,20,38.68,38.68
2151,2,192,1,196,11,8,4,2,18,12,17.012,35.258
2152,2,193,1,196,11,7,4,1,12,18,35.258,17.012
2153,2,194,1,197,11,6,3,2,28,18,-7.558,68.212
2154,2,195,1,197,11,5,3,1,18,28,68.212,-7.558
2155,2,196,1,198,11,4,2,2,24,0.8,-53.57248,-17.22272
2156,2,197,1,198,11,3,2,1,0.8,24,-17.22272,-53.57248
2157,2,198,1,199,11,2,1,2,12,10,18.106,19.652
2158,2,199,1,199,11,1,1,1,10,12,19.652,18.106
2159,5,484,0,492,11,16,8,2,14,10,18.17452301,26.39787946
2160,5,485,0,492,11,15,8,1,10,14,26.39787946,18.17452301
2161,5,486,0,493,11,14,7,2,28,2,-6.573543445,63.18654809
2162,5,487,0,493,11,13,7,1,2,28,63.18654809,-6.573543445
2163,5,488,0,494,11,12,6,2,24,12,15.64388049,55.3677418
2164,5,489,0,494,11,11,6,1,12,24,55.3677418,15.64388049
2165,5,490,0,495,11,10,5,2,10,12,21.15280898,17.45929164
2166,5,491,0,495,11,9,5,1,12,10,17.45929164,21.15280898
2167,5,492,0,496,11,8,4,2,1,0,-25.11319443,-25.46178042
2168,5,493,0,496,11,7,4,1,0,1,-25.46178042,-25.11319443
2169,5,494,0,497,11,6,3,2,10,18,37.43480495,17.64280495
2170,5,495,0,497,11,5,3,1,18,10,17.64280495,37.43480495
2171,5,496,0,498,11,4,2,2,10,11,18.5986218,16.85640335
2172,5,497,0,498,11,3,2,1,11,10,16.85640335,18.5986218
2173,5,498,0,499,11,2,1,2,18,24,51.47514211,27.84976347
2174,5,499,0,499,11,1,1,1,24,18,27.84976347,51.47514211
2175,7,686,1,693,11,14,7,2,12,28,57.688,-36.328
2176,7,687,1,693,11,13,7,1,28,12,-36.328,57.688
2177,7,688,1,694,11,12,6,2,12,28,57.688,-36.328
2178,7,689,1,694,11,11,6,1,28,12,-36.328,57.688
2179,7,690,1,695,11,10,5,2,8,12,14.752,13.928
2180,7,691,1,695,11,9,5,1,12,8,13.928,14.752
2181,7,692,1,696,11,8,4,2,26,26,41.914,41.914
2182,7,693,1,696,11,7,4,1,26,26,41.914,41.914
2183,7,694,1,697,11,6,3,2,8.5,11,14.6465,14.485875
2184,7,695,1,697,11,5,3,1,11,8.5,14.485875,14.6465
2185,7,696,1,698,11,4,2,2,2,2,-17.462,-17.462
2186,7,697,1,698,11,3,2,1,2,2,-17.462,-17.462
2187,7,698,1,699,11,2,1,2,12.5,18.5,37.211125,17.264125
2188,7,699,1,699,11,1,1,1,18.5,12.5,17.264125,37.211125
2189,8,786,0,793,11,14,7,2,12,19,40.80378862,21.29044396
2190,8,787,0,793,11,13,7,1,19,12,21.29044396,40.80378862
2191,8,788,0,794,11,12,6,2,20,28,59.78802271,23.2695872
2192,8,789,0,794,11,11,6,1,28,20,23.2695872,59.78802271
2193,8,790,0,795,11,10,5,2,10.9,11,19.25207036,19.06843989
2194,8,791,0,795,11,9,5,1,11,10.9,19.06843989,19.25207036
2195,8,792,0,796,11,8,4,2,10,14,26.39787946,18.17452301
2196,8,793,0,796,11,7,4,1,14,10,18.17452301,26.39787946
2197,8,794,0,797,11,6,3,2,12,6,8.268659444,16.84024613
2198,8,795,0,797,11,5,3,1,6,12,16.84024613,8.268659444
2199,8,796,0,798,11,4,2,2,14,10.6,19.55776788,26.76088291
2200,8,797,0,798,11,3,2,1,10.6,14,26.76088291,19.55776788
2201,8,798,0,799,11,2,1,2,0,18,24.65945511,-1.055304949
2202,8,799,0,799,11,1,1,1,18,0,-1.055304949,24.65945511
2203,11,1086,0,1093,11,14,7,2,4,12,13.7028743,3.946735606
2204,11,1087,0,1093,11,13,7,1,12,4,3.946735606,13.7028743
2205,11,1088,0,1094,11,12,6,2,7,12,18.16365944,10.49796943
2206,11,1089,0,1094,11,11,6,1,12,7,10.49796943,18.16365944
2207,11,1090,0,1095,11,10,5,2,0,12,5.465949842,-4.15032755
2208,11,1091,0,1095,11,9,5,1,12,0,-4.15032755,5.465949842
2209,11,1092,0,1096,11,8,4,2,0.5,0.9,-24.27564697,-24.15293901
2210,11,1093,0,1096,11,7,4,1,0.9,0.5,-24.15293901,-24.27564697
2211,11,1094,0,1097,11,6,3,2,8,10,14.06664809,11.20945253
2212,11,1095,0,1097,11,5,3,1,10,8,11.20945253,14.06664809
2213,11,1096,0,1098,11,4,2,2,18,6,9.616776472,34.28684582
2214,11,1097,0,1098,11,3,2,1,6,18,34.28684582,9.616776472
2215,11,1098,0,1099,11,2,1,2,20,2,1.849247062,35.0909031
2216,11,1099,0,1099,11,1,1,1,2,20,35.0909031,1.849247062
2217,12,1188,1,1194,11,12,6,2,12,18,35.258,17.012
2218,12,1189,1,1194,11,11,6,1,18,12,17.012,35.258
2219,12,1190,1,1195,11,10,5,2,25,25,41.9125,41.9125
2220,12,1191,1,1195,11,9,5,1,25,25,41.9125,41.9125
2221,12,1192,1,1196,11,8,4,2,23.2,26.5,54.935455,26.46982
2222,12,1193,1,1196,11,7,4,1,26.5,23.2,26.46982,54.935455
2223,12,1194,1,1197,11,6,3,2,17.5,20,42.8075,29.889375
2224,12,1195,1,1197,11,5,3,1,20,17.5,29.889375,42.8075
2225,12,1196,1,1198,11,4,2,2,28,10,-45.83,49.732
2226,12,1197,1,1198,11,3,2,1,10,28,49.732,-45.83
2227,12,1198,1,1199,11,2,1,2,13,16,32.068,23.7955
2228,12,1199,1,1199,11,1,1,1,16,13,23.7955,32.068
2229,16,1590,0,1595,11,10,5,2,22,17,28.93595833,47.05567054
2230,16,1591,0,1595,11,9,5,1,17,22,47.05567054,28.93595833
2231,16,1592,0,1596,11,8,4,2,28,10,4.867455106,68.21669505
2232,16,1593,0,1596,11,7,4,1,10,28,68.21669505,4.867455106
2233,16,1594,0,1597,11,6,3,2,5,18,33.09106837,7.724182793
2234,16,1595,0,1597,11,5,3,1,18,5,7.724182793,33.09106837
2235,16,1596,0,1598,11,4,2,2,16,28,65.12167245,15.36194984
2236,16,1597,0,1598,11,3,2,1,28,16,15.36194984,65.12167245
2237,16,1598,0,1599,11,2,1,2,14.4,15,30.17029142,28.59807763
2238,16,1599,0,1599,11,1,1,1,15,14.4,28.59807763,30.17029142
2239,18,1786,1,1793,11,14,7,2,20,18,31.642,42.26
2240,18,1787,1,1793,11,13,7,1,18,20,42.26,31.642
2241,18,1788,1,1794,11,12,6,2,15,19,40.7605,24.0605
2242,18,1789,1,1794,11,11,6,1,19,15,24.0605,40.7605
2243,18,1790,1,1795,11,10,5,2,26,0,-73.604,-24.022
2244,18,1791,1,1795,11,9,5,1,0,26,-24.022,-73.604
2245,18,1792,1,1796,11,8,4,2,5,12.5,3.716875,7.4875
2246,18,1793,1,1796,11,7,4,1,12.5,5,7.4875,3.716875
2247,18,1794,1,1797,11,6,3,2,18,18.1,36.199855,35.72282
2248,18,1795,1,1797,11,5,3,1,18.1,18,35.72282,36.199855
2249,18,1796,1,1798,11,4,2,2,10,18,30.602,10.81
2250,18,1797,1,1798,11,3,2,1,18,10,10.81,30.602
2251,18,1798,1,1799,11,2,1,2,26.1,10,-30.78998,46.012655
2252,18,1799,1,1799,11,1,1,1,10,26.1,46.012655,-30.78998
2253,22,2190,0,2195,11,10,5,2,13.2,8.3,14.07081002,22.86380395
2254,22,2191,0,2195,11,9,5,1,8.3,13.2,22.86380395,14.07081002
2255,22,2192,0,2196,11,8,4,2,10,16,31.82521146,18.23569412
2256,22,2193,0,2196,11,7,4,1,16,10,18.23569412,31.82521146
2257,22,2194,0,2197,11,6,3,2,1,1,-22.6235,-22.6235
2258,22,2195,0,2197,11,5,3,1,1,1,-22.6235,-22.6235
2259,22,2196,0,2198,11,4,2,2,27,10,6.880807893,64.93346185
2260,22,2197,0,2198,11,3,2,1,10,27,64.93346185,6.880807893
2261,22,2198,0,2199,11,2,1,2,16,15,29.77870224,32.56632291
2262,22,2199,0,2199,11,1,1,1,15,16,32.56632291,29.77870224
2263,23,2292,0,2296,11,8,4,2,13.4,10,18.02862993,24.80522086
2264,23,2293,0,2296,11,7,4,1,10,13.4,24.80522086,18.02862993
2265,23,2294,0,2297,11,6,3,2,1,1,-22.6235,-22.6235
2266,23,2295,0,2297,11,5,3,1,1,1,-22.6235,-22.6235
2267,23,2296,0,2298,11,4,2,2,16,4,5.887741798,25.53988049
2268,23,2297,0,2298,11,3,2,1,4,16,25.53988049,5.887741798
2269,23,2298,0,2299,11,2,1,2,6,6,1.034,1.034
2270,23,2299,0,2299,11,1,1,1,6,6,1.034,1.034
2271,24,2386,1,2393,11,14,7,2,20,20,38.68,38.68
2272,24,2387,1,2393,11,13,7,1,20,20,38.68,38.68
2273,24,2388,1,2394,11,12,6,2,17,20,43.216,28.1395
2274,24,2389,1,2394,11,11,6,1,20,17,28.1395,43.216
2275,24,2390,1,2395,11,10,5,2,10.9,11.1,19.389425,19.234825
2276,24,2391,1,2395,11,9,5,1,11.1,10.9,19.234825,19.389425
2277,24,2392,1,2396,11,8,4,2,18,18,35.882,35.882
2278,24,2393,1,2396,11,7,4,1,18,18,35.882,35.882
2279,24,2394,1,2397,11,6,3,2,18,15,26.3975,38.072
2280,24,2395,1,2397,11,5,3,1,15,18,38.072,26.3975
2281,24,2396,1,2398,11,4,2,2,14,12,22.78,26.594
2282,24,2397,1,2398,11,3,2,1,12,14,26.594,22.78
2283,24,2398,1,2399,11,2,1,2,10,22,38.122,-5.174
2284,24,2399,1,2399,11,1,1,1,22,10,-5.174,38.122
2285,25,2484,1,2492,11,16,8,2,17,19,40.1865,30.7025
2286,25,2485,1,2492,11,15,8,1,19,17,30.7025,40.1865
2287,25,2486,1,2493,11,14,7,2,15.5,16,32.5455,30.812375
2288,25,2487,1,2493,11,13,7,1,16,15.5,30.812375,32.5455
2289,25,2488,1,2494,11,12,6,2,25.5,22.1,26.710505,54.014545
2290,25,2489,1,2494,11,11,6,1,22.1,25.5,54.014545,26.710505
2291,25,2490,1,2495,11,10,5,2,16,19,40.7515,27.376
2292,25,2491,1,2495,11,9,5,1,19,16,27.376,40.7515
2293,25,2492,1,2496,11,8,4,2,23,22.4,38.83168,43.27582
2294,25,2493,1,2496,11,7,4,1,22.4,23,43.27582,38.83168
2295,25,2494,1,2497,11,6,3,2,20,15,21.1675,43.46
2296,25,2495,1,2497,11,5,3,1,15,20,43.46,21.1675
2297,25,2496,1,2498,11,4,2,2,16,18,37.898,29.548
2298,25,2497,1,2498,11,3,2,1,18,16,29.548,37.898
2299,25,2498,1,2499,11,2,1,2,18.5,18,35.0305,37.472375
2300,25,2499,1,2499,11,1,1,1,18,18.5,37.472375,35.0305
2301,26,2590,0,2595,11,10,5,2,20,5.2,7.317948353,39.60100156
2302,26,2591,0,2595,11,9,5,1,5.2,20,39.60100156,7.317948353
2303,26,2592,0,2596,11,8,4,2,14,9,15.90556721,25.66206166
2304,26,2593,0,2596,11,7,4,1,9,14,25.66206166,15.90556721
2305,26,2594,0,2597,11,6,3,2,27,16,17.66645356,62.12959017
2306,26,2595,0,2597,11,5,3,1,16,27,62.12959017,17.66645356
2307,26,2596,0,2598,11,4,2,2,22,28,56.14010743,27.49679814
2308,26,2597,0,2598,11,3,2,1,28,22,27.49679814,56.14010743
2309,26,2598,0,2599,11,2,1,2,6,12,16.84024613,8.268659444
2310,26,2599,0,2599,11,1,1,1,12,6,8.268659444,16.84024613
2311,27,2686,1,2693,11,14,7,2,13,10,18.28,21.4495
2312,27,2687,1,2693,11,13,7,1,10,13,21.4495,18.28
2313,27,2688,1,2694,11,12,6,2,16,15.8,31.65902,32.36928
2314,27,2689,1,2694,11,11,6,1,15.8,16,32.36928,31.65902
2315,27,2690,1,2695,11,10,5,2,12.1,12,22.40342,22.540255
2316,27,2691,1,2695,11,9,5,1,12,12.1,22.540255,22.40342
2317,27,2692,1,2696,11,8,4,2,26,18,5.578,61.658
2318,27,2693,1,2696,11,7,4,1,18,26,61.658,5.578
2319,27,2694,1,2697,11,6,3,2,9,14,20.756,15.4735
2320,27,2695,1,2697,11,5,3,1,14,9,15.4735,20.756
2321,27,2696,1,2698,11,4,2,2,22,28,64.108,11.842
2322,27,2697,1,2698,11,3,2,1,28,22,11.842,64.108
2323,27,2698,1,2699,11,2,1,2,17,13,22.2405,34.4045
2324,27,2699,1,2699,11,1,1,1,13,17,34.4045,22.2405
2325,28,2778,0,2789,11,22,11,2,18.5,8,13.33676591,37.66725741
2326,28,2779,0,2789,11,21,11,1,8,18.5,37.66725741,13.33676591
2327,28,2780,0,2790,11,20,10,2,14,11,20.4890442,26.9701822
2328,28,2781,0,2790,11,19,10,1,11,14,26.9701822,20.4890442
2329,28,2782,0,2791,11,18,9,2,18,22,46.09516656,31.18123591
2330,28,2783,0,2791,11,17,9,1,22,18,31.18123591,46.09516656
2331,28,2784,0,2792,11,16,8,2,18.5,18,35.43748017,37.11877612
2332,28,2785,0,2792,11,15,8,1,18,18.5,37.11877612,35.43748017
2333,28,2786,0,2793,11,14,7,2,16.3,18,37.08759424,31.76216846
2334,28,2787,0,2793,11,13,7,1,18,16.3,31.76216846,37.08759424
2335,28,2788,0,2794,11,12,6,2,8,5,1.72176819,4.439458204
2336,28,2789,0,2794,11,11,6,1,5,8,4.439458204,1.72176819
2337,28,2790,0,2795,11,10,5,2,4.5,13,17.41517631,5.71639112
2338,28,2791,0,2795,11,9,5,1,13,4.5,5.71639112,17.41517631
2339,28,2792,0,2796,11,8,4,2,10,28,68.21669505,4.867455106
2340,28,2793,0,2796,11,7,4,1,28,10,4.867455106,68.21669505
2341,28,2794,0,2797,11,6,3,2,12,16,32.61220124,22.71620124
2342,28,2795,0,2797,11,5,3,1,16,12,22.71620124,32.61220124
2343,28,2796,0,2798,11,4,2,2,24,26,46.67593519,37.12816543
2344,28,2797,0,2798,11,3,2,1,26,24,37.12816543,46.67593519
2345,28,2798,0,2799,11,2,1,2,15.4,15,29.97460271,31.06456132
2346,28,2799,0,2799,11,1,1,1,15,15.4,31.06456132,29.97460271
2347,29,2892,0,2896,11,8,4,2,26,15.1,18.04135018,59.93524846
2348,29,2893,0,2896,11,7,4,1,15.1,26,59.93524846,18.04135018
2349,29,2894,0,2897,11,6,3,2,26,12,12.24064964,61.51228071
2350,29,2895,0,2897,11,5,3,1,12,26,61.51228071,12.24064964
2351,29,2896,0,2898,11,4,2,2,28,0,-8.978139316,60.29386068
2352,29,2897,0,2898,11,3,2,1,0,28,60.29386068,-8.978139316
2353,29,2898,0,2899,11,2,1,2,14,12.5,24.04626105,27.52204555
2354,29,2899,0,2899,11,1,1,1,12.5,14,27.52204555,24.04626105
2355,2,182,1,191,12,18,9,2,10,10,16.09,16.09
2356,2,183,1,191,12,17,9,1,10,10,16.09,16.09
2357,2,184,1,192,12,16,8,2,20,28,67.272,2.12
2358,2,185,1,192,12,15,8,1,28,20,2.12,67.272
2359,2,186,1,193,12,14,7,2,18,20,42.26,31.642
2360,2,187,1,193,12,13,7,1,20,18,31.642,42.26
2361,2,188,1,194,12,12,6,2,8,14,17.698,13.06
2362,2,189,1,194,12,11,6,1,14,8,13.06,17.698
2363,2,190,1,195,12,10,5,2,22,22,40.618,40.618
2364,2,191,1,195,12,9,5,1,22,22,40.618,40.618
2365,2,192,1,196,12,8,4,2,2,12,-13.292,1.658
2366,2,193,1,196,12,7,4,1,12,2,1.658,-13.292
2367,2,194,1,197,12,6,3,2,16,14,26.594,32.676
2368,2,195,1,197,12,5,3,1,14,16,32.676,26.594
2369,2,196,1,198,12,4,2,2,24.6,28,56.66992,24.54638
2370,2,197,1,198,12,3,2,1,28,24.6,24.54638,56.66992
2371,2,198,1,199,12,2,1,2,18,14,23.258,37.69
2372,2,199,1,199,12,1,1,1,14,18,37.69,23.258
2373,5,484,0,492,12,16,8,2,2,10,4.072230751,-2.338620844
2374,5,485,0,492,12,15,8,1,10,2,-2.338620844,4.072230751
2375,5,486,0,493,12,14,7,2,0,2,-22.87799546,-22.38990392
2376,5,487,0,493,12,13,7,1,2,0,-22.38990392,-22.87799546
2377,5,488,0,494,12,12,6,2,26,10,8.730645613,61.69579402
2378,5,489,0,494,12,11,6,1,10,26,61.69579402,8.730645613
2379,5,490,0,495,12,10,5,2,10,12,21.15280898,17.45929164
2380,5,491,0,495,12,9,5,1,12,10,17.45929164,21.15280898
2381,5,492,0,496,12,8,4,2,0,1,-25.46178042,-25.11319443
2382,5,493,0,496,12,7,4,1,1,0,-25.11319443,-25.46178042
2383,5,494,0,497,12,6,3,2,12,0,-4.15032755,5.465949842
2384,5,495,0,497,12,5,3,1,0,12,5.465949842,-4.15032755
2385,5,496,0,498,12,4,2,2,9,2.8,-1.90628658,2.932493531
2386,5,497,0,498,12,3,2,1,2.8,9,2.932493531,-1.90628658
2387,5,498,0,499,12,2,1,2,10,22,49.20077647,14.49484582
2388,5,499,0,499,12,1,1,1,22,10,14.49484582,49.20077647
2389,7,686,1,693,12,14,7,2,16,16,32.224,32.224
2390,7,687,1,693,12,13,7,1,16,16,32.224,32.224
2391,7,688,1,694,12,12,6,2,10,28,49.732,-45.83
2392,7,689,1,694,12,11,6,1,28,10,-45.83,49.732
2393,7,690,1,695,12,10,5,2,10,20,34.34,3.93
2394,7,691,1,695,12,9,5,1,20,10,3.93,34.34
2395,7,692,1,696,12,8,4,2,26,26,41.914,41.914
2396,7,693,1,696,12,7,4,1,26,26,41.914,41.914
2397,7,694,1,697,12,6,3,2,12.5,14,27.0805,24.007375
2398,7,695,1,697,12,5,3,1,14,12.5,24.007375,27.0805
2399,7,696,1,698,12,4,2,2,1,2,-22.432,-17.8185
2400,7,697,1,698,12,3,2,1,2,1,-17.8185,-22.432
2401,7,698,1,699,12,2,1,2,12.5,13,24.8595,23.976875
2402,7,699,1,699,12,1,1,1,13,12.5,23.976875,24.8595
2403,8,786,0,793,12,14,7,2,10,10.5,17.33861523,16.49364106
2404,8,787,0,793,12,13,7,1,10.5,10,16.49364106,17.33861523
2405,8,788,0,794,12,12,6,2,4,10,8.057763466,1.995142107
2406,8,789,0,794,12,11,6,1,10,4,1.995142107,8.057763466
2407,8,790,0,795,12,10,5,2,13.4,11,20.3722662,25.40663869
2408,8,791,0,795,12,9,5,1,11,13.4,25.40663869,20.3722662
2409,8,792,0,796,12,8,4,2,6,20,40.46690206,8.758028278
2410,8,793,0,796,12,7,4,1,20,6,8.758028278,40.46690206
2411,8,794,0,797,12,6,3,2,14,10,18.17452301,26.39787946
2412,8,795,0,797,12,5,3,1,10,14,26.39787946,18.17452301
2413,8,796,0,798,12,4,2,2,8.2,6.6,5.812956942,7.563467455
2414,8,797,0,798,12,3,2,1,6.6,8.2,7.563467455,5.812956942
2415,8,798,0,799,12,2,1,2,0,0,-28,-28
2416,8,799,0,799,12,1,1,1,0,0,-28,-28
2417,11,1086,0,1093,12,14,7,2,3.9,2.2,-12.43825242,-12.12448488
2418,11,1087,0,1093,12,13,7,1,2.2,3.9,-12.12448488,-12.43825242
2419,11,1088,0,1094,12,12,6,2,8,10,14.06664809,11.20945253
2420,11,1089,0,1094,12,11,6,1,10,8,11.20945253,14.06664809
2421,11,1090,0,1095,12,10,5,2,0,12,5.465949842,-4.15032755
2422,11,1091,0,1095,12,9,5,1,12,0,-4.15032755,5.465949842
2423,11,1092,0,1096,12,8,4,2,1.1,0.8,-22.8492789,-22.92562884
2424,11,1093,0,1096,12,7,4,1,0.8,1.1,-22.92562884,-22.8492789
2425,11,1094,0,1097,12,6,3,2,0,12,5.465949842,-4.15032755
2426,11,1095,0,1097,12,5,3,1,12,0,-4.15032755,5.465949842
2427,11,1096,0,1098,12,4,2,2,10,3,-0.194522057,6.146754642
2428,11,1097,0,1098,12,3,2,1,3,10,6.146754642,-0.194522057
2429,11,1098,0,1099,12,2,1,2,6,16,28.28905108,9.821464398
2430,11,1099,0,1099,12,1,1,1,16,6,9.821464398,28.28905108
2431,12,1188,1,1194,12,12,6,2,17,18,37.168,32.7095
2432,12,1189,1,1194,12,11,6,1,18,17,32.7095,37.168
2433,12,1190,1,1195,12,10,5,2,25,25,41.9125,41.9125
2434,12,1191,1,1195,12,9,5,1,25,25,41.9125,41.9125
2435,12,1192,1,1196,12,8,4,2,18.5,26.5,63.142125,4.794125
2436,12,1193,1,1196,12,7,4,1,26.5,18.5,4.794125,63.142125
2437,12,1194,1,1197,12,6,3,2,18.7,9.5,7.053605,30.336045
2438,12,1195,1,1197,12,5,3,1,9.5,18.7,30.336045,7.053605
2439,12,1196,1,1198,12,4,2,2,9.8,12,19.26208,17.68622
2440,12,1197,1,1198,12,3,2,1,12,9.8,17.68622,19.26208
2441,12,1198,1,1199,12,2,1,2,15,15,30.0725,30.0725
2442,12,1199,1,1199,12,1,1,1,15,15,30.0725,30.0725
2443,16,1590,0,1595,12,10,5,2,0,0,-28,-28
2444,16,1591,0,1595,12,9,5,1,0,0,-28,-28
2445,16,1592,0,1596,12,8,4,2,25,24,39.49384025,44.16318491
2446,16,1593,0,1596,12,7,4,1,24,25,44.16318491,39.49384025
2447,16,1594,0,1597,12,6,3,2,4,10,8.057763466,1.995142107
2448,16,1595,0,1597,12,5,3,1,10,4,1.995142107,8.057763466
2449,16,1596,0,1598,12,4,2,2,14.5,28,66.44729145,12.58454301
2450,16,1597,0,1598,12,3,2,1,28,14.5,12.58454301,66.44729145
2451,16,1598,0,1599,12,2,1,2,11.1,1,-3.12270486,5.076580902
2452,16,1599,0,1599,12,1,1,1,1,11.1,5.076580902,-3.12270486
2453,18,1786,1,1793,12,14,7,2,22,20,32.876,45.762
2454,18,1787,1,1793,12,13,7,1,20,22,45.762,32.876
2455,18,1788,1,1794,12,12,6,2,14,21,45.2935,14.084
2456,18,1789,1,1794,12,11,6,1,21,14,14.084,45.2935
2457,18,1790,1,1795,12,10,5,2,10,2,2.282,-14.214
2458,18,1791,1,1795,12,9,5,1,2,10,-14.214,2.282
2459,18,1792,1,1796,12,8,4,2,5,10,1.32,7.3775
2460,18,1793,1,1796,12,7,4,1,10,5,7.3775,1.32
2461,18,1794,1,1797,12,6,3,2,18,13.7,22.318295,37.46698
2462,18,1795,1,1797,12,5,3,1,13.7,18,37.46698,22.318295
2463,18,1796,1,1798,12,4,2,2,28,18,-7.558,68.212
2464,18,1797,1,1798,12,3,2,1,18,28,68.212,-7.558
2465,18,1798,1,1799,12,2,1,2,10.8,11.9,20.796935,19.72834
2466,18,1799,1,1799,12,1,1,1,11.9,10.8,19.72834,20.796935
2467,22,2190,0,2195,12,10,5,2,8,10.1,14.32516486,11.30315607
2468,22,2191,0,2195,12,9,5,1,10.1,8,11.30315607,14.32516486
2469,22,2192,0,2196,12,8,4,2,14,15,30.20278269,27.62424247
2470,22,2193,0,2196,12,7,4,1,15,14,27.62424247,30.20278269
2471,22,2194,0,2197,12,6,3,2,1,1,-22.6235,-22.6235
2472,22,2195,0,2197,12,5,3,1,1,1,-22.6235,-22.6235
2473,22,2196,0,2198,12,4,2,2,25,14,17.81333844,57.67670529
2474,22,2197,0,2198,12,3,2,1,14,25,57.67670529,17.81333844
2475,22,2198,0,2199,12,2,1,2,2,16,22.13664964,2.136280705
2476,22,2199,0,2199,12,1,1,1,16,2,2.136280705,22.13664964
2477,23,2292,0,2296,12,8,4,2,14.8,13.4,26.20076902,29.69364028
2478,23,2293,0,2296,12,7,4,1,13.4,14.8,29.69364028,26.20076902
2479,23,2294,0,2297,12,6,3,2,4,1,-15.08974915,-14.88102446
2480,23,2295,0,2297,12,5,3,1,1,4,-14.88102446,-15.08974915
2481,23,2296,0,2298,12,4,2,2,4,16,25.53988049,5.887741798
2482,23,2297,0,2298,12,3,2,1,16,4,5.887741798,25.53988049
2483,23,2298,0,2299,12,2,1,2,7,0,-11.2261774,-9.275590018
2484,23,2299,0,2299,12,1,1,1,0,7,-9.275590018,-11.2261774
2485,24,2386,1,2393,12,14,7,2,22,22,40.618,40.618
2486,24,2387,1,2393,12,13,7,1,22,22,40.618,40.618
2487,24,2388,1,2394,12,12,6,2,15,20,43.46,21.1675
2488,24,2389,1,2394,12,11,6,1,20,15,21.1675,43.46
2489,24,2390,1,2395,12,10,5,2,11.3,10,17.65338,18.400295
2490,24,2391,1,2395,12,9,5,1,10,11.3,18.400295,17.65338
2491,24,2392,1,2396,12,8,4,2,18,17,32.7095,37.168
2492,24,2393,1,2396,12,7,4,1,17,18,37.168,32.7095
2493,24,2394,1,2397,12,6,3,2,14.9,28,65.27382,-22.471945
2494,24,2395,1,2397,12,5,3,1,28,14.9,-22.471945,65.27382
2495,24,2396,1,2398,12,4,2,2,14,16,32.676,26.594
2496,24,2397,1,2398,12,3,2,1,16,14,26.594,32.676
2497,24,2398,1,2399,12,2,1,2,8,18,23.722,4.652
2498,24,2399,1,2399,12,1,1,1,18,8,4.652,23.722
2499,25,2484,1,2492,12,16,8,2,14,19,40.2135,20.756
2500,25,2485,1,2492,12,15,8,1,19,14,20.756,40.2135
2501,25,2486,1,2493,12,14,7,2,16,16,32.224,32.224
2502,25,2487,1,2493,12,13,7,1,16,16,32.224,32.224
2503,25,2488,1,2494,12,12,6,2,25.5,21,21.8105,56.544875
2504,25,2489,1,2494,12,11,6,1,21,25.5,56.544875,21.8105
2505,25,2490,1,2495,12,10,5,2,14,18,37.69,23.258
2506,25,2491,1,2495,12,9,5,1,18,14,23.258,37.69
2507,25,2492,1,2496,12,8,4,2,16,20,43.616,24.648
2508,25,2493,1,2496,12,7,4,1,20,16,24.648,43.616
2509,25,2494,1,2497,12,6,3,2,14,20,42.748,17.698
2510,25,2495,1,2497,12,5,3,1,20,14,17.698,42.748
2511,25,2496,1,2498,12,4,2,2,18,14,23.258,37.69
2512,25,2497,1,2498,12,3,2,1,14,18,37.69,23.258
2513,25,2498,1,2499,12,2,1,2,19,18.5,35.712875,38.2965
2514,25,2499,1,2499,12,1,1,1,18.5,19,38.2965,35.712875
2515,26,2590,0,2595,12,10,5,2,10.5,10.6,17.97878875,17.8035215
2516,26,2591,0,2595,12,9,5,1,10.6,10.5,17.8035215,17.97878875
2517,26,2592,0,2596,12,8,4,2,11,8,12.07290619,16.6723202
2518,26,2593,0,2596,12,7,4,1,8,11,16.6723202,12.07290619
2519,26,2594,0,2597,12,6,3,2,3,14,17.81333844,3.248705292
2520,26,2595,0,2597,12,5,3,1,14,3,3.248705292,17.81333844
2521,26,2596,0,2598,12,4,2,2,22.5,25,47.23262152,35.9512857
2522,26,2597,0,2598,12,3,2,1,25,22.5,35.9512857,47.23262152
2523,26,2598,0,2599,12,2,1,2,5,12,15.35331775,6.084914836
2524,26,2599,0,2599,12,1,1,1,12,5,6.084914836,15.35331775
2525,27,2686,1,2693,12,14,7,2,16,16,32.224,32.224
2526,27,2687,1,2693,12,13,7,1,16,16,32.224,32.224
2527,27,2688,1,2694,12,12,6,2,14,18.2,38.19382,22.80208
2528,27,2689,1,2694,12,11,6,1,18.2,14,22.80208,38.19382
2529,27,2690,1,2695,12,10,5,2,14,18,37.69,23.258
2530,27,2691,1,2695,12,9,5,1,18,14,23.258,37.69
2531,27,2692,1,2696,12,8,4,2,8,22,29.922,-12.652
2532,27,2693,1,2696,12,7,4,1,22,8,-12.652,29.922
2533,27,2694,1,2697,12,6,3,2,16,10.5,16.847375,28.1155
2534,27,2695,1,2697,12,5,3,1,10.5,16,28.1155,16.847375
2535,27,2696,1,2698,12,4,2,2,18,22,48.682,25.178
2536,27,2697,1,2698,12,3,2,1,22,18,25.178,48.682
2537,27,2698,1,2699,12,2,1,2,10.3,14,23.90018,18.627495
2538,27,2699,1,2699,12,1,1,1,14,10.3,18.627495,23.90018
2539,28,2778,0,2789,12,22,11,2,13,16.5,34.07294716,24.86511099
2540,28,2779,0,2789,12,21,11,1,16.5,13,24.86511099,34.07294716
2541,28,2780,0,2790,12,20,10,2,14,12,22.84913075,27.37896987
2542,28,2781,0,2790,12,19,10,1,12,14,27.37896987,22.84913075
2543,28,2782,0,2791,12,18,9,2,16,18,37.25129164,31.04880898
2544,28,2783,0,2791,12,17,9,1,18,16,31.04880898,37.25129164
2545,28,2784,0,2792,12,16,8,2,20,16,29.21955769,42.46084479
2546,28,2785,0,2792,12,15,8,1,16,20,42.46084479,29.21955769
2547,28,2786,0,2793,12,14,7,2,22.6,17.6,29.35853767,48.1054912
2548,28,2787,0,2793,12,13,7,1,17.6,22.6,48.1054912,29.35853767
2549,28,2788,0,2794,12,12,6,2,15,5,7.640366617,24.01714886
2550,28,2789,0,2794,12,11,6,1,5,15,24.01714886,7.640366617
2551,28,2790,0,2795,12,10,5,2,7,13,20.90898746,11.08291811
2552,28,2791,0,2795,12,9,5,1,13,7,11.08291811,20.90898746
2553,28,2792,0,2796,12,8,4,2,28,18,19.22463777,62.78187771
2554,28,2793,0,2796,12,7,4,1,18,28,62.78187771,19.22463777
2555,28,2794,0,2797,12,6,3,2,16,16,32.224,32.224
2556,28,2795,0,2797,12,5,3,1,16,16,32.224,32.224
2557,28,2796,0,2798,12,4,2,2,26,26,41.914,41.914
2558,28,2797,0,2798,12,3,2,1,26,26,41.914,41.914
2559,28,2798,0,2799,12,2,1,2,15,10,18.2868661,29.08876277
2560,28,2799,0,2799,12,1,1,1,10,15,29.08876277,18.2868661
2561,29,2892,0,2896,12,8,4,2,15.1,16.6,34.05470241,29.76350418
2562,29,2893,0,2896,12,7,4,1,16.6,15.1,29.76350418,34.05470241
2563,29,2894,0,2897,12,6,3,2,12,28,67.83908112,8.183358512
2564,29,2895,0,2897,12,5,3,1,28,12,8.183358512,67.83908112
2565,29,2896,0,2898,12,4,2,2,16,28,65.12167245,15.36194984
2566,29,2897,0,2898,12,3,2,1,28,16,15.36194984,65.12167245
2567,29,2898,0,2899,12,2,1,2,6.5,13,20.29198276,9.986830026
2568,29,2899,0,2899,12,1,1,1,13,6.5,9.986830026,20.29198276
2569,2,182,1,191,13,18,9,2,11,14,25.204,20.3335
2570,2,183,1,191,13,17,9,1,14,11,20.3335,25.204
2571,2,184,1,192,13,16,8,2,10,16,26.908,15.466
2572,2,185,1,192,13,15,8,1,16,10,15.466,26.908
2573,2,186,1,193,13,14,7,2,22,18,25.178,48.682
2574,2,187,1,193,13,13,7,1,18,22,48.682,25.178
2575,2,188,1,194,13,12,6,2,4,14,-0.094,3.516
2576,2,189,1,194,13,11,6,1,14,4,3.516,-0.094
2577,2,190,1,195,13,10,5,2,24,24,41.696,41.696
2578,2,191,1,195,13,9,5,1,24,24,41.696,41.696
2579,2,192,1,196,13,8,4,2,16,14,26.594,32.676
2580,2,193,1,196,13,7,4,1,14,16,32.676,26.594
2581,2,194,1,197,13,6,3,2,26,18,5.578,61.658
2582,2,195,1,197,13,5,3,1,18,26,61.658,5.578
2583,2,196,1,198,13,4,2,2,20.7,24,51.57158,27.783695
2584,2,197,1,198,13,3,2,1,24,20.7,27.783695,51.57158
2585,2,198,1,199,13,2,1,2,13,14,27.428,25.2375
2586,2,199,1,199,13,1,1,1,14,13,25.2375,27.428
2587,5,484,0,492,13,16,8,2,10,16,31.82521146,18.23569412
2588,5,485,0,492,13,15,8,1,16,10,18.23569412,31.82521146
2589,5,486,0,493,13,14,7,2,28,2,-6.573543445,63.18654809
2590,5,487,0,493,13,13,7,1,2,28,63.18654809,-6.573543445
2591,5,488,0,494,13,12,6,2,28,10,4.867455106,68.21669505
2592,5,489,0,494,13,11,6,1,10,28,68.21669505,4.867455106
2593,5,490,0,495,13,10,5,2,14,10,18.17452301,26.39787946
2594,5,491,0,495,13,9,5,1,10,14,26.39787946,18.17452301
2595,5,492,0,496,13,8,4,2,0.5,0,-26.53615783,-26.73658588
2596,5,493,0,496,13,7,4,1,0,0.5,-26.73658588,-26.53615783
2597,5,494,0,497,13,6,3,2,10,14,26.39787946,18.17452301
2598,5,495,0,497,13,5,3,1,14,10,18.17452301,26.39787946
2599,5,496,0,498,13,4,2,2,8,28,67.94024871,1.733813208
2600,5,497,0,498,13,3,2,1,28,8,1.733813208,67.94024871
2601,5,498,0,499,13,2,1,2,22,22,40.618,40.618
2602,5,499,0,499,13,1,1,1,22,22,40.618,40.618
2603,7,686,1,693,13,14,7,2,20,16,24.648,43.616
2604,7,687,1,693,13,13,7,1,16,20,43.616,24.648
2605,7,688,1,694,13,12,6,2,10,28,49.732,-45.83
2606,7,689,1,694,13,11,6,1,28,10,-45.83,49.732
2607,7,690,1,695,13,10,5,2,14,12,22.78,26.594
2608,7,691,1,695,13,9,5,1,12,14,26.594,22.78
2609,7,692,1,696,13,8,4,2,26,26,41.914,41.914
2610,7,693,1,696,13,7,4,1,26,26,41.914,41.914
2611,7,694,1,697,13,6,3,2,12.5,16.5,32.681125,21.651125
2612,7,695,1,697,13,5,3,1,16.5,12.5,21.651125,32.681125
2613,7,696,1,698,13,4,2,2,1,2,-22.432,-17.8185
2614,7,697,1,698,13,3,2,1,2,1,-17.8185,-22.432
2615,7,698,1,699,13,2,1,2,14,12.5,24.007375,27.0805
2616,7,699,1,699,13,1,1,1,12.5,14,27.0805,24.007375
2617,8,786,0,793,13,14,7,2,16,11.5,21.57898744,32.47677194
2618,8,787,0,793,13,13,7,1,11.5,16,32.47677194,21.57898744
2619,8,788,0,794,13,12,6,2,22,10,14.49484582,49.20077647
2620,8,789,0,794,13,11,6,1,10,22,49.20077647,14.49484582
2621,8,790,0,795,13,10,5,2,15,12,22.86442353,29.97280286
2622,8,791,0,795,13,9,5,1,12,15,29.97280286,22.86442353
2623,8,792,0,796,13,8,4,2,14,23,51.81739776,21.08363978
2624,8,793,0,796,13,7,4,1,23,14,21.08363978,51.81739776
2625,8,794,0,797,13,6,3,2,2,16,22.13664964,2.136280705
2626,8,795,0,797,13,5,3,1,16,2,2.136280705,22.13664964
2627,8,796,0,798,13,4,2,2,15,12.6,24.27323175,30.11047314
2628,8,797,0,798,13,3,2,1,12.6,15,30.11047314,24.27323175
2629,8,798,0,799,13,2,1,2,24,18,27.84976347,51.47514211
2630,8,799,0,799,13,1,1,1,18,24,51.47514211,27.84976347
2631,11,1086,0,1093,13,14,7,2,0.5,2,-21.46267844,-21.17501496
2632,11,1087,0,1093,13,13,7,1,2,0.5,-21.17501496,-21.46267844
2633,11,1088,0,1094,13,12,6,2,9,9,12.6485,12.6485
2634,11,1089,0,1094,13,11,6,1,9,9,12.6485,12.6485
2635,11,1090,0,1095,13,10,5,2,0,24,45.49331393,-3.846824764
2636,11,1091,0,1095,13,9,5,1,24,0,-3.846824764,45.49331393
2637,11,1092,0,1096,13,8,4,2,2,0.9,-20.19490202,-20.35985754
2638,11,1093,0,1096,13,7,4,1,0.9,2,-20.35985754,-20.19490202
2639,11,1094,0,1097,13,6,3,2,18,22,46.09516656,31.18123591
2640,11,1095,0,1097,13,5,3,1,22,18,31.18123591,46.09516656
2641,11,1096,0,1098,13,4,2,2,0,7,-9.275590018,-11.2261774
2642,11,1097,0,1098,13,3,2,1,7,0,-11.2261774,-9.275590018
2643,11,1098,0,1099,13,2,1,2,10,0,-6.490122287,-0.567362232
2644,11,1099,0,1099,13,1,1,1,0,10,-0.567362232,-6.490122287
2645,12,1188,1,1194,13,12,6,2,20,19.5,36.916375,39.7835
2646,12,1189,1,1194,13,11,6,1,19.5,20,39.7835,36.916375
2647,12,1190,1,1195,13,10,5,2,25,25,41.9125,41.9125
2648,12,1191,1,1195,13,9,5,1,25,25,41.9125,41.9125
2649,12,1192,1,1196,13,8,4,2,23.9,2,-48.03878,-6.896345
2650,12,1193,1,1196,13,7,4,1,2,23.9,-6.896345,-48.03878
2651,12,1194,1,1197,13,6,3,2,15.5,12.8,23.82262,30.732055
2652,12,1195,1,1197,13,5,3,1,12.8,15.5,30.732055,23.82262
2653,12,1196,1,1198,13,4,2,2,14,9.9,17.655055,23.03282
2654,12,1197,1,1198,13,3,2,1,9.9,14,23.03282,17.655055
2655,12,1198,1,1199,13,2,1,2,14,16,32.676,26.594
2656,12,1199,1,1199,13,1,1,1,16,14,26.594,32.676
2657,16,1590,0,1595,13,10,5,2,0,15,14.85765828,-1.866998448
2658,16,1591,0,1595,13,9,5,1,15,0,-1.866998448,14.85765828
2659,16,1592,0,1596,13,8,4,2,24,25,44.16318491,39.49384025
2660,16,1593,0,1596,13,7,4,1,25,24,39.49384025,44.16318491
2661,16,1594,0,1597,13,6,3,2,4,8,2.594914137,-0.61051166
2662,16,1595,0,1597,13,5,3,1,8,4,-0.61051166,2.594914137
2663,16,1596,0,1598,13,4,2,2,18,28,62.78187771,19.22463777
2664,16,1597,0,1598,13,3,2,1,28,18,19.22463777,62.78187771
2665,16,1598,0,1599,13,2,1,2,5.6,6.2,0.846719049,0.378450006
2666,16,1599,0,1599,13,1,1,1,6.2,5.6,0.378450006,0.846719049
2667,18,1786,1,1793,13,14,7,2,16,16,32.224,32.224
2668,18,1787,1,1793,13,13,7,1,16,16,32.224,32.224
2669,18,1788,1,1794,13,12,6,2,15,23,51.6245,9.1525
2670,18,1789,1,1794,13,11,6,1,23,15,9.1525,51.6245
2671,18,1790,1,1795,13,10,5,2,14,28,63.42,-26.782
2672,18,1791,1,1795,13,9,5,1,28,14,-26.782,63.42
2673,18,1792,1,1796,13,8,4,2,5,12,3.232,7.7435
2674,18,1793,1,1796,13,7,4,1,12,5,7.7435,3.232
2675,18,1794,1,1797,13,6,3,2,13.7,12,22.85398,25.951295
2676,18,1795,1,1797,13,5,3,1,12,13.7,25.951295,22.85398
2677,18,1796,1,1798,13,4,2,2,18,18,35.882,35.882
2678,18,1797,1,1798,13,3,2,1,18,18,35.882,35.882
2679,18,1798,1,1799,13,2,1,2,10,11,17.8655,17.376
2680,18,1799,1,1799,13,1,1,1,11,10,17.376,17.8655
2681,22,2190,0,2195,13,10,5,2,7.2,10.1,13.33656923,9.405852319
2682,22,2191,0,2195,13,9,5,1,10.1,7.2,9.405852319,13.33656923
2683,22,2192,0,2196,13,8,4,2,10,17,34.60722552,18.02100707
2684,22,2193,0,2196,13,7,4,1,17,10,18.02100707,34.60722552
2685,22,2194,0,2197,13,6,3,2,1,1,-22.6235,-22.6235
2686,22,2195,0,2197,13,5,3,1,1,1,-22.6235,-22.6235
2687,22,2196,0,2198,13,4,2,2,28,16,15.36194984,65.12167245
2688,22,2197,0,2198,13,3,2,1,16,28,65.12167245,15.36194984
2689,22,2198,0,2199,13,2,1,2,8,27,64.5599652,3.650115685
2690,22,2199,0,2199,13,1,1,1,27,8,3.650115685,64.5599652
2691,23,2292,0,2296,13,8,4,2,14,14.8,29.69978092,27.65367518
2692,23,2293,0,2296,13,7,4,1,14.8,14,27.65367518,29.69978092
2693,23,2294,0,2297,13,6,3,2,1,1,-22.6235,-22.6235
2694,23,2295,0,2297,13,5,3,1,1,1,-22.6235,-22.6235
2695,23,2296,0,2298,13,4,2,2,2,16,22.13664964,2.136280705
2696,23,2297,0,2298,13,3,2,1,16,2,2.136280705,22.13664964
2697,23,2298,0,2299,13,2,1,2,16,3,3.989228563,23.9200226
2698,23,2299,0,2299,13,1,1,1,3,16,23.9200226,3.989228563
2699,24,2386,1,2393,13,14,7,2,24,24,41.696,41.696
2700,24,2387,1,2393,13,13,7,1,24,24,41.696,41.696
2701,24,2388,1,2394,13,12,6,2,17,14,25.204,35.1775
2702,24,2389,1,2394,13,11,6,1,14,17,35.1775,25.204
2703,24,2390,1,2395,13,10,5,2,10.8,10.1,17.353535,17.67634
2704,24,2391,1,2395,13,9,5,1,10.1,10.8,17.67634,17.353535
2705,24,2392,1,2396,13,8,4,2,17,16,31.164,35.0555
2706,24,2393,1,2396,13,7,4,1,16,17,35.0555,31.164
2707,24,2394,1,2397,13,6,3,2,28,14.9,-22.471945,65.27382
2708,24,2395,1,2397,13,5,3,1,14.9,28,65.27382,-22.471945
2709,24,2396,1,2398,13,4,2,2,15,22,48.892,13.7135
2710,24,2397,1,2398,13,3,2,1,22,15,13.7135,48.892
2711,24,2398,1,2399,13,2,1,2,6,13.9,9.798655,8.39522
2712,24,2399,1,2399,13,1,1,1,13.9,6,8.39522,9.798655
2713,25,2484,1,2492,13,16,8,2,19,14,20.756,40.2135
2714,25,2485,1,2492,13,15,8,1,14,19,40.2135,20.756
2715,25,2486,1,2493,13,14,7,2,17,17,34.1605,34.1605
2716,25,2487,1,2493,13,13,7,1,17,17,34.1605,34.1605
2717,25,2488,1,2494,13,12,6,2,21,25.5,56.544875,21.8105
2718,25,2489,1,2494,13,11,6,1,25.5,21,21.8105,56.544875
2719,25,2490,1,2495,13,10,5,2,16,14,26.594,32.676
2720,25,2491,1,2495,13,9,5,1,14,16,32.676,26.594
2721,25,2492,1,2496,13,8,4,2,20,18,31.642,42.26
2722,25,2493,1,2496,13,7,4,1,18,20,42.26,31.642
2723,25,2494,1,2497,13,6,3,2,20,10,3.93,34.34
2724,25,2495,1,2497,13,5,3,1,10,20,34.34,3.93
2725,25,2496,1,2498,13,4,2,2,18,16,29.548,37.898
2726,25,2497,1,2498,13,3,2,1,16,18,37.898,29.548
2727,25,2498,1,2499,13,2,1,2,19.5,19,36.3415,39.066875
2728,25,2499,1,2499,13,1,1,1,19,19.5,39.066875,36.3415
2729,26,2590,0,2595,13,10,5,2,10,11.5,19.87001972,17.17828688
2730,26,2591,0,2595,13,9,5,1,11.5,10,17.17828688,19.87001972
2731,26,2592,0,2596,13,8,4,2,9,4,0.774072757,5.303556113
2732,26,2593,0,2596,13,7,4,1,4,9,5.303556113,0.774072757
2733,26,2594,0,2597,13,6,3,2,12,17,35.29716499,22.40446388
2734,26,2595,0,2597,13,5,3,1,17,12,22.40446388,35.29716499
2735,26,2596,0,2598,13,4,2,2,23,20,34.1274582,46.25376819
2736,26,2597,0,2598,13,3,2,1,20,23,46.25376819,34.1274582
2737,26,2598,0,2599,13,2,1,2,11,8,12.07290619,16.6723202
2738,26,2599,0,2599,13,1,1,1,8,11,16.6723202,12.07290619
2739,27,2686,1,2693,13,14,7,2,17,8,7.588,22.1995
2740,27,2687,1,2693,13,13,7,1,8,17,22.1995,7.588
2741,27,2688,1,2694,13,12,6,2,16,12.7,22.958095,31.77718
2742,27,2689,1,2694,13,11,6,1,12.7,16,31.77718,22.958095
2743,27,2690,1,2695,13,10,5,2,14.8,14,27.52808,29.68872
2744,27,2691,1,2695,13,9,5,1,14,14.8,29.68872,27.52808
2745,27,2692,1,2696,13,8,4,2,10,12,19.652,18.106
2746,27,2693,1,2696,13,7,4,1,12,10,18.106,19.652
2747,27,2694,1,2697,13,6,3,2,12,11,20.2115,21.268
2748,27,2695,1,2697,13,5,3,1,11,12,21.268,20.2115
2749,27,2696,1,2698,13,4,2,2,22,20,32.876,45.762
2750,27,2697,1,2698,13,3,2,1,20,22,45.762,32.876
2751,27,2698,1,2699,13,2,1,2,8.5,14,19.2965,14.265375
2752,27,2699,1,2699,13,1,1,1,14,8.5,14.265375,19.2965
2753,28,2778,0,2789,13,22,11,2,16,11,20.45316499,32.30046388
2754,28,2779,0,2789,13,21,11,1,11,16,32.30046388,20.45316499
2755,28,2780,0,2790,13,20,10,2,14,13,25.25478269,27.62424247
2756,28,2781,0,2790,13,19,10,1,13,14,27.62424247,25.25478269
2757,28,2782,0,2791,13,18,9,2,24,18,27.84976347,51.47514211
2758,28,2783,0,2791,13,17,9,1,18,24,51.47514211,27.84976347
2759,28,2784,0,2792,13,16,8,2,18,25.5,55.62973288,24.92193208
2760,28,2785,0,2792,13,15,8,1,25.5,18,24.92193208,55.62973288
2761,28,2786,0,2793,13,14,7,2,11,20.6,45.25179417,17.8884841
2762,28,2787,0,2793,13,13,7,1,20.6,11,17.8884841,45.25179417
2763,28,2788,0,2794,13,12,6,2,12,3,1.854121752,11.88891579
2764,28,2789,0,2794,13,11,6,1,3,12,11.88891579,1.854121752
2765,28,2790,0,2795,13,10,5,2,10,17,34.60722552,18.02100707
2766,28,2791,0,2795,13,9,5,1,17,10,18.02100707,34.60722552
2767,28,2792,0,2796,13,8,4,2,18,20,40.89745253,33.85864809
2768,28,2793,0,2796,13,7,4,1,20,18,33.85864809,40.89745253
2769,28,2794,0,2797,13,6,3,2,18,18,35.882,35.882
2770,28,2795,0,2797,13,5,3,1,18,18,35.882,35.882
2771,28,2796,0,2798,13,4,2,2,26,26,41.914,41.914
2772,28,2797,0,2798,13,3,2,1,26,26,41.914,41.914
2773,28,2798,0,2799,13,2,1,2,13.8,10,18.13243259,25.86517065
2774,28,2799,0,2799,13,1,1,1,10,13.8,25.86517065,18.13243259
2775,29,2892,0,2896,13,8,4,2,12,14,27.37896987,22.84913075
2776,29,2893,0,2896,13,7,4,1,14,12,22.84913075,27.37896987
2777,29,2894,0,2897,13,6,3,2,28,15,13.49895394,66.04629722
2778,29,2895,0,2897,13,5,3,1,15,28,66.04629722,13.49895394
2779,29,2896,0,2898,13,4,2,2,14,1,-0.605725667,13.88897683
2780,29,2897,0,2898,13,3,2,1,1,14,13.88897683,-0.605725667
2781,29,2898,0,2899,13,2,1,2,0,14,11.68152342,-2.464593081
2782,29,2899,0,2899,13,1,1,1,14,0,-2.464593081,11.68152342
2783,2,182,1,191,14,18,9,2,11,11,19.3165,19.3165
2784,2,183,1,191,14,17,9,1,11,11,19.3165,19.3165
2785,2,184,1,192,14,16,8,2,14,20,42.748,17.698
2786,2,185,1,192,14,15,8,1,20,14,17.698,42.748
2787,2,186,1,193,14,14,7,2,16,20,43.616,24.648
2788,2,187,1,193,14,13,7,1,20,16,24.648,43.616
2789,2,188,1,194,14,12,6,2,18,12,17.012,35.258
2790,2,189,1,194,14,11,6,1,12,18,35.258,17.012
2791,2,190,1,195,14,10,5,2,26,24,32.764,50.186
2792,2,191,1,195,14,9,5,1,24,26,50.186,32.764
2793,2,192,1,196,14,8,4,2,16,14.8,28.84072,32.76208
2794,2,193,1,196,14,7,4,1,14.8,16,32.76208,28.84072
2795,2,194,1,197,14,6,3,2,18,18,35.882,35.882
2796,2,195,1,197,14,5,3,1,18,18,35.882,35.882
2797,2,196,1,198,14,4,2,2,16,20.2,44.19022,24.03568
2798,2,197,1,198,14,3,2,1,20.2,16,24.03568,44.19022
2799,2,198,1,199,14,2,1,2,11,13.5,24.215875,20.5115
2800,2,199,1,199,14,1,1,1,13.5,11,20.5115,24.215875
2801,5,484,0,492,14,16,8,2,14,12,22.84913075,27.37896987
2802,5,485,0,492,14,15,8,1,12,14,27.37896987,22.84913075
2803,5,486,0,493,14,14,7,2,14,2,1.298707124,15.93291517
2804,5,487,0,493,14,13,7,1,2,14,15.93291517,1.298707124
2805,5,488,0,494,14,12,6,2,24,28,51.83813189,31.90627059
2806,5,489,0,494,14,11,6,1,28,24,31.90627059,51.83813189
2807,5,490,0,495,14,10,5,2,11,14,26.9701822,20.4890442
2808,5,491,0,495,14,9,5,1,14,11,20.4890442,26.9701822
2809,5,492,0,496,14,8,4,2,2,0,-22.38990392,-22.87799546
2810,5,493,0,496,14,7,4,1,0,2,-22.87799546,-22.38990392
2811,5,494,0,497,14,6,3,2,10,14,26.39787946,18.17452301
2812,5,495,0,497,14,5,3,1,14,10,18.17452301,26.39787946
2813,5,496,0,498,14,4,2,2,7,8,7.638001135,6.52302402
2814,5,497,0,498,14,3,2,1,8,7,6.52302402,7.638001135
2815,5,498,0,499,14,2,1,2,12,22,49.4054644,18.39305108
2816,5,499,0,499,14,1,1,1,22,12,18.39305108,49.4054644
2817,7,686,1,693,14,14,7,2,18,18,35.882,35.882
2818,7,687,1,693,14,13,7,1,18,18,35.882,35.882
2819,7,688,1,694,14,12,6,2,14,28,63.42,-26.782
2820,7,689,1,694,14,11,6,1,28,14,-26.782,63.42
2821,7,690,1,695,14,10,5,2,16,12,21.008,30.904
2822,7,691,1,695,14,9,5,1,12,16,30.904,21.008
2823,7,692,1,696,14,8,4,2,26,26,41.914,41.914
2824,7,693,1,696,14,7,4,1,26,26,41.914,41.914
2825,7,694,1,697,14,6,3,2,14.5,9.5,16.243625,22.943625
2826,7,695,1,697,14,5,3,1,9.5,14.5,22.943625,16.243625
2827,7,696,1,698,14,4,2,2,2,1,-17.8185,-22.432
2828,7,697,1,698,14,3,2,1,1,2,-22.432,-17.8185
2829,7,698,1,699,14,2,1,2,13.2,11,20.55158,23.62432
2830,7,699,1,699,14,1,1,1,11,13.2,23.62432,20.55158
2831,8,786,0,793,14,14,7,2,12,14,27.37896987,22.84913075
2832,8,787,0,793,14,13,7,1,14,12,22.84913075,27.37896987
2833,8,788,0,794,14,12,6,2,12,10,17.45929164,21.15280898
2834,8,789,0,794,14,11,6,1,10,12,21.15280898,17.45929164
2835,8,790,0,795,14,10,5,2,8,13.6,23.66031365,13.5526352
2836,8,791,0,795,14,9,5,1,13.6,8,13.5526352,23.66031365
2837,8,792,0,796,14,8,4,2,14,25,57.67670529,17.81333844
2838,8,793,0,796,14,7,4,1,25,14,17.81333844,57.67670529
2839,8,794,0,797,14,6,3,2,2,10,4.072230751,-2.338620844
2840,8,795,0,797,14,5,3,1,10,2,-2.338620844,4.072230751
2841,8,796,0,798,14,4,2,2,14,20.2,43.92056654,24.56324041
2842,8,797,0,798,14,3,2,1,20.2,14,24.56324041,43.92056654
2843,8,798,0,799,14,2,1,2,20,18,33.85864809,40.89745253
2844,8,799,0,799,14,1,1,1,18,20,40.89745253,33.85864809
2845,11,1086,0,1093,14,14,7,2,5.5,2,-9.557840466,-8.399601388
2846,11,1087,0,1093,14,13,7,1,2,5.5,-8.399601388,-9.557840466
2847,11,1088,0,1094,14,12,6,2,12,10,17.45929164,21.15280898
2848,11,1089,0,1094,14,11,6,1,10,12,21.15280898,17.45929164
2849,11,1090,0,1095,14,10,5,2,26,4,-0.705797419,58.32197235
2850,11,1091,0,1095,14,9,5,1,4,26,58.32197235,-0.705797419
2851,11,1092,0,1096,14,8,4,2,2.5,0.5,-19.88681914,-20.16583024
2852,11,1093,0,1096,14,7,4,1,0.5,2.5,-20.16583024,-19.88681914
2853,11,1094,0,1097,14,6,3,2,12,12,22.328,22.328
2854,11,1095,0,1097,14,5,3,1,12,12,22.328,22.328
2855,11,1096,0,1098,14,4,2,2,18,10,17.64280495,37.43480495
2856,11,1097,0,1098,14,3,2,1,10,18,37.43480495,17.64280495
2857,11,1098,0,1099,14,2,1,2,20,18,33.85864809,40.89745253
2858,11,1099,0,1099,14,1,1,1,18,20,40.89745253,33.85864809
2859,12,1188,1,1194,14,12,6,2,23,21.9,36.807355,44.79902
2860,12,1189,1,1194,14,11,6,1,21.9,23,44.79902,36.807355
2861,12,1190,1,1195,14,10,5,2,25,25,41.9125,41.9125
2862,12,1191,1,1195,14,9,5,1,25,25,41.9125,41.9125
2863,12,1192,1,1196,14,8,4,2,10,26.5,46.792375,-33.7895
2864,12,1193,1,1196,14,7,4,1,26.5,10,-33.7895,46.792375
2865,12,1194,1,1197,14,6,3,2,20,14,17.698,42.748
2866,12,1195,1,1197,14,5,3,1,14,20,42.748,17.698
2867,12,1196,1,1198,14,4,2,2,26.7,10.3,-33.964475,48.453725
2868,12,1197,1,1198,14,3,2,1,10.3,26.7,48.453725,-33.964475
2869,12,1198,1,1199,14,2,1,2,15,16,32.728,29.4035
2870,12,1199,1,1199,14,1,1,1,16,15,29.4035,32.728
2871,16,1590,0,1595,14,10,5,2,18,0,-1.055304949,24.65945511
2872,16,1591,0,1595,14,9,5,1,0,18,24.65945511,-1.055304949
2873,16,1592,0,1596,14,8,4,2,25,24,39.49384025,44.16318491
2874,16,1593,0,1596,14,7,4,1,24,25,44.16318491,39.49384025
2875,16,1594,0,1597,14,6,3,2,10,10,16.09,16.09
2876,16,1595,0,1597,14,5,3,1,10,10,16.09,16.09
2877,16,1596,0,1598,14,4,2,2,16,28,65.12167245,15.36194984
2878,16,1597,0,1598,14,3,2,1,28,16,15.36194984,65.12167245
2879,16,1598,0,1599,14,2,1,2,9.8,7,8.635509286,12.28432793
2880,16,1599,0,1599,14,1,1,1,7,9.8,12.28432793,8.635509286
2881,18,1786,1,1793,14,14,7,2,14,14,27.706,27.706
2882,18,1787,1,1793,14,13,7,1,14,14,27.706,27.706
2883,18,1788,1,1794,14,12,6,2,14,25,55.5855,-5.932
2884,18,1789,1,1794,14,11,6,1,25,14,-5.932,55.5855
2885,18,1790,1,1795,14,10,5,2,20,20,38.68,38.68
2886,18,1791,1,1795,14,9,5,1,20,20,38.68,38.68
2887,18,1792,1,1796,14,8,4,2,10,11.5,18.757375,17.8105
2888,18,1793,1,1796,14,7,4,1,11.5,10,17.8105,18.757375
2889,18,1794,1,1797,14,6,3,2,16,14.5,27.997375,32.7715
2890,18,1795,1,1797,14,5,3,1,14.5,16,32.7715,27.997375
2891,18,1796,1,1798,14,4,2,2,16,16,32.224,32.224
2892,18,1797,1,1798,14,3,2,1,16,16,32.224,32.224
2893,18,1798,1,1799,14,2,1,2,10.9,17.2,31.37074,15.605935
2894,18,1799,1,1799,14,1,1,1,17.2,10.9,15.605935,31.37074
2895,22,2190,0,2195,14,10,5,2,7.1,4.1,-1.760898211,0.392274604
2896,22,2191,0,2195,14,9,5,1,4.1,7.1,0.392274604,-1.760898211
2897,22,2192,0,2196,14,8,4,2,12,14,27.37896987,22.84913075
2898,22,2193,0,2196,14,7,4,1,14,12,22.84913075,27.37896987
2899,22,2194,0,2197,14,6,3,2,1,16,20.18976161,0.328898224
2900,22,2195,0,2197,14,5,3,1,16,1,0.328898224,20.18976161
2901,22,2196,0,2198,14,4,2,2,26,18,23.86423075,57.03737916
2902,22,2197,0,2198,14,3,2,1,18,26,57.03737916,23.86423075
2903,22,2198,0,2199,14,2,1,2,12,0,-4.15032755,5.465949842
2904,22,2199,0,2199,14,1,1,1,0,12,5.465949842,-4.15032755
2905,23,2292,0,2296,14,8,4,2,14,17.5,36.64408793,26.70447021
2906,23,2293,0,2296,14,7,4,1,17.5,14,26.70447021,36.64408793
2907,23,2294,0,2297,14,6,3,2,5,1,-12.905529,-12.20906853
2908,23,2295,0,2297,14,5,3,1,1,5,-12.20906853,-12.905529
2909,23,2296,0,2298,14,4,2,2,10,6,6.511166564,11.38923591
2910,23,2297,0,2298,14,3,2,1,6,10,11.38923591,6.511166564
2911,23,2298,0,2299,14,2,1,2,21,5,6.336363366,42.57507626
2912,23,2299,0,2299,14,1,1,1,5,21,42.57507626,6.336363366
2913,24,2386,1,2393,14,14,7,2,26,26,41.914,41.914
2914,24,2387,1,2393,14,13,7,1,26,26,41.914,41.914
2915,24,2388,1,2394,14,12,6,2,14,16,32.676,26.594
2916,24,2389,1,2394,14,11,6,1,16,14,26.594,32.676
2917,24,2390,1,2395,14,10,5,2,10.2,10,16.39168,16.44422
2918,24,2391,1,2395,14,9,5,1,10,10.2,16.44422,16.39168
2919,24,2392,1,2396,14,8,4,2,18,14,23.258,37.69
2920,24,2393,1,2396,14,7,4,1,14,18,37.69,23.258
2921,24,2394,1,2397,14,6,3,2,14.9,15,30.10882,29.807555
2922,24,2395,1,2397,14,5,3,1,15,14.9,29.807555,30.10882
2923,24,2396,1,2398,14,4,2,2,22,4,-27.476,6.85
2924,24,2397,1,2398,14,3,2,1,4,22,6.85,-27.476
2925,24,2398,1,2399,14,2,1,2,14,10,17.898,23.258
2926,24,2399,1,2399,14,1,1,1,10,14,23.258,17.898
2927,25,2484,1,2492,14,16,8,2,14,19,40.2135,20.756
2928,25,2485,1,2492,14,15,8,1,19,14,20.756,40.2135
2929,25,2486,1,2493,14,14,7,2,18,18,35.882,35.882
2930,25,2487,1,2493,14,13,7,1,18,18,35.882,35.882
2931,25,2488,1,2494,14,12,6,2,25.5,21,21.8105,56.544875
2932,25,2489,1,2494,14,11,6,1,21,25.5,56.544875,21.8105
2933,25,2490,1,2495,14,10,5,2,18,20,42.26,31.642
2934,25,2491,1,2495,14,9,5,1,20,18,31.642,42.26
2935,25,2492,1,2496,14,8,4,2,18,21.7,47.715895,26.28938
2936,25,2493,1,2496,14,7,4,1,21.7,18,26.28938,47.715895
2937,25,2494,1,2497,14,6,3,2,10,8,12.572,11.85
2938,25,2495,1,2497,14,5,3,1,8,10,11.85,12.572
2939,25,2496,1,2498,14,4,2,2,18,18,35.882,35.882
2940,25,2497,1,2498,14,3,2,1,18,18,35.882,35.882
2941,25,2498,1,2499,14,2,1,2,20,19.5,36.916375,39.7835
2942,25,2499,1,2499,14,1,1,1,19.5,20,39.7835,36.916375
2943,26,2590,0,2595,14,10,5,2,12,13,24.83070224,22.67032291
2944,26,2591,0,2595,14,9,5,1,13,12,22.67032291,24.83070224
2945,26,2592,0,2596,14,8,4,2,3,3.3,-11.76148229,-11.82312545
2946,26,2593,0,2596,14,7,4,1,3.3,3,-11.82312545,-11.76148229
2947,26,2594,0,2597,14,6,3,2,20,21.5,42.41562305,36.58768355
2948,26,2595,0,2597,14,5,3,1,21.5,20,36.58768355,42.41562305
2949,26,2596,0,2598,14,4,2,2,23,22,38.83992069,43.09110446
2950,26,2597,0,2598,14,3,2,1,22,23,43.09110446,38.83992069
2951,26,2598,0,2599,14,2,1,2,20,17,31.5163202,41.76090619
2952,26,2599,0,2599,14,1,1,1,17,20,41.76090619,31.5163202
2953,27,2686,1,2693,14,14,7,2,13,10,18.28,21.4495
2954,27,2687,1,2693,14,13,7,1,10,13,21.4495,18.28
2955,27,2688,1,2694,14,12,6,2,16,11.8,20.45182,30.60448
2956,27,2689,1,2694,14,11,6,1,11.8,16,30.60448,20.45182
2957,27,2690,1,2695,14,10,5,2,13,14,27.428,25.2375
2958,27,2691,1,2695,14,9,5,1,14,13,25.2375,27.428
2959,27,2692,1,2696,14,8,4,2,10,26,45.818,-30.054
2960,27,2693,1,2696,14,7,4,1,26,10,-30.054,45.818
2961,27,2694,1,2697,14,6,3,2,10,10,16.09,16.09
2962,27,2695,1,2697,14,5,3,1,10,10,16.09,16.09
2963,27,2696,1,2698,14,4,2,2,22,22,40.618,40.618
2964,27,2697,1,2698,14,3,2,1,22,22,40.618,40.618
2965,27,2698,1,2699,14,2,1,2,11.2,14,25.52648,20.82192
2966,27,2699,1,2699,14,1,1,1,14,11.2,20.82192,25.52648
2967,28,2778,0,2789,14,22,11,2,14,18,37.96652301,26.39787946
2968,28,2779,0,2789,14,21,11,1,18,14,26.39787946,37.96652301
2969,28,2780,0,2790,14,20,10,2,13,14,27.62424247,25.25478269
2970,28,2781,0,2790,14,19,10,1,14,13,25.25478269,27.62424247
2971,28,2782,0,2791,14,18,9,2,12,16,32.61220124,22.71620124
2972,28,2783,0,2791,14,17,9,1,16,12,22.71620124,32.61220124
2973,28,2784,0,2792,14,16,8,2,10.5,25.5,60.12161823,10.4667916
2974,28,2785,0,2792,14,15,8,1,25.5,10.5,10.4667916,60.12161823
2975,28,2786,0,2793,14,14,7,2,21.7,14.2,23.2795784,48.02858655
2976,28,2787,0,2793,14,13,7,1,14.2,21.7,48.02858655,23.2795784
2977,28,2788,0,2794,14,12,6,2,12,6,8.268659444,16.84024613
2978,28,2789,0,2794,14,11,6,1,6,12,16.84024613,8.268659444
2979,28,2790,0,2795,14,10,5,2,12,13,24.83070224,22.67032291
2980,28,2791,0,2795,14,9,5,1,13,12,22.67032291,24.83070224
2981,28,2792,0,2796,14,8,4,2,6.5,22,47.26874008,8.111553361
2982,28,2793,0,2796,14,7,4,1,22,6.5,8.111553361,47.26874008
2983,28,2794,0,2797,14,6,3,2,20,20,38.68,38.68
2984,28,2795,0,2797,14,5,3,1,20,20,38.68,38.68
2985,28,2796,0,2798,14,4,2,2,26,26,41.914,41.914
2986,28,2797,0,2798,14,3,2,1,26,26,41.914,41.914
2987,28,2798,0,2799,14,2,1,2,22,10,14.49484582,49.20077647
2988,28,2799,0,2799,14,1,1,1,10,22,49.20077647,14.49484582
2989,29,2892,0,2896,14,8,4,2,19.5,0,-1.201321551,29.71413667
2990,29,2893,0,2896,14,7,4,1,0,19.5,29.71413667,-1.201321551
2991,29,2894,0,2897,14,6,3,2,15,28,66.04629722,13.49895394
2992,29,2895,0,2897,14,5,3,1,28,15,13.49895394,66.04629722
2993,29,2896,0,2898,14,4,2,2,16,20,42.46084479,29.21955769
2994,29,2897,0,2898,14,3,2,1,20,16,29.21955769,42.46084479
2995,29,2898,0,2899,14,2,1,2,0,15,14.85765828,-1.866998448
2996,29,2899,0,2899,14,1,1,1,15,0,-1.866998448,14.85765828
2997,2,182,1,191,15,18,9,2,11,10,17.376,17.8655
2998,2,183,1,191,15,17,9,1,10,11,17.8655,17.376
2999,2,184,1,192,15,16,8,2,16,12,21.008,30.904
3000,2,185,1,192,15,15,8,1,12,16,30.904,21.008
3001,2,186,1,193,15,14,7,2,20,18,31.642,42.26
3002,2,187,1,193,15,13,7,1,18,20,42.26,31.642
3003,2,188,1,194,15,12,6,2,10,14,23.258,17.898
3004,2,189,1,194,15,11,6,1,14,10,17.898,23.258
3005,2,190,1,195,15,10,5,2,18,20,42.26,31.642
3006,2,191,1,195,15,9,5,1,20,18,31.642,42.26
3007,2,192,1,196,15,8,4,2,14,14,27.706,27.706
3008,2,193,1,196,15,7,4,1,14,14,27.706,27.706
3009,2,194,1,197,15,6,3,2,28,18,-7.558,68.212
3010,2,195,1,197,15,5,3,1,18,28,68.212,-7.558
3011,2,196,1,198,15,4,2,2,14.5,0,-7.0765,-26.698625
3012,2,197,1,198,15,3,2,1,0,14.5,-26.698625,-7.0765
3013,2,198,1,199,15,2,1,2,13.9,11.9,22.566725,26.267325
3014,2,199,1,199,15,1,1,1,11.9,13.9,26.267325,22.566725
3015,5,484,0,492,15,16,8,2,0,18,24.65945511,-1.055304949
3016,5,485,0,492,15,15,8,1,18,0,-1.055304949,24.65945511
3017,5,486,0,493,15,14,7,2,0.2,2,-22.3069632,-21.9053153
3018,5,487,0,493,15,13,7,1,2,0.2,-21.9053153,-22.3069632
3019,5,488,0,494,15,12,6,2,28,26,36.49800454,46.88209608
3020,5,489,0,494,15,11,6,1,26,28,46.88209608,36.49800454
3021,5,490,0,495,15,10,5,2,10,16,31.82521146,18.23569412
3022,5,491,0,495,15,9,5,1,16,10,18.23569412,31.82521146
3023,5,492,0,496,15,8,4,2,2.5,0,-21.08957682,-21.56901596
3024,5,493,0,496,15,7,4,1,0,2.5,-21.56901596,-21.08957682
3025,5,494,0,497,15,6,3,2,10,10,16.09,16.09
3026,5,495,0,497,15,5,3,1,10,10,16.09,16.09
3027,5,496,0,498,15,4,2,2,7,7,5.1205,5.1205
3028,5,497,0,498,15,3,2,1,7,7,5.1205,5.1205
3029,5,498,0,499,15,2,1,2,16,18,37.25129164,31.04880898
3030,5,499,0,499,15,1,1,1,18,16,31.04880898,37.25129164
3031,7,686,1,693,15,14,7,2,20,10,3.93,34.34
3032,7,687,1,693,15,13,7,1,10,20,34.34,3.93
3033,7,688,1,694,15,12,6,2,14,14,27.706,27.706
3034,7,689,1,694,15,11,6,1,14,14,27.706,27.706
3035,7,690,1,695,15,10,5,2,14,12,22.78,26.594
3036,7,691,1,695,15,9,5,1,12,14,26.594,22.78
3037,7,692,1,696,15,8,4,2,26,26,41.914,41.914
3038,7,693,1,696,15,7,4,1,26,26,41.914,41.914
3039,7,694,1,697,15,6,3,2,14.5,9.5,16.243625,22.943625
3040,7,695,1,697,15,5,3,1,9.5,14.5,22.943625,16.243625
3041,7,696,1,698,15,4,2,2,15,2,-3.448,-11.8265
3042,7,697,1,698,15,3,2,1,2,15,-11.8265,-3.448
3043,7,698,1,699,15,2,1,2,13,12.3,23.518595,24.71458
3044,7,699,1,699,15,1,1,1,12.3,13,24.71458,23.518595
3045,8,786,0,793,15,14,7,2,16,14.5,28.57314038,32.67616622
3046,8,787,0,793,15,13,7,1,14.5,16,32.67616622,28.57314038
3047,8,788,0,794,15,12,6,2,16,10,18.23569412,31.82521146
3048,8,789,0,794,15,11,6,1,10,16,31.82521146,18.23569412
3049,8,790,0,795,15,10,5,2,2,28,63.18654809,-6.573543445
3050,8,791,0,795,15,9,5,1,28,2,-6.573543445,63.18654809
3051,8,792,0,796,15,8,4,2,10,25,58.50369157,10.41696827
3052,8,793,0,796,15,7,4,1,25,10,10.41696827,58.50369157
3053,8,794,0,797,15,6,3,2,22,16,26.73624613,47.85265944
3054,8,795,0,797,15,5,3,1,16,22,47.85265944,26.73624613
3055,8,796,0,798,15,4,2,2,20,6.5,9.672886979,40.95494748
3056,8,797,0,798,15,3,2,1,6.5,20,40.95494748,9.672886979
3057,8,798,0,799,15,2,1,2,18,18,35.882,35.882
3058,8,799,0,799,15,1,1,1,18,18,35.882,35.882
3059,11,1086,0,1093,15,14,7,2,3.5,3,-11.36971816,-11.25652555
3060,11,1087,0,1093,15,13,7,1,3,3.5,-11.25652555,-11.36971816
3061,11,1088,0,1094,15,12,6,2,10,14,26.39787946,18.17452301
3062,11,1089,0,1094,15,11,6,1,14,10,18.17452301,26.39787946
3063,11,1090,0,1095,15,10,5,2,0,12,5.465949842,-4.15032755
3064,11,1091,0,1095,15,9,5,1,12,0,-4.15032755,5.465949842
3065,11,1092,0,1096,15,8,4,2,2.5,0.6,-19.64490065,-19.89009854
3066,11,1093,0,1096,15,7,4,1,0.6,2.5,-19.89009854,-19.64490065
3067,11,1094,0,1097,15,6,3,2,16,6,9.821464398,28.28905108
3068,11,1095,0,1097,15,5,3,1,6,16,28.28905108,9.821464398
3069,11,1096,0,1098,15,4,2,2,10,9,13.62694358,15.16008158
3070,11,1097,0,1098,15,3,2,1,9,10,15.16008158,13.62694358
3071,11,1098,0,1099,15,2,1,2,20,22,43.68361342,35.8084872
3072,11,1099,0,1099,15,1,1,1,22,20,35.8084872,43.68361342
3073,12,1188,1,1194,15,12,6,2,20,12.8,13.54912,41.15968
3074,12,1189,1,1194,15,11,6,1,12.8,20,41.15968,13.54912
3075,12,1190,1,1195,15,10,5,2,25,25,41.9125,41.9125
3076,12,1191,1,1195,15,9,5,1,25,25,41.9125,41.9125
3077,12,1192,1,1196,15,8,4,2,28,25.5,28.961375,53.2195
3078,12,1193,1,1196,15,7,4,1,25.5,28,53.2195,28.961375
3079,12,1194,1,1197,15,6,3,2,12,17.5,34.165375,18.2195
3080,12,1195,1,1197,15,5,3,1,17.5,12,18.2195,34.165375
3081,12,1196,1,1198,15,4,2,2,10.3,10,16.53418,16.621495
3082,12,1197,1,1198,15,3,2,1,10,10.3,16.621495,16.53418
3083,12,1198,1,1199,15,2,1,2,14,18,37.69,23.258
3084,12,1199,1,1199,15,1,1,1,18,14,23.258,37.69
3085,16,1590,0,1595,15,10,5,2,18,20,40.89745253,33.85864809
3086,16,1591,0,1595,15,9,5,1,20,18,33.85864809,40.89745253
3087,16,1592,0,1596,15,8,4,2,25,25,41.9125,41.9125
3088,16,1593,0,1596,15,7,4,1,25,25,41.9125,41.9125
3089,16,1594,0,1597,15,6,3,2,16,12,22.71620124,32.61220124
3090,16,1595,0,1597,15,5,3,1,12,16,32.61220124,22.71620124
3091,16,1596,0,1598,15,4,2,2,12,28,67.83908112,8.183358512
3092,16,1597,0,1598,15,3,2,1,28,12,8.183358512,67.83908112
3093,16,1598,0,1599,15,2,1,2,19.7,6.9,10.59658607,40.39042529
3094,16,1599,0,1599,15,1,1,1,6.9,19.7,40.39042529,10.59658607
3095,18,1786,1,1793,15,14,7,2,18,18,35.882,35.882
3096,18,1787,1,1793,15,13,7,1,18,18,35.882,35.882
3097,18,1788,1,1794,15,12,6,2,14.5,16,32.7715,27.997375
3098,18,1789,1,1794,15,11,6,1,16,14.5,27.997375,32.7715
3099,18,1790,1,1795,15,10,5,2,22,22,40.618,40.618
3100,18,1791,1,1795,15,9,5,1,22,22,40.618,40.618
3101,18,1792,1,1796,15,8,4,2,14,12,22.78,26.594
3102,18,1793,1,1796,15,7,4,1,12,14,26.594,22.78
3103,18,1794,1,1797,15,6,3,2,14.5,11.8,22.03882,27.417355
3104,18,1795,1,1797,15,5,3,1,11.8,14.5,27.417355,22.03882
3105,18,1796,1,1798,15,4,2,2,10,20,34.34,3.93
3106,18,1797,1,1798,15,3,2,1,20,10,3.93,34.34
3107,18,1798,1,1799,15,2,1,2,16,14,26.594,32.676
3108,18,1799,1,1799,15,1,1,1,14,16,32.676,26.594
3109,22,2190,0,2195,15,10,5,2,6.8,5.1,0.144214286,1.488748412
3110,22,2191,0,2195,15,9,5,1,5.1,6.8,1.488748412,0.144214286
3111,22,2192,0,2196,15,8,4,2,16,11,20.45316499,32.30046388
3112,22,2193,0,2196,15,7,4,1,11,16,32.30046388,20.45316499
3113,22,2194,0,2197,15,6,3,2,17,1,0.550937568,23.40850206
3114,22,2195,0,2197,15,5,3,1,1,17,23.40850206,0.550937568
3115,22,2196,0,2198,15,4,2,2,20,20,38.68,38.68
3116,22,2197,0,2198,15,3,2,1,20,20,38.68,38.68
3117,22,2198,0,2199,15,2,1,2,14,0,-2.464593081,11.68152342
3118,22,2199,0,2199,15,1,1,1,0,14,11.68152342,-2.464593081
3119,23,2292,0,2296,15,8,4,2,16,14,27.37896987,32.74513075
3120,23,2293,0,2296,15,7,4,1,14,16,32.74513075,27.37896987
3121,23,2294,0,2297,15,6,3,2,2,1,-19.94873465,-20.0882402
3122,23,2295,0,2297,15,5,3,1,1,2,-20.0882402,-19.94873465
3123,23,2296,0,2298,15,4,2,2,16,4,5.887741798,25.53988049
3124,23,2297,0,2298,15,3,2,1,4,16,25.53988049,5.887741798
3125,23,2298,0,2299,15,2,1,2,5,25,55.8583354,2.196726523
3126,23,2299,0,2299,15,1,1,1,25,5,2.196726523,55.8583354
3127,24,2386,1,2393,15,14,7,2,26,28,51.108,31.418
3128,24,2387,1,2393,15,13,7,1,28,26,31.418,51.108
3129,24,2388,1,2394,15,12,6,2,13,10,18.28,21.4495
3130,24,2389,1,2394,15,11,6,1,10,13,21.4495,18.28
3131,24,2390,1,2395,15,10,5,2,10,10,16.09,16.09
3132,24,2391,1,2395,15,9,5,1,10,10,16.09,16.09
3133,24,2392,1,2396,15,8,4,2,14,16,32.676,26.594
3134,24,2393,1,2396,15,7,4,1,16,14,26.594,32.676
3135,24,2394,1,2397,15,6,3,2,14.9,14.9,29.845525,29.845525
3136,24,2395,1,2397,15,5,3,1,14.9,14.9,29.845525,29.845525
3137,24,2396,1,2398,15,4,2,2,8,10,11.85,12.572
3138,24,2397,1,2398,15,3,2,1,10,8,12.572,11.85
3139,24,2398,1,2399,15,2,1,2,6.7,16,15.45238,6.417895
3140,24,2399,1,2399,15,1,1,1,16,6.7,6.417895,15.45238
3141,25,2484,1,2492,15,16,8,2,18,19,39.0655,34.04
3142,25,2485,1,2492,15,15,8,1,19,18,34.04,39.0655
3143,25,2486,1,2493,15,14,7,2,19,19,37.3885,37.3885
3144,25,2487,1,2493,15,13,7,1,19,19,37.3885,37.3885
3145,25,2488,1,2494,15,12,6,2,25.5,25.5,41.940125,41.940125
3146,25,2489,1,2494,15,11,6,1,25.5,25.5,41.940125,41.940125
3147,25,2490,1,2495,15,10,5,2,13,20,41.48,14.2395
3148,25,2491,1,2495,15,9,5,1,20,13,14.2395,41.48
3149,25,2492,1,2496,15,8,4,2,26,20,14.596,60.058
3150,25,2493,1,2496,15,7,4,1,20,26,60.058,14.596
3151,25,2494,1,2497,15,6,3,2,14,10,17.898,23.258
3152,25,2495,1,2497,15,5,3,1,10,14,23.258,17.898
3153,25,2496,1,2498,15,4,2,2,20,16.5,26.392375,43.4855
3154,25,2497,1,2498,15,3,2,1,16.5,20,43.4855,26.392375
3155,25,2498,1,2499,15,2,1,2,20.5,20,37.4375,40.446375
3156,25,2499,1,2499,15,1,1,1,20,20.5,40.446375,37.4375
3157,26,2590,0,2595,15,10,5,2,15,15,30.0725,30.0725
3158,26,2591,0,2595,15,9,5,1,15,15,30.0725,30.0725
3159,26,2592,0,2596,15,8,4,2,3,9,3.344022135,-1.464116562
3160,26,2593,0,2596,15,7,4,1,9,3,-1.464116562,3.344022135
3161,26,2594,0,2597,15,6,3,2,25,14.2,18.20229441,57.56667965
3162,26,2595,0,2597,15,5,3,1,14.2,25,57.56667965,18.20229441
3163,26,2596,0,2598,15,4,2,2,23,21,36.46090676,44.75419386
3164,26,2597,0,2598,15,3,2,1,21,23,44.75419386,36.46090676
3165,26,2598,0,2599,15,2,1,2,17,18,36.64840335,33.4426218
3166,26,2599,0,2599,15,1,1,1,18,17,33.4426218,36.64840335
3167,27,2686,1,2693,15,14,7,2,12,13,24.4555,22.832
3168,27,2687,1,2693,15,13,7,1,13,12,22.832,24.4555
3169,27,2688,1,2694,15,12,6,2,16,18.9,40.465655,27.61822
3170,27,2689,1,2694,15,11,6,1,18.9,16,27.61822,40.465655
3171,27,2690,1,2695,15,10,5,2,9,13,19.1125,16.0205
3172,27,2691,1,2695,15,9,5,1,13,9,16.0205,19.1125
3173,27,2692,1,2696,15,8,4,2,18,26,61.658,5.578
3174,27,2693,1,2696,15,7,4,1,26,18,5.578,61.658
3175,27,2694,1,2697,15,6,3,2,12,10,18.106,19.652
3176,27,2695,1,2697,15,5,3,1,10,12,19.652,18.106
3177,27,2696,1,2698,15,4,2,2,16,18,37.898,29.548
3178,27,2697,1,2698,15,3,2,1,18,16,29.548,37.898
3179,27,2698,1,2699,15,2,1,2,8.9,14,20.47522,15.231655
3180,27,2699,1,2699,15,1,1,1,14,8.9,15.231655,20.47522
3181,28,2778,0,2789,15,22,11,2,22,9.5,13.54877286,49.04740757
3182,28,2779,0,2789,15,21,11,1,9.5,22,49.04740757,13.54877286
3183,28,2780,0,2790,15,20,10,2,14,12,22.84913075,27.37896987
3184,28,2781,0,2790,15,19,10,1,12,14,27.37896987,22.84913075
3185,28,2782,0,2791,15,18,9,2,16,26,59.18307327,19.80744221
3186,28,2783,0,2791,15,17,9,1,26,16,19.80744221,59.18307327
3187,28,2784,0,2792,15,16,8,2,10.5,14,26.70447021,19.32608793
3188,28,2785,0,2792,15,15,8,1,14,10.5,19.32608793,26.70447021
3189,28,2786,0,2793,15,14,7,2,5.8,17.8,33.45084929,9.282573005
3190,28,2787,0,2793,15,13,7,1,17.8,5.8,9.282573005,33.45084929
3191,28,2788,0,2794,15,12,6,2,12,4.8,5.65363376,15.03631027
3192,28,2789,0,2794,15,11,6,1,4.8,12,15.03631027,5.65363376
3193,28,2790,0,2795,15,10,5,2,11,13,24.37338942,20.2617112
3194,28,2791,0,2795,15,9,5,1,13,11,20.2617112,24.37338942
3195,28,2792,0,2796,15,8,4,2,8.3,10,14.41184722,11.92991548
3196,28,2793,0,2796,15,7,4,1,10,8.3,11.92991548,14.41184722
3197,28,2794,0,2797,15,6,3,2,22,22,40.618,40.618
3198,28,2795,0,2797,15,5,3,1,22,22,40.618,40.618
3199,28,2796,0,2798,15,4,2,2,26,26,41.914,41.914
3200,28,2797,0,2798,15,3,2,1,26,26,41.914,41.914
3201,28,2798,0,2799,15,2,1,2,0.2,10,-0.073970222,-6.083173911
3202,28,2799,0,2799,15,1,1,1,10,0.2,-6.083173911,-0.073970222
3203,29,2892,0,2896,15,8,4,2,26,16.1,20.00595292,59.0913225
3204,29,2893,0,2896,15,7,4,1,16.1,26,59.0913225,20.00595292
3205,29,2894,0,2897,15,6,3,2,28,15,13.49895394,66.04629722
3206,29,2895,0,2897,15,5,3,1,15,28,66.04629722,13.49895394
3207,29,2896,0,2898,15,4,2,2,14,0,-2.464593081,11.68152342
3208,29,2897,0,2898,15,3,2,1,0,14,11.68152342,-2.464593081
3209,29,2898,0,2899,15,2,1,2,0,16,18.07935851,-1.432918881
3210,29,2899,0,2899,15,1,1,1,16,0,-1.432918881,18.07935851
3211,2,182,1,191,16,18,9,2,12,10,18.106,19.652
3212,2,183,1,191,16,17,9,1,10,12,19.652,18.106
3213,2,184,1,192,16,16,8,2,16,18,37.898,29.548
3214,2,185,1,192,16,15,8,1,18,16,29.548,37.898
3215,2,186,1,193,16,14,7,2,14,18,37.69,23.258
3216,2,187,1,193,16,13,7,1,18,14,23.258,37.69
3217,2,188,1,194,16,12,6,2,6,14,9.914,8.266
3218,2,189,1,194,16,11,6,1,14,6,8.266,9.914
3219,2,190,1,195,16,10,5,2,10,18,30.602,10.81
3220,2,191,1,195,16,9,5,1,18,10,10.81,30.602
3221,2,192,1,196,16,8,4,2,15,28,65.452,-21.9925
3222,2,193,1,196,16,7,4,1,28,15,-21.9925,65.452
3223,2,194,1,197,16,6,3,2,6,18,14.618,-1.462
3224,2,195,1,197,16,5,3,1,18,6,-1.462,14.618
3225,2,196,1,198,16,4,2,2,19,0,-24.352,-25.8245
3226,2,197,1,198,16,3,2,1,0,19,-25.8245,-24.352
3227,2,198,1,199,16,2,1,2,19,15,24.0605,40.7605
3228,2,199,1,199,16,1,1,1,15,19,40.7605,24.0605
3229,5,484,0,492,16,16,8,2,2,10,4.072230751,-2.338620844
3230,5,485,0,492,16,15,8,1,10,2,-2.338620844,4.072230751
3231,5,486,0,493,16,14,7,2,2,2,-17.462,-17.462
3232,5,487,0,493,16,13,7,1,2,2,-17.462,-17.462
3233,5,488,0,494,16,12,6,2,20,24,48.86948834,32.28291414
3234,5,489,0,494,16,11,6,1,24,20,32.28291414,48.86948834
3235,5,490,0,495,16,10,5,2,12,10,17.45929164,21.15280898
3236,5,491,0,495,16,9,5,1,10,12,21.15280898,17.45929164
3237,5,492,0,496,16,8,4,2,3,0,-19.83012848,-20.24864513
3238,5,493,0,496,16,7,4,1,0,3,-20.24864513,-19.83012848
3239,5,494,0,497,16,6,3,2,12,10,17.45929164,21.15280898
3240,5,495,0,497,16,5,3,1,10,12,21.15280898,17.45929164
3241,5,496,0,498,16,4,2,2,6,6,1.034,1.034
3242,5,497,0,498,16,3,2,1,6,6,1.034,1.034
3243,5,498,0,499,16,2,1,2,20,16,29.21955769,42.46084479
3244,5,499,0,499,16,1,1,1,16,20,42.46084479,29.21955769
3245,7,686,1,693,16,14,7,2,12,14,26.594,22.78
3246,7,687,1,693,16,13,7,1,14,12,22.78,26.594
3247,7,688,1,694,16,12,6,2,12,28,57.688,-36.328
3248,7,689,1,694,16,11,6,1,28,12,-36.328,57.688
3249,7,690,1,695,16,10,5,2,14,14,27.706,27.706
3250,7,691,1,695,16,9,5,1,14,14,27.706,27.706
3251,7,692,1,696,16,8,4,2,26,26,41.914,41.914
3252,7,693,1,696,16,7,4,1,26,26,41.914,41.914
3253,7,694,1,697,16,6,3,2,12.5,13,24.8595,23.976875
3254,7,695,1,697,16,5,3,1,13,12.5,23.976875,24.8595
3255,7,696,1,698,16,4,2,2,15,2,-3.448,-11.8265
3256,7,697,1,698,16,3,2,1,2,15,-11.8265,-3.448
3257,7,698,1,699,16,2,1,2,12.3,12.5,23.624705,23.311345
3258,7,699,1,699,16,1,1,1,12.5,12.3,23.311345,23.624705
3259,8,786,0,793,16,14,7,2,22,15.5,25.65347704,48.18983575
3260,8,787,0,793,16,13,7,1,15.5,22,48.18983575,25.65347704
3261,8,788,0,794,16,12,6,2,6,10,11.38923591,6.511166564
3262,8,789,0,794,16,11,6,1,10,6,6.511166564,11.38923591
3263,8,790,0,795,16,10,5,2,10,14,26.39787946,18.17452301
3264,8,791,0,795,16,9,5,1,14,10,18.17452301,26.39787946
3265,8,792,0,796,16,8,4,2,10,10,16.09,16.09
3266,8,793,0,796,16,7,4,1,10,10,16.09,16.09
3267,8,794,0,797,16,6,3,2,16,18,37.25129164,31.04880898
3268,8,795,0,797,16,5,3,1,18,16,31.04880898,37.25129164
3269,8,796,0,798,16,4,2,2,11,7.6,11.13807814,16.20857265
3270,8,797,0,798,16,3,2,1,7.6,11,16.20857265,11.13807814
3271,8,798,0,799,16,2,1,2,28,18,19.22463777,62.78187771
3272,8,799,0,799,16,1,1,1,18,28,62.78187771,19.22463777
3273,11,1086,0,1093,16,14,7,2,1.2,2.8,-17.49666006,-17.44071554
3274,11,1087,0,1093,16,13,7,1,2.8,1.2,-17.44071554,-17.49666006
3275,11,1088,0,1094,16,12,6,2,12,9,15.09328553,20.31994087
3276,11,1089,0,1094,16,11,6,1,9,12,20.31994087,15.09328553
3277,11,1090,0,1095,16,10,5,2,0,4,-17.57372941,-17.43386811
3278,11,1091,0,1095,16,9,5,1,4,0,-17.43386811,-17.57372941
3279,11,1092,0,1096,16,8,4,2,4,0.9,-15.32621149,-15.14293678
3280,11,1093,0,1096,16,7,4,1,0.9,4,-15.14293678,-15.32621149
3281,11,1094,0,1097,16,6,3,2,2,8,-1.584719197,-5.13837523
3282,11,1095,0,1097,16,5,3,1,8,2,-5.13837523,-1.584719197
3283,11,1096,0,1098,16,4,2,2,2,6,-7.059407638,-8.592189885
3284,11,1097,0,1098,16,3,2,1,6,2,-8.592189885,-7.059407638
3285,11,1098,0,1099,16,2,1,2,20,24,48.86948834,32.28291414
3286,11,1099,0,1099,16,1,1,1,24,20,32.28291414,48.86948834
3287,12,1188,1,1194,16,12,6,2,10,16,26.908,15.466
3288,12,1189,1,1194,16,11,6,1,16,10,15.466,26.908
3289,12,1190,1,1195,16,10,5,2,25,25,41.9125,41.9125
3290,12,1191,1,1195,16,9,5,1,25,25,41.9125,41.9125
3291,12,1192,1,1196,16,8,4,2,24.5,25.5,46.158625,37.447625
3292,12,1193,1,1196,16,7,4,1,25.5,24.5,37.447625,46.158625
3293,12,1194,1,1197,16,6,3,2,11.3,13.7,25.071325,21.174925
3294,12,1195,1,1197,16,5,3,1,13.7,11.3,21.174925,25.071325
3295,12,1196,1,1198,16,4,2,2,10.8,9.9,16.973135,17.33714
3296,12,1197,1,1198,16,3,2,1,9.9,10.8,17.33714,16.973135
3297,12,1198,1,1199,16,2,1,2,13,17,34.4045,22.2405
3298,12,1199,1,1199,16,1,1,1,17,13,22.2405,34.4045
3299,16,1590,0,1595,16,10,5,2,0,17,21.34662412,-1.162354381
3300,16,1591,0,1595,16,9,5,1,17,0,-1.162354381,21.34662412
3301,16,1592,0,1596,16,8,4,2,25,25,41.9125,41.9125
3302,16,1593,0,1596,16,7,4,1,25,25,41.9125,41.9125
3303,16,1594,0,1597,16,6,3,2,10,14,26.39787946,18.17452301
3304,16,1595,0,1597,16,5,3,1,14,10,18.17452301,26.39787946
3305,16,1596,0,1598,16,4,2,2,11,28,68.10964562,6.502624121
3306,16,1597,0,1598,16,3,2,1,28,11,6.502624121,68.10964562
3307,16,1598,0,1599,16,2,1,2,8,8.5,10.24357501,9.607681282
3308,16,1599,0,1599,16,1,1,1,8.5,8,9.607681282,10.24357501
3309,18,1786,1,1793,16,14,7,2,16,22,49.378,17.524
3310,18,1787,1,1793,16,13,7,1,22,16,17.524,49.378
3311,18,1788,1,1794,16,12,6,2,12.5,14,27.0805,24.007375
3312,18,1789,1,1794,16,11,6,1,14,12.5,24.007375,27.0805
3313,18,1790,1,1795,16,10,5,2,24,28,58.72,21.608
3314,18,1791,1,1795,16,9,5,1,28,24,21.608,58.72
3315,18,1792,1,1796,16,8,4,2,8,14,17.698,13.06
3316,18,1793,1,1796,16,7,4,1,14,8,13.06,17.698
3317,18,1794,1,1797,16,6,3,2,18,12,17.012,35.258
3318,18,1795,1,1797,16,5,3,1,12,18,35.258,17.012
3319,18,1796,1,1798,16,4,2,2,16,12,21.008,30.904
3320,18,1797,1,1798,16,3,2,1,12,16,30.904,21.008
3321,18,1798,1,1799,16,2,1,2,18,9.9,10.501055,30.31082
3322,18,1799,1,1799,16,1,1,1,9.9,18,30.31082,10.501055
3323,22,2190,0,2195,16,10,5,2,5.3,6.4,0.822817129,-0.024176692
3324,22,2191,0,2195,16,9,5,1,6.4,5.3,-0.024176692,0.822817129
3325,22,2192,0,2196,16,8,4,2,24,12,15.64388049,55.3677418
3326,22,2193,0,2196,16,7,4,1,12,24,55.3677418,15.64388049
3327,22,2194,0,2197,16,6,3,2,16,20,42.46084479,29.21955769
3328,22,2195,0,2197,16,5,3,1,20,16,29.21955769,42.46084479
3329,22,2196,0,2198,16,4,2,2,28,22,27.49679814,56.14010743
3330,22,2197,0,2198,16,3,2,1,22,28,56.14010743,27.49679814
3331,22,2198,0,2199,16,2,1,2,8,12,19.32355769,12.77284479
3332,22,2199,0,2199,16,1,1,1,12,8,12.77284479,19.32355769
3333,23,2292,0,2296,16,8,4,2,19.1,16,30.12366073,40.09399101
3334,23,2293,0,2296,16,7,4,1,16,19.1,40.09399101,30.12366073
3335,23,2294,0,2297,16,6,3,2,1,1,-22.6235,-22.6235
3336,23,2295,0,2297,16,5,3,1,1,1,-22.6235,-22.6235
3337,23,2296,0,2298,16,4,2,2,14,16,32.74513075,27.37896987
3338,23,2297,0,2298,16,3,2,1,16,14,27.37896987,32.74513075
3339,23,2298,0,2299,16,2,1,2,6,2,-8.592189885,-7.059407638
3340,23,2299,0,2299,16,1,1,1,2,6,-7.059407638,-8.592189885
3341,24,2386,1,2393,16,14,7,2,26,26,41.914,41.914
3342,24,2387,1,2393,16,13,7,1,26,26,41.914,41.914
3343,24,2388,1,2394,16,12,6,2,16,10,15.466,26.908
3344,24,2389,1,2394,16,11,6,1,10,16,26.908,15.466
3345,24,2390,1,2395,16,10,5,2,11,10,17.376,17.8655
3346,24,2391,1,2395,16,9,5,1,10,11,17.8655,17.376
3347,24,2392,1,2396,16,8,4,2,15,15,30.0725,30.0725
3348,24,2393,1,2396,16,7,4,1,15,15,30.0725,30.0725
3349,24,2394,1,2397,16,6,3,2,17,14.9,27.880555,35.39782
3350,24,2395,1,2397,16,5,3,1,14.9,17,35.39782,27.880555
3351,24,2396,1,2398,16,4,2,2,13,16,32.068,23.7955
3352,24,2397,1,2398,16,3,2,1,16,13,23.7955,32.068
3353,24,2398,1,2399,16,2,1,2,8.9,12,17.23222,15.802655
3354,24,2399,1,2399,16,1,1,1,12,8.9,15.802655,17.23222
3355,25,2484,1,2492,16,16,8,2,20,19,35.1555,40.748
3356,25,2485,1,2492,16,15,8,1,19,20,40.748,35.1555
3357,25,2486,1,2493,16,14,7,2,20,20,38.68,38.68
3358,25,2487,1,2493,16,13,7,1,20,20,38.68,38.68
3359,25,2488,1,2494,16,12,6,2,25.5,25.5,41.940125,41.940125
3360,25,2489,1,2494,16,11,6,1,25.5,25.5,41.940125,41.940125
3361,25,2490,1,2495,16,10,5,2,28,18,-7.558,68.212
3362,25,2491,1,2495,16,9,5,1,18,28,68.212,-7.558
3363,25,2492,1,2496,16,8,4,2,22,23,44.5055,37.212
3364,25,2493,1,2496,16,7,4,1,23,22,37.212,44.5055
3365,25,2494,1,2497,16,6,3,2,20,14,17.698,42.748
3366,25,2495,1,2497,16,5,3,1,14,20,42.748,17.698
3367,25,2496,1,2498,16,4,2,2,20,16.5,26.392375,43.4855
3368,25,2497,1,2498,16,3,2,1,16.5,20,43.4855,26.392375
3369,25,2498,1,2499,16,2,1,2,21,20.5,37.904875,41.0555
3370,25,2499,1,2499,16,1,1,1,20.5,21,41.0555,37.904875
3371,26,2590,0,2595,16,10,5,2,17,17,34.1605,34.1605
3372,26,2591,0,2595,16,9,5,1,17,17,34.1605,34.1605
3373,26,2592,0,2596,16,8,4,2,4.5,1,-13.97719969,-13.55074216
3374,26,2593,0,2596,16,7,4,1,1,4.5,-13.55074216,-13.97719969
3375,26,2594,0,2597,16,6,3,2,3.5,9.3,5.172985122,0.040051086
3376,26,2595,0,2597,16,5,3,1,9.3,3.5,0.040051086,5.172985122
3377,26,2596,0,2598,16,4,2,2,10,15,29.08876277,18.2868661
3378,26,2597,0,2598,16,3,2,1,15,10,18.2868661,29.08876277
3379,26,2598,0,2599,16,2,1,2,5,17,30.02086316,7.859759135
3380,26,2599,0,2599,16,1,1,1,17,5,7.859759135,30.02086316
3381,27,2686,1,2693,16,14,7,2,13,20,41.48,14.2395
3382,27,2687,1,2693,16,13,7,1,20,13,14.2395,41.48
3383,27,2688,1,2694,16,12,6,2,16,14.8,28.84072,32.76208
3384,27,2689,1,2694,16,11,6,1,14.8,16,32.76208,28.84072
3385,27,2690,1,2695,16,10,5,2,11.9,22,43.85202,1.970855
3386,27,2691,1,2695,16,9,5,1,22,11.9,1.970855,43.85202
3387,27,2692,1,2696,16,8,4,2,22,26,56.234,23.658
3388,27,2693,1,2696,16,7,4,1,26,22,23.658,56.234
3389,27,2694,1,2697,16,6,3,2,10,11,17.8655,17.376
3390,27,2695,1,2697,16,5,3,1,11,10,17.376,17.8655
3391,27,2696,1,2698,16,4,2,2,20,16,24.648,43.616
3392,27,2697,1,2698,16,3,2,1,16,20,43.616,24.648
3393,27,2698,1,2699,16,2,1,2,12,14,26.594,22.78
3394,27,2699,1,2699,16,1,1,1,14,12,22.78,26.594
3395,28,2778,0,2789,16,22,11,2,21,15,25.85698746,45.71891811
3396,28,2779,0,2789,16,21,11,1,15,21,45.71891811,25.85698746
3397,28,2780,0,2790,16,20,10,2,14,13,25.25478269,27.62424247
3398,28,2781,0,2790,16,19,10,1,13,14,27.62424247,25.25478269
3399,28,2782,0,2791,16,18,9,2,16,14,27.37896987,32.74513075
3400,28,2783,0,2791,16,17,9,1,14,16,32.74513075,27.37896987
3401,28,2784,0,2792,16,16,8,2,12,10.5,18.65938171,21.50792488
3402,28,2785,0,2792,16,15,8,1,10.5,12,21.50792488,18.65938171
3403,28,2786,0,2793,16,14,7,2,11.9,17.8,37.46286203,21.81772361
3404,28,2787,0,2793,16,13,7,1,17.8,11.9,21.81772361,37.46286203
3405,28,2788,0,2794,16,12,6,2,2,5,-9.728403794,-10.56436981
3406,28,2789,0,2794,16,11,6,1,5,2,-10.56436981,-9.728403794
3407,28,2790,0,2795,16,10,5,2,12,11,19.87086313,21.82216202
3408,28,2791,0,2795,16,9,5,1,11,12,21.82216202,19.87086313
3409,28,2792,0,2796,16,8,4,2,10,2,-2.338620844,4.072230751
3410,28,2793,0,2796,16,7,4,1,2,10,4.072230751,-2.338620844
3411,28,2794,0,2797,16,6,3,2,24,24,41.696,41.696
3412,28,2795,0,2797,16,5,3,1,24,24,41.696,41.696
3413,28,2796,0,2798,16,4,2,2,26,26,41.914,41.914
3414,28,2797,0,2798,16,3,2,1,26,26,41.914,41.914
3415,28,2798,0,2799,16,2,1,2,0,9,-3.515670204,-7.905292257
3416,28,2799,0,2799,16,1,1,1,9,0,-7.905292257,-3.515670204
3417,29,2892,0,2896,16,8,4,2,15,18.8,39.79143486,28.08616837
3418,29,2893,0,2896,16,7,4,1,18.8,15,28.08616837,39.79143486
3419,29,2894,0,2897,16,6,3,2,15,28,66.04629722,13.49895394
3420,29,2895,0,2897,16,5,3,1,28,15,13.49895394,66.04629722
3421,29,2896,0,2898,16,4,2,2,15,3,3.700724461,20.84389783
3422,29,2897,0,2898,16,3,2,1,3,15,20.84389783,3.700724461
3423,29,2898,0,2899,16,2,1,2,14,0,-2.464593081,11.68152342
3424,29,2899,0,2899,16,1,1,1,0,14,11.68152342,-2.464593081
3425,2,182,1,191,17,18,9,2,12,11,20.2115,21.268
3426,2,183,1,191,17,17,9,1,11,12,21.268,20.2115
3427,2,184,1,192,17,16,8,2,18,22,48.682,25.178
3428,2,185,1,192,17,15,8,1,22,18,25.178,48.682
3429,2,186,1,193,17,14,7,2,16,18,37.898,29.548
3430,2,187,1,193,17,13,7,1,18,16,29.548,37.898
3431,2,188,1,194,17,12,6,2,2,12,-13.292,1.658
3432,2,189,1,194,17,11,6,1,12,2,1.658,-13.292
3433,2,190,1,195,17,10,5,2,12,12,22.328,22.328
3434,2,191,1,195,17,9,5,1,12,12,22.328,22.328
3435,2,192,1,196,17,8,4,2,14,18,37.69,23.258
3436,2,193,1,196,17,7,4,1,18,14,23.258,37.69
3437,2,194,1,197,17,6,3,2,6,18,14.618,-1.462
3438,2,195,1,197,17,5,3,1,18,6,-1.462,14.618
3439,2,196,1,198,17,4,2,2,13.5,28,62.1955,-29.172625
3440,2,197,1,198,17,3,2,1,28,13.5,-29.172625,62.1955
3441,2,198,1,199,17,2,1,2,16,15.5,30.812375,32.5455
3442,2,199,1,199,17,1,1,1,15.5,16,32.5455,30.812375
3443,5,484,0,492,17,16,8,2,20,6,8.758028278,40.46690206
3444,5,485,0,492,17,15,8,1,6,20,40.46690206,8.758028278
3445,5,486,0,493,17,14,7,2,10,2,-2.338620844,4.072230751
3446,5,487,0,493,17,13,7,1,2,10,4.072230751,-2.338620844
3447,5,488,0,494,17,12,6,2,26,22,32.52459236,50.78381012
3448,5,489,0,494,17,11,6,1,22,26,50.78381012,32.52459236
3449,5,490,0,495,17,10,5,2,10,14,26.39787946,18.17452301
3450,5,491,0,495,17,9,5,1,14,10,18.17452301,26.39787946
3451,5,492,0,496,17,8,4,2,3.5,3,-11.36971816,-11.25652555
3452,5,493,0,496,17,7,4,1,3,3.5,-11.25652555,-11.36971816
3453,5,494,0,497,17,6,3,2,12,10,17.45929164,21.15280898
3454,5,495,0,497,17,5,3,1,10,12,21.15280898,17.45929164
3455,5,496,0,498,17,4,2,2,9.9,10,16.00436634,15.84164392
3456,5,497,0,498,17,3,2,1,10,9.9,15.84164392,16.00436634
3457,5,498,0,499,17,2,1,2,14,16,32.74513075,27.37896987
3458,5,499,0,499,17,1,1,1,16,14,27.37896987,32.74513075
3459,7,686,1,693,17,14,7,2,28,18,-7.558,68.212
3460,7,687,1,693,17,13,7,1,18,28,68.212,-7.558
3461,7,688,1,694,17,12,6,2,12,28,57.688,-36.328
3462,7,689,1,694,17,11,6,1,28,12,-36.328,57.688
3463,7,690,1,695,17,10,5,2,12,14,26.594,22.78
3464,7,691,1,695,17,9,5,1,14,12,22.78,26.594
3465,7,692,1,696,17,8,4,2,26,26,41.914,41.914
3466,7,693,1,696,17,7,4,1,26,26,41.914,41.914
3467,7,694,1,697,17,6,3,2,12,18,35.258,17.012
3468,7,695,1,697,17,5,3,1,18,12,17.012,35.258
3469,7,696,1,698,17,4,2,2,12,1,-0.3485,-19.912
3470,7,697,1,698,17,3,2,1,1,12,-19.912,-0.3485
3471,7,698,1,699,17,2,1,2,14,13,25.2375,27.428
3472,7,699,1,699,17,1,1,1,13,14,27.428,25.2375
3473,8,786,0,793,17,14,7,2,16,17.7,36.48557872,31.26678397
3474,8,787,0,793,17,13,7,1,17.7,16,31.26678397,36.48557872
3475,8,788,0,794,17,12,6,2,14,10,18.17452301,26.39787946
3476,8,789,0,794,17,11,6,1,10,14,26.39787946,18.17452301
3477,8,790,0,795,17,10,5,2,13,10,17.89866486,23.75256153
3478,8,791,0,795,17,9,5,1,10,13,23.75256153,17.89866486
3479,8,792,0,796,17,8,4,2,2,10,4.072230751,-2.338620844
3480,8,793,0,796,17,7,4,1,10,2,-2.338620844,4.072230751
3481,8,794,0,797,17,6,3,2,14,22,48.95609206,22.47351785
3482,8,795,0,797,17,5,3,1,22,14,22.47351785,48.95609206
3483,8,796,0,798,17,4,2,2,14,13.2,25.74138092,27.65367518
3484,8,797,0,798,17,3,2,1,13.2,14,27.65367518,25.74138092
3485,8,798,0,799,17,2,1,2,4,18,31.73177585,5.877154491
3486,8,799,0,799,17,1,1,1,18,4,5.877154491,31.73177585
3487,11,1086,0,1093,17,14,7,2,1.3,1.8,-19.79098474,-19.72645897
3488,11,1087,0,1093,17,13,7,1,1.8,1.3,-19.72645897,-19.79098474
3489,11,1088,0,1094,17,12,6,2,9,16.9,33.73187881,15.9216011
3490,11,1089,0,1094,17,11,6,1,16.9,9,15.9216011,33.73187881
3491,11,1090,0,1095,17,10,5,2,0,24,45.49331393,-3.846824764
3492,11,1091,0,1095,17,9,5,1,24,0,-3.846824764,45.49331393
3493,11,1092,0,1096,17,8,4,2,2.5,0.5,-19.88681914,-20.16583024
3494,11,1093,0,1096,17,7,4,1,0.5,2.5,-20.16583024,-19.88681914
3495,11,1094,0,1097,17,6,3,2,20,16,29.21955769,42.46084479
3496,11,1095,0,1097,17,5,3,1,16,20,42.46084479,29.21955769
3497,11,1096,0,1098,17,4,2,2,4,11,10.8575362,3.05269639
3498,11,1097,0,1098,17,3,2,1,11,4,3.05269639,10.8575362
3499,11,1098,0,1099,17,2,1,2,24,20,32.28291414,48.86948834
3500,11,1099,0,1099,17,1,1,1,20,24,48.86948834,32.28291414
3501,12,1188,1,1194,17,12,6,2,10,14,23.258,17.898
3502,12,1189,1,1194,17,11,6,1,14,10,17.898,23.258
3503,12,1190,1,1195,17,10,5,2,25,25,41.9125,41.9125
3504,12,1191,1,1195,17,9,5,1,25,25,41.9125,41.9125
3505,12,1192,1,1196,17,8,4,2,24.5,25.5,46.158625,37.447625
3506,12,1193,1,1196,17,7,4,1,25.5,24.5,37.447625,46.158625
3507,12,1194,1,1197,17,6,3,2,13,10,18.28,21.4495
3508,12,1195,1,1197,17,5,3,1,10,13,21.4495,18.28
3509,12,1196,1,1198,17,4,2,2,9.4,10,15.05152,15.02998
3510,12,1197,1,1198,17,3,2,1,10,9.4,15.02998,15.05152
3511,12,1198,1,1199,17,2,1,2,14,15,30.1855,27.428
3512,12,1199,1,1199,17,1,1,1,15,14,27.428,30.1855
3513,16,1590,0,1595,17,10,5,2,7,0,-11.2261774,-9.275590018
3514,16,1591,0,1595,17,9,5,1,0,7,-9.275590018,-11.2261774
3515,16,1592,0,1596,17,8,4,2,25,25,41.9125,41.9125
3516,16,1593,0,1596,17,7,4,1,25,25,41.9125,41.9125
3517,16,1594,0,1597,17,6,3,2,2,12,9.911442206,-0.192926726
3518,16,1595,0,1597,17,5,3,1,12,2,-0.192926726,9.911442206
3519,16,1596,0,1598,17,4,2,2,10.5,28,68.18360972,5.679343941
3520,16,1597,0,1598,17,3,2,1,28,10.5,5.679343941,68.18360972
3521,16,1598,0,1599,17,2,1,2,8,7.6,7.998941763,8.470022262
3522,16,1599,0,1599,17,1,1,1,7.6,8,8.470022262,7.998941763
3523,18,1786,1,1793,17,14,7,2,12,20,39.656,10.792
3524,18,1787,1,1793,17,13,7,1,20,12,10.792,39.656
3525,18,1788,1,1794,17,12,6,2,14,9,15.4735,20.756
3526,18,1789,1,1794,17,11,6,1,9,14,20.756,15.4735
3527,18,1790,1,1795,17,10,5,2,26,16,-3.396,61.034
3528,18,1791,1,1795,17,9,5,1,16,26,61.034,-3.396
3529,18,1792,1,1796,17,8,4,2,8,12,14.752,13.928
3530,18,1793,1,1796,17,7,4,1,12,8,13.928,14.752
3531,18,1794,1,1797,17,6,3,2,18,14.7,25.454495,38.01578
3532,18,1795,1,1797,17,5,3,1,14.7,18,38.01578,25.454495
3533,18,1796,1,1798,17,4,2,2,14,16,32.676,26.594
3534,18,1797,1,1798,17,3,2,1,16,14,26.594,32.676
3535,18,1798,1,1799,17,2,1,2,18.3,10,9.91978,31.159895
3536,18,1799,1,1799,17,1,1,1,10,18.3,31.159895,9.91978
3537,22,2190,0,2195,17,10,5,2,4.2,6.2,-1.766357596,-3.034541785
3538,22,2191,0,2195,17,9,5,1,6.2,4.2,-3.034541785,-1.766357596
3539,22,2192,0,2196,17,8,4,2,24,18,27.84976347,51.47514211
3540,22,2193,0,2196,17,7,4,1,18,24,51.47514211,27.84976347
3541,22,2194,0,2197,17,6,3,2,16,17,34.71486313,31.71816202
3542,22,2195,0,2197,17,5,3,1,17,16,31.71816202,34.71486313
3543,22,2196,0,2198,17,4,2,2,0,22,38.36643282,-2.26225789
3544,22,2197,0,2198,17,3,2,1,22,0,-2.26225789,38.36643282
3545,22,2198,0,2199,17,2,1,2,9,28,68.16022942,3.277851469
3546,22,2199,0,2199,17,1,1,1,28,9,3.277851469,68.16022942
3547,23,2292,0,2296,17,8,4,2,14.7,19.1,40.70268173,27.14921527
3548,23,2293,0,2296,17,7,4,1,19.1,14.7,27.14921527,40.70268173
3549,23,2294,0,2297,17,6,3,2,10,1,-4.437154254,1.834191793
3550,23,2295,0,2297,17,5,3,1,1,10,1.834191793,-4.437154254
3551,23,2296,0,2298,17,4,2,2,4,12,13.7028743,3.946735606
3552,23,2297,0,2298,17,3,2,1,12,4,3.946735606,13.7028743
3553,23,2298,0,2299,17,2,1,2,16,1,0.328898224,20.18976161
3554,23,2299,0,2299,17,1,1,1,1,16,20.18976161,0.328898224
3555,24,2386,1,2393,17,14,7,2,26,24,32.764,50.186
3556,24,2387,1,2393,17,13,7,1,24,26,50.186,32.764
3557,24,2388,1,2394,17,12,6,2,10,16,26.908,15.466
3558,24,2389,1,2394,17,11,6,1,16,10,15.466,26.908
3559,24,2390,1,2395,17,10,5,2,12,10,18.106,19.652
3560,24,2391,1,2395,17,9,5,1,10,12,19.652,18.106
3561,24,2392,1,2396,17,8,4,2,14,13,25.2375,27.428
3562,24,2393,1,2396,17,7,4,1,13,14,27.428,25.2375
3563,24,2394,1,2397,17,6,3,2,15.6,10,16.13032,26.17448
3564,24,2395,1,2397,17,5,3,1,10,15.6,26.17448,16.13032
3565,24,2396,1,2398,17,4,2,2,10,16,26.908,15.466
3566,24,2397,1,2398,17,3,2,1,16,10,15.466,26.908
3567,24,2398,1,2399,17,2,1,2,18.5,12,15.6655,36.353375
3568,24,2399,1,2399,17,1,1,1,12,18.5,36.353375,15.6655
3569,25,2484,1,2492,17,16,8,2,19,21,44.1185,32.3665
3570,25,2485,1,2492,17,15,8,1,21,19,32.3665,44.1185
3571,25,2486,1,2493,17,14,7,2,21,21,39.7565,39.7565
3572,25,2487,1,2493,17,13,7,1,21,21,39.7565,39.7565
3573,25,2488,1,2494,17,12,6,2,25.5,25.5,41.940125,41.940125
3574,25,2489,1,2494,17,11,6,1,25.5,25.5,41.940125,41.940125
3575,25,2490,1,2495,17,10,5,2,18,18,35.882,35.882
3576,25,2491,1,2495,17,9,5,1,18,18,35.882,35.882
3577,25,2492,1,2496,17,8,4,2,16,25,58.1035,2.668
3578,25,2493,1,2496,17,7,4,1,25,16,2.668,58.1035
3579,25,2494,1,2497,17,6,3,2,20,14,17.698,42.748
3580,25,2495,1,2497,17,5,3,1,14,20,42.748,17.698
3581,25,2496,1,2498,17,4,2,2,16,18,37.898,29.548
3582,25,2497,1,2498,17,3,2,1,18,16,29.548,37.898
3583,25,2498,1,2499,17,2,1,2,21.5,21,38.3185,41.610875
3584,25,2499,1,2499,17,1,1,1,21,21.5,41.610875,38.3185
3585,26,2590,0,2595,17,10,5,2,20,19,36.24654136,39.8704838
3586,26,2591,0,2595,17,9,5,1,19,20,39.8704838,36.24654136
3587,26,2592,0,2596,17,8,4,2,22.5,5,5.090590301,47.47086336
3588,26,2593,0,2596,17,7,4,1,5,22.5,47.47086336,5.090590301
3589,26,2594,0,2597,17,6,3,2,7,18.1,35.61892979,11.52267953
3590,26,2595,0,2597,17,5,3,1,18.1,7,11.52267953,35.61892979
3591,26,2596,0,2598,17,4,2,2,9,10,15.16008158,13.62694358
3592,26,2597,0,2598,17,3,2,1,10,9,13.62694358,15.16008158
3593,26,2598,0,2599,17,2,1,2,6,14,22.47351785,9.372092055
3594,26,2599,0,2599,17,1,1,1,14,6,9.372092055,22.47351785
3595,27,2686,1,2693,17,14,7,2,14,10,17.898,23.258
3596,27,2687,1,2693,17,13,7,1,10,14,23.258,17.898
3597,27,2688,1,2694,17,12,6,2,16,16.8,34.48832,31.42048
3598,27,2689,1,2694,17,11,6,1,16.8,16,31.42048,34.48832
3599,27,2690,1,2695,17,10,5,2,27.9,11,-40.25938,53.774755
3600,27,2691,1,2695,17,9,5,1,11,27.9,53.774755,-40.25938
3601,27,2692,1,2696,17,8,4,2,26,24,32.764,50.186
3602,27,2693,1,2696,17,7,4,1,24,26,50.186,32.764
3603,27,2694,1,2697,17,6,3,2,8,10,11.85,12.572
3604,27,2695,1,2697,17,5,3,1,10,8,12.572,11.85
3605,27,2696,1,2698,17,4,2,2,14,6,8.266,9.914
3606,27,2697,1,2698,17,3,2,1,6,14,9.914,8.266
3607,27,2698,1,2699,17,2,1,2,10,14,23.258,17.898
3608,27,2699,1,2699,17,1,1,1,14,10,17.898,23.258
3609,28,2778,0,2789,17,22,11,2,14,10.5,19.32608793,26.70447021
3610,28,2779,0,2789,17,21,11,1,10.5,14,26.70447021,19.32608793
3611,28,2780,0,2790,17,20,10,2,14,14,27.706,27.706
3612,28,2781,0,2790,17,19,10,1,14,14,27.706,27.706
3613,28,2782,0,2791,17,18,9,2,18,10,17.64280495,37.43480495
3614,28,2783,0,2791,17,17,9,1,10,18,37.43480495,17.64280495
3615,28,2784,0,2792,17,16,8,2,18.5,6.5,10.41466014,36.33921215
3616,28,2785,0,2792,17,15,8,1,6.5,18.5,36.33921215,10.41466014
3617,28,2786,0,2793,17,14,7,2,20.3,12.8,21.89190073,44.44556422
3618,28,2787,0,2793,17,13,7,1,12.8,20.3,44.44556422,21.89190073
3619,28,2788,0,2794,17,12,6,2,4,5,-5.257619531,-5.745355314
3620,28,2789,0,2794,17,11,6,1,5,4,-5.745355314,-5.257619531
3621,28,2790,0,2795,17,10,5,2,1,11,4.779539987,-3.234024507
3622,28,2791,0,2795,17,9,5,1,11,1,-3.234024507,4.779539987
3623,28,2792,0,2796,17,8,4,2,24,20,32.28291414,48.86948834
3624,28,2793,0,2796,17,7,4,1,20,24,48.86948834,32.28291414
3625,28,2794,0,2797,17,6,3,2,26,26,41.914,41.914
3626,28,2795,0,2797,17,5,3,1,26,26,41.914,41.914
3627,28,2796,0,2798,17,4,2,2,26,26,41.914,41.914
3628,28,2797,0,2798,17,3,2,1,26,26,41.914,41.914
3629,28,2798,0,2799,17,2,1,2,18,20,40.89745253,33.85864809
3630,28,2799,0,2799,17,1,1,1,20,18,33.85864809,40.89745253
3631,29,2892,0,2896,17,8,4,2,0,13.1,8.861960451,-3.142233634
3632,29,2893,0,2896,17,7,4,1,13.1,0,-3.142233634,8.861960451
3633,29,2894,0,2897,17,6,3,2,28,15,13.49895394,66.04629722
3634,29,2895,0,2897,17,5,3,1,15,28,66.04629722,13.49895394
3635,29,2896,0,2898,17,4,2,2,14,11,20.4890442,26.9701822
3636,29,2897,0,2898,17,3,2,1,11,14,26.9701822,20.4890442
3637,29,2898,0,2899,17,2,1,2,28,0,-8.978139316,60.29386068
3638,29,2899,0,2899,17,1,1,1,0,28,60.29386068,-8.978139316
3639,2,182,1,191,18,18,9,2,12,12,22.328,22.328
3640,2,183,1,191,18,17,9,1,12,12,22.328,22.328
3641,2,184,1,192,18,16,8,2,16,18,37.898,29.548
3642,2,185,1,192,18,15,8,1,18,16,29.548,37.898
3643,2,186,1,193,18,14,7,2,18,16,29.548,37.898
3644,2,187,1,193,18,13,7,1,16,18,37.898,29.548
3645,2,188,1,194,18,12,6,2,18,10,10.81,30.602
3646,2,189,1,194,18,11,6,1,10,18,30.602,10.81
3647,2,190,1,195,18,10,5,2,14,16,32.676,26.594
3648,2,191,1,195,18,9,5,1,16,14,26.594,32.676
3649,2,192,1,196,18,8,4,2,15,14,27.428,30.1855
3650,2,193,1,196,18,7,4,1,14,15,30.1855,27.428
3651,2,194,1,197,18,6,3,2,8,12,14.752,13.928
3652,2,195,1,197,18,5,3,1,12,8,13.928,14.752
3653,2,196,1,198,18,4,2,2,18,14,23.258,37.69
3654,2,197,1,198,18,3,2,1,14,18,37.69,23.258
3655,2,198,1,199,18,2,1,2,16,14.5,27.997375,32.7715
3656,2,199,1,199,18,1,1,1,14.5,16,32.7715,27.997375
3657,5,484,0,492,18,16,8,2,18,24,51.47514211,27.84976347
3658,5,485,0,492,18,15,8,1,24,18,27.84976347,51.47514211
3659,5,486,0,493,18,14,7,2,2,2,-17.462,-17.462
3660,5,487,0,493,18,13,7,1,2,2,-17.462,-17.462
3661,5,488,0,494,18,12,6,2,24,20,32.28291414,48.86948834
3662,5,489,0,494,18,11,6,1,20,24,48.86948834,32.28291414
3663,5,490,0,495,18,10,5,2,11,16,32.30046388,20.45316499
3664,5,491,0,495,18,9,5,1,16,11,20.45316499,32.30046388
3665,5,492,0,496,18,8,4,2,4,3,-10.26481509,-9.986159753
3666,5,493,0,496,18,7,4,1,3,4,-9.986159753,-10.26481509
3667,5,494,0,497,18,6,3,2,12,10,17.45929164,21.15280898
3668,5,495,0,497,18,5,3,1,10,12,21.15280898,17.45929164
3669,5,496,0,498,18,4,2,2,9.9,9.6,15.01173491,15.48735735
3670,5,497,0,498,18,3,2,1,9.6,9.9,15.48735735,15.01173491
3671,5,498,0,499,18,2,1,2,24,18,27.84976347,51.47514211
3672,5,499,0,499,18,1,1,1,18,24,51.47514211,27.84976347
3673,7,686,1,693,18,14,7,2,26,26,41.914,41.914
3674,7,687,1,693,18,13,7,1,26,26,41.914,41.914
3675,7,688,1,694,18,12,6,2,12,22,44.098,2.348
3676,7,689,1,694,18,11,6,1,22,12,2.348,44.098
3677,7,690,1,695,18,10,5,2,16,14,26.594,32.676
3678,7,691,1,695,18,9,5,1,14,16,32.676,26.594
3679,7,692,1,696,18,8,4,2,26,26,41.914,41.914
3680,7,693,1,696,18,7,4,1,26,26,41.914,41.914
3681,7,694,1,697,18,6,3,2,9.5,14,22.0765,16.684375
3682,7,695,1,697,18,5,3,1,14,9.5,16.684375,22.0765
3683,7,696,1,698,18,4,2,2,12,1,-0.3485,-19.912
3684,7,697,1,698,18,3,2,1,1,12,-19.912,-0.3485
3685,7,698,1,699,18,2,1,2,13.9,10.5,19.169345,24.110905
3686,7,699,1,699,18,1,1,1,10.5,13.9,24.110905,19.169345
3687,8,786,0,793,18,14,7,2,10,17.5,36.01531956,17.8523454
3688,8,787,0,793,18,13,7,1,17.5,10,17.8523454,36.01531956
3689,8,788,0,794,18,12,6,2,8,25,57.9360943,6.992175438
3690,8,789,0,794,18,11,6,1,25,8,6.992175438,57.9360943
3691,8,790,0,795,18,10,5,2,10,10,16.09,16.09
3692,8,791,0,795,18,9,5,1,10,10,16.09,16.09
3693,8,792,0,796,18,8,4,2,8,18.9,38.85898069,13.14581795
3694,8,793,0,796,18,7,4,1,18.9,8,13.14581795,38.85898069
3695,8,794,0,797,18,6,3,2,12,14,27.37896987,22.84913075
3696,8,795,0,797,18,5,3,1,14,12,22.84913075,27.37896987
3697,8,796,0,798,18,4,2,2,22,8.2,11.14229467,48.45733581
3698,8,797,0,798,18,3,2,1,8.2,22,48.45733581,11.14229467
3699,8,798,0,799,18,2,1,2,8,20,42.17381115,12.48581115
3700,8,799,0,799,18,1,1,1,20,8,12.48581115,42.17381115
3701,11,1086,0,1093,18,14,7,2,4,2.8,-10.75551027,-10.44621351
3702,11,1087,0,1093,18,13,7,1,2.8,4,-10.44621351,-10.75551027
3703,11,1088,0,1094,18,12,6,2,17,3.5,5.033515966,27.8478185
3704,11,1089,0,1094,18,11,6,1,3.5,17,27.8478185,5.033515966
3705,11,1090,0,1095,18,10,5,2,26,24,37.12816543,46.67593519
3706,11,1091,0,1095,18,9,5,1,24,26,46.67593519,37.12816543
3707,11,1092,0,1096,18,8,4,2,3,0.4,-18.87853868,-19.13253127
3708,11,1093,0,1096,18,7,4,1,0.4,3,-19.13253127,-18.87853868
3709,11,1094,0,1097,18,6,3,2,18,20,40.89745253,33.85864809
3710,11,1095,0,1097,18,5,3,1,20,18,33.85864809,40.89745253
3711,11,1096,0,1098,18,4,2,2,20,8,12.48581115,42.17381115
3712,11,1097,0,1098,18,3,2,1,8,20,42.17381115,12.48581115
3713,11,1098,0,1099,18,2,1,2,24,24,41.696,41.696
3714,11,1099,0,1099,18,1,1,1,24,24,41.696,41.696
3715,12,1188,1,1194,18,12,6,2,10,14.5,24.166375,17.4985
3716,12,1189,1,1194,18,11,6,1,14.5,10,17.4985,24.166375
3717,12,1190,1,1195,18,10,5,2,25,25,41.9125,41.9125
3718,12,1191,1,1195,18,9,5,1,25,25,41.9125,41.9125
3719,12,1192,1,1196,18,8,4,2,24.4,24.5,42.238895,41.39898
3720,12,1193,1,1196,18,7,4,1,24.5,24.4,41.39898,42.238895
3721,12,1194,1,1197,18,6,3,2,14.5,16.5,34.062125,27.413125
3722,12,1195,1,1197,18,5,3,1,16.5,14.5,27.413125,34.062125
3723,12,1196,1,1198,18,4,2,2,10.8,9.9,16.973135,17.33714
3724,12,1197,1,1198,18,3,2,1,9.9,10.8,17.33714,16.973135
3725,12,1198,1,1199,18,2,1,2,10,16,26.908,15.466
3726,12,1199,1,1199,18,1,1,1,16,10,15.466,26.908
3727,16,1590,0,1595,18,10,5,2,19,28,61.36670774,21.2243298
3728,16,1591,0,1595,18,9,5,1,28,19,21.2243298,61.36670774
3729,16,1592,0,1596,18,8,4,2,25,25,41.9125,41.9125
3730,16,1593,0,1596,18,7,4,1,25,25,41.9125,41.9125
3731,16,1594,0,1597,18,6,3,2,10,8,11.20945253,14.06664809
3732,16,1595,0,1597,18,5,3,1,8,10,14.06664809,11.20945253
3733,16,1596,0,1598,18,4,2,2,12,1.2,-1.797758436,8.211732493
3734,16,1597,0,1598,18,3,2,1,1.2,12,8.211732493,-1.797758436
3735,16,1598,0,1599,18,2,1,2,2.3,7.9,-1.192685233,-4.626515912
3736,16,1599,0,1599,18,1,1,1,7.9,2.3,-4.626515912,-1.192685233
3737,18,1786,1,1793,18,14,7,2,16,16,32.224,32.224
3738,18,1787,1,1793,18,13,7,1,16,16,32.224,32.224
3739,18,1788,1,1794,18,12,6,2,9.5,12,18.6355,17.057375
3740,18,1789,1,1794,18,11,6,1,12,9.5,17.057375,18.6355
3741,18,1790,1,1795,18,10,5,2,18,18,35.882,35.882
3742,18,1791,1,1795,18,9,5,1,18,18,35.882,35.882
3743,18,1792,1,1796,18,8,4,2,5,12,3.232,7.7435
3744,18,1793,1,1796,18,7,4,1,12,5,7.7435,3.232
3745,18,1794,1,1797,18,6,3,2,18,16,29.548,37.898
3746,18,1795,1,1797,18,5,3,1,16,18,37.898,29.548
3747,18,1796,1,1798,18,4,2,2,18,12,17.012,35.258
3748,18,1797,1,1798,18,3,2,1,12,18,35.258,17.012
3749,18,1798,1,1799,18,2,1,2,10.6,11.9,20.499275,19.3101
3750,18,1799,1,1799,18,1,1,1,11.9,10.6,19.3101,20.499275
3751,22,2190,0,2195,18,10,5,2,7.3,2.8,-4.45636287,-1.744077745
3752,22,2191,0,2195,18,9,5,1,2.8,7.3,-1.744077745,-4.45636287
3753,22,2192,0,2196,18,8,4,2,22,22,40.618,40.618
3754,22,2193,0,2196,18,7,4,1,22,22,40.618,40.618
3755,22,2194,0,2197,18,6,3,2,18,14,26.39787946,37.96652301
3756,22,2195,0,2197,18,5,3,1,14,18,37.96652301,26.39787946
3757,22,2196,0,2198,18,4,2,2,28,16,15.36194984,65.12167245
3758,22,2197,0,2198,18,3,2,1,16,28,65.12167245,15.36194984
3759,22,2198,0,2199,18,2,1,2,11,16,32.30046388,20.45316499
3760,22,2199,0,2199,18,1,1,1,16,11,20.45316499,32.30046388
3761,23,2292,0,2296,18,8,4,2,13.6,19.1,41.00188783,24.6925231
3762,23,2293,0,2296,18,7,4,1,19.1,13.6,24.6925231,41.00188783
3763,23,2294,0,2297,18,6,3,2,1,2,-20.0882402,-19.94873465
3764,23,2295,0,2297,18,5,3,1,2,1,-19.94873465,-20.0882402
3765,23,2296,0,2298,18,4,2,2,20,10,16.39585552,43.22665996
3766,23,2297,0,2298,18,3,2,1,10,20,43.22665996,16.39585552
3767,23,2298,0,2299,18,2,1,2,2,12,9.911442206,-0.192926726
3768,23,2299,0,2299,18,1,1,1,12,2,-0.192926726,9.911442206
3769,24,2386,1,2393,18,14,7,2,26,25,37.3335,46.328
3770,24,2387,1,2393,18,13,7,1,25,26,46.328,37.3335
3771,24,2388,1,2394,18,12,6,2,12,10,18.106,19.652
3772,24,2389,1,2394,18,11,6,1,10,12,19.652,18.106
3773,24,2390,1,2395,18,10,5,2,12,10.1,18.316055,19.83862
3774,24,2391,1,2395,18,9,5,1,10.1,12,19.83862,18.316055
3775,24,2392,1,2396,18,8,4,2,12,12,22.328,22.328
3776,24,2393,1,2396,18,7,4,1,12,12,22.328,22.328
3777,24,2394,1,2397,18,6,3,2,18.7,14.9,24.493985,39.928065
3778,24,2395,1,2397,18,5,3,1,14.9,18.7,39.928065,24.493985
3779,24,2396,1,2398,18,4,2,2,26,24,32.764,50.186
3780,24,2397,1,2398,18,3,2,1,24,26,50.186,32.764
3781,24,2398,1,2399,18,2,1,2,4,13.8,-0.25858,3.83488
3782,24,2399,1,2399,18,1,1,1,13.8,4,3.83488,-0.25858
3783,25,2484,1,2492,18,16,8,2,21,21,39.7565,39.7565
3784,25,2485,1,2492,18,15,8,1,21,21,39.7565,39.7565
3785,25,2486,1,2493,18,14,7,2,22,22,40.618,40.618
3786,25,2487,1,2493,18,13,7,1,22,22,40.618,40.618
3787,25,2488,1,2494,18,12,6,2,25.5,25.5,41.940125,41.940125
3788,25,2489,1,2494,18,11,6,1,25.5,25.5,41.940125,41.940125
3789,25,2490,1,2495,18,10,5,2,16,16,32.224,32.224
3790,25,2491,1,2495,18,9,5,1,16,16,32.224,32.224
3791,25,2492,1,2496,18,8,4,2,18,18,35.882,35.882
3792,25,2493,1,2496,18,7,4,1,18,18,35.882,35.882
3793,25,2494,1,2497,18,6,3,2,20,14,17.698,42.748
3794,25,2495,1,2497,18,5,3,1,14,20,42.748,17.698
3795,25,2496,1,2498,18,4,2,2,18,16,29.548,37.898
3796,25,2497,1,2498,18,3,2,1,16,18,37.898,29.548
3797,25,2498,1,2499,18,2,1,2,22,21.5,38.678375,42.1125
3798,25,2499,1,2499,18,1,1,1,21.5,22,42.1125,38.678375
3799,26,2590,0,2595,18,10,5,2,21,22,42.23256424,38.19046091
3800,26,2591,0,2595,18,9,5,1,22,21,38.19046091,42.23256424
3801,26,2592,0,2596,18,8,4,2,2,6,-7.059407638,-8.592189885
3802,26,2593,0,2596,18,7,4,1,6,2,-8.592189885,-7.059407638
3803,26,2594,0,2597,18,6,3,2,10,15.7,30.99949249,18.26821479
3804,26,2595,0,2597,18,5,3,1,15.7,10,18.26821479,30.99949249
3805,26,2596,0,2598,18,4,2,2,10,20,43.22665996,16.39585552
3806,26,2597,0,2598,18,3,2,1,20,10,16.39585552,43.22665996
3807,26,2598,0,2599,18,2,1,2,14,25,57.67670529,17.81333844
3808,26,2599,0,2599,18,1,1,1,25,14,17.81333844,57.67670529
3809,27,2686,1,2693,18,14,7,2,13,11,20.5505,23.2305
3810,27,2687,1,2693,18,13,7,1,11,13,23.2305,20.5505
3811,27,2688,1,2694,18,12,6,2,16,14.5,27.997375,32.7715
3812,27,2689,1,2694,18,11,6,1,14.5,16,32.7715,27.997375
3813,27,2690,1,2695,18,10,5,2,11.9,11,20.14702,21.072355
3814,27,2691,1,2695,18,9,5,1,11,11.9,21.072355,20.14702
3815,27,2692,1,2696,18,8,4,2,22,26,56.234,23.658
3816,27,2693,1,2696,18,7,4,1,26,22,23.658,56.234
3817,27,2694,1,2697,18,6,3,2,12,10,18.106,19.652
3818,27,2695,1,2697,18,5,3,1,10,12,19.652,18.106
3819,27,2696,1,2698,18,4,2,2,16,18,37.898,29.548
3820,27,2697,1,2698,18,3,2,1,18,16,29.548,37.898
3821,27,2698,1,2699,18,2,1,2,14,14,27.706,27.706
3822,27,2699,1,2699,18,1,1,1,14,14,27.706,27.706
3823,28,2778,0,2789,18,22,11,2,17,11,20.18995279,35.03395279
3824,28,2779,0,2789,18,21,11,1,11,17,35.03395279,20.18995279
3825,28,2780,0,2790,18,20,10,2,13,15,30.16955031,25.22155031
3826,28,2781,0,2790,18,19,10,1,15,13,25.22155031,30.16955031
3827,28,2782,0,2791,18,18,9,2,10,22,49.20077647,14.49484582
3828,28,2783,0,2791,18,17,9,1,22,10,14.49484582,49.20077647
3829,28,2784,0,2792,18,16,8,2,20,4,5.212506917,38.10593271
3830,28,2785,0,2792,18,15,8,1,4,20,38.10593271,5.212506917
3831,28,2786,0,2793,18,14,7,2,16.8,12.6,23.83629361,34.84179012
3832,28,2787,0,2793,18,13,7,1,12.6,16.8,34.84179012,23.83629361
3833,28,2788,0,2794,18,12,6,2,7,9,10.20106765,7.762032973
3834,28,2789,0,2794,18,11,6,1,9,7,7.762032973,10.20106765
3835,28,2790,0,2795,18,10,5,2,2,13,12.899396,0.634647733
3836,28,2791,0,2795,18,9,5,1,13,2,0.634647733,12.899396
3837,28,2792,0,2796,18,8,4,2,19.8,22,43.95420144,35.33756031
3838,28,2793,0,2796,18,7,4,1,22,19.8,35.33756031,43.95420144
3839,28,2794,0,2797,18,6,3,2,27,26,39.2877598,44.37526535
3840,28,2795,0,2797,18,5,3,1,26,27,44.37526535,39.2877598
3841,28,2796,0,2798,18,4,2,2,26,26,41.914,41.914
3842,28,2797,0,2798,18,3,2,1,26,26,41.914,41.914
3843,28,2798,0,2799,18,2,1,2,17.8,20,41.08322447,33.38653728
3844,28,2799,0,2799,18,1,1,1,20,17.8,33.38653728,41.08322447
3845,29,2892,0,2896,18,8,4,2,26,18,23.86423075,57.03737916
3846,29,2893,0,2896,18,7,4,1,18,26,57.03737916,23.86423075
3847,29,2894,0,2897,18,6,3,2,15,28,66.04629722,13.49895394
3848,29,2895,0,2897,18,5,3,1,28,15,13.49895394,66.04629722
3849,29,2896,0,2898,18,4,2,2,14,14,27.706,27.706
3850,29,2897,0,2898,18,3,2,1,14,14,27.706,27.706
3851,29,2898,0,2899,18,2,1,2,18,0,-1.055304949,24.65945511
3852,29,2899,0,2899,18,1,1,1,0,18,24.65945511,-1.055304949
3853,2,182,1,191,19,18,9,2,14,12,22.78,26.594
3854,2,183,1,191,19,17,9,1,12,14,26.594,22.78
3855,2,184,1,192,19,16,8,2,18,24,55.148,16.49
3856,2,185,1,192,19,15,8,1,24,18,16.49,55.148
3857,2,186,1,193,19,14,7,2,14,18,37.69,23.258
3858,2,187,1,193,19,13,7,1,18,14,23.258,37.69
3859,2,188,1,194,19,12,6,2,24,12,-8.32,48.584
3860,2,189,1,194,19,11,6,1,12,24,48.584,-8.32
3861,2,190,1,195,19,10,5,2,18,14,23.258,37.69
3862,2,191,1,195,19,9,5,1,14,18,37.69,23.258
3863,2,192,1,196,19,8,4,2,15,16,32.728,29.4035
3864,2,193,1,196,19,7,4,1,16,15,29.4035,32.728
3865,2,194,1,197,19,6,3,2,12,18,35.258,17.012
3866,2,195,1,197,19,5,3,1,18,12,17.012,35.258
3867,2,196,1,198,19,4,2,2,17,20,43.216,28.1395
3868,2,197,1,198,19,3,2,1,20,17,28.1395,43.216
3869,2,198,1,199,19,2,1,2,16,16.8,34.48832,31.42048
3870,2,199,1,199,19,1,1,1,16.8,16,31.42048,34.48832
3871,5,484,0,492,19,16,8,2,18,10,17.64280495,37.43480495
3872,5,485,0,492,19,15,8,1,10,18,37.43480495,17.64280495
3873,5,486,0,493,19,14,7,2,2,2,-17.462,-17.462
3874,5,487,0,493,19,13,7,1,2,2,-17.462,-17.462
3875,5,488,0,494,19,12,6,2,28,20,23.2695872,59.78802271
3876,5,489,0,494,19,11,6,1,20,28,59.78802271,23.2695872
3877,5,490,0,495,19,10,5,2,12,16,32.61220124,22.71620124
3878,5,491,0,495,19,9,5,1,16,12,22.71620124,32.61220124
3879,5,492,0,496,19,8,4,2,2,4,-12.35183457,-12.70006481
3880,5,493,0,496,19,7,4,1,4,2,-12.70006481,-12.35183457
3881,5,494,0,497,19,6,3,2,10,14,26.39787946,18.17452301
3882,5,495,0,497,19,5,3,1,14,10,18.17452301,26.39787946
3883,5,496,0,498,19,4,2,2,8.5,9.6,13.61399871,12.03104173
3884,5,497,0,498,19,3,2,1,9.6,8.5,12.03104173,13.61399871
3885,5,498,0,499,19,2,1,2,10,22,49.20077647,14.49484582
3886,5,499,0,499,19,1,1,1,22,10,14.49484582,49.20077647
3887,7,686,1,693,19,14,7,2,26,26,41.914,41.914
3888,7,687,1,693,19,13,7,1,26,26,41.914,41.914
3889,7,688,1,694,19,12,6,2,12,28,57.688,-36.328
3890,7,689,1,694,19,11,6,1,28,12,-36.328,57.688
3891,7,690,1,695,19,10,5,2,16,12,21.008,30.904
3892,7,691,1,695,19,9,5,1,12,16,30.904,21.008
3893,7,692,1,696,19,8,4,2,26,26,41.914,41.914
3894,7,693,1,696,19,7,4,1,26,26,41.914,41.914
3895,7,694,1,697,19,6,3,2,12.5,10,18.2625,20.549375
3896,7,695,1,697,19,5,3,1,10,12.5,20.549375,18.2625
3897,7,696,1,698,19,4,2,2,15,2,-3.448,-11.8265
3898,7,697,1,698,19,3,2,1,2,15,-11.8265,-3.448
3899,7,698,1,699,19,2,1,2,14,11.9,22.534855,26.48002
3900,7,699,1,699,19,1,1,1,11.9,14,26.48002,22.534855
3901,8,786,0,793,19,14,7,2,13.5,14.3,28.43708983,26.47461627
3902,8,787,0,793,19,13,7,1,14.3,13.5,26.47461627,28.43708983
3903,8,788,0,794,19,12,6,2,4,10,8.057763466,1.995142107
3904,8,789,0,794,19,11,6,1,10,4,1.995142107,8.057763466
3905,8,790,0,795,19,10,5,2,8.5,10,14.63380422,12.41250238
3906,8,791,0,795,19,9,5,1,10,8.5,12.41250238,14.63380422
3907,8,792,0,796,19,8,4,2,12,15,29.97280286,22.86442353
3908,8,793,0,796,19,7,4,1,15,12,22.86442353,29.97280286
3909,8,794,0,797,19,6,3,2,26,12,12.24064964,61.51228071
3910,8,795,0,797,19,5,3,1,12,26,61.51228071,12.24064964
3911,8,796,0,798,19,4,2,2,11,14,26.9701822,20.4890442
3912,8,797,0,798,19,3,2,1,14,11,20.4890442,26.9701822
3913,8,798,0,799,19,2,1,2,28,10,4.867455106,68.21669505
3914,8,799,0,799,19,1,1,1,10,28,68.21669505,4.867455106
3915,11,1086,0,1093,19,14,7,2,5,4,-5.745355314,-5.257619531
3916,11,1087,0,1093,19,13,7,1,4,5,-5.257619531,-5.745355314
3917,11,1088,0,1094,19,12,6,2,10,14.1,26.66491735,18.1931155
3918,11,1089,0,1094,19,11,6,1,14.1,10,18.1931155,26.66491735
3919,11,1090,0,1095,19,10,5,2,26,24,37.12816543,46.67593519
3920,11,1091,0,1095,19,9,5,1,24,26,46.67593519,37.12816543
3921,11,1092,0,1096,19,8,4,2,2.5,6,-5.904656,-7.428785854
3922,11,1093,0,1096,19,7,4,1,6,2.5,-7.428785854,-5.904656
3923,11,1094,0,1097,19,6,3,2,12,18,38.02769412,21.92921146
3924,11,1095,0,1097,19,5,3,1,18,12,21.92921146,38.02769412
3925,11,1096,0,1098,19,4,2,2,6,9,8.732078869,5.387147524
3926,11,1097,0,1098,19,3,2,1,9,6,5.387147524,8.732078869
3927,11,1098,0,1099,19,2,1,2,24,24,41.696,41.696
3928,11,1099,0,1099,19,1,1,1,24,24,41.696,41.696
3929,12,1188,1,1194,19,12,6,2,16,18,37.898,29.548
3930,12,1189,1,1194,19,11,6,1,18,16,29.548,37.898
3931,12,1190,1,1195,19,10,5,2,25,25,41.9125,41.9125
3932,12,1191,1,1195,19,9,5,1,25,25,41.9125,41.9125
3933,12,1192,1,1196,19,8,4,2,18,24.5,56.771375,13.9705
3934,12,1193,1,1196,19,7,4,1,24.5,18,13.9705,56.771375
3935,12,1194,1,1197,19,6,3,2,15,15.9,32.461955,29.49542
3936,12,1195,1,1197,19,5,3,1,15.9,15,29.49542,32.461955
3937,12,1196,1,1198,19,4,2,2,12,9.8,17.68622,19.26208
3938,12,1197,1,1198,19,3,2,1,9.8,12,19.26208,17.68622
3939,12,1198,1,1199,19,2,1,2,13,15,29.7425,24.7945
3940,12,1199,1,1199,19,1,1,1,15,13,24.7945,29.7425
3941,16,1590,0,1595,19,10,5,2,28,10,4.867455106,68.21669505
3942,16,1591,0,1595,19,9,5,1,10,28,68.21669505,4.867455106
3943,16,1592,0,1596,19,8,4,2,25.5,25.5,41.940125,41.940125
3944,16,1593,0,1596,19,7,4,1,25.5,25.5,41.940125,41.940125
3945,16,1594,0,1597,19,6,3,2,4,12,13.7028743,3.946735606
3946,16,1595,0,1597,19,5,3,1,12,4,3.946735606,13.7028743
3947,16,1596,0,1598,19,4,2,2,13.5,0.8,-1.321849785,11.908997
3948,16,1597,0,1598,19,3,2,1,0.8,13.5,11.908997,-1.321849785
3949,16,1598,0,1599,19,2,1,2,10.1,8.6,12.74527135,14.99793525
3950,16,1599,0,1599,19,1,1,1,8.6,10.1,14.99793525,12.74527135
3951,18,1786,1,1793,19,14,7,2,20,18,31.642,42.26
3952,18,1787,1,1793,19,13,7,1,18,20,42.26,31.642
3953,18,1788,1,1794,19,12,6,2,14.5,10,17.4985,24.166375
3954,18,1789,1,1794,19,11,6,1,10,14.5,24.166375,17.4985
3955,18,1790,1,1795,19,10,5,2,16,16,32.224,32.224
3956,18,1791,1,1795,19,9,5,1,16,16,32.224,32.224
3957,18,1792,1,1796,19,8,4,2,4,13,-0.9125,4.888
3958,18,1793,1,1796,19,7,4,1,13,4,4.888,-0.9125
3959,18,1794,1,1797,19,6,3,2,18,15,26.3975,38.072
3960,18,1795,1,1797,19,5,3,1,15,18,38.072,26.3975
3961,18,1796,1,1798,19,4,2,2,10,14,23.258,17.898
3962,18,1797,1,1798,19,3,2,1,14,10,17.898,23.258
3963,18,1798,1,1799,19,2,1,2,12.8,9.9,18.066535,20.88374
3964,18,1799,1,1799,19,1,1,1,9.9,12.8,20.88374,18.066535
3965,22,2190,0,2195,19,10,5,2,8.7,7.3,8.133217516,9.840541788
3966,22,2191,0,2195,19,9,5,1,7.3,8.7,9.840541788,8.133217516
3967,22,2192,0,2196,19,8,4,2,22,21,38.19046091,42.23256424
3968,22,2193,0,2196,19,7,4,1,21,22,42.23256424,38.19046091
3969,22,2194,0,2197,19,6,3,2,15,14,27.62424247,30.20278269
3970,22,2195,0,2197,19,5,3,1,14,15,30.20278269,27.62424247
3971,22,2196,0,2198,19,4,2,2,0,16,18.07935851,-1.432918881
3972,22,2197,0,2198,19,3,2,1,16,0,-1.432918881,18.07935851
3973,22,2198,0,2199,19,2,1,2,5,9,7.099575025,3.057827452
3974,22,2199,0,2199,19,1,1,1,9,5,3.057827452,7.099575025
3975,23,2292,0,2296,19,8,4,2,16.5,14.6,28.61482945,33.93117136
3976,23,2293,0,2296,19,7,4,1,14.6,16.5,33.93117136,28.61482945
3977,23,2294,0,2297,19,6,3,2,3,1,-17.43748436,-17.50741502
3978,23,2295,0,2297,19,5,3,1,1,3,-17.50741502,-17.43748436
3979,23,2296,0,2298,19,4,2,2,2,10,4.072230751,-2.338620844
3980,23,2297,0,2298,19,3,2,1,10,2,-2.338620844,4.072230751
3981,23,2298,0,2299,19,2,1,2,1,14,13.88897683,-0.605725667
3982,23,2299,0,2299,19,1,1,1,14,1,-0.605725667,13.88897683
3983,24,2386,1,2393,19,14,7,2,25,20,20,56.4675
3984,24,2387,1,2393,19,13,7,1,20,25,56.4675,20
3985,24,2388,1,2394,19,12,6,2,16,10,15.466,26.908
3986,24,2389,1,2394,19,11,6,1,10,16,26.908,15.466
3987,24,2390,1,2395,19,10,5,2,12,10,18.106,19.652
3988,24,2391,1,2395,19,9,5,1,10,12,19.652,18.106
3989,24,2392,1,2396,19,8,4,2,13,13,25.1245,25.1245
3990,24,2393,1,2396,19,7,4,1,13,13,25.1245,25.1245
3991,24,2394,1,2397,19,6,3,2,18.7,21.9,47.579285,28.231765
3992,24,2395,1,2397,19,5,3,1,21.9,18.7,28.231765,47.579285
3993,24,2396,1,2398,19,4,2,2,20,16,24.648,43.616
3994,24,2397,1,2398,19,3,2,1,16,20,43.616,24.648
3995,24,2398,1,2399,19,2,1,2,12.5,17.8,35.62062,19.052555
3996,24,2399,1,2399,19,1,1,1,17.8,12.5,19.052555,35.62062
3997,25,2484,1,2492,19,16,8,2,17,21,46.2565,25.0205
3998,25,2485,1,2492,19,15,8,1,21,17,25.0205,46.2565
3999,25,2486,1,2493,19,14,7,2,23,23,41.2645,41.2645
4000,25,2487,1,2493,19,13,7,1,23,23,41.2645,41.2645
4001,25,2488,1,2494,19,12,6,2,25.5,25.5,41.940125,41.940125
4002,25,2489,1,2494,19,11,6,1,25.5,25.5,41.940125,41.940125
4003,25,2490,1,2495,19,10,5,2,18,16,29.548,37.898
4004,25,2491,1,2495,19,9,5,1,16,18,37.898,29.548
4005,25,2492,1,2496,19,8,4,2,20,22,45.762,32.876
4006,25,2493,1,2496,19,7,4,1,22,20,32.876,45.762
4007,25,2494,1,2497,19,6,3,2,14,15,30.1855,27.428
4008,25,2495,1,2497,19,5,3,1,15,14,27.428,30.1855
4009,25,2496,1,2498,19,4,2,2,24,16,8.176,55.184
4010,25,2497,1,2498,19,3,2,1,16,24,55.184,8.176
4011,25,2498,1,2499,19,2,1,2,22,22,40.618,40.618
4012,25,2499,1,2499,19,1,1,1,22,22,40.618,40.618
4013,26,2590,0,2595,19,10,5,2,22,24,45.6097743,36.89832632
4014,26,2591,0,2595,19,9,5,1,24,22,36.89832632,45.6097743
4015,26,2592,0,2596,19,8,4,2,2,0,-22.38990392,-22.87799546
4016,26,2593,0,2596,19,7,4,1,0,2,-22.87799546,-22.38990392
4017,26,2594,0,2597,19,6,3,2,10,16.2,32.37796904,18.20583791
4018,26,2595,0,2597,19,5,3,1,16.2,10,18.20583791,32.37796904
4019,26,2596,0,2598,19,4,2,2,20,14,24.76272879,43.37017678
4020,26,2597,0,2598,19,3,2,1,14,20,43.37017678,24.76272879
4021,26,2598,0,2599,19,2,1,2,17,10,18.02100707,34.60722552
4022,26,2599,0,2599,19,1,1,1,10,17,34.60722552,18.02100707
4023,27,2686,1,2693,19,14,7,2,12,16,30.904,21.008
4024,27,2687,1,2693,19,13,7,1,16,12,21.008,30.904
4025,27,2688,1,2694,19,12,6,2,16,16.4,33.35528,31.86672
4026,27,2689,1,2694,19,11,6,1,16.4,16,31.86672,33.35528
4027,27,2690,1,2695,19,10,5,2,10,13,21.4495,18.28
4028,27,2691,1,2695,19,9,5,1,13,10,18.28,21.4495
4029,27,2692,1,2696,19,8,4,2,26,24,32.764,50.186
4030,27,2693,1,2696,19,7,4,1,24,26,50.186,32.764
4031,27,2694,1,2697,19,6,3,2,12,11,20.2115,21.268
4032,27,2695,1,2697,19,5,3,1,11,12,21.268,20.2115
4033,27,2696,1,2698,19,4,2,2,14,20,42.748,17.698
4034,27,2697,1,2698,19,3,2,1,20,14,17.698,42.748
4035,27,2698,1,2699,19,2,1,2,10,15,25.0775,16.96
4036,27,2699,1,2699,19,1,1,1,15,10,16.96,25.0775
4037,28,2778,0,2789,19,22,11,2,13,8,13.30926832,22.02036055
4038,28,2779,0,2789,19,21,11,1,8,13,22.02036055,13.30926832
4039,28,2780,0,2790,19,20,10,2,16,13,25.02480286,32.76042353
4040,28,2781,0,2790,19,19,10,1,13,16,32.76042353,25.02480286
4041,28,2782,0,2791,19,18,9,2,16,10,18.23569412,31.82521146
4042,28,2783,0,2791,19,17,9,1,10,16,31.82521146,18.23569412
4043,28,2784,0,2792,19,16,8,2,6.5,2,-7.667418071,-5.707822544
4044,28,2785,0,2792,19,15,8,1,2,6.5,-5.707822544,-7.667418071
4045,28,2786,0,2793,19,14,7,2,11.8,12.2,22.73874983,21.91641419
4046,28,2787,0,2793,19,13,7,1,12.2,11.8,21.91641419,22.73874983
4047,28,2788,0,2794,19,12,6,2,9,4,0.774072757,5.303556113
4048,28,2789,0,2794,19,11,6,1,4,9,5.303556113,0.774072757
4049,28,2790,0,2795,19,10,5,2,12,28,67.83908112,8.183358512
4050,28,2791,0,2795,19,9,5,1,28,12,8.183358512,67.83908112
4051,28,2792,0,2796,19,8,4,2,10,20,43.22665996,16.39585552
4052,28,2793,0,2796,19,7,4,1,20,10,16.39585552,43.22665996
4053,28,2794,0,2797,19,6,3,2,26,26,41.914,41.914
4054,28,2795,0,2797,19,5,3,1,26,26,41.914,41.914
4055,28,2796,0,2798,19,4,2,2,26,26,41.914,41.914
4056,28,2797,0,2798,19,3,2,1,26,26,41.914,41.914
4057,28,2798,0,2799,19,2,1,2,18,18,35.882,35.882
4058,28,2799,0,2799,19,1,1,1,18,18,35.882,35.882
4059,29,2892,0,2896,19,8,4,2,14.5,19,40.50381494,26.78344445
4060,29,2893,0,2896,19,7,4,1,19,14.5,26.78344445,40.50381494
4061,29,2894,0,2897,19,6,3,2,28,15,13.49895394,66.04629722
4062,29,2895,0,2897,19,5,3,1,15,28,66.04629722,13.49895394
4063,29,2896,0,2898,19,4,2,2,18,28,62.78187771,19.22463777
4064,29,2897,0,2898,19,3,2,1,28,18,19.22463777,62.78187771
4065,29,2898,0,2899,19,2,1,2,0,18,24.65945511,-1.055304949
4066,29,2899,0,2899,19,1,1,1,18,0,-1.055304949,24.65945511
4067,2,182,1,191,20,18,9,2,14,13,25.2375,27.428
4068,2,183,1,191,20,17,9,1,13,14,27.428,25.2375
4069,2,184,1,192,20,16,8,2,20,0,-29.72,-25.6
4070,2,185,1,192,20,15,8,1,0,20,-25.6,-29.72
4071,2,186,1,193,20,14,7,2,16,18,37.898,29.548
4072,2,187,1,193,20,13,7,1,18,16,29.548,37.898
4073,2,188,1,194,20,12,6,2,22,14,9.914,47.85
4074,2,189,1,194,20,11,6,1,14,22,47.85,9.914
4075,2,190,1,195,20,10,5,2,12,12,22.328,22.328
4076,2,191,1,195,20,9,5,1,12,12,22.328,22.328
4077,2,192,1,196,20,8,4,2,16,10,15.466,26.908
4078,2,193,1,196,20,7,4,1,10,16,26.908,15.466
4079,2,194,1,197,20,6,3,2,12,22,44.098,2.348
4080,2,195,1,197,20,5,3,1,22,12,2.348,44.098
4081,2,196,1,198,20,4,2,2,16,14.6,28.27838,32.77392
4082,2,197,1,198,20,3,2,1,14.6,16,32.77392,28.27838
4083,2,198,1,199,20,2,1,2,16,16,32.224,32.224
4084,2,199,1,199,20,1,1,1,16,16,32.224,32.224
4085,5,484,0,492,20,16,8,2,18,12,21.92921146,38.02769412
4086,5,485,0,492,20,15,8,1,12,18,38.02769412,21.92921146
4087,5,486,0,493,20,14,7,2,2,28,63.18654809,-6.573543445
4088,5,487,0,493,20,13,7,1,28,2,-6.573543445,63.18654809
4089,5,488,0,494,20,12,6,2,22,22,40.618,40.618
4090,5,489,0,494,20,11,6,1,22,22,40.618,40.618
4091,5,490,0,495,20,10,5,2,13,16,32.76042353,25.02480286
4092,5,491,0,495,20,9,5,1,16,13,25.02480286,32.76042353
4093,5,492,0,496,20,8,4,2,1,2,-20.0882402,-19.94873465
4094,5,493,0,496,20,7,4,1,2,1,-19.94873465,-20.0882402
4095,5,494,0,497,20,6,3,2,12,10,17.45929164,21.15280898
4096,5,495,0,497,20,5,3,1,10,12,21.15280898,17.45929164
4097,5,496,0,498,20,4,2,2,10,15.5,30.45129144,18.28171949
4098,5,497,0,498,20,3,2,1,15.5,10,18.28171949,30.45129144
4099,5,498,0,499,20,2,1,2,18,10,17.64280495,37.43480495
4100,5,499,0,499,20,1,1,1,10,18,37.43480495,17.64280495
4101,7,686,1,693,20,14,7,2,26,26,41.914,41.914
4102,7,687,1,693,20,13,7,1,26,26,41.914,41.914
4103,7,688,1,694,20,12,6,2,12,12,22.328,22.328
4104,7,689,1,694,20,11,6,1,12,12,22.328,22.328
4105,7,690,1,695,20,10,5,2,10,16,26.908,15.466
4106,7,691,1,695,20,9,5,1,16,10,15.466,26.908
4107,7,692,1,696,20,8,4,2,26,26,41.914,41.914
4108,7,693,1,696,20,7,4,1,26,26,41.914,41.914
4109,7,694,1,697,20,6,3,2,14,12,22.78,26.594
4110,7,695,1,697,20,5,3,1,12,14,26.594,22.78
4111,7,696,1,698,20,4,2,2,13,1,-1.6595,-19.5995
4112,7,697,1,698,20,3,2,1,1,13,-19.5995,-1.6595
4113,7,698,1,699,20,2,1,2,11.9,13,24.35802,22.603355
4114,7,699,1,699,20,1,1,1,13,11.9,22.603355,24.35802
4115,8,786,0,793,20,14,7,2,10,13.6,25.33428445,18.08380156
4116,8,787,0,793,20,13,7,1,13.6,10,18.08380156,25.33428445
4117,8,788,0,794,20,12,6,2,20,10,16.39585552,43.22665996
4118,8,789,0,794,20,11,6,1,10,20,43.22665996,16.39585552
4119,8,790,0,795,20,10,5,2,9,14,25.66206166,15.90556721
4120,8,791,0,795,20,9,5,1,14,9,15.90556721,25.66206166
4121,8,792,0,796,20,8,4,2,13,28,67.40500155,9.909658279
4122,8,793,0,796,20,7,4,1,28,13,9.909658279,67.40500155
4123,8,794,0,797,20,6,3,2,6,14,22.47351785,9.372092055
4124,8,795,0,797,20,5,3,1,14,6,9.372092055,22.47351785
4125,8,796,0,798,20,4,2,2,10,7.5,10.01779402,13.4586132
4126,8,797,0,798,20,3,2,1,7.5,10,13.4586132,10.01779402
4127,8,798,0,799,20,2,1,2,4,12,13.7028743,3.946735606
4128,8,799,0,799,20,1,1,1,12,4,3.946735606,13.7028743
4129,11,1086,0,1093,20,14,7,2,5.7,4.5,-3.199347318,-2.463526459
4130,11,1087,0,1093,20,13,7,1,4.5,5.7,-2.463526459,-3.199347318
4131,11,1088,0,1094,20,12,6,2,12,22.2,49.99349037,18.14756674
4132,11,1089,0,1094,20,11,6,1,22.2,12,18.14756674,49.99349037
4133,11,1090,0,1095,20,10,5,2,24,24,41.696,41.696
4134,11,1091,0,1095,20,9,5,1,24,24,41.696,41.696
4135,11,1092,0,1096,20,8,4,2,3.9,0.6,-16.26222093,-16.20511514
4136,11,1093,0,1096,20,7,4,1,0.6,3.9,-16.20511514,-16.26222093
4137,11,1094,0,1097,20,6,3,2,14,20,43.37017678,24.76272879
4138,11,1095,0,1097,20,5,3,1,20,14,24.76272879,43.37017678
4139,11,1096,0,1098,20,4,2,2,2,7,-4.344846106,-6.783525024
4140,11,1097,0,1098,20,3,2,1,7,2,-6.783525024,-4.344846106
4141,11,1098,0,1099,20,2,1,2,24,28,51.83813189,31.90627059
4142,11,1099,0,1099,20,1,1,1,28,24,31.90627059,51.83813189
4143,12,1188,1,1194,20,12,6,2,20,16,24.648,43.616
4144,12,1189,1,1194,20,11,6,1,16,20,43.616,24.648
4145,12,1190,1,1195,20,10,5,2,25,25,41.9125,41.9125
4146,12,1191,1,1195,20,9,5,1,25,25,41.9125,41.9125
4147,12,1192,1,1196,20,8,4,2,24.7,4,-45.96722,9.352495
4148,12,1193,1,1196,20,7,4,1,4,24.7,9.352495,-45.96722
4149,12,1194,1,1197,20,6,3,2,15.7,12.3,22.235825,30.647425
4150,12,1195,1,1197,20,5,3,1,12.3,15.7,30.647425,22.235825
4151,12,1196,1,1198,20,4,2,2,10.9,9.5,16.314545,16.761705
4152,12,1197,1,1198,20,3,2,1,9.5,10.9,16.761705,16.314545
4153,12,1198,1,1199,20,2,1,2,14,15,30.1855,27.428
4154,12,1199,1,1199,20,1,1,1,15,14,27.428,30.1855
4155,16,1590,0,1595,20,10,5,2,19,16,30.21594087,39.83328553
4156,16,1591,0,1595,20,9,5,1,16,19,39.83328553,30.21594087
4157,16,1592,0,1596,20,8,4,2,10,28,68.21669505,4.867455106
4158,16,1593,0,1596,20,7,4,1,28,10,4.867455106,68.21669505
4159,16,1594,0,1597,20,6,3,2,10,22,49.20077647,14.49484582
4160,16,1595,0,1597,20,5,3,1,22,10,14.49484582,49.20077647
4161,16,1596,0,1598,20,4,2,2,13.2,0.1,-2.872681325,9.405408141
4162,16,1597,0,1598,20,3,2,1,0.1,13.2,9.405408141,-2.872681325
4163,16,1598,0,1599,20,2,1,2,22,6.5,8.111553361,47.26874008
4164,16,1599,0,1599,20,1,1,1,6.5,22,47.26874008,8.111553361
4165,18,1786,1,1793,20,14,7,2,22,20,32.876,45.762
4166,18,1787,1,1793,20,13,7,1,20,22,45.762,32.876
4167,18,1788,1,1794,20,12,6,2,12,14,26.594,22.78
4168,18,1789,1,1794,20,11,6,1,14,12,22.78,26.594
4169,18,1790,1,1795,20,10,5,2,14,12,22.78,26.594
4170,18,1791,1,1795,20,9,5,1,12,14,26.594,22.78
4171,18,1792,1,1796,20,8,4,2,8,11.5,14.022375,13.7975
4172,18,1793,1,1796,20,7,4,1,11.5,8,13.7975,14.022375
4173,18,1794,1,1797,20,6,3,2,18,15.2,27.02672,38.08168
4174,18,1795,1,1797,20,5,3,1,15.2,18,38.08168,27.02672
4175,18,1796,1,1798,20,4,2,2,12,18,35.258,17.012
4176,18,1797,1,1798,20,3,2,1,18,12,17.012,35.258
4177,18,1798,1,1799,20,2,1,2,16,12,21.008,30.904
4178,18,1799,1,1799,20,1,1,1,12,16,30.904,21.008
4179,22,2190,0,2195,20,10,5,2,7.1,8.7,9.566724632,7.648949764
4180,22,2191,0,2195,20,9,5,1,8.7,7.1,7.648949764,9.566724632
4181,22,2192,0,2196,20,8,4,2,21,23,44.75419386,36.46090676
4182,22,2193,0,2196,20,7,4,1,23,21,36.46090676,44.75419386
4183,22,2194,0,2197,20,6,3,2,13,14,27.62424247,25.25478269
4184,22,2195,0,2197,20,5,3,1,14,13,25.25478269,27.62424247
4185,22,2196,0,2198,20,4,2,2,28,18,19.22463777,62.78187771
4186,22,2197,0,2198,20,3,2,1,18,28,62.78187771,19.22463777
4187,22,2198,0,2199,20,2,1,2,19,7,11.15879381,38.33782848
4188,22,2199,0,2199,20,1,1,1,7,19,38.33782848,11.15879381
4189,23,2292,0,2296,20,8,4,2,9.1,16.5,32.66482657,16.21386091
4190,23,2293,0,2296,20,7,4,1,16.5,9.1,16.21386091,32.66482657
4191,23,2294,0,2297,20,6,3,2,1,1,-22.6235,-22.6235
4192,23,2295,0,2297,20,5,3,1,1,1,-22.6235,-22.6235
4193,23,2296,0,2298,20,4,2,2,6,10,11.38923591,6.511166564
4194,23,2297,0,2298,20,3,2,1,10,6,6.511166564,11.38923591
4195,23,2298,0,2299,20,2,1,2,7,16,29.41836378,11.85667376
4196,23,2299,0,2299,20,1,1,1,16,7,11.85667376,29.41836378
4197,24,2386,1,2393,20,14,7,2,25,20,20,56.4675
4198,24,2387,1,2393,20,13,7,1,20,25,56.4675,20
4199,24,2388,1,2394,20,12,6,2,10,18,30.602,10.81
4200,24,2389,1,2394,20,11,6,1,18,10,10.81,30.602
4201,24,2390,1,2395,20,10,5,2,12,12,22.328,22.328
4202,24,2391,1,2395,20,9,5,1,12,12,22.328,22.328
4203,24,2392,1,2396,20,8,4,2,14,14,27.706,27.706
4204,24,2393,1,2396,20,7,4,1,14,14,27.706,27.706
4205,24,2394,1,2397,20,6,3,2,18.7,14.9,24.493985,39.928065
4206,24,2395,1,2397,20,5,3,1,14.9,18.7,39.928065,24.493985
4207,24,2396,1,2398,20,4,2,2,18,20,42.26,31.642
4208,24,2397,1,2398,20,3,2,1,20,18,31.642,42.26
4209,24,2398,1,2399,20,2,1,2,10.7,15,26.61358,18.779195
4210,24,2399,1,2399,20,1,1,1,15,10.7,18.779195,26.61358
4211,25,2484,1,2492,20,16,8,2,18,21,45.4655,28.688
4212,25,2485,1,2492,20,15,8,1,21,18,28.688,45.4655
4213,25,2486,1,2493,20,14,7,2,24,24,41.696,41.696
4214,25,2487,1,2493,20,13,7,1,24,24,41.696,41.696
4215,25,2488,1,2494,20,12,6,2,25.5,25.5,41.940125,41.940125
4216,25,2489,1,2494,20,11,6,1,25.5,25.5,41.940125,41.940125
4217,25,2490,1,2495,20,10,5,2,16,18,37.898,29.548
4218,25,2491,1,2495,20,9,5,1,18,16,29.548,37.898
4219,25,2492,1,2496,20,8,4,2,16,20,43.616,24.648
4220,25,2493,1,2496,20,7,4,1,20,16,24.648,43.616
4221,25,2494,1,2497,20,6,3,2,14,13,25.2375,27.428
4222,25,2495,1,2497,20,5,3,1,13,14,27.428,25.2375
4223,25,2496,1,2498,20,4,2,2,14,24,52.996,-0.094
4224,25,2497,1,2498,20,3,2,1,24,14,-0.094,52.996
4225,25,2498,1,2499,20,2,1,2,22.5,22,38.9845,42.560375
4226,25,2499,1,2499,20,1,1,1,22,22.5,42.560375,38.9845
4227,26,2590,0,2595,20,10,5,2,23,21,36.46090676,44.75419386
4228,26,2591,0,2595,20,9,5,1,21,23,44.75419386,36.46090676
4229,26,2592,0,2596,20,8,4,2,14,1,-0.605725667,13.88897683
4230,26,2593,0,2596,20,7,4,1,1,14,13.88897683,-0.605725667
4231,26,2594,0,2597,20,6,3,2,16,16,32.224,32.224
4232,26,2595,0,2597,20,5,3,1,16,16,32.224,32.224
4233,26,2596,0,2598,20,4,2,2,20,20,38.68,38.68
4234,26,2597,0,2598,20,3,2,1,20,20,38.68,38.68
4235,26,2598,0,2599,20,2,1,2,9,9,12.6485,12.6485
4236,26,2599,0,2599,20,1,1,1,9,9,12.6485,12.6485
4237,27,2686,1,2693,20,14,7,2,11,10,17.376,17.8655
4238,27,2687,1,2693,20,13,7,1,10,11,17.8655,17.376
4239,27,2688,1,2694,20,12,6,2,16,24.1,55.475455,7.65022
4240,27,2689,1,2694,20,11,6,1,24.1,16,7.65022,55.475455
4241,27,2690,1,2695,20,10,5,2,11.9,18,35.07802,16.700855
4242,27,2691,1,2695,20,9,5,1,18,11.9,16.700855,35.07802
4243,27,2692,1,2696,20,8,4,2,28,26,31.418,51.108
4244,27,2693,1,2696,20,7,4,1,26,28,51.108,31.418
4245,27,2694,1,2697,20,6,3,2,0,11,-27.2245,-1.424
4246,27,2695,1,2697,20,5,3,1,11,0,-1.424,-27.2245
4247,27,2696,1,2698,20,4,2,2,16,28,66.928,-17.192
4248,27,2697,1,2698,20,3,2,1,28,16,-17.192,66.928
4249,27,2698,1,2699,20,2,1,2,10,12,19.652,18.106
4250,27,2699,1,2699,20,1,1,1,12,10,18.106,19.652
4251,28,2778,0,2789,20,22,11,2,18,13.5,25.26362544,38.04313394
4252,28,2779,0,2789,20,21,11,1,13.5,18,38.04313394,25.26362544
4253,28,2780,0,2790,20,20,10,2,14,13,25.25478269,27.62424247
4254,28,2781,0,2790,20,19,10,1,13,14,27.62424247,25.25478269
4255,28,2782,0,2791,20,18,9,2,12,18,38.02769412,21.92921146
4256,28,2783,0,2791,20,17,9,1,18,12,21.92921146,38.02769412
4257,28,2784,0,2792,20,16,8,2,10.5,2,-1.740879164,5.514946599
4258,28,2785,0,2792,20,15,8,1,2,10.5,5.514946599,-1.740879164
4259,28,2786,0,2793,20,14,7,2,12.3,20.3,44.47987004,20.84078987
4260,28,2787,0,2793,20,13,7,1,20.3,12.3,20.84078987,44.47987004
4261,28,2788,0,2794,20,12,6,2,5,6,-0.744079309,-1.440895536
4262,28,2789,0,2794,20,11,6,1,6,5,-1.440895536,-0.744079309
4263,28,2790,0,2795,20,10,5,2,28,13,9.909658279,67.40500155
4264,28,2791,0,2795,20,9,5,1,13,28,67.40500155,9.909658279
4265,28,2792,0,2796,20,8,4,2,22,24,45.6097743,36.89832632
4266,28,2793,0,2796,20,7,4,1,24,22,36.89832632,45.6097743
4267,28,2794,0,2797,20,6,3,2,26,26,41.914,41.914
4268,28,2795,0,2797,20,5,3,1,26,26,41.914,41.914
4269,28,2796,0,2798,20,4,2,2,26,26,41.914,41.914
4270,28,2797,0,2798,20,3,2,1,26,26,41.914,41.914
4271,28,2798,0,2799,20,2,1,2,18,10,17.64280495,37.43480495
4272,28,2799,0,2799,20,1,1,1,10,18,37.43480495,17.64280495
4273,29,2892,0,2896,20,8,4,2,22.5,0,-2.597081459,40.13106608
4274,29,2893,0,2896,20,7,4,1,0,22.5,40.13106608,-2.597081459
4275,29,2894,0,2897,20,6,3,2,15,28,66.04629722,13.49895394
4276,29,2895,0,2897,20,5,3,1,28,15,13.49895394,66.04629722
4277,29,2896,0,2898,20,4,2,2,15,0,-1.866998448,14.85765828
4278,29,2897,0,2898,20,3,2,1,0,15,14.85765828,-1.866998448
4279,29,2898,0,2899,20,2,1,2,6,17.5,32.77031012,9.729266604
4280,29,2899,0,2899,20,1,1,1,17.5,6,9.729266604,32.77031012
4281,2,182,1,191,21,18,9,2,14,14,27.706,27.706
4282,2,183,1,191,21,17,9,1,14,14,27.706,27.706
4283,2,184,1,192,21,16,8,2,10,28,49.732,-45.83
4284,2,185,1,192,21,15,8,1,28,10,-45.83,49.732
4285,2,186,1,193,21,14,7,2,16,18,37.898,29.548
4286,2,187,1,193,21,13,7,1,18,16,29.548,37.898
4287,2,188,1,194,21,12,6,2,6,14,9.914,8.266
4288,2,189,1,194,21,11,6,1,14,6,8.266,9.914
4289,2,190,1,195,21,10,5,2,14,14,27.706,27.706
4290,2,191,1,195,21,9,5,1,14,14,27.706,27.706
4291,2,192,1,196,21,8,4,2,16,16,32.224,32.224
4292,2,193,1,196,21,7,4,1,16,16,32.224,32.224
4293,2,194,1,197,21,6,3,2,14,18,37.69,23.258
4294,2,195,1,197,21,5,3,1,18,14,23.258,37.69
4295,2,196,1,198,21,4,2,2,14.6,16.6,34.3329,27.5705
4296,2,197,1,198,21,3,2,1,16.6,14.6,27.5705,34.3329
4297,2,198,1,199,21,2,1,2,16,14,26.594,32.676
4298,2,199,1,199,21,1,1,1,14,16,32.676,26.594
4299,5,484,0,492,21,16,8,2,18,6,9.616776472,34.28684582
4300,5,485,0,492,21,15,8,1,6,18,34.28684582,9.616776472
4301,5,486,0,493,21,14,7,2,2,2,-17.462,-17.462
4302,5,487,0,493,21,13,7,1,2,2,-17.462,-17.462
4303,5,488,0,494,21,12,6,2,26,24,37.12816543,46.67593519
4304,5,489,0,494,21,11,6,1,24,26,46.67593519,37.12816543
4305,5,490,0,495,21,10,5,2,14,16,32.74513075,27.37896987
4306,5,491,0,495,21,9,5,1,16,14,27.37896987,32.74513075
4307,5,492,0,496,21,8,4,2,0.5,28,61.07835069,-8.394077364
4308,5,493,0,496,21,7,4,1,28,0.5,-8.394077364,61.07835069
4309,5,494,0,497,21,6,3,2,10,10,16.09,16.09
4310,5,495,0,497,21,5,3,1,10,10,16.09,16.09
4311,5,496,0,498,21,4,2,2,10,10,16.09,16.09
4312,5,497,0,498,21,3,2,1,10,10,16.09,16.09
4313,5,498,0,499,21,2,1,2,24,12,15.64388049,55.3677418
4314,5,499,0,499,21,1,1,1,12,24,55.3677418,15.64388049
4315,7,686,1,693,21,14,7,2,26,26,41.914,41.914
4316,7,687,1,693,21,13,7,1,26,26,41.914,41.914
4317,7,688,1,694,21,12,6,2,12,28,57.688,-36.328
4318,7,689,1,694,21,11,6,1,28,12,-36.328,57.688
4319,7,690,1,695,21,10,5,2,12,12,22.328,22.328
4320,7,691,1,695,21,9,5,1,12,12,22.328,22.328
4321,7,692,1,696,21,8,4,2,26,26,41.914,41.914
4322,7,693,1,696,21,7,4,1,26,26,41.914,41.914
4323,7,694,1,697,21,6,3,2,14.5,16,32.7715,27.997375
4324,7,695,1,697,21,5,3,1,16,14.5,27.997375,32.7715
4325,7,696,1,698,21,4,2,2,13,2,0.512,-12.8145
4326,7,697,1,698,21,3,2,1,2,13,-12.8145,0.512
4327,7,698,1,699,21,2,1,2,14,11,20.3335,25.204
4328,7,699,1,699,21,1,1,1,11,14,25.204,20.3335
4329,8,786,0,793,21,14,7,2,13,10.5,19.07449236,24.08341486
4330,8,787,0,793,21,13,7,1,10.5,13,24.08341486,19.07449236
4331,8,788,0,794,21,12,6,2,23,10,13.29906837,52.25618279
4332,8,789,0,794,21,11,6,1,10,23,52.25618279,13.29906837
4333,8,790,0,795,21,10,5,2,5,10,9.805257223,4.230371647
4334,8,791,0,795,21,9,5,1,10,5,4.230371647,9.805257223
4335,8,792,0,796,21,8,4,2,18,25,54.23347794,25.93875464
4336,8,793,0,796,21,7,4,1,25,18,25.93875464,54.23347794
4337,8,794,0,797,21,6,3,2,4,14,19.53024664,5.244268836
4338,8,795,0,797,21,5,3,1,14,4,5.244268836,19.53024664
4339,8,796,0,798,21,4,2,2,16,15.2,30.26411657,32.51093953
4340,8,797,0,798,21,3,2,1,15.2,16,32.51093953,30.26411657
4341,8,798,0,799,21,2,1,2,2,8,-1.584719197,-5.13837523
4342,8,799,0,799,21,1,1,1,8,2,-5.13837523,-1.584719197
4343,11,1086,0,1093,21,14,7,2,5.6,5.5,-0.910458387,-0.839731362
4344,11,1087,0,1093,21,13,7,1,5.5,5.6,-0.839731362,-0.910458387
4345,11,1088,0,1094,21,12,6,2,14,12,22.84913075,27.37896987
4346,11,1089,0,1094,21,11,6,1,12,14,27.37896987,22.84913075
4347,11,1090,0,1095,21,10,5,2,24,20,32.28291414,48.86948834
4348,11,1091,0,1095,21,9,5,1,20,24,48.86948834,32.28291414
4349,11,1092,0,1096,21,8,4,2,2.5,0.4,-20.12828199,-20.44319708
4350,11,1093,0,1096,21,7,4,1,0.4,2.5,-20.44319708,-20.12828199
4351,11,1094,0,1097,21,6,3,2,14,14,27.706,27.706
4352,11,1095,0,1097,21,5,3,1,14,14,27.706,27.706
4353,11,1096,0,1098,21,4,2,2,12,8,12.77284479,19.32355769
4354,11,1097,0,1098,21,3,2,1,8,12,19.32355769,12.77284479
4355,11,1098,0,1099,21,2,1,2,26,28,46.88209608,36.49800454
4356,11,1099,0,1099,21,1,1,1,28,26,36.49800454,46.88209608
4357,12,1188,1,1194,21,12,6,2,10,12.5,20.549375,18.2625
4358,12,1189,1,1194,21,11,6,1,12.5,10,18.2625,20.549375
4359,12,1190,1,1195,21,10,5,2,25,25,41.9125,41.9125
4360,12,1191,1,1195,21,9,5,1,25,25,41.9125,41.9125
4361,12,1192,1,1196,21,8,4,2,10,12,19.652,18.106
4362,12,1193,1,1196,21,7,4,1,12,10,18.106,19.652
4363,12,1194,1,1197,21,6,3,2,16,14.1,26.874455,32.70622
4364,12,1195,1,1197,21,5,3,1,14.1,16,32.70622,26.874455
4365,12,1196,1,1198,21,4,2,2,10.3,10,16.53418,16.621495
4366,12,1197,1,1198,21,3,2,1,10,10.3,16.621495,16.53418
4367,12,1198,1,1199,21,2,1,2,13,16,32.068,23.7955
4368,12,1199,1,1199,21,1,1,1,16,13,23.7955,32.068
4369,16,1590,0,1595,21,10,5,2,16,15,29.77870224,32.56632291
4370,16,1591,0,1595,21,9,5,1,15,16,32.56632291,29.77870224
4371,16,1592,0,1596,21,8,4,2,28,10,4.867455106,68.21669505
4372,16,1593,0,1596,21,7,4,1,10,28,68.21669505,4.867455106
4373,16,1594,0,1597,21,6,3,2,10,24,55.35715449,11.93977585
4374,16,1595,0,1597,21,5,3,1,24,10,11.93977585,55.35715449
4375,16,1596,0,1598,21,4,2,2,0.6,0.1,-25.99943484,-26.18940887
4376,16,1597,0,1598,21,3,2,1,0.1,0.6,-26.18940887,-25.99943484
4377,16,1598,0,1599,21,2,1,2,7.9,4,-0.757963431,2.326556035
4378,16,1599,0,1599,21,1,1,1,4,7.9,2.326556035,-0.757963431
4379,18,1786,1,1793,21,14,7,2,20,16,24.648,43.616
4380,18,1787,1,1793,21,13,7,1,16,20,43.616,24.648
4381,18,1788,1,1794,21,12,6,2,12.5,14,27.0805,24.007375
4382,18,1789,1,1794,21,11,6,1,14,12.5,24.007375,27.0805
4383,18,1790,1,1795,21,10,5,2,20,14,17.698,42.748
4384,18,1791,1,1795,21,9,5,1,14,20,42.748,17.698
4385,18,1792,1,1796,21,8,4,2,8,12,14.752,13.928
4386,18,1793,1,1796,21,7,4,1,12,8,13.928,14.752
4387,18,1794,1,1797,21,6,3,2,1,15.5,-18.770125,-7.3695
4388,18,1795,1,1797,21,5,3,1,15.5,1,-7.3695,-18.770125
4389,18,1796,1,1798,21,4,2,2,10,14,23.258,17.898
4390,18,1797,1,1798,21,3,2,1,14,10,17.898,23.258
4391,18,1798,1,1799,21,2,1,2,20,14,17.698,42.748
4392,18,1799,1,1799,21,1,1,1,14,20,42.748,17.698
4393,22,2190,0,2195,21,10,5,2,9.2,8.7,12.1155922,12.82466408
4394,22,2191,0,2195,21,9,5,1,8.7,9.2,12.82466408,12.1155922
4395,22,2192,0,2196,21,8,4,2,23,22,38.83992069,43.09110446
4396,22,2193,0,2196,21,7,4,1,22,23,43.09110446,38.83992069
4397,22,2194,0,2197,21,6,3,2,10,11.5,19.87001972,17.17828688
4398,22,2195,0,2197,21,5,3,1,11.5,10,17.17828688,19.87001972
4399,22,2196,0,2198,21,4,2,2,0,18,24.65945511,-1.055304949
4400,22,2197,0,2198,21,3,2,1,18,0,-1.055304949,24.65945511
4401,22,2198,0,2199,21,2,1,2,12,0,-4.15032755,5.465949842
4402,22,2199,0,2199,21,1,1,1,0,12,5.465949842,-4.15032755
4403,23,2292,0,2296,21,8,4,2,16.4,7.5,12.8736376,31.07756491
4404,23,2293,0,2296,21,7,4,1,7.5,16.4,31.07756491,12.8736376
4405,23,2294,0,2297,21,6,3,2,2,1,-19.94873465,-20.0882402
4406,23,2295,0,2297,21,5,3,1,1,2,-20.0882402,-19.94873465
4407,23,2296,0,2298,21,4,2,2,16,16,32.224,32.224
4408,23,2297,0,2298,21,3,2,1,16,16,32.224,32.224
4409,23,2298,0,2299,21,2,1,2,3,20,36.68017544,3.508094301
4410,23,2299,0,2299,21,1,1,1,20,3,3.508094301,36.68017544
4411,24,2386,1,2393,21,14,7,2,20,24,52.888,24.848
4412,24,2387,1,2393,21,13,7,1,24,20,24.848,52.888
4413,24,2388,1,2394,21,12,6,2,15,18,38.072,26.3975
4414,24,2389,1,2394,21,11,6,1,18,15,26.3975,38.072
4415,24,2390,1,2395,21,10,5,2,12,13,24.4555,22.832
4416,24,2391,1,2395,21,9,5,1,13,12,22.832,24.4555
4417,24,2392,1,2396,21,8,4,2,15,16,32.728,29.4035
4418,24,2393,1,2396,21,7,4,1,16,15,29.4035,32.728
4419,24,2394,1,2397,21,6,3,2,14.9,14.9,29.845525,29.845525
4420,24,2395,1,2397,21,5,3,1,14.9,14.9,29.845525,29.845525
4421,24,2396,1,2398,21,4,2,2,20,26,60.058,14.596
4422,24,2397,1,2398,21,3,2,1,26,20,14.596,60.058
4423,24,2398,1,2399,21,2,1,2,9.5,18,29.0905,9.266375
4424,24,2399,1,2399,21,1,1,1,18,9.5,9.266375,29.0905
4425,25,2484,1,2492,21,16,8,2,16,19,40.7515,27.376
4426,25,2485,1,2492,21,15,8,1,19,16,27.376,40.7515
4427,25,2486,1,2493,21,14,7,2,25,25,41.9125,41.9125
4428,25,2487,1,2493,21,13,7,1,25,25,41.9125,41.9125
4429,25,2488,1,2494,21,12,6,2,25.5,16,-0.2945,59.567375
4430,25,2489,1,2494,21,11,6,1,16,25.5,59.567375,-0.2945
4431,25,2490,1,2495,21,10,5,2,10,27,47.7695,-37.664
4432,25,2491,1,2495,21,9,5,1,27,10,-37.664,47.7695
4433,25,2492,1,2496,21,8,4,2,17,20,43.216,28.1395
4434,25,2493,1,2496,21,7,4,1,20,17,28.1395,43.216
4435,25,2494,1,2497,21,6,3,2,12,14,26.594,22.78
4436,25,2495,1,2497,21,5,3,1,14,12,22.78,26.594
4437,25,2496,1,2498,21,4,2,2,18,24,55.148,16.49
4438,25,2497,1,2498,21,3,2,1,24,18,16.49,55.148
4439,25,2498,1,2499,21,2,1,2,22,22.5,42.560375,38.9845
4440,25,2499,1,2499,21,1,1,1,22.5,22,38.9845,42.560375
4441,26,2590,0,2595,21,10,5,2,19,23,47.58982745,31.83957502
4442,26,2591,0,2595,21,9,5,1,23,19,31.83957502,47.58982745
4443,26,2592,0,2596,21,8,4,2,0.5,5,-13.51071904,-14.05902157
4444,26,2593,0,2596,21,7,4,1,5,0.5,-14.05902157,-13.51071904
4445,26,2594,0,2597,21,6,3,2,18,11,19.76322552,37.81300707
4446,26,2595,0,2597,21,5,3,1,11,18,37.81300707,19.76322552
4447,26,2596,0,2598,21,4,2,2,22,20,35.8084872,43.68361342
4448,26,2597,0,2598,21,3,2,1,20,22,43.68361342,35.8084872
4449,26,2598,0,2599,21,2,1,2,9,11,17.71722853,14.44187208
4450,26,2599,0,2599,21,1,1,1,11,9,14.44187208,17.71722853
4451,27,2686,1,2693,21,14,7,2,13,14,27.428,25.2375
4452,27,2687,1,2693,21,13,7,1,14,13,25.2375,27.428
4453,27,2688,1,2694,21,12,6,2,10,17.9,30.416255,11.09562
4454,27,2689,1,2694,21,11,6,1,17.9,10,11.09562,30.416255
4455,27,2690,1,2695,21,10,5,2,13,14.6,28.81538,25.03842
4456,27,2691,1,2695,21,9,5,1,14.6,13,25.03842,28.81538
4457,27,2692,1,2696,21,8,4,2,24,26,50.186,32.764
4458,27,2693,1,2696,21,7,4,1,26,24,32.764,50.186
4459,27,2694,1,2697,21,6,3,2,0,11,-27.2245,-1.424
4460,27,2695,1,2697,21,5,3,1,11,0,-1.424,-27.2245
4461,27,2696,1,2698,21,4,2,2,16,16,32.224,32.224
4462,27,2697,1,2698,21,3,2,1,16,16,32.224,32.224
4463,27,2698,1,2699,21,2,1,2,8.4,9,11.37542,11.69408
4464,27,2699,1,2699,21,1,1,1,9,8.4,11.69408,11.37542
4465,28,2778,0,2789,21,22,11,2,14,9.5,17.03434944,26.05040995
4466,28,2779,0,2789,21,21,11,1,9.5,14,26.05040995,17.03434944
4467,28,2780,0,2790,21,20,10,2,14,11,20.4890442,26.9701822
4468,28,2781,0,2790,21,19,10,1,11,14,26.9701822,20.4890442
4469,28,2782,0,2791,21,18,9,2,20,20,38.68,38.68
4470,28,2783,0,2791,21,17,9,1,20,20,38.68,38.68
4471,28,2784,0,2792,21,16,8,2,18,14,26.39787946,37.96652301
4472,28,2785,0,2792,21,15,8,1,14,18,37.96652301,26.39787946
4473,28,2786,0,2793,21,14,7,2,16.8,11.8,22.0314041,34.71502477
4474,28,2787,0,2793,21,13,7,1,11.8,16.8,34.71502477,22.0314041
4475,28,2788,0,2794,21,12,6,2,5,3,-8.177645252,-7.411254129
4476,28,2789,0,2794,21,11,6,1,3,5,-7.411254129,-8.177645252
4477,28,2790,0,2795,21,10,5,2,11,4,3.05269639,10.8575362
4478,28,2791,0,2795,21,9,5,1,4,11,10.8575362,3.05269639
4479,28,2792,0,2796,21,8,4,2,0,26,52.80245655,-6.085451905
4480,28,2793,0,2796,21,7,4,1,26,0,-6.085451905,52.80245655
4481,28,2794,0,2797,21,6,3,2,26,26,41.914,41.914
4482,28,2795,0,2797,21,5,3,1,26,26,41.914,41.914
4483,28,2796,0,2798,21,4,2,2,26,26,41.914,41.914
4484,28,2797,0,2798,21,3,2,1,26,26,41.914,41.914
4485,28,2798,0,2799,21,2,1,2,12,15,29.97280286,22.86442353
4486,28,2799,0,2799,21,1,1,1,15,12,22.86442353,29.97280286
4487,29,2892,0,2896,21,8,4,2,12,14.5,28.67019069,22.87721652
4488,29,2893,0,2896,21,7,4,1,14.5,12,22.87721652,28.67019069
4489,29,2894,0,2897,21,6,3,2,28,28,41.272,41.272
4490,29,2895,0,2897,21,5,3,1,28,28,41.272,41.272
4491,29,2896,0,2898,21,4,2,2,15,2,1.799251448,19.01199971
4492,29,2897,0,2898,21,3,2,1,2,15,19.01199971,1.799251448
4493,29,2898,0,2899,21,2,1,2,14.5,10,18.25113394,27.73762544
4494,29,2899,0,2899,21,1,1,1,10,14.5,27.73762544,18.25113394
4495,2,182,1,191,22,18,9,2,16,14,26.594,32.676
4496,2,183,1,191,22,17,9,1,14,16,32.676,26.594
4497,2,184,1,192,22,16,8,2,12,20,39.656,10.792
4498,2,185,1,192,22,15,8,1,20,12,10.792,39.656
4499,2,186,1,193,22,14,7,2,14,16,32.676,26.594
4500,2,187,1,193,22,13,7,1,16,14,26.594,32.676
4501,2,188,1,194,22,12,6,2,4,12,-1.72,5.704
4502,2,189,1,194,22,11,6,1,12,4,5.704,-1.72
4503,2,190,1,195,22,10,5,2,16,16,32.224,32.224
4504,2,191,1,195,22,9,5,1,16,16,32.224,32.224
4505,2,192,1,196,22,8,4,2,14,14,27.706,27.706
4506,2,193,1,196,22,7,4,1,14,14,27.706,27.706
4507,2,194,1,197,22,6,3,2,16,18,37.898,29.548
4508,2,195,1,197,22,5,3,1,18,16,29.548,37.898
4509,2,196,1,198,22,4,2,2,28,24.2,22.58702,58.05888
4510,2,197,1,198,22,3,2,1,24.2,28,58.05888,22.58702
4511,2,198,1,199,22,2,1,2,16,12,21.008,30.904
4512,2,199,1,199,22,1,1,1,12,16,30.904,21.008
4513,5,484,0,492,22,16,8,2,18,8,13.53865996,36.18785552
4514,5,485,0,492,22,15,8,1,8,18,36.18785552,13.53865996
4515,5,486,0,493,22,14,7,2,2,2,-17.462,-17.462
4516,5,487,0,493,22,13,7,1,2,2,-17.462,-17.462
4517,5,488,0,494,22,12,6,2,24,20,32.28291414,48.86948834
4518,5,489,0,494,22,11,6,1,20,24,48.86948834,32.28291414
4519,5,490,0,495,22,10,5,2,15,16,32.56632291,29.77870224
4520,5,491,0,495,22,9,5,1,16,15,29.77870224,32.56632291
4521,5,492,0,496,22,8,4,2,0,1,-25.46178042,-25.11319443
4522,5,493,0,496,22,7,4,1,1,0,-25.11319443,-25.46178042
4523,5,494,0,497,22,6,3,2,8,10,14.06664809,11.20945253
4524,5,495,0,497,22,5,3,1,10,8,11.20945253,14.06664809
4525,5,496,0,498,22,4,2,2,9,16,31.18644396,16.06378862
4526,5,497,0,498,22,3,2,1,16,9,16.06378862,31.18644396
4527,5,498,0,499,22,2,1,2,12,14,27.37896987,22.84913075
4528,5,499,0,499,22,1,1,1,14,12,22.84913075,27.37896987
4529,7,686,1,693,22,14,7,2,26,26,41.914,41.914
4530,7,687,1,693,22,13,7,1,26,26,41.914,41.914
4531,7,688,1,694,22,12,6,2,10,14,23.258,17.898
4532,7,689,1,694,22,11,6,1,14,10,17.898,23.258
4533,7,690,1,695,22,10,5,2,12,14,26.594,22.78
4534,7,691,1,695,22,9,5,1,14,12,22.78,26.594
4535,7,692,1,696,22,8,4,2,26,26,41.914,41.914
4536,7,693,1,696,22,7,4,1,26,26,41.914,41.914
4537,7,694,1,697,22,6,3,2,9.5,15,23.8135,15.663875
4538,7,695,1,697,22,5,3,1,15,9.5,15.663875,23.8135
4539,7,696,1,698,22,4,2,2,15,1,-5.9495,-18.9415
4540,7,697,1,698,22,3,2,1,1,15,-18.9415,-5.9495
4541,7,698,1,699,22,2,1,2,13.6,10.5,19.300895,23.54278
4542,7,699,1,699,22,1,1,1,10.5,13.6,23.54278,19.300895
4543,8,786,0,793,22,14,7,2,9,12,20.31994087,15.09328553
4544,8,787,0,793,22,13,7,1,12,9,15.09328553,20.31994087
4545,8,788,0,794,22,12,6,2,0,10,-0.567362232,-6.490122287
4546,8,789,0,794,22,11,6,1,10,0,-6.490122287,-0.567362232
4547,8,790,0,795,22,10,5,2,13.5,9,15.76381494,24.30944445
4548,8,791,0,795,22,9,5,1,9,13.5,24.30944445,15.76381494
4549,8,792,0,796,22,8,4,2,15,19,40.3211839,27.91621858
4550,8,793,0,796,22,7,4,1,19,15,27.91621858,40.3211839
4551,8,794,0,797,22,6,3,2,2,8,-1.584719197,-5.13837523
4552,8,795,0,797,22,5,3,1,8,2,-5.13837523,-1.584719197
4553,8,796,0,798,22,4,2,2,16,15.1,30.02118158,32.5394488
4554,8,797,0,798,22,3,2,1,15.1,16,32.5394488,30.02118158
4555,8,798,0,799,22,2,1,2,2,18,28.52264561,2.319794018
4556,8,799,0,799,22,1,1,1,18,2,2.319794018,28.52264561
4557,11,1086,0,1093,22,14,7,2,1,4.5,-13.55074216,-13.97719969
4558,11,1087,0,1093,22,13,7,1,4.5,1,-13.97719969,-13.55074216
4559,11,1088,0,1094,22,12,6,2,10,14,26.39787946,18.17452301
4560,11,1089,0,1094,22,11,6,1,14,10,18.17452301,26.39787946
4561,11,1090,0,1095,22,10,5,2,26,20,28.1032808,54.23762477
4562,11,1091,0,1095,22,9,5,1,20,26,54.23762477,28.1032808
4563,11,1092,0,1096,22,8,4,2,2.9,0.1,-19.84104863,-20.23166416
4564,11,1093,0,1096,22,7,4,1,0.1,2.9,-20.23166416,-19.84104863
4565,11,1094,0,1097,22,6,3,2,18,16,31.04880898,37.25129164
4566,11,1095,0,1097,22,5,3,1,16,18,37.25129164,31.04880898
4567,11,1096,0,1098,22,4,2,2,8,6,4.099613416,6.120487203
4568,11,1097,0,1098,22,3,2,1,6,8,6.120487203,4.099613416
4569,11,1098,0,1099,22,2,1,2,26,26,41.914,41.914
4570,11,1099,0,1099,22,1,1,1,26,26,41.914,41.914
4571,12,1188,1,1194,22,12,6,2,16,18,37.898,29.548
4572,12,1189,1,1194,22,11,6,1,18,16,29.548,37.898
4573,12,1190,1,1195,22,10,5,2,25,25,41.9125,41.9125
4574,12,1191,1,1195,22,9,5,1,25,25,41.9125,41.9125
4575,12,1192,1,1196,22,8,4,2,18.5,9.5,7.713625,29.979625
4576,12,1193,1,1196,22,7,4,1,9.5,18.5,29.979625,7.713625
4577,12,1194,1,1197,22,6,3,2,16.1,16,32.14302,32.506655
4578,12,1195,1,1197,22,5,3,1,16,16.1,32.506655,32.14302
4579,12,1196,1,1198,22,4,2,2,10.8,9.9,16.973135,17.33714
4580,12,1197,1,1198,22,3,2,1,9.9,10.8,17.33714,16.973135
4581,12,1198,1,1199,22,2,1,2,14,14,27.706,27.706
4582,12,1199,1,1199,22,1,1,1,14,14,27.706,27.706
4583,16,1590,0,1595,22,10,5,2,14,16,32.74513075,27.37896987
4584,16,1591,0,1595,22,9,5,1,16,14,27.37896987,32.74513075
4585,16,1592,0,1596,22,8,4,2,10,28,68.21669505,4.867455106
4586,16,1593,0,1596,22,7,4,1,28,10,4.867455106,68.21669505
4587,16,1594,0,1597,22,6,3,2,10,8,11.20945253,14.06664809
4588,16,1595,0,1597,22,5,3,1,8,10,14.06664809,11.20945253
4589,16,1596,0,1598,22,4,2,2,16,2,2.136280705,22.13664964
4590,16,1597,0,1598,22,3,2,1,2,16,22.13664964,2.136280705
4591,16,1598,0,1599,22,2,1,2,9.6,5.9,5.849109816,10.16792455
4592,16,1599,0,1599,22,1,1,1,5.9,9.6,10.16792455,5.849109816
4593,18,1786,1,1793,22,14,7,2,12,20,39.656,10.792
4594,18,1787,1,1793,22,13,7,1,20,12,10.792,39.656
4595,18,1788,1,1794,22,12,6,2,13.5,14,27.6365,26.470375
4596,18,1789,1,1794,22,11,6,1,14,13.5,26.470375,27.6365
4597,18,1790,1,1795,22,10,5,2,20,12,10.792,39.656
4598,18,1791,1,1795,22,9,5,1,12,20,39.656,10.792
4599,18,1792,1,1796,22,8,4,2,5,15,6.1825,4.1225
4600,18,1793,1,1796,22,7,4,1,15,5,4.1225,6.1825
4601,18,1794,1,1797,22,6,3,2,13,9.6,17.37488,20.58142
4602,18,1795,1,1797,22,5,3,1,9.6,13,20.58142,17.37488
4603,18,1796,1,1798,22,4,2,2,14,16,32.676,26.594
4604,18,1797,1,1798,22,3,2,1,16,14,26.594,32.676
4605,18,1798,1,1799,22,2,1,2,18.1,15,26.18882,38.340355
4606,18,1799,1,1799,22,1,1,1,15,18.1,38.340355,26.18882
4607,22,2190,0,2195,22,10,5,2,8.8,8.8,11.9344,11.9344
4608,22,2191,0,2195,22,9,5,1,8.8,8.8,11.9344,11.9344
4609,22,2192,0,2196,22,8,4,2,23,23,41.2645,41.2645
4610,22,2193,0,2196,22,7,4,1,23,23,41.2645,41.2645
4611,22,2194,0,2197,22,6,3,2,13,10,17.89866486,23.75256153
4612,22,2195,0,2197,22,5,3,1,10,13,23.75256153,17.89866486
4613,22,2196,0,2198,22,4,2,2,26,18,23.86423075,57.03737916
4614,22,2197,0,2198,22,3,2,1,18,26,57.03737916,23.86423075
4615,22,2198,0,2199,22,2,1,2,4,20,38.10593271,5.212506917
4616,22,2199,0,2199,22,1,1,1,20,4,5.212506917,38.10593271
4617,23,2292,0,2296,22,8,4,2,10,14.7,28.27671341,18.27033226
4618,23,2293,0,2296,22,7,4,1,14.7,10,18.27033226,28.27671341
4619,23,2294,0,2297,22,6,3,2,1,1,-22.6235,-22.6235
4620,23,2295,0,2297,22,5,3,1,1,1,-22.6235,-22.6235
4621,23,2296,0,2298,22,4,2,2,16,16,32.224,32.224
4622,23,2297,0,2298,22,3,2,1,16,16,32.224,32.224
4623,23,2298,0,2299,22,2,1,2,10,1,-4.437154254,1.834191793
4624,23,2299,0,2299,22,1,1,1,1,10,1.834191793,-4.437154254
4625,24,2386,1,2393,22,14,7,2,24,20,24.848,52.888
4626,24,2387,1,2393,22,13,7,1,20,24,52.888,24.848
4627,24,2388,1,2394,22,12,6,2,16,18,37.898,29.548
4628,24,2389,1,2394,22,11,6,1,18,16,29.548,37.898
4629,24,2390,1,2395,22,10,5,2,13,12,22.832,24.4555
4630,24,2391,1,2395,22,9,5,1,12,13,24.4555,22.832
4631,24,2392,1,2396,22,8,4,2,12,16,30.904,21.008
4632,24,2393,1,2396,22,7,4,1,16,12,21.008,30.904
4633,24,2394,1,2397,22,6,3,2,18,14.9,26.083055,38.05882
4634,24,2395,1,2397,22,5,3,1,14.9,18,38.05882,26.083055
4635,24,2396,1,2398,22,4,2,2,20,20,38.68,38.68
4636,24,2397,1,2398,22,3,2,1,20,20,38.68,38.68
4637,24,2398,1,2399,22,2,1,2,6.7,13,11.62738,10.865395
4638,24,2399,1,2399,22,1,1,1,13,6.7,10.865395,11.62738
4639,25,2484,1,2492,22,16,8,2,16.5,10,14.5105,27.827375
4640,25,2485,1,2492,22,15,8,1,10,16.5,27.827375,14.5105
4641,25,2486,1,2493,22,14,7,2,25,26,46.328,37.3335
4642,25,2487,1,2493,22,13,7,1,26,25,37.3335,46.328
4643,25,2488,1,2494,22,12,6,2,25.5,25.5,41.940125,41.940125
4644,25,2489,1,2494,22,11,6,1,25.5,25.5,41.940125,41.940125
4645,25,2490,1,2495,22,10,5,2,18,18,35.882,35.882
4646,25,2491,1,2495,22,9,5,1,18,18,35.882,35.882
4647,25,2492,1,2496,22,8,4,2,15,14,27.428,30.1855
4648,25,2493,1,2496,22,7,4,1,14,15,30.1855,27.428
4649,25,2494,1,2497,22,6,3,2,14,10,17.898,23.258
4650,25,2495,1,2497,22,5,3,1,10,14,23.258,17.898
4651,25,2496,1,2498,22,4,2,2,20,24,52.888,24.848
4652,25,2497,1,2498,22,3,2,1,24,20,24.848,52.888
4653,25,2498,1,2499,22,2,1,2,22,22,40.618,40.618
4654,25,2499,1,2499,22,1,1,1,22,22,40.618,40.618
4655,26,2590,0,2595,22,10,5,2,20,17.9,33.62236486,40.99115607
4656,26,2591,0,2595,22,9,5,1,17.9,20,40.99115607,33.62236486
4657,26,2592,0,2596,22,8,4,2,0.8,5,-12.72482328,-13.36829299
4658,26,2593,0,2596,22,7,4,1,5,0.8,-13.36829299,-12.72482328
4659,26,2594,0,2597,22,6,3,2,8,7,6.52302402,7.638001135
4660,26,2595,0,2597,22,5,3,1,7,8,7.638001135,6.52302402
4661,26,2596,0,2598,22,4,2,2,22,16,26.73624613,47.85265944
4662,26,2597,0,2598,22,3,2,1,16,22,47.85265944,26.73624613
4663,26,2598,0,2599,22,2,1,2,3,16,23.9200226,3.989228563
4664,26,2599,0,2599,22,1,1,1,16,3,3.989228563,23.9200226
4665,27,2686,1,2693,22,14,7,2,14,18,37.69,23.258
4666,27,2687,1,2693,22,13,7,1,18,14,23.258,37.69
4667,27,2688,1,2694,22,12,6,2,14,13.5,26.470375,27.6365
4668,27,2689,1,2694,22,11,6,1,13.5,14,27.6365,26.470375
4669,27,2690,1,2695,22,10,5,2,9.6,13,20.58142,17.37488
4670,27,2691,1,2695,22,9,5,1,13,9.6,17.37488,20.58142
4671,27,2692,1,2696,22,8,4,2,24,24,41.696,41.696
4672,27,2693,1,2696,22,7,4,1,24,24,41.696,41.696
4673,27,2694,1,2697,22,6,3,2,0,10,-27.35,-1.06
4674,27,2695,1,2697,22,5,3,1,10,0,-1.06,-27.35
4675,27,2696,1,2698,22,4,2,2,18,18,35.882,35.882
4676,27,2697,1,2698,22,3,2,1,18,18,35.882,35.882
4677,27,2698,1,2699,22,2,1,2,9,13,19.1125,16.0205
4678,27,2699,1,2699,22,1,1,1,13,9,16.0205,19.1125
4679,28,2778,0,2789,22,22,11,2,11,12,21.82216202,19.87086313
4680,28,2779,0,2789,22,21,11,1,12,11,19.87086313,21.82216202
4681,28,2780,0,2790,22,20,10,2,14,12,22.84913075,27.37896987
4682,28,2781,0,2790,22,19,10,1,12,14,27.37896987,22.84913075
4683,28,2782,0,2791,22,18,9,2,12,10,17.45929164,21.15280898
4684,28,2783,0,2791,22,17,9,1,10,12,21.15280898,17.45929164
4685,28,2784,0,2792,22,16,8,2,18,10,17.64280495,37.43480495
4686,28,2785,0,2792,22,15,8,1,10,18,37.43480495,17.64280495
4687,28,2786,0,2793,22,14,7,2,21,15.7,27.39407348,45.32662312
4688,28,2787,0,2793,22,13,7,1,15.7,21,45.32662312,27.39407348
4689,28,2788,0,2794,22,12,6,2,4,5,-5.257619531,-5.745355314
4690,28,2789,0,2794,22,11,6,1,5,4,-5.745355314,-5.257619531
4691,28,2790,0,2795,22,10,5,2,1,13,10.80693251,-1.318310213
4692,28,2791,0,2795,22,9,5,1,13,1,-1.318310213,10.80693251
4693,28,2792,0,2796,22,8,4,2,0,2,-22.87799546,-22.38990392
4694,28,2793,0,2796,22,7,4,1,2,0,-22.38990392,-22.87799546
4695,28,2794,0,2797,22,6,3,2,25,26,44.37672513,39.49830003
4696,28,2795,0,2797,22,5,3,1,26,25,39.49830003,44.37672513
4697,28,2796,0,2798,22,4,2,2,26,26,41.914,41.914
4698,28,2797,0,2798,22,3,2,1,26,26,41.914,41.914
4699,28,2798,0,2799,22,2,1,2,18,10,17.64280495,37.43480495
4700,28,2799,0,2799,22,1,1,1,10,18,37.43480495,17.64280495
4701,29,2892,0,2896,22,8,4,2,5,15.5,25.50099042,7.756532897
4702,29,2893,0,2896,22,7,4,1,15.5,5,7.756532897,25.50099042
4703,29,2894,0,2897,22,6,3,2,28,28,41.272,41.272
4704,29,2895,0,2897,22,5,3,1,28,28,41.272,41.272
4705,29,2896,0,2898,22,4,2,2,15,0,-1.866998448,14.85765828
4706,29,2897,0,2898,22,3,2,1,0,15,14.85765828,-1.866998448
4707,29,2898,0,2899,22,2,1,2,14,12,22.84913075,27.37896987
4708,29,2899,0,2899,22,1,1,1,12,14,27.37896987,22.84913075
4709,2,182,1,191,23,18,9,2,16,16,32.224,32.224
4710,2,183,1,191,23,17,9,1,16,16,32.224,32.224
4711,2,184,1,192,23,16,8,2,13,16,32.068,23.7955
4712,2,185,1,192,23,15,8,1,16,13,23.7955,32.068
4713,2,186,1,193,23,14,7,2,16,18,37.898,29.548
4714,2,187,1,193,23,13,7,1,18,16,29.548,37.898
4715,2,188,1,194,23,12,6,2,22,12,2.348,44.098
4716,2,189,1,194,23,11,6,1,12,22,44.098,2.348
4717,2,190,1,195,23,10,5,2,18,18,35.882,35.882
4718,2,191,1,195,23,9,5,1,18,18,35.882,35.882
4719,2,192,1,196,23,8,4,2,12,16,30.904,21.008
4720,2,193,1,196,23,7,4,1,16,12,21.008,30.904
4721,2,194,1,197,23,6,3,2,16,16,32.224,32.224
4722,2,195,1,197,23,5,3,1,16,16,32.224,32.224
4723,2,196,1,198,23,4,2,2,28,8.1,-54.816145,40.11382
4724,2,197,1,198,23,3,2,1,8.1,28,40.11382,-54.816145
4725,2,198,1,199,23,2,1,2,13,15.8,31.60202,24.03978
4726,2,199,1,199,23,1,1,1,15.8,13,24.03978,31.60202
4727,5,484,0,492,23,16,8,2,20,10,16.39585552,43.22665996
4728,5,485,0,492,23,15,8,1,10,20,43.22665996,16.39585552
4729,5,486,0,493,23,14,7,2,18,2,2.319794018,28.52264561
4730,5,487,0,493,23,13,7,1,2,18,28.52264561,2.319794018
4731,5,488,0,494,23,12,6,2,28,20,23.2695872,59.78802271
4732,5,489,0,494,23,11,6,1,20,28,59.78802271,23.2695872
4733,5,490,0,495,23,10,5,2,16,16,32.224,32.224
4734,5,491,0,495,23,9,5,1,16,16,32.224,32.224
4735,5,492,0,496,23,8,4,2,2.5,0,-21.08957682,-21.56901596
4736,5,493,0,496,23,7,4,1,0,2.5,-21.56901596,-21.08957682
4737,5,494,0,497,23,6,3,2,10,4,1.995142107,8.057763466
4738,5,495,0,497,23,5,3,1,4,10,8.057763466,1.995142107
4739,5,496,0,498,23,4,2,2,12,16,32.61220124,22.71620124
4740,5,497,0,498,23,3,2,1,16,12,22.71620124,32.61220124
4741,5,498,0,499,23,2,1,2,16,10,18.23569412,31.82521146
4742,5,499,0,499,23,1,1,1,10,16,31.82521146,18.23569412
4743,7,686,1,693,23,14,7,2,26,26,41.914,41.914
4744,7,687,1,693,23,13,7,1,26,26,41.914,41.914
4745,7,688,1,694,23,12,6,2,12,28,57.688,-36.328
4746,7,689,1,694,23,11,6,1,28,12,-36.328,57.688
4747,7,690,1,695,23,10,5,2,18,14,23.258,37.69
4748,7,691,1,695,23,9,5,1,14,18,37.69,23.258
4749,7,692,1,696,23,8,4,2,26,26,41.914,41.914
4750,7,693,1,696,23,7,4,1,26,26,41.914,41.914
4751,7,694,1,697,23,6,3,2,12.5,15,29.3125,23.481875
4752,7,695,1,697,23,5,3,1,15,12.5,23.481875,29.3125
4753,7,696,1,698,23,4,2,2,13,15.8,31.60202,24.03978
4754,7,697,1,698,23,3,2,1,15.8,13,24.03978,31.60202
4755,7,698,1,699,23,2,1,2,9,12.4,18.13168,16.08182
4756,7,699,1,699,23,1,1,1,12.4,9,16.08182,18.13168
4757,8,786,0,793,23,14,7,2,12.5,12,22.51960084,23.57365545
4758,8,787,0,793,23,13,7,1,12,12.5,23.57365545,22.51960084
4759,8,788,0,794,23,12,6,2,10,10,16.09,16.09
4760,8,789,0,794,23,11,6,1,10,10,16.09,16.09
4761,8,790,0,795,23,10,5,2,7,16,29.41836378,11.85667376
4762,8,791,0,795,23,9,5,1,16,7,11.85667376,29.41836378
4763,8,792,0,796,23,8,4,2,10,20,43.22665996,16.39585552
4764,8,793,0,796,23,7,4,1,20,10,16.39585552,43.22665996
4765,8,794,0,797,23,6,3,2,2,2,-17.462,-17.462
4766,8,795,0,797,23,5,3,1,2,2,-17.462,-17.462
4767,8,796,0,798,23,4,2,2,16,15.3,30.50750721,32.48079512
4768,8,797,0,798,23,3,2,1,15.3,16,32.48079512,30.50750721
4769,8,798,0,799,23,2,1,2,10,18,37.43480495,17.64280495
4770,8,799,0,799,23,1,1,1,18,10,17.64280495,37.43480495
4771,11,1086,0,1093,23,14,7,2,3.5,0,-18.61155891,-18.91688294
4772,11,1087,0,1093,23,13,7,1,0,3.5,-18.91688294,-18.61155891
4773,11,1088,0,1094,23,12,6,2,16,10,18.23569412,31.82521146
4774,11,1089,0,1094,23,11,6,1,10,16,31.82521146,18.23569412
4775,11,1090,0,1095,23,10,5,2,0,24,45.49331393,-3.846824764
4776,11,1091,0,1095,23,9,5,1,24,0,-3.846824764,45.49331393
4777,11,1092,0,1096,23,8,4,2,2.7,0.2,-20.10309693,-20.47799585
4778,11,1093,0,1096,23,7,4,1,0.2,2.7,-20.47799585,-20.10309693
4779,11,1094,0,1097,23,6,3,2,12,14,27.37896987,22.84913075
4780,11,1095,0,1097,23,5,3,1,14,12,22.84913075,27.37896987
4781,11,1096,0,1098,23,4,2,2,4,9,5.303556113,0.774072757
4782,11,1097,0,1098,23,3,2,1,9,4,0.774072757,5.303556113
4783,11,1098,0,1099,23,2,1,2,26,2,-3.486755416,55.88924458
4784,11,1099,0,1099,23,1,1,1,2,26,55.88924458,-3.486755416
4785,12,1188,1,1194,23,12,6,2,16,12,21.008,30.904
4786,12,1189,1,1194,23,11,6,1,12,16,30.904,21.008
4787,12,1190,1,1195,23,10,5,2,25,25,41.9125,41.9125
4788,12,1191,1,1195,23,9,5,1,25,25,41.9125,41.9125
4789,12,1192,1,1196,23,8,4,2,16,9.5,14.087375,25.5615
4790,12,1193,1,1196,23,7,4,1,9.5,16,25.5615,14.087375
4791,12,1194,1,1197,23,6,3,2,16.7,16.6,33.30726,33.704915
4792,12,1195,1,1197,23,5,3,1,16.6,16.7,33.704915,33.30726
4793,12,1196,1,1198,23,4,2,2,8.9,9.8,13.71574,13.862035
4794,12,1197,1,1198,23,3,2,1,9.8,8.9,13.862035,13.71574
4795,12,1198,1,1199,23,2,1,2,13,16,32.068,23.7955
4796,12,1199,1,1199,23,1,1,1,16,13,23.7955,32.068
4797,16,1590,0,1595,23,10,5,2,12,14,27.37896987,22.84913075
4798,16,1591,0,1595,23,9,5,1,14,12,22.84913075,27.37896987
4799,16,1592,0,1596,23,8,4,2,28,10,4.867455106,68.21669505
4800,16,1593,0,1596,23,7,4,1,10,28,68.21669505,4.867455106
4801,16,1594,0,1597,23,6,3,2,5,5,-3.2675,-3.2675
4802,16,1595,0,1597,23,5,3,1,5,5,-3.2675,-3.2675
4803,16,1596,0,1598,23,4,2,2,2,0.1,-22.14783744,-22.59166176
4804,16,1597,0,1598,23,3,2,1,0.1,2,-22.59166176,-22.14783744
4805,16,1598,0,1599,23,2,1,2,3.4,8.9,3.871631385,-0.708320452
4806,16,1599,0,1599,23,1,1,1,8.9,3.4,-0.708320452,3.871631385
4807,18,1786,1,1793,23,14,7,2,14,14,27.706,27.706
4808,18,1787,1,1793,23,13,7,1,14,14,27.706,27.706
4809,18,1788,1,1794,23,12,6,2,14,14,27.706,27.706
4810,18,1789,1,1794,23,11,6,1,14,14,27.706,27.706
4811,18,1790,1,1795,23,10,5,2,10,10,16.09,16.09
4812,18,1791,1,1795,23,9,5,1,10,10,16.09,16.09
4813,18,1792,1,1796,23,8,4,2,4,15,0.7355,1.588
4814,18,1793,1,1796,23,7,4,1,15,4,1.588,0.7355
4815,18,1794,1,1797,23,6,3,2,13,11.7,22.146395,24.14638
4816,18,1795,1,1797,23,5,3,1,11.7,13,24.14638,22.146395
4817,18,1796,1,1798,23,4,2,2,14,18,37.69,23.258
4818,18,1797,1,1798,23,3,2,1,18,14,23.258,37.69
4819,18,1798,1,1799,23,2,1,2,14,14,27.706,27.706
4820,18,1799,1,1799,23,1,1,1,14,14,27.706,27.706
4821,22,2190,0,2195,23,10,5,2,7.7,9,11.13206833,9.451564186
4822,22,2191,0,2195,23,9,5,1,9,7.7,9.451564186,11.13206833
4823,22,2192,0,2196,23,8,4,2,24,24,41.696,41.696
4824,22,2193,0,2196,23,7,4,1,24,24,41.696,41.696
4825,22,2194,0,2197,23,6,3,2,15,13,25.22155031,30.16955031
4826,22,2195,0,2197,23,5,3,1,13,15,30.16955031,25.22155031
4827,22,2196,0,2198,23,4,2,2,21,16,28.05965944,45.13396943
4828,22,2197,0,2198,23,3,2,1,16,21,45.13396943,28.05965944
4829,22,2198,0,2199,23,2,1,2,8,4,-0.61051166,2.594914137
4830,22,2199,0,2199,23,1,1,1,4,8,2.594914137,-0.61051166
4831,23,2292,0,2296,23,8,4,2,18.7,15.5,29.32013479,39.31101279
4832,23,2293,0,2296,23,7,4,1,15.5,18.7,39.31101279,29.32013479
4833,23,2294,0,2297,23,6,3,2,1,1,-22.6235,-22.6235
4834,23,2295,0,2297,23,5,3,1,1,1,-22.6235,-22.6235
4835,23,2296,0,2298,23,4,2,2,14,14,27.706,27.706
4836,23,2297,0,2298,23,3,2,1,14,14,27.706,27.706
4837,23,2298,0,2299,23,2,1,2,4,1,-15.08974915,-14.88102446
4838,23,2299,0,2299,23,1,1,1,1,4,-14.88102446,-15.08974915
4839,24,2386,1,2393,23,14,7,2,24,22,33.25,48.404
4840,24,2387,1,2393,23,13,7,1,22,24,48.404,33.25
4841,24,2388,1,2394,23,12,6,2,14,18,37.69,23.258
4842,24,2389,1,2394,23,11,6,1,18,14,23.258,37.69
4843,24,2390,1,2395,23,10,5,2,13,13,25.1245,25.1245
4844,24,2391,1,2395,23,9,5,1,13,13,25.1245,25.1245
4845,24,2392,1,2396,23,8,4,2,14,11,20.3335,25.204
4846,24,2393,1,2396,23,7,4,1,11,14,25.204,20.3335
4847,24,2394,1,2397,23,6,3,2,25,14.9,-2.067445,56.99382
4848,24,2395,1,2397,23,5,3,1,14.9,25,56.99382,-2.067445
4849,24,2396,1,2398,23,4,2,2,20,14,17.698,42.748
4850,24,2397,1,2398,23,3,2,1,14,20,42.748,17.698
4851,24,2398,1,2399,23,2,1,2,6.4,11,8.03822,10.48128
4852,24,2399,1,2399,23,1,1,1,11,6.4,10.48128,8.03822
4853,25,2484,1,2492,23,16,8,2,12,10,18.106,19.652
4854,25,2485,1,2492,23,15,8,1,10,12,19.652,18.106
4855,25,2486,1,2493,23,14,7,2,25,25,41.9125,41.9125
4856,25,2487,1,2493,23,13,7,1,25,25,41.9125,41.9125
4857,25,2488,1,2494,23,12,6,2,25.5,25.5,41.940125,41.940125
4858,25,2489,1,2494,23,11,6,1,25.5,25.5,41.940125,41.940125
4859,25,2490,1,2495,23,10,5,2,16,16,32.224,32.224
4860,25,2491,1,2495,23,9,5,1,16,16,32.224,32.224
4861,25,2492,1,2496,23,8,4,2,16,20,43.616,24.648
4862,25,2493,1,2496,23,7,4,1,20,16,24.648,43.616
4863,25,2494,1,2497,23,6,3,2,13,10,18.28,21.4495
4864,25,2495,1,2497,23,5,3,1,10,13,21.4495,18.28
4865,25,2496,1,2498,23,4,2,2,16.5,16,31.7635,33.638375
4866,25,2497,1,2498,23,3,2,1,16,16.5,33.638375,31.7635
4867,25,2498,1,2499,23,2,1,2,22,22,40.618,40.618
4868,25,2499,1,2499,23,1,1,1,22,22,40.618,40.618
4869,26,2590,0,2595,23,10,5,2,14,18.6,39.56848169,25.97601059
4870,26,2591,0,2595,23,9,5,1,18.6,14,25.97601059,39.56848169
4871,26,2592,0,2596,23,8,4,2,5,11,12.5565048,5.239400775
4872,26,2593,0,2596,23,7,4,1,11,5,5.239400775,12.5565048
4873,26,2594,0,2597,23,6,3,2,10,18,37.43480495,17.64280495
4874,26,2595,0,2597,23,5,3,1,18,10,17.64280495,37.43480495
4875,26,2596,0,2598,23,4,2,2,9.5,10,15.64548017,14.85277612
4876,26,2597,0,2598,23,3,2,1,10,9.5,14.85277612,15.64548017
4877,26,2598,0,2599,23,2,1,2,10,1,-4.437154254,1.834191793
4878,26,2599,0,2599,23,1,1,1,1,10,1.834191793,-4.437154254
4879,27,2686,1,2693,23,14,7,2,14,14,27.706,27.706
4880,27,2687,1,2693,23,13,7,1,14,14,27.706,27.706
4881,27,2688,1,2694,23,12,6,2,16,16.8,34.48832,31.42048
4882,27,2689,1,2694,23,11,6,1,16.8,16,31.42048,34.48832
4883,27,2690,1,2695,23,10,5,2,11.8,14,26.36048,22.28982
4884,27,2691,1,2695,23,9,5,1,14,11.8,22.28982,26.36048
4885,27,2692,1,2696,23,8,4,2,24,24,41.696,41.696
4886,27,2693,1,2696,23,7,4,1,24,24,41.696,41.696
4887,27,2694,1,2697,23,6,3,2,0,10,-27.35,-1.06
4888,27,2695,1,2697,23,5,3,1,10,0,-1.06,-27.35
4889,27,2696,1,2698,23,4,2,2,20,20,38.68,38.68
4890,27,2697,1,2698,23,3,2,1,20,20,38.68,38.68
4891,27,2698,1,2699,23,2,1,2,11.1,14,25.36802,20.577655
4892,27,2699,1,2699,23,1,1,1,14,11.1,20.577655,25.36802
4893,28,2778,0,2789,23,22,11,2,17,10.5,19.09978426,34.84102853
4894,28,2779,0,2789,23,21,11,1,10.5,17,34.84102853,19.09978426
4895,28,2780,0,2790,23,20,10,2,15,13,25.22155031,30.16955031
4896,28,2781,0,2790,23,19,10,1,13,15,30.16955031,25.22155031
4897,28,2782,0,2791,23,18,9,2,16,22,47.85265944,26.73624613
4898,28,2783,0,2791,23,17,9,1,22,16,26.73624613,47.85265944
4899,28,2784,0,2792,23,16,8,2,14,28,66.80740692,11.68152342
4900,28,2785,0,2792,23,15,8,1,28,14,11.68152342,66.80740692
4901,28,2786,0,2793,23,14,7,2,21.1,16.1,28.15696433,45.33581454
4902,28,2787,0,2793,23,13,7,1,16.1,21.1,45.33581454,28.15696433
4903,28,2788,0,2794,23,12,6,2,4,10,8.057763466,1.995142107
4904,28,2789,0,2794,23,11,6,1,10,4,1.995142107,8.057763466
4905,28,2790,0,2795,23,10,5,2,11,13,24.37338942,20.2617112
4906,28,2791,0,2795,23,9,5,1,13,11,20.2617112,24.37338942
4907,28,2792,0,2796,23,8,4,2,18.9,18,35.0524316,38.11639878
4908,28,2793,0,2796,23,7,4,1,18,18.9,38.11639878,35.0524316
4909,28,2794,0,2797,23,6,3,2,26,25,39.49830003,44.37672513
4910,28,2795,0,2797,23,5,3,1,25,26,44.37672513,39.49830003
4911,28,2796,0,2798,23,4,2,2,26,26,41.914,41.914
4912,28,2797,0,2798,23,3,2,1,26,26,41.914,41.914
4913,28,2798,0,2799,23,2,1,2,13.6,15,30.20911154,26.65769776
4914,28,2799,0,2799,23,1,1,1,15,13.6,26.65769776,30.20911154
4915,29,2892,0,2896,23,8,4,2,14.5,17,35.23981708,28.14009014
4916,29,2893,0,2896,23,7,4,1,17,14.5,28.14009014,35.23981708
4917,29,2894,0,2897,23,6,3,2,26,28,46.88209608,36.49800454
4918,29,2895,0,2897,23,5,3,1,28,26,36.49800454,46.88209608
4919,29,2896,0,2898,23,4,2,2,14,15,30.20278269,27.62424247
4920,29,2897,0,2898,23,3,2,1,15,14,27.62424247,30.20278269
4921,29,2898,0,2899,23,2,1,2,12.7,14,27.56782977,24.52830274
4922,29,2899,0,2899,23,1,1,1,14,12.7,24.52830274,27.56782977
4923,2,182,1,191,24,18,9,2,18,18,35.882,35.882
4924,2,183,1,191,24,17,9,1,18,18,35.882,35.882
4925,2,184,1,192,24,16,8,2,14,10,17.898,23.258
4926,2,185,1,192,24,15,8,1,10,14,23.258,17.898
4927,2,186,1,193,24,14,7,2,16,18,37.898,29.548
4928,2,187,1,193,24,13,7,1,18,16,29.548,37.898
4929,2,188,1,194,24,12,6,2,6,14,9.914,8.266
4930,2,189,1,194,24,11,6,1,14,6,8.266,9.914
4931,2,190,1,195,24,10,5,2,20,20,38.68,38.68
4932,2,191,1,195,24,9,5,1,20,20,38.68,38.68
4933,2,192,1,196,24,8,4,2,13,18,36.752,20.1295
4934,2,193,1,196,24,7,4,1,18,13,20.1295,36.752
4935,2,194,1,197,24,6,3,2,6,18,14.618,-1.462
4936,2,195,1,197,24,5,3,1,18,6,-1.462,14.618
4937,2,196,1,198,24,4,2,2,18.2,20.2,42.6489,31.8041
4938,2,197,1,198,24,3,2,1,20.2,18.2,31.8041,42.6489
4939,2,198,1,199,24,2,1,2,15.7,8,10.57358,20.236695
4940,2,199,1,199,24,1,1,1,8,15.7,20.236695,10.57358
4941,5,484,0,492,24,16,8,2,18,12,21.92921146,38.02769412
4942,5,485,0,492,24,15,8,1,12,18,38.02769412,21.92921146
4943,5,486,0,493,24,14,7,2,10,2,-2.338620844,4.072230751
4944,5,487,0,493,24,13,7,1,2,10,4.072230751,-2.338620844
4945,5,488,0,494,24,12,6,2,28,20,23.2695872,59.78802271
4946,5,489,0,494,24,11,6,1,20,28,59.78802271,23.2695872
4947,5,490,0,495,24,10,5,2,16,18,37.25129164,31.04880898
4948,5,491,0,495,24,9,5,1,18,16,31.04880898,37.25129164
4949,5,492,0,496,24,8,4,2,2,0,-22.38990392,-22.87799546
4950,5,493,0,496,24,7,4,1,0,2,-22.87799546,-22.38990392
4951,5,494,0,497,24,6,3,2,10,10,16.09,16.09
4952,5,495,0,497,24,5,3,1,10,10,16.09,16.09
4953,5,496,0,498,24,4,2,2,11,16,32.30046388,20.45316499
4954,5,497,0,498,24,3,2,1,16,11,20.45316499,32.30046388
4955,5,498,0,499,24,2,1,2,12,16,32.61220124,22.71620124
4956,5,499,0,499,24,1,1,1,16,12,22.71620124,32.61220124
4957,7,686,1,693,24,14,7,2,26,26,41.914,41.914
4958,7,687,1,693,24,13,7,1,26,26,41.914,41.914
4959,7,688,1,694,24,12,6,2,14,12,22.78,26.594
4960,7,689,1,694,24,11,6,1,12,14,26.594,22.78
4961,7,690,1,695,24,10,5,2,10,16,26.908,15.466
4962,7,691,1,695,24,9,5,1,16,10,15.466,26.908
4963,7,692,1,696,24,8,4,2,26,26,41.914,41.914
4964,7,693,1,696,24,7,4,1,26,26,41.914,41.914
4965,7,694,1,697,24,6,3,2,11.5,18,34.3025,15.457375
4966,7,695,1,697,24,5,3,1,18,11.5,15.457375,34.3025
4967,7,696,1,698,24,4,2,2,25,18,11.312,58.3975
4968,7,697,1,698,24,3,2,1,18,25,58.3975,11.312
4969,7,698,1,699,24,2,1,2,13,10,18.28,21.4495
4970,7,699,1,699,24,1,1,1,10,13,21.4495,18.28
4971,8,786,0,793,24,14,7,2,14.5,12,22.87721652,28.67019069
4972,8,787,0,793,24,13,7,1,12,14.5,28.67019069,22.87721652
4973,8,788,0,794,24,12,6,2,8,10,14.06664809,11.20945253
4974,8,789,0,794,24,11,6,1,10,8,11.20945253,14.06664809
4975,8,790,0,795,24,10,5,2,10,11,18.5986218,16.85640335
4976,8,791,0,795,24,9,5,1,11,10,16.85640335,18.5986218
4977,8,792,0,796,24,8,4,2,11,28,68.10964562,6.502624121
4978,8,793,0,796,24,7,4,1,28,11,6.502624121,68.10964562
4979,8,794,0,797,24,6,3,2,14,14,27.706,27.706
4980,8,795,0,797,24,5,3,1,14,14,27.706,27.706
4981,8,796,0,798,24,4,2,2,15.5,15,29.94604051,31.31371578
4982,8,797,0,798,24,3,2,1,15,15.5,31.31371578,29.94604051
4983,8,798,0,799,24,2,1,2,6,10,11.38923591,6.511166564
4984,8,799,0,799,24,1,1,1,10,6,6.511166564,11.38923591
4985,11,1086,0,1093,24,14,7,2,0.2,2.9,-19.95133287,-19.60289375
4986,11,1087,0,1093,24,13,7,1,2.9,0.2,-19.60289375,-19.95133287
4987,11,1088,0,1094,24,12,6,2,10,10,16.09,16.09
4988,11,1089,0,1094,24,11,6,1,10,10,16.09,16.09
4989,11,1090,0,1095,24,10,5,2,24,14,19.53024664,54.72426884
4990,11,1091,0,1095,24,9,5,1,14,24,54.72426884,19.53024664
4991,11,1092,0,1096,24,8,4,2,2.5,0.4,-20.12828199,-20.44319708
4992,11,1093,0,1096,24,7,4,1,0.4,2.5,-20.44319708,-20.12828199
4993,11,1094,0,1097,24,6,3,2,16,14,27.37896987,32.74513075
4994,11,1095,0,1097,24,5,3,1,14,16,32.74513075,27.37896987
4995,11,1096,0,1098,24,4,2,2,0,10,-0.567362232,-6.490122287
4996,11,1097,0,1098,24,3,2,1,10,0,-6.490122287,-0.567362232
4997,11,1098,0,1099,24,2,1,2,26,26,41.914,41.914
4998,11,1099,0,1099,24,1,1,1,26,26,41.914,41.914
4999,12,1188,1,1194,24,12,6,2,10,16,26.908,15.466
5000,12,1189,1,1194,24,11,6,1,16,10,15.466,26.908
5001,12,1190,1,1195,24,10,5,2,25,25,41.9125,41.9125
5002,12,1191,1,1195,24,9,5,1,25,25,41.9125,41.9125
5003,12,1192,1,1196,24,8,4,2,6.8,9.5,7.618855,9.89482
5004,12,1193,1,1196,24,7,4,1,9.5,6.8,9.89482,7.618855
5005,12,1194,1,1197,24,6,3,2,17.5,15.7,29.503945,36.610705
5006,12,1195,1,1197,24,5,3,1,15.7,17.5,36.610705,29.503945
5007,12,1196,1,1198,24,4,2,2,10.9,9.8,16.88894,17.333835
5008,12,1197,1,1198,24,3,2,1,9.8,10.9,17.333835,16.88894
5009,12,1198,1,1199,24,2,1,2,12,15,28.7435,22.172
5010,12,1199,1,1199,24,1,1,1,15,12,22.172,28.7435
5011,16,1590,0,1595,24,10,5,2,1.1,14,14.10072884,-0.41733283
5012,16,1591,0,1595,24,9,5,1,14,1.1,-0.41733283,14.10072884
5013,16,1592,0,1596,24,8,4,2,10,28,68.21669505,4.867455106
5014,16,1593,0,1596,24,7,4,1,28,10,4.867455106,68.21669505
5015,16,1594,0,1597,24,6,3,2,10,6,6.511166564,11.38923591
5016,16,1595,0,1597,24,5,3,1,6,10,11.38923591,6.511166564
5017,16,1596,0,1598,24,4,2,2,14,13,25.25478269,27.62424247
5018,16,1597,0,1598,24,3,2,1,13,14,27.62424247,25.25478269
5019,16,1598,0,1599,24,2,1,2,12,7,10.49796943,18.16365944
5020,16,1599,0,1599,24,1,1,1,7,12,18.16365944,10.49796943
5021,18,1786,1,1793,24,14,7,2,18,18,35.882,35.882
5022,18,1787,1,1793,24,13,7,1,18,18,35.882,35.882
5023,18,1788,1,1794,24,12,6,2,9.5,16,25.5615,14.087375
5024,18,1789,1,1794,24,11,6,1,16,9.5,14.087375,25.5615
5025,18,1790,1,1795,24,10,5,2,8,6,6.178,3.188
5026,18,1791,1,1795,24,9,5,1,6,8,3.188,6.178
5027,18,1792,1,1796,24,8,4,2,8,12,14.752,13.928
5028,18,1793,1,1796,24,7,4,1,12,8,13.928,14.752
5029,18,1794,1,1797,24,6,3,2,13,14,27.428,25.2375
5030,18,1795,1,1797,24,5,3,1,14,13,25.2375,27.428
5031,18,1796,1,1798,24,4,2,2,16,16,32.224,32.224
5032,18,1797,1,1798,24,3,2,1,16,16,32.224,32.224
5033,18,1798,1,1799,24,2,1,2,14,12.9,24.991255,27.36962
5034,18,1799,1,1799,24,1,1,1,12.9,14,27.36962,24.991255
5035,22,2190,0,2195,24,10,5,2,5.3,8.8,7.073738175,3.500619971
5036,22,2191,0,2195,24,9,5,1,8.8,5.3,3.500619971,7.073738175
5037,22,2192,0,2196,24,8,4,2,25,25,41.9125,41.9125
5038,22,2193,0,2196,24,7,4,1,25,25,41.9125,41.9125
5039,22,2194,0,2197,24,6,3,2,11,15,29.61254035,20.55286213
5040,22,2195,0,2197,24,5,3,1,15,11,20.55286213,29.61254035
5041,22,2196,0,2198,24,4,2,2,20,18,33.85864809,40.89745253
5042,22,2197,0,2198,24,3,2,1,18,20,40.89745253,33.85864809
5043,22,2198,0,2199,24,2,1,2,2,6,-7.059407638,-8.592189885
5044,22,2199,0,2199,24,1,1,1,6,2,-8.592189885,-7.059407638
5045,23,2292,0,2296,24,8,4,2,16.8,19.5,40.61390988,31.5913635
5046,23,2293,0,2296,24,7,4,1,19.5,16.8,31.5913635,40.61390988
5047,23,2294,0,2297,24,6,3,2,1,1,-22.6235,-22.6235
5048,23,2295,0,2297,24,5,3,1,1,1,-22.6235,-22.6235
5049,23,2296,0,2298,24,4,2,2,12,18,38.02769412,21.92921146
5050,23,2297,0,2298,24,3,2,1,18,12,21.92921146,38.02769412
5051,23,2298,0,2299,24,2,1,2,8,2,-5.13837523,-1.584719197
5052,23,2299,0,2299,24,1,1,1,2,8,-1.584719197,-5.13837523
5053,24,2386,1,2393,24,14,7,2,24,24,41.696,41.696
5054,24,2387,1,2393,24,13,7,1,24,24,41.696,41.696
5055,24,2388,1,2394,24,12,6,2,16,10,15.466,26.908
5056,24,2389,1,2394,24,11,6,1,10,16,26.908,15.466
5057,24,2390,1,2395,24,10,5,2,14,14,27.706,27.706
5058,24,2391,1,2395,24,9,5,1,14,14,27.706,27.706
5059,24,2392,1,2396,24,8,4,2,14,12,22.78,26.594
5060,24,2393,1,2396,24,7,4,1,12,14,26.594,22.78
5061,24,2394,1,2397,24,6,3,2,14.9,14.9,29.845525,29.845525
5062,24,2395,1,2397,24,5,3,1,14.9,14.9,29.845525,29.845525
5063,24,2396,1,2398,24,4,2,2,28,16,-17.192,66.928
5064,24,2397,1,2398,24,3,2,1,16,28,66.928,-17.192
5065,24,2398,1,2399,24,2,1,2,11.5,12.4,22.68418,21.503695
5066,24,2399,1,2399,24,1,1,1,12.4,11.5,21.503695,22.68418
5067,25,2484,1,2492,24,16,8,2,16,10,15.466,26.908
5068,25,2485,1,2492,24,15,8,1,10,16,26.908,15.466
5069,25,2486,1,2493,24,14,7,2,25,16,2.668,58.1035
5070,25,2487,1,2493,24,13,7,1,16,25,58.1035,2.668
5071,25,2488,1,2494,24,12,6,2,25.5,25.5,41.940125,41.940125
5072,25,2489,1,2494,24,11,6,1,25.5,25.5,41.940125,41.940125
5073,25,2490,1,2495,24,10,5,2,18,18,35.882,35.882
5074,25,2491,1,2495,24,9,5,1,18,18,35.882,35.882
5075,25,2492,1,2496,24,8,4,2,20,18,31.642,42.26
5076,25,2493,1,2496,24,7,4,1,18,20,42.26,31.642
5077,25,2494,1,2497,24,6,3,2,11,15,27.1885,19.5605
5078,25,2495,1,2497,24,5,3,1,15,11,19.5605,27.1885
5079,25,2496,1,2498,24,4,2,2,12,16,30.904,21.008
5080,25,2497,1,2498,24,3,2,1,16,12,21.008,30.904
5081,25,2498,1,2499,24,2,1,2,22,18,25.178,48.682
5082,25,2499,1,2499,24,1,1,1,18,22,48.682,25.178
5083,26,2590,0,2595,24,10,5,2,20,10.7,17.80743033,43.44063531
5084,26,2591,0,2595,24,9,5,1,10.7,20,43.44063531,17.80743033
5085,26,2592,0,2596,24,8,4,2,10,8.5,12.41250238,14.63380422
5086,26,2593,0,2596,24,7,4,1,8.5,10,14.63380422,12.41250238
5087,26,2594,0,2597,24,6,3,2,6,15,25.35850178,9.67853576
5088,26,2595,0,2597,24,5,3,1,15,6,9.67853576,25.35850178
5089,26,2596,0,2598,24,4,2,2,8,22,48.34202828,10.77890206
5090,26,2597,0,2598,24,3,2,1,22,8,10.77890206,48.34202828
5091,26,2598,0,2599,24,2,1,2,10,28,68.21669505,4.867455106
5092,26,2599,0,2599,24,1,1,1,28,10,4.867455106,68.21669505
5093,27,2686,1,2693,24,14,7,2,15,12.6,23.74418,29.40962
5094,27,2687,1,2693,24,13,7,1,12.6,15,29.40962,23.74418
5095,27,2688,1,2694,24,12,6,2,16,18.6,39.60878,28.31152
5096,27,2689,1,2694,24,11,6,1,18.6,16,28.31152,39.60878
5097,27,2690,1,2695,24,10,5,2,13,11.8,22.37482,24.25498
5098,27,2691,1,2695,24,9,5,1,11.8,13,24.25498,22.37482
5099,27,2692,1,2696,24,8,4,2,24,24,41.696,41.696
5100,27,2693,1,2696,24,7,4,1,24,24,41.696,41.696
5101,27,2694,1,2697,24,6,3,2,0,10,-27.35,-1.06
5102,27,2695,1,2697,24,5,3,1,10,0,-1.06,-27.35
5103,27,2696,1,2698,24,4,2,2,22,24,48.404,33.25
5104,27,2697,1,2698,24,3,2,1,24,22,33.25,48.404
5105,27,2698,1,2699,24,2,1,2,12.6,14,27.16112,24.25318
5106,27,2699,1,2699,24,1,1,1,14,12.6,24.25318,27.16112
5107,28,2778,0,2789,24,22,11,2,13,12.5,23.89171578,24.99804051
5108,28,2779,0,2789,24,21,11,1,12.5,13,24.99804051,23.89171578
5109,28,2780,0,2790,24,20,10,2,15,14,27.62424247,30.20278269
5110,28,2781,0,2790,24,19,10,1,14,15,30.20278269,27.62424247
5111,28,2782,0,2791,24,18,9,2,14,16,32.74513075,27.37896987
5112,28,2783,0,2791,24,17,9,1,16,14,27.37896987,32.74513075
5113,28,2784,0,2792,24,16,8,2,10.5,10,16.49364106,17.33861523
5114,28,2785,0,2792,24,15,8,1,10,10.5,17.33861523,16.49364106
5115,28,2786,0,2793,24,14,7,2,6.9,18.1,35.52354698,11.32729844
5116,28,2787,0,2793,24,13,7,1,18.1,6.9,11.32729844,35.52354698
5117,28,2788,0,2794,24,12,6,2,7,5,0.22219386,1.824906759
5118,28,2789,0,2794,24,11,6,1,5,7,1.824906759,0.22219386
5119,28,2790,0,2795,24,10,5,2,10,13,23.75256153,17.89866486
5120,28,2791,0,2795,24,9,5,1,13,10,17.89866486,23.75256153
5121,28,2792,0,2796,24,8,4,2,15.9,18,37.30258714,30.81193379
5122,28,2793,0,2796,24,7,4,1,18,15.9,30.81193379,37.30258714
5123,28,2794,0,2797,24,6,3,2,25,25.5,43.13891689,40.7258394
5124,28,2795,0,2797,24,5,3,1,25.5,25,40.7258394,43.13891689
5125,28,2796,0,2798,24,4,2,2,26,26,41.914,41.914
5126,28,2797,0,2798,24,3,2,1,26,26,41.914,41.914
5127,28,2798,0,2799,24,2,1,2,14.3,10,18.22539502,27.20036009
5128,28,2799,0,2799,24,1,1,1,10,14.3,27.20036009,18.22539502
5129,29,2892,0,2896,24,8,4,2,16,12,22.71620124,32.61220124
5130,29,2893,0,2896,24,7,4,1,12,16,32.61220124,22.71620124
5131,29,2894,0,2897,24,6,3,2,26,26,41.914,41.914
5132,29,2895,0,2897,24,5,3,1,26,26,41.914,41.914
5133,29,2896,0,2898,24,4,2,2,22,4,3.893799073,44.66235108
5134,29,2897,0,2898,24,3,2,1,4,22,44.66235108,3.893799073
5135,29,2898,0,2899,24,2,1,2,16.1,16,32.18077438,32.47103587
5136,29,2899,0,2899,24,1,1,1,16,16.1,32.47103587,32.18077438
5137,2,182,1,191,25,18,9,2,20,20,38.68,38.68
5138,2,183,1,191,25,17,9,1,20,20,38.68,38.68
5139,2,184,1,192,25,16,8,2,15,8,11.792,19.1875
5140,2,185,1,192,25,15,8,1,8,15,19.1875,11.792
5141,2,186,1,193,25,14,7,2,16,16,32.224,32.224
5142,2,187,1,193,25,13,7,1,16,16,32.224,32.224
5143,2,188,1,194,25,12,6,2,4,14,-0.094,3.516
5144,2,189,1,194,25,11,6,1,14,4,3.516,-0.094
5145,2,190,1,195,25,10,5,2,22,22,40.618,40.618
5146,2,191,1,195,25,9,5,1,22,22,40.618,40.618
5147,2,192,1,196,25,8,4,2,12,10,18.106,19.652
5148,2,193,1,196,25,7,4,1,10,12,19.652,18.106
5149,2,194,1,197,25,6,3,2,8,16,20.688,9.968
5150,2,195,1,197,25,5,3,1,16,8,9.968,20.688
5151,2,196,1,198,25,4,2,2,15.6,12.5,22.899695,30.65698
5152,2,197,1,198,25,3,2,1,12.5,15.6,30.65698,22.899695
5153,2,198,1,199,25,2,1,2,15,9.9,16.700555,24.83582
5154,2,199,1,199,25,1,1,1,9.9,15,24.83582,16.700555
5155,5,484,0,492,25,16,8,2,16,4,5.887741798,25.53988049
5156,5,485,0,492,25,15,8,1,4,16,25.53988049,5.887741798
5157,5,486,0,493,25,14,7,2,2,2,-17.462,-17.462
5158,5,487,0,493,25,13,7,1,2,2,-17.462,-17.462
5159,5,488,0,494,25,12,6,2,18,20,40.89745253,33.85864809
5160,5,489,0,494,25,11,6,1,20,18,33.85864809,40.89745253
5161,5,490,0,495,25,10,5,2,18,17,33.4426218,36.64840335
5162,5,491,0,495,25,9,5,1,17,18,36.64840335,33.4426218
5163,5,492,0,496,25,8,4,2,0.5,0,-26.53615783,-26.73658588
5164,5,493,0,496,25,7,4,1,0,0.5,-26.73658588,-26.53615783
5165,5,494,0,497,25,6,3,2,10,10,16.09,16.09
5166,5,495,0,497,25,5,3,1,10,10,16.09,16.09
5167,5,496,0,498,25,4,2,2,10,16,31.82521146,18.23569412
5168,5,497,0,498,25,3,2,1,16,10,18.23569412,31.82521146
5169,5,498,0,499,25,2,1,2,18,16,31.04880898,37.25129164
5170,5,499,0,499,25,1,1,1,16,18,37.25129164,31.04880898
5171,7,686,1,693,25,14,7,2,26,26,41.914,41.914
5172,7,687,1,693,25,13,7,1,26,26,41.914,41.914
5173,7,688,1,694,25,12,6,2,12,28,57.688,-36.328
5174,7,689,1,694,25,11,6,1,28,12,-36.328,57.688
5175,7,690,1,695,25,10,5,2,10,28,49.732,-45.83
5176,7,691,1,695,25,9,5,1,28,10,-45.83,49.732
5177,7,692,1,696,25,8,4,2,26,26,41.914,41.914
5178,7,693,1,696,25,7,4,1,26,26,41.914,41.914
5179,7,694,1,697,25,6,3,2,13.5,15,30.0335,26.109875
5180,7,695,1,697,25,5,3,1,15,13.5,26.109875,30.0335
5181,7,696,1,698,25,4,2,2,20,18,31.642,42.26
5182,7,697,1,698,25,3,2,1,18,20,42.26,31.642
5183,7,698,1,699,25,2,1,2,14,13.5,26.470375,27.6365
5184,7,699,1,699,25,1,1,1,13.5,14,27.6365,26.470375
5185,8,786,0,793,25,14,7,2,11.5,13,24.62248522,21.46032138
5186,8,787,0,793,25,13,7,1,13,11.5,21.46032138,24.62248522
5187,8,788,0,794,25,12,6,2,24,10,11.93977585,55.35715449
5188,8,789,0,794,25,11,6,1,10,24,55.35715449,11.93977585
5189,8,790,0,795,25,10,5,2,8.2,14,24.95567657,14.12320964
5190,8,791,0,795,25,9,5,1,14,8.2,14.12320964,24.95567657
5191,8,792,0,796,25,8,4,2,10,24,55.35715449,11.93977585
5192,8,793,0,796,25,7,4,1,24,10,11.93977585,55.35715449
5193,8,794,0,797,25,6,3,2,16,26,59.18307327,19.80744221
5194,8,795,0,797,25,5,3,1,26,16,19.80744221,59.18307327
5195,8,796,0,798,25,4,2,2,16,18,37.25129164,31.04880898
5196,8,797,0,798,25,3,2,1,18,16,31.04880898,37.25129164
5197,8,798,0,799,25,2,1,2,0,20,31.42181321,-1.331751285
5198,8,799,0,799,25,1,1,1,20,0,-1.331751285,31.42181321
5199,11,1086,0,1093,25,14,7,2,3,1.7,-15.73552208,-15.68584541
5200,11,1087,0,1093,25,13,7,1,1.7,3,-15.68584541,-15.73552208
5201,11,1088,0,1094,25,12,6,2,12,11,19.87086313,21.82216202
5202,11,1089,0,1094,25,11,6,1,11,12,21.82216202,19.87086313
5203,11,1090,0,1095,25,10,5,2,24,22,36.89832632,45.6097743
5204,11,1091,0,1095,25,9,5,1,22,24,45.6097743,36.89832632
5205,11,1092,0,1096,25,8,4,2,3,0.6,-18.40000986,-18.58428525
5206,11,1093,0,1096,25,7,4,1,0.6,3,-18.58428525,-18.40000986
5207,11,1094,0,1097,25,6,3,2,12,16,32.61220124,22.71620124
5208,11,1095,0,1097,25,5,3,1,16,12,22.71620124,32.61220124
5209,11,1096,0,1098,25,4,2,2,16,11,20.45316499,32.30046388
5210,11,1097,0,1098,25,3,2,1,11,16,32.30046388,20.45316499
5211,11,1098,0,1099,25,2,1,2,26,28,46.88209608,36.49800454
5212,11,1099,0,1099,25,1,1,1,28,26,36.49800454,46.88209608
5213,12,1188,1,1194,25,12,6,2,14,16,32.676,26.594
5214,12,1189,1,1194,25,11,6,1,16,14,26.594,32.676
5215,12,1190,1,1195,25,10,5,2,25,25,41.9125,41.9125
5216,12,1191,1,1195,25,9,5,1,25,25,41.9125,41.9125
5217,12,1192,1,1196,25,8,4,2,9.5,9.5,14.396125,14.396125
5218,12,1193,1,1196,25,7,4,1,9.5,9.5,14.396125,14.396125
5219,12,1194,1,1197,25,6,3,2,17.6,18,36.46312,34.61168
5220,12,1195,1,1197,25,5,3,1,18,17.6,34.61168,36.46312
5221,12,1196,1,1198,25,4,2,2,10.4,9.9,16.487575,16.6331
5222,12,1197,1,1198,25,3,2,1,9.9,10.4,16.6331,16.487575
5223,12,1198,1,1199,25,2,1,2,13,14,27.428,25.2375
5224,12,1199,1,1199,25,1,1,1,14,13,25.2375,27.428
5225,16,1590,0,1595,25,10,5,2,10.5,25,58.54339397,11.30164483
5226,16,1591,0,1595,25,9,5,1,25,10.5,11.30164483,58.54339397
5227,16,1592,0,1596,25,8,4,2,28,10,4.867455106,68.21669505
5228,16,1593,0,1596,25,7,4,1,10,28,68.21669505,4.867455106
5229,16,1594,0,1597,25,6,3,2,2,14,15.93291517,1.298707124
5230,16,1595,0,1597,25,5,3,1,14,2,1.298707124,15.93291517
5231,16,1596,0,1598,25,4,2,2,18,13,24.14076277,38.0788661
5232,16,1597,0,1598,25,3,2,1,13,18,38.0788661,24.14076277
5233,16,1598,0,1599,25,2,1,2,8.9,7,7.645490255,9.942710554
5234,16,1599,0,1599,25,1,1,1,7,8.9,9.942710554,7.645490255
5235,18,1786,1,1793,25,14,7,2,16,20,43.616,24.648
5236,18,1787,1,1793,25,13,7,1,20,16,24.648,43.616
5237,18,1788,1,1794,25,12,6,2,14,10,17.898,23.258
5238,18,1789,1,1794,25,11,6,1,10,14,23.258,17.898
5239,18,1790,1,1795,25,10,5,2,12,16,30.904,21.008
5240,18,1791,1,1795,25,9,5,1,16,12,21.008,30.904
5241,18,1792,1,1796,25,8,4,2,12,8,13.928,14.752
5242,18,1793,1,1796,25,7,4,1,8,12,14.752,13.928
5243,18,1794,1,1797,25,6,3,2,13,11.5,21.689875,23.9125
5244,18,1795,1,1797,25,5,3,1,11.5,13,23.9125,21.689875
5245,18,1796,1,1798,25,4,2,2,10,18,30.602,10.81
5246,18,1797,1,1798,25,3,2,1,18,10,10.81,30.602
5247,18,1798,1,1799,25,2,1,2,13.9,13,25.25122,27.197155
5248,18,1799,1,1799,25,1,1,1,13,13.9,27.197155,25.25122
5249,22,2190,0,2195,25,10,5,2,16.1,4.4,6.672968957,26.44536448
5250,22,2191,0,2195,25,9,5,1,4.4,16.1,26.44536448,6.672968957
5251,22,2192,0,2196,25,8,4,2,26,12,12.24064964,61.51228071
5252,22,2193,0,2196,25,7,4,1,12,26,61.51228071,12.24064964
5253,22,2194,0,2197,25,6,3,2,15,10,18.2868661,29.08876277
5254,22,2195,0,2197,25,5,3,1,10,15,29.08876277,18.2868661
5255,22,2196,0,2198,25,4,2,2,27,18,21.62619179,59.88684575
5256,22,2197,0,2198,25,3,2,1,18,27,59.88684575,21.62619179
5257,22,2198,0,2199,25,2,1,2,18,18,35.882,35.882
5258,22,2199,0,2199,25,1,1,1,18,18,35.882,35.882
5259,23,2292,0,2296,25,8,4,2,15.2,17,35.04062279,29.79709871
5260,23,2293,0,2296,25,7,4,1,17,15.2,29.79709871,35.04062279
5261,23,2294,0,2297,25,6,3,2,5,1,-12.905529,-12.20906853
5262,23,2295,0,2297,25,5,3,1,1,5,-12.20906853,-12.905529
5263,23,2296,0,2298,25,4,2,2,12,20,43.6254485,20.4881614
5264,23,2297,0,2298,25,3,2,1,20,12,20.4881614,43.6254485
5265,23,2298,0,2299,25,2,1,2,3,16,23.9200226,3.989228563
5266,23,2299,0,2299,25,1,1,1,16,3,3.989228563,23.9200226
5267,24,2386,1,2393,25,14,7,2,24,22,33.25,48.404
5268,24,2387,1,2393,25,13,7,1,22,24,48.404,33.25
5269,24,2388,1,2394,25,12,6,2,10,10,16.09,16.09
5270,24,2389,1,2394,25,11,6,1,10,10,16.09,16.09
5271,24,2390,1,2395,25,10,5,2,15,15,30.0725,30.0725
5272,24,2391,1,2395,25,9,5,1,15,15,30.0725,30.0725
5273,24,2392,1,2396,25,8,4,2,16,13,23.7955,32.068
5274,24,2393,1,2396,25,7,4,1,13,16,32.068,23.7955
5275,24,2394,1,2397,25,6,3,2,14.3,14.9,29.956585,28.268065
5276,24,2395,1,2397,25,5,3,1,14.9,14.3,28.268065,29.956585
5277,24,2396,1,2398,25,4,2,2,10,16,26.908,15.466
5278,24,2397,1,2398,25,3,2,1,16,10,15.466,26.908
5279,24,2398,1,2399,25,2,1,2,11,12,21.268,20.2115
5280,24,2399,1,2399,25,1,1,1,12,11,20.2115,21.268
5281,25,2484,1,2492,25,16,8,2,12,13,24.4555,22.832
5282,25,2485,1,2492,25,15,8,1,13,12,22.832,24.4555
5283,25,2486,1,2493,25,14,7,2,14,14,27.706,27.706
5284,25,2487,1,2493,25,13,7,1,14,14,27.706,27.706
5285,25,2488,1,2494,25,12,6,2,25.5,25.5,41.940125,41.940125
5286,25,2489,1,2494,25,11,6,1,25.5,25.5,41.940125,41.940125
5287,25,2490,1,2495,25,10,5,2,15,18,38.072,26.3975
5288,25,2491,1,2495,25,9,5,1,18,15,26.3975,38.072
5289,25,2492,1,2496,25,8,4,2,16,19,40.7515,27.376
5290,25,2493,1,2496,25,7,4,1,19,16,27.376,40.7515
5291,25,2494,1,2497,25,6,3,2,11,10,17.376,17.8655
5292,25,2495,1,2497,25,5,3,1,10,11,17.8655,17.376
5293,25,2496,1,2498,25,4,2,2,16,20,43.616,24.648
5294,25,2497,1,2498,25,3,2,1,20,16,24.648,43.616
5295,25,2498,1,2499,25,2,1,2,18,14,23.258,37.69
5296,25,2499,1,2499,25,1,1,1,14,18,37.69,23.258
5297,26,2590,0,2595,25,10,5,2,16,12.7,24.32743801,32.73312592
5298,26,2591,0,2595,25,9,5,1,12.7,16,32.73312592,24.32743801
5299,26,2592,0,2596,25,8,4,2,14,7,11.50435173,23.69988086
5300,26,2593,0,2596,25,7,4,1,7,14,23.69988086,11.50435173
5301,26,2594,0,2597,25,6,3,2,8,21,45.23513702,11.71411414
5302,26,2595,0,2597,25,5,3,1,21,8,11.71411414,45.23513702
5303,26,2596,0,2598,25,4,2,2,22,8,10.77890206,48.34202828
5304,26,2597,0,2598,25,3,2,1,8,22,48.34202828,10.77890206
5305,26,2598,0,2599,25,2,1,2,1,10,1.834191793,-4.437154254
5306,26,2599,0,2599,25,1,1,1,10,1,-4.437154254,1.834191793
5307,27,2686,1,2693,25,14,7,2,14,13,25.2375,27.428
5308,27,2687,1,2693,25,13,7,1,13,14,27.428,25.2375
5309,27,2688,1,2694,25,12,6,2,18,22.5,50.294375,23.2145
5310,27,2689,1,2694,25,11,6,1,22.5,18,23.2145,50.294375
5311,27,2690,1,2695,25,10,5,2,11.9,14.2,26.90574,22.454435
5312,27,2691,1,2695,25,9,5,1,14.2,11.9,22.454435,26.90574
5313,27,2692,1,2696,25,8,4,2,24,24,41.696,41.696
5314,27,2693,1,2696,25,7,4,1,24,24,41.696,41.696
5315,27,2694,1,2697,25,6,3,2,0,9.9,-27.361945,-1.05418
5316,27,2695,1,2697,25,5,3,1,9.9,0,-1.05418,-27.361945
5317,27,2696,1,2698,25,4,2,2,24,16,8.176,55.184
5318,27,2697,1,2698,25,3,2,1,16,24,55.184,8.176
5319,27,2698,1,2699,25,2,1,2,8.8,14,20.18888,14.98992
5320,27,2699,1,2699,25,1,1,1,14,8.8,14.98992,20.18888
5321,28,2778,0,2789,25,22,11,2,14,8.5,14.78817632,25.23283461
5322,28,2779,0,2789,25,21,11,1,8.5,14,25.23283461,14.78817632
5323,28,2780,0,2790,25,20,10,2,14,15,30.20278269,27.62424247
5324,28,2781,0,2790,25,19,10,1,15,14,27.62424247,30.20278269
5325,28,2782,0,2791,25,18,9,2,12,12,22.328,22.328
5326,28,2783,0,2791,25,17,9,1,12,12,22.328,22.328
5327,28,2784,0,2792,25,16,8,2,16,2,2.136280705,22.13664964
5328,28,2785,0,2792,25,15,8,1,2,16,22.13664964,2.136280705
5329,28,2786,0,2793,25,14,7,2,17.5,6.5,10.70478175,33.31901198
5330,28,2787,0,2793,25,13,7,1,6.5,17.5,33.31901198,10.70478175
5331,28,2788,0,2794,25,12,6,2,7,7,5.1205,5.1205
5332,28,2789,0,2794,25,11,6,1,7,7,5.1205,5.1205
5333,28,2790,0,2795,25,10,5,2,11,5,5.239400775,12.5565048
5334,28,2791,0,2795,25,9,5,1,5,11,12.5565048,5.239400775
5335,28,2792,0,2796,25,8,4,2,5.7,19,37.02708465,8.711154987
5336,28,2793,0,2796,25,7,4,1,19,5.7,8.711154987,37.02708465
5337,28,2794,0,2797,25,6,3,2,25,25.5,43.13891689,40.7258394
5338,28,2795,0,2797,25,5,3,1,25.5,25,40.7258394,43.13891689
5339,28,2796,0,2798,25,4,2,2,26,10,8.730645613,61.69579402
5340,28,2797,0,2798,25,3,2,1,10,26,61.69579402,8.730645613
5341,28,2798,0,2799,25,2,1,2,0.9,13.5,12.12644557,-1.131941998
5342,28,2799,0,2799,25,1,1,1,13.5,0.9,-1.131941998,12.12644557
5343,29,2892,0,2896,25,8,4,2,28,8,1.733813208,67.94024871
5344,29,2893,0,2896,25,7,4,1,8,28,67.94024871,1.733813208
5345,29,2894,0,2897,25,6,3,2,26,26,41.914,41.914
5346,29,2895,0,2897,25,5,3,1,26,26,41.914,41.914
5347,29,2896,0,2898,25,4,2,2,15,0,-1.866998448,14.85765828
5348,29,2897,0,2898,25,3,2,1,0,15,14.85765828,-1.866998448
5349,29,2898,0,2899,25,2,1,2,15,18,37.69066486,28.70056153
5350,29,2899,0,2899,25,1,1,1,18,15,28.70056153,37.69066486
5351,2,182,1,191,26,18,9,2,22,22,40.618,40.618
5352,2,183,1,191,26,17,9,1,22,22,40.618,40.618
5353,2,184,1,192,26,16,8,2,15,16,32.728,29.4035
5354,2,185,1,192,26,15,8,1,16,15,29.4035,32.728
5355,2,186,1,193,26,14,7,2,14,16,32.676,26.594
5356,2,187,1,193,26,13,7,1,16,14,26.594,32.676
5357,2,188,1,194,26,12,6,2,12,12,22.328,22.328
5358,2,189,1,194,26,11,6,1,12,12,22.328,22.328
5359,2,190,1,195,26,10,5,2,24,24,41.696,41.696
5360,2,191,1,195,26,9,5,1,24,24,41.696,41.696
5361,2,192,1,196,26,8,4,2,13,13,25.1245,25.1245
5362,2,193,1,196,26,7,4,1,13,13,25.1245,25.1245
5363,2,194,1,197,26,6,3,2,12,12,22.328,22.328
5364,2,195,1,197,26,5,3,1,12,12,22.328,22.328
5365,2,196,1,198,26,4,2,2,23.8,12.5,-5.117245,49.42842
5366,2,197,1,198,26,3,2,1,12.5,23.8,49.42842,-5.117245
5367,2,198,1,199,26,2,1,2,14,10,17.898,23.258
5368,2,199,1,199,26,1,1,1,10,14,23.258,17.898
5369,5,484,0,492,26,16,8,2,16,6,9.821464398,28.28905108
5370,5,485,0,492,26,15,8,1,6,16,28.28905108,9.821464398
5371,5,486,0,493,26,14,7,2,28,2,-6.573543445,63.18654809
5372,5,487,0,493,26,13,7,1,2,28,63.18654809,-6.573543445
5373,5,488,0,494,26,12,6,2,20,22,43.68361342,35.8084872
5374,5,489,0,494,26,11,6,1,22,20,35.8084872,43.68361342
5375,5,490,0,495,26,10,5,2,11,18,37.81300707,19.76322552
5376,5,491,0,495,26,9,5,1,18,11,19.76322552,37.81300707
5377,5,492,0,496,26,8,4,2,3,0,-19.83012848,-20.24864513
5378,5,493,0,496,26,7,4,1,0,3,-20.24864513,-19.83012848
5379,5,494,0,497,26,6,3,2,16,10,18.23569412,31.82521146
5380,5,495,0,497,26,5,3,1,10,16,31.82521146,18.23569412
5381,5,496,0,498,26,4,2,2,14,15.9,32.4888455,27.4108553
5382,5,497,0,498,26,3,2,1,15.9,14,27.4108553,32.4888455
5383,5,498,0,499,26,2,1,2,20,18,33.85864809,40.89745253
5384,5,499,0,499,26,1,1,1,18,20,40.89745253,33.85864809
5385,7,686,1,693,26,14,7,2,26,26,41.914,41.914
5386,7,687,1,693,26,13,7,1,26,26,41.914,41.914
5387,7,688,1,694,26,12,6,2,12,18,35.258,17.012
5388,7,689,1,694,26,11,6,1,18,12,17.012,35.258
5389,7,690,1,695,26,10,5,2,10,14,23.258,17.898
5390,7,691,1,695,26,9,5,1,14,10,17.898,23.258
5391,7,692,1,696,26,8,4,2,26,26,41.914,41.914
5392,7,693,1,696,26,7,4,1,26,26,41.914,41.914
5393,7,694,1,697,26,6,3,2,11.5,15,28.0355,20.864875
5394,7,695,1,697,26,5,3,1,15,11.5,20.864875,28.0355
5395,7,696,1,698,26,4,2,2,25,28,55.192,26.5075
5396,7,697,1,698,26,3,2,1,28,25,26.5075,55.192
5397,7,698,1,699,26,2,1,2,15,12,22.172,28.7435
5398,7,699,1,699,26,1,1,1,12,15,28.7435,22.172
5399,8,786,0,793,26,14,7,2,10.5,13,24.08341486,19.07449236
5400,8,787,0,793,26,13,7,1,13,10.5,19.07449236,24.08341486
5401,8,788,0,794,26,12,6,2,18,10,17.64280495,37.43480495
5402,8,789,0,794,26,11,6,1,10,18,37.43480495,17.64280495
5403,8,790,0,795,26,10,5,2,20,12,20.4881614,43.6254485
5404,8,791,0,795,26,9,5,1,12,20,43.6254485,20.4881614
5405,8,792,0,796,26,8,4,2,10,22,49.20077647,14.49484582
5406,8,793,0,796,26,7,4,1,22,10,14.49484582,49.20077647
5407,8,794,0,797,26,6,3,2,10,14,26.39787946,18.17452301
5408,8,795,0,797,26,5,3,1,14,10,18.17452301,26.39787946
5409,8,796,0,798,26,4,2,2,15,19,40.3211839,27.91621858
5410,8,797,0,798,26,3,2,1,19,15,27.91621858,40.3211839
5411,8,798,0,799,26,2,1,2,6,18,34.28684582,9.616776472
5412,8,799,0,799,26,1,1,1,18,6,9.616776472,34.28684582
5413,11,1086,0,1093,26,14,7,2,0.3,10,0.170273058,-5.879016242
5414,11,1087,0,1093,26,13,7,1,10,0.3,-5.879016242,0.170273058
5415,11,1088,0,1094,26,12,6,2,11,12,21.82216202,19.87086313
5416,11,1089,0,1094,26,11,6,1,12,11,19.87086313,21.82216202
5417,11,1090,0,1095,26,10,5,2,22,24,45.6097743,36.89832632
5418,11,1091,0,1095,26,9,5,1,24,22,36.89832632,45.6097743
5419,11,1092,0,1096,26,8,4,2,2.7,0.7,-18.90063523,-19.09601415
5420,11,1093,0,1096,26,7,4,1,0.7,2.7,-19.09601415,-18.90063523
5421,11,1094,0,1097,26,6,3,2,14,12,22.84913075,27.37896987
5422,11,1095,0,1097,26,5,3,1,12,14,27.37896987,22.84913075
5423,11,1096,0,1098,26,4,2,2,20,12,20.4881614,43.6254485
5424,11,1097,0,1098,26,3,2,1,12,20,43.6254485,20.4881614
5425,11,1098,0,1099,26,2,1,2,26,8,5.402903095,61.22524706
5426,11,1099,0,1099,26,1,1,1,8,26,61.22524706,5.402903095
5427,12,1188,1,1194,26,12,6,2,15,10.8,19.03952,26.81078
5428,12,1189,1,1194,26,11,6,1,10.8,15,26.81078,19.03952
5429,12,1190,1,1195,26,10,5,2,25,25,41.9125,41.9125
5430,12,1191,1,1195,26,9,5,1,25,25,41.9125,41.9125
5431,12,1192,1,1196,26,8,4,2,9.5,9.5,14.396125,14.396125
5432,12,1193,1,1196,26,7,4,1,9.5,9.5,14.396125,14.396125
5433,12,1194,1,1197,26,6,3,2,18.4,17.7,34.239215,37.57846
5434,12,1195,1,1197,26,5,3,1,17.7,18.4,37.57846,34.239215
5435,12,1196,1,1198,26,4,2,2,9.9,10,15.93082,15.913055
5436,12,1197,1,1198,26,3,2,1,10,9.9,15.913055,15.93082
5437,12,1198,1,1199,26,2,1,2,14,14,27.706,27.706
5438,12,1199,1,1199,26,1,1,1,14,14,27.706,27.706
5439,16,1590,0,1595,26,10,5,2,16.5,9,16.00114706,32.5960179
5440,16,1591,0,1595,26,9,5,1,9,16.5,32.5960179,16.00114706
5441,16,1592,0,1596,26,8,4,2,10,28,68.21669505,4.867455106
5442,16,1593,0,1596,26,7,4,1,28,10,4.867455106,68.21669505
5443,16,1594,0,1597,26,6,3,2,6,6,1.034,1.034
5444,16,1595,0,1597,26,5,3,1,6,6,1.034,1.034
5445,16,1596,0,1598,26,4,2,2,12,20,43.6254485,20.4881614
5446,16,1597,0,1598,26,3,2,1,20,12,20.4881614,43.6254485
5447,16,1598,0,1599,26,2,1,2,5.2,9.9,9.863486008,4.573959662
5448,16,1599,0,1599,26,1,1,1,9.9,5.2,4.573959662,9.863486008
5449,18,1786,1,1793,26,14,7,2,12,16,30.904,21.008
5450,18,1787,1,1793,26,13,7,1,16,12,21.008,30.904
5451,18,1788,1,1794,26,12,6,2,12.5,11,20.4505,22.247875
5452,18,1789,1,1794,26,11,6,1,11,12.5,22.247875,20.4505
5453,18,1790,1,1795,26,10,5,2,14,4,3.516,-0.094
5454,18,1791,1,1795,26,9,5,1,4,14,-0.094,3.516
5455,18,1792,1,1796,26,8,4,2,10,8,12.572,11.85
5456,18,1793,1,1796,26,7,4,1,8,10,11.85,12.572
5457,18,1794,1,1797,26,6,3,2,13,12,22.832,24.4555
5458,18,1795,1,1797,26,5,3,1,12,13,24.4555,22.832
5459,18,1796,1,1798,26,4,2,2,16,12,21.008,30.904
5460,18,1797,1,1798,26,3,2,1,12,16,30.904,21.008
5461,18,1798,1,1799,26,2,1,2,13.8,14.5,28.916755,27.12542
5462,18,1799,1,1799,26,1,1,1,14.5,13.8,27.12542,28.916755
5463,22,2190,0,2195,26,10,5,2,8.2,5.8,3.892928174,6.317976718
5464,22,2191,0,2195,26,9,5,1,5.8,8.2,6.317976718,3.892928174
5465,22,2192,0,2196,26,8,4,2,20,14,24.76272879,43.37017678
5466,22,2193,0,2196,26,7,4,1,14,20,43.37017678,24.76272879
5467,22,2194,0,2197,26,6,3,2,16,10,18.23569412,31.82521146
5468,22,2195,0,2197,26,5,3,1,10,16,31.82521146,18.23569412
5469,22,2196,0,2198,26,4,2,2,18,20,40.89745253,33.85864809
5470,22,2197,0,2198,26,3,2,1,20,18,33.85864809,40.89745253
5471,22,2198,0,2199,26,2,1,2,12,18,38.02769412,21.92921146
5472,22,2199,0,2199,26,1,1,1,18,12,21.92921146,38.02769412
5473,23,2292,0,2296,26,8,4,2,25.9,13.8,15.74991685,60.48507607
5474,23,2293,0,2296,26,7,4,1,13.8,25.9,60.48507607,15.74991685
5475,23,2294,0,2297,26,6,3,2,12,1,-2.194409826,7.770453558
5476,23,2295,0,2297,26,5,3,1,1,12,7.770453558,-2.194409826
5477,23,2296,0,2298,26,4,2,2,12,12,22.328,22.328
5478,23,2297,0,2298,26,3,2,1,12,12,22.328,22.328
5479,23,2298,0,2299,26,2,1,2,4,14,19.53024664,5.244268836
5480,23,2299,0,2299,26,1,1,1,14,4,5.244268836,19.53024664
5481,24,2386,1,2393,26,14,7,2,16,20,43.616,24.648
5482,24,2387,1,2393,26,13,7,1,20,16,24.648,43.616
5483,24,2388,1,2394,26,12,6,2,10,10,16.09,16.09
5484,24,2389,1,2394,26,11,6,1,10,10,16.09,16.09
5485,24,2390,1,2395,26,10,5,2,16,16,32.224,32.224
5486,24,2391,1,2395,26,9,5,1,16,16,32.224,32.224
5487,24,2392,1,2396,26,8,4,2,12,14,26.594,22.78
5488,24,2393,1,2396,26,7,4,1,14,12,22.78,26.594
5489,24,2394,1,2397,26,6,3,2,14.5,14.9,29.941805,28.793445
5490,24,2395,1,2397,26,5,3,1,14.9,14.5,28.793445,29.941805
5491,24,2396,1,2398,26,4,2,2,14,22,47.85,9.914
5492,24,2397,1,2398,26,3,2,1,22,14,9.914,47.85
5493,24,2398,1,2399,26,2,1,2,8.9,12,17.23222,15.802655
5494,24,2399,1,2399,26,1,1,1,12,8.9,15.802655,17.23222
5495,25,2484,1,2492,26,16,8,2,14,10,17.898,23.258
5496,25,2485,1,2492,26,15,8,1,10,14,23.258,17.898
5497,25,2486,1,2493,26,14,7,2,14,14.5,28.944375,27.6365
5498,25,2487,1,2493,26,13,7,1,14.5,14,27.6365,28.944375
5499,25,2488,1,2494,26,12,6,2,25.5,25.5,41.940125,41.940125
5500,25,2489,1,2494,26,11,6,1,25.5,25.5,41.940125,41.940125
5501,25,2490,1,2495,26,10,5,2,16,17,35.0555,31.164
5502,25,2491,1,2495,26,9,5,1,17,16,31.164,35.0555
5503,25,2492,1,2496,26,8,4,2,18.5,17.5,33.401625,38.143625
5504,25,2493,1,2496,26,7,4,1,17.5,18.5,38.143625,33.401625
5505,25,2494,1,2497,26,6,3,2,28,20,2.12,67.272
5506,25,2495,1,2497,26,5,3,1,20,28,67.272,2.12
5507,25,2496,1,2498,26,4,2,2,18,16,29.548,37.898
5508,25,2497,1,2498,26,3,2,1,16,18,37.898,29.548
5509,25,2498,1,2499,26,2,1,2,10,10,16.09,16.09
5510,25,2499,1,2499,26,1,1,1,10,10,16.09,16.09
5511,26,2590,0,2595,26,10,5,2,10.5,15.7,31.26483685,19.37853333
5512,26,2591,0,2595,26,9,5,1,15.7,10.5,19.37853333,31.26483685
5513,26,2592,0,2596,26,8,4,2,5,6,-0.744079309,-1.440895536
5514,26,2593,0,2596,26,7,4,1,6,5,-1.440895536,-0.744079309
5515,26,2594,0,2597,26,6,3,2,9,11,17.71722853,14.44187208
5516,26,2595,0,2597,26,5,3,1,11,9,14.44187208,17.71722853
5517,26,2596,0,2598,26,4,2,2,22,5,5.546726756,45.82754298
5518,26,2597,0,2598,26,3,2,1,5,22,45.82754298,5.546726756
5519,26,2598,0,2599,26,2,1,2,1,6,-9.491547215,-10.88482391
5520,26,2599,0,2599,26,1,1,1,6,1,-10.88482391,-9.491547215
5521,27,2686,1,2693,26,14,7,2,14,11.5,21.555375,25.9685
5522,27,2687,1,2693,26,13,7,1,11.5,14,25.9685,21.555375
5523,27,2688,1,2694,26,12,6,2,10,18.7,31.905295,8.65498
5524,27,2689,1,2694,26,11,6,1,18.7,10,8.65498,31.905295
5525,27,2690,1,2695,26,10,5,2,11.8,14.7,27.840875,21.8995
5526,27,2691,1,2695,26,9,5,1,14.7,11.8,21.8995,27.840875
5527,27,2692,1,2696,26,8,4,2,24,24,41.696,41.696
5528,27,2693,1,2696,26,7,4,1,24,24,41.696,41.696
5529,27,2694,1,2697,26,6,3,2,0,9.9,-27.361945,-1.05418
5530,27,2695,1,2697,26,5,3,1,9.9,0,-1.05418,-27.361945
5531,27,2696,1,2698,26,4,2,2,14,14,27.706,27.706
5532,27,2697,1,2698,26,3,2,1,14,14,27.706,27.706
5533,27,2698,1,2699,26,2,1,2,9.4,14,21.82352,16.44198
5534,27,2699,1,2699,26,1,1,1,14,9.4,16.44198,21.82352
5535,28,2778,0,2789,26,22,11,2,14,15.5,31.46826105,27.52204555
5536,28,2779,0,2789,26,21,11,1,15.5,14,27.52204555,31.46826105
5537,28,2780,0,2790,26,20,10,2,14,12,22.84913075,27.37896987
5538,28,2781,0,2790,26,19,10,1,12,14,27.37896987,22.84913075
5539,28,2782,0,2791,26,18,9,2,14,18,37.96652301,26.39787946
5540,28,2783,0,2791,26,17,9,1,18,14,26.39787946,37.96652301
5541,28,2784,0,2792,26,16,8,2,10.5,28,68.18360972,5.679343941
5542,28,2785,0,2792,26,15,8,1,28,10.5,5.679343941,68.18360972
5543,28,2786,0,2793,26,14,7,2,6,12.2,17.39537153,8.408435417
5544,28,2787,0,2793,26,13,7,1,12.2,6,8.408435417,17.39537153
5545,28,2788,0,2794,26,12,6,2,8,7,6.52302402,7.638001135
5546,28,2789,0,2794,26,11,6,1,7,8,7.638001135,6.52302402
5547,28,2790,0,2795,26,10,5,2,1,11,4.779539987,-3.234024507
5548,28,2791,0,2795,26,9,5,1,11,1,-3.234024507,4.779539987
5549,28,2792,0,2796,26,8,4,2,6,14,22.47351785,9.372092055
5550,28,2793,0,2796,26,7,4,1,14,6,9.372092055,22.47351785
5551,28,2794,0,2797,26,6,3,2,25,25.5,43.13891689,40.7258394
5552,28,2795,0,2797,26,5,3,1,25.5,25,40.7258394,43.13891689
5553,28,2796,0,2798,26,4,2,2,10,26,61.69579402,8.730645613
5554,28,2797,0,2798,26,3,2,1,26,10,8.730645613,61.69579402
5555,28,2798,0,2799,26,2,1,2,12.6,14,27.54575523,24.28705407
5556,28,2799,0,2799,26,1,1,1,14,12.6,24.28705407,27.54575523
5557,29,2892,0,2896,26,8,4,2,14,18.9,40.37561235,25.74300162
5558,29,2893,0,2896,26,7,4,1,18.9,14,25.74300162,40.37561235
5559,29,2894,0,2897,26,6,3,2,26,26,41.914,41.914
5560,29,2895,0,2897,26,5,3,1,26,26,41.914,41.914
5561,29,2896,0,2898,26,4,2,2,8,4,-0.61051166,2.594914137
5562,29,2897,0,2898,26,3,2,1,4,8,2.594914137,-0.61051166
5563,29,2898,0,2899,26,2,1,2,14.5,18,37.84903332,27.54352483
5564,29,2899,0,2899,26,1,1,1,18,14.5,27.54352483,37.84903332
5565,2,182,1,191,27,18,9,2,24,24,41.696,41.696
5566,2,183,1,191,27,17,9,1,24,24,41.696,41.696
5567,2,184,1,192,27,16,8,2,16,16,32.224,32.224
5568,2,185,1,192,27,15,8,1,16,16,32.224,32.224
5569,2,186,1,193,27,14,7,2,14,16,32.676,26.594
5570,2,187,1,193,27,13,7,1,16,14,26.594,32.676
5571,2,188,1,194,27,12,6,2,14,14,27.706,27.706
5572,2,189,1,194,27,11,6,1,14,14,27.706,27.706
5573,2,190,1,195,27,10,5,2,24,24,41.696,41.696
5574,2,191,1,195,27,9,5,1,24,24,41.696,41.696
5575,2,192,1,196,27,8,4,2,14,16,32.676,26.594
5576,2,193,1,196,27,7,4,1,16,14,26.594,32.676
5577,2,194,1,197,27,6,3,2,6,14,9.914,8.266
5578,2,195,1,197,27,5,3,1,14,6,8.266,9.914
5579,2,196,1,198,27,4,2,2,14.5,19.3,41.340445,21.572605
5580,2,197,1,198,27,3,2,1,19.3,14.5,21.572605,41.340445
5581,2,198,1,199,27,2,1,2,13,12.5,23.976875,24.8595
5582,2,199,1,199,27,1,1,1,12.5,13,24.8595,23.976875
5583,5,484,0,492,27,16,8,2,26,10,8.730645613,61.69579402
5584,5,485,0,492,27,15,8,1,10,26,61.69579402,8.730645613
5585,5,486,0,493,27,14,7,2,2,2,-17.462,-17.462
5586,5,487,0,493,27,13,7,1,2,2,-17.462,-17.462
5587,5,488,0,494,27,12,6,2,16,18,37.25129164,31.04880898
5588,5,489,0,494,27,11,6,1,18,16,31.04880898,37.25129164
5589,5,490,0,495,27,10,5,2,12,16,32.61220124,22.71620124
5590,5,491,0,495,27,9,5,1,16,12,22.71620124,32.61220124
5591,5,492,0,496,27,8,4,2,4,0,-17.43386811,-17.57372941
5592,5,493,0,496,27,7,4,1,0,4,-17.57372941,-17.43386811
5593,5,494,0,497,27,6,3,2,10,16,31.82521146,18.23569412
5594,5,495,0,497,27,5,3,1,16,10,18.23569412,31.82521146
5595,5,496,0,498,27,4,2,2,14.1,13.9,27.4584955,27.9532955
5596,5,497,0,498,27,3,2,1,13.9,14.1,27.9532955,27.4584955
5597,5,498,0,499,27,2,1,2,18,20,40.89745253,33.85864809
5598,5,499,0,499,27,1,1,1,20,18,33.85864809,40.89745253
5599,7,686,1,693,27,14,7,2,26,26,41.914,41.914
5600,7,687,1,693,27,13,7,1,26,26,41.914,41.914
5601,7,688,1,694,27,12,6,2,14,14,27.706,27.706
5602,7,689,1,694,27,11,6,1,14,14,27.706,27.706
5603,7,690,1,695,27,10,5,2,12,12,22.328,22.328
5604,7,691,1,695,27,9,5,1,12,12,22.328,22.328
5605,7,692,1,696,27,8,4,2,26,26,41.914,41.914
5606,7,693,1,696,27,7,4,1,26,26,41.914,41.914
5607,7,694,1,697,27,6,3,2,13.5,10,18.1585,22.352375
5608,7,695,1,697,27,5,3,1,10,13.5,22.352375,18.1585
5609,7,696,1,698,27,4,2,2,20,28,67.272,2.12
5610,7,697,1,698,27,3,2,1,28,20,2.12,67.272
5611,7,698,1,699,27,2,1,2,14,14,27.706,27.706
5612,7,699,1,699,27,1,1,1,14,14,27.706,27.706
5613,8,786,0,793,27,14,7,2,16,10,18.23569412,31.82521146
5614,8,787,0,793,27,13,7,1,10,16,31.82521146,18.23569412
5615,8,788,0,794,27,12,6,2,10,8,11.20945253,14.06664809
5616,8,789,0,794,27,11,6,1,8,10,14.06664809,11.20945253
5617,8,790,0,795,27,10,5,2,8,13,22.02036055,13.30926832
5618,8,791,0,795,27,9,5,1,13,8,13.30926832,22.02036055
5619,8,792,0,796,27,8,4,2,12,15,29.97280286,22.86442353
5620,8,793,0,796,27,7,4,1,15,12,22.86442353,29.97280286
5621,8,794,0,797,27,6,3,2,6,14,22.47351785,9.372092055
5622,8,795,0,797,27,5,3,1,14,6,9.372092055,22.47351785
5623,8,796,0,798,27,4,2,2,20,12,20.4881614,43.6254485
5624,8,797,0,798,27,3,2,1,12,20,43.6254485,20.4881614
5625,8,798,0,799,27,2,1,2,8,8,8.992,8.992
5626,8,799,0,799,27,1,1,1,8,8,8.992,8.992
5627,11,1086,0,1093,27,14,7,2,5.8,10,11.08552138,6.051362351
5628,11,1087,0,1093,27,13,7,1,10,5.8,6.051362351,11.08552138
5629,11,1088,0,1094,27,12,6,2,13,20,43.57957018,22.60266241
5630,11,1089,0,1094,27,11,6,1,20,13,22.60266241,43.57957018
5631,11,1090,0,1095,27,10,5,2,26,22,32.52459236,50.78381012
5632,11,1091,0,1095,27,9,5,1,22,26,50.78381012,32.52459236
5633,11,1092,0,1096,27,8,4,2,2.8,0.9,-18.16893857,-18.29496062
5634,11,1093,0,1096,27,7,4,1,0.9,2.8,-18.29496062,-18.16893857
5635,11,1094,0,1097,27,6,3,2,14,12,22.84913075,27.37896987
5636,11,1095,0,1097,27,5,3,1,12,14,27.37896987,22.84913075
5637,11,1096,0,1098,27,4,2,2,4,11,10.8575362,3.05269639
5638,11,1097,0,1098,27,3,2,1,11,4,3.05269639,10.8575362
5639,11,1098,0,1099,27,2,1,2,10,24,55.35715449,11.93977585
5640,11,1099,0,1099,27,1,1,1,24,10,11.93977585,55.35715449
5641,12,1188,1,1194,27,12,6,2,12,16,30.904,21.008
5642,12,1189,1,1194,27,11,6,1,16,12,21.008,30.904
5643,12,1190,1,1195,27,10,5,2,25,25,41.9125,41.9125
5644,12,1191,1,1195,27,9,5,1,25,25,41.9125,41.9125
5645,12,1192,1,1196,27,8,4,2,9.5,9.5,14.396125,14.396125
5646,12,1193,1,1196,27,7,4,1,9.5,9.5,14.396125,14.396125
5647,12,1194,1,1197,27,6,3,2,16,19.1,41.037455,27.12822
5648,12,1195,1,1197,27,5,3,1,19.1,16,27.12822,41.037455
5649,12,1196,1,1198,27,4,2,2,27.6,9.9,-42.964225,48.4961
5650,12,1197,1,1198,27,3,2,1,9.9,27.6,48.4961,-42.964225
5651,12,1198,1,1199,27,2,1,2,14,18,37.69,23.258
5652,12,1199,1,1199,27,1,1,1,18,14,23.258,37.69
5653,16,1590,0,1595,27,10,5,2,9.5,5,3.664538933,8.446720452
5654,16,1591,0,1595,27,9,5,1,5,9.5,8.446720452,3.664538933
5655,16,1592,0,1596,27,8,4,2,28,10,4.867455106,68.21669505
5656,16,1593,0,1596,27,7,4,1,10,28,68.21669505,4.867455106
5657,16,1594,0,1597,27,6,3,2,10,10,16.09,16.09
5658,16,1595,0,1597,27,5,3,1,10,10,16.09,16.09
5659,16,1596,0,1598,27,4,2,2,12,20,43.6254485,20.4881614
5660,16,1597,0,1598,27,3,2,1,20,12,20.4881614,43.6254485
5661,16,1598,0,1599,27,2,1,2,4.5,6.1,-1.437162691,-2.485162913
5662,16,1599,0,1599,27,1,1,1,6.1,4.5,-2.485162913,-1.437162691
5663,18,1786,1,1793,27,14,7,2,14,14,27.706,27.706
5664,18,1787,1,1793,27,13,7,1,14,14,27.706,27.706
5665,18,1788,1,1794,27,12,6,2,12.5,14,27.0805,24.007375
5666,18,1789,1,1794,27,11,6,1,14,12.5,24.007375,27.0805
5667,18,1790,1,1795,27,10,5,2,10,16,26.908,15.466
5668,18,1791,1,1795,27,9,5,1,16,10,15.466,26.908
5669,18,1792,1,1796,27,8,4,2,14,12.5,24.007375,27.0805
5670,18,1793,1,1796,27,7,4,1,12.5,14,27.0805,24.007375
5671,18,1794,1,1797,27,6,3,2,14,12.3,23.516095,26.90258
5672,18,1795,1,1797,27,5,3,1,12.3,14,26.90258,23.516095
5673,18,1796,1,1798,27,4,2,2,14,14,27.706,27.706
5674,18,1797,1,1798,27,3,2,1,14,14,27.706,27.706
5675,18,1798,1,1799,27,2,1,2,10.5,12,20.5295,19.157375
5676,18,1799,1,1799,27,1,1,1,12,10.5,19.157375,20.5295
5677,22,2190,0,2195,27,10,5,2,10.5,7.3,10.01347021,14.51807737
5678,22,2191,0,2195,27,9,5,1,7.3,10.5,14.51807737,10.01347021
5679,22,2192,0,2196,27,8,4,2,16,16,32.224,32.224
5680,22,2193,0,2196,27,7,4,1,16,16,32.224,32.224
5681,22,2194,0,2197,27,6,3,2,15,10,18.2868661,29.08876277
5682,22,2195,0,2197,27,5,3,1,10,15,29.08876277,18.2868661
5683,22,2196,0,2198,27,4,2,2,16,18,37.25129164,31.04880898
5684,22,2197,0,2198,27,3,2,1,18,16,31.04880898,37.25129164
5685,22,2198,0,2199,27,2,1,2,14,12,22.84913075,27.37896987
5686,22,2199,0,2199,27,1,1,1,12,14,27.37896987,22.84913075
5687,23,2292,0,2296,27,8,4,2,12,22,49.4054644,18.39305108
5688,23,2293,0,2296,27,7,4,1,22,12,18.39305108,49.4054644
5689,23,2294,0,2297,27,6,3,2,1,1,-22.6235,-22.6235
5690,23,2295,0,2297,27,5,3,1,1,1,-22.6235,-22.6235
5691,23,2296,0,2298,27,4,2,2,16,16,32.224,32.224
5692,23,2297,0,2298,27,3,2,1,16,16,32.224,32.224
5693,23,2298,0,2299,27,2,1,2,11,1,-3.234024507,4.779539987
5694,23,2299,0,2299,27,1,1,1,1,11,4.779539987,-3.234024507
5695,24,2386,1,2393,27,14,7,2,18,18,35.882,35.882
5696,24,2387,1,2393,27,13,7,1,18,18,35.882,35.882
5697,24,2388,1,2394,27,12,6,2,10,12,19.652,18.106
5698,24,2389,1,2394,27,11,6,1,12,10,18.106,19.652
5699,24,2390,1,2395,27,10,5,2,17,17,34.1605,34.1605
5700,24,2391,1,2395,27,9,5,1,17,17,34.1605,34.1605
5701,24,2392,1,2396,27,8,4,2,13,14,27.428,25.2375
5702,24,2393,1,2396,27,7,4,1,14,13,25.2375,27.428
5703,24,2394,1,2397,27,6,3,2,14.5,14.3,28.403945,28.944105
5704,24,2395,1,2397,27,5,3,1,14.3,14.5,28.944105,28.403945
5705,24,2396,1,2398,27,4,2,2,16,24,55.184,8.176
5706,24,2397,1,2398,27,3,2,1,24,16,8.176,55.184
5707,24,2398,1,2399,27,2,1,2,14.2,12,22.70288,27.02302
5708,24,2399,1,2399,27,1,1,1,12,14.2,27.02302,22.70288
5709,25,2484,1,2492,27,16,8,2,10,10,16.09,16.09
5710,25,2485,1,2492,27,15,8,1,10,10,16.09,16.09
5711,25,2486,1,2493,27,14,7,2,14.5,14,27.6365,28.944375
5712,25,2487,1,2493,27,13,7,1,14,14.5,28.944375,27.6365
5713,25,2488,1,2494,27,12,6,2,25.5,16,-0.2945,59.567375
5714,25,2489,1,2494,27,11,6,1,16,25.5,59.567375,-0.2945
5715,25,2490,1,2495,27,10,5,2,18,16,29.548,37.898
5716,25,2491,1,2495,27,9,5,1,16,18,37.898,29.548
5717,25,2492,1,2496,27,8,4,2,16,18,37.898,29.548
5718,25,2493,1,2496,27,7,4,1,18,16,29.548,37.898
5719,25,2494,1,2497,27,6,3,2,20,19,35.1555,40.748
5720,25,2495,1,2497,27,5,3,1,19,20,40.748,35.1555
5721,25,2496,1,2498,27,4,2,2,16.9,16,31.29502,34.771855
5722,25,2497,1,2498,27,3,2,1,16,16.9,34.771855,31.29502
5723,25,2498,1,2499,27,2,1,2,6,10,5.386,9.098
5724,25,2499,1,2499,27,1,1,1,10,6,9.098,5.386
5725,26,2590,0,2595,27,10,5,2,16,13.7,26.6679354,32.76688767
5726,26,2591,0,2595,27,9,5,1,13.7,16,32.76688767,26.6679354
5727,26,2592,0,2596,27,8,4,2,8,7,6.52302402,7.638001135
5728,26,2593,0,2596,27,7,4,1,7,8,7.638001135,6.52302402
5729,26,2594,0,2597,27,6,3,2,8,12.5,20.66626345,13.06149594
5730,26,2595,0,2597,27,5,3,1,12.5,8,13.06149594,20.66626345
5731,26,2596,0,2598,27,4,2,2,5,2,-10.56436981,-9.728403794
5732,26,2597,0,2598,27,3,2,1,2,5,-9.728403794,-10.56436981
5733,26,2598,0,2599,27,2,1,2,5,20,39.36817492,6.962484909
5734,26,2599,0,2599,27,1,1,1,20,5,6.962484909,39.36817492
5735,27,2686,1,2693,27,14,7,2,13,18,36.752,20.1295
5736,27,2687,1,2693,27,13,7,1,18,13,20.1295,36.752
5737,27,2688,1,2694,27,12,6,2,16,19.3,41.609695,26.61598
5738,27,2689,1,2694,27,11,6,1,19.3,16,26.61598,41.609695
5739,27,2690,1,2695,27,10,5,2,7.5,14,15.9605,11.857375
5740,27,2691,1,2695,27,9,5,1,14,7.5,11.857375,15.9605
5741,27,2692,1,2696,27,8,4,2,24,24,41.696,41.696
5742,27,2693,1,2696,27,7,4,1,24,24,41.696,41.696
5743,27,2694,1,2697,27,6,3,2,0,9.9,-27.361945,-1.05418
5744,27,2695,1,2697,27,5,3,1,9.9,0,-1.05418,-27.361945
5745,27,2696,1,2698,27,4,2,2,14,18,37.69,23.258
5746,27,2697,1,2698,27,3,2,1,18,14,23.258,37.69
5747,27,2698,1,2699,27,2,1,2,9.5,14,22.0765,16.684375
5748,27,2699,1,2699,27,1,1,1,14,9.5,16.684375,22.0765
5749,28,2778,0,2789,27,22,11,2,16,9.8,17.79766779,31.71053916
5750,28,2779,0,2789,27,21,11,1,9.8,16,31.71053916,17.79766779
5751,28,2780,0,2790,27,20,10,2,14,12,22.84913075,27.37896987
5752,28,2781,0,2790,27,19,10,1,12,14,27.37896987,22.84913075
5753,28,2782,0,2791,27,18,9,2,10,12,21.15280898,17.45929164
5754,28,2783,0,2791,27,17,9,1,12,10,17.45929164,21.15280898
5755,28,2784,0,2792,27,16,8,2,10.5,2,-1.740879164,5.514946599
5756,28,2785,0,2792,27,15,8,1,2,10.5,5.514946599,-1.740879164
5757,28,2786,0,2793,27,14,7,2,11.9,14,27.34544928,22.61107166
5758,28,2787,0,2793,27,13,7,1,14,11.9,22.61107166,27.34544928
5759,28,2788,0,2794,27,12,6,2,8,8,8.992,8.992
5760,28,2789,0,2794,27,11,6,1,8,8,8.992,8.992
5761,28,2790,0,2795,27,10,5,2,3,13,14.82834443,2.633171055
5762,28,2791,0,2795,27,9,5,1,13,3,2.633171055,14.82834443
5763,28,2792,0,2796,27,8,4,2,12.6,28,67.59825519,9.213670527
5764,28,2793,0,2796,27,7,4,1,28,12.6,9.213670527,67.59825519
5765,28,2794,0,2797,27,6,3,2,25,25,41.9125,41.9125
5766,28,2795,0,2797,27,5,3,1,25,25,41.9125,41.9125
5767,28,2796,0,2798,27,4,2,2,10,10,16.09,16.09
5768,28,2797,0,2798,27,3,2,1,10,10,16.09,16.09
5769,28,2798,0,2799,27,2,1,2,13.3,10,17.99859139,24.54137255
5770,28,2799,0,2799,27,1,1,1,10,13.3,24.54137255,17.99859139
5771,29,2892,0,2896,27,8,4,2,22,0,-2.26225789,38.36643282
5772,29,2893,0,2896,27,7,4,1,0,22,38.36643282,-2.26225789
5773,29,2894,0,2897,27,6,3,2,25.9,26,42.16763069,41.67037956
5774,29,2895,0,2897,27,5,3,1,26,25.9,41.67037956,42.16763069
5775,29,2896,0,2898,27,4,2,2,14,28,66.80740692,11.68152342
5776,29,2897,0,2898,27,3,2,1,28,14,11.68152342,66.80740692
5777,29,2898,0,2899,27,2,1,2,12.5,12,22.51960084,23.57365545
5778,29,2899,0,2899,27,1,1,1,12,12.5,23.57365545,22.51960084
5779,2,182,1,191,28,18,9,2,26,26,41.914,41.914
5780,2,183,1,191,28,17,9,1,26,26,41.914,41.914
5781,2,184,1,192,28,16,8,2,16,15,29.4035,32.728
5782,2,185,1,192,28,15,8,1,15,16,32.728,29.4035
5783,2,186,1,193,28,14,7,2,15,16,32.728,29.4035
5784,2,187,1,193,28,13,7,1,16,15,29.4035,32.728
5785,2,188,1,194,28,12,6,2,22,14,9.914,47.85
5786,2,189,1,194,28,11,6,1,14,22,47.85,9.914
5787,2,190,1,195,28,10,5,2,20,24,52.888,24.848
5788,2,191,1,195,28,9,5,1,24,20,24.848,52.888
5789,2,192,1,196,28,8,4,2,11,14,25.204,20.3335
5790,2,193,1,196,28,7,4,1,14,11,20.3335,25.204
5791,2,194,1,197,28,6,3,2,10,12,19.652,18.106
5792,2,195,1,197,28,5,3,1,12,10,18.106,19.652
5793,2,196,1,198,28,4,2,2,17,12.9,21.944755,34.29662
5794,2,197,1,198,28,3,2,1,12.9,17,34.29662,21.944755
5795,2,198,1,199,28,2,1,2,12,9,16.0115,17.48
5796,2,199,1,199,28,1,1,1,9,12,17.48,16.0115
5797,5,484,0,492,28,16,8,2,18,8,13.53865996,36.18785552
5798,5,485,0,492,28,15,8,1,8,18,36.18785552,13.53865996
5799,5,486,0,493,28,14,7,2,2,2,-17.462,-17.462
5800,5,487,0,493,28,13,7,1,2,2,-17.462,-17.462
5801,5,488,0,494,28,12,6,2,14,18,37.96652301,26.39787946
5802,5,489,0,494,28,11,6,1,18,14,26.39787946,37.96652301
5803,5,490,0,495,28,10,5,2,10,14,26.39787946,18.17452301
5804,5,491,0,495,28,9,5,1,14,10,18.17452301,26.39787946
5805,5,492,0,496,28,8,4,2,3.5,0,-18.61155891,-18.91688294
5806,5,493,0,496,28,7,4,1,0,3.5,-18.91688294,-18.61155891
5807,5,494,0,497,28,6,3,2,14,10,18.17452301,26.39787946
5808,5,495,0,497,28,5,3,1,10,14,26.39787946,18.17452301
5809,5,496,0,498,28,4,2,2,12,13.5,26.09914038,22.78016622
5810,5,497,0,498,28,3,2,1,13.5,12,22.78016622,26.09914038
5811,5,498,0,499,28,2,1,2,22,22,40.618,40.618
5812,5,499,0,499,28,1,1,1,22,22,40.618,40.618
5813,7,686,1,693,28,14,7,2,26,26,41.914,41.914
5814,7,687,1,693,28,13,7,1,26,26,41.914,41.914
5815,7,688,1,694,28,12,6,2,12,28,57.688,-36.328
5816,7,689,1,694,28,11,6,1,28,12,-36.328,57.688
5817,7,690,1,695,28,10,5,2,14,14,27.706,27.706
5818,7,691,1,695,28,9,5,1,14,14,27.706,27.706
5819,7,692,1,696,28,8,4,2,26,26,41.914,41.914
5820,7,693,1,696,28,7,4,1,26,26,41.914,41.914
5821,7,694,1,697,28,6,3,2,12.5,9.5,17.172625,19.491625
5822,7,695,1,697,28,5,3,1,9.5,12.5,19.491625,17.172625
5823,7,696,1,698,28,4,2,2,18,26,61.658,5.578
5824,7,697,1,698,28,3,2,1,26,18,5.578,61.658
5825,7,698,1,699,28,2,1,2,14,16,32.676,26.594
5826,7,699,1,699,28,1,1,1,16,14,26.594,32.676
5827,8,786,0,793,28,14,7,2,14,11,20.4890442,26.9701822
5828,8,787,0,793,28,13,7,1,11,14,26.9701822,20.4890442
5829,8,788,0,794,28,12,6,2,26,10,8.730645613,61.69579402
5830,8,789,0,794,28,11,6,1,10,26,61.69579402,8.730645613
5831,8,790,0,795,28,10,5,2,10,14,26.39787946,18.17452301
5832,8,791,0,795,28,9,5,1,14,10,18.17452301,26.39787946
5833,8,792,0,796,28,8,4,2,18,12.5,23.02929144,38.07371949
5834,8,793,0,796,28,7,4,1,12.5,18,38.07371949,23.02929144
5835,8,794,0,797,28,6,3,2,4,6,-2.685673685,-3.870225696
5836,8,795,0,797,28,5,3,1,6,4,-3.870225696,-2.685673685
5837,8,796,0,798,28,4,2,2,22,15.2,25.00928344,48.37251972
5838,8,797,0,798,28,3,2,1,15.2,22,48.37251972,25.00928344
5839,8,798,0,799,28,2,1,2,28,18,19.22463777,62.78187771
5840,8,799,0,799,28,1,1,1,18,28,62.78187771,19.22463777
5841,11,1086,0,1093,28,14,7,2,5,10,9.805257223,4.230371647
5842,11,1087,0,1093,28,13,7,1,10,5,4.230371647,9.805257223
5843,11,1088,0,1094,28,12,6,2,10,16,31.82521146,18.23569412
5844,11,1089,0,1094,28,11,6,1,16,10,18.23569412,31.82521146
5845,11,1090,0,1095,28,10,5,2,22,22,40.618,40.618
5846,11,1091,0,1095,28,9,5,1,22,22,40.618,40.618
5847,11,1092,0,1096,28,8,4,2,2.9,0.6,-18.64571771,-18.84635922
5848,11,1093,0,1096,28,7,4,1,0.6,2.9,-18.84635922,-18.64571771
5849,11,1094,0,1097,28,6,3,2,18,16,31.04880898,37.25129164
5850,11,1095,0,1097,28,5,3,1,16,18,37.25129164,31.04880898
5851,11,1096,0,1098,28,4,2,2,2,6,-7.059407638,-8.592189885
5852,11,1097,0,1098,28,3,2,1,6,2,-8.592189885,-7.059407638
5853,11,1098,0,1099,28,2,1,2,20,14,24.76272879,43.37017678
5854,11,1099,0,1099,28,1,1,1,14,20,43.37017678,24.76272879
5855,12,1188,1,1194,28,12,6,2,12,14,26.594,22.78
5856,12,1189,1,1194,28,11,6,1,14,12,22.78,26.594
5857,12,1190,1,1195,28,10,5,2,25,25.5,44.118875,39.6925
5858,12,1191,1,1195,28,9,5,1,25.5,25,39.6925,44.118875
5859,12,1192,1,1196,28,8,4,2,9.6,9.5,14.569295,14.56438
5860,12,1193,1,1196,28,7,4,1,9.5,9.6,14.56438,14.569295
5861,12,1194,1,1197,28,6,3,2,16.7,14.1,25.971385,34.467665
5862,12,1195,1,1197,28,5,3,1,14.1,16.7,34.467665,25.971385
5863,12,1196,1,1198,28,4,2,2,10.8,9.9,16.973135,17.33714
5864,12,1197,1,1198,28,3,2,1,9.9,10.8,17.33714,16.973135
5865,12,1198,1,1199,28,2,1,2,16,18,37.898,29.548
5866,12,1199,1,1199,28,1,1,1,18,16,29.548,37.898
5867,16,1590,0,1595,28,10,5,2,7,10,12.80969954,8.837526858
5868,16,1591,0,1595,28,9,5,1,10,7,8.837526858,12.80969954
5869,16,1592,0,1596,28,8,4,2,10,28,68.21669505,4.867455106
5870,16,1593,0,1596,28,7,4,1,28,10,4.867455106,68.21669505
5871,16,1594,0,1597,28,6,3,2,2,6,-7.059407638,-8.592189885
5872,16,1595,0,1597,28,5,3,1,6,2,-8.592189885,-7.059407638
5873,16,1596,0,1598,28,4,2,2,12,20,43.6254485,20.4881614
5874,16,1597,0,1598,28,3,2,1,20,12,20.4881614,43.6254485
5875,16,1598,0,1599,28,2,1,2,13,8,13.30926832,22.02036055
5876,16,1599,0,1599,28,1,1,1,8,13,22.02036055,13.30926832
5877,18,1786,1,1793,28,14,7,2,18,20,42.26,31.642
5878,18,1787,1,1793,28,13,7,1,20,18,31.642,42.26
5879,18,1788,1,1794,28,12,6,2,14,15.6,31.67848,26.99432
5880,18,1789,1,1794,28,11,6,1,15.6,14,26.99432,31.67848
5881,18,1790,1,1795,28,10,5,2,16,8,9.968,20.688
5882,18,1791,1,1795,28,9,5,1,8,16,20.688,9.968
5883,18,1792,1,1796,28,8,4,2,4,15,0.7355,1.588
5884,18,1793,1,1796,28,7,4,1,15,4,1.588,0.7355
5885,18,1794,1,1797,28,6,3,2,14,14,27.706,27.706
5886,18,1795,1,1797,28,5,3,1,14,14,27.706,27.706
5887,18,1796,1,1798,28,4,2,2,16,14,26.594,32.676
5888,18,1797,1,1798,28,3,2,1,14,16,32.676,26.594
5889,18,1798,1,1799,28,2,1,2,12,10.6,19.36798,20.68832
5890,18,1799,1,1799,28,1,1,1,10.6,12,20.68832,19.36798
5891,22,2190,0,2195,28,10,5,2,5.1,6.3,0.205542501,-0.680816278
5892,22,2191,0,2195,28,9,5,1,6.3,5.1,-0.680816278,0.205542501
5893,22,2192,0,2196,28,8,4,2,15,17,35.1057112,29.32138942
5894,22,2193,0,2196,28,7,4,1,17,15,29.32138942,35.1057112
5895,22,2194,0,2197,28,6,3,2,16,10,18.23569412,31.82521146
5896,22,2195,0,2197,28,5,3,1,10,16,31.82521146,18.23569412
5897,22,2196,0,2198,28,4,2,2,25,16,21.78491579,56.28212175
5898,22,2197,0,2198,28,3,2,1,16,25,56.28212175,21.78491579
5899,22,2198,0,2199,28,2,1,2,10,28,68.21669505,4.867455106
5900,22,2199,0,2199,28,1,1,1,28,10,4.867455106,68.21669505
5901,23,2292,0,2296,28,8,4,2,17,19,39.18187208,32.56122853
5902,23,2293,0,2296,28,7,4,1,19,17,32.56122853,39.18187208
5903,23,2294,0,2297,28,6,3,2,1,1,-22.6235,-22.6235
5904,23,2295,0,2297,28,5,3,1,1,1,-22.6235,-22.6235
5905,23,2296,0,2298,28,4,2,2,10,18,37.43480495,17.64280495
5906,23,2297,0,2298,28,3,2,1,18,10,17.64280495,37.43480495
5907,23,2298,0,2299,28,2,1,2,6,8,6.120487203,4.099613416
5908,23,2299,0,2299,28,1,1,1,8,6,4.099613416,6.120487203
5909,24,2386,1,2393,28,14,7,2,16,20,43.616,24.648
5910,24,2387,1,2393,28,13,7,1,20,16,24.648,43.616
5911,24,2388,1,2394,28,12,6,2,13,12,22.832,24.4555
5912,24,2389,1,2394,28,11,6,1,12,13,24.4555,22.832
5913,24,2390,1,2395,28,10,5,2,18,18,35.882,35.882
5914,24,2391,1,2395,28,9,5,1,18,18,35.882,35.882
5915,24,2392,1,2396,28,8,4,2,14,14,27.706,27.706
5916,24,2393,1,2396,28,7,4,1,14,14,27.706,27.706
5917,24,2394,1,2397,28,6,3,2,18,14.9,26.083055,38.05882
5918,24,2395,1,2397,28,5,3,1,14.9,18,38.05882,26.083055
5919,24,2396,1,2398,28,4,2,2,20,16,24.648,43.616
5920,24,2397,1,2398,28,3,2,1,16,20,43.616,24.648
5921,24,2398,1,2399,28,2,1,2,9,12,17.48,16.0115
5922,24,2399,1,2399,28,1,1,1,12,9,16.0115,17.48
5923,25,2484,1,2492,28,16,8,2,12,10,18.106,19.652
5924,25,2485,1,2492,28,15,8,1,10,12,19.652,18.106
5925,25,2486,1,2493,28,14,7,2,14,15,30.1855,27.428
5926,25,2487,1,2493,28,13,7,1,15,14,27.428,30.1855
5927,25,2488,1,2494,28,12,6,2,25.5,25.5,41.940125,41.940125
5928,25,2489,1,2494,28,11,6,1,25.5,25.5,41.940125,41.940125
5929,25,2490,1,2495,28,10,5,2,16,16,32.224,32.224
5930,25,2491,1,2495,28,9,5,1,16,16,32.224,32.224
5931,25,2492,1,2496,28,8,4,2,14,16,32.676,26.594
5932,25,2493,1,2496,28,7,4,1,16,14,26.594,32.676
5933,25,2494,1,2497,28,6,3,2,12,18,35.258,17.012
5934,25,2495,1,2497,28,5,3,1,18,12,17.012,35.258
5935,25,2496,1,2498,28,4,2,2,18,14,23.258,37.69
5936,25,2497,1,2498,28,3,2,1,14,18,37.69,23.258
5937,25,2498,1,2499,28,2,1,2,10,12,19.652,18.106
5938,25,2499,1,2499,28,1,1,1,12,10,18.106,19.652
5939,26,2590,0,2595,28,10,5,2,14,16.7,34.5518858,27.10998758
5940,26,2591,0,2595,28,9,5,1,16.7,14,27.10998758,34.5518858
5941,26,2592,0,2596,28,8,4,2,4,0,-17.43386811,-17.57372941
5942,26,2593,0,2596,28,7,4,1,0,4,-17.57372941,-17.43386811
5943,26,2594,0,2597,28,6,3,2,10,19,40.30794977,17.10108777
5944,26,2595,0,2597,28,5,3,1,19,10,17.10108777,40.30794977
5945,26,2596,0,2598,28,4,2,2,8,28,67.94024871,1.733813208
5946,26,2597,0,2598,28,3,2,1,28,8,1.733813208,67.94024871
5947,26,2598,0,2599,28,2,1,2,7,24,54.11491053,6.725359211
5948,26,2599,0,2599,28,1,1,1,24,7,6.725359211,54.11491053
5949,27,2686,1,2693,28,14,7,2,14,12,22.78,26.594
5950,27,2687,1,2693,28,13,7,1,12,14,26.594,22.78
5951,27,2688,1,2694,28,12,6,2,16,10.9,17.954455,28.98142
5952,27,2689,1,2694,28,11,6,1,10.9,16,28.98142,17.954455
5953,27,2690,1,2695,28,10,5,2,11.9,27.2,55.52134,-30.477665
5954,27,2691,1,2695,28,9,5,1,27.2,11.9,-30.477665,55.52134
5955,27,2692,1,2696,28,8,4,2,24,24,41.696,41.696
5956,27,2693,1,2696,28,7,4,1,24,24,41.696,41.696
5957,27,2694,1,2697,28,6,3,2,0,9.9,-27.361945,-1.05418
5958,27,2695,1,2697,28,5,3,1,9.9,0,-1.05418,-27.361945
5959,27,2696,1,2698,28,4,2,2,16,26,61.034,-3.396
5960,27,2697,1,2698,28,3,2,1,26,16,-3.396,61.034
5961,27,2698,1,2699,28,2,1,2,9.6,14,22.32392,16.92688
5962,27,2699,1,2699,28,1,1,1,14,9.6,16.92688,22.32392
5963,28,2778,0,2789,28,22,11,2,24,14.5,20.53031654,54.46120368
5964,28,2779,0,2789,28,21,11,1,14.5,24,54.46120368,20.53031654
5965,28,2780,0,2790,28,20,10,2,14,13,25.25478269,27.62424247
5966,28,2781,0,2790,28,19,10,1,13,14,27.62424247,25.25478269
5967,28,2782,0,2791,28,18,9,2,16,18,37.25129164,31.04880898
5968,28,2783,0,2791,28,17,9,1,18,16,31.04880898,37.25129164
5969,28,2784,0,2792,28,16,8,2,10.5,18,37.6443454,18.69731956
5970,28,2785,0,2792,28,15,8,1,18,10.5,18.69731956,37.6443454
5971,28,2786,0,2793,28,14,7,2,16.3,12.4,23.5519989,33.48599371
5972,28,2787,0,2793,28,13,7,1,12.4,16.3,33.48599371,23.5519989
5973,28,2788,0,2794,28,12,6,2,10,9,13.62694358,15.16008158
5974,28,2789,0,2794,28,11,6,1,9,10,15.16008158,13.62694358
5975,28,2790,0,2795,28,10,5,2,11,5,5.239400775,12.5565048
5976,28,2791,0,2795,28,9,5,1,5,11,12.5565048,5.239400775
5977,28,2792,0,2796,28,8,4,2,12,10,17.45929164,21.15280898
5978,28,2793,0,2796,28,7,4,1,10,12,21.15280898,17.45929164
5979,28,2794,0,2797,28,6,3,2,25,25,41.9125,41.9125
5980,28,2795,0,2797,28,5,3,1,25,25,41.9125,41.9125
5981,28,2796,0,2798,28,4,2,2,10,26,61.69579402,8.730645613
5982,28,2797,0,2798,28,3,2,1,26,10,8.730645613,61.69579402
5983,28,2798,0,2799,28,2,1,2,11.5,10,17.17828688,19.87001972
5984,28,2799,0,2799,28,1,1,1,10,11.5,19.87001972,17.17828688
5985,29,2892,0,2896,28,8,4,2,0,18,24.65945511,-1.055304949
5986,29,2893,0,2896,28,7,4,1,18,0,-1.055304949,24.65945511
5987,29,2894,0,2897,28,6,3,2,25.9,25.9,41.923525,41.923525
5988,29,2895,0,2897,28,5,3,1,25.9,25.9,41.923525,41.923525
5989,29,2896,0,2898,28,4,2,2,8,0,-9.483977293,-6.418412799
5990,29,2897,0,2898,28,3,2,1,0,8,-6.418412799,-9.483977293
5991,29,2898,0,2899,28,2,1,2,14,11.5,21.6633918,27.19501542
5992,29,2899,0,2899,28,1,1,1,11.5,14,27.19501542,21.6633918
5993,2,182,1,191,29,18,9,2,28,26,31.418,51.108
5994,2,183,1,191,29,17,9,1,26,28,51.108,31.418
5995,2,184,1,192,29,16,8,2,12,11,20.2115,21.268
5996,2,185,1,192,29,15,8,1,11,12,21.268,20.2115
5997,2,186,1,193,29,14,7,2,14,13,25.2375,27.428
5998,2,187,1,193,29,13,7,1,13,14,27.428,25.2375
5999,2,188,1,194,29,12,6,2,12,14,26.594,22.78
6000,2,189,1,194,29,11,6,1,14,12,22.78,26.594
6001,2,190,1,195,29,10,5,2,12,12,22.328,22.328
6002,2,191,1,195,29,9,5,1,12,12,22.328,22.328
6003,2,192,1,196,29,8,4,2,13,28,60.832,-31.5605
6004,2,193,1,196,29,7,4,1,28,13,-31.5605,60.832
6005,2,194,1,197,29,6,3,2,8,14,17.698,13.06
6006,2,195,1,197,29,5,3,1,14,8,13.06,17.698
6007,2,196,1,198,29,4,2,2,18.9,19,37.58122,37.053155
6008,2,197,1,198,29,3,2,1,19,18.9,37.053155,37.58122
6009,2,198,1,199,29,2,1,2,11,12,21.268,20.2115
6010,2,199,1,199,29,1,1,1,12,11,20.2115,21.268
6011,5,484,0,492,29,16,8,2,8,2,-5.13837523,-1.584719197
6012,5,485,0,492,29,15,8,1,2,8,-1.584719197,-5.13837523
6013,5,486,0,493,29,14,7,2,2,2,-17.462,-17.462
6014,5,487,0,493,29,13,7,1,2,2,-17.462,-17.462
6015,5,488,0,494,29,12,6,2,28,14,11.68152342,66.80740692
6016,5,489,0,494,29,11,6,1,14,28,66.80740692,11.68152342
6017,5,490,0,495,29,10,5,2,14,12,22.84913075,27.37896987
6018,5,491,0,495,29,9,5,1,12,14,27.37896987,22.84913075
6019,5,492,0,496,29,8,4,2,5,0,-15.2011228,-14.85324832
6020,5,493,0,496,29,7,4,1,0,5,-14.85324832,-15.2011228
6021,5,494,0,497,29,6,3,2,12,10,17.45929164,21.15280898
6022,5,495,0,497,29,5,3,1,10,12,21.15280898,17.45929164
6023,5,496,0,498,29,4,2,2,10,12,21.15280898,17.45929164
6024,5,497,0,498,29,3,2,1,12,10,17.45929164,21.15280898
6025,5,498,0,499,29,2,1,2,24,24,41.696,41.696
6026,5,499,0,499,29,1,1,1,24,24,41.696,41.696
6027,7,686,1,693,29,14,7,2,26,26,41.914,41.914
6028,7,687,1,693,29,13,7,1,26,26,41.914,41.914
6029,7,688,1,694,29,12,6,2,12,12,22.328,22.328
6030,7,689,1,694,29,11,6,1,12,12,22.328,22.328
6031,7,690,1,695,29,10,5,2,12,14,26.594,22.78
6032,7,691,1,695,29,9,5,1,14,12,22.78,26.594
6033,7,692,1,696,29,8,4,2,26,26,41.914,41.914
6034,7,693,1,696,29,7,4,1,26,26,41.914,41.914
6035,7,694,1,697,29,6,3,2,12.5,12.5,23.753125,23.753125
6036,7,695,1,697,29,5,3,1,12.5,12.5,23.753125,23.753125
6037,7,696,1,698,29,4,2,2,19,4,-11.684,4.1635
6038,7,697,1,698,29,3,2,1,4,19,4.1635,-11.684
6039,7,698,1,699,29,2,1,2,13,11,20.5505,23.2305
6040,7,699,1,699,29,1,1,1,11,13,23.2305,20.5505
6041,8,786,0,793,29,14,7,2,7.5,12,18.76404795,11.62971144
6042,8,787,0,793,29,13,7,1,12,7.5,11.62971144,18.76404795
6043,8,788,0,794,29,12,6,2,10,10,16.09,16.09
6044,8,789,0,794,29,11,6,1,10,10,16.09,16.09
6045,8,790,0,795,29,10,5,2,25,14,17.81333844,57.67670529
6046,8,791,0,795,29,9,5,1,14,25,57.67670529,17.81333844
6047,8,792,0,796,29,8,4,2,10,16,31.82521146,18.23569412
6048,8,793,0,796,29,7,4,1,16,10,18.23569412,31.82521146
6049,8,794,0,797,29,6,3,2,6,14,22.47351785,9.372092055
6050,8,795,0,797,29,5,3,1,14,6,9.372092055,22.47351785
6051,8,796,0,798,29,4,2,2,20,12.3,21.11772734,43.62885409
6052,8,797,0,798,29,3,2,1,12.3,20,43.62885409,21.11772734
6053,8,798,0,799,29,2,1,2,0,10,-0.567362232,-6.490122287
6054,8,799,0,799,29,1,1,1,10,0,-6.490122287,-0.567362232
6055,11,1086,0,1093,29,14,7,2,9,0,-7.905292257,-3.515670204
6056,11,1087,0,1093,29,13,7,1,0,9,-3.515670204,-7.905292257
6057,11,1088,0,1094,29,12,6,2,6,12,16.84024613,8.268659444
6058,11,1089,0,1094,29,11,6,1,12,6,8.268659444,16.84024613
6059,11,1090,0,1095,29,10,5,2,22,24.5,46.88619624,35.86621098
6060,11,1091,0,1095,29,9,5,1,24.5,22,35.86621098,46.88619624
6061,11,1092,0,1096,29,8,4,2,2.5,7,-3.214357045,-5.64438357
6062,11,1093,0,1096,29,7,4,1,7,2.5,-5.64438357,-3.214357045
6063,11,1094,0,1097,29,6,3,2,18,14,26.39787946,37.96652301
6064,11,1095,0,1097,29,5,3,1,14,18,37.96652301,26.39787946
6065,11,1096,0,1098,29,4,2,2,2,4,-12.35183457,-12.70006481
6066,11,1097,0,1098,29,3,2,1,4,2,-12.70006481,-12.35183457
6067,11,1098,0,1099,29,2,1,2,18,24,51.47514211,27.84976347
6068,11,1099,0,1099,29,1,1,1,24,18,27.84976347,51.47514211
6069,12,1188,1,1194,29,12,6,2,16,16,32.224,32.224
6070,12,1189,1,1194,29,11,6,1,16,16,32.224,32.224
6071,12,1190,1,1195,29,10,5,2,25,25.5,44.118875,39.6925
6072,12,1191,1,1195,29,9,5,1,25.5,25,39.6925,44.118875
6073,12,1192,1,1196,29,8,4,2,9.7,16,26.11678,14.638495
6074,12,1193,1,1196,29,7,4,1,16,9.7,14.638495,26.11678
6075,12,1194,1,1197,29,6,3,2,14,15.5,31.429375,27.0805
6076,12,1195,1,1197,29,5,3,1,15.5,14,27.0805,31.429375
6077,12,1196,1,1198,29,4,2,2,10.6,9.9,16.741475,16.9849
6078,12,1197,1,1198,29,3,2,1,9.9,10.6,16.9849,16.741475
6079,12,1198,1,1199,29,2,1,2,14,18,37.69,23.258
6080,12,1199,1,1199,29,1,1,1,18,14,23.258,37.69
6081,16,1590,0,1595,29,10,5,2,27.5,28,42.73584217,40.06141412
6082,16,1591,0,1595,29,9,5,1,28,27.5,40.06141412,42.73584217
6083,16,1592,0,1596,29,8,4,2,25,0,-4.884380801,49.12510256
6084,16,1593,0,1596,29,7,4,1,0,25,49.12510256,-4.884380801
6085,16,1594,0,1597,29,6,3,2,10,12,21.15280898,17.45929164
6086,16,1595,0,1597,29,5,3,1,12,10,17.45929164,21.15280898
6087,16,1596,0,1598,29,4,2,2,12,2,-0.192926726,9.911442206
6088,16,1597,0,1598,29,3,2,1,2,12,9.911442206,-0.192926726
6089,16,1598,0,1599,29,2,1,2,6.6,9.8,11.73188227,7.695615311
6090,16,1599,0,1599,29,1,1,1,9.8,6.6,7.695615311,11.73188227
6091,18,1786,1,1793,29,14,7,2,14,20,42.748,17.698
6092,18,1787,1,1793,29,13,7,1,20,14,17.698,42.748
6093,18,1788,1,1794,29,12,6,2,14.1,13.8,27.20534,27.939035
6094,18,1789,1,1794,29,11,6,1,13.8,14.1,27.939035,27.20534
6095,18,1790,1,1795,29,10,5,2,10,16,26.908,15.466
6096,18,1791,1,1795,29,9,5,1,16,10,15.466,26.908
6097,18,1792,1,1796,29,8,4,2,10,15,25.0775,16.96
6098,18,1793,1,1796,29,7,4,1,15,10,16.96,25.0775
6099,18,1794,1,1797,29,6,3,2,14,14.2,28.20102,27.69488
6100,18,1795,1,1797,29,5,3,1,14.2,14,27.69488,28.20102
6101,18,1796,1,1798,29,4,2,2,12,14,26.594,22.78
6102,18,1797,1,1798,29,3,2,1,14,12,22.78,26.594
6103,18,1798,1,1799,29,2,1,2,12.1,17,33.23342,19.582755
6104,18,1799,1,1799,29,1,1,1,17,12.1,19.582755,33.23342
6105,22,2190,0,2195,29,10,5,2,6.9,9.1,10.32082495,7.637886804
6106,22,2191,0,2195,29,9,5,1,9.1,6.9,7.637886804,10.32082495
6107,22,2192,0,2196,29,8,4,2,12,14,27.37896987,22.84913075
6108,22,2193,0,2196,29,7,4,1,14,12,22.84913075,27.37896987
6109,22,2194,0,2197,29,6,3,2,16,10,18.23569412,31.82521146
6110,22,2195,0,2197,29,5,3,1,10,16,31.82521146,18.23569412
6111,22,2196,0,2198,29,4,2,2,23,18,29.59725722,48.76237165
6112,22,2197,0,2198,29,3,2,1,18,23,48.76237165,29.59725722
6113,22,2198,0,2199,29,2,1,2,8,10,14.06664809,11.20945253
6114,22,2199,0,2199,29,1,1,1,10,8,11.20945253,14.06664809
6115,23,2292,0,2296,29,8,4,2,18,18.5,37.11877612,35.43748017
6116,23,2293,0,2296,29,7,4,1,18.5,18,35.43748017,37.11877612
6117,23,2294,0,2297,29,6,3,2,1,1,-22.6235,-22.6235
6118,23,2295,0,2297,29,5,3,1,1,1,-22.6235,-22.6235
6119,23,2296,0,2298,29,4,2,2,12,28,67.83908112,8.183358512
6120,23,2297,0,2298,29,3,2,1,28,12,8.183358512,67.83908112
6121,23,2298,0,2299,29,2,1,2,7,22,47.66738158,8.989278251
6122,23,2299,0,2299,29,1,1,1,22,7,8.989278251,47.66738158
6123,24,2386,1,2393,29,14,7,2,16,18,37.898,29.548
6124,24,2387,1,2393,29,13,7,1,18,16,29.548,37.898
6125,24,2388,1,2394,29,12,6,2,12,14,26.594,22.78
6126,24,2389,1,2394,29,11,6,1,14,12,22.78,26.594
6127,24,2390,1,2395,29,10,5,2,19,15,24.0605,40.7605
6128,24,2391,1,2395,29,9,5,1,15,19,40.7605,24.0605
6129,24,2392,1,2396,29,8,4,2,14,16,32.676,26.594
6130,24,2393,1,2396,29,7,4,1,16,14,26.594,32.676
6131,24,2394,1,2397,29,6,3,2,14.9,14.9,29.845525,29.845525
6132,24,2395,1,2397,29,5,3,1,14.9,14.9,29.845525,29.845525
6133,24,2396,1,2398,29,4,2,2,16,26,61.034,-3.396
6134,24,2397,1,2398,29,3,2,1,26,16,-3.396,61.034
6135,24,2398,1,2399,29,2,1,2,7,14,14.084,10.6575
6136,24,2399,1,2399,29,1,1,1,14,7,10.6575,14.084
6137,25,2484,1,2492,29,16,8,2,12,10,18.106,19.652
6138,25,2485,1,2492,29,15,8,1,10,12,19.652,18.106
6139,25,2486,1,2493,29,14,7,2,13.5,15,30.0335,26.109875
6140,25,2487,1,2493,29,13,7,1,15,13.5,26.109875,30.0335
6141,25,2488,1,2494,29,12,6,2,4.5,25.5,13.768625,-50.092375
6142,25,2489,1,2494,29,11,6,1,25.5,4.5,-50.092375,13.768625
6143,25,2490,1,2495,29,10,5,2,18,16,29.548,37.898
6144,25,2491,1,2495,29,9,5,1,16,18,37.898,29.548
6145,25,2492,1,2496,29,8,4,2,14,15,30.1855,27.428
6146,25,2493,1,2496,29,7,4,1,15,14,27.428,30.1855
6147,25,2494,1,2497,29,6,3,2,10,10,16.09,16.09
6148,25,2495,1,2497,29,5,3,1,10,10,16.09,16.09
6149,25,2496,1,2498,29,4,2,2,18,16,29.548,37.898
6150,25,2497,1,2498,29,3,2,1,16,18,37.898,29.548
6151,25,2498,1,2499,29,2,1,2,11,12.6,22.44418,20.48162
6152,25,2499,1,2499,29,1,1,1,12.6,11,20.48162,22.44418
6153,26,2590,0,2595,29,10,5,2,10,15.5,30.45129144,18.28171949
6154,26,2591,0,2595,29,9,5,1,15.5,10,18.28171949,30.45129144
6155,26,2592,0,2596,29,8,4,2,4,3,-10.26481509,-9.986159753
6156,26,2593,0,2596,29,7,4,1,3,4,-9.986159753,-10.26481509
6157,26,2594,0,2597,29,6,3,2,12,13.7,26.60970521,22.81265748
6158,26,2595,0,2597,29,5,3,1,13.7,12,22.81265748,26.60970521
6159,26,2596,0,2598,29,4,2,2,10,5,4.230371647,9.805257223
6160,26,2597,0,2598,29,3,2,1,5,10,9.805257223,4.230371647
6161,26,2598,0,2599,29,2,1,2,21,4,4.634910528,41.36135921
6162,26,2599,0,2599,29,1,1,1,4,21,41.36135921,4.634910528
6163,27,2686,1,2693,29,14,7,2,15,11.8,21.64882,28.47698
6164,27,2687,1,2693,29,13,7,1,11.8,15,28.47698,21.64882
6165,27,2688,1,2694,29,12,6,2,16,18.5,39.323375,28.5315
6166,27,2689,1,2694,29,11,6,1,18.5,16,28.5315,39.323375
6167,27,2690,1,2695,29,10,5,2,14,11,20.3335,25.204
6168,27,2691,1,2695,29,9,5,1,11,14,25.204,20.3335
6169,27,2692,1,2696,29,8,4,2,16,24,55.184,8.176
6170,27,2693,1,2696,29,7,4,1,24,16,8.176,55.184
6171,27,2694,1,2697,29,6,3,2,0,9.9,-27.361945,-1.05418
6172,27,2695,1,2697,29,5,3,1,9.9,0,-1.05418,-27.361945
6173,27,2696,1,2698,29,4,2,2,14,20,42.748,17.698
6174,27,2697,1,2698,29,3,2,1,20,14,17.698,42.748
6175,27,2698,1,2699,29,2,1,2,9.6,14,22.32392,16.92688
6176,27,2699,1,2699,29,1,1,1,14,9.6,16.92688,22.32392
6177,28,2778,0,2789,29,22,11,2,22,12,18.39305108,49.4054644
6178,28,2779,0,2789,29,21,11,1,12,22,49.4054644,18.39305108
6179,28,2780,0,2790,29,20,10,2,14,13,25.25478269,27.62424247
6180,28,2781,0,2790,29,19,10,1,13,14,27.62424247,25.25478269
6181,28,2782,0,2791,29,18,9,2,24,14,19.53024664,54.72426884
6182,28,2783,0,2791,29,17,9,1,14,24,54.72426884,19.53024664
6183,28,2784,0,2792,29,16,8,2,18.5,2,2.263475429,30.14762297
6184,28,2785,0,2792,29,15,8,1,2,18.5,30.14762297,2.263475429
6185,28,2786,0,2793,29,14,7,2,12,10.1,17.69839835,21.22710246
6186,28,2787,0,2793,29,13,7,1,10.1,12,21.22710246,17.69839835
6187,28,2788,0,2794,29,12,6,2,15,7,11.76227028,26.53633963
6188,28,2789,0,2794,29,11,6,1,7,15,26.53633963,11.76227028
6189,28,2790,0,2795,29,10,5,2,1,5,-12.20906853,-12.905529
6190,28,2791,0,2795,29,9,5,1,5,1,-12.905529,-12.20906853
6191,28,2792,0,2796,29,8,4,2,12,14,27.37896987,22.84913075
6192,28,2793,0,2796,29,7,4,1,14,12,22.84913075,27.37896987
6193,28,2794,0,2797,29,6,3,2,14,25,57.67670529,17.81333844
6194,28,2795,0,2797,29,5,3,1,25,14,17.81333844,57.67670529
6195,28,2796,0,2798,29,4,2,2,15,16,32.56632291,29.77870224
6196,28,2797,0,2798,29,3,2,1,16,15,29.77870224,32.56632291
6197,28,2798,0,2799,29,2,1,2,11,10,16.85640335,18.5986218
6198,28,2799,0,2799,29,1,1,1,10,11,18.5986218,16.85640335
6199,29,2892,0,2896,29,8,4,2,15.5,0,-1.629519281,16.46281272
6200,29,2893,0,2896,29,7,4,1,0,15.5,16.46281272,-1.629519281
6201,29,2894,0,2897,29,6,3,2,25.9,25.9,41.923525,41.923525
6202,29,2895,0,2897,29,5,3,1,25.9,25.9,41.923525,41.923525
6203,29,2896,0,2898,29,4,2,2,8,18,36.18785552,13.53865996
6204,29,2897,0,2898,29,3,2,1,18,8,13.53865996,36.18785552
6205,29,2898,0,2899,29,2,1,2,0,0,-28,-28
6206,29,2899,0,2899,29,1,1,1,0,0,-28,-28
6207,2,182,1,191,30,18,9,2,18,18,35.882,35.882
6208,2,183,1,191,30,17,9,1,18,18,35.882,35.882
6209,2,184,1,192,30,16,8,2,14,27,60.7975,-19.276
6210,2,185,1,192,30,15,8,1,27,14,-19.276,60.7975
6211,2,186,1,193,30,14,7,2,12,12,22.328,22.328
6212,2,187,1,193,30,13,7,1,12,12,22.328,22.328
6213,2,188,1,194,30,12,6,2,14,12,22.78,26.594
6214,2,189,1,194,30,11,6,1,12,14,26.594,22.78
6215,2,190,1,195,30,10,5,2,8,12,14.752,13.928
6216,2,191,1,195,30,9,5,1,12,8,13.928,14.752
6217,2,192,1,196,30,8,4,2,14,11.6,21.80008,26.10472
6218,2,193,1,196,30,7,4,1,11.6,14,26.10472,21.80008
6219,2,194,1,197,30,6,3,2,18,18,35.882,35.882
6220,2,195,1,197,30,5,3,1,18,18,35.882,35.882
6221,2,196,1,198,30,4,2,2,19,20,40.748,35.1555
6222,2,197,1,198,30,3,2,1,20,19,35.1555,40.748
6223,2,198,1,199,30,2,1,2,10,10,16.09,16.09
6224,2,199,1,199,30,1,1,1,10,10,16.09,16.09
6225,5,484,0,492,30,16,8,2,16,10,18.23569412,31.82521146
6226,5,485,0,492,30,15,8,1,10,16,31.82521146,18.23569412
6227,5,486,0,493,30,14,7,2,2,2,-17.462,-17.462
6228,5,487,0,493,30,13,7,1,2,2,-17.462,-17.462
6229,5,488,0,494,30,12,6,2,26,14,15.93291517,60.67470712
6230,5,489,0,494,30,11,6,1,14,26,60.67470712,15.93291517
6231,5,490,0,495,30,10,5,2,10,14,26.39787946,18.17452301
6232,5,491,0,495,30,9,5,1,14,10,18.17452301,26.39787946
6233,5,492,0,496,30,8,4,2,2,0,-22.38990392,-22.87799546
6234,5,493,0,496,30,7,4,1,0,2,-22.87799546,-22.38990392
6235,5,494,0,497,30,6,3,2,12,10,17.45929164,21.15280898
6236,5,495,0,497,30,5,3,1,10,12,21.15280898,17.45929164
6237,5,496,0,498,30,4,2,2,10,9.8,15.59374349,15.91709752
6238,5,497,0,498,30,3,2,1,9.8,10,15.91709752,15.59374349
6239,5,498,0,499,30,2,1,2,26,26,41.914,41.914
6240,5,499,0,499,30,1,1,1,26,26,41.914,41.914
6241,7,686,1,693,30,14,7,2,22,26,56.234,23.658
6242,7,687,1,693,30,13,7,1,26,22,23.658,56.234
6243,7,688,1,694,30,12,6,2,14,0,-5.852,-26.782
6244,7,689,1,694,30,11,6,1,0,14,-26.782,-5.852
6245,7,690,1,695,30,10,5,2,14,12,22.78,26.594
6246,7,691,1,695,30,9,5,1,12,14,26.594,22.78
6247,7,692,1,696,30,8,4,2,26,18,5.578,61.658
6248,7,693,1,696,30,7,4,1,18,26,61.658,5.578
6249,7,694,1,697,30,6,3,2,13.5,12.5,24.061625,25.968625
6250,7,695,1,697,30,5,3,1,12.5,13.5,25.968625,24.061625
6251,7,696,1,698,30,4,2,2,18,24,55.148,16.49
6252,7,697,1,698,30,3,2,1,24,18,16.49,55.148
6253,7,698,1,699,30,2,1,2,6.9,11.5,10.470145,11.609105
6254,7,699,1,699,30,1,1,1,11.5,6.9,11.609105,10.470145
6255,8,786,0,793,30,14,7,2,16,3,3.989228563,23.9200226
6256,8,787,0,793,30,13,7,1,3,16,23.9200226,3.989228563
6257,8,788,0,794,30,12,6,2,20,10,16.39585552,43.22665996
6258,8,789,0,794,30,11,6,1,10,20,43.22665996,16.39585552
6259,8,790,0,795,30,10,5,2,9.5,22,49.04740757,13.54877286
6260,8,791,0,795,30,9,5,1,22,9.5,13.54877286,49.04740757
6261,8,792,0,796,30,8,4,2,12,25,58.41722856,14.0240226
6262,8,793,0,796,30,7,4,1,25,12,14.0240226,58.41722856
6263,8,794,0,797,30,6,3,2,2,0,-22.38990392,-22.87799546
6264,8,795,0,797,30,5,3,1,0,2,-22.87799546,-22.38990392
6265,8,796,0,798,30,4,2,2,16,13.8,26.90449124,32.76127051
6266,8,797,0,798,30,3,2,1,13.8,16,32.76127051,26.90449124
6267,8,798,0,799,30,2,1,2,25,18,25.93875464,54.23347794
6268,8,799,0,799,30,1,1,1,18,25,54.23347794,25.93875464
6269,11,1086,0,1093,30,14,7,2,9,0,-7.905292257,-3.515670204
6270,11,1087,0,1093,30,13,7,1,0,9,-3.515670204,-7.905292257
6271,11,1088,0,1094,30,12,6,2,2,6,-7.059407638,-8.592189885
6272,11,1089,0,1094,30,11,6,1,6,2,-8.592189885,-7.059407638
6273,11,1090,0,1095,30,10,5,2,24.5,10,11.19881144,56.92472736
6274,11,1091,0,1095,30,9,5,1,10,24.5,56.92472736,11.19881144
6275,11,1092,0,1096,30,8,4,2,2.5,8,-0.478492713,-4.023496354
6276,11,1093,0,1096,30,7,4,1,8,2.5,-4.023496354,-0.478492713
6277,11,1094,0,1097,30,6,3,2,14,14,27.706,27.706
6278,11,1095,0,1097,30,5,3,1,14,14,27.706,27.706
6279,11,1096,0,1098,30,4,2,2,2,9,1.220973089,-3.656740503
6280,11,1097,0,1098,30,3,2,1,9,2,-3.656740503,1.220973089
6281,11,1098,0,1099,30,2,1,2,14,0,-2.464593081,11.68152342
6282,11,1099,0,1099,30,1,1,1,0,14,11.68152342,-2.464593081
6283,12,1188,1,1194,30,12,6,2,19,16,27.376,40.7515
6284,12,1189,1,1194,30,11,6,1,16,19,40.7515,27.376
6285,12,1190,1,1195,30,10,5,2,18,14,23.258,37.69
6286,12,1191,1,1195,30,9,5,1,14,18,37.69,23.258
6287,12,1192,1,1196,30,8,4,2,9.7,11,17.32178,16.795995
6288,12,1193,1,1196,30,7,4,1,11,9.7,16.795995,17.32178
6289,12,1194,1,1197,30,6,3,2,9.4,14,21.82352,16.44198
6290,12,1195,1,1197,30,5,3,1,14,9.4,16.44198,21.82352
6291,12,1196,1,1198,30,4,2,2,16.2,9.8,14.5421,26.7469
6292,12,1197,1,1198,30,3,2,1,9.8,16.2,26.7469,14.5421
6293,12,1198,1,1199,30,2,1,2,15,14,27.428,30.1855
6294,12,1199,1,1199,30,1,1,1,14,15,30.1855,27.428
6295,16,1590,0,1595,30,10,5,2,0.5,10,0.653854164,-5.469333943
6296,16,1591,0,1595,30,9,5,1,10,0.5,-5.469333943,0.653854164
6297,16,1592,0,1596,30,8,4,2,0,25,49.12510256,-4.884380801
6298,16,1593,0,1596,30,7,4,1,25,0,-4.884380801,49.12510256
6299,16,1594,0,1597,30,6,3,2,0,6,-12.08720186,-13.13189257
6300,16,1595,0,1597,30,5,3,1,6,0,-13.13189257,-12.08720186
6301,16,1596,0,1598,30,4,2,2,18,0.1,-0.890878711,24.86814856
6302,16,1597,0,1598,30,3,2,1,0.1,18,24.86814856,-0.890878711
6303,16,1598,0,1599,30,2,1,2,1.2,12.5,9.719423779,-1.344121762
6304,16,1599,0,1599,30,1,1,1,12.5,1.2,-1.344121762,9.719423779
6305,18,1786,1,1793,30,14,7,2,16,14,26.594,32.676
6306,18,1787,1,1793,30,13,7,1,14,16,32.676,26.594
6307,18,1788,1,1794,30,12,6,2,13.8,9.1,15.866035,20.69834
6308,18,1789,1,1794,30,11,6,1,9.1,13.8,20.69834,15.866035
6309,18,1790,1,1795,30,10,5,2,10,12,19.652,18.106
6310,18,1791,1,1795,30,9,5,1,12,10,18.106,19.652
6311,18,1792,1,1796,30,8,4,2,4,16,1.576,-0.896
6312,18,1793,1,1796,30,7,4,1,16,4,-0.896,1.576
6313,18,1794,1,1797,30,6,3,2,14,13.8,27.21142,27.69488
6314,18,1795,1,1797,30,5,3,1,13.8,14,27.69488,27.21142
6315,18,1796,1,1798,30,4,2,2,14,12,22.78,26.594
6316,18,1797,1,1798,30,3,2,1,12,14,26.594,22.78
6317,18,1798,1,1799,30,2,1,2,12.2,12.4,23.33616,23.03414
6318,18,1799,1,1799,30,1,1,1,12.4,12.2,23.03414,23.33616
6319,22,2190,0,2195,30,10,5,2,5.3,9.1,7.873557283,3.874995952
6320,22,2191,0,2195,30,9,5,1,9.1,5.3,3.874995952,7.873557283
6321,22,2192,0,2196,30,8,4,2,14,22,48.95609206,22.47351785
6322,22,2193,0,2196,30,7,4,1,22,14,22.47351785,48.95609206
6323,22,2194,0,2197,30,6,3,2,1,1,-22.6235,-22.6235
6324,22,2195,0,2197,30,5,3,1,1,1,-22.6235,-22.6235
6325,22,2196,0,2198,30,4,2,2,25,18,25.93875464,54.23347794
6326,22,2197,0,2198,30,3,2,1,18,25,54.23347794,25.93875464
6327,22,2198,0,2199,30,2,1,2,10,12,21.15280898,17.45929164
6328,22,2199,0,2199,30,1,1,1,12,10,17.45929164,21.15280898
6329,23,2292,0,2296,30,8,4,2,18,4.5,6.79497297,32.43186149
6330,23,2293,0,2296,30,7,4,1,4.5,18,32.43186149,6.79497297
6331,23,2294,0,2297,30,6,3,2,3,1,-17.43748436,-17.50741502
6332,23,2295,0,2297,30,5,3,1,1,3,-17.50741502,-17.43748436
6333,23,2296,0,2298,30,4,2,2,10,26,61.69579402,8.730645613
6334,23,2297,0,2298,30,3,2,1,26,10,8.730645613,61.69579402
6335,23,2298,0,2299,30,2,1,2,3,0,-19.83012848,-20.24864513
6336,23,2299,0,2299,30,1,1,1,0,3,-20.24864513,-19.83012848
6337,24,2386,1,2393,30,14,7,2,16,18,37.898,29.548
6338,24,2387,1,2393,30,13,7,1,18,16,29.548,37.898
6339,24,2388,1,2394,30,12,6,2,12,12,22.328,22.328
6340,24,2389,1,2394,30,11,6,1,12,12,22.328,22.328
6341,24,2390,1,2395,30,10,5,2,10,12,19.652,18.106
6342,24,2391,1,2395,30,9,5,1,12,10,18.106,19.652
6343,24,2392,1,2396,30,8,4,2,14,16,32.676,26.594
6344,24,2393,1,2396,30,7,4,1,16,14,26.594,32.676
6345,24,2394,1,2397,30,6,3,2,14.9,14.2,28.00554,29.955635
6346,24,2395,1,2397,30,5,3,1,14.2,14.9,29.955635,28.00554
6347,24,2396,1,2398,30,4,2,2,22,18,25.178,48.682
6348,24,2397,1,2398,30,3,2,1,18,22,48.682,25.178
6349,24,2398,1,2399,30,2,1,2,3,12,-7.228,3.6755
6350,24,2399,1,2399,30,1,1,1,12,3,3.6755,-7.228
6351,25,2484,1,2492,30,16,8,2,12,10,18.106,19.652
6352,25,2485,1,2492,30,15,8,1,10,12,19.652,18.106
6353,25,2486,1,2493,30,14,7,2,14,15,30.1855,27.428
6354,25,2487,1,2493,30,13,7,1,15,14,27.428,30.1855
6355,25,2488,1,2494,30,12,6,2,17,25.5,60.074875,4.1045
6356,25,2489,1,2494,30,11,6,1,25.5,17,4.1045,60.074875
6357,25,2490,1,2495,30,10,5,2,14.9,16,32.74782,29.122055
6358,25,2491,1,2495,30,9,5,1,16,14.9,29.122055,32.74782
6359,25,2492,1,2496,30,8,4,2,14,13,25.2375,27.428
6360,25,2493,1,2496,30,7,4,1,13,14,27.428,25.2375
6361,25,2494,1,2497,30,6,3,2,10,5,7.3775,1.32
6362,25,2495,1,2497,30,5,3,1,5,10,1.32,7.3775
6363,25,2496,1,2498,30,4,2,2,16,18,37.898,29.548
6364,25,2497,1,2498,30,3,2,1,18,16,29.548,37.898
6365,25,2498,1,2499,30,2,1,2,13,13,25.1245,25.1245
6366,25,2499,1,2499,30,1,1,1,13,13,25.1245,25.1245
6367,26,2590,0,2595,30,10,5,2,14,11.7,22.13632042,27.27350265
6368,26,2591,0,2595,30,9,5,1,11.7,14,27.27350265,22.13632042
6369,26,2592,0,2596,30,8,4,2,2,3,-14.92969997,-14.99927487
6370,26,2593,0,2596,30,7,4,1,3,2,-14.99927487,-14.92969997
6371,26,2594,0,2597,30,6,3,2,14,15,30.20278269,27.62424247
6372,26,2595,0,2597,30,5,3,1,15,14,27.62424247,30.20278269
6373,26,2596,0,2598,30,4,2,2,9.5,15,28.76555583,17.1709551
6374,26,2597,0,2598,30,3,2,1,15,9.5,17.1709551,28.76555583
6375,26,2598,0,2599,30,2,1,2,1,5,-12.20906853,-12.905529
6376,26,2599,0,2599,30,1,1,1,5,1,-12.905529,-12.20906853
6377,27,2686,1,2693,30,14,7,2,16,10.7,17.400695,28.55958
6378,27,2687,1,2693,30,13,7,1,10.7,16,28.55958,17.400695
6379,27,2688,1,2694,30,12,6,2,16,12.8,23.23712,31.87968
6380,27,2689,1,2694,30,11,6,1,12.8,16,31.87968,23.23712
6381,27,2690,1,2695,30,10,5,2,11.9,12,22.24702,22.115855
6382,27,2691,1,2695,30,9,5,1,12,11.9,22.115855,22.24702
6383,27,2692,1,2696,30,8,4,2,6,16,12.244,4.514
6384,27,2693,1,2696,30,7,4,1,16,6,4.514,12.244
6385,27,2694,1,2697,30,6,3,2,0,9.9,-27.361945,-1.05418
6386,27,2695,1,2697,30,5,3,1,9.9,0,-1.05418,-27.361945
6387,27,2696,1,2698,30,4,2,2,16,20,43.616,24.648
6388,27,2697,1,2698,30,3,2,1,20,16,24.648,43.616
6389,27,2698,1,2699,30,2,1,2,8.7,14,19.89698,14.748295
6390,27,2699,1,2699,30,1,1,1,14,8.7,14.748295,19.89698
6391,28,2778,0,2789,30,22,11,2,13,11,20.2617112,24.37338942
6392,28,2779,0,2789,30,21,11,1,11,13,24.37338942,20.2617112
6393,28,2780,0,2790,30,20,10,2,15,12,22.86442353,29.97280286
6394,28,2781,0,2790,30,19,10,1,12,15,29.97280286,22.86442353
6395,28,2782,0,2791,30,18,9,2,12,16,32.61220124,22.71620124
6396,28,2783,0,2791,30,17,9,1,16,12,22.71620124,32.61220124
6397,28,2784,0,2792,30,16,8,2,10.5,2,-1.740879164,5.514946599
6398,28,2785,0,2792,30,15,8,1,2,10.5,5.514946599,-1.740879164
6399,28,2786,0,2793,30,14,7,2,6.1,6.3,1.952712757,1.784078249
6400,28,2787,0,2793,30,13,7,1,6.3,6.1,1.784078249,1.952712757
6401,28,2788,0,2794,30,12,6,2,7,4,-2.158611145,-0.068162462
6402,28,2789,0,2794,30,11,6,1,4,7,-0.068162462,-2.158611145
6403,28,2790,0,2795,30,10,5,2,1,13,10.80693251,-1.318310213
6404,28,2791,0,2795,30,9,5,1,13,1,-1.318310213,10.80693251
6405,28,2792,0,2796,30,8,4,2,26,18,23.86423075,57.03737916
6406,28,2793,0,2796,30,7,4,1,18,26,57.03737916,23.86423075
6407,28,2794,0,2797,30,6,3,2,25,14,17.81333844,57.67670529
6408,28,2795,0,2797,30,5,3,1,14,25,57.67670529,17.81333844
6409,28,2796,0,2798,30,4,2,2,0,13,8.550953945,-3.225702782
6410,28,2797,0,2798,30,3,2,1,13,0,-3.225702782,8.550953945
6411,28,2798,0,2799,30,2,1,2,10,10,16.09,16.09
6412,28,2799,0,2799,30,1,1,1,10,10,16.09,16.09
6413,29,2892,0,2896,30,8,4,2,12,0,-4.15032755,5.465949842
6414,29,2893,0,2896,30,7,4,1,0,12,5.465949842,-4.15032755
6415,29,2894,0,2897,30,6,3,2,25.9,25.9,41.923525,41.923525
6416,29,2895,0,2897,30,5,3,1,25.9,25.9,41.923525,41.923525
6417,29,2896,0,2898,30,4,2,2,10,1,-4.437154254,1.834191793
6418,29,2897,0,2898,30,3,2,1,1,10,1.834191793,-4.437154254
6419,29,2898,0,2899,30,2,1,2,12,0,-4.15032755,5.465949842
6420,29,2899,0,2899,30,1,1,1,0,12,5.465949842,-4.15032755