"","Subject","Comp","Period","Inv","OtherInv","Payoff","OtherPayoff"
"1",484,0,8,6,26,60.1006398379504,2.25742208482978
"2",484,0,23,20,10,16.3958555212075,43.2266599594876
"3",484,0,15,0,18,24.6594551064652,-1.05530494901324
"4",484,0,1,2,28,63.1865480945135,-6.5735434450149
"5",484,0,10,24,10,11.9397758506928,55.3571544914695
"6",484,0,9,6,10,11.3892359125194,6.5111665643918
"7",484,0,5,26,0,-6.08545190548649,52.8024565549851
"8",484,0,24,18,12,21.9292114550411,38.0276941180092
"9",484,0,17,20,6,8.75802827787728,40.466902064285
"10",484,0,16,2,10,4.07223075132588,-2.33862084368105
"11",484,0,28,18,8,13.5386599594876,36.1878555212074
"12",484,0,2,16,2,2.13628070506175,22.1366496371006
"13",484,0,13,10,16,31.8252114550411,18.2356941180092
"14",484,0,6,18,4,5.87715449146952,31.7317758506928
"15",484,0,3,18,6,9.61677647203666,34.2868458201642
"16",484,0,25,16,4,5.88774179797285,25.539880494228
"17",484,0,20,18,12,21.9292114550411,38.0276941180092
"18",484,0,4,28,2,-6.5735434450149,63.1865480945135
"19",484,0,26,16,6,9.82146439776778,28.2890510829273
"20",484,0,21,18,6,9.61677647203666,34.2868458201642
"21",484,0,11,14,10,18.1745230137677,26.3978794631435
"22",484,0,27,26,10,8.73064561279314,61.6957940177862
"23",484,0,22,18,8,13.5386599594876,36.1878555212074
"24",484,0,12,2,10,4.07223075132588,-2.33862084368105
"25",484,0,18,18,24,51.4751421069135,27.8497634661367
"26",484,0,7,6,2,-8.59218988498406,-7.05940763810473
"27",484,0,29,8,2,-5.13837523011844,-1.58471919683134
"28",484,0,19,18,10,17.6428049538224,37.4348049538224
"29",484,0,14,14,12,22.8491307534419,27.3789698657859
"30",484,0,30,16,10,18.2356941180092,31.8252114550411
"31",485,0,11,10,14,26.3978794631435,18.1745230137677
"32",485,0,10,10,24,55.3571544914695,11.9397758506928
"33",485,0,18,24,18,27.8497634661367,51.4751421069135
"34",485,0,23,10,20,43.2266599594876,16.3958555212075
"35",485,0,8,26,6,2.25742208482978,60.1006398379504
"36",485,0,19,10,18,37.4348049538224,17.6428049538224
"37",485,0,12,10,2,-2.33862084368105,4.07223075132588
"38",485,0,9,10,6,6.5111665643918,11.3892359125194
"39",485,0,21,6,18,34.2868458201642,9.61677647203666
"40",485,0,20,12,18,38.0276941180092,21.9292114550411
"41",485,0,24,12,18,38.0276941180092,21.9292114550411
"42",485,0,1,28,2,-6.5735434450149,63.1865480945135
"43",485,0,6,4,18,31.7317758506928,5.87715449146952
"44",485,0,28,8,18,36.1878555212074,13.5386599594876
"45",485,0,13,16,10,18.2356941180092,31.8252114550411
"46",485,0,7,2,6,-7.05940763810473,-8.59218988498406
"47",485,0,29,2,8,-1.58471919683134,-5.13837523011844
"48",485,0,15,18,0,-1.05530494901324,24.6594551064652
"49",485,0,25,4,16,25.539880494228,5.88774179797285
"50",485,0,30,10,16,31.8252114550411,18.2356941180092
"51",485,0,16,10,2,-2.33862084368105,4.07223075132588
"52",485,0,26,6,16,28.2890510829273,9.82146439776778
"53",485,0,5,0,26,52.8024565549851,-6.08545190548649
"54",485,0,17,6,20,40.466902064285,8.75802827787728
"55",485,0,22,8,18,36.1878555212074,13.5386599594876
"56",485,0,4,2,28,63.1865480945135,-6.5735434450149
"57",485,0,14,12,14,27.3789698657859,22.8491307534419
"58",485,0,2,2,16,22.1366496371006,2.13628070506175
"59",485,0,27,10,26,61.6957940177862,8.73064561279314
"60",485,0,3,6,18,34.2868458201642,9.61677647203666
"61",486,0,9,20,2,1.84924706208246,35.0909030953695
"62",486,0,10,18,2,2.31979401778622,28.5226456127931
"63",486,0,11,28,2,-6.5735434450149,63.1865480945135
"64",486,0,13,28,2,-6.5735434450149,63.1865480945135
"65",486,0,2,10,2,-2.33862084368105,4.07223075132588
"66",486,0,14,14,2,1.29870712390905,15.9329151682918
"67",486,0,3,28,2,-6.5735434450149,63.1865480945135
"68",486,0,18,2,2,-17.462,-17.462
"69",486,0,4,18,2,2.31979401778622,28.5226456127931
"70",486,0,30,2,2,-17.462,-17.462
"71",486,0,29,2,2,-17.462,-17.462
"72",486,0,28,2,2,-17.462,-17.462
"73",486,0,12,0,2,-22.8779954601503,-22.3899039206219
"74",486,0,8,28,2,-6.5735434450149,63.1865480945135
"75",486,0,6,10,2,-2.33862084368105,4.07223075132588
"76",486,0,5,10,4,1.99514210691346,8.05776346613676
"77",486,0,15,0.2,2,-22.306963202056,-21.9053152963695
"78",486,0,7,0,2,-22.8779954601503,-22.3899039206219
"79",486,0,19,2,2,-17.462,-17.462
"80",486,0,23,18,2,2.31979401778622,28.5226456127931
"81",486,0,21,2,2,-17.462,-17.462
"82",486,0,20,2,28,63.1865480945135,-6.5735434450149
"83",486,0,1,10,2,-2.33862084368105,4.07223075132588
"84",486,0,22,2,2,-17.462,-17.462
"85",486,0,16,2,2,-17.462,-17.462
"86",486,0,26,28,2,-6.5735434450149,63.1865480945135
"87",486,0,25,2,2,-17.462,-17.462
"88",486,0,24,10,2,-2.33862084368105,4.07223075132588
"89",486,0,27,2,2,-17.462,-17.462
"90",486,0,17,10,2,-2.33862084368105,4.07223075132588
"91",487,0,10,2,18,28.5226456127931,2.31979401778622
"92",487,0,1,2,10,4.07223075132588,-2.33862084368105
"93",487,0,9,2,20,35.0909030953695,1.84924706208246
"94",487,0,13,2,28,63.1865480945135,-6.5735434450149
"95",487,0,7,2,0,-22.3899039206219,-22.8779954601503
"96",487,0,18,2,2,-17.462,-17.462
"97",487,0,14,2,14,15.9329151682918,1.29870712390905
"98",487,0,8,2,28,63.1865480945135,-6.5735434450149
"99",487,0,19,2,2,-17.462,-17.462
"100",487,0,4,2,18,28.5226456127931,2.31979401778622
"101",487,0,3,2,28,63.1865480945135,-6.5735434450149
"102",487,0,5,4,10,8.05776346613676,1.99514210691346
"103",487,0,11,2,28,63.1865480945135,-6.5735434450149
"104",487,0,16,2,2,-17.462,-17.462
"105",487,0,15,2,0.2,-21.9053152963695,-22.306963202056
"106",487,0,28,2,2,-17.462,-17.462
"107",487,0,2,2,10,4.07223075132588,-2.33862084368105
"108",487,0,22,2,2,-17.462,-17.462
"109",487,0,23,2,18,28.5226456127931,2.31979401778622
"110",487,0,6,2,10,4.07223075132588,-2.33862084368105
"111",487,0,20,28,2,-6.5735434450149,63.1865480945135
"112",487,0,24,2,10,4.07223075132588,-2.33862084368105
"113",487,0,29,2,2,-17.462,-17.462
"114",487,0,12,2,0,-22.3899039206219,-22.8779954601503
"115",487,0,30,2,2,-17.462,-17.462
"116",487,0,27,2,2,-17.462,-17.462
"117",487,0,21,2,2,-17.462,-17.462
"118",487,0,17,2,10,4.07223075132588,-2.33862084368105
"119",487,0,25,2,2,-17.462,-17.462
"120",487,0,26,2,28,63.1865480945135,-6.5735434450149
"121",488,0,4,10,16,31.8252114550411,18.2356941180092
"122",488,0,3,8,8,8.992,8.992
"123",488,0,13,28,10,4.86745510646527,68.2166950509867
"124",488,0,18,24,20,32.2829141372073,48.8694883397039
"125",488,0,5,12,14,27.3789698657859,22.8491307534419
"126",488,0,14,24,28,51.838131890328,31.9062705865832
"127",488,0,1,4,18,31.7317758506928,5.87715449146952
"128",488,0,29,28,14,11.6815234235084,66.807406918654
"129",488,0,23,28,20,23.2695872007018,59.7880227069431
"130",488,0,9,20,12,20.4881614031983,43.6254485044466
"131",488,0,8,18,12,21.9292114550411,38.0276941180092
"132",488,0,19,28,20,23.2695872007018,59.7880227069431
"133",488,0,10,22,12,18.3930510829273,49.4054643977678
"134",488,0,15,28,26,36.4980045398497,46.8820960793781
"135",488,0,30,26,14,15.9329151682918,60.674707123909
"136",488,0,11,24,12,15.643880494228,55.3677417979728
"137",488,0,6,14,14,27.706,27.706
"138",488,0,21,26,24,37.1281654275057,46.6759351917221
"139",488,0,2,6,4,-3.87022569593395,-2.68567368483825
"140",488,0,24,28,20,23.2695872007018,59.7880227069431
"141",488,0,22,24,20,32.2829141372073,48.8694883397039
"142",488,0,26,20,22,43.68361341641,35.8084872028178
"143",488,0,25,18,20,40.897452528754,33.8586480904738
"144",488,0,20,22,22,40.618,40.618
"145",488,0,27,16,18,37.251291641098,31.0488089781299
"146",488,0,16,20,24,48.8694883397039,32.2829141372073
"147",488,0,12,26,10,8.73064561279314,61.6957940177862
"148",488,0,7,16,14,27.3789698657859,32.7451307534419
"149",488,0,17,26,22,32.5245923618953,50.7838101150159
"150",488,0,28,14,18,37.9665230137677,26.3978794631435
"151",489,0,18,20,24,48.8694883397039,32.2829141372073
"152",489,0,3,8,8,8.992,8.992
"153",489,0,13,10,28,68.2166950509867,4.86745510646527
"154",489,0,23,20,28,59.7880227069431,23.2695872007018
"155",489,0,8,12,18,38.0276941180092,21.9292114550411
"156",489,0,19,20,28,59.7880227069431,23.2695872007018
"157",489,0,6,14,14,27.706,27.706
"158",489,0,9,12,20,43.6254485044466,20.4881614031983
"159",489,0,4,16,10,18.2356941180092,31.8252114550411
"160",489,0,24,20,28,59.7880227069431,23.2695872007018
"161",489,0,29,14,28,66.807406918654,11.6815234235084
"162",489,0,10,12,22,49.4054643977678,18.3930510829273
"163",489,0,25,20,18,33.8586480904738,40.897452528754
"164",489,0,14,28,24,31.9062705865832,51.838131890328
"165",489,0,1,18,4,5.87715449146952,31.7317758506928
"166",489,0,16,24,20,32.2829141372073,48.8694883397039
"167",489,0,5,14,12,22.8491307534419,27.3789698657859
"168",489,0,20,22,22,40.618,40.618
"169",489,0,7,14,16,32.7451307534419,27.3789698657859
"170",489,0,22,20,24,48.8694883397039,32.2829141372073
"171",489,0,28,18,14,26.3978794631435,37.9665230137677
"172",489,0,2,4,6,-2.68567368483825,-3.87022569593395
"173",489,0,30,14,26,60.674707123909,15.9329151682918
"174",489,0,11,12,24,55.3677417979728,15.643880494228
"175",489,0,26,22,20,35.8084872028178,43.68361341641
"176",489,0,15,26,28,46.8820960793781,36.4980045398497
"177",489,0,12,10,26,61.6957940177862,8.73064561279314
"178",489,0,17,22,26,50.7838101150159,32.5245923618953
"179",489,0,27,18,16,31.0488089781299,37.251291641098
"180",489,0,21,24,26,46.6759351917221,37.1281654275057
"181",490,0,26,11,18,37.8130070694693,19.7632255160713
"182",490,0,3,4,14,19.5302466446471,5.24426883604795
"183",490,0,13,14,10,18.1745230137677,26.3978794631435
"184",490,0,8,24,18,27.8497634661367,51.4751421069135
"185",490,0,27,12,16,32.6122012384556,22.7162012384556
"186",490,0,18,11,16,32.3004638803019,20.4531649898719
"187",490,0,30,10,14,26.3978794631435,18.1745230137677
"188",490,0,4,18,5,7.72418279339261,33.091068368982
"189",490,0,24,16,18,37.251291641098,31.0488089781299
"190",490,0,29,14,12,22.8491307534419,27.3789698657859
"191",490,0,9,24,16,23.59887430195,53.4267356056948
"192",490,0,25,18,17,33.4426218007045,36.6484033541025
"193",490,0,7,22,20,35.8084872028178,43.68361341641
"194",490,0,22,15,16,32.5663229102745,29.7787022445325
"195",490,0,10,12,14,27.3789698657859,22.8491307534419
"196",490,0,5,14,14,27.706,27.706
"197",490,0,14,11,14,26.9701821980182,20.4890441952443
"198",490,0,19,12,16,32.6122012384556,22.7162012384556
"199",490,0,6,18,18,35.882,35.882
"200",490,0,21,14,16,32.7451307534419,27.3789698657859
"201",490,0,28,10,14,26.3978794631435,18.1745230137677
"202",490,0,1,28,14,11.6815234235084,66.807406918654
"203",490,0,11,10,12,21.1528089781298,17.4592916410979
"204",490,0,16,12,10,17.4592916410979,21.1528089781298
"205",490,0,2,14,12,22.8491307534419,27.3789698657859
"206",490,0,23,16,16,32.224,32.224
"207",490,0,17,10,14,26.3978794631435,18.1745230137677
"208",490,0,15,10,16,31.8252114550411,18.2356941180092
"209",490,0,20,13,16,32.7604235295023,25.0248028637603
"210",490,0,12,10,12,21.1528089781298,17.4592916410979
"211",491,0,10,14,12,22.8491307534419,27.3789698657859
"212",491,0,29,12,14,27.3789698657859,22.8491307534419
"213",491,0,14,14,11,20.4890441952443,26.9701821980182
"214",491,0,3,14,4,5.24426883604795,19.5302466446471
"215",491,0,19,16,12,22.7162012384556,32.6122012384556
"216",491,0,9,16,24,53.4267356056948,23.59887430195
"217",491,0,30,14,10,18.1745230137677,26.3978794631435
"218",491,0,11,12,10,17.4592916410979,21.1528089781298
"219",491,0,26,18,11,19.7632255160713,37.8130070694693
"220",491,0,15,16,10,18.2356941180092,31.8252114550411
"221",491,0,4,5,18,33.091068368982,7.72418279339261
"222",491,0,24,18,16,31.0488089781299,37.251291641098
"223",491,0,6,18,18,35.882,35.882
"224",491,0,13,10,14,26.3978794631435,18.1745230137677
"225",491,0,25,17,18,36.6484033541025,33.4426218007045
"226",491,0,8,18,24,51.4751421069135,27.8497634661367
"227",491,0,27,16,12,22.7162012384556,32.6122012384556
"228",491,0,16,10,12,21.1528089781298,17.4592916410979
"229",491,0,5,14,14,27.706,27.706
"230",491,0,20,16,13,25.0248028637603,32.7604235295023
"231",491,0,1,14,28,66.807406918654,11.6815234235084
"232",491,0,22,16,15,29.7787022445325,32.5663229102745
"233",491,0,23,16,16,32.224,32.224
"234",491,0,12,12,10,17.4592916410979,21.1528089781298
"235",491,0,7,20,22,43.68361341641,35.8084872028178
"236",491,0,17,14,10,18.1745230137677,26.3978794631435
"237",491,0,2,12,14,27.3789698657859,22.8491307534419
"238",491,0,28,14,10,18.1745230137677,26.3978794631435
"239",491,0,21,16,14,27.3789698657859,32.7451307534419
"240",491,0,18,16,11,20.4531649898719,32.3004638803019
"241",492,0,13,0.5,0,-26.5361578299903,-26.7365858813079
"242",492,0,10,0,4,-17.5737294134168,-17.433868109672
"243",492,0,3,4,10,8.05776346613676,1.99514210691346
"244",492,0,29,5,0,-15.2011228048576,-14.8532483249686
"245",492,0,14,2,0,-22.3899039206219,-22.8779954601503
"246",492,0,24,2,0,-22.3899039206219,-22.8779954601503
"247",492,0,19,2,4,-12.3518345724943,-12.7000648082779
"248",492,0,8,1,18,26.6728078931827,0.609461846026012
"249",492,0,9,2,0,-22.3899039206219,-22.8779954601503
"250",492,0,30,2,0,-22.3899039206219,-22.8779954601503
"251",492,0,11,1,0,-25.1131944267574,-25.4617804184356
"252",492,0,26,3,0,-19.8301284815934,-20.248645125144
"253",492,0,15,2.5,0,-21.0895768177193,-21.5690159647373
"254",492,0,4,0,1,-25.4617804184356,-25.1131944267574
"255",492,0,23,2.5,0,-21.0895768177193,-21.5690159647373
"256",492,0,6,12,4,3.94673560569482,13.70287430195
"257",492,0,18,4,3,-10.2648150924994,-9.98615975269362
"258",492,0,25,0.5,0,-26.5361578299903,-26.7365858813079
"259",492,0,7,0,16,18.0793585115449,-1.43291888096552
"260",492,0,27,4,0,-17.433868109672,-17.5737294134168
"261",492,0,16,3,0,-19.8301284815934,-20.248645125144
"262",492,0,5,1,16,20.1897616078762,0.328898223687634
"263",492,0,20,1,2,-20.0882401965216,-19.9487346486714
"264",492,0,1,2,16,22.1366496371006,2.13628070506175
"265",492,0,22,0,1,-25.4617804184356,-25.1131944267574
"266",492,0,12,0,1,-25.4617804184356,-25.1131944267574
"267",492,0,28,3.5,0,-18.6115589122443,-18.9168829413705
"268",492,0,17,3.5,3,-11.3697181628613,-11.2565255484369
"269",492,0,2,0,18,24.6594551064652,-1.05530494901324
"270",492,0,21,0.5,28,61.078350687037,-8.3940773642806
"271",493,0,19,4,2,-12.7000648082779,-12.3518345724943
"272",493,0,11,0,1,-25.4617804184356,-25.1131944267574
"273",493,0,16,0,3,-20.248645125144,-19.8301284815934
"274",493,0,14,0,2,-22.8779954601503,-22.3899039206219
"275",493,0,8,18,1,0.609461846026012,26.6728078931827
"276",493,0,29,0,5,-14.8532483249686,-15.2011228048576
"277",493,0,15,0,2.5,-21.5690159647373,-21.0895768177193
"278",493,0,20,2,1,-19.9487346486714,-20.0882401965216
"279",493,0,30,0,2,-22.8779954601503,-22.3899039206219
"280",493,0,3,10,4,1.99514210691346,8.05776346613676
"281",493,0,10,4,0,-17.433868109672,-17.5737294134168
"282",493,0,25,0,0.5,-26.7365858813079,-26.5361578299903
"283",493,0,12,1,0,-25.1131944267574,-25.4617804184356
"284",493,0,17,3,3.5,-11.2565255484369,-11.3697181628613
"285",493,0,26,0,3,-20.248645125144,-19.8301284815934
"286",493,0,21,28,0.5,-8.3940773642806,61.078350687037
"287",493,0,9,0,2,-22.8779954601503,-22.3899039206219
"288",493,0,24,0,2,-22.8779954601503,-22.3899039206219
"289",493,0,6,4,12,13.70287430195,3.94673560569482
"290",493,0,22,1,0,-25.1131944267574,-25.4617804184356
"291",493,0,2,18,0,-1.05530494901324,24.6594551064652
"292",493,0,7,16,0,-1.43291888096552,18.0793585115449
"293",493,0,27,0,4,-17.5737294134168,-17.433868109672
"294",493,0,1,16,2,2.13628070506175,22.1366496371006
"295",493,0,13,0,0.5,-26.7365858813079,-26.5361578299903
"296",493,0,4,1,0,-25.1131944267574,-25.4617804184356
"297",493,0,23,0,2.5,-21.5690159647373,-21.0895768177193
"298",493,0,18,3,4,-9.98615975269362,-10.2648150924994
"299",493,0,28,0,3.5,-18.9168829413705,-18.6115589122443
"300",493,0,5,16,1,0.328898223687634,20.1897616078762
"301",494,0,10,18,0,-1.05530494901324,24.6594551064652
"302",494,0,4,14,18,37.9665230137677,26.3978794631435
"303",494,0,14,10,14,26.3978794631435,18.1745230137677
"304",494,0,19,10,14,26.3978794631435,18.1745230137677
"305",494,0,16,12,10,17.4592916410979,21.1528089781298
"306",494,0,5,14,14,27.706,27.706
"307",494,0,20,12,10,17.4592916410979,21.1528089781298
"308",494,0,1,14,28,66.807406918654,11.6815234235084
"309",494,0,29,12,10,17.4592916410979,21.1528089781298
"310",494,0,3,16,16,32.224,32.224
"311",494,0,9,16,16,32.224,32.224
"312",494,0,24,10,10,16.09,16.09
"313",494,0,11,10,18,37.4348049538224,17.6428049538224
"314",494,0,26,16,10,18.2356941180092,31.8252114550411
"315",494,0,15,10,10,16.09,16.09
"316",494,0,30,12,10,17.4592916410979,21.1528089781298
"317",494,0,17,12,10,17.4592916410979,21.1528089781298
"318",494,0,6,16,16,32.224,32.224
"319",494,0,21,10,10,16.09,16.09
"320",494,0,2,16,14,27.3789698657859,32.7451307534419
"321",494,0,7,16,12,22.7162012384556,32.6122012384556
"322",494,0,27,10,16,31.8252114550411,18.2356941180092
"323",494,0,22,8,10,14.0666480904738,11.209452528754
"324",494,0,25,10,10,16.09,16.09
"325",494,0,12,12,0,-4.15032755015476,5.46594984235564
"326",494,0,23,10,4,1.99514210691346,8.05776346613676
"327",494,0,8,14,16,32.7451307534419,27.3789698657859
"328",494,0,18,12,10,17.4592916410979,21.1528089781298
"329",494,0,28,14,10,18.1745230137677,26.3978794631435
"330",494,0,13,10,14,26.3978794631435,18.1745230137677
"331",495,0,3,16,16,32.224,32.224
"332",495,0,14,14,10,18.1745230137677,26.3978794631435
"333",495,0,24,10,10,16.09,16.09
"334",495,0,19,14,10,18.1745230137677,26.3978794631435
"335",495,0,15,10,10,16.09,16.09
"336",495,0,4,18,14,26.3978794631435,37.9665230137677
"337",495,0,11,18,10,17.6428049538224,37.4348049538224
"338",495,0,6,16,16,32.224,32.224
"339",495,0,5,14,14,27.706,27.706
"340",495,0,9,16,16,32.224,32.224
"341",495,0,7,12,16,32.6122012384556,22.7162012384556
"342",495,0,29,10,12,21.1528089781298,17.4592916410979
"343",495,0,10,0,18,24.6594551064652,-1.05530494901324
"344",495,0,25,10,10,16.09,16.09
"345",495,0,20,10,12,21.1528089781298,17.4592916410979
"346",495,0,1,28,14,11.6815234235084,66.807406918654
"347",495,0,16,10,12,21.1528089781298,17.4592916410979
"348",495,0,21,10,10,16.09,16.09
"349",495,0,12,0,12,5.46594984235564,-4.15032755015476
"350",495,0,23,4,10,8.05776346613676,1.99514210691346
"351",495,0,22,10,8,11.209452528754,14.0666480904738
"352",495,0,8,16,14,27.3789698657859,32.7451307534419
"353",495,0,2,14,16,32.7451307534419,27.3789698657859
"354",495,0,30,10,12,21.1528089781298,17.4592916410979
"355",495,0,17,10,12,21.1528089781298,17.4592916410979
"356",495,0,26,10,16,31.8252114550411,18.2356941180092
"357",495,0,13,14,10,18.1745230137677,26.3978794631435
"358",495,0,18,10,12,21.1528089781298,17.4592916410979
"359",495,0,28,10,14,26.3978794631435,18.1745230137677
"360",495,0,27,16,10,18.2356941180092,31.8252114550411
"361",496,0,5,8,4,-0.610511660296128,2.59491413720734
"362",496,0,6,7,22,47.667381580137,8.98927825142686
"363",496,0,14,7,8,7.63800113496242,6.52302401984453
"364",496,0,10,11,0.2,-4.84122403961981,2.91019809630252
"365",496,0,4,5,14,21.0836397821642,7.28539775719884
"366",496,0,1,10,25,58.5036915662674,10.4169682652965
"367",496,0,19,8.5,9.6,13.6139987103364,12.03104172698
"368",496,0,2,12,10,17.4592916410979,21.1528089781298
"369",496,0,7,8,22,48.3420282778773,10.778902064285
"370",496,0,11,10,11,18.5986218007044,16.8564033541025
"371",496,0,25,10,16,31.8252114550411,18.2356941180092
"372",496,0,8,12,22,49.4054643977678,18.3930510829273
"373",496,0,9,13,22,49.2625357599728,20.4105017793902
"374",496,0,29,10,12,21.1528089781298,17.4592916410979
"375",496,0,3,11,11,19.3165,19.3165
"376",496,0,16,6,6,1.034,1.034
"377",496,0,15,7,7,5.1205,5.1205
"378",496,0,20,10,15.5,30.4512914407963,18.2817194921139
"379",496,0,26,14,15.9,32.4888455049813,27.4108553038718
"380",496,0,28,12,13.5,26.099140383069,22.7801662152466
"381",496,0,27,14.1,13.9,27.4584955030961,27.9532955030961
"382",496,0,12,9,2.8,-1.90628658008891,2.93249353086809
"383",496,0,23,12,16,32.6122012384556,22.7162012384556
"384",496,0,17,9.9,10,16.0043663358989,15.8416439156492
"385",496,0,13,8,28,67.9402487145108,1.73381320826947
"386",496,0,24,11,16,32.3004638803019,20.4531649898719
"387",496,0,18,9.9,9.6,15.0117349149067,15.487357349026
"388",496,0,22,9,16,31.1864439626732,16.0637886228674
"389",496,0,30,10,9.8,15.5937434850656,15.9170975211266
"390",496,0,21,10,10,16.09,16.09
"391",497,0,14,8,7,6.52302401984453,7.63800113496242
"392",497,0,4,14,5,7.28539775719884,21.0836397821642
"393",497,0,7,22,8,10.778902064285,48.3420282778773
"394",497,0,6,22,7,8.98927825142686,47.667381580137
"395",497,0,5,4,8,2.59491413720734,-0.610511660296128
"396",497,0,15,7,7,5.1205,5.1205
"397",497,0,9,22,13,20.4105017793902,49.2625357599728
"398",497,0,30,9.8,10,15.9170975211266,15.5937434850656
"399",497,0,11,11,10,16.8564033541025,18.5986218007044
"400",497,0,10,0.2,11,2.91019809630252,-4.84122403961981
"401",497,0,8,22,12,18.3930510829273,49.4054643977678
"402",497,0,12,2.8,9,2.93249353086809,-1.90628658008891
"403",497,0,24,16,11,20.4531649898719,32.3004638803019
"404",497,0,16,6,6,1.034,1.034
"405",497,0,26,15.9,14,27.4108553038718,32.4888455049813
"406",497,0,25,16,10,18.2356941180092,31.8252114550411
"407",497,0,23,16,12,22.7162012384556,32.6122012384556
"408",497,0,19,9.6,8.5,12.03104172698,13.6139987103364
"409",497,0,3,11,11,19.3165,19.3165
"410",497,0,2,10,12,21.1528089781298,17.4592916410979
"411",497,0,1,25,10,10.4169682652965,58.5036915662674
"412",497,0,27,13.9,14.1,27.9532955030961,27.4584955030961
"413",497,0,13,28,8,1.73381320826947,67.9402487145108
"414",497,0,28,13.5,12,22.7801662152466,26.099140383069
"415",497,0,17,10,9.9,15.8416439156492,16.0043663358989
"416",497,0,29,12,10,17.4592916410979,21.1528089781298
"417",497,0,18,9.6,9.9,15.487357349026,15.0117349149067
"418",497,0,20,15.5,10,18.2817194921139,30.4512914407963
"419",497,0,21,10,10,16.09,16.09
"420",497,0,22,16,9,16.0637886228674,31.1864439626732
"421",498,0,28,22,22,40.618,40.618
"422",498,0,4,2,20,35.0909030953695,1.84924706208246
"423",498,0,29,24,24,41.696,41.696
"424",498,0,17,14,16,32.7451307534419,27.3789698657859
"425",498,0,27,18,20,40.897452528754,33.8586480904738
"426",498,0,9,6,22,46.8292198152897,7.24521981528965
"427",498,0,14,12,22,49.4054643977678,18.3930510829273
"428",498,0,26,20,18,33.8586480904738,40.897452528754
"429",498,0,5,16,0,-1.43291888096552,18.0793585115449
"430",498,0,15,16,18,37.251291641098,31.0488089781299
"431",498,0,1,4,18,31.7317758506928,5.87715449146952
"432",498,0,6,4,2,-12.7000648082779,-12.3518345724943
"433",498,0,16,20,16,29.2195576878315,42.4608447890797
"434",498,0,2,12,4,3.94673560569482,13.70287430195
"435",498,0,24,12,16,32.6122012384556,22.7162012384556
"436",498,0,18,24,18,27.8497634661367,51.4751421069135
"437",498,0,3,14,14,27.706,27.706
"438",498,0,25,18,16,31.0488089781299,37.251291641098
"439",498,0,30,26,26,41.914,41.914
"440",498,0,7,10,14,26.3978794631435,18.1745230137677
"441",498,0,11,18,24,51.4751421069135,27.8497634661367
"442",498,0,10,24,22,36.8983263151618,45.609774304066
"443",498,0,22,12,14,27.3789698657859,22.8491307534419
"444",498,0,19,10,22,49.2007764720366,14.4948458201642
"445",498,0,12,10,22,49.2007764720366,14.4948458201642
"446",498,0,23,16,10,18.2356941180092,31.8252114550411
"447",498,0,8,22,20,35.8084872028178,43.68361341641
"448",498,0,13,22,22,40.618,40.618
"449",498,0,21,24,12,15.643880494228,55.3677417979728
"450",498,0,20,18,10,17.6428049538224,37.4348049538224
"451",499,0,1,18,4,5.87715449146952,31.7317758506928
"452",499,0,17,16,14,27.3789698657859,32.7451307534419
"453",499,0,12,22,10,14.4948458201642,49.2007764720366
"454",499,0,2,4,12,13.70287430195,3.94673560569482
"455",499,0,24,16,12,22.7162012384556,32.6122012384556
"456",499,0,13,22,22,40.618,40.618
"457",499,0,19,22,10,14.4948458201642,49.2007764720366
"458",499,0,9,22,6,7.24521981528965,46.8292198152897
"459",499,0,4,20,2,1.84924706208246,35.0909030953695
"460",499,0,20,10,18,37.4348049538224,17.6428049538224
"461",499,0,10,22,24,45.609774304066,36.8983263151618
"462",499,0,5,0,16,18.0793585115449,-1.43291888096552
"463",499,0,27,20,18,33.8586480904738,40.897452528754
"464",499,0,11,24,18,27.8497634661367,51.4751421069135
"465",499,0,6,2,4,-12.3518345724943,-12.7000648082779
"466",499,0,28,22,22,40.618,40.618
"467",499,0,25,16,18,37.251291641098,31.0488089781299
"468",499,0,18,18,24,51.4751421069135,27.8497634661367
"469",499,0,29,24,24,41.696,41.696
"470",499,0,3,14,14,27.706,27.706
"471",499,0,15,18,16,31.0488089781299,37.251291641098
"472",499,0,14,22,12,18.3930510829273,49.4054643977678
"473",499,0,7,14,10,18.1745230137677,26.3978794631435
"474",499,0,26,18,20,40.897452528754,33.8586480904738
"475",499,0,22,14,12,22.8491307534419,27.3789698657859
"476",499,0,21,12,24,55.3677417979728,15.643880494228
"477",499,0,30,26,26,41.914,41.914
"478",499,0,16,16,20,42.4608447890797,29.2195576878315
"479",499,0,8,20,22,43.68361341641,35.8084872028178
"480",499,0,23,10,16,31.8252114550411,18.2356941180092
"481",786,0,6,20,16,29.2195576878315,42.4608447890797
"482",786,0,28,14,11,20.4890441952443,26.9701821980182
"483",786,0,7,14,11,20.4890441952443,26.9701821980182
"484",786,0,5,14,25.5,59.1700105356734,16.8935661875458
"485",786,0,2,16,16,32.224,32.224
"486",786,0,13,16,11.5,21.5789874420736,32.4767719427671
"487",786,0,14,12,14,27.3789698657859,22.8491307534419
"488",786,0,16,22,15.5,25.6534770437018,48.1898357468919
"489",786,0,10,14,17,35.3330441952443,26.9701821980182
"490",786,0,19,13.5,14.3,28.4370898317851,26.4746162672913
"491",786,0,22,9,12,20.3199408665342,15.0932855267284
"492",786,0,23,12.5,12,22.5196008385256,23.5736554501761
"493",786,0,25,11.5,13,24.6224852166335,21.4603213816821
"494",786,0,26,10.5,13,24.0834148605054,19.074492357038
"495",786,0,3,28,26,36.4980045398497,46.8820960793781
"496",786,0,29,7.5,12,18.764047948315,11.6297114365258
"497",786,0,8,18,16,31.0488089781299,37.251291641098
"498",786,0,9,16,16,32.224,32.224
"499",786,0,11,12,19,40.8037886228674,21.2904439626732
"500",786,0,12,10,10.5,17.3386152282621,16.4936410604396
"501",786,0,15,16,14.5,28.573140383069,32.6761662152466
"502",786,0,17,16,17.7,36.4855787238694,31.2667839735227
"503",786,0,18,10,17.5,36.0153195628567,17.8523453950342
"504",786,0,20,10,13.6,25.3342844455901,18.083801560708
"505",786,0,21,13,10.5,19.074492357038,24.0834148605054
"506",786,0,24,14.5,12,22.8772165248605,28.670190692683
"507",786,0,1,10,14,26.3978794631435,18.1745230137677
"508",786,0,27,16,10,18.2356941180092,31.8252114550411
"509",786,0,4,10,28,68.2166950509867,4.86745510646527
"510",786,0,30,16,3,3.98922856315682,23.9200225992178
"511",787,0,29,12,7.5,11.6297114365258,18.764047948315
"512",787,0,28,11,14,26.9701821980182,20.4890441952443
"513",787,0,27,10,16,31.8252114550411,18.2356941180092
"514",787,0,6,16,20,42.4608447890797,29.2195576878315
"515",787,0,4,28,10,4.86745510646527,68.2166950509867
"516",787,0,7,11,14,26.9701821980182,20.4890441952443
"517",787,0,30,3,16,23.9200225992178,3.98922856315682
"518",787,0,5,25.5,14,16.8935661875458,59.1700105356734
"519",787,0,14,14,12,22.8491307534419,27.3789698657859
"520",787,0,15,14.5,16,32.6761662152466,28.573140383069
"521",787,0,2,16,16,32.224,32.224
"522",787,0,13,11.5,16,32.4767719427671,21.5789874420736
"523",787,0,22,12,9,15.0932855267284,20.3199408665342
"524",787,0,23,12,12.5,23.5736554501761,22.5196008385256
"525",787,0,24,12,14.5,28.670190692683,22.8772165248605
"526",787,0,1,14,10,18.1745230137677,26.3978794631435
"527",787,0,3,26,28,46.8820960793781,36.4980045398497
"528",787,0,11,19,12,21.2904439626732,40.8037886228674
"529",787,0,12,10.5,10,16.4936410604396,17.3386152282621
"530",787,0,8,16,18,37.251291641098,31.0488089781299
"531",787,0,10,17,14,26.9701821980182,35.3330441952443
"532",787,0,19,14.3,13.5,26.4746162672913,28.4370898317851
"533",787,0,20,13.6,10,18.083801560708,25.3342844455901
"534",787,0,16,15.5,22,48.1898357468919,25.6534770437018
"535",787,0,17,17.7,16,31.2667839735227,36.4855787238694
"536",787,0,26,13,10.5,19.074492357038,24.0834148605054
"537",787,0,18,17.5,10,17.8523453950342,36.0153195628567
"538",787,0,21,10.5,13,24.0834148605054,19.074492357038
"539",787,0,25,13,11.5,21.4603213816821,24.6224852166335
"540",787,0,9,16,16,32.224,32.224
"541",788,0,7,16,28,65.1216724498452,15.3619498423557
"542",788,0,29,10,10,16.09,16.09
"543",788,0,2,24,12,15.643880494228,55.3677417979728
"544",788,0,6,14,10,18.1745230137677,26.3978794631435
"545",788,0,28,26,10,8.73064561279314,61.6957940177862
"546",788,0,1,28,28,41.272,41.272
"547",788,0,5,12,10,17.4592916410979,21.1528089781298
"548",788,0,27,10,8,11.209452528754,14.0666480904738
"549",788,0,9,10,10,16.09,16.09
"550",788,0,30,20,10,16.3958555212075,43.2266599594876
"551",788,0,8,12,10,17.4592916410979,21.1528089781298
"552",788,0,4,22,10,14.4948458201642,49.2007764720366
"553",788,0,16,6,10,11.3892359125194,6.5111665643918
"554",788,0,26,18,10,17.6428049538224,37.4348049538224
"555",788,0,3,26,28,46.8820960793781,36.4980045398497
"556",788,0,14,12,10,17.4592916410979,21.1528089781298
"557",788,0,23,10,10,16.09,16.09
"558",788,0,25,24,10,11.9397758506928,55.3571544914695
"559",788,0,10,2,10,4.07223075132588,-2.33862084368105
"560",788,0,13,22,10,14.4948458201642,49.2007764720366
"561",788,0,12,4,10,8.05776346613676,1.99514210691346
"562",788,0,15,16,10,18.2356941180092,31.8252114550411
"563",788,0,17,14,10,18.1745230137677,26.3978794631435
"564",788,0,19,4,10,8.05776346613676,1.99514210691346
"565",788,0,22,0,10,-0.567362231913221,-6.49012228739172
"566",788,0,21,23,10,13.2990683689821,52.2561827933926
"567",788,0,24,8,10,14.0666480904738,11.209452528754
"568",788,0,11,20,28,59.7880227069431,23.2695872007018
"569",788,0,20,20,10,16.3958555212075,43.2266599594876
"570",788,0,18,8,25,57.9360943009497,6.99217543825903
"571",789,0,30,10,20,43.2266599594876,16.3958555212075
"572",789,0,6,10,14,26.3978794631435,18.1745230137677
"573",789,0,4,10,22,49.2007764720366,14.4948458201642
"574",789,0,7,28,16,15.3619498423557,65.1216724498452
"575",789,0,5,10,12,21.1528089781298,17.4592916410979
"576",789,0,29,10,10,16.09,16.09
"577",789,0,2,12,24,55.3677417979728,15.643880494228
"578",789,0,3,28,26,36.4980045398497,46.8820960793781
"579",789,0,13,10,22,49.2007764720366,14.4948458201642
"580",789,0,28,10,26,61.6957940177862,8.73064561279314
"581",789,0,27,8,10,14.0666480904738,11.209452528754
"582",789,0,26,10,18,37.4348049538224,17.6428049538224
"583",789,0,1,28,28,41.272,41.272
"584",789,0,8,10,12,21.1528089781298,17.4592916410979
"585",789,0,16,10,6,6.5111665643918,11.3892359125194
"586",789,0,9,10,10,16.09,16.09
"587",789,0,17,10,14,26.3978794631435,18.1745230137677
"588",789,0,10,10,2,-2.33862084368105,4.07223075132588
"589",789,0,14,10,12,21.1528089781298,17.4592916410979
"590",789,0,25,10,24,55.3571544914695,11.9397758506928
"591",789,0,24,10,8,11.209452528754,14.0666480904738
"592",789,0,18,25,8,6.99217543825903,57.9360943009497
"593",789,0,22,10,0,-6.49012228739172,-0.567362231913221
"594",789,0,15,10,16,31.8252114550411,18.2356941180092
"595",789,0,12,10,4,1.99514210691346,8.05776346613676
"596",789,0,21,10,23,52.2561827933926,13.2990683689821
"597",789,0,23,10,10,16.09,16.09
"598",789,0,20,10,20,43.2266599594876,16.3958555212075
"599",789,0,11,28,20,23.2695872007018,59.7880227069431
"600",789,0,19,10,4,1.99514210691346,8.05776346613676
"601",790,0,9,15.7,10,18.2682147944852,30.9994924851926
"602",790,0,7,16.8,10,18.0770256845458,34.0471774737275
"603",790,0,6,10,10,16.09,16.09
"604",790,0,8,10,10,16.09,16.09
"605",790,0,30,9.5,22,49.047407573662,13.5487728649241
"606",790,0,29,25,14,17.813338440023,57.676705291618
"607",790,0,10,22,10.6,15.6451699407703,49.330859177941
"608",790,0,4,10,12,21.1528089781298,17.4592916410979
"609",790,0,28,10,14,26.3978794631435,18.1745230137677
"610",790,0,3,26.4,10,8.01033233300182,62.9853933038756
"611",790,0,26,20,12,20.4881614031983,43.6254485044466
"612",790,0,5,0,10,-0.567362231913221,-6.49012228739172
"613",790,0,11,10.9,11,19.2520703580903,19.0684398934578
"614",790,0,1,18,28,62.7818777126083,19.2246377680868
"615",790,0,12,13.4,11,20.3722662045125,25.4066386871755
"616",790,0,17,13,10,17.8986648609863,23.7525615322762
"617",790,0,2,28,22,27.4967981402006,56.1401074328496
"618",790,0,14,8,13.6,23.660313650674,13.552635204072
"619",790,0,27,8,13,22.0203605515917,13.309268318582
"620",790,0,25,8.2,14,24.9556765712593,14.1232096364465
"621",790,0,13,15,12,22.8644235295023,29.9728028637603
"622",790,0,22,13.5,9,15.7638149386062,24.3094444462345
"623",790,0,16,10,14,26.3978794631435,18.1745230137677
"624",790,0,15,2,28,63.1865480945135,-6.5735434450149
"625",790,0,19,8.5,10,14.6338042180205,12.4125023802951
"626",790,0,18,10,10,16.09,16.09
"627",790,0,23,7,16,29.4183637766163,11.8566737627467
"628",790,0,21,5,10,9.80525722288161,4.23037164729215
"629",790,0,24,10,11,18.5986218007044,16.8564033541025
"630",790,0,20,9,14,25.6620616611618,15.905567209012
"631",791,0,11,11,10.9,19.0684398934578,19.2520703580903
"632",791,0,12,11,13.4,25.4066386871755,20.3722662045125
"633",791,0,7,10,16.8,34.0471774737275,18.0770256845458
"634",791,0,8,10,10,16.09,16.09
"635",791,0,4,12,10,17.4592916410979,21.1528089781298
"636",791,0,30,22,9.5,13.5487728649241,49.047407573662
"637",791,0,6,10,10,16.09,16.09
"638",791,0,14,13.6,8,13.552635204072,23.660313650674
"639",791,0,10,10.6,22,49.330859177941,15.6451699407703
"640",791,0,13,12,15,29.9728028637603,22.8644235295023
"641",791,0,5,10,0,-6.49012228739172,-0.567362231913221
"642",791,0,29,14,25,57.676705291618,17.813338440023
"643",791,0,9,10,15.7,30.9994924851926,18.2682147944852
"644",791,0,15,28,2,-6.5735434450149,63.1865480945135
"645",791,0,28,14,10,18.1745230137677,26.3978794631435
"646",791,0,27,13,8,13.309268318582,22.0203605515917
"647",791,0,3,10,26.4,62.9853933038756,8.01033233300182
"648",791,0,19,10,8.5,12.4125023802951,14.6338042180205
"649",791,0,22,9,13.5,24.3094444462345,15.7638149386062
"650",791,0,16,14,10,18.1745230137677,26.3978794631435
"651",791,0,2,22,28,56.1401074328496,27.4967981402006
"652",791,0,26,12,20,43.6254485044466,20.4881614031983
"653",791,0,18,10,10,16.09,16.09
"654",791,0,23,16,7,11.8566737627467,29.4183637766163
"655",791,0,25,14,8.2,14.1232096364465,24.9556765712593
"656",791,0,17,10,13,23.7525615322762,17.8986648609863
"657",791,0,1,28,18,19.2246377680868,62.7818777126083
"658",791,0,20,14,9,15.905567209012,25.6620616611618
"659",791,0,21,10,5,4.23037164729215,9.80525722288161
"660",791,0,24,11,10,16.8564033541025,18.5986218007044
"661",792,0,11,10,14,26.3978794631435,18.1745230137677
"662",792,0,10,20,10,16.3958555212075,43.2266599594876
"663",792,0,6,20,15,26.9683605515918,42.997268318582
"664",792,0,9,5,15,24.0171488637872,7.64036661690786
"665",792,0,12,6,20,40.466902064285,8.75802827787728
"666",792,0,13,14,23,51.8173977571988,21.0836397821642
"667",792,0,8,14,12.5,24.0462610488111,27.5220455495046
"668",792,0,4,20,25,51.5307738664322,30.2748550037415
"669",792,0,5,18,10,17.6428049538224,37.4348049538224
"670",792,0,30,12,25,58.4172285631568,14.0240225992179
"671",792,0,14,14,25,57.676705291618,17.813338440023
"672",792,0,7,8,20.1,42.4778932919008,12.4159996233848
"673",792,0,28,18,12.5,23.0292914407963,38.0737194921139
"674",792,0,29,10,16,31.8252114550411,18.2356941180092
"675",792,0,3,18,25.5,55.6297328776972,24.9219320801938
"676",792,0,26,10,22,49.2007764720366,14.4948458201642
"677",792,0,15,10,25,58.5036915662674,10.4169682652965
"678",792,0,27,12,15,29.9728028637603,22.8644235295023
"679",792,0,2,18,6,9.61677647203666,34.2868458201642
"680",792,0,1,28,4,-3.98668606747061,65.4251752362742
"681",792,0,22,15,19,40.3211839014237,27.9162185754875
"682",792,0,23,10,20,43.2266599594876,16.3958555212075
"683",792,0,16,10,10,16.09,16.09
"684",792,0,21,18,25,54.2334779432557,25.9387546422849
"685",792,0,17,2,10,4.07223075132588,-2.33862084368105
"686",792,0,19,12,15,29.9728028637603,22.8644235295023
"687",792,0,24,11,28,68.1096456185641,6.5026241206446
"688",792,0,25,10,24,55.3571544914695,11.9397758506928
"689",792,0,20,13,28,67.4050015523977,9.90965827916614
"690",792,0,18,8,18.9,38.8589806909324,13.1458179516814
"691",793,0,13,23,14,21.0836397821642,51.8173977571988
"692",793,0,11,14,10,18.1745230137677,26.3978794631435
"693",793,0,6,15,20,42.997268318582,26.9683605515918
"694",793,0,7,20.1,8,12.4159996233848,42.4778932919008
"695",793,0,12,20,6,8.75802827787728,40.466902064285
"696",793,0,14,25,14,17.813338440023,57.676705291618
"697",793,0,10,10,20,43.2266599594876,16.3958555212075
"698",793,0,15,25,10,10.4169682652965,58.5036915662674
"699",793,0,8,12.5,14,27.5220455495046,24.0462610488111
"700",793,0,9,15,5,7.64036661690786,24.0171488637872
"701",793,0,30,25,12,14.0240225992179,58.4172285631568
"702",793,0,29,16,10,18.2356941180092,31.8252114550411
"703",793,0,4,25,20,30.2748550037415,51.5307738664322
"704",793,0,16,10,10,16.09,16.09
"705",793,0,5,10,18,37.4348049538224,17.6428049538224
"706",793,0,28,12.5,18,38.0737194921139,23.0292914407963
"707",793,0,2,6,18,34.2868458201642,9.61677647203666
"708",793,0,3,25.5,18,24.9219320801938,55.6297328776972
"709",793,0,24,28,11,6.5026241206446,68.1096456185641
"710",793,0,17,10,2,-2.33862084368105,4.07223075132588
"711",793,0,1,4,28,65.4251752362742,-3.98668606747061
"712",793,0,26,22,10,14.4948458201642,49.2007764720366
"713",793,0,27,15,12,22.8644235295023,29.9728028637603
"714",793,0,23,20,10,16.3958555212075,43.2266599594876
"715",793,0,18,18.9,8,13.1458179516814,38.8589806909324
"716",793,0,19,15,12,22.8644235295023,29.9728028637603
"717",793,0,22,19,15,27.9162185754875,40.3211839014237
"718",793,0,25,24,10,11.9397758506928,55.3571544914695
"719",793,0,21,25,18,25.9387546422849,54.2334779432557
"720",793,0,20,28,13,9.90965827916614,67.4050015523977
"721",794,0,7,10,2,-2.33862084368105,4.07223075132588
"722",794,0,10,14,18,37.9665230137677,26.3978794631435
"723",794,0,11,12,6,8.26865944394536,16.8402461291049
"724",794,0,30,2,0,-22.3899039206219,-22.8779954601503
"725",794,0,14,2,10,4.07223075132588,-2.33862084368105
"726",794,0,6,4,18,31.7317758506928,5.87715449146952
"727",794,0,8,0,16,18.0793585115449,-1.43291888096552
"728",794,0,13,2,16,22.1366496371006,2.13628070506175
"729",794,0,5,20,2,1.84924706208246,35.0909030953695
"730",794,0,29,6,14,22.4735178525741,9.37209205507069
"731",794,0,15,22,16,26.7362461291048,47.8526594439454
"732",794,0,9,22,14,22.4735178525741,48.9560920550707
"733",794,0,12,14,10,18.1745230137677,26.3978794631435
"734",794,0,28,4,6,-2.68567368483825,-3.87022569593395
"735",794,0,4,8,14,24.762728792073,13.6821767809773
"736",794,0,3,12,12,22.328,22.328
"737",794,0,16,16,18,37.251291641098,31.0488089781299
"738",794,0,22,2,8,-1.58471919683134,-5.13837523011844
"739",794,0,2,6,16,28.2890510829273,9.82146439776778
"740",794,0,26,10,14,26.3978794631435,18.1745230137677
"741",794,0,18,12,14,27.3789698657859,22.8491307534419
"742",794,0,21,4,14,19.5302466446471,5.24426883604795
"743",794,0,17,14,22,48.9560920550707,22.4735178525741
"744",794,0,25,16,26,59.1830732743281,19.8074422063669
"745",794,0,1,22,10,14.4948458201642,49.2007764720366
"746",794,0,27,6,14,22.4735178525741,9.37209205507069
"747",794,0,23,2,2,-17.462,-17.462
"748",794,0,24,14,14,27.706,27.706
"749",794,0,19,26,12,12.2406496371006,61.5122807050617
"750",794,0,20,6,14,22.4735178525741,9.37209205507069
"751",795,0,11,6,12,16.8402461291049,8.26865944394536
"752",795,0,7,2,10,4.07223075132588,-2.33862084368105
"753",795,0,10,18,14,26.3978794631435,37.9665230137677
"754",795,0,8,16,0,-1.43291888096552,18.0793585115449
"755",795,0,13,16,2,2.13628070506175,22.1366496371006
"756",795,0,12,10,14,26.3978794631435,18.1745230137677
"757",795,0,16,18,16,31.0488089781299,37.251291641098
"758",795,0,15,16,22,47.8526594439454,26.7362461291048
"759",795,0,9,14,22,48.9560920550707,22.4735178525741
"760",795,0,18,14,12,22.8491307534419,27.3789698657859
"761",795,0,6,18,4,5.87715449146952,31.7317758506928
"762",795,0,4,14,8,13.6821767809773,24.762728792073
"763",795,0,17,22,14,22.4735178525741,48.9560920550707
"764",795,0,29,14,6,9.37209205507069,22.4735178525741
"765",795,0,14,10,2,-2.33862084368105,4.07223075132588
"766",795,0,19,12,26,61.5122807050617,12.2406496371006
"767",795,0,30,0,2,-22.8779954601503,-22.3899039206219
"768",795,0,20,14,6,9.37209205507069,22.4735178525741
"769",795,0,26,14,10,18.1745230137677,26.3978794631435
"770",795,0,5,2,20,35.0909030953695,1.84924706208246
"771",795,0,28,6,4,-3.87022569593395,-2.68567368483825
"772",795,0,3,12,12,22.328,22.328
"773",795,0,27,14,6,9.37209205507069,22.4735178525741
"774",795,0,21,14,4,5.24426883604795,19.5302466446471
"775",795,0,2,16,6,9.82146439776778,28.2890510829273
"776",795,0,1,10,22,49.2007764720366,14.4948458201642
"777",795,0,23,2,2,-17.462,-17.462
"778",795,0,25,26,16,19.8074422063669,59.1830732743281
"779",795,0,24,14,14,27.706,27.706
"780",795,0,22,8,2,-5.13837523011844,-1.58471919683134
"781",796,0,12,8.2,6.6,5.81295694156482,7.56346745474096
"782",796,0,20,10,7.5,10.0177940213931,13.4586131961504
"783",796,0,11,14,10.6,19.5577678774471,26.7608829121212
"784",796,0,8,14,16.2,33.2590682116647,27.3102935376009
"785",796,0,10,14,18.2,38.4986866226789,26.2637971081157
"786",796,0,19,11,14,26.9701821980182,20.4890441952443
"787",796,0,16,11,7.6,11.13807814097,16.2085726485983
"788",796,0,9,16,9.6,17.3614640747459,31.5893262661467
"789",796,0,13,15,12.6,24.2732317523627,30.1104731393253
"790",796,0,7,7,10.2,13.3368937579375,9.03300382728565
"791",796,0,6,17,6.8,11.3865801064556,32.1428769996595
"792",796,0,17,14,13.2,25.7413809205507,27.6536751785257
"793",796,0,21,16,15.2,30.2641165654883,32.5109395335882
"794",796,0,14,14,20.2,43.9205665405768,24.5632404102023
"795",796,0,22,16,15.1,30.0211815781268,32.5394487972668
"796",796,0,15,20,6.5,9.67288697866272,40.954947484904
"797",796,0,23,16,15.3,30.507507206617,32.4807951192384
"798",796,0,30,16,13.8,26.9044912352431,32.7612705140225
"799",796,0,5,12,6.3,8.93266807465167,17.2544392050261
"800",796,0,4,9,16.5,32.5960178985016,16.0011470593893
"801",796,0,3,11,14.2,27.4950085984368,20.5148889867863
"802",796,0,18,22,8.2,11.1422946720632,48.4573358093725
"803",796,0,28,22,15.2,25.0092834376665,48.3725197206069
"804",796,0,29,20,12.3,21.1177273404657,43.6288540880385
"805",796,0,2,18,10.3,18.2741467579414,37.5654346705627
"806",796,0,26,15,19,40.3211839014237,27.9162185754875
"807",796,0,24,15.5,15,29.9460405056546,31.3137157830471
"808",796,0,27,20,12,20.4881614031983,43.6254485044466
"809",796,0,25,16,18,37.251291641098,31.0488089781299
"810",796,0,1,12,15.2,30.4970373085617,22.8478602766615
"811",797,0,13,12.6,15,30.1104731393253,24.2732317523627
"812",797,0,11,10.6,14,26.7608829121212,19.5577678774471
"813",797,0,20,7.5,10,13.4586131961504,10.0177940213931
"814",797,0,7,10.2,7,9.03300382728565,13.3368937579375
"815",797,0,10,18.2,14,26.2637971081157,38.4986866226789
"816",797,0,9,9.6,16,31.5893262661467,17.3614640747459
"817",797,0,12,6.6,8.2,7.56346745474096,5.81295694156482
"818",797,0,14,20.2,14,24.5632404102023,43.9205665405768
"819",797,0,16,7.6,11,16.2085726485983,11.13807814097
"820",797,0,19,14,11,20.4890441952443,26.9701821980182
"821",797,0,18,8.2,22,48.4573358093725,11.1422946720632
"822",797,0,21,15.2,16,32.5109395335882,30.2641165654883
"823",797,0,6,6.8,17,32.1428769996595,11.3865801064556
"824",797,0,8,16.2,14,27.3102935376009,33.2590682116647
"825",797,0,17,13.2,14,27.6536751785257,25.7413809205507
"826",797,0,28,15.2,22,48.3725197206069,25.0092834376665
"827",797,0,5,6.3,12,17.2544392050261,8.93266807465167
"828",797,0,15,6.5,20,40.954947484904,9.67288697866272
"829",797,0,27,12,20,43.6254485044466,20.4881614031983
"830",797,0,23,15.3,16,32.4807951192384,30.507507206617
"831",797,0,1,15.2,12,22.8478602766615,30.4970373085617
"832",797,0,22,15.1,16,32.5394487972668,30.0211815781268
"833",797,0,4,16.5,9,16.0011470593893,32.5960178985016
"834",797,0,26,19,15,27.9162185754875,40.3211839014237
"835",797,0,30,13.8,16,32.7612705140225,26.9044912352431
"836",797,0,3,14.2,11,20.5148889867863,27.4950085984368
"837",797,0,25,18,16,31.0488089781299,37.251291641098
"838",797,0,29,12.3,20,43.6288540880385,21.1177273404657
"839",797,0,2,10.3,18,37.5654346705627,18.2741467579414
"840",797,0,24,15,15.5,31.3137157830471,29.9460405056546
"841",798,0,22,2,18,28.5226456127931,2.31979401778622
"842",798,0,6,12,12,22.328,22.328
"843",798,0,10,22,20,35.8084872028178,43.68361341641
"844",798,0,13,24,18,27.8497634661367,51.4751421069135
"845",798,0,5,10,10,16.09,16.09
"846",798,0,14,20,18,33.8586480904738,40.897452528754
"847",798,0,15,18,18,35.882,35.882
"848",798,0,11,0,18,24.6594551064652,-1.05530494901324
"849",798,0,12,0,0,-28,-28
"850",798,0,21,2,8,-1.58471919683134,-5.13837523011844
"851",798,0,23,10,18,37.4348049538224,17.6428049538224
"852",798,0,19,28,10,4.86745510646527,68.2166950509867
"853",798,0,20,4,12,13.70287430195,3.94673560569482
"854",798,0,28,28,18,19.2246377680868,62.7818777126083
"855",798,0,30,25,18,25.9387546422849,54.2334779432557
"856",798,0,7,14,14,27.706,27.706
"857",798,0,8,28,16,15.3619498423557,65.1216724498452
"858",798,0,9,20,18,33.8586480904738,40.897452528754
"859",798,0,18,8,20,42.1738111461004,12.4858111461005
"860",798,0,29,0,10,-0.567362231913221,-6.49012228739172
"861",798,0,16,28,18,19.2246377680868,62.7818777126083
"862",798,0,17,4,18,31.7317758506928,5.87715449146952
"863",798,0,26,6,18,34.2868458201642,9.61677647203666
"864",798,0,1,2,2,-17.462,-17.462
"865",798,0,24,6,10,11.3892359125194,6.5111665643918
"866",798,0,27,8,8,8.992,8.992
"867",798,0,25,0,20,31.4218132082695,-1.3317512854892
"868",798,0,4,8,28,67.9402487145108,1.73381320826947
"869",798,0,3,6,8,6.12048720281778,4.09961341641002
"870",798,0,2,4,28,65.4251752362742,-3.98668606747061
"871",799,0,1,2,2,-17.462,-17.462
"872",799,0,27,8,8,8.992,8.992
"873",799,0,4,28,8,1.73381320826947,67.9402487145108
"874",799,0,30,18,25,54.2334779432557,25.9387546422849
"875",799,0,7,14,14,27.706,27.706
"876",799,0,10,20,22,43.68361341641,35.8084872028178
"877",799,0,11,18,0,-1.05530494901324,24.6594551064652
"878",799,0,13,18,24,51.4751421069135,27.8497634661367
"879",799,0,14,18,20,40.897452528754,33.8586480904738
"880",799,0,16,18,28,62.7818777126083,19.2246377680868
"881",799,0,19,10,28,68.2166950509867,4.86745510646527
"882",799,0,20,12,4,3.94673560569482,13.70287430195
"883",799,0,22,18,2,2.31979401778622,28.5226456127931
"884",799,0,23,18,10,17.6428049538224,37.4348049538224
"885",799,0,2,28,4,-3.98668606747061,65.4251752362742
"886",799,0,28,18,28,62.7818777126083,19.2246377680868
"887",799,0,5,10,10,16.09,16.09
"888",799,0,6,12,12,22.328,22.328
"889",799,0,8,16,28,65.1216724498452,15.3619498423557
"890",799,0,9,18,20,40.897452528754,33.8586480904738
"891",799,0,12,0,0,-28,-28
"892",799,0,21,8,2,-5.13837523011844,-1.58471919683134
"893",799,0,15,18,18,35.882,35.882
"894",799,0,17,18,4,5.87715449146952,31.7317758506928
"895",799,0,18,20,8,12.4858111461005,42.1738111461004
"896",799,0,29,10,0,-6.49012228739172,-0.567362231913221
"897",799,0,26,18,6,9.61677647203666,34.2868458201642
"898",799,0,24,10,6,6.5111665643918,11.3892359125194
"899",799,0,3,8,6,4.09961341641002,6.12048720281778
"900",799,0,25,20,0,-1.3317512854892,31.4218132082695
"901",1086,0,6,2,12,9.91144220636694,-0.192926725671888
"902",1086,0,28,5,10,9.80525722288161,4.23037164729215
"903",1086,0,7,28,2.1,-6.44852928692618,63.3140133829767
"904",1086,0,5,5,1.5,-11.7406450772929,-10.948296776322
"905",1086,0,2,4,19.5,36.4953064819339,5.439986960436
"906",1086,0,13,0.5,2,-21.4626784449476,-21.1750149567368
"907",1086,0,14,5.5,2,-9.55784046564238,-8.39960138797248
"908",1086,0,16,1.2,2.8,-17.4966600625961,-17.4407155410982
"909",1086,0,10,12,2.2,0.21283773965501,10.3200181280045
"910",1086,0,19,5,4,-5.74535531441345,-5.2576195307796
"911",1086,0,22,1,4.5,-13.5507421646715,-13.9771996889433
"912",1086,0,23,3.5,0,-18.6115589122443,-18.9168829413705
"913",1086,0,25,3,1.7,-15.7355220833005,-15.6858454050758
"914",1086,0,26,0.3,10,0.170273057684945,-5.87901624189897
"915",1086,0,3,12,0,-4.15032755015476,5.46594984235564
"916",1086,0,29,9,0,-7.90529225667079,-3.51567020396622
"917",1086,0,8,2.2,3,-14.4337787743175,-14.506165126606
"918",1086,0,9,4.9,1.2,-12.6510357245004,-11.9681299061925
"919",1086,0,11,4,12,13.70287430195,3.94673560569482
"920",1086,0,12,3.9,2.2,-12.4382524203747,-12.1244848822332
"921",1086,0,15,3.5,3,-11.3697181628613,-11.2565255484369
"922",1086,0,17,1.3,1.8,-19.7909847370638,-19.7264589742344
"923",1086,0,18,4,2.8,-10.7555102657928,-10.4462135112852
"924",1086,0,20,5.7,4.5,-3.19934731849739,-2.46352645858061
"925",1086,0,21,5.6,5.5,-0.910458386708629,-0.839731361743306
"926",1086,0,24,0.2,2.9,-19.9513328703681,-19.6028937510893
"927",1086,0,1,2,18,28.5226456127931,2.31979401778622
"928",1086,0,27,5.8,10,11.0855213799604,6.05136235083419
"929",1086,0,4,2,2.5,-16.2015456593939,-16.2101980519043
"930",1086,0,30,9,0,-7.90529225667079,-3.51567020396622
"931",1087,0,29,0,9,-3.51567020396622,-7.90529225667079
"932",1087,0,28,10,5,4.23037164729215,9.80525722288161
"933",1087,0,27,10,5.8,6.05136235083419,11.0855213799604
"934",1087,0,6,12,2,-0.192926725671888,9.91144220636694
"935",1087,0,4,2.5,2,-16.2101980519043,-16.2015456593939
"936",1087,0,7,2.1,28,63.3140133829767,-6.44852928692618
"937",1087,0,30,0,9,-3.51567020396622,-7.90529225667079
"938",1087,0,5,1.5,5,-10.948296776322,-11.7406450772929
"939",1087,0,14,2,5.5,-8.39960138797248,-9.55784046564238
"940",1087,0,15,3,3.5,-11.2565255484369,-11.3697181628613
"941",1087,0,2,19.5,4,5.439986960436,36.4953064819339
"942",1087,0,13,2,0.5,-21.1750149567368,-21.4626784449476
"943",1087,0,22,4.5,1,-13.9771996889433,-13.5507421646715
"944",1087,0,23,0,3.5,-18.9168829413705,-18.6115589122443
"945",1087,0,24,2.9,0.2,-19.6028937510893,-19.9513328703681
"946",1087,0,1,18,2,2.31979401778622,28.5226456127931
"947",1087,0,3,0,12,5.46594984235564,-4.15032755015476
"948",1087,0,11,12,4,3.94673560569482,13.70287430195
"949",1087,0,12,2.2,3.9,-12.1244848822332,-12.4382524203747
"950",1087,0,8,3,2.2,-14.506165126606,-14.4337787743175
"951",1087,0,10,2.2,12,10.3200181280045,0.21283773965501
"952",1087,0,19,4,5,-5.2576195307796,-5.74535531441345
"953",1087,0,20,4.5,5.7,-2.46352645858061,-3.19934731849739
"954",1087,0,16,2.8,1.2,-17.4407155410982,-17.4966600625961
"955",1087,0,17,1.8,1.3,-19.7264589742344,-19.7909847370638
"956",1087,0,26,10,0.3,-5.87901624189897,0.170273057684945
"957",1087,0,18,2.8,4,-10.4462135112852,-10.7555102657928
"958",1087,0,21,5.5,5.6,-0.839731361743306,-0.910458386708629
"959",1087,0,25,1.7,3,-15.6858454050758,-15.7355220833005
"960",1087,0,9,1.2,4.9,-11.9681299061925,-12.6510357245004
"961",1088,0,7,4,18,31.7317758506928,5.87715449146952
"962",1088,0,29,6,12,16.8402461291049,8.26865944394536
"963",1088,0,2,8,10,14.0666480904738,11.209452528754
"964",1088,0,6,0,4.5,-16.2191845412828,-16.2970560738764
"965",1088,0,28,10,16,31.8252114550411,18.2356941180092
"966",1088,0,1,5,10,9.80525722288161,4.23037164729215
"967",1088,0,5,15,0,-1.86699844760225,14.8576582791661
"968",1088,0,27,13,20,43.5795701762654,22.6026624092752
"969",1088,0,9,5,20,39.3681749227167,6.96248490884714
"970",1088,0,30,2,6,-7.05940763810473,-8.59218988498406
"971",1088,0,8,4.1,9,5.49051618248656,1.00039778442831
"972",1088,0,4,9.8,28,68.2184831294184,4.54588914883591
"973",1088,0,16,12,9,15.0932855267284,20.3199408665342
"974",1088,0,26,11,12,21.8221620226184,19.8708631321885
"975",1088,0,3,9,28,68.1602294163023,3.27785146900689
"976",1088,0,14,12,10,17.4592916410979,21.1528089781298
"977",1088,0,23,16,10,18.2356941180092,31.8252114550411
"978",1088,0,25,12,11,19.8708631321885,21.8221620226184
"979",1088,0,10,6,16,28.2890510829273,9.82146439776778
"980",1088,0,13,9,9,12.6485,12.6485
"981",1088,0,12,8,10,14.0666480904738,11.209452528754
"982",1088,0,15,10,14,26.3978794631435,18.1745230137677
"983",1088,0,17,9,16.9,33.7318788149742,15.9216010965276
"984",1088,0,19,10,14.1,26.6649173519499,18.1931155003549
"985",1088,0,22,10,14,26.3978794631435,18.1745230137677
"986",1088,0,21,14,12,22.8491307534419,27.3789698657859
"987",1088,0,24,10,10,16.09,16.09
"988",1088,0,11,7,12,18.1636594420217,10.4979694281521
"989",1088,0,20,12,22.2,49.9934903699785,18.1475667361366
"990",1088,0,18,17,3.5,5.03351596618004,27.8478184973867
"991",1089,0,30,6,2,-8.59218988498406,-7.05940763810473
"992",1089,0,6,4.5,0,-16.2970560738764,-16.2191845412828
"993",1089,0,4,28,9.8,4.54588914883591,68.2184831294184
"994",1089,0,7,18,4,5.87715449146952,31.7317758506928
"995",1089,0,5,0,15,14.8576582791661,-1.86699844760225
"996",1089,0,29,12,6,8.26865944394536,16.8402461291049
"997",1089,0,2,10,8,11.209452528754,14.0666480904738
"998",1089,0,3,28,9,3.27785146900689,68.1602294163023
"999",1089,0,13,9,9,12.6485,12.6485
"1000",1089,0,28,16,10,18.2356941180092,31.8252114550411
"1001",1089,0,27,20,13,22.6026624092752,43.5795701762654
"1002",1089,0,26,12,11,19.8708631321885,21.8221620226184
"1003",1089,0,1,10,5,4.23037164729215,9.80525722288161
"1004",1089,0,8,9,4.1,1.00039778442831,5.49051618248656
"1005",1089,0,16,9,12,20.3199408665342,15.0932855267284
"1006",1089,0,9,20,5,6.96248490884714,39.3681749227167
"1007",1089,0,17,16.9,9,15.9216010965276,33.7318788149742
"1008",1089,0,10,16,6,9.82146439776778,28.2890510829273
"1009",1089,0,14,10,12,21.1528089781298,17.4592916410979
"1010",1089,0,25,11,12,21.8221620226184,19.8708631321885
"1011",1089,0,24,10,10,16.09,16.09
"1012",1089,0,18,3.5,17,27.8478184973867,5.03351596618004
"1013",1089,0,22,14,10,18.1745230137677,26.3978794631435
"1014",1089,0,15,14,10,18.1745230137677,26.3978794631435
"1015",1089,0,12,10,8,11.209452528754,14.0666480904738
"1016",1089,0,21,12,14,27.3789698657859,22.8491307534419
"1017",1089,0,23,10,16,31.8252114550411,18.2356941180092
"1018",1089,0,20,22.2,12,18.1475667361366,49.9934903699785
"1019",1089,0,11,12,7,10.4979694281521,18.1636594420217
"1020",1089,0,19,14.1,10,18.1931155003549,26.6649173519499
"1021",1090,0,9,26,12,12.2406496371006,61.5122807050617
"1022",1090,0,7,26,12,12.2406496371006,61.5122807050617
"1023",1090,0,6,26,22,32.5245923618953,50.7838101150159
"1024",1090,0,8,0,12,5.46594984235564,-4.15032755015476
"1025",1090,0,30,24.5,10,11.198811441383,56.9247273567783
"1026",1090,0,29,22,24.5,46.8861962405332,35.8662109770103
"1027",1090,0,10,12,10,17.4592916410979,21.1528089781298
"1028",1090,0,4,26,10,8.73064561279314,61.6957940177862
"1029",1090,0,28,22,22,40.618,40.618
"1030",1090,0,3,10,16,31.8252114550411,18.2356941180092
"1031",1090,0,26,22,24,45.609774304066,36.8983263151618
"1032",1090,0,5,26,12,12.2406496371006,61.5122807050617
"1033",1090,0,11,0,12,5.46594984235564,-4.15032755015476
"1034",1090,0,1,28,16,15.3619498423557,65.1216724498452
"1035",1090,0,12,0,12,5.46594984235564,-4.15032755015476
"1036",1090,0,17,0,24,45.4933139325294,-3.84682476372583
"1037",1090,0,2,14,16,32.7451307534419,27.3789698657859
"1038",1090,0,14,26,4,-0.705797418826141,58.3219723453902
"1039",1090,0,27,26,22,32.5245923618953,50.7838101150159
"1040",1090,0,25,24,22,36.8983263151618,45.609774304066
"1041",1090,0,13,0,24,45.4933139325294,-3.84682476372583
"1042",1090,0,22,26,20,28.1032808031687,54.2376247698816
"1043",1090,0,16,0,4,-17.5737294134168,-17.433868109672
"1044",1090,0,15,0,12,5.46594984235564,-4.15032755015476
"1045",1090,0,19,26,24,37.1281654275057,46.6759351917221
"1046",1090,0,18,26,24,37.1281654275057,46.6759351917221
"1047",1090,0,23,0,24,45.4933139325294,-3.84682476372583
"1048",1090,0,21,24,20,32.2829141372073,48.8694883397039
"1049",1090,0,24,24,14,19.5302466446471,54.7242688360479
"1050",1090,0,20,24,24,41.696,41.696
"1051",1091,0,11,12,0,-4.15032755015476,5.46594984235564
"1052",1091,0,12,12,0,-4.15032755015476,5.46594984235564
"1053",1091,0,7,12,26,61.5122807050617,12.2406496371006
"1054",1091,0,8,12,0,-4.15032755015476,5.46594984235564
"1055",1091,0,4,10,26,61.6957940177862,8.73064561279314
"1056",1091,0,30,10,24.5,56.9247273567783,11.198811441383
"1057",1091,0,6,22,26,50.7838101150159,32.5245923618953
"1058",1091,0,14,4,26,58.3219723453902,-0.705797418826141
"1059",1091,0,10,10,12,21.1528089781298,17.4592916410979
"1060",1091,0,13,24,0,-3.84682476372583,45.4933139325294
"1061",1091,0,5,12,26,61.5122807050617,12.2406496371006
"1062",1091,0,29,24.5,22,35.8662109770103,46.8861962405332
"1063",1091,0,9,12,26,61.5122807050617,12.2406496371006
"1064",1091,0,15,12,0,-4.15032755015476,5.46594984235564
"1065",1091,0,28,22,22,40.618,40.618
"1066",1091,0,27,22,26,50.7838101150159,32.5245923618953
"1067",1091,0,3,16,10,18.2356941180092,31.8252114550411
"1068",1091,0,19,24,26,46.6759351917221,37.1281654275057
"1069",1091,0,22,20,26,54.2376247698816,28.1032808031687
"1070",1091,0,16,4,0,-17.433868109672,-17.5737294134168
"1071",1091,0,2,16,14,27.3789698657859,32.7451307534419
"1072",1091,0,26,24,22,36.8983263151618,45.609774304066
"1073",1091,0,18,24,26,46.6759351917221,37.1281654275057
"1074",1091,0,23,24,0,-3.84682476372583,45.4933139325294
"1075",1091,0,25,22,24,45.609774304066,36.8983263151618
"1076",1091,0,17,24,0,-3.84682476372583,45.4933139325294
"1077",1091,0,1,16,28,65.1216724498452,15.3619498423557
"1078",1091,0,20,24,24,41.696,41.696
"1079",1091,0,21,20,24,48.8694883397039,32.2829141372073
"1080",1091,0,24,14,24,54.7242688360479,19.5302466446471
"1081",1092,0,11,0.5,0.9,-24.275646968198,-24.1529390070329
"1082",1092,0,10,0.1,0.8,-25.6809128419267,-25.4295848322179
"1083",1092,0,6,16,16,32.224,32.224
"1084",1092,0,9,6,0.2,-12.6861240667435,-11.5549897255507
"1085",1092,0,12,1.1,0.8,-22.8492788992403,-22.925628836827
"1086",1092,0,13,2,0.9,-20.1949020178189,-20.3598575448647
"1087",1092,0,8,0.1,0.6,-26.1894088702122,-25.999434841086
"1088",1092,0,4,6,-1,-15.333395843152,-14.8463715713074
"1089",1092,0,5,1,0.8,-23.1250841154892,-23.1780748783186
"1090",1092,0,30,2.5,8,-0.478492713156524,-4.02349635393322
"1091",1092,0,14,2.5,0.5,-19.8868191425359,-20.1658302382363
"1092",1092,0,7,18,0.1,-0.890878711461758,24.8681485631568
"1093",1092,0,28,2.9,0.6,-18.6457177131084,-18.8463592179628
"1094",1092,0,29,2.5,7,-3.21435704475022,-5.64438357040903
"1095",1092,0,3,10,6,6.5111665643918,11.3892359125194
"1096",1092,0,26,2.7,0.7,-18.9006352313015,-19.0960141494707
"1097",1092,0,15,2.5,0.6,-19.6449006461976,-19.8900985449493
"1098",1092,0,27,2.8,0.9,-18.1689385726886,-18.2949606184583
"1099",1092,0,2,10,0.4,-5.6744029192003,0.412881186208859
"1100",1092,0,1,28,2,-6.5735434450149,63.1865480945135
"1101",1092,0,22,2.9,0.1,-19.8410486261665,-20.231664160147
"1102",1092,0,23,2.7,0.2,-20.1030969286763,-20.4779958537803
"1103",1092,0,16,4,0.9,-15.3262114855215,-15.1429367767837
"1104",1092,0,21,2.5,0.4,-20.128281985107,-20.4431970821944
"1105",1092,0,17,2.5,0.5,-19.8868191425359,-20.1658302382363
"1106",1092,0,19,2.5,6,-5.90465599962296,-7.4287858539919
"1107",1092,0,24,2.5,0.4,-20.128281985107,-20.4431970821944
"1108",1092,0,25,3,0.6,-18.4000098565138,-18.5842852517981
"1109",1092,0,20,3.9,0.6,-16.2622209273605,-16.2051151367918
"1110",1092,0,18,3,0.4,-18.8785386799425,-19.1325312735625
"1111",1093,0,13,0.9,2,-20.3598575448647,-20.1949020178189
"1112",1093,0,11,0.9,0.5,-24.1529390070329,-24.275646968198
"1113",1093,0,6,16,16,32.224,32.224
"1114",1093,0,7,0.1,18,24.8681485631568,-0.890878711461758
"1115",1093,0,12,0.8,1.1,-22.925628836827,-22.8492788992403
"1116",1093,0,14,0.5,2.5,-20.1658302382363,-19.8868191425359
"1117",1093,0,10,0.8,0.1,-25.4295848322179,-25.6809128419267
"1118",1093,0,15,0.6,2.5,-19.8900985449493,-19.6449006461976
"1119",1093,0,8,0.6,0.1,-25.999434841086,-26.1894088702122
"1120",1093,0,9,0.2,6,-11.5549897255507,-12.6861240667435
"1121",1093,0,30,8,2.5,-4.02349635393322,-0.478492713156524
"1122",1093,0,29,7,2.5,-5.64438357040903,-3.21435704475022
"1123",1093,0,4,-1,6,-14.8463715713074,-15.333395843152
"1124",1093,0,16,0.9,4,-15.1429367767837,-15.3262114855215
"1125",1093,0,5,0.8,1,-23.1780748783186,-23.1250841154892
"1126",1093,0,28,0.6,2.9,-18.8463592179628,-18.6457177131084
"1127",1093,0,2,0.4,10,0.412881186208859,-5.6744029192003
"1128",1093,0,3,6,10,11.3892359125194,6.5111665643918
"1129",1093,0,24,0.4,2.5,-20.4431970821944,-20.128281985107
"1130",1093,0,17,0.5,2.5,-20.1658302382363,-19.8868191425359
"1131",1093,0,1,2,28,63.1865480945135,-6.5735434450149
"1132",1093,0,26,0.7,2.7,-19.0960141494707,-18.9006352313015
"1133",1093,0,27,0.9,2.8,-18.2949606184583,-18.1689385726886
"1134",1093,0,23,0.2,2.7,-20.4779958537803,-20.1030969286763
"1135",1093,0,18,0.4,3,-19.1325312735625,-18.8785386799425
"1136",1093,0,19,6,2.5,-7.4287858539919,-5.90465599962296
"1137",1093,0,22,0.1,2.9,-20.231664160147,-19.8410486261665
"1138",1093,0,25,0.6,3,-18.5842852517981,-18.4000098565138
"1139",1093,0,21,0.4,2.5,-20.4431970821944,-20.128281985107
"1140",1093,0,20,0.6,3.9,-16.2051151367918,-16.2622209273605
"1141",1094,0,7,18,0,-1.05530494901324,24.6594551064652
"1142",1094,0,10,8,12,19.3235576878315,12.7728447890797
"1143",1094,0,11,8,10,14.0666480904738,11.209452528754
"1144",1094,0,30,14,14,27.706,27.706
"1145",1094,0,14,12,12,22.328,22.328
"1146",1094,0,6,16,18,37.251291641098,31.0488089781299
"1147",1094,0,8,14,16,32.7451307534419,27.3789698657859
"1148",1094,0,13,18,22,46.0951665643918,31.1812359125194
"1149",1094,0,5,6,18,34.2868458201642,9.61677647203666
"1150",1094,0,29,18,14,26.3978794631435,37.9665230137677
"1151",1094,0,15,16,6,9.82146439776778,28.2890510829273
"1152",1094,0,9,18,22,46.0951665643918,31.1812359125194
"1153",1094,0,12,0,12,5.46594984235564,-4.15032755015476
"1154",1094,0,28,18,16,31.0488089781299,37.251291641098
"1155",1094,0,4,18,11,19.7632255160713,37.8130070694693
"1156",1094,0,3,12,16,32.6122012384556,22.7162012384556
"1157",1094,0,16,2,8,-1.58471919683134,-5.13837523011844
"1158",1094,0,22,18,16,31.0488089781299,37.251291641098
"1159",1094,0,2,28,28,41.272,41.272
"1160",1094,0,26,14,12,22.8491307534419,27.3789698657859
"1161",1094,0,18,18,20,40.897452528754,33.8586480904738
"1162",1094,0,21,14,14,27.706,27.706
"1163",1094,0,17,20,16,29.2195576878315,42.4608447890797
"1164",1094,0,25,12,16,32.6122012384556,22.7162012384556
"1165",1094,0,1,0,22,38.3664328169575,-2.26225789039343
"1166",1094,0,27,14,12,22.8491307534419,27.3789698657859
"1167",1094,0,23,12,14,27.3789698657859,22.8491307534419
"1168",1094,0,24,16,14,27.3789698657859,32.7451307534419
"1169",1094,0,19,12,18,38.0276941180092,21.9292114550411
"1170",1094,0,20,14,20,43.3701767809773,24.762728792073
"1171",1095,0,11,10,8,11.209452528754,14.0666480904738
"1172",1095,0,7,0,18,24.6594551064652,-1.05530494901324
"1173",1095,0,10,12,8,12.7728447890797,19.3235576878315
"1174",1095,0,8,16,14,27.3789698657859,32.7451307534419
"1175",1095,0,13,22,18,31.1812359125194,46.0951665643918
"1176",1095,0,12,12,0,-4.15032755015476,5.46594984235564
"1177",1095,0,16,8,2,-5.13837523011844,-1.58471919683134
"1178",1095,0,15,6,16,28.2890510829273,9.82146439776778
"1179",1095,0,9,22,18,31.1812359125194,46.0951665643918
"1180",1095,0,18,20,18,33.8586480904738,40.897452528754
"1181",1095,0,6,18,16,31.0488089781299,37.251291641098
"1182",1095,0,4,11,18,37.8130070694693,19.7632255160713
"1183",1095,0,17,16,20,42.4608447890797,29.2195576878315
"1184",1095,0,29,14,18,37.9665230137677,26.3978794631435
"1185",1095,0,14,12,12,22.328,22.328
"1186",1095,0,19,18,12,21.9292114550411,38.0276941180092
"1187",1095,0,30,14,14,27.706,27.706
"1188",1095,0,20,20,14,24.762728792073,43.3701767809773
"1189",1095,0,26,12,14,27.3789698657859,22.8491307534419
"1190",1095,0,5,18,6,9.61677647203666,34.2868458201642
"1191",1095,0,28,16,18,37.251291641098,31.0488089781299
"1192",1095,0,3,16,12,22.7162012384556,32.6122012384556
"1193",1095,0,27,12,14,27.3789698657859,22.8491307534419
"1194",1095,0,21,14,14,27.706,27.706
"1195",1095,0,2,28,28,41.272,41.272
"1196",1095,0,1,22,0,-2.26225789039343,38.3664328169575
"1197",1095,0,23,14,12,22.8491307534419,27.3789698657859
"1198",1095,0,25,16,12,22.7162012384556,32.6122012384556
"1199",1095,0,24,14,16,32.7451307534419,27.3789698657859
"1200",1095,0,22,16,18,37.251291641098,31.0488089781299
"1201",1096,0,12,10,3,-0.194522056744278,6.14675464228485
"1202",1096,0,20,2,7,-4.34484610582852,-6.78352502399772
"1203",1096,0,11,18,6,9.61677647203666,34.2868458201642
"1204",1096,0,8,22,10,14.4948458201642,49.2007764720366
"1205",1096,0,10,4,5,-5.2576195307796,-5.74535531441345
"1206",1096,0,19,6,9,8.73207886930811,5.38714752395444
"1207",1096,0,16,2,6,-7.05940763810473,-8.59218988498406
"1208",1096,0,9,8,12,19.3235576878315,12.7728447890797
"1209",1096,0,13,0,7,-9.27559001790932,-11.2261773965501
"1210",1096,0,7,16,9,16.0637886228674,31.1864439626732
"1211",1096,0,6,10,14,26.3978794631435,18.1745230137677
"1212",1096,0,17,4,11,10.8575361956829,3.05269638985766
"1213",1096,0,21,12,8,12.7728447890797,19.3235576878315
"1214",1096,0,14,18,10,17.6428049538224,37.4348049538224
"1215",1096,0,22,8,6,4.09961341641002,6.12048720281778
"1216",1096,0,15,10,9,13.6269435760165,15.1600815787904
"1217",1096,0,23,4,9,5.30355611331157,0.774072756862193
"1218",1096,0,30,2,9,1.22097308888679,-3.65674050334622
"1219",1096,0,5,18,12,21.9292114550411,38.0276941180092
"1220",1096,0,4,26,10,8.73064561279314,61.6957940177862
"1221",1096,0,3,14,15,30.2027826883605,27.6242424664465
"1222",1096,0,18,20,8,12.4858111461005,42.1738111461004
"1223",1096,0,28,2,6,-7.05940763810473,-8.59218988498406
"1224",1096,0,29,2,4,-12.3518345724943,-12.7000648082779
"1225",1096,0,2,12,10,17.4592916410979,21.1528089781298
"1226",1096,0,26,20,12,20.4881614031983,43.6254485044466
"1227",1096,0,24,0,10,-0.567362231913221,-6.49012228739172
"1228",1096,0,27,4,11,10.8575361956829,3.05269638985766
"1229",1096,0,25,16,11,20.4531649898719,32.3004638803019
"1230",1096,0,1,10,8,11.209452528754,14.0666480904738
"1231",1097,0,13,7,0,-11.2261773965501,-9.27559001790932
"1232",1097,0,11,6,18,34.2868458201642,9.61677647203666
"1233",1097,0,20,7,2,-6.78352502399772,-4.34484610582852
"1234",1097,0,7,9,16,31.1864439626732,16.0637886228674
"1235",1097,0,10,5,4,-5.74535531441345,-5.2576195307796
"1236",1097,0,9,12,8,12.7728447890797,19.3235576878315
"1237",1097,0,12,3,10,6.14675464228485,-0.194522056744278
"1238",1097,0,14,10,18,37.4348049538224,17.6428049538224
"1239",1097,0,16,6,2,-8.59218988498406,-7.05940763810473
"1240",1097,0,19,9,6,5.38714752395444,8.73207886930811
"1241",1097,0,18,8,20,42.1738111461004,12.4858111461005
"1242",1097,0,21,8,12,19.3235576878315,12.7728447890797
"1243",1097,0,6,14,10,18.1745230137677,26.3978794631435
"1244",1097,0,8,10,22,49.2007764720366,14.4948458201642
"1245",1097,0,17,11,4,3.05269638985766,10.8575361956829
"1246",1097,0,28,6,2,-8.59218988498406,-7.05940763810473
"1247",1097,0,5,12,18,38.0276941180092,21.9292114550411
"1248",1097,0,15,9,10,15.1600815787904,13.6269435760165
"1249",1097,0,27,11,4,3.05269638985766,10.8575361956829
"1250",1097,0,23,9,4,0.774072756862193,5.30355611331157
"1251",1097,0,1,8,10,14.0666480904738,11.209452528754
"1252",1097,0,22,6,8,6.12048720281778,4.09961341641002
"1253",1097,0,4,10,26,61.6957940177862,8.73064561279314
"1254",1097,0,26,12,20,43.6254485044466,20.4881614031983
"1255",1097,0,30,9,2,-3.65674050334622,1.22097308888679
"1256",1097,0,3,15,14,27.6242424664465,30.2027826883605
"1257",1097,0,25,11,16,32.3004638803019,20.4531649898719
"1258",1097,0,29,4,2,-12.7000648082779,-12.3518345724943
"1259",1097,0,2,10,12,21.1528089781298,17.4592916410979
"1260",1097,0,24,10,0,-6.49012228739172,-0.567362231913221
"1261",1098,0,22,26,26,41.914,41.914
"1262",1098,0,6,18,18,35.882,35.882
"1263",1098,0,10,20,0,-1.3317512854892,31.4218132082695
"1264",1098,0,13,10,0,-6.49012228739172,-0.567362231913221
"1265",1098,0,5,18,28,62.7818777126083,19.2246377680868
"1266",1098,0,14,20,18,33.8586480904738,40.897452528754
"1267",1098,0,15,20,22,43.68361341641,35.8084872028178
"1268",1098,0,11,20,2,1.84924706208246,35.0909030953695
"1269",1098,0,12,6,16,28.2890510829273,9.82146439776778
"1270",1098,0,21,26,28,46.8820960793781,36.4980045398497
"1271",1098,0,23,26,2,-3.48675541559823,55.8892445844018
"1272",1098,0,19,24,24,41.696,41.696
"1273",1098,0,20,24,28,51.838131890328,31.9062705865832
"1274",1098,0,28,20,14,24.762728792073,43.3701767809773
"1275",1098,0,30,14,0,-2.46459308134602,11.6815234235083
"1276",1098,0,7,22,6,7.24521981528965,46.8292198152897
"1277",1098,0,8,18,24,51.4751421069135,27.8497634661367
"1278",1098,0,9,24,14,19.5302466446471,54.7242688360479
"1279",1098,0,18,24,24,41.696,41.696
"1280",1098,0,29,18,24,51.4751421069135,27.8497634661367
"1281",1098,0,16,20,24,48.8694883397039,32.2829141372073
"1282",1098,0,17,24,20,32.2829141372073,48.8694883397039
"1283",1098,0,26,26,8,5.40290309536954,61.2252470620825
"1284",1098,0,1,28,0,-8.97813931567535,60.2938606843246
"1285",1098,0,24,26,26,41.914,41.914
"1286",1098,0,27,10,24,55.3571544914695,11.9397758506928
"1287",1098,0,25,26,28,46.8820960793781,36.4980045398497
"1288",1098,0,4,18,10,17.6428049538224,37.4348049538224
"1289",1098,0,3,16,2,2.13628070506175,22.1366496371006
"1290",1098,0,2,0,14,11.6815234235083,-2.46459308134602
"1291",1099,0,1,0,28,60.2938606843246,-8.97813931567535
"1292",1099,0,27,24,10,11.9397758506928,55.3571544914695
"1293",1099,0,4,10,18,37.4348049538224,17.6428049538224
"1294",1099,0,30,0,14,11.6815234235083,-2.46459308134602
"1295",1099,0,7,6,22,46.8292198152897,7.24521981528965
"1296",1099,0,10,0,20,31.4218132082695,-1.3317512854892
"1297",1099,0,11,2,20,35.0909030953695,1.84924706208246
"1298",1099,0,13,0,10,-0.567362231913221,-6.49012228739172
"1299",1099,0,14,18,20,40.897452528754,33.8586480904738
"1300",1099,0,16,24,20,32.2829141372073,48.8694883397039
"1301",1099,0,19,24,24,41.696,41.696
"1302",1099,0,20,28,24,31.9062705865832,51.838131890328
"1303",1099,0,22,26,26,41.914,41.914
"1304",1099,0,23,2,26,55.8892445844018,-3.48675541559823
"1305",1099,0,2,14,0,-2.46459308134602,11.6815234235083
"1306",1099,0,28,14,20,43.3701767809773,24.762728792073
"1307",1099,0,5,28,18,19.2246377680868,62.7818777126083
"1308",1099,0,6,18,18,35.882,35.882
"1309",1099,0,8,24,18,27.8497634661367,51.4751421069135
"1310",1099,0,9,14,24,54.7242688360479,19.5302466446471
"1311",1099,0,12,16,6,9.82146439776778,28.2890510829273
"1312",1099,0,21,28,26,36.4980045398497,46.8820960793781
"1313",1099,0,15,22,20,35.8084872028178,43.68361341641
"1314",1099,0,17,20,24,48.8694883397039,32.2829141372073
"1315",1099,0,18,24,24,41.696,41.696
"1316",1099,0,29,24,18,27.8497634661367,51.4751421069135
"1317",1099,0,26,8,26,61.2252470620825,5.40290309536954
"1318",1099,0,24,26,26,41.914,41.914
"1319",1099,0,3,2,16,22.1366496371006,2.13628070506175
"1320",1099,0,25,28,26,36.4980045398497,46.8820960793781
"1321",1590,0,20,19,16,30.2159408665342,39.8332855267284
"1322",1590,0,6,4,2,-12.7000648082779,-12.3518345724943
"1323",1590,0,7,27,0,-7.4500380770274,56.5253759312944
"1324",1590,0,8,15,22,48.4861332830616,24.582099302479
"1325",1590,0,21,16,15,29.7787022445325,32.5663229102745
"1326",1590,0,9,15,10,18.2868660994419,29.0887627707318
"1327",1590,0,13,0,15,14.8576582791661,-1.86699844760225
"1328",1590,0,1,26,22,32.5245923618953,50.7838101150159
"1329",1590,0,24,1.1,14,14.1007288413573,-0.417332829932607
"1330",1590,0,12,0,0,-28,-28
"1331",1590,0,19,28,10,4.86745510646527,68.2166950509867
"1332",1590,0,23,12,14,27.3789698657859,22.8491307534419
"1333",1590,0,11,22,17,28.9359583324516,47.0556705377221
"1334",1590,0,18,19,28,61.3667077433292,21.2243297960338
"1335",1590,0,22,14,16,32.7451307534419,27.3789698657859
"1336",1590,0,10,16,7,11.8566737627467,29.4183637766163
"1337",1590,0,14,18,0,-1.05530494901324,24.6594551064652
"1338",1590,0,2,24,28,51.838131890328,31.9062705865832
"1339",1590,0,25,10.5,25,58.5433939656549,11.3016448325065
"1340",1590,0,29,27.5,28,42.7358421700097,40.0614141186921
"1341",1590,0,17,7,0,-11.2261773965501,-9.27559001790932
"1342",1590,0,5,6,26,60.1006398379504,2.25742208482978
"1343",1590,0,28,7,10,12.8096995350501,8.83752685821241
"1344",1590,0,16,0,17,21.3466241206446,-1.16235438143586
"1345",1590,0,4,0,23,41.907090686383,-2.97278379350608
"1346",1590,0,27,9.5,5,3.66453893305837,8.44672045178237
"1347",1590,0,15,18,20,40.897452528754,33.8586480904738
"1348",1590,0,3,28,0,-8.97813931567535,60.2938606843246
"1349",1590,0,26,16.5,9,16.0011470593893,32.5960178985016
"1350",1590,0,30,0.5,10,0.653854164061703,-5.46933394273442
"1351",1591,0,11,17,22,47.0556705377221,28.9359583324516
"1352",1591,0,7,0,27,56.5253759312944,-7.4500380770274
"1353",1591,0,14,0,18,24.6594551064652,-1.05530494901324
"1354",1591,0,15,20,18,33.8586480904738,40.897452528754
"1355",1591,0,6,2,4,-12.3518345724943,-12.7000648082779
"1356",1591,0,13,15,0,-1.86699844760225,14.8576582791661
"1357",1591,0,1,22,26,50.7838101150159,32.5245923618953
"1358",1591,0,8,22,15,24.582099302479,48.4861332830616
"1359",1591,0,12,0,0,-28,-28
"1360",1591,0,16,17,0,-1.16235438143586,21.3466241206446
"1361",1591,0,4,23,0,-2.97278379350608,41.907090686383
"1362",1591,0,24,14,1.1,-0.417332829932607,14.1007288413573
"1363",1591,0,28,10,7,8.83752685821241,12.8096995350501
"1364",1591,0,3,0,28,60.2938606843246,-8.97813931567535
"1365",1591,0,10,7,16,29.4183637766163,11.8566737627467
"1366",1591,0,27,5,9.5,8.44672045178237,3.66453893305837
"1367",1591,0,2,28,24,31.9062705865832,51.838131890328
"1368",1591,0,9,10,15,29.0887627707318,18.2868660994419
"1369",1591,0,26,9,16.5,32.5960178985016,16.0011470593893
"1370",1591,0,17,0,7,-9.27559001790932,-11.2261773965501
"1371",1591,0,5,26,6,2.25742208482978,60.1006398379504
"1372",1591,0,25,25,10.5,11.3016448325065,58.5433939656549
"1373",1591,0,29,28,27.5,40.0614141186921,42.7358421700097
"1374",1591,0,20,16,19,39.8332855267284,30.2159408665342
"1375",1591,0,30,10,0.5,-5.46933394273442,0.653854164061703
"1376",1591,0,18,28,19,21.2243297960338,61.3667077433292
"1377",1591,0,19,10,28,68.2166950509867,4.86745510646527
"1378",1591,0,23,14,12,22.8491307534419,27.3789698657859
"1379",1591,0,21,15,16,32.5663229102745,29.7787022445325
"1380",1591,0,22,16,14,27.3789698657859,32.7451307534419
"1381",1592,0,2,18.5,17.8,34.9508118182675,37.2899905075879
"1382",1592,0,11,28,10,4.86745510646527,68.2166950509867
"1383",1592,0,15,25,25,41.9125,41.9125
"1384",1592,0,3,0,4,-17.5737294134168,-17.433868109672
"1385",1592,0,4,8,18.3,37.0741296938776,13.4224289795918
"1386",1592,0,1,19,0,-1.11177058369769,28.0178514690069
"1387",1592,0,5,19.6,10,16.6975702292047,42.0537080378039
"1388",1592,0,6,18,7,11.5549355274017,35.3191082042394
"1389",1592,0,10,10.5,28,68.1836097181638,5.67934394146482
"1390",1592,0,17,25,25,41.9125,41.9125
"1391",1592,0,8,10,28,68.2166950509867,4.86745510646527
"1392",1592,0,12,25,24,39.4938402473064,44.1631849075005
"1393",1592,0,16,25,25,41.9125,41.9125
"1394",1592,0,7,10,18,37.4348049538224,17.6428049538224
"1395",1592,0,24,10,28,68.2166950509867,4.86745510646527
"1396",1592,0,28,10,28,68.2166950509867,4.86745510646527
"1397",1592,0,19,25.5,25.5,41.940125,41.940125
"1398",1592,0,23,28,10,4.86745510646527,68.2166950509867
"1399",1592,0,14,25,24,39.4938402473064,44.1631849075005
"1400",1592,0,18,25,25,41.9125,41.9125
"1401",1592,0,9,28,10,4.86745510646527,68.2166950509867
"1402",1592,0,13,24,25,44.1631849075005,39.4938402473064
"1403",1592,0,30,0,25,49.1251025553967,-4.88438080105261
"1404",1592,0,21,28,10,4.86745510646527,68.2166950509867
"1405",1592,0,25,28,10,4.86745510646527,68.2166950509867
"1406",1592,0,29,25,0,-4.88438080105261,49.1251025553967
"1407",1592,0,20,10,28,68.2166950509867,4.86745510646527
"1408",1592,0,27,28,10,4.86745510646527,68.2166950509867
"1409",1592,0,22,10,28,68.2166950509867,4.86745510646527
"1410",1592,0,26,10,28,68.2166950509867,4.86745510646527
"1411",1593,0,2,17.8,18.5,37.2899905075879,34.9508118182675
"1412",1593,0,6,7,18,35.3191082042394,11.5549355274017
"1413",1593,0,3,4,0,-17.433868109672,-17.5737294134168
"1414",1593,0,1,0,19,28.0178514690069,-1.11177058369769
"1415",1593,0,8,28,10,4.86745510646527,68.2166950509867
"1416",1593,0,15,25,25,41.9125,41.9125
"1417",1593,0,19,25.5,25.5,41.940125,41.940125
"1418",1593,0,7,18,10,17.6428049538224,37.4348049538224
"1419",1593,0,14,24,25,44.1631849075005,39.4938402473064
"1420",1593,0,5,10,19.6,42.0537080378039,16.6975702292047
"1421",1593,0,9,10,28,68.2166950509867,4.86745510646527
"1422",1593,0,10,28,10.5,5.67934394146482,68.1836097181638
"1423",1593,0,4,18.3,8,13.4224289795918,37.0741296938776
"1424",1593,0,21,10,28,68.2166950509867,4.86745510646527
"1425",1593,0,12,24,25,44.1631849075005,39.4938402473064
"1426",1593,0,16,25,25,41.9125,41.9125
"1427",1593,0,20,28,10,4.86745510646527,68.2166950509867
"1428",1593,0,11,10,28,68.2166950509867,4.86745510646527
"1429",1593,0,28,28,10,4.86745510646527,68.2166950509867
"1430",1593,0,22,28,10,4.86745510646527,68.2166950509867
"1431",1593,0,23,10,28,68.2166950509867,4.86745510646527
"1432",1593,0,27,10,28,68.2166950509867,4.86745510646527
"1433",1593,0,18,25,25,41.9125,41.9125
"1434",1593,0,25,10,28,68.2166950509867,4.86745510646527
"1435",1593,0,13,25,24,39.4938402473064,44.1631849075005
"1436",1593,0,17,25,25,41.9125,41.9125
"1437",1593,0,24,28,10,4.86745510646527,68.2166950509867
"1438",1593,0,29,0,25,49.1251025553967,-4.88438080105261
"1439",1593,0,26,28,10,4.86745510646527,68.2166950509867
"1440",1593,0,30,25,0,-4.88438080105261,49.1251025553967
"1441",1594,0,6,16,14,27.3789698657859,32.7451307534419
"1442",1594,0,10,2,12,9.91144220636694,-0.192926725671888
"1443",1594,0,1,12,28,67.8390811190345,8.18335851154489
"1444",1594,0,5,12,12,22.328,22.328
"1445",1594,0,12,4,10,8.05776346613676,1.99514210691346
"1446",1594,0,3,10,22,49.2007764720366,14.4948458201642
"1447",1594,0,7,12,16,32.6122012384556,22.7162012384556
"1448",1594,0,11,5,18,33.091068368982,7.72418279339261
"1449",1594,0,2,16,20,42.4608447890797,29.2195576878315
"1450",1594,0,19,4,12,13.70287430195,3.94673560569482
"1451",1594,0,23,5,5,-3.2675,-3.2675
"1452",1594,0,14,10,10,16.09,16.09
"1453",1594,0,18,10,8,11.209452528754,14.0666480904738
"1454",1594,0,9,2,13,12.8993959989689,0.634647732672108
"1455",1594,0,13,4,8,2.59491413720734,-0.610511660296128
"1456",1594,0,4,12,10,17.4592916410979,21.1528089781298
"1457",1594,0,8,8,18,36.1878555212074,13.5386599594876
"1458",1594,0,25,2,14,15.9329151682918,1.29870712390905
"1459",1594,0,16,10,14,26.3978794631435,18.1745230137677
"1460",1594,0,20,10,22,49.2007764720366,14.4948458201642
"1461",1594,0,24,10,6,6.5111665643918,11.3892359125194
"1462",1594,0,15,16,12,22.7162012384556,32.6122012384556
"1463",1594,0,22,10,8,11.209452528754,14.0666480904738
"1464",1594,0,26,6,6,1.034,1.034
"1465",1594,0,27,10,10,16.09,16.09
"1466",1594,0,21,10,24,55.3571544914695,11.9397758506928
"1467",1594,0,28,2,6,-7.05940763810473,-8.59218988498406
"1468",1594,0,29,10,12,21.1528089781298,17.4592916410979
"1469",1594,0,17,2,12,9.91144220636694,-0.192926725671888
"1470",1594,0,30,0,6,-12.0872018597994,-13.1318925671503
"1471",1595,0,1,28,12,8.18335851154489,67.8390811190345
"1472",1595,0,14,10,10,16.09,16.09
"1473",1595,0,2,20,16,29.2195576878315,42.4608447890797
"1474",1595,0,3,22,10,14.4948458201642,49.2007764720366
"1475",1595,0,10,12,2,-0.192926725671888,9.91144220636694
"1476",1595,0,4,10,12,21.1528089781298,17.4592916410979
"1477",1595,0,5,12,12,22.328,22.328
"1478",1595,0,9,13,2,0.634647732672108,12.8993959989689
"1479",1595,0,16,14,10,18.1745230137677,26.3978794631435
"1480",1595,0,7,16,12,22.7162012384556,32.6122012384556
"1481",1595,0,11,18,5,7.72418279339261,33.091068368982
"1482",1595,0,15,12,16,32.6122012384556,22.7162012384556
"1483",1595,0,6,14,16,32.7451307534419,27.3789698657859
"1484",1595,0,23,5,5,-3.2675,-3.2675
"1485",1595,0,27,10,10,16.09,16.09
"1486",1595,0,18,8,10,14.0666480904738,11.209452528754
"1487",1595,0,22,8,10,14.0666480904738,11.209452528754
"1488",1595,0,13,8,4,-0.610511660296128,2.59491413720734
"1489",1595,0,17,12,2,-0.192926725671888,9.91144220636694
"1490",1595,0,8,18,8,13.5386599594876,36.1878555212074
"1491",1595,0,12,10,4,1.99514210691346,8.05776346613676
"1492",1595,0,29,12,10,17.4592916410979,21.1528089781298
"1493",1595,0,20,22,10,14.4948458201642,49.2007764720366
"1494",1595,0,24,6,10,11.3892359125194,6.5111665643918
"1495",1595,0,28,6,2,-8.59218988498406,-7.05940763810473
"1496",1595,0,19,12,4,3.94673560569482,13.70287430195
"1497",1595,0,26,6,6,1.034,1.034
"1498",1595,0,30,6,0,-13.1318925671503,-12.0872018597994
"1499",1595,0,21,24,10,11.9397758506928,55.3571544914695
"1500",1595,0,25,14,2,1.29870712390905,15.9329151682918
"1501",1596,0,1,12,5,6.08491483645961,15.353317749081
"1502",1596,0,5,17,1.4,1.24901265383069,24.1874690199888
"1503",1596,0,2,2,20,35.0909030953695,1.84924706208246
"1504",1596,0,7,27,0.1,-7.32928447880218,56.6903967486597
"1505",1596,0,14,16,28,65.1216724498452,15.3619498423557
"1506",1596,0,18,12,1.2,-1.7977584362911,8.21173249297381
"1507",1596,0,6,5,5.5,-2.01148532652292,-2.33375838477535
"1508",1596,0,13,18,28,62.7818777126083,19.2246377680868
"1509",1596,0,4,8,8.4,9.99234869754406,9.48781532722505
"1510",1596,0,8,10,8,11.209452528754,14.0666480904738
"1511",1596,0,9,8.5,20,42.4983414996124,13.4462352236069
"1512",1596,0,3,14.5,2,1.56941866936237,17.4667617692237
"1513",1596,0,20,13.2,0.1,-2.87268132479932,9.4054081412201
"1514",1596,0,11,16,28,65.1216724498452,15.3619498423557
"1515",1596,0,15,12,28,67.8390811190345,8.18335851154489
"1516",1596,0,19,13.5,0.8,-1.32184978518431,11.9089970039974
"1517",1596,0,10,18,20,40.897452528754,33.8586480904738
"1518",1596,0,27,12,20,43.6254485044466,20.4881614031983
"1519",1596,0,21,0.6,0.1,-25.999434841086,-26.1894088702122
"1520",1596,0,22,16,2,2.13628070506175,22.1366496371006
"1521",1596,0,26,12,20,43.6254485044466,20.4881614031983
"1522",1596,0,17,10.5,28,68.1836097181638,5.67934394146482
"1523",1596,0,24,14,13,25.2547826883605,27.6242424664465
"1524",1596,0,12,14.5,28,66.4472914516169,12.5845430119498
"1525",1596,0,16,11,28,68.1096456185641,6.5026241206446
"1526",1596,0,23,2,0.1,-22.1478374353793,-22.5916617557676
"1527",1596,0,30,18,0.1,-0.890878711461758,24.8681485631568
"1528",1596,0,28,12,20,43.6254485044466,20.4881614031983
"1529",1596,0,25,18,13,24.1407627707318,38.0788660994419
"1530",1596,0,29,12,2,-0.192926725671888,9.91144220636694
"1531",1597,0,5,1.4,17,24.1874690199888,1.24901265383069
"1532",1597,0,9,20,8.5,13.4462352236069,42.4983414996124
"1533",1597,0,4,8.4,8,9.48781532722505,9.99234869754406
"1534",1597,0,11,28,16,15.3619498423557,65.1216724498452
"1535",1597,0,2,20,2,1.84924706208246,35.0909030953695
"1536",1597,0,6,5.5,5,-2.33375838477535,-2.01148532652292
"1537",1597,0,10,20,18,33.8586480904738,40.897452528754
"1538",1597,0,1,5,12,15.353317749081,6.08491483645961
"1539",1597,0,18,1.2,12,8.21173249297381,-1.7977584362911
"1540",1597,0,22,2,16,22.1366496371006,2.13628070506175
"1541",1597,0,13,28,18,19.2246377680868,62.7818777126083
"1542",1597,0,17,28,10.5,5.67934394146482,68.1836097181638
"1543",1597,0,8,8,10,14.0666480904738,11.209452528754
"1544",1597,0,12,28,14.5,12.5845430119498,66.4472914516169
"1545",1597,0,3,2,14.5,17.4667617692237,1.56941866936237
"1546",1597,0,7,0.1,27,56.6903967486597,-7.32928447880218
"1547",1597,0,24,13,14,27.6242424664465,25.2547826883605
"1548",1597,0,15,28,12,8.18335851154489,67.8390811190345
"1549",1597,0,19,0.8,13.5,11.9089970039974,-1.32184978518431
"1550",1597,0,23,0.1,2,-22.5916617557676,-22.1478374353793
"1551",1597,0,14,28,16,15.3619498423557,65.1216724498452
"1552",1597,0,21,0.1,0.6,-26.1894088702122,-25.999434841086
"1553",1597,0,25,13,18,38.0788660994419,24.1407627707318
"1554",1597,0,26,20,12,20.4881614031983,43.6254485044466
"1555",1597,0,30,0.1,18,24.8681485631568,-0.890878711461758
"1556",1597,0,27,20,12,20.4881614031983,43.6254485044466
"1557",1597,0,28,20,12,20.4881614031983,43.6254485044466
"1558",1597,0,16,28,11,6.5026241206446,68.1096456185641
"1559",1597,0,20,0.1,13.2,9.4054081412201,-2.87268132479932
"1560",1597,0,29,2,12,9.91144220636694,-0.192926725671888
"1561",1598,0,9,2.3,9.2,2.43875167772453,-2.72994405736562
"1562",1598,0,10,1.5,7,-5.51621393368357,-7.91127513340618
"1563",1598,0,8,18.6,9.5,16.3088307338109,38.9173623357527
"1564",1598,0,12,11.1,1,-3.12270486048618,5.07658090234321
"1565",1598,0,13,5.6,6.2,0.84671904936317,0.378450006367328
"1566",1598,0,1,16,10.1,18.455390763243,31.880094875587
"1567",1598,0,11,14.4,15,30.1702914210691,28.5980776346614
"1568",1598,0,2,22,9.8,14.1150496767665,49.1443343647
"1569",1598,0,6,12.5,13.5,26.2543473554895,23.9894277993175
"1570",1598,0,26,5.2,9.9,9.8634860075196,4.57395966216593
"1571",1598,0,14,9.8,7,8.63550928645489,12.2843279272316
"1572",1598,0,5,13,1.9,0.437301496140169,12.6975078276242
"1573",1598,0,22,9.6,5.9,5.84910981641502,10.1679245528921
"1574",1598,0,29,6.6,9.8,11.7318822738876,7.69561531133558
"1575",1598,0,4,13.5,8.9,15.53699919611,24.2244430796051
"1576",1598,0,21,7.9,4,-0.757963430702854,2.32655603531657
"1577",1598,0,28,13,8,13.309268318582,22.0203605515917
"1578",1598,0,3,6.4,12,17.3892332623244,9.15491559242153
"1579",1598,0,7,8.3,5.5,3.31570321849373,6.08638399519276
"1580",1598,0,27,4.5,6.1,-1.4371626908901,-2.48516291280411
"1581",1598,0,15,19.7,6.9,10.5965860701349,40.3904252934359
"1582",1598,0,19,10.1,8.6,12.745271347008,14.9979352513076
"1583",1598,0,23,3.4,8.9,3.87163138531782,-0.708320452407564
"1584",1598,0,30,1.2,12.5,9.71942377910745,-1.34412176180794
"1585",1598,0,18,2.3,7.9,-1.19268523282119,-4.62651591243284
"1586",1598,0,25,8.9,7,7.64549025532807,9.94271055352502
"1587",1598,0,16,8,8.5,10.2435750063481,9.60768128235364
"1588",1598,0,17,8,7.6,7.9989417627313,8.47002226203782
"1589",1598,0,24,12,7,10.4979694281521,18.1636594420217
"1590",1598,0,20,22,6.5,8.11155336126814,47.2687400811017
"1591",1599,0,1,10.1,16,31.880094875587,18.455390763243
"1592",1599,0,5,1.9,13,12.6975078276242,0.437301496140169
"1593",1599,0,28,8,13,22.0203605515917,13.309268318582
"1594",1599,0,16,8.5,8,9.60768128235364,10.2435750063481
"1595",1599,0,4,8.9,13.5,24.2244430796051,15.53699919611
"1596",1599,0,27,6.1,4.5,-2.48516291280411,-1.4371626908901
"1597",1599,0,15,6.9,19.7,40.3904252934359,10.5965860701349
"1598",1599,0,3,12,6.4,9.15491559242153,17.3892332623244
"1599",1599,0,26,9.9,5.2,4.57395966216593,9.8634860075196
"1600",1599,0,14,7,9.8,12.2843279272316,8.63550928645489
"1601",1599,0,2,9.8,22,49.1443343647,14.1150496767665
"1602",1599,0,6,13.5,12.5,23.9894277993175,26.2543473554895
"1603",1599,0,29,9.8,6.6,7.69561531133558,11.7318822738876
"1604",1599,0,17,7.6,8,8.47002226203782,7.9989417627313
"1605",1599,0,21,4,7.9,2.32655603531657,-0.757963430702854
"1606",1599,0,9,9.2,2.3,-2.72994405736562,2.43875167772453
"1607",1599,0,13,6.2,5.6,0.378450006367328,0.84671904936317
"1608",1599,0,20,6.5,22,47.2687400811017,8.11155336126814
"1609",1599,0,8,9.5,18.6,38.9173623357527,16.3088307338109
"1610",1599,0,12,1,11.1,5.07658090234321,-3.12270486048618
"1611",1599,0,19,8.6,10.1,14.9979352513076,12.745271347008
"1612",1599,0,7,5.5,8.3,6.08638399519276,3.31570321849373
"1613",1599,0,30,12.5,1.2,-1.34412176180794,9.71942377910745
"1614",1599,0,18,7.9,2.3,-4.62651591243284,-1.19268523282119
"1615",1599,0,22,5.9,9.6,10.1679245528921,5.84910981641502
"1616",1599,0,10,7,1.5,-7.91127513340618,-5.51621393368357
"1617",1599,0,23,8.9,3.4,-0.708320452407564,3.87163138531782
"1618",1599,0,24,7,12,18.1636594420217,10.4979694281521
"1619",1599,0,25,7,8.9,9.94271055352502,7.64549025532807
"1620",1599,0,11,15,14.4,28.5980776346614,30.1702914210691
"1621",2190,0,20,7.1,8.7,9.56672463227217,7.64894976403362
"1622",2190,0,6,4.7,4.5,-5.09926887970552,-4.9975401141022
"1623",2190,0,7,6,5.8,0.53537566259683,0.691465343595443
"1624",2190,0,8,3,6.1,-4.52622993212348,-6.07061833018173
"1625",2190,0,21,9.2,8.7,12.1155922046837,12.824664084018
"1626",2190,0,9,8.3,6.1,4.74187759446638,7.05683415479926
"1627",2190,0,13,7.2,10.1,13.3365692329674,9.40585231895907
"1628",2190,0,1,28,5.4,-2.06744030659372,66.6030483757918
"1629",2190,0,24,5.3,8.8,7.07373817513432,3.50061997125082
"1630",2190,0,12,8,10.1,14.3251648595532,11.3031560731454
"1631",2190,0,19,8.7,7.3,8.13321751578848,9.84054178763314
"1632",2190,0,23,7.7,9,11.1320683258535,9.45156418577026
"1633",2190,0,11,13.2,8.3,14.070810017438,22.8638039494768
"1634",2190,0,18,7.3,2.8,-4.45636286999294,-1.74407774516632
"1635",2190,0,22,8.8,8.8,11.9344,11.9344
"1636",2190,0,10,16.3,6.6,11.039380796936,29.86557601885
"1637",2190,0,14,7.1,4.1,-1.76089821113572,0.392274604398266
"1638",2190,0,2,6.2,1.8,-8.67760673725235,-6.99154626568509
"1639",2190,0,25,16.1,4.4,6.67296895723886,26.4453644842846
"1640",2190,0,29,6.9,9.1,10.3208249453679,7.63788680389773
"1641",2190,0,17,4.2,6.2,-1.76635759607265,-3.03454178469956
"1642",2190,0,5,2.1,1,-19.6902514422294,-19.8322081204541
"1643",2190,0,28,5.1,6.3,0.205542501197477,-0.680816278275473
"1644",2190,0,16,5.3,6.4,0.822817129199119,-0.0241766918827135
"1645",2190,0,4,16.7,2.1,2.45475730306959,24.53331469558
"1646",2190,0,27,10.5,7.3,10.0134702142482,14.518077370975
"1647",2190,0,15,6.8,5.1,0.144214285589242,1.48874841180283
"1648",2190,0,3,2.7,2.3,-14.976207966811,-14.9483780084199
"1649",2190,0,26,8.2,5.8,3.89292817399935,6.31797671768867
"1650",2190,0,30,5.3,9.1,7.8735572834482,3.87499595196416
"1651",2191,0,11,8.3,13.2,22.8638039494768,14.070810017438
"1652",2191,0,7,5.8,6,0.691465343595443,0.53537566259683
"1653",2191,0,14,4.1,7.1,0.392274604398266,-1.76089821113572
"1654",2191,0,15,5.1,6.8,1.48874841180283,0.144214285589242
"1655",2191,0,6,4.5,4.7,-4.9975401141022,-5.09926887970552
"1656",2191,0,13,10.1,7.2,9.40585231895907,13.3365692329674
"1657",2191,0,1,5.4,28,66.6030483757918,-2.06744030659372
"1658",2191,0,8,6.1,3,-6.07061833018173,-4.52622993212348
"1659",2191,0,12,10.1,8,11.3031560731454,14.3251648595532
"1660",2191,0,16,6.4,5.3,-0.0241766918827135,0.822817129199119
"1661",2191,0,4,2.1,16.7,24.53331469558,2.45475730306959
"1662",2191,0,24,8.8,5.3,3.50061997125082,7.07373817513432
"1663",2191,0,28,6.3,5.1,-0.680816278275473,0.205542501197477
"1664",2191,0,3,2.3,2.7,-14.9483780084199,-14.976207966811
"1665",2191,0,10,6.6,16.3,29.86557601885,11.039380796936
"1666",2191,0,27,7.3,10.5,14.518077370975,10.0134702142482
"1667",2191,0,2,1.8,6.2,-6.99154626568509,-8.67760673725235
"1668",2191,0,9,6.1,8.3,7.05683415479926,4.74187759446638
"1669",2191,0,26,5.8,8.2,6.31797671768867,3.89292817399935
"1670",2191,0,17,6.2,4.2,-3.03454178469956,-1.76635759607265
"1671",2191,0,5,1,2.1,-19.8322081204541,-19.6902514422294
"1672",2191,0,25,4.4,16.1,26.4453644842846,6.67296895723886
"1673",2191,0,29,9.1,6.9,7.63788680389773,10.3208249453679
"1674",2191,0,20,8.7,7.1,7.64894976403362,9.56672463227217
"1675",2191,0,30,9.1,5.3,3.87499595196416,7.8735572834482
"1676",2191,0,18,2.8,7.3,-1.74407774516632,-4.45636286999294
"1677",2191,0,19,7.3,8.7,9.84054178763314,8.13321751578848
"1678",2191,0,23,9,7.7,9.45156418577026,11.1320683258535
"1679",2191,0,21,8.7,9.2,12.824664084018,12.1155922046837
"1680",2191,0,22,8.8,8.8,11.9344,11.9344
"1681",2192,0,2,9,10,15.1600815787904,13.6269435760165
"1682",2192,0,11,10,16,31.8252114550411,18.2356941180092
"1683",2192,0,15,16,11,20.4531649898719,32.3004638803019
"1684",2192,0,3,16,8,13.9374485044466,30.3841614031983
"1685",2192,0,4,16,13,25.0248028637603,32.7604235295023
"1686",2192,0,1,10,16,31.8252114550411,18.2356941180092
"1687",2192,0,5,16,22,47.8526594439454,26.7362461291048
"1688",2192,0,6,18,15,28.7005615322762,37.6906648609863
"1689",2192,0,10,14,10,18.1745230137677,26.3978794631435
"1690",2192,0,17,24,18,27.8497634661367,51.4751421069135
"1691",2192,0,8,13,16,32.7604235295023,25.0248028637603
"1692",2192,0,12,14,15,30.2027826883605,27.6242424664465
"1693",2192,0,16,24,12,15.643880494228,55.3677417979728
"1694",2192,0,7,17,10,18.0210070694693,34.6072255160713
"1695",2192,0,24,25,25,41.9125,41.9125
"1696",2192,0,28,15,17,35.1057111972699,29.3213894219579
"1697",2192,0,19,22,21,38.1904609130484,42.2325642417585
"1698",2192,0,23,24,24,41.696,41.696
"1699",2192,0,14,12,14,27.3789698657859,22.8491307534419
"1700",2192,0,18,22,22,40.618,40.618
"1701",2192,0,9,12,13,24.8307022445325,22.6703229102745
"1702",2192,0,13,10,17,34.6072255160713,18.0210070694693
"1703",2192,0,30,14,22,48.9560920550707,22.4735178525741
"1704",2192,0,21,23,22,38.8399206911344,43.0911044636725
"1705",2192,0,25,26,12,12.2406496371006,61.5122807050617
"1706",2192,0,29,12,14,27.3789698657859,22.8491307534419
"1707",2192,0,20,21,23,44.754193860238,36.4609067589898
"1708",2192,0,27,16,16,32.224,32.224
"1709",2192,0,22,23,23,41.2645,41.2645
"1710",2192,0,26,20,14,24.762728792073,43.3701767809773
"1711",2193,0,2,10,9,13.6269435760165,15.1600815787904
"1712",2193,0,6,15,18,37.6906648609863,28.7005615322762
"1713",2193,0,3,8,16,30.3841614031983,13.9374485044466
"1714",2193,0,1,16,10,18.2356941180092,31.8252114550411
"1715",2193,0,8,16,13,25.0248028637603,32.7604235295023
"1716",2193,0,15,11,16,32.3004638803019,20.4531649898719
"1717",2193,0,19,21,22,42.2325642417585,38.1904609130484
"1718",2193,0,7,10,17,34.6072255160713,18.0210070694693
"1719",2193,0,14,14,12,22.8491307534419,27.3789698657859
"1720",2193,0,5,22,16,26.7362461291048,47.8526594439454
"1721",2193,0,9,13,12,22.6703229102745,24.8307022445325
"1722",2193,0,10,10,14,26.3978794631435,18.1745230137677
"1723",2193,0,4,13,16,32.7604235295023,25.0248028637603
"1724",2193,0,21,22,23,43.0911044636725,38.8399206911344
"1725",2193,0,12,15,14,27.6242424664465,30.2027826883605
"1726",2193,0,16,12,24,55.3677417979728,15.643880494228
"1727",2193,0,20,23,21,36.4609067589898,44.754193860238
"1728",2193,0,11,16,10,18.2356941180092,31.8252114550411
"1729",2193,0,28,17,15,29.3213894219579,35.1057111972699
"1730",2193,0,22,23,23,41.2645,41.2645
"1731",2193,0,23,24,24,41.696,41.696
"1732",2193,0,27,16,16,32.224,32.224
"1733",2193,0,18,22,22,40.618,40.618
"1734",2193,0,25,12,26,61.5122807050617,12.2406496371006
"1735",2193,0,13,17,10,18.0210070694693,34.6072255160713
"1736",2193,0,17,18,24,51.4751421069135,27.8497634661367
"1737",2193,0,24,25,25,41.9125,41.9125
"1738",2193,0,29,14,12,22.8491307534419,27.3789698657859
"1739",2193,0,26,14,20,43.3701767809773,24.762728792073
"1740",2193,0,30,22,14,22.4735178525741,48.9560920550707
"1741",2194,0,6,3,10,6.14675464228485,-0.194522056744278
"1742",2194,0,10,1,3,-17.5074150163223,-17.4374843644499
"1743",2194,0,1,1,3,-17.5074150163223,-17.4374843644499
"1744",2194,0,5,28,10,4.86745510646527,68.2166950509867
"1745",2194,0,12,1,1,-22.6235,-22.6235
"1746",2194,0,3,8,1,-7.33395894994815,-3.91980846451127
"1747",2194,0,7,3,5,-7.41125412866627,-8.17764525210593
"1748",2194,0,11,1,1,-22.6235,-22.6235
"1749",2194,0,2,28,1,-7.7986240687056,61.8219619229726
"1750",2194,0,19,15,14,27.6242424664465,30.2027826883605
"1751",2194,0,23,15,13,25.2215503096139,30.1695503096139
"1752",2194,0,14,1,16,20.1897616078762,0.328898223687634
"1753",2194,0,18,18,14,26.3978794631435,37.9665230137677
"1754",2194,0,9,3,0.1,-19.5929145118315,-19.967163936242
"1755",2194,0,13,1,1,-22.6235,-22.6235
"1756",2194,0,4,23,28,54.0708771951424,29.6787516750314
"1757",2194,0,8,16,3,3.98922856315682,23.9200225992178
"1758",2194,0,25,15,10,18.2868660994419,29.0887627707318
"1759",2194,0,16,16,20,42.4608447890797,29.2195576878315
"1760",2194,0,20,13,14,27.6242424664465,25.2547826883605
"1761",2194,0,24,11,15,29.6125403507996,20.5528621261116
"1762",2194,0,15,17,1,0.550937568410342,23.408502062169
"1763",2194,0,22,13,10,17.8986648609863,23.7525615322762
"1764",2194,0,26,16,10,18.2356941180092,31.8252114550411
"1765",2194,0,27,15,10,18.2868660994419,29.0887627707318
"1766",2194,0,21,10,11.5,19.870019717327,17.1782868809886
"1767",2194,0,28,16,10,18.2356941180092,31.8252114550411
"1768",2194,0,29,16,10,18.2356941180092,31.8252114550411
"1769",2194,0,17,16,17,34.7148631321885,31.7181620226185
"1770",2194,0,30,1,1,-22.6235,-22.6235
"1771",2195,0,1,3,1,-17.4374843644499,-17.5074150163223
"1772",2195,0,14,16,1,0.328898223687634,20.1897616078762
"1773",2195,0,2,1,28,61.8219619229726,-7.7986240687056
"1774",2195,0,3,1,8,-3.91980846451127,-7.33395894994815
"1775",2195,0,10,3,1,-17.4374843644499,-17.5074150163223
"1776",2195,0,4,28,23,29.6787516750314,54.0708771951424
"1777",2195,0,5,10,28,68.2166950509867,4.86745510646527
"1778",2195,0,9,0.1,3,-19.967163936242,-19.5929145118315
"1779",2195,0,16,20,16,29.2195576878315,42.4608447890797
"1780",2195,0,7,5,3,-8.17764525210593,-7.41125412866627
"1781",2195,0,11,1,1,-22.6235,-22.6235
"1782",2195,0,15,1,17,23.408502062169,0.550937568410342
"1783",2195,0,6,10,3,-0.194522056744278,6.14675464228485
"1784",2195,0,23,13,15,30.1695503096139,25.2215503096139
"1785",2195,0,27,10,15,29.0887627707318,18.2868660994419
"1786",2195,0,18,14,18,37.9665230137677,26.3978794631435
"1787",2195,0,22,10,13,23.7525615322762,17.8986648609863
"1788",2195,0,13,1,1,-22.6235,-22.6235
"1789",2195,0,17,17,16,31.7181620226185,34.7148631321885
"1790",2195,0,8,3,16,23.9200225992178,3.98922856315682
"1791",2195,0,12,1,1,-22.6235,-22.6235
"1792",2195,0,29,10,16,31.8252114550411,18.2356941180092
"1793",2195,0,20,14,13,25.2547826883605,27.6242424664465
"1794",2195,0,24,15,11,20.5528621261116,29.6125403507996
"1795",2195,0,28,10,16,31.8252114550411,18.2356941180092
"1796",2195,0,19,14,15,30.2027826883605,27.6242424664465
"1797",2195,0,26,10,16,31.8252114550411,18.2356941180092
"1798",2195,0,30,1,1,-22.6235,-22.6235
"1799",2195,0,21,11.5,10,17.1782868809886,19.870019717327
"1800",2195,0,25,10,15,29.0887627707318,18.2868660994419
"1801",2196,0,1,2,0,-22.3899039206219,-22.8779954601503
"1802",2196,0,5,28,14,11.6815234235084,66.807406918654
"1803",2196,0,2,23,10,13.2990683689821,52.2561827933926
"1804",2196,0,7,26,16,19.8074422063669,59.1830732743281
"1805",2196,0,14,26,18,23.8642307513259,57.037379156319
"1806",2196,0,18,28,16,15.3619498423557,65.1216724498452
"1807",2196,0,6,14,14,27.706,27.706
"1808",2196,0,13,28,16,15.3619498423557,65.1216724498452
"1809",2196,0,4,25,12,14.0240225992179,58.4172285631568
"1810",2196,0,8,27,18,21.6261917932599,59.8868457461031
"1811",2196,0,9,17,20,41.7609061924704,31.5163202007922
"1812",2196,0,3,13,16,32.7604235295023,25.0248028637603
"1813",2196,0,20,28,18,19.2246377680868,62.7818777126083
"1814",2196,0,11,27,10,6.88080789318272,64.933461846026
"1815",2196,0,15,20,20,38.68,38.68
"1816",2196,0,19,0,16,18.0793585115449,-1.43291888096552
"1817",2196,0,10,2,22,41.8414220848298,0.724639837950431
"1818",2196,0,27,16,18,37.251291641098,31.0488089781299
"1819",2196,0,21,0,18,24.6594551064652,-1.05530494901324
"1820",2196,0,22,26,18,23.8642307513259,57.037379156319
"1821",2196,0,26,18,20,40.897452528754,33.8586480904738
"1822",2196,0,17,0,22,38.3664328169575,-2.26225789039343
"1823",2196,0,24,20,18,33.8586480904738,40.897452528754
"1824",2196,0,12,25,14,17.813338440023,57.676705291618
"1825",2196,0,16,28,22,27.4967981402006,56.1401074328496
"1826",2196,0,23,21,16,28.0596594420217,45.1339694281521
"1827",2196,0,30,25,18,25.9387546422849,54.2334779432557
"1828",2196,0,28,25,16,21.784915787712,56.282121751651
"1829",2196,0,25,27,18,21.6261917932599,59.8868457461031
"1830",2196,0,29,23,18,29.5972572228816,48.7623716472922
"1831",2197,0,5,14,28,66.807406918654,11.6815234235084
"1832",2197,0,9,20,17,31.5163202007922,41.7609061924704
"1833",2197,0,4,12,25,58.4172285631568,14.0240225992179
"1834",2197,0,11,10,27,64.933461846026,6.88080789318272
"1835",2197,0,2,10,23,52.2561827933926,13.2990683689821
"1836",2197,0,6,14,14,27.706,27.706
"1837",2197,0,10,22,2,0.724639837950431,41.8414220848298
"1838",2197,0,1,0,2,-22.8779954601503,-22.3899039206219
"1839",2197,0,18,16,28,65.1216724498452,15.3619498423557
"1840",2197,0,22,18,26,57.037379156319,23.8642307513259
"1841",2197,0,13,16,28,65.1216724498452,15.3619498423557
"1842",2197,0,17,22,0,-2.26225789039343,38.3664328169575
"1843",2197,0,8,18,27,59.8868457461031,21.6261917932599
"1844",2197,0,12,14,25,57.676705291618,17.813338440023
"1845",2197,0,3,16,13,25.0248028637603,32.7604235295023
"1846",2197,0,7,16,26,59.1830732743281,19.8074422063669
"1847",2197,0,24,18,20,40.897452528754,33.8586480904738
"1848",2197,0,15,20,20,38.68,38.68
"1849",2197,0,19,16,0,-1.43291888096552,18.0793585115449
"1850",2197,0,23,16,21,45.1339694281521,28.0596594420217
"1851",2197,0,14,18,26,57.037379156319,23.8642307513259
"1852",2197,0,21,18,0,-1.05530494901324,24.6594551064652
"1853",2197,0,25,18,27,59.8868457461031,21.6261917932599
"1854",2197,0,26,20,18,33.8586480904738,40.897452528754
"1855",2197,0,30,18,25,54.2334779432557,25.9387546422849
"1856",2197,0,27,18,16,31.0488089781299,37.251291641098
"1857",2197,0,28,16,25,56.282121751651,21.784915787712
"1858",2197,0,16,22,28,56.1401074328496,27.4967981402006
"1859",2197,0,20,18,28,62.7818777126083,19.2246377680868
"1860",2197,0,29,18,23,48.7623716472922,29.5972572228816
"1861",2198,0,9,18,10,17.6428049538224,37.4348049538224
"1862",2198,0,10,12,12,22.328,22.328
"1863",2198,0,8,24,0,-3.84682476372583,45.4933139325294
"1864",2198,0,12,2,16,22.1366496371006,2.13628070506175
"1865",2198,0,13,8,27,64.5599651999361,3.65011568537302
"1866",2198,0,1,12,22,49.4054643977678,18.3930510829273
"1867",2198,0,11,16,15,29.7787022445325,32.5663229102745
"1868",2198,0,2,24,12,15.643880494228,55.3677417979728
"1869",2198,0,6,0,24,45.4933139325294,-3.84682476372583
"1870",2198,0,26,12,18,38.0276941180092,21.9292114550411
"1871",2198,0,14,12,0,-4.15032755015476,5.46594984235564
"1872",2198,0,5,14,18,37.9665230137677,26.3978794631435
"1873",2198,0,22,4,20,38.1059327140414,5.21250691653795
"1874",2198,0,29,8,10,14.0666480904738,11.209452528754
"1875",2198,0,4,16,12,22.7162012384556,32.6122012384556
"1876",2198,0,21,12,0,-4.15032755015476,5.46594984235564
"1877",2198,0,28,10,28,68.2166950509867,4.86745510646527
"1878",2198,0,3,12,22,49.4054643977678,18.3930510829273
"1879",2198,0,7,26,12,12.2406496371006,61.5122807050617
"1880",2198,0,27,14,12,22.8491307534419,27.3789698657859
"1881",2198,0,15,14,0,-2.46459308134602,11.6815234235083
"1882",2198,0,19,5,9,7.09957502486337,3.05782745204784
"1883",2198,0,23,8,4,-0.610511660296128,2.59491413720734
"1884",2198,0,30,10,12,21.1528089781298,17.4592916410979
"1885",2198,0,18,11,16,32.3004638803019,20.4531649898719
"1886",2198,0,25,18,18,35.882,35.882
"1887",2198,0,16,8,12,19.3235576878315,12.7728447890797
"1888",2198,0,17,9,28,68.1602294163023,3.27785146900689
"1889",2198,0,24,2,6,-7.05940763810473,-8.59218988498406
"1890",2198,0,20,19,7,11.1587938090686,38.3378284831323
"1891",2199,0,1,22,12,18.3930510829273,49.4054643977678
"1892",2199,0,5,18,14,26.3978794631435,37.9665230137677
"1893",2199,0,28,28,10,4.86745510646527,68.2166950509867
"1894",2199,0,16,12,8,12.7728447890797,19.3235576878315
"1895",2199,0,4,12,16,32.6122012384556,22.7162012384556
"1896",2199,0,27,12,14,27.3789698657859,22.8491307534419
"1897",2199,0,15,0,14,11.6815234235083,-2.46459308134602
"1898",2199,0,3,22,12,18.3930510829273,49.4054643977678
"1899",2199,0,26,18,12,21.9292114550411,38.0276941180092
"1900",2199,0,14,0,12,5.46594984235564,-4.15032755015476
"1901",2199,0,2,12,24,55.3677417979728,15.643880494228
"1902",2199,0,6,24,0,-3.84682476372583,45.4933139325294
"1903",2199,0,29,10,8,11.209452528754,14.0666480904738
"1904",2199,0,17,28,9,3.27785146900689,68.1602294163023
"1905",2199,0,21,0,12,5.46594984235564,-4.15032755015476
"1906",2199,0,9,10,18,37.4348049538224,17.6428049538224
"1907",2199,0,13,27,8,3.65011568537302,64.5599651999361
"1908",2199,0,20,7,19,38.3378284831323,11.1587938090686
"1909",2199,0,8,0,24,45.4933139325294,-3.84682476372583
"1910",2199,0,12,16,2,2.13628070506175,22.1366496371006
"1911",2199,0,19,9,5,3.05782745204784,7.09957502486337
"1912",2199,0,7,12,26,61.5122807050617,12.2406496371006
"1913",2199,0,30,12,10,17.4592916410979,21.1528089781298
"1914",2199,0,18,16,11,20.4531649898719,32.3004638803019
"1915",2199,0,22,20,4,5.21250691653795,38.1059327140414
"1916",2199,0,10,12,12,22.328,22.328
"1917",2199,0,23,4,8,2.59491413720734,-0.610511660296128
"1918",2199,0,24,6,2,-8.59218988498406,-7.05940763810473
"1919",2199,0,25,18,18,35.882,35.882
"1920",2199,0,11,15,16,32.5663229102745,29.7787022445325
"1921",2292,0,1,18,28,62.7818777126083,19.2246377680868
"1922",2292,0,16,19.1,16,30.1236607266837,40.0939910110111
"1923",2292,0,15,16,14,27.3789698657859,32.7451307534419
"1924",2292,0,17,14.7,19.1,40.702681730154,27.1492152669085
"1925",2292,0,2,20,15,26.9683605515918,42.997268318582
"1926",2292,0,7,5,27,62.7733572274984,-0.854182300934325
"1927",2292,0,19,16.5,14.6,28.6148294508898,33.9311713579633
"1928",2292,0,4,12,2.5,0.824901840899429,10.9206183804279
"1929",2292,0,9,10,16.5,33.210522813466,18.1487899771276
"1930",2292,0,21,16.4,7.5,12.8736376049503,31.0775649073082
"1931",2292,0,6,8.7,9.6,13.8332971190422,12.5193332563515
"1932",2292,0,18,13.6,19.1,41.0018878346937,24.6925230982166
"1933",2292,0,3,28,8.7,2.80985562622996,68.1114042878111
"1934",2292,0,8,16.3,12,22.6398491130557,33.4129059993248
"1935",2292,0,20,9.1,16.5,32.6648265680179,16.2138609092107
"1936",2292,0,5,1.6,4.8,-11.2332612767365,-11.9242411380403
"1937",2292,0,10,10,14.7,28.2767134138996,18.2703322557859
"1938",2292,0,22,10,14.7,28.2767134138996,18.2703322557859
"1939",2292,0,27,12,22,49.4054643977678,18.3930510829273
"1940",2292,0,12,14.8,13.4,26.2007690206429,29.6936402827788
"1941",2292,0,24,16.8,19.5,40.6139098758178,31.5913635027249
"1942",2292,0,29,18,18.5,37.1187761159182,35.4374801727836
"1943",2292,0,14,14,17.5,36.6440879324159,26.7044702139693
"1944",2292,0,26,25.9,13.8,15.7499168494598,60.4850760658259
"1945",2292,0,11,13.4,10,18.0286299301517,24.8052208594166
"1946",2292,0,23,18.7,15.5,29.3201347912246,39.3110127939985
"1947",2292,0,28,17,19,39.181872084926,32.5612285343018
"1948",2292,0,13,14,14.8,29.6997809205507,27.6536751785257
"1949",2292,0,25,15.2,17,35.0406227896222,29.7970987119523
"1950",2292,0,30,18,4.5,6.79497297034094,32.4318614932258
"1951",2293,0,1,28,18,19.2246377680868,62.7818777126083
"1952",2293,0,8,12,16.3,33.4129059993248,22.6398491130557
"1953",2293,0,13,14.8,14,27.6536751785257,29.6997809205507
"1954",2293,0,3,8.7,28,68.1114042878111,2.80985562622996
"1955",2293,0,2,15,20,42.997268318582,26.9683605515918
"1956",2293,0,7,27,5,-0.854182300934325,62.7733572274984
"1957",2293,0,4,2.5,12,10.9206183804279,0.824901840899429
"1958",2293,0,9,16.5,10,18.1487899771276,33.210522813466
"1959",2293,0,14,17.5,14,26.7044702139693,36.6440879324159
"1960",2293,0,6,9.6,8.7,12.5193332563515,13.8332971190422
"1961",2293,0,11,10,13.4,24.8052208594166,18.0286299301517
"1962",2293,0,16,16,19.1,40.0939910110111,30.1236607266837
"1963",2293,0,21,7.5,16.4,31.0775649073082,12.8736376049503
"1964",2293,0,26,13.8,25.9,60.4850760658259,15.7499168494598
"1965",2293,0,5,4.8,1.6,-11.9242411380403,-11.2332612767365
"1966",2293,0,10,14.7,10,18.2703322557859,28.2767134138996
"1967",2293,0,15,14,16,32.7451307534419,27.3789698657859
"1968",2293,0,20,16.5,9.1,16.2138609092107,32.6648265680179
"1969",2293,0,12,13.4,14.8,29.6936402827788,26.2007690206429
"1970",2293,0,17,19.1,14.7,27.1492152669085,40.702681730154
"1971",2293,0,22,14.7,10,18.2703322557859,28.2767134138996
"1972",2293,0,27,22,12,18.3930510829273,49.4054643977678
"1973",2293,0,19,14.6,16.5,33.9311713579633,28.6148294508898
"1974",2293,0,24,19.5,16.8,31.5913635027249,40.6139098758178
"1975",2293,0,29,18.5,18,35.4374801727836,37.1187761159182
"1976",2293,0,28,19,17,32.5612285343018,39.181872084926
"1977",2293,0,18,19.1,13.6,24.6925230982166,41.0018878346937
"1978",2293,0,23,15.5,18.7,39.3110127939985,29.3201347912246
"1979",2293,0,25,17,15.2,29.7970987119523,35.0406227896222
"1980",2293,0,30,4.5,18,32.4318614932258,6.79497297034094
"1981",2294,0,1,3,10,6.14675464228485,-0.194522056744278
"1982",2294,0,6,4,1,-15.0897491473354,-14.881024459402
"1983",2294,0,8,1,1,-22.6235,-22.6235
"1984",2294,0,13,1,1,-22.6235,-22.6235
"1985",2294,0,5,1,18,26.6728078931827,0.609461846026012
"1986",2294,0,3,1,10,1.83419179325986,-4.43715425389687
"1987",2294,0,2,3,20,36.680175438259,3.50809430094973
"1988",2294,0,7,3,1,-17.4374843644499,-17.5074150163223
"1989",2294,0,12,4,1,-15.0897491473354,-14.881024459402
"1990",2294,0,4,2,3,-14.9296999746076,-14.9992748705854
"1991",2294,0,9,4,1,-15.0897491473354,-14.881024459402
"1992",2294,0,14,5,1,-12.905528997328,-12.2090685257608
"1993",2294,0,19,3,1,-17.4374843644499,-17.5074150163223
"1994",2294,0,11,1,1,-22.6235,-22.6235
"1995",2294,0,16,1,1,-22.6235,-22.6235
"1996",2294,0,21,2,1,-19.9487346486714,-20.0882401965216
"1997",2294,0,26,12,1,-2.1944098262738,7.77045355791482
"1998",2294,0,18,1,2,-20.0882401965216,-19.9487346486714
"1999",2294,0,10,2,1,-19.9487346486714,-20.0882401965216
"2000",2294,0,15,2,1,-19.9487346486714,-20.0882401965216
"2001",2294,0,20,1,1,-22.6235,-22.6235
"2002",2294,0,25,5,1,-12.905528997328,-12.2090685257608
"2003",2294,0,17,10,1,-4.43715425389687,1.83419179325986
"2004",2294,0,22,1,1,-22.6235,-22.6235
"2005",2294,0,27,1,1,-22.6235,-22.6235
"2006",2294,0,24,1,1,-22.6235,-22.6235
"2007",2294,0,29,1,1,-22.6235,-22.6235
"2008",2294,0,28,1,1,-22.6235,-22.6235
"2009",2294,0,23,1,1,-22.6235,-22.6235
"2010",2294,0,30,3,1,-17.4374843644499,-17.5074150163223
"2011",2295,0,4,3,2,-14.9992748705854,-14.9296999746076
"2012",2295,0,1,10,3,-0.194522056744278,6.14675464228485
"2013",2295,0,6,1,4,-14.881024459402,-15.0897491473354
"2014",2295,0,11,1,1,-22.6235,-22.6235
"2015",2295,0,3,10,1,-4.43715425389687,1.83419179325986
"2016",2295,0,8,1,1,-22.6235,-22.6235
"2017",2295,0,13,1,1,-22.6235,-22.6235
"2018",2295,0,5,18,1,0.609461846026012,26.6728078931827
"2019",2295,0,10,1,2,-20.0882401965216,-19.9487346486714
"2020",2295,0,2,20,3,3.50809430094973,36.680175438259
"2021",2295,0,7,1,3,-17.5074150163223,-17.4374843644499
"2022",2295,0,12,1,4,-14.881024459402,-15.0897491473354
"2023",2295,0,17,1,10,1.83419179325986,-4.43715425389687
"2024",2295,0,9,1,4,-14.881024459402,-15.0897491473354
"2025",2295,0,14,1,5,-12.2090685257608,-12.905528997328
"2026",2295,0,19,1,3,-17.5074150163223,-17.4374843644499
"2027",2295,0,24,1,1,-22.6235,-22.6235
"2028",2295,0,16,1,1,-22.6235,-22.6235
"2029",2295,0,21,1,2,-20.0882401965216,-19.9487346486714
"2030",2295,0,26,1,12,7.77045355791482,-2.1944098262738
"2031",2295,0,18,2,1,-19.9487346486714,-20.0882401965216
"2032",2295,0,23,1,1,-22.6235,-22.6235
"2033",2295,0,15,1,2,-20.0882401965216,-19.9487346486714
"2034",2295,0,20,1,1,-22.6235,-22.6235
"2035",2295,0,25,1,5,-12.2090685257608,-12.905528997328
"2036",2295,0,30,1,3,-17.5074150163223,-17.4374843644499
"2037",2295,0,22,1,1,-22.6235,-22.6235
"2038",2295,0,27,1,1,-22.6235,-22.6235
"2039",2295,0,29,1,1,-22.6235,-22.6235
"2040",2295,0,28,1,1,-22.6235,-22.6235
"2041",2296,0,3,12,18,38.0276941180092,21.9292114550411
"2042",2296,0,2,8,10,14.0666480904738,11.209452528754
"2043",2296,0,4,2,22,41.8414220848298,0.724639837950431
"2044",2296,0,9,16,10,18.2356941180092,31.8252114550411
"2045",2296,0,1,4,28,65.4251752362742,-3.98668606747061
"2046",2296,0,6,10,12,21.1528089781298,17.4592916410979
"2047",2296,0,11,16,4,5.88774179797285,25.539880494228
"2048",2296,0,16,14,16,32.7451307534419,27.3789698657859
"2049",2296,0,8,8,18,36.1878555212074,13.5386599594876
"2050",2296,0,13,2,16,22.1366496371006,2.13628070506175
"2051",2296,0,5,0,16,18.0793585115449,-1.43291888096552
"2052",2296,0,10,16,20,42.4608447890797,29.2195576878315
"2053",2296,0,15,16,4,5.88774179797285,25.539880494228
"2054",2296,0,7,2,14,15.9329151682918,1.29870712390905
"2055",2296,0,12,4,16,25.539880494228,5.88774179797285
"2056",2296,0,17,4,12,13.70287430195,3.94673560569482
"2057",2296,0,22,16,16,32.224,32.224
"2058",2296,0,14,10,6,6.5111665643918,11.3892359125194
"2059",2296,0,19,2,10,4.07223075132588,-2.33862084368105
"2060",2296,0,24,12,18,38.0276941180092,21.9292114550411
"2061",2296,0,29,12,28,67.8390811190345,8.18335851154489
"2062",2296,0,21,16,16,32.224,32.224
"2063",2296,0,26,12,12,22.328,22.328
"2064",2296,0,18,20,10,16.3958555212075,43.2266599594876
"2065",2296,0,23,14,14,27.706,27.706
"2066",2296,0,28,10,18,37.4348049538224,17.6428049538224
"2067",2296,0,20,6,10,11.3892359125194,6.5111665643918
"2068",2296,0,25,12,20,43.6254485044466,20.4881614031983
"2069",2296,0,30,10,26,61.6957940177862,8.73064561279314
"2070",2296,0,27,16,16,32.224,32.224
"2071",2297,0,1,28,4,-3.98668606747061,65.4251752362742
"2072",2297,0,8,18,8,13.5386599594876,36.1878555212074
"2073",2297,0,3,18,12,21.9292114550411,38.0276941180092
"2074",2297,0,2,10,8,11.209452528754,14.0666480904738
"2075",2297,0,7,14,2,1.29870712390905,15.9329151682918
"2076",2297,0,4,22,2,0.724639837950431,41.8414220848298
"2077",2297,0,9,10,16,31.8252114550411,18.2356941180092
"2078",2297,0,14,6,10,11.3892359125194,6.5111665643918
"2079",2297,0,6,12,10,17.4592916410979,21.1528089781298
"2080",2297,0,11,4,16,25.539880494228,5.88774179797285
"2081",2297,0,16,16,14,27.3789698657859,32.7451307534419
"2082",2297,0,21,16,16,32.224,32.224
"2083",2297,0,13,16,2,2.13628070506175,22.1366496371006
"2084",2297,0,5,16,0,-1.43291888096552,18.0793585115449
"2085",2297,0,10,20,16,29.2195576878315,42.4608447890797
"2086",2297,0,15,4,16,25.539880494228,5.88774179797285
"2087",2297,0,20,10,6,6.5111665643918,11.3892359125194
"2088",2297,0,12,16,4,5.88774179797285,25.539880494228
"2089",2297,0,17,12,4,3.94673560569482,13.70287430195
"2090",2297,0,22,16,16,32.224,32.224
"2091",2297,0,27,16,16,32.224,32.224
"2092",2297,0,19,10,2,-2.33862084368105,4.07223075132588
"2093",2297,0,24,18,12,21.9292114550411,38.0276941180092
"2094",2297,0,29,28,12,8.18335851154489,67.8390811190345
"2095",2297,0,28,18,10,17.6428049538224,37.4348049538224
"2096",2297,0,26,12,12,22.328,22.328
"2097",2297,0,18,10,20,43.2266599594876,16.3958555212075
"2098",2297,0,23,14,14,27.706,27.706
"2099",2297,0,25,20,12,20.4881614031983,43.6254485044466
"2100",2297,0,30,26,10,8.73064561279314,61.6957940177862
"2101",2298,0,1,28,5,-2.62490931361703,66.2992162064939
"2102",2298,0,6,20,2,1.84924706208246,35.0909030953695
"2103",2298,0,8,15,3,3.70072446094094,20.8438978312599
"2104",2298,0,13,16,3,3.98922856315682,23.9200225992178
"2105",2298,0,3,17,8,13.8198117655206,33.2632257738424
"2106",2298,0,2,16,7,11.8566737627467,29.4183637766163
"2107",2298,0,7,12,5,6.08491483645961,15.353317749081
"2108",2298,0,12,7,0,-11.2261773965501,-9.27559001790932
"2109",2298,0,4,14,10,18.1745230137677,26.3978794631435
"2110",2298,0,9,10,4,1.99514210691346,8.05776346613676
"2111",2298,0,14,21,5,6.33636336591381,42.5750762646655
"2112",2298,0,19,1,14,13.8889768294536,-0.605725667078966
"2113",2298,0,11,6,6,1.034,1.034
"2114",2298,0,16,6,2,-8.59218988498406,-7.05940763810473
"2115",2298,0,21,3,20,36.680175438259,3.50809430094973
"2116",2298,0,26,4,14,19.5302466446471,5.24426883604795
"2117",2298,0,5,15,12,22.8644235295023,29.9728028637603
"2118",2298,0,10,22,1,-0.791591714581978,40.1856849844472
"2119",2298,0,15,5,25,55.8583353996703,2.19672652310997
"2120",2298,0,20,7,16,29.4183637766163,11.8566737627467
"2121",2298,0,25,3,16,23.9200225992178,3.98922856315682
"2122",2298,0,17,16,1,0.328898223687634,20.1897616078762
"2123",2298,0,22,10,1,-4.43715425389687,1.83419179325986
"2124",2298,0,27,11,1,-3.23402450653181,4.77953998722687
"2125",2298,0,24,8,2,-5.13837523011844,-1.58471919683134
"2126",2298,0,29,7,22,47.667381580137,8.98927825142686
"2127",2298,0,28,6,8,6.12048720281778,4.09961341641002
"2128",2298,0,18,2,12,9.91144220636694,-0.192926725671888
"2129",2298,0,23,4,1,-15.0897491473354,-14.881024459402
"2130",2298,0,30,3,0,-19.8301284815934,-20.248645125144
"2131",2299,0,1,5,28,66.2992162064939,-2.62490931361703
"2132",2299,0,6,2,20,35.0909030953695,1.84924706208246
"2133",2299,0,18,12,2,-0.192926725671888,9.91144220636694
"2134",2299,0,3,8,17,33.2632257738424,13.8198117655206
"2135",2299,0,8,3,15,20.8438978312599,3.70072446094094
"2136",2299,0,20,16,7,11.8566737627467,29.4183637766163
"2137",2299,0,5,12,15,29.9728028637603,22.8644235295023
"2138",2299,0,17,1,16,20.1897616078762,0.328898223687634
"2139",2299,0,2,7,16,29.4183637766163,11.8566737627467
"2140",2299,0,7,5,12,15.353317749081,6.08491483645961
"2141",2299,0,19,14,1,-0.605725667078966,13.8889768294536
"2142",2299,0,4,10,14,26.3978794631435,18.1745230137677
"2143",2299,0,9,4,10,8.05776346613676,1.99514210691346
"2144",2299,0,21,20,3,3.50809430094973,36.680175438259
"2145",2299,0,26,14,4,5.24426883604795,19.5302466446471
"2146",2299,0,11,6,6,1.034,1.034
"2147",2299,0,23,1,4,-14.881024459402,-15.0897491473354
"2148",2299,0,28,8,6,4.09961341641002,6.12048720281778
"2149",2299,0,13,3,16,23.9200225992178,3.98922856315682
"2150",2299,0,25,16,3,3.98922856315682,23.9200225992178
"2151",2299,0,10,1,22,40.1856849844472,-0.791591714581978
"2152",2299,0,22,1,10,1.83419179325986,-4.43715425389687
"2153",2299,0,27,1,11,4.77953998722687,-3.23402450653181
"2154",2299,0,12,0,7,-9.27559001790932,-11.2261773965501
"2155",2299,0,24,2,8,-1.58471919683134,-5.13837523011844
"2156",2299,0,29,22,7,8.98927825142686,47.667381580137
"2157",2299,0,14,5,21,42.5750762646655,6.33636336591381
"2158",2299,0,16,2,6,-7.05940763810473,-8.59218988498406
"2159",2299,0,15,25,5,2.19672652310997,55.8583353996703
"2160",2299,0,30,0,3,-20.248645125144,-19.8301284815934
"2161",2590,0,20,23,21,36.4609067589898,44.754193860238
"2162",2590,0,6,16,12.5,23.8648063790178,32.7067517673673
"2163",2590,0,7,10,15,29.0887627707318,18.2868660994419
"2164",2590,0,8,14,14,27.706,27.706
"2165",2590,0,21,19,23,47.5898274520478,31.8395750248634
"2166",2590,0,9,10,18.1,37.7200689933172,17.5959914135668
"2167",2590,0,13,10,11.5,19.870019717327,17.1782868809886
"2168",2590,0,1,2,28,63.1865480945135,-6.5735434450149
"2169",2590,0,24,20,10.7,17.8074303334962,43.4406353057569
"2170",2590,0,12,10.5,10.6,17.9787887492137,17.8035215023344
"2171",2590,0,19,22,24,45.609774304066,36.8983263151618
"2172",2590,0,23,14,18.6,39.5684816857078,25.9760105900073
"2173",2590,0,11,20,5.2,7.31794835251549,39.601001556399
"2174",2590,0,18,21,22,42.2325642417585,38.1904609130484
"2175",2590,0,22,20,17.9,33.6223648595532,40.9911560731454
"2176",2590,0,10,12.5,10,17.6994176344305,22.4469895831129
"2177",2590,0,14,12,13,24.8307022445325,22.6703229102745
"2178",2590,0,2,28,1,-7.7986240687056,61.8219619229726
"2179",2590,0,25,16,12.7,24.3274380116132,32.7331259242345
"2180",2590,0,29,10,15.5,30.4512914407963,18.2817194921139
"2181",2590,0,17,20,19,36.2465413568764,39.8704837979305
"2182",2590,0,5,10,24,55.3571544914695,11.9397758506928
"2183",2590,0,28,14,16.7,34.5518857981479,27.1099875803948
"2184",2590,0,16,17,17,34.1605,34.1605
"2185",2590,0,4,10,28,68.2166950509867,4.86745510646527
"2186",2590,0,27,16,13.7,26.6679354006225,32.7668876683063
"2187",2590,0,15,15,15,30.0725,30.0725
"2188",2590,0,3,28,14,11.6815234235084,66.807406918654
"2189",2590,0,26,10.5,15.7,31.2648368544324,19.3785333315475
"2190",2590,0,30,14,11.7,22.1363204214269,27.2735026475018
"2191",2591,0,11,5.2,20,39.601001556399,7.31794835251549
"2192",2591,0,7,15,10,18.2868660994419,29.0887627707318
"2193",2591,0,14,13,12,22.6703229102745,24.8307022445325
"2194",2591,0,15,15,15,30.0725,30.0725
"2195",2591,0,6,12.5,16,32.7067517673673,23.8648063790178
"2196",2591,0,13,11.5,10,17.1782868809886,19.870019717327
"2197",2591,0,1,28,2,-6.5735434450149,63.1865480945135
"2198",2591,0,8,14,14,27.706,27.706
"2199",2591,0,12,10.6,10.5,17.8035215023344,17.9787887492137
"2200",2591,0,16,17,17,34.1605,34.1605
"2201",2591,0,4,28,10,4.86745510646527,68.2166950509867
"2202",2591,0,24,10.7,20,43.4406353057569,17.8074303334962
"2203",2591,0,28,16.7,14,27.1099875803948,34.5518857981479
"2204",2591,0,3,14,28,66.807406918654,11.6815234235084
"2205",2591,0,10,10,12.5,22.4469895831129,17.6994176344305
"2206",2591,0,27,13.7,16,32.7668876683063,26.6679354006225
"2207",2591,0,2,1,28,61.8219619229726,-7.7986240687056
"2208",2591,0,9,18.1,10,17.5959914135668,37.7200689933172
"2209",2591,0,26,15.7,10.5,19.3785333315475,31.2648368544324
"2210",2591,0,17,19,20,39.8704837979305,36.2465413568764
"2211",2591,0,5,24,10,11.9397758506928,55.3571544914695
"2212",2591,0,25,12.7,16,32.7331259242345,24.3274380116132
"2213",2591,0,29,15.5,10,18.2817194921139,30.4512914407963
"2214",2591,0,20,21,23,44.754193860238,36.4609067589898
"2215",2591,0,30,11.7,14,27.2735026475018,22.1363204214269
"2216",2591,0,18,22,21,38.1904609130484,42.2325642417585
"2217",2591,0,19,24,22,36.8983263151618,45.609774304066
"2218",2591,0,23,18.6,14,25.9760105900073,39.5684816857078
"2219",2591,0,21,23,19,31.8395750248634,47.5898274520478
"2220",2591,0,22,17.9,20,40.9911560731454,33.6223648595532
"2221",2592,0,2,6,26,60.1006398379504,2.25742208482978
"2222",2592,0,11,14,9,15.905567209012,25.6620616611618
"2223",2592,0,15,3,9,3.34402213465271,-1.46411656160249
"2224",2592,0,3,18,6,9.61677647203666,34.2868458201642
"2225",2592,0,4,14,2,1.29870712390905,15.9329151682918
"2226",2592,0,1,14,22,48.9560920550707,22.4735178525741
"2227",2592,0,5,6.5,0.2,-11.7176796135357,-10.1597319921765
"2228",2592,0,6,22,4,3.89379907317813,44.6623510842738
"2229",2592,0,10,14,7,11.5043517296635,23.6998808558771
"2230",2592,0,17,22.5,5,5.09059030068812,47.4708633589405
"2231",2592,0,8,4,5,-5.2576195307796,-5.74535531441345
"2232",2592,0,12,11,8,12.0729061924704,16.6723202007922
"2233",2592,0,16,4.5,1,-13.9771996889433,-13.5507421646715
"2234",2592,0,7,26,3,-2.11905910557267,57.1873659984495
"2235",2592,0,24,10,8.5,12.4125023802951,14.6338042180205
"2236",2592,0,28,4,0,-17.433868109672,-17.5737294134168
"2237",2592,0,19,2,0,-22.3899039206219,-22.8779954601503
"2238",2592,0,23,5,11,12.5565047976208,5.23940077542941
"2239",2592,0,14,3,3.3,-11.7614822903638,-11.8231254457036
"2240",2592,0,18,2,6,-7.05940763810473,-8.59218988498406
"2241",2592,0,9,4,10,8.05776346613676,1.99514210691346
"2242",2592,0,13,9,4,0.774072756862193,5.30355611331157
"2243",2592,0,30,2,3,-14.9296999746076,-14.9992748705854
"2244",2592,0,21,0.5,5,-13.5107190419763,-14.059021573183
"2245",2592,0,25,14,7,11.5043517296635,23.6998808558771
"2246",2592,0,29,4,3,-10.2648150924994,-9.98615975269362
"2247",2592,0,20,14,1,-0.605725667078966,13.8889768294536
"2248",2592,0,27,8,7,6.52302401984453,7.63800113496242
"2249",2592,0,22,0.8,5,-12.7248232802338,-13.3682929889716
"2250",2592,0,26,5,6,-0.744079308865597,-1.44089553632745
"2251",2593,0,2,26,6,2.25742208482978,60.1006398379504
"2252",2593,0,6,4,22,44.6623510842738,3.89379907317813
"2253",2593,0,3,6,18,34.2868458201642,9.61677647203666
"2254",2593,0,1,22,14,22.4735178525741,48.9560920550707
"2255",2593,0,8,5,4,-5.74535531441345,-5.2576195307796
"2256",2593,0,15,9,3,-1.46411656160249,3.34402213465271
"2257",2593,0,19,0,2,-22.8779954601503,-22.3899039206219
"2258",2593,0,7,3,26,57.1873659984495,-2.11905910557267
"2259",2593,0,14,3.3,3,-11.8231254457036,-11.7614822903638
"2260",2593,0,5,0.2,6.5,-10.1597319921765,-11.7176796135357
"2261",2593,0,9,10,4,1.99514210691346,8.05776346613676
"2262",2593,0,10,7,14,23.6998808558771,11.5043517296635
"2263",2593,0,4,2,14,15.9329151682918,1.29870712390905
"2264",2593,0,21,5,0.5,-14.059021573183,-13.5107190419763
"2265",2593,0,12,8,11,16.6723202007922,12.0729061924704
"2266",2593,0,16,1,4.5,-13.5507421646715,-13.9771996889433
"2267",2593,0,20,1,14,13.8889768294536,-0.605725667078966
"2268",2593,0,11,9,14,25.6620616611618,15.905567209012
"2269",2593,0,28,0,4,-17.5737294134168,-17.433868109672
"2270",2593,0,22,5,0.8,-13.3682929889716,-12.7248232802338
"2271",2593,0,23,11,5,5.23940077542941,12.5565047976208
"2272",2593,0,27,7,8,7.63800113496242,6.52302401984453
"2273",2593,0,18,6,2,-8.59218988498406,-7.05940763810473
"2274",2593,0,25,7,14,23.6998808558771,11.5043517296635
"2275",2593,0,13,4,9,5.30355611331157,0.774072756862193
"2276",2593,0,17,5,22.5,47.4708633589405,5.09059030068812
"2277",2593,0,24,8.5,10,14.6338042180205,12.4125023802951
"2278",2593,0,29,3,4,-9.98615975269362,-10.2648150924994
"2279",2593,0,26,6,5,-1.44089553632745,-0.744079308865597
"2280",2593,0,30,3,2,-14.9992748705854,-14.9296999746076
"2281",2594,0,6,6,14,22.4735178525741,9.37209205507069
"2282",2594,0,10,20,18,33.8586480904738,40.897452528754
"2283",2594,0,1,20,0,-1.3317512854892,31.4218132082695
"2284",2594,0,5,22.5,12,17.7670765859176,50.8789467315487
"2285",2594,0,12,3,14,17.813338440023,3.24870529161802
"2286",2594,0,3,19,16,30.2159408665342,39.8332855267284
"2287",2594,0,7,2,18,28.5226456127931,2.31979401778622
"2288",2594,0,11,27,16,17.6664535579148,62.1295901737262
"2289",2594,0,2,15,0,-1.86699844760225,14.8576582791661
"2290",2594,0,19,10,16.2,32.3779690371094,18.2058379136698
"2291",2594,0,23,10,18,37.4348049538224,17.6428049538224
"2292",2594,0,14,20,21.5,42.4156230460372,36.5876835522785
"2293",2594,0,18,10,15.7,30.9994924851926,18.2682147944852
"2294",2594,0,9,8,0,-9.48397729305691,-6.41841279929825
"2295",2594,0,13,12,17,35.2971649898719,22.4044638803019
"2296",2594,0,4,28,10,4.86745510646527,68.2166950509867
"2297",2594,0,8,0,21,34.871340324253,-1.71524705438778
"2298",2594,0,25,8,21,45.2351370236284,11.7141141387463
"2299",2594,0,16,3.5,9.3,5.17298512188342,0.0400510858223952
"2300",2594,0,20,16,16,32.224,32.224
"2301",2594,0,24,6,15,25.3585017793902,9.67853575997276
"2302",2594,0,15,25,14.2,18.2022944069822,57.5666796497006
"2303",2594,0,22,8,7,6.52302401984453,7.63800113496242
"2304",2594,0,26,9,11,17.7172285343018,14.441872084926
"2305",2594,0,27,8,12.5,20.6662634476215,13.0614959372193
"2306",2594,0,21,18,11,19.7632255160713,37.8130070694693
"2307",2594,0,28,10,19,40.3079497682945,17.1010877710685
"2308",2594,0,29,12,13.7,26.6097052148542,22.8126574825379
"2309",2594,0,17,7,18.1,35.6189297901762,11.5226795335882
"2310",2594,0,30,14,15,30.2027826883605,27.6242424664465
"2311",2595,0,1,0,20,31.4218132082695,-1.3317512854892
"2312",2595,0,14,21.5,20,36.5876835522785,42.4156230460372
"2313",2595,0,2,0,15,14.8576582791661,-1.86699844760225
"2314",2595,0,3,16,19,39.8332855267284,30.2159408665342
"2315",2595,0,10,18,20,40.897452528754,33.8586480904738
"2316",2595,0,4,10,28,68.2166950509867,4.86745510646527
"2317",2595,0,5,12,22.5,50.8789467315487,17.7670765859176
"2318",2595,0,9,0,8,-6.41841279929825,-9.48397729305691
"2319",2595,0,16,9.3,3.5,0.0400510858223952,5.17298512188342
"2320",2595,0,7,18,2,2.31979401778622,28.5226456127931
"2321",2595,0,11,16,27,62.1295901737262,17.6664535579148
"2322",2595,0,15,14.2,25,57.5666796497006,18.2022944069822
"2323",2595,0,6,14,6,9.37209205507069,22.4735178525741
"2324",2595,0,23,18,10,17.6428049538224,37.4348049538224
"2325",2595,0,27,12.5,8,13.0614959372193,20.6662634476215
"2326",2595,0,18,15.7,10,18.2682147944852,30.9994924851926
"2327",2595,0,22,7,8,7.63800113496242,6.52302401984453
"2328",2595,0,13,17,12,22.4044638803019,35.2971649898719
"2329",2595,0,17,18.1,7,11.5226795335882,35.6189297901762
"2330",2595,0,8,21,0,-1.71524705438778,34.871340324253
"2331",2595,0,12,14,3,3.24870529161802,17.813338440023
"2332",2595,0,29,13.7,12,22.8126574825379,26.6097052148542
"2333",2595,0,20,16,16,32.224,32.224
"2334",2595,0,24,15,6,9.67853575997276,25.3585017793902
"2335",2595,0,28,19,10,17.1010877710685,40.3079497682945
"2336",2595,0,19,16.2,10,18.2058379136698,32.3779690371094
"2337",2595,0,26,11,9,14.441872084926,17.7172285343018
"2338",2595,0,30,15,14,27.6242424664465,30.2027826883605
"2339",2595,0,21,11,18,37.8130070694693,19.7632255160713
"2340",2595,0,25,21,8,11.7141141387463,45.2351370236284
"2341",2596,0,1,18,4,5.87715449146952,31.7317758506928
"2342",2596,0,5,5,12,15.353317749081,6.08491483645961
"2343",2596,0,2,10.5,8,11.6616187440006,15.3637884735429
"2344",2596,0,7,14.5,9,16.006440712641,27.0260702202693
"2345",2596,0,14,23,22,38.8399206911344,43.0911044636725
"2346",2596,0,18,10,20,43.2266599594876,16.3958555212075
"2347",2596,0,6,9.5,20,43.024765906306,15.4012574111603
"2348",2596,0,13,23,20,34.1274582035661,46.2537681896965
"2349",2596,0,4,8,8,8.992,8.992
"2350",2596,0,8,11,16,32.3004638803019,20.4531649898719
"2351",2596,0,9,16,16,32.224,32.224
"2352",2596,0,3,10,5,4.23037164729215,9.80525722288161
"2353",2596,0,20,20,20,38.68,38.68
"2354",2596,0,11,22,28,56.1401074328496,27.4967981402006
"2355",2596,0,15,23,21,36.4609067589898,44.754193860238
"2356",2596,0,19,20,14,24.762728792073,43.3701767809773
"2357",2596,0,10,18,18,35.882,35.882
"2358",2596,0,27,5,2,-10.5643698130775,-9.72840379365999
"2359",2596,0,21,22,20,35.8084872028178,43.68361341641
"2360",2596,0,22,22,16,26.7362461291048,47.8526594439454
"2361",2596,0,26,22,5,5.54672675587341,45.8275429833353
"2362",2596,0,17,9,10,15.1600815787904,13.6269435760165
"2363",2596,0,24,8,22,48.3420282778773,10.778902064285
"2364",2596,0,12,22.5,25,47.2326215179257,35.9512856996178
"2365",2596,0,16,10,15,29.0887627707318,18.2868660994419
"2366",2596,0,23,9.5,10,15.6454801727836,14.8527761159181
"2367",2596,0,30,9.5,15,28.7655558305328,17.1709551023775
"2368",2596,0,28,8,28,67.9402487145108,1.73381320826947
"2369",2596,0,25,22,8,10.778902064285,48.3420282778773
"2370",2596,0,29,10,5,4.23037164729215,9.80525722288161
"2371",2597,0,5,12,5,6.08491483645961,15.353317749081
"2372",2597,0,9,16,16,32.224,32.224
"2373",2597,0,4,8,8,8.992,8.992
"2374",2597,0,11,28,22,27.4967981402006,56.1401074328496
"2375",2597,0,2,8,10.5,15.3637884735429,11.6616187440006
"2376",2597,0,6,20,9.5,15.4012574111603,43.024765906306
"2377",2597,0,10,18,18,35.882,35.882
"2378",2597,0,1,4,18,31.7317758506928,5.87715449146952
"2379",2597,0,18,20,10,16.3958555212075,43.2266599594876
"2380",2597,0,22,16,22,47.8526594439454,26.7362461291048
"2381",2597,0,13,20,23,46.2537681896965,34.1274582035661
"2382",2597,0,17,10,9,13.6269435760165,15.1600815787904
"2383",2597,0,8,16,11,20.4531649898719,32.3004638803019
"2384",2597,0,12,25,22.5,35.9512856996178,47.2326215179257
"2385",2597,0,3,5,10,9.80525722288161,4.23037164729215
"2386",2597,0,7,9,14.5,27.0260702202693,16.006440712641
"2387",2597,0,24,22,8,10.778902064285,48.3420282778773
"2388",2597,0,15,21,23,44.754193860238,36.4609067589898
"2389",2597,0,19,14,20,43.3701767809773,24.762728792073
"2390",2597,0,23,10,9.5,14.8527761159181,15.6454801727836
"2391",2597,0,14,22,23,43.0911044636725,38.8399206911344
"2392",2597,0,21,20,22,43.68361341641,35.8084872028178
"2393",2597,0,25,8,22,48.3420282778773,10.778902064285
"2394",2597,0,26,5,22,45.8275429833353,5.54672675587341
"2395",2597,0,30,15,9.5,17.1709551023775,28.7655558305328
"2396",2597,0,27,2,5,-9.72840379365999,-10.5643698130775
"2397",2597,0,28,28,8,1.73381320826947,67.9402487145108
"2398",2597,0,16,15,10,18.2868660994419,29.0887627707318
"2399",2597,0,20,20,20,38.68,38.68
"2400",2597,0,29,5,10,9.80525722288161,4.23037164729215
"2401",2598,0,9,5,20,39.3681749227167,6.96248490884714
"2402",2598,0,10,18,6,9.61677647203666,34.2868458201642
"2403",2598,0,8,18,18,35.882,35.882
"2404",2598,0,12,5,12,15.353317749081,6.08491483645961
"2405",2598,0,13,11,8,12.0729061924704,16.6723202007922
"2406",2598,0,1,7,1,-9.02763389863439,-6.72846052831539
"2407",2598,0,11,6,12,16.8402461291049,8.26865944394536
"2408",2598,0,2,11,7,9.74950567673576,15.4638968001754
"2409",2598,0,6,15,17,35.1057111972699,29.3213894219579
"2410",2598,0,26,1,6,-9.49154721539856,-10.8848239144277
"2411",2598,0,14,20,17,31.5163202007922,41.7609061924704
"2412",2598,0,5,15,6,9.67853575997276,25.3585017793902
"2413",2598,0,22,3,16,23.9200225992178,3.98922856315682
"2414",2598,0,29,21,4,4.63491052841158,41.3613592107971
"2415",2598,0,4,5,26,59.2930636252239,0.753029644641342
"2416",2598,0,21,9,11,17.7172285343018,14.441872084926
"2417",2598,0,28,7,24,54.1149105284116,6.72535921079714
"2418",2598,0,3,7,10,12.8096995350501,8.83752685821241
"2419",2598,0,7,18,5,7.72418279339261,33.091068368982
"2420",2598,0,27,5,20,39.3681749227167,6.96248490884714
"2421",2598,0,15,17,18,36.6484033541025,33.4426218007045
"2422",2598,0,19,17,10,18.0210070694693,34.6072255160713
"2423",2598,0,23,10,1,-4.43715425389687,1.83419179325986
"2424",2598,0,30,1,5,-12.2090685257608,-12.905528997328
"2425",2598,0,18,14,25,57.676705291618,17.813338440023
"2426",2598,0,25,1,10,1.83419179325986,-4.43715425389687
"2427",2598,0,16,5,17,30.0208631571961,7.85975913500474
"2428",2598,0,17,6,14,22.4735178525741,9.37209205507069
"2429",2598,0,24,10,28,68.2166950509867,4.86745510646527
"2430",2598,0,20,9,9,12.6485,12.6485
"2431",2599,0,1,1,7,-6.72846052831539,-9.02763389863439
"2432",2599,0,5,6,15,25.3585017793902,9.67853575997276
"2433",2599,0,28,24,7,6.72535921079714,54.1149105284116
"2434",2599,0,16,17,5,7.85975913500474,30.0208631571961
"2435",2599,0,4,26,5,0.753029644641342,59.2930636252239
"2436",2599,0,27,20,5,6.96248490884714,39.3681749227167
"2437",2599,0,15,18,17,33.4426218007045,36.6484033541025
"2438",2599,0,3,10,7,8.83752685821241,12.8096995350501
"2439",2599,0,26,6,1,-10.8848239144277,-9.49154721539856
"2440",2599,0,14,17,20,41.7609061924704,31.5163202007922
"2441",2599,0,2,7,11,15.4638968001754,9.74950567673576
"2442",2599,0,6,17,15,29.3213894219579,35.1057111972699
"2443",2599,0,29,4,21,41.3613592107971,4.63491052841158
"2444",2599,0,17,14,6,9.37209205507069,22.4735178525741
"2445",2599,0,21,11,9,14.441872084926,17.7172285343018
"2446",2599,0,9,20,5,6.96248490884714,39.3681749227167
"2447",2599,0,13,8,11,16.6723202007922,12.0729061924704
"2448",2599,0,20,9,9,12.6485,12.6485
"2449",2599,0,8,18,18,35.882,35.882
"2450",2599,0,12,12,5,6.08491483645961,15.353317749081
"2451",2599,0,19,10,17,34.6072255160713,18.0210070694693
"2452",2599,0,7,5,18,33.091068368982,7.72418279339261
"2453",2599,0,30,5,1,-12.905528997328,-12.2090685257608
"2454",2599,0,18,25,14,17.813338440023,57.676705291618
"2455",2599,0,22,16,3,3.98922856315682,23.9200225992178
"2456",2599,0,10,6,18,34.2868458201642,9.61677647203666
"2457",2599,0,23,1,10,1.83419179325986,-4.43715425389687
"2458",2599,0,24,28,10,4.86745510646527,68.2166950509867
"2459",2599,0,25,10,1,-4.43715425389687,1.83419179325986
"2460",2599,0,11,12,6,8.26865944394536,16.8402461291049
"2461",2778,0,8,15,12,22.8644235295023,29.9728028637603
"2462",2778,0,10,17,10,18.0210070694693,34.6072255160713
"2463",2778,0,14,14,18,37.9665230137677,26.3978794631435
"2464",2778,0,1,24,0.5,-3.16571250271718,46.3748542448556
"2465",2778,0,2,18.5,18.5,36.662125,36.662125
"2466",2778,0,21,14,9.5,17.0343494392997,26.050409945541
"2467",2778,0,16,21,15,25.8569874605889,45.7189181124613
"2468",2778,0,29,22,12,18.3930510829273,49.4054643977678
"2469",2778,0,7,13,24.5,56.6225479836623,16.7505287395569
"2470",2778,0,23,17,10.5,19.0997842559071,34.8410285346866
"2471",2778,0,18,17,11,20.1899527865251,35.0339527865251
"2472",2778,0,9,11,14,26.9701821980182,20.4890441952443
"2473",2778,0,25,14,8.5,14.7881763229045,25.2328346100057
"2474",2778,0,3,18.5,6.5,10.4146601405526,36.3392121516483
"2475",2778,0,12,13,16.5,34.0729471557168,24.8651109906683
"2476",2778,0,11,18.5,8,13.336765906306,37.6672574111603
"2477",2778,0,27,16,9.8,17.7976677888431,31.710539161936
"2478",2778,0,5,16,8,13.9374485044466,30.3841614031983
"2479",2778,0,24,13,12.5,23.8917157830471,24.9980405056546
"2480",2778,0,13,16,11,20.4531649898719,32.3004638803019
"2481",2778,0,15,22,9.5,13.5487728649241,49.047407573662
"2482",2778,0,26,14,15.5,31.4682610488111,27.5220455495046
"2483",2778,0,4,4,26,58.3219723453902,-0.705797418826141
"2484",2778,0,20,18,13.5,25.2636254448476,38.0431339399932
"2485",2778,0,17,14,10.5,19.3260879324159,26.7044702139693
"2486",2778,0,28,24,14.5,20.5303165427025,54.4612036786248
"2487",2778,0,6,22,15,24.582099302479,48.4861332830616
"2488",2778,0,22,11,12,21.8221620226184,19.8708631321885
"2489",2778,0,19,13,8,13.309268318582,22.0203605515917
"2490",2778,0,30,13,11,20.2617111972699,24.3733894219579
"2491",2779,0,29,12,22,49.4054643977678,18.3930510829273
"2492",2779,0,25,8.5,14,25.2328346100057,14.7881763229045
"2493",2779,0,4,26,4,-0.705797418826141,58.3219723453902
"2494",2779,0,7,24.5,13,16.7505287395569,56.6225479836623
"2495",2779,0,14,18,14,26.3978794631435,37.9665230137677
"2496",2779,0,27,9.8,16,31.710539161936,17.7976677888431
"2497",2779,0,3,6.5,18.5,36.3392121516483,10.4146601405526
"2498",2779,0,9,14,11,20.4890441952443,26.9701821980182
"2499",2779,0,5,8,16,30.3841614031983,13.9374485044466
"2500",2779,0,15,9.5,22,49.047407573662,13.5487728649241
"2501",2779,0,26,15.5,14,27.5220455495046,31.4682610488111
"2502",2779,0,10,10,17,34.6072255160713,18.0210070694693
"2503",2779,0,21,9.5,14,26.050409945541,17.0343494392997
"2504",2779,0,6,15,22,48.4861332830616,24.582099302479
"2505",2779,0,28,14.5,24,54.4612036786248,20.5303165427025
"2506",2779,0,12,16.5,13,24.8651109906683,34.0729471557168
"2507",2779,0,23,10.5,17,34.8410285346866,19.0997842559071
"2508",2779,0,8,12,15,29.9728028637603,22.8644235295023
"2509",2779,0,30,11,13,24.3733894219579,20.2617111972699
"2510",2779,0,17,10.5,14,26.7044702139693,19.3260879324159
"2511",2779,0,13,11,16,32.3004638803019,20.4531649898719
"2512",2779,0,24,12.5,13,24.9980405056546,23.8917157830471
"2513",2779,0,18,11,17,35.0339527865251,20.1899527865251
"2514",2779,0,16,15,21,45.7189181124613,25.8569874605889
"2515",2779,0,1,0.5,24,46.3748542448556,-3.16571250271718
"2516",2779,0,11,8,18.5,37.6672574111603,13.336765906306
"2517",2779,0,20,13.5,18,38.0431339399932,25.2636254448476
"2518",2779,0,19,8,13,22.0203605515917,13.309268318582
"2519",2779,0,2,18.5,18.5,36.662125,36.662125
"2520",2779,0,22,12,11,19.8708631321885,21.8221620226184
"2521",2780,0,28,14,13,25.2547826883605,27.6242424664465
"2522",2780,0,29,14,13,25.2547826883605,27.6242424664465
"2523",2780,0,27,14,12,22.8491307534419,27.3789698657859
"2524",2780,0,17,14,14,27.706,27.706
"2525",2780,0,26,14,12,22.8491307534419,27.3789698657859
"2526",2780,0,25,14,15,30.2027826883605,27.6242424664465
"2527",2780,0,15,14,12,22.8491307534419,27.3789698657859
"2528",2780,0,30,15,12,22.8644235295023,29.9728028637603
"2529",2780,0,12,14,12,22.8491307534419,27.3789698657859
"2530",2780,0,4,10,10,16.09,16.09
"2531",2780,0,14,13,14,27.6242424664465,25.2547826883605
"2532",2780,0,18,13,15,30.1695503096139,25.2215503096139
"2533",2780,0,16,14,13,25.2547826883605,27.6242424664465
"2534",2780,0,3,5,4,-5.74535531441345,-5.2576195307796
"2535",2780,0,7,15,11,20.5528621261116,29.6125403507996
"2536",2780,0,6,19,12,21.2904439626732,40.8037886228674
"2537",2780,0,21,14,11,20.4890441952443,26.9701821980182
"2538",2780,0,13,14,13,25.2547826883605,27.6242424664465
"2539",2780,0,9,13,15,30.1695503096139,25.2215503096139
"2540",2780,0,5,11,12,21.8221620226184,19.8708631321885
"2541",2780,0,20,14,13,25.2547826883605,27.6242424664465
"2542",2780,0,1,9,12,20.3199408665342,15.0932855267284
"2543",2780,0,2,1,12,7.77045355791482,-2.1944098262738
"2544",2780,0,10,14,10,18.1745230137677,26.3978794631435
"2545",2780,0,8,14,14,27.706,27.706
"2546",2780,0,19,16,13,25.0248028637603,32.7604235295023
"2547",2780,0,22,14,12,22.8491307534419,27.3789698657859
"2548",2780,0,23,15,13,25.2215503096139,30.1695503096139
"2549",2780,0,24,15,14,27.6242424664465,30.2027826883605
"2550",2780,0,11,14,11,20.4890441952443,26.9701821980182
"2551",2781,0,28,13,14,27.6242424664465,25.2547826883605
"2552",2781,0,14,14,13,25.2547826883605,27.6242424664465
"2553",2781,0,12,12,14,27.3789698657859,22.8491307534419
"2554",2781,0,29,13,14,27.6242424664465,25.2547826883605
"2555",2781,0,27,12,14,27.3789698657859,22.8491307534419
"2556",2781,0,15,12,14,27.3789698657859,22.8491307534419
"2557",2781,0,26,12,14,27.3789698657859,22.8491307534419
"2558",2781,0,25,15,14,27.6242424664465,30.2027826883605
"2559",2781,0,4,10,10,16.09,16.09
"2560",2781,0,6,12,19,40.8037886228674,21.2904439626732
"2561",2781,0,17,14,14,27.706,27.706
"2562",2781,0,13,13,14,27.6242424664465,25.2547826883605
"2563",2781,0,3,4,5,-5.2576195307796,-5.74535531441345
"2564",2781,0,30,12,15,29.9728028637603,22.8644235295023
"2565",2781,0,18,15,13,25.2215503096139,30.1695503096139
"2566",2781,0,16,13,14,27.6242424664465,25.2547826883605
"2567",2781,0,23,13,15,30.1695503096139,25.2215503096139
"2568",2781,0,7,11,15,29.6125403507996,20.5528621261116
"2569",2781,0,20,13,14,27.6242424664465,25.2547826883605
"2570",2781,0,8,14,14,27.706,27.706
"2571",2781,0,19,13,16,32.7604235295023,25.0248028637603
"2572",2781,0,9,15,13,25.2215503096139,30.1695503096139
"2573",2781,0,5,12,11,19.8708631321885,21.8221620226184
"2574",2781,0,11,11,14,26.9701821980182,20.4890441952443
"2575",2781,0,22,12,14,27.3789698657859,22.8491307534419
"2576",2781,0,10,10,14,26.3978794631435,18.1745230137677
"2577",2781,0,21,11,14,26.9701821980182,20.4890441952443
"2578",2781,0,2,12,1,-2.1944098262738,7.77045355791482
"2579",2781,0,1,12,9,15.0932855267284,20.3199408665342
"2580",2781,0,24,14,15,30.2027826883605,27.6242424664465
"2581",2782,0,3,24,14,19.5302466446471,54.7242688360479
"2582",2782,0,4,18,12,21.9292114550411,38.0276941180092
"2583",2782,0,26,14,18,37.9665230137677,26.3978794631435
"2584",2782,0,28,16,18,37.251291641098,31.0488089781299
"2585",2782,0,17,18,10,17.6428049538224,37.4348049538224
"2586",2782,0,9,14,14,27.706,27.706
"2587",2782,0,25,12,12,22.328,22.328
"2588",2782,0,29,24,14,19.5302466446471,54.7242688360479
"2589",2782,0,27,10,12,21.1528089781298,17.4592916410979
"2590",2782,0,12,16,18,37.251291641098,31.0488089781299
"2591",2782,0,7,22,20,35.8084872028178,43.68361341641
"2592",2782,0,14,12,16,32.6122012384556,22.7162012384556
"2593",2782,0,15,16,26,59.1830732743281,19.8074422063669
"2594",2782,0,30,12,16,32.6122012384556,22.7162012384556
"2595",2782,0,23,16,22,47.8526594439454,26.7362461291048
"2596",2782,0,5,10,22,49.2007764720366,14.4948458201642
"2597",2782,0,6,12,18,38.0276941180092,21.9292114550411
"2598",2782,0,18,10,22,49.2007764720366,14.4948458201642
"2599",2782,0,1,18,22,46.0951665643918,31.1812359125194
"2600",2782,0,10,20,24,48.8694883397039,32.2829141372073
"2601",2782,0,8,18,20,40.897452528754,33.8586480904738
"2602",2782,0,20,12,18,38.0276941180092,21.9292114550411
"2603",2782,0,16,16,14,27.3789698657859,32.7451307534419
"2604",2782,0,13,24,18,27.8497634661367,51.4751421069135
"2605",2782,0,24,14,16,32.7451307534419,27.3789698657859
"2606",2782,0,11,18,22,46.0951665643918,31.1812359125194
"2607",2782,0,21,20,20,38.68,38.68
"2608",2782,0,19,16,10,18.2356941180092,31.8252114550411
"2609",2782,0,2,28,24,31.9062705865832,51.838131890328
"2610",2782,0,22,12,10,17.4592916410979,21.1528089781298
"2611",2783,0,3,14,24,54.7242688360479,19.5302466446471
"2612",2783,0,26,18,14,26.3978794631435,37.9665230137677
"2613",2783,0,28,18,16,31.0488089781299,37.251291641098
"2614",2783,0,25,12,12,22.328,22.328
"2615",2783,0,14,16,12,22.7162012384556,32.6122012384556
"2616",2783,0,29,14,24,54.7242688360479,19.5302466446471
"2617",2783,0,6,18,12,21.9292114550411,38.0276941180092
"2618",2783,0,4,12,18,38.0276941180092,21.9292114550411
"2619",2783,0,16,14,16,32.7451307534419,27.3789698657859
"2620",2783,0,17,10,18,37.4348049538224,17.6428049538224
"2621",2783,0,27,12,10,17.4592916410979,21.1528089781298
"2622",2783,0,9,14,14,27.706,27.706
"2623",2783,0,7,20,22,43.68361341641,35.8084872028178
"2624",2783,0,8,20,18,33.8586480904738,40.897452528754
"2625",2783,0,15,26,16,19.8074422063669,59.1830732743281
"2626",2783,0,12,18,16,31.0488089781299,37.251291641098
"2627",2783,0,23,22,16,26.7362461291048,47.8526594439454
"2628",2783,0,10,24,20,32.2829141372073,48.8694883397039
"2629",2783,0,20,18,12,21.9292114550411,38.0276941180092
"2630",2783,0,30,16,12,22.7162012384556,32.6122012384556
"2631",2783,0,5,22,10,14.4948458201642,49.2007764720366
"2632",2783,0,1,22,18,31.1812359125194,46.0951665643918
"2633",2783,0,11,22,18,31.1812359125194,46.0951665643918
"2634",2783,0,18,22,10,14.4948458201642,49.2007764720366
"2635",2783,0,19,10,16,31.8252114550411,18.2356941180092
"2636",2783,0,13,18,24,51.4751421069135,27.8497634661367
"2637",2783,0,24,16,14,27.3789698657859,32.7451307534419
"2638",2783,0,2,24,28,51.838131890328,31.9062705865832
"2639",2783,0,21,20,20,38.68,38.68
"2640",2783,0,22,10,12,21.1528089781298,17.4592916410979
"2641",2784,0,14,10.5,25.5,60.1216182306224,10.4667916009415
"2642",2784,0,25,16,2,2.13628070506175,22.1366496371006
"2643",2784,0,29,18.5,2,2.26347542902543,30.1476229671669
"2644",2784,0,30,10.5,2,-1.74087916401361,5.51494659881579
"2645",2784,0,28,10.5,18,37.6443453950343,18.6973195628567
"2646",2784,0,26,10.5,28,68.1836097181638,5.67934394146482
"2647",2784,0,17,18.5,6.5,10.4146601405526,36.3392121516483
"2648",2784,0,4,17,25.5,56.7600748928518,22.8464925419504
"2649",2784,0,15,10.5,14,26.7044702139693,19.3260879324159
"2650",2784,0,3,16,25.5,57.7269018408994,20.8166183804279
"2651",2784,0,27,10.5,2,-1.74087916401361,5.51494659881579
"2652",2784,0,20,10.5,2,-1.74087916401361,5.51494659881579
"2653",2784,0,19,6.5,2,-7.66741807110251,-5.70782254405674
"2654",2784,0,6,18.5,25.5,55.0032437199548,25.9767388655859
"2655",2784,0,9,10.5,25.5,60.1216182306224,10.4667916009415
"2656",2784,0,16,12,10.5,18.6593817145531,21.5079248837625
"2657",2784,0,18,20,4,5.21250691653795,38.1059327140414
"2658",2784,0,22,18,10,17.6428049538224,37.4348049538224
"2659",2784,0,5,15,25.5,58.5302137218399,18.8323095956264
"2660",2784,0,7,18.5,25.5,55.0032437199548,25.9767388655859
"2661",2784,0,23,14,28,66.807406918654,11.6815234235084
"2662",2784,0,21,18,14,26.3978794631435,37.9665230137677
"2663",2784,0,24,10.5,10,16.4936410604396,17.3386152282621
"2664",2784,0,12,20,16,29.2195576878315,42.4608447890797
"2665",2784,0,8,10.5,25.5,60.1216182306224,10.4667916009415
"2666",2784,0,11,18.5,18,35.4374801727836,37.1187761159182
"2667",2784,0,2,20,25.5,52.8785036460668,29.2095072868435
"2668",2784,0,10,10.5,14,26.7044702139693,19.3260879324159
"2669",2784,0,13,18,25.5,55.6297328776972,24.9219320801938
"2670",2784,0,1,18,20,40.897452528754,33.8586480904738
"2671",2785,0,26,28,10.5,5.67934394146482,68.1836097181638
"2672",2785,0,17,6.5,18.5,36.3392121516483,10.4146601405526
"2673",2785,0,28,18,10.5,18.6973195628567,37.6443453950343
"2674",2785,0,25,2,16,22.1366496371006,2.13628070506175
"2675",2785,0,14,25.5,10.5,10.4667916009415,60.1216182306224
"2676",2785,0,16,10.5,12,21.5079248837625,18.6593817145531
"2677",2785,0,19,2,6.5,-5.70782254405674,-7.66741807110251
"2678",2785,0,3,25.5,16,20.8166183804279,57.7269018408994
"2679",2785,0,30,2,10.5,5.51494659881579,-1.74087916401361
"2680",2785,0,4,25.5,17,22.8464925419504,56.7600748928518
"2681",2785,0,15,14,10.5,19.3260879324159,26.7044702139693
"2682",2785,0,22,10,18,37.4348049538224,17.6428049538224
"2683",2785,0,29,2,18.5,30.1476229671669,2.26347542902543
"2684",2785,0,9,25.5,10.5,10.4667916009415,60.1216182306224
"2685",2785,0,20,2,10.5,5.51494659881579,-1.74087916401361
"2686",2785,0,18,4,20,38.1059327140414,5.21250691653795
"2687",2785,0,6,25.5,18.5,25.9767388655859,55.0032437199548
"2688",2785,0,27,2,10.5,5.51494659881579,-1.74087916401361
"2689",2785,0,8,25.5,10.5,10.4667916009415,60.1216182306224
"2690",2785,0,11,18,18.5,37.1187761159182,35.4374801727836
"2691",2785,0,21,14,18,37.9665230137677,26.3978794631435
"2692",2785,0,12,16,20,42.4608447890797,29.2195576878315
"2693",2785,0,7,25.5,18.5,25.9767388655859,55.0032437199548
"2694",2785,0,10,14,10.5,19.3260879324159,26.7044702139693
"2695",2785,0,24,10,10.5,17.3386152282621,16.4936410604396
"2696",2785,0,2,25.5,20,29.2095072868435,52.8785036460668
"2697",2785,0,23,28,14,11.6815234235084,66.807406918654
"2698",2785,0,1,20,18,33.8586480904738,40.897452528754
"2699",2785,0,5,25.5,15,18.8323095956264,58.5302137218399
"2700",2785,0,13,25.5,18,24.9219320801938,55.6297328776972
"2701",2786,0,14,21.7,14.2,23.279578404743,48.028586553148
"2702",2786,0,25,17.5,6.5,10.7047817479287,33.3190119837123
"2703",2786,0,28,16.3,12.4,23.5519988993942,33.4859937052195
"2704",2786,0,26,6,12.2,17.395371533642,8.40843541713716
"2705",2786,0,30,6.1,6.3,1.95271275691028,1.78407824928199
"2706",2786,0,6,22.6,12.5,18.6254483642017,51.1094276776553
"2707",2786,0,27,11.9,14,27.3454492770289,22.6110716556697
"2708",2786,0,3,10.5,11.6,20.4904871985472,18.4475532387692
"2709",2786,0,29,12,10.1,17.6983983482546,21.2271024605985
"2710",2786,0,15,5.8,17.8,33.4508492875706,9.28257300463026
"2711",2786,0,9,19.5,11.8,20.4874571948346,42.1936242336695
"2712",2786,0,16,11.9,17.8,37.4628620323137,21.8177236065162
"2713",2786,0,17,20.3,12.8,21.8919007348401,44.4455642230509
"2714",2786,0,19,11.8,12.2,22.7387498348533,21.9164141899158
"2715",2786,0,5,12.5,22,49.3544394622586,19.3960807590686
"2716",2786,0,7,20.8,18.5,34.0350113506918,42.4422117182369
"2717",2786,0,8,21.9,17.5,30.199879732928,46.3292172641346
"2718",2786,0,4,15,12.5,24.037291247468,30.0916159700754
"2719",2786,0,22,21,15.7,27.3940734830362,45.3266231154911
"2720",2786,0,12,22.6,17.6,29.3585376667096,48.1054912034641
"2721",2786,0,10,6.2,18.5,36.029454031627,9.84254163911659
"2722",2786,0,20,12.3,20.3,44.4798700370402,20.8407898706047
"2723",2786,0,18,16.8,12.6,23.8362936129701,34.8417901178245
"2724",2786,0,21,16.8,11.8,22.0314041022159,34.7150247679579
"2725",2786,0,1,17.5,0,-1.08839028183618,22.9973439414648
"2726",2786,0,11,16.3,18,37.0875942370456,31.7621684603465
"2727",2786,0,23,21.1,16.1,28.1569643310647,45.3358145391091
"2728",2786,0,24,6.9,18.1,35.5235469813366,11.3272984376473
"2729",2786,0,13,11,20.6,45.2517941681783,17.8884840988302
"2730",2786,0,2,3.5,10,7.12269843759919,0.89461435299447
"2731",2787,0,27,14,11.9,22.6110716556697,27.3454492770289
"2732",2787,0,28,12.4,16.3,33.4859937052195,23.5519988993942
"2733",2787,0,25,6.5,17.5,33.3190119837123,10.7047817479287
"2734",2787,0,6,12.5,22.6,51.1094276776553,18.6254483642017
"2735",2787,0,16,17.8,11.9,21.8177236065162,37.4628620323137
"2736",2787,0,3,11.6,10.5,18.4475532387692,20.4904871985472
"2737",2787,0,14,14.2,21.7,48.028586553148,23.279578404743
"2738",2787,0,5,22,12.5,19.3960807590686,49.3544394622586
"2739",2787,0,18,12.6,16.8,34.8417901178245,23.8362936129701
"2740",2787,0,19,12.2,11.8,21.9164141899158,22.7387498348533
"2741",2787,0,30,6.3,6.1,1.78407824928199,1.95271275691028
"2742",2787,0,26,12.2,6,8.40843541713716,17.395371533642
"2743",2787,0,9,11.8,19.5,42.1936242336695,20.4874571948346
"2744",2787,0,10,18.5,6.2,9.84254163911659,36.029454031627
"2745",2787,0,29,10.1,12,21.2271024605985,17.6983983482546
"2746",2787,0,22,15.7,21,45.3266231154911,27.3940734830362
"2747",2787,0,8,17.5,21.9,46.3292172641346,30.199879732928
"2748",2787,0,12,17.6,22.6,48.1054912034641,29.3585376667096
"2749",2787,0,17,12.8,20.3,44.4455642230509,21.8919007348401
"2750",2787,0,4,12.5,15,30.0916159700754,24.037291247468
"2751",2787,0,15,17.8,5.8,9.28257300463026,33.4508492875706
"2752",2787,0,7,18.5,20.8,42.4422117182369,34.0350113506918
"2753",2787,0,11,18,16.3,31.7621684603465,37.0875942370456
"2754",2787,0,20,20.3,12.3,20.8407898706047,44.4798700370402
"2755",2787,0,21,11.8,16.8,34.7150247679579,22.0314041022159
"2756",2787,0,24,18.1,6.9,11.3272984376473,35.5235469813366
"2757",2787,0,13,20.6,11,17.8884840988302,45.2517941681783
"2758",2787,0,2,10,3.5,0.89461435299447,7.12269843759919
"2759",2787,0,23,16.1,21.1,45.3358145391091,28.1569643310647
"2760",2787,0,1,0,17.5,22.9973439414648,-1.08839028183618
"2761",2788,0,3,10,5,4.23037164729215,9.80525722288161
"2762",2788,0,29,15,7,11.7622702797586,26.5363396278862
"2763",2788,0,30,7,4,-2.15861114456151,-0.0681624621759362
"2764",2788,0,16,2,5,-9.72840379365999,-10.5643698130775
"2765",2788,0,27,8,8,8.992,8.992
"2766",2788,0,18,7,9,10.2010676466458,7.762032972582
"2767",2788,0,5,5,7,1.82490675898977,0.222193860238031
"2768",2788,0,6,10,3,-0.194522056744278,6.14675464228485
"2769",2788,0,17,4,5,-5.2576195307796,-5.74535531441345
"2770",2788,0,14,12,6,8.26865944394536,16.8402461291049
"2771",2788,0,19,9,4,0.774072756862193,5.30355611331157
"2772",2788,0,8,20,9,14.4180506452935,42.7819930863475
"2773",2788,0,11,8,5,1.72176818969647,4.43945820356609
"2774",2788,0,4,4,12,13.70287430195,3.94673560569482
"2775",2788,0,21,5,3,-8.17764525210593,-7.41125412866627
"2776",2788,0,7,10,5,4.23037164729215,9.80525722288161
"2777",2788,0,10,2,12,9.91144220636694,-0.192926725671888
"2778",2788,0,13,12,3,1.85412175165098,11.888915787712
"2779",2788,0,28,10,9,13.6269435760165,15.1600815787904
"2780",2788,0,22,4,5,-5.2576195307796,-5.74535531441345
"2781",2788,0,9,15,3,3.70072446094094,20.8438978312599
"2782",2788,0,12,15,5,7.64036661690786,24.0171488637872
"2783",2788,0,2,20,4,5.21250691653795,38.1059327140414
"2784",2788,0,20,5,6,-0.744079308865597,-1.44089553632745
"2785",2788,0,24,7,5,0.222193860238031,1.82490675898977
"2786",2788,0,26,8,7,6.52302401984453,7.63800113496242
"2787",2788,0,1,15,26,60.0106477326721,17.8473959989689
"2788",2788,0,15,12,4.8,5.65363376016897,15.0363102650233
"2789",2788,0,23,4,10,8.05776346613676,1.99514210691346
"2790",2788,0,25,7,7,5.1205,5.1205
"2791",2789,0,6,3,10,6.14675464228485,-0.194522056744278
"2792",2789,0,8,9,20,42.7819930863475,14.4180506452935
"2793",2789,0,16,5,2,-10.5643698130775,-9.72840379365999
"2794",2789,0,30,4,7,-0.0681624621759362,-2.15861114456151
"2795",2789,0,5,7,5,0.222193860238031,1.82490675898977
"2796",2789,0,7,5,10,9.80525722288161,4.23037164729215
"2797",2789,0,11,5,8,4.43945820356609,1.72176818969647
"2798",2789,0,29,7,15,26.5363396278862,11.7622702797586
"2799",2789,0,19,4,9,5.30355611331157,0.774072756862193
"2800",2789,0,22,5,4,-5.74535531441345,-5.2576195307796
"2801",2789,0,9,3,15,20.8438978312599,3.70072446094094
"2802",2789,0,3,5,10,9.80525722288161,4.23037164729215
"2803",2789,0,18,9,7,7.762032972582,10.2010676466458
"2804",2789,0,21,3,5,-7.41125412866627,-8.17764525210593
"2805",2789,0,24,5,7,1.82490675898977,0.222193860238031
"2806",2789,0,10,12,2,-0.192926725671888,9.91144220636694
"2807",2789,0,27,8,8,8.992,8.992
"2808",2789,0,20,6,5,-1.44089553632745,-0.744079308865597
"2809",2789,0,23,10,4,1.99514210691346,8.05776346613676
"2810",2789,0,12,5,15,24.0171488637872,7.64036661690786
"2811",2789,0,17,5,4,-5.74535531441345,-5.2576195307796
"2812",2789,0,14,6,12,16.8402461291049,8.26865944394536
"2813",2789,0,25,7,7,5.1205,5.1205
"2814",2789,0,26,7,8,7.63800113496242,6.52302401984453
"2815",2789,0,13,3,12,11.888915787712,1.85412175165098
"2816",2789,0,4,12,4,3.94673560569482,13.70287430195
"2817",2789,0,15,4.8,12,15.0363102650233,5.65363376016897
"2818",2789,0,1,26,15,17.8473959989689,60.0106477326721
"2819",2789,0,2,4,20,38.1059327140414,5.21250691653795
"2820",2789,0,28,9,10,15.1600815787904,13.6269435760165
"2821",2790,0,30,1,13,10.8069325053237,-1.31831021312286
"2822",2790,0,8,1,13,10.8069325053237,-1.31831021312286
"2823",2790,0,29,1,5,-12.2090685257608,-12.905528997328
"2824",2790,0,18,2,13,12.8993959989689,0.634647732672108
"2825",2790,0,7,13,13,25.1245,25.1245
"2826",2790,0,10,4.6,13,17.5745505683853,5.9255843547931
"2827",2790,0,11,4.5,13,17.4151763144885,5.71639112031371
"2828",2790,0,20,28,13,9.90965827916614,67.4050015523977
"2829",2790,0,24,10,13,23.7525615322762,17.8986648609863
"2830",2790,0,16,12,11,19.8708631321885,21.8221620226184
"2831",2790,0,27,3,13,14.828344425507,2.63317105518803
"2832",2790,0,14,12,13,24.8307022445325,22.6703229102745
"2833",2790,0,19,12,28,67.8390811190345,8.18335851154489
"2834",2790,0,23,11,13,24.3733894219579,20.2617111972699
"2835",2790,0,9,11,4.6,4.35925117599419,11.8965391648985
"2836",2790,0,2,27,13,12.0685865303045,64.2673438118579
"2837",2790,0,21,11,4,3.05269638985766,10.8575361956829
"2838",2790,0,22,1,13,10.8069325053237,-1.31831021312286
"2839",2790,0,5,13,13,25.1245,25.1245
"2840",2790,0,1,13,28,67.4050015523977,9.90965827916614
"2841",2790,0,12,7,13,20.9089874605889,11.0829181124613
"2842",2790,0,13,10,17,34.6072255160713,18.0210070694693
"2843",2790,0,26,1,11,4.77953998722687,-3.23402450653181
"2844",2790,0,17,1,11,4.77953998722687,-3.23402450653181
"2845",2790,0,28,11,5,5.23940077542941,12.5565047976208
"2846",2790,0,15,11,13,24.3733894219579,20.2617111972699
"2847",2790,0,25,11,5,5.23940077542941,12.5565047976208
"2848",2790,0,6,13,13,25.1245,25.1245
"2849",2790,0,3,13.7,13,25.2328669638986,26.8695353619568
"2850",2790,0,4,24,13,17.5642808810771,55.1277628505639
"2851",2791,0,29,5,1,-12.905528997328,-12.2090685257608
"2852",2791,0,18,13,2,0.634647732672108,12.8993959989689
"2853",2791,0,7,13,13,25.1245,25.1245
"2854",2791,0,8,13,1,-1.31831021312286,10.8069325053237
"2855",2791,0,20,13,28,67.4050015523977,9.90965827916614
"2856",2791,0,30,13,1,-1.31831021312286,10.8069325053237
"2857",2791,0,10,13,4.6,5.9255843547931,17.5745505683853
"2858",2791,0,13,17,10,18.0210070694693,34.6072255160713
"2859",2791,0,11,13,4.5,5.71639112031371,17.4151763144885
"2860",2791,0,21,4,11,10.8575361956829,3.05269638985766
"2861",2791,0,19,28,12,8.18335851154489,67.8390811190345
"2862",2791,0,9,4.6,11,11.8965391648985,4.35925117599419
"2863",2791,0,27,13,3,2.63317105518803,14.828344425507
"2864",2791,0,23,13,11,20.2617111972699,24.3733894219579
"2865",2791,0,24,13,10,17.8986648609863,23.7525615322762
"2866",2791,0,26,11,1,-3.23402450653181,4.77953998722687
"2867",2791,0,12,13,7,11.0829181124613,20.9089874605889
"2868",2791,0,14,13,12,22.6703229102745,24.8307022445325
"2869",2791,0,15,13,11,20.2617111972699,24.3733894219579
"2870",2791,0,22,13,1,-1.31831021312286,10.8069325053237
"2871",2791,0,16,11,12,21.8221620226184,19.8708631321885
"2872",2791,0,2,13,27,64.2673438118579,12.0685865303045
"2873",2791,0,28,5,11,12.5565047976208,5.23940077542941
"2874",2791,0,4,13,24,55.1277628505639,17.5642808810771
"2875",2791,0,25,5,11,12.5565047976208,5.23940077542941
"2876",2791,0,1,28,13,9.90965827916614,67.4050015523977
"2877",2791,0,5,13,13,25.1245,25.1245
"2878",2791,0,3,13,13.7,26.8695353619568,25.2328669638986
"2879",2791,0,6,13,13,25.1245,25.1245
"2880",2791,0,17,11,1,-3.23402450653181,4.77953998722687
"2881",2792,0,18,19.8,22,43.9542014432875,35.3375603059782
"2882",2792,0,26,6,14,22.4735178525741,9.37209205507069
"2883",2792,0,30,26,18,23.8642307513259,57.037379156319
"2884",2792,0,8,9.5,14,26.050409945541,17.0343494392997
"2885",2792,0,29,12,14,27.3789698657859,22.8491307534419
"2886",2792,0,7,22,14,22.4735178525741,48.9560920550707
"2887",2792,0,21,0,26,52.8024565549851,-6.08545190548649
"2888",2792,0,24,15.9,18,37.3025871411066,30.8119337915921
"2889",2792,0,19,10,20,43.2266599594876,16.3958555212075
"2890",2792,0,10,0,14,11.6815234235083,-2.46459308134602
"2891",2792,0,20,22,24,45.609774304066,36.8983263151618
"2892",2792,0,23,18.9,18,35.0524315989312,38.1163987764624
"2893",2792,0,4,18,18,35.882,35.882
"2894",2792,0,25,5.7,19,37.0270846469978,8.71115498680367
"2895",2792,0,13,18,20,40.897452528754,33.8586480904738
"2896",2792,0,11,10,28,68.2166950509867,4.86745510646527
"2897",2792,0,22,0,2,-22.8779954601503,-22.3899039206219
"2898",2792,0,2,10,18,37.4348049538224,17.6428049538224
"2899",2792,0,9,12,18,38.0276941180092,21.9292114550411
"2900",2792,0,16,10,2,-2.33862084368105,4.07223075132588
"2901",2792,0,27,12.6,28,67.5982551871053,9.21367052691113
"2902",2792,0,1,18,16,31.0488089781299,37.251291641098
"2903",2792,0,28,12,10,17.4592916410979,21.1528089781298
"2904",2792,0,12,28,18,19.2246377680868,62.7818777126083
"2905",2792,0,15,8.3,10,14.411847219015,11.929915478377
"2906",2792,0,17,24,20,32.2829141372073,48.8694883397039
"2907",2792,0,6,18,20,40.897452528754,33.8586480904738
"2908",2792,0,3,28,16,15.3619498423557,65.1216724498452
"2909",2792,0,14,6.5,22,47.2687400811017,8.11155336126814
"2910",2792,0,5,16,18,37.251291641098,31.0488089781299
"2911",2793,0,30,18,26,57.037379156319,23.8642307513259
"2912",2793,0,18,22,19.8,35.3375603059782,43.9542014432875
"2913",2793,0,21,26,0,-6.08545190548649,52.8024565549851
"2914",2793,0,29,14,12,22.8491307534419,27.3789698657859
"2915",2793,0,20,24,22,36.8983263151618,45.609774304066
"2916",2793,0,23,18,18.9,38.1163987764624,35.0524315989312
"2917",2793,0,19,20,10,16.3958555212075,43.2266599594876
"2918",2793,0,7,14,22,48.9560920550707,22.4735178525741
"2919",2793,0,10,14,0,-2.46459308134602,11.6815234235083
"2920",2793,0,8,14,9.5,17.0343494392997,26.050409945541
"2921",2793,0,24,18,15.9,30.8119337915921,37.3025871411066
"2922",2793,0,26,14,6,9.37209205507069,22.4735178525741
"2923",2793,0,9,18,12,21.9292114550411,38.0276941180092
"2924",2793,0,13,20,18,33.8586480904738,40.897452528754
"2925",2793,0,15,10,8.3,11.929915478377,14.411847219015
"2926",2793,0,22,2,0,-22.3899039206219,-22.8779954601503
"2927",2793,0,25,19,5.7,8.71115498680367,37.0270846469978
"2928",2793,0,12,18,28,62.7818777126083,19.2246377680868
"2929",2793,0,11,28,10,4.86745510646527,68.2166950509867
"2930",2793,0,4,18,18,35.882,35.882
"2931",2793,0,28,10,12,21.1528089781298,17.4592916410979
"2932",2793,0,16,2,10,4.07223075132588,-2.33862084368105
"2933",2793,0,27,28,12.6,9.21367052691113,67.5982551871053
"2934",2793,0,14,22,6.5,8.11155336126814,47.2687400811017
"2935",2793,0,5,18,16,31.0488089781299,37.251291641098
"2936",2793,0,3,16,28,65.1216724498452,15.3619498423557
"2937",2793,0,1,16,18,37.251291641098,31.0488089781299
"2938",2793,0,2,18,10,17.6428049538224,37.4348049538224
"2939",2793,0,6,20,18,33.8586480904738,40.897452528754
"2940",2793,0,17,20,24,48.8694883397039,32.2829141372073
"2941",2794,0,9,14,14,27.706,27.706
"2942",2794,0,10,20,16,29.2195576878315,42.4608447890797
"2943",2794,0,29,14,25,57.676705291618,17.813338440023
"2944",2794,0,7,14,16.5,34.033391802253,27.1950154152904
"2945",2794,0,18,27,26,39.2877598034784,44.3752653513286
"2946",2794,0,12,16,16,32.224,32.224
"2947",2794,0,13,18,18,35.882,35.882
"2948",2794,0,20,26,26,41.914,41.914
"2949",2794,0,30,25,14,17.813338440023,57.676705291618
"2950",2794,0,26,25,25.5,43.1389168926172,40.7258393960846
"2951",2794,0,1,14,18,37.9665230137677,26.3978794631435
"2952",2794,0,11,12,16,32.6122012384556,22.7162012384556
"2953",2794,0,21,26,26,41.914,41.914
"2954",2794,0,8,17,12,22.4044638803019,35.2971649898719
"2955",2794,0,19,26,26,41.914,41.914
"2956",2794,0,16,24,24,41.696,41.696
"2957",2794,0,23,26,25,39.4983000253924,44.3767251294146
"2958",2794,0,24,25,25.5,43.1389168926172,40.7258393960846
"2959",2794,0,22,25,26,44.3767251294146,39.4983000253924
"2960",2794,0,4,20,21,41.1590240198445,37.3260011349624
"2961",2794,0,14,20,20,38.68,38.68
"2962",2794,0,15,22,22,40.618,40.618
"2963",2794,0,27,25,25,41.9125,41.9125
"2964",2794,0,25,25,25.5,43.1389168926172,40.7258393960846
"2965",2794,0,2,20,15,26.9683605515918,42.997268318582
"2966",2794,0,17,26,26,41.914,41.914
"2967",2794,0,6,18,15,28.7005615322762,37.6906648609863
"2968",2794,0,3,18,18,35.882,35.882
"2969",2794,0,5,16,20,42.4608447890797,29.2195576878315
"2970",2794,0,28,25,25,41.9125,41.9125
"2971",2795,0,9,14,14,27.706,27.706
"2972",2795,0,29,25,14,17.813338440023,57.676705291618
"2973",2795,0,12,16,16,32.224,32.224
"2974",2795,0,10,16,20,42.4608447890797,29.2195576878315
"2975",2795,0,20,26,26,41.914,41.914
"2976",2795,0,7,16.5,14,27.1950154152904,34.033391802253
"2977",2795,0,18,26,27,44.3752653513286,39.2877598034784
"2978",2795,0,15,22,22,40.618,40.618
"2979",2795,0,11,16,12,22.7162012384556,32.6122012384556
"2980",2795,0,23,25,26,44.3767251294146,39.4983000253924
"2981",2795,0,21,26,26,41.914,41.914
"2982",2795,0,30,14,25,57.676705291618,17.813338440023
"2983",2795,0,13,18,18,35.882,35.882
"2984",2795,0,25,25.5,25,40.7258393960846,43.1389168926172
"2985",2795,0,26,25.5,25,40.7258393960846,43.1389168926172
"2986",2795,0,8,12,17,35.2971649898719,22.4044638803019
"2987",2795,0,1,18,14,26.3978794631435,37.9665230137677
"2988",2795,0,16,24,24,41.696,41.696
"2989",2795,0,17,26,26,41.914,41.914
"2990",2795,0,24,25.5,25,40.7258393960846,43.1389168926172
"2991",2795,0,19,26,26,41.914,41.914
"2992",2795,0,4,21,20,37.3260011349624,41.1590240198445
"2993",2795,0,2,15,20,42.997268318582,26.9683605515918
"2994",2795,0,6,15,18,37.6906648609863,28.7005615322762
"2995",2795,0,22,26,25,39.4983000253924,44.3767251294146
"2996",2795,0,14,20,20,38.68,38.68
"2997",2795,0,3,18,18,35.882,35.882
"2998",2795,0,5,20,16,29.2195576878315,42.4608447890797
"2999",2795,0,27,25,25,41.9125,41.9125
"3000",2795,0,28,25,25,41.9125,41.9125
"3001",2796,0,7,25,10,10.4169682652965,58.5036915662674
"3002",2796,0,30,0,13,8.55095394457151,-3.22570278219686
"3003",2796,0,29,15,16,32.5663229102745,29.7787022445325
"3004",2796,0,10,18,26,57.037379156319,23.8642307513259
"3005",2796,0,21,26,26,41.914,41.914
"3006",2796,0,9,10,18,37.4348049538224,17.6428049538224
"3007",2796,0,20,26,26,41.914,41.914
"3008",2796,0,26,10,26,61.6957940177862,8.73064561279314
"3009",2796,0,22,26,26,41.914,41.914
"3010",2796,0,12,26,26,41.914,41.914
"3011",2796,0,23,26,26,41.914,41.914
"3012",2796,0,11,24,26,46.6759351917221,37.1281654275057
"3013",2796,0,24,26,26,41.914,41.914
"3014",2796,0,8,25,28,49.4418715184066,34.179354874856
"3015",2796,0,15,26,26,41.914,41.914
"3016",2796,0,13,26,26,41.914,41.914
"3017",2796,0,1,10,28,68.2166950509867,4.86745510646527
"3018",2796,0,28,10,26,61.6957940177862,8.73064561279314
"3019",2796,0,18,26,26,41.914,41.914
"3020",2796,0,14,26,26,41.914,41.914
"3021",2796,0,25,26,10,8.73064561279314,61.6957940177862
"3022",2796,0,27,10,10,16.09,16.09
"3023",2796,0,6,12,28,67.8390811190345,8.18335851154489
"3024",2796,0,5,10,10,16.09,16.09
"3025",2796,0,16,26,26,41.914,41.914
"3026",2796,0,4,25,10,10.4169682652965,58.5036915662674
"3027",2796,0,2,25,10,10.4169682652965,58.5036915662674
"3028",2796,0,19,26,26,41.914,41.914
"3029",2796,0,17,26,26,41.914,41.914
"3030",2796,0,3,26,25,39.4983000253924,44.3767251294146
"3031",2797,0,20,26,26,41.914,41.914
"3032",2797,0,7,10,25,58.5036915662674,10.4169682652965
"3033",2797,0,8,28,25,34.179354874856,49.4418715184066
"3034",2797,0,9,18,10,17.6428049538224,37.4348049538224
"3035",2797,0,12,26,26,41.914,41.914
"3036",2797,0,23,26,26,41.914,41.914
"3037",2797,0,21,26,26,41.914,41.914
"3038",2797,0,29,16,15,29.7787022445325,32.5663229102745
"3039",2797,0,30,13,0,-3.22570278219686,8.55095394457151
"3040",2797,0,11,26,24,37.1281654275057,46.6759351917221
"3041",2797,0,26,26,10,8.73064561279314,61.6957940177862
"3042",2797,0,22,26,26,41.914,41.914
"3043",2797,0,18,26,26,41.914,41.914
"3044",2797,0,10,26,18,23.8642307513259,57.037379156319
"3045",2797,0,25,10,26,61.6957940177862,8.73064561279314
"3046",2797,0,24,26,26,41.914,41.914
"3047",2797,0,28,26,10,8.73064561279314,61.6957940177862
"3048",2797,0,15,26,26,41.914,41.914
"3049",2797,0,13,26,26,41.914,41.914
"3050",2797,0,17,26,26,41.914,41.914
"3051",2797,0,27,10,10,16.09,16.09
"3052",2797,0,19,26,26,41.914,41.914
"3053",2797,0,1,28,10,4.86745510646527,68.2166950509867
"3054",2797,0,16,26,26,41.914,41.914
"3055",2797,0,6,28,12,8.18335851154489,67.8390811190345
"3056",2797,0,5,10,10,16.09,16.09
"3057",2797,0,14,26,26,41.914,41.914
"3058",2797,0,4,10,25,58.5036915662674,10.4169682652965
"3059",2797,0,2,10,25,58.5036915662674,10.4169682652965
"3060",2797,0,3,25,26,44.3767251294146,39.4983000253924
"3061",2798,0,9,15.5,20,42.7494959372193,28.0882634476215
"3062",2798,0,29,11,10,16.8564033541025,18.5986218007044
"3063",2798,0,12,15,10,18.2868660994419,29.0887627707318
"3064",2798,0,11,15.4,15,29.9746027058658,31.0645613189033
"3065",2798,0,20,18,10,17.6428049538224,37.4348049538224
"3066",2798,0,30,10,10,16.09,16.09
"3067",2798,0,15,0.2,10,-0.0739702215100397,-6.08317391083043
"3068",2798,0,13,13.8,10,18.13243258858,25.8651706468324
"3069",2798,0,7,18.7,10,17.2807720079409,39.4412219593972
"3070",2798,0,18,17.8,20,41.0832244668658,33.3865372823998
"3071",2798,0,14,22,10,14.4948458201642,49.2007764720366
"3072",2798,0,1,10,10,16.09,16.09
"3073",2798,0,23,13.6,15,30.2091115449147,26.6576977585069
"3074",2798,0,8,15,18,37.6906648609863,28.7005615322762
"3075",2798,0,19,18,18,35.882,35.882
"3076",2798,0,3,22,28,56.1401074328496,27.4967981402006
"3077",2798,0,25,0.9,13.5,12.1264455749835,-1.13194199783203
"3078",2798,0,10,16.2,15,29.7003208853861,33.0705553375359
"3079",2798,0,21,12,15,29.9728028637603,22.8644235295023
"3080",2798,0,5,28,18,19.2246377680868,62.7818777126083
"3081",2798,0,16,0,9,-3.51567020396622,-7.90529225667079
"3082",2798,0,26,12.6,14,27.5457552342351,24.2870540691865
"3083",2798,0,22,18,10,17.6428049538224,37.4348049538224
"3084",2798,0,28,11.5,10,17.1782868809886,19.870019717327
"3085",2798,0,4,26,10,8.73064561279314,61.6957940177862
"3086",2798,0,17,18,20,40.897452528754,33.8586480904738
"3087",2798,0,24,14.3,10,18.2253950215162,27.2003600908643
"3088",2798,0,27,13.3,10,17.998591388867,24.5413725469807
"3089",2798,0,6,18.9,20,39.9805388490327,36.0057015882837
"3090",2798,0,2,22,20,35.8084872028178,43.68361341641
"3091",2799,0,1,10,10,16.09,16.09
"3092",2799,0,12,10,15,29.0887627707318,18.2868660994419
"3093",2799,0,9,20,15.5,28.0882634476215,42.7494959372193
"3094",2799,0,25,13.5,0.9,-1.13194199783203,12.1264455749835
"3095",2799,0,3,28,22,27.4967981402006,56.1401074328496
"3096",2799,0,14,10,22,49.2007764720366,14.4948458201642
"3097",2799,0,11,15,15.4,31.0645613189033,29.9746027058658
"3098",2799,0,27,10,13.3,24.5413725469807,17.998591388867
"3099",2799,0,5,18,28,62.7818777126083,19.2246377680868
"3100",2799,0,16,9,0,-7.90529225667079,-3.51567020396622
"3101",2799,0,18,20,17.8,33.3865372823998,41.0832244668658
"3102",2799,0,7,10,18.7,39.4412219593972,17.2807720079409
"3103",2799,0,26,14,12.6,24.2870540691865,27.5457552342351
"3104",2799,0,4,10,26,61.6957940177862,8.73064561279314
"3105",2799,0,20,10,18,37.4348049538224,17.6428049538224
"3106",2799,0,19,18,18,35.882,35.882
"3107",2799,0,28,10,11.5,19.870019717327,17.1782868809886
"3108",2799,0,6,20,18.9,36.0057015882837,39.9805388490327
"3109",2799,0,22,10,18,37.4348049538224,17.6428049538224
"3110",2799,0,13,10,13.8,25.8651706468324,18.13243258858
"3111",2799,0,8,18,15,28.7005615322762,37.6906648609863
"3112",2799,0,24,10,14.3,27.2003600908643,18.2253950215162
"3113",2799,0,2,20,22,43.68361341641,35.8084872028178
"3114",2799,0,15,10,0.2,-6.08317391083043,-0.0739702215100397
"3115",2799,0,10,15,16.2,33.0705553375359,29.7003208853861
"3116",2799,0,29,10,11,18.5986218007044,16.8564033541025
"3117",2799,0,30,10,10,16.09,16.09
"3118",2799,0,17,20,18,33.8586480904738,40.897452528754
"3119",2799,0,21,15,12,22.8644235295023,29.9728028637603
"3120",2799,0,23,15,13.6,26.6576977585069,30.2091115449147
"3121",2892,0,1,18,26,57.037379156319,23.8642307513259
"3122",2892,0,16,15,18.8,39.7914348631986,28.0861683722138
"3123",2892,0,15,26,16.1,20.0059529228264,59.0913224998028
"3124",2892,0,17,0,13.1,8.86196045051274,-3.14223363409196
"3125",2892,0,2,22,0,-2.26225789039343,38.3664328169575
"3126",2892,0,7,18,20,40.897452528754,33.8586480904738
"3127",2892,0,19,14.5,19,40.5038149386062,26.7834444462345
"3128",2892,0,4,20,8,12.4858111461005,42.1738111461004
"3129",2892,0,9,14,0,-2.46459308134602,11.6815234235083
"3130",2892,0,21,12,14.5,28.670190692683,22.8772165248605
"3131",2892,0,6,20,22,43.68361341641,35.8084872028178
"3132",2892,0,18,26,18,23.8642307513259,57.037379156319
"3133",2892,0,3,8,19,39.1580506452935,13.0939930863476
"3134",2892,0,8,8,19,39.1580506452935,13.0939930863476
"3135",2892,0,20,22.5,0,-2.59708145856134,40.1310660795801
"3136",2892,0,5,12,14,27.3789698657859,22.8491307534419
"3137",2892,0,10,18,16.5,32.240019717327,36.9702868809886
"3138",2892,0,22,5,15.5,25.5009904208691,7.75653289659723
"3139",2892,0,27,22,0,-2.26225789039343,38.3664328169575
"3140",2892,0,12,15.1,16.6,34.0547024149692,29.7635041833464
"3141",2892,0,24,16,12,22.7162012384556,32.6122012384556
"3142",2892,0,29,15.5,0,-1.6295192808955,16.4628127232654
"3143",2892,0,14,19.5,0,-1.20132155120506,29.714136666548
"3144",2892,0,26,14,18.9,40.3756123475351,25.7430016193798
"3145",2892,0,11,26,15.1,18.0413501777563,59.9352484648575
"3146",2892,0,23,14.5,17,35.2398170796455,28.1400901378979
"3147",2892,0,28,0,18,24.6594551064652,-1.05530494901324
"3148",2892,0,13,12,14,27.3789698657859,22.8491307534419
"3149",2892,0,25,28,8,1.73381320826947,67.9402487145108
"3150",2892,0,30,12,0,-4.15032755015476,5.46594984235564
"3151",2893,0,1,26,18,23.8642307513259,57.037379156319
"3152",2893,0,8,19,8,13.0939930863476,39.1580506452935
"3153",2893,0,13,14,12,22.8491307534419,27.3789698657859
"3154",2893,0,3,19,8,13.0939930863476,39.1580506452935
"3155",2893,0,2,0,22,38.3664328169575,-2.26225789039343
"3156",2893,0,7,20,18,33.8586480904738,40.897452528754
"3157",2893,0,4,8,20,42.1738111461004,12.4858111461005
"3158",2893,0,9,0,14,11.6815234235083,-2.46459308134602
"3159",2893,0,14,0,19.5,29.714136666548,-1.20132155120506
"3160",2893,0,6,22,20,35.8084872028178,43.68361341641
"3161",2893,0,11,15.1,26,59.9352484648575,18.0413501777563
"3162",2893,0,16,18.8,15,28.0861683722138,39.7914348631986
"3163",2893,0,21,14.5,12,22.8772165248605,28.670190692683
"3164",2893,0,26,18.9,14,25.7430016193798,40.3756123475351
"3165",2893,0,5,14,12,22.8491307534419,27.3789698657859
"3166",2893,0,10,16.5,18,36.9702868809886,32.240019717327
"3167",2893,0,15,16.1,26,59.0913224998028,20.0059529228264
"3168",2893,0,20,0,22.5,40.1310660795801,-2.59708145856134
"3169",2893,0,12,16.6,15.1,29.7635041833464,34.0547024149692
"3170",2893,0,17,13.1,0,-3.14223363409196,8.86196045051274
"3171",2893,0,22,15.5,5,7.75653289659723,25.5009904208691
"3172",2893,0,27,0,22,38.3664328169575,-2.26225789039343
"3173",2893,0,19,19,14.5,26.7834444462345,40.5038149386062
"3174",2893,0,24,12,16,32.6122012384556,22.7162012384556
"3175",2893,0,29,0,15.5,16.4628127232654,-1.6295192808955
"3176",2893,0,28,18,0,-1.05530494901324,24.6594551064652
"3177",2893,0,18,18,26,57.037379156319,23.8642307513259
"3178",2893,0,23,17,14.5,28.1400901378979,35.2398170796455
"3179",2893,0,25,8,28,67.9402487145108,1.73381320826947
"3180",2893,0,30,0,12,5.46594984235564,-4.15032755015476
"3181",2894,0,1,28,28,41.272,41.272
"3182",2894,0,6,2,26,55.8892445844018,-3.48675541559823
"3183",2894,0,8,12,26,61.5122807050617,12.2406496371006
"3184",2894,0,13,28,15,13.4989539445715,66.0462972178031
"3185",2894,0,5,26,10,8.73064561279314,61.6957940177862
"3186",2894,0,3,28,24,31.9062705865832,51.838131890328
"3187",2894,0,2,26,26,41.914,41.914
"3188",2894,0,7,26,12,12.2406496371006,61.5122807050617
"3189",2894,0,12,12,28,67.8390811190345,8.18335851154489
"3190",2894,0,4,26,28,46.8820960793781,36.4980045398497
"3191",2894,0,9,26,12,12.2406496371006,61.5122807050617
"3192",2894,0,14,15,28,66.0462972178031,13.4989539445715
"3193",2894,0,19,28,15,13.4989539445715,66.0462972178031
"3194",2894,0,11,26,12,12.2406496371006,61.5122807050617
"3195",2894,0,16,15,28,66.0462972178031,13.4989539445715
"3196",2894,0,21,28,28,41.272,41.272
"3197",2894,0,26,26,26,41.914,41.914
"3198",2894,0,18,15,28,66.0462972178031,13.4989539445715
"3199",2894,0,10,12,26,61.5122807050617,12.2406496371006
"3200",2894,0,15,28,15,13.4989539445715,66.0462972178031
"3201",2894,0,20,15,28,66.0462972178031,13.4989539445715
"3202",2894,0,25,26,26,41.914,41.914
"3203",2894,0,17,28,15,13.4989539445715,66.0462972178031
"3204",2894,0,22,28,28,41.272,41.272
"3205",2894,0,27,25.9,26,42.1676306909613,41.6703795605868
"3206",2894,0,24,26,26,41.914,41.914
"3207",2894,0,29,25.9,25.9,41.923525,41.923525
"3208",2894,0,28,25.9,25.9,41.923525,41.923525
"3209",2894,0,23,26,28,46.8820960793781,36.4980045398497
"3210",2894,0,30,25.9,25.9,41.923525,41.923525
"3211",2895,0,4,28,26,36.4980045398497,46.8820960793781
"3212",2895,0,1,28,28,41.272,41.272
"3213",2895,0,6,26,2,-3.48675541559823,55.8892445844018
"3214",2895,0,11,12,26,61.5122807050617,12.2406496371006
"3215",2895,0,3,24,28,51.838131890328,31.9062705865832
"3216",2895,0,8,26,12,12.2406496371006,61.5122807050617
"3217",2895,0,13,15,28,66.0462972178031,13.4989539445715
"3218",2895,0,5,10,26,61.6957940177862,8.73064561279314
"3219",2895,0,10,26,12,12.2406496371006,61.5122807050617
"3220",2895,0,2,26,26,41.914,41.914
"3221",2895,0,7,12,26,61.5122807050617,12.2406496371006
"3222",2895,0,12,28,12,8.18335851154489,67.8390811190345
"3223",2895,0,17,15,28,66.0462972178031,13.4989539445715
"3224",2895,0,9,12,26,61.5122807050617,12.2406496371006
"3225",2895,0,14,28,15,13.4989539445715,66.0462972178031
"3226",2895,0,19,15,28,66.0462972178031,13.4989539445715
"3227",2895,0,24,26,26,41.914,41.914
"3228",2895,0,16,28,15,13.4989539445715,66.0462972178031
"3229",2895,0,21,28,28,41.272,41.272
"3230",2895,0,26,26,26,41.914,41.914
"3231",2895,0,18,28,15,13.4989539445715,66.0462972178031
"3232",2895,0,23,28,26,36.4980045398497,46.8820960793781
"3233",2895,0,15,15,28,66.0462972178031,13.4989539445715
"3234",2895,0,20,28,15,13.4989539445715,66.0462972178031
"3235",2895,0,25,26,26,41.914,41.914
"3236",2895,0,30,25.9,25.9,41.923525,41.923525
"3237",2895,0,22,28,28,41.272,41.272
"3238",2895,0,27,26,25.9,41.6703795605868,42.1676306909613
"3239",2895,0,29,25.9,25.9,41.923525,41.923525
"3240",2895,0,28,25.9,25.9,41.923525,41.923525
"3241",2896,0,3,26,28,46.8820960793781,36.4980045398497
"3242",2896,0,2,18,12,21.9292114550411,38.0276941180092
"3243",2896,0,4,22,28,56.1401074328496,27.4967981402006
"3244",2896,0,9,12,0,-4.15032755015476,5.46594984235564
"3245",2896,0,1,28,28,41.272,41.272
"3246",2896,0,6,18,28,62.7818777126083,19.2246377680868
"3247",2896,0,11,28,0,-8.97813931567535,60.2938606843246
"3248",2896,0,16,15,3,3.70072446094094,20.8438978312599
"3249",2896,0,8,12,28,67.8390811190345,8.18335851154489
"3250",2896,0,13,14,1,-0.605725667078966,13.8889768294536
"3251",2896,0,5,20,28,59.7880227069431,23.2695872007018
"3252",2896,0,10,14,4,5.24426883604795,19.5302466446471
"3253",2896,0,15,14,0,-2.46459308134602,11.6815234235083
"3254",2896,0,7,10,28,68.2166950509867,4.86745510646527
"3255",2896,0,12,16,28,65.1216724498452,15.3619498423557
"3256",2896,0,17,14,11,20.4890441952443,26.9701821980182
"3257",2896,0,22,15,0,-1.86699844760225,14.8576582791661
"3258",2896,0,14,16,20,42.4608447890797,29.2195576878315
"3259",2896,0,19,18,28,62.7818777126083,19.2246377680868
"3260",2896,0,24,22,4,3.89379907317813,44.6623510842738
"3261",2896,0,29,8,18,36.1878555212074,13.5386599594876
"3262",2896,0,21,15,2,1.79925144803892,19.0119997143357
"3263",2896,0,26,8,4,-0.610511660296128,2.59491413720734
"3264",2896,0,18,14,14,27.706,27.706
"3265",2896,0,23,14,15,30.2027826883605,27.6242424664465
"3266",2896,0,28,8,0,-9.48397729305691,-6.41841279929825
"3267",2896,0,20,15,0,-1.86699844760225,14.8576582791661
"3268",2896,0,25,15,0,-1.86699844760225,14.8576582791661
"3269",2896,0,30,10,1,-4.43715425389687,1.83419179325986
"3270",2896,0,27,14,28,66.807406918654,11.6815234235084
"3271",2897,0,1,28,28,41.272,41.272
"3272",2897,0,8,28,12,8.18335851154489,67.8390811190345
"3273",2897,0,3,28,26,36.4980045398497,46.8820960793781
"3274",2897,0,2,12,18,38.0276941180092,21.9292114550411
"3275",2897,0,7,28,10,4.86745510646527,68.2166950509867
"3276",2897,0,4,28,22,27.4967981402006,56.1401074328496
"3277",2897,0,9,0,12,5.46594984235564,-4.15032755015476
"3278",2897,0,14,20,16,29.2195576878315,42.4608447890797
"3279",2897,0,6,28,18,19.2246377680868,62.7818777126083
"3280",2897,0,11,0,28,60.2938606843246,-8.97813931567535
"3281",2897,0,16,3,15,20.8438978312599,3.70072446094094
"3282",2897,0,21,2,15,19.0119997143357,1.79925144803892
"3283",2897,0,13,1,14,13.8889768294536,-0.605725667078966
"3284",2897,0,5,28,20,23.2695872007018,59.7880227069431
"3285",2897,0,10,4,14,19.5302466446471,5.24426883604795
"3286",2897,0,15,0,14,11.6815234235083,-2.46459308134602
"3287",2897,0,20,0,15,14.8576582791661,-1.86699844760225
"3288",2897,0,12,28,16,15.3619498423557,65.1216724498452
"3289",2897,0,17,11,14,26.9701821980182,20.4890441952443
"3290",2897,0,22,0,15,14.8576582791661,-1.86699844760225
"3291",2897,0,27,28,14,11.6815234235084,66.807406918654
"3292",2897,0,19,28,18,19.2246377680868,62.7818777126083
"3293",2897,0,24,4,22,44.6623510842738,3.89379907317813
"3294",2897,0,29,18,8,13.5386599594876,36.1878555212074
"3295",2897,0,28,0,8,-6.41841279929825,-9.48397729305691
"3296",2897,0,26,4,8,2.59491413720734,-0.610511660296128
"3297",2897,0,18,14,14,27.706,27.706
"3298",2897,0,23,15,14,27.6242424664465,30.2027826883605
"3299",2897,0,25,0,15,14.8576582791661,-1.86699844760225
"3300",2897,0,30,1,10,1.83419179325986,-4.43715425389687
"3301",2898,0,1,28,9,3.27785146900689,68.1602294163023
"3302",2898,0,6,28,14,11.6815234235084,66.807406918654
"3303",2898,0,8,10.5,14,26.7044702139693,19.3260879324159
"3304",2898,0,13,0,14,11.6815234235083,-2.46459308134602
"3305",2898,0,3,18,10,17.6428049538224,37.4348049538224
"3306",2898,0,2,28,10,4.86745510646527,68.2166950509867
"3307",2898,0,7,12.5,16,32.7067517673673,23.8648063790178
"3308",2898,0,12,6.5,13,20.2919827649223,9.98683002567131
"3309",2898,0,4,4,11,10.8575361956829,3.05269638985766
"3310",2898,0,9,16,12,22.7162012384556,32.6122012384556
"3311",2898,0,14,0,15,14.8576582791661,-1.86699844760225
"3312",2898,0,19,0,18,24.6594551064652,-1.05530494901324
"3313",2898,0,11,14,12.5,24.0462610488111,27.5220455495046
"3314",2898,0,16,14,0,-2.46459308134602,11.6815234235083
"3315",2898,0,21,14.5,10,18.2511339399932,27.7376254448475
"3316",2898,0,26,14.5,18,37.8490333207654,27.5435248256198
"3317",2898,0,5,13,12,22.6703229102745,24.8307022445325
"3318",2898,0,10,10.5,13,24.0834148605054,19.074492357038
"3319",2898,0,15,0,16,18.0793585115449,-1.43291888096552
"3320",2898,0,20,6,17.5,32.7703101195846,9.72926660363456
"3321",2898,0,25,15,18,37.6906648609863,28.7005615322762
"3322",2898,0,17,28,0,-8.97813931567535,60.2938606843246
"3323",2898,0,22,14,12,22.8491307534419,27.3789698657859
"3324",2898,0,27,12.5,12,22.5196008385256,23.5736554501761
"3325",2898,0,24,16.1,16,32.1807743802817,32.4710358712664
"3326",2898,0,29,0,0,-28,-28
"3327",2898,0,28,14,11.5,21.663391802253,27.1950154152904
"3328",2898,0,18,18,0,-1.05530494901324,24.6594551064652
"3329",2898,0,23,12.7,14,27.5678297682945,24.5283027433292
"3330",2898,0,30,12,0,-4.15032755015476,5.46594984235564
"3331",2899,0,1,9,28,68.1602294163023,3.27785146900689
"3332",2899,0,6,14,28,66.807406918654,11.6815234235084
"3333",2899,0,18,0,18,24.6594551064652,-1.05530494901324
"3334",2899,0,3,10,18,37.4348049538224,17.6428049538224
"3335",2899,0,8,14,10.5,19.3260879324159,26.7044702139693
"3336",2899,0,20,17.5,6,9.72926660363456,32.7703101195846
"3337",2899,0,5,12,13,24.8307022445325,22.6703229102745
"3338",2899,0,17,0,28,60.2938606843246,-8.97813931567535
"3339",2899,0,2,10,28,68.2166950509867,4.86745510646527
"3340",2899,0,7,16,12.5,23.8648063790178,32.7067517673673
"3341",2899,0,19,18,0,-1.05530494901324,24.6594551064652
"3342",2899,0,4,11,4,3.05269638985766,10.8575361956829
"3343",2899,0,9,12,16,32.6122012384556,22.7162012384556
"3344",2899,0,21,10,14.5,27.7376254448475,18.2511339399932
"3345",2899,0,26,18,14.5,27.5435248256198,37.8490333207654
"3346",2899,0,11,12.5,14,27.5220455495046,24.0462610488111
"3347",2899,0,23,14,12.7,24.5283027433292,27.5678297682945
"3348",2899,0,28,11.5,14,27.1950154152904,21.663391802253
"3349",2899,0,13,14,0,-2.46459308134602,11.6815234235083
"3350",2899,0,25,18,15,28.7005615322762,37.6906648609863
"3351",2899,0,10,13,10.5,19.074492357038,24.0834148605054
"3352",2899,0,22,12,14,27.3789698657859,22.8491307534419
"3353",2899,0,27,12,12.5,23.5736554501761,22.5196008385256
"3354",2899,0,12,13,6.5,9.98683002567131,20.2919827649223
"3355",2899,0,24,16,16.1,32.4710358712664,32.1807743802817
"3356",2899,0,29,0,0,-28,-28
"3357",2899,0,14,15,0,-1.86699844760225,14.8576582791661
"3358",2899,0,16,0,14,11.6815234235083,-2.46459308134602
"3359",2899,0,15,16,0,-1.43291888096552,18.0793585115449
"3360",2899,0,30,0,12,5.46594984235564,-4.15032755015476
