"","Subject","Comp","Period","Inv","OtherInv","Payoff","OtherPayoff"
"1",182,1,26,22,22,40.6179999999999,40.6179999999999
"2",182,1,27,24,24,41.696,41.696
"3",182,1,28,26,26,41.914,41.914
"4",182,1,25,20,20,38.68,38.68
"5",182,1,20,14,13,25.2375,27.428
"6",182,1,8,18,12,17.012,35.258
"7",182,1,22,16,14,26.594,32.676
"8",182,1,19,14,12,22.78,26.594
"9",182,1,21,14,14,27.706,27.706
"10",182,1,15,11,10,17.376,17.8655
"11",182,1,2,10,16,26.908,15.466
"12",182,1,29,28,26,31.418,51.108
"13",182,1,7,20,26,60.058,14.596
"14",182,1,1,26,14,-12.326,58.186
"15",182,1,18,12,12,22.328,22.328
"16",182,1,9,20,10,3.93000000000003,34.34
"17",182,1,5,15,16,32.728,29.4035
"18",182,1,17,12,11,20.2115,21.268
"19",182,1,13,11,14,25.204,20.3335
"20",182,1,16,12,10,18.106,19.652
"21",182,1,4,10,28,49.732,-45.83
"22",182,1,10,10,8,12.572,11.85
"23",182,1,11,12,12,22.328,22.328
"24",182,1,14,11,11,19.3165,19.3165
"25",182,1,23,16,16,32.224,32.224
"26",182,1,24,18,18,35.882,35.882
"27",182,1,6,12,28,57.688,-36.328
"28",182,1,12,10,10,16.09,16.09
"29",182,1,3,5,18,9.232,-4.50249999999997
"30",182,1,30,18,18,35.882,35.882
"31",183,1,14,11,11,19.3165,19.3165
"32",183,1,28,26,26,41.914,41.914
"33",183,1,7,26,20,14.596,60.058
"34",183,1,9,10,20,34.34,3.93000000000003
"35",183,1,3,18,5,-4.50249999999997,9.232
"36",183,1,16,10,12,19.652,18.106
"37",183,1,23,16,16,32.224,32.224
"38",183,1,13,14,11,20.3335,25.204
"39",183,1,2,16,10,15.466,26.908
"40",183,1,15,10,11,17.8655,17.376
"41",183,1,22,14,16,32.676,26.594
"42",183,1,8,12,18,35.258,17.012
"43",183,1,27,24,24,41.696,41.696
"44",183,1,5,16,15,29.4035,32.728
"45",183,1,29,26,28,51.108,31.418
"46",183,1,25,20,20,38.68,38.68
"47",183,1,1,14,26,58.186,-12.326
"48",183,1,21,14,14,27.706,27.706
"49",183,1,18,12,12,22.328,22.328
"50",183,1,30,18,18,35.882,35.882
"51",183,1,24,18,18,35.882,35.882
"52",183,1,4,28,10,-45.83,49.732
"53",183,1,17,11,12,21.268,20.2115
"54",183,1,12,10,10,16.09,16.09
"55",183,1,19,12,14,26.594,22.78
"56",183,1,26,22,22,40.6179999999999,40.6179999999999
"57",183,1,6,28,12,-36.328,57.688
"58",183,1,11,12,12,22.328,22.328
"59",183,1,10,8,10,11.85,12.572
"60",183,1,20,13,14,27.428,25.2375
"61",184,1,3,14,20,42.748,17.698
"62",184,1,16,16,18,37.898,29.548
"63",184,1,9,16,14,26.594,32.676
"64",184,1,7,13,12,22.832,24.4555
"65",184,1,14,14,20,42.748,17.698
"66",184,1,23,13,16,32.068,23.7955
"67",184,1,8,14,16,32.676,26.594
"68",184,1,15,16,12,21.008,30.904
"69",184,1,28,16,15,29.4035,32.728
"70",184,1,22,12,20,39.656,10.792
"71",184,1,27,16,16,32.224,32.224
"72",184,1,13,10,16,26.908,15.466
"73",184,1,18,16,18,37.898,29.548
"74",184,1,19,18,24,55.148,16.49
"75",184,1,25,15,8,11.792,19.1875
"76",184,1,2,22,6,-20.0860000000001,19.498
"77",184,1,5,18,6,-1.46199999999996,14.618
"78",184,1,12,20,28,67.272,2.12000000000002
"79",184,1,26,15,16,32.728,29.4035
"80",184,1,21,10,28,49.732,-45.83
"81",184,1,6,16,10,15.466,26.908
"82",184,1,17,18,22,48.682,25.1779999999999
"83",184,1,29,12,11,20.2115,21.268
"84",184,1,1,18,2,-13.558,-10.262
"85",184,1,4,14,22,47.85,9.91399999999992
"86",184,1,10,16,20,43.616,24.648
"87",184,1,11,18,24,55.148,16.49
"88",184,1,20,20,0,-29.72,-25.6
"89",184,1,24,14,10,17.898,23.258
"90",184,1,30,14,27,60.7975,-19.2760000000001
"91",185,1,9,14,16,32.676,26.594
"92",185,1,23,16,13,23.7955,32.068
"93",185,1,7,12,13,24.4555,22.832
"94",185,1,28,15,16,32.728,29.4035
"95",185,1,27,16,16,32.224,32.224
"96",185,1,8,16,14,26.594,32.676
"97",185,1,14,20,14,17.698,42.748
"98",185,1,22,20,12,10.792,39.656
"99",185,1,25,8,15,19.1875,11.792
"100",185,1,21,28,10,-45.83,49.732
"101",185,1,3,20,14,17.698,42.748
"102",185,1,16,18,16,29.548,37.898
"103",185,1,26,16,15,29.4035,32.728
"104",185,1,1,2,18,-10.262,-13.558
"105",185,1,13,16,10,15.466,26.908
"106",185,1,15,12,16,30.904,21.008
"107",185,1,19,24,18,16.49,55.148
"108",185,1,20,0,20,-25.6,-29.72
"109",185,1,2,6,22,19.498,-20.0860000000001
"110",185,1,5,6,18,14.618,-1.46199999999996
"111",185,1,29,11,12,21.268,20.2115
"112",185,1,30,27,14,-19.2760000000001,60.7975
"113",185,1,6,10,16,26.908,15.466
"114",185,1,18,18,16,29.548,37.898
"115",185,1,12,28,20,2.12000000000002,67.272
"116",185,1,10,20,16,24.648,43.616
"117",185,1,4,22,14,9.91399999999992,47.85
"118",185,1,11,24,18,16.49,55.148
"119",185,1,17,22,18,25.1779999999999,48.682
"120",185,1,24,10,14,23.258,17.898
"121",186,1,2,28,22,11.842,64.1079999999999
"122",186,1,15,20,18,31.642,42.26
"123",186,1,12,18,20,42.26,31.642
"124",186,1,13,22,18,25.1779999999999,48.682
"125",186,1,1,18,15,26.3975,38.072
"126",186,1,5,20,22,45.762,32.8759999999999
"127",186,1,28,15,16,32.728,29.4035
"128",186,1,11,20,22,45.762,32.8759999999999
"129",186,1,6,20,20,38.68,38.68
"130",186,1,3,20,26,60.058,14.596
"131",186,1,8,20,18,31.642,42.26
"132",186,1,9,21,20,36.056,42.2155
"133",186,1,4,21,20,36.056,42.2155
"134",186,1,7,20,20,38.68,38.68
"135",186,1,16,14,18,37.69,23.258
"136",186,1,10,20,22,45.762,32.8759999999999
"137",186,1,22,14,16,32.676,26.594
"138",186,1,23,16,18,37.898,29.548
"139",186,1,14,16,20,43.616,24.648
"140",186,1,19,14,18,37.69,23.258
"141",186,1,26,14,16,32.676,26.594
"142",186,1,27,14,16,32.676,26.594
"143",186,1,21,16,18,37.898,29.548
"144",186,1,29,14,13,25.2375,27.428
"145",186,1,30,12,12,22.328,22.328
"146",186,1,25,16,16,32.224,32.224
"147",186,1,18,18,16,29.548,37.898
"148",186,1,17,16,18,37.898,29.548
"149",186,1,20,16,18,37.898,29.548
"150",186,1,24,16,18,37.898,29.548
"151",187,1,22,16,14,26.594,32.676
"152",187,1,27,16,14,26.594,32.676
"153",187,1,26,16,14,26.594,32.676
"154",187,1,14,20,16,24.648,43.616
"155",187,1,16,18,14,23.258,37.69
"156",187,1,21,18,16,29.548,37.898
"157",187,1,15,18,20,42.26,31.642
"158",187,1,2,22,28,64.1079999999999,11.842
"159",187,1,23,18,16,29.548,37.898
"160",187,1,25,16,16,32.224,32.224
"161",187,1,13,18,22,48.682,25.1779999999999
"162",187,1,12,20,18,31.642,42.26
"163",187,1,3,26,20,14.596,60.058
"164",187,1,17,18,16,29.548,37.898
"165",187,1,20,18,16,29.548,37.898
"166",187,1,1,15,18,38.072,26.3975
"167",187,1,7,20,20,38.68,38.68
"168",187,1,28,16,15,29.4035,32.728
"169",187,1,24,18,16,29.548,37.898
"170",187,1,11,22,20,32.8759999999999,45.762
"171",187,1,5,22,20,32.8759999999999,45.762
"172",187,1,30,12,12,22.328,22.328
"173",187,1,8,18,20,42.26,31.642
"174",187,1,18,16,18,37.898,29.548
"175",187,1,6,20,20,38.68,38.68
"176",187,1,19,18,14,23.258,37.69
"177",187,1,4,20,21,42.2155,36.056
"178",187,1,29,13,14,27.428,25.2375
"179",187,1,9,20,21,42.2155,36.056
"180",187,1,10,22,20,32.8759999999999,45.762
"181",188,1,23,22,12,2.34799999999993,44.098
"182",188,1,21,6,14,9.914,8.26600000000002
"183",188,1,16,6,14,9.914,8.26600000000002
"184",188,1,3,6,10,5.386,9.09799999999999
"185",188,1,22,4,12,-1.72,5.704
"186",188,1,14,18,12,17.012,35.258
"187",188,1,7,0,14,-26.782,-5.85199999999998
"188",188,1,26,12,12,22.328,22.328
"189",188,1,27,14,14,27.706,27.706
"190",188,1,15,10,14,23.258,17.898
"191",188,1,2,4,14,-0.0939999999999994,3.51600000000002
"192",188,1,5,22,14,9.91399999999992,47.85
"193",188,1,29,12,14,26.594,22.78
"194",188,1,25,4,14,-0.0939999999999994,3.51600000000002
"195",188,1,12,8,14,17.698,13.06
"196",188,1,6,10,14,23.258,17.898
"197",188,1,28,22,14,9.91399999999992,47.85
"198",188,1,20,22,14,9.91399999999992,47.85
"199",188,1,13,4,14,-0.0939999999999994,3.51600000000002
"200",188,1,1,2,24,-6.836,-48.79
"201",188,1,4,12,12,22.328,22.328
"202",188,1,30,14,12,22.78,26.594
"203",188,1,11,28,14,-26.782,63.42
"204",188,1,18,18,10,10.81,30.602
"205",188,1,9,8,14,17.698,13.06
"206",188,1,17,2,12,-13.292,1.658
"207",188,1,24,6,14,9.914,8.26600000000002
"208",188,1,10,20,14,17.698,42.748
"209",188,1,19,24,12,-8.32000000000004,48.584
"210",188,1,8,26,14,-12.326,58.186
"211",189,1,15,14,10,17.898,23.258
"212",189,1,16,14,6,8.26600000000002,9.914
"213",189,1,21,14,6,8.26600000000002,9.914
"214",189,1,11,14,28,63.42,-26.782
"215",189,1,23,12,22,44.098,2.34799999999993
"216",189,1,3,10,6,9.09799999999999,5.386
"217",189,1,20,14,22,47.85,9.91399999999992
"218",189,1,27,14,14,27.706,27.706
"219",189,1,12,14,8,13.06,17.698
"220",189,1,7,14,0,-5.85199999999998,-26.782
"221",189,1,26,12,12,22.328,22.328
"222",189,1,19,12,24,48.584,-8.32000000000004
"223",189,1,22,12,4,5.704,-1.72
"224",189,1,14,12,18,35.258,17.012
"225",189,1,2,14,4,3.51600000000002,-0.0939999999999994
"226",189,1,29,14,12,22.78,26.594
"227",189,1,5,14,22,47.85,9.91399999999992
"228",189,1,6,14,10,17.898,23.258
"229",189,1,13,14,4,3.51600000000002,-0.0939999999999994
"230",189,1,28,14,22,47.85,9.91399999999992
"231",189,1,30,12,14,26.594,22.78
"232",189,1,25,14,4,3.51600000000002,-0.0939999999999994
"233",189,1,18,10,18,30.602,10.81
"234",189,1,1,24,2,-48.79,-6.836
"235",189,1,10,14,20,42.748,17.698
"236",189,1,24,14,6,8.26600000000002,9.914
"237",189,1,9,14,8,13.06,17.698
"238",189,1,17,12,2,1.658,-13.292
"239",189,1,4,12,12,22.328,22.328
"240",189,1,8,14,26,58.186,-12.326
"241",190,1,7,12,12,22.328,22.328
"242",190,1,1,8,12,14.752,13.928
"243",190,1,8,14,14,27.706,27.706
"244",190,1,2,10,10,16.09,16.09
"245",190,1,9,16,16,32.224,32.224
"246",190,1,6,10,18,30.602,10.81
"247",190,1,4,16,8,9.96800000000001,20.688
"248",190,1,23,18,18,35.882,35.882
"249",190,1,5,18,12,17.012,35.258
"250",190,1,26,24,24,41.696,41.696
"251",190,1,20,12,12,22.328,22.328
"252",190,1,21,14,14,27.706,27.706
"253",190,1,15,18,20,42.26,31.642
"254",190,1,28,20,24,52.888,24.848
"255",190,1,27,24,24,41.696,41.696
"256",190,1,22,16,16,32.224,32.224
"257",190,1,25,22,22,40.6179999999999,40.6179999999999
"258",190,1,3,10,16,26.908,15.466
"259",190,1,29,12,12,22.328,22.328
"260",190,1,14,26,24,32.764,50.186
"261",190,1,24,20,20,38.68,38.68
"262",190,1,16,10,18,30.602,10.81
"263",190,1,10,18,18,35.882,35.882
"264",190,1,30,8,12,14.752,13.928
"265",190,1,13,24,24,41.696,41.696
"266",190,1,18,14,16,32.676,26.594
"267",190,1,12,22,22,40.6179999999999,40.6179999999999
"268",190,1,19,18,14,23.258,37.69
"269",190,1,11,20,20,38.68,38.68
"270",190,1,17,12,12,22.328,22.328
"271",191,1,14,24,26,50.186,32.764
"272",191,1,20,12,12,22.328,22.328
"273",191,1,12,22,22,40.6179999999999,40.6179999999999
"274",191,1,19,14,18,37.69,23.258
"275",191,1,13,24,24,41.696,41.696
"276",191,1,18,16,14,26.594,32.676
"277",191,1,1,12,8,13.928,14.752
"278",191,1,21,14,14,27.706,27.706
"279",191,1,15,20,18,31.642,42.26
"280",191,1,7,12,12,22.328,22.328
"281",191,1,17,12,12,22.328,22.328
"282",191,1,2,10,10,16.09,16.09
"283",191,1,28,24,20,24.848,52.888
"284",191,1,6,18,10,10.81,30.602
"285",191,1,9,16,16,32.224,32.224
"286",191,1,4,8,16,20.688,9.96800000000001
"287",191,1,3,16,10,15.466,26.908
"288",191,1,16,18,10,10.81,30.602
"289",191,1,10,18,18,35.882,35.882
"290",191,1,11,20,20,38.68,38.68
"291",191,1,5,12,18,35.258,17.012
"292",191,1,26,24,24,41.696,41.696
"293",191,1,8,14,14,27.706,27.706
"294",191,1,27,24,24,41.696,41.696
"295",191,1,25,22,22,40.6179999999999,40.6179999999999
"296",191,1,22,16,16,32.224,32.224
"297",191,1,29,12,12,22.328,22.328
"298",191,1,23,18,18,35.882,35.882
"299",191,1,30,12,8,13.928,14.752
"300",191,1,24,20,20,38.68,38.68
"301",192,1,23,12,16,30.904,21.008
"302",192,1,27,14,16,32.676,26.594
"303",192,1,14,16,14.8,28.84072,32.76208
"304",192,1,22,14,14,27.706,27.706
"305",192,1,7,18,18,35.882,35.882
"306",192,1,21,16,16,32.224,32.224
"307",192,1,30,14,11.6,21.80008,26.10472
"308",192,1,13,16,14,26.594,32.676
"309",192,1,6,22,18,25.1779999999999,48.682
"310",192,1,1,28,15,-21.9925,65.452
"311",192,1,3,10,18,30.602,10.81
"312",192,1,18,15,14,27.428,30.1855
"313",192,1,25,12,10,18.106,19.652
"314",192,1,26,13,13,25.1245,25.1245
"315",192,1,2,18,8,4.65200000000004,23.722
"316",192,1,29,13,28,60.832,-31.5605
"317",192,1,17,14,18,37.69,23.258
"318",192,1,9,18,14,23.258,37.69
"319",192,1,12,2,12,-13.292,1.658
"320",192,1,5,18,18,35.882,35.882
"321",192,1,24,13,18,36.752,20.1295
"322",192,1,19,15,16,32.728,29.4035
"323",192,1,4,18,28,68.212,-7.55799999999998
"324",192,1,11,18,12,17.012,35.258
"325",192,1,28,11,14,25.204,20.3335
"326",192,1,8,16,28,66.928,-17.192
"327",192,1,20,16,10,15.466,26.908
"328",192,1,10,16,10,15.466,26.908
"329",192,1,15,14,14,27.706,27.706
"330",192,1,16,15,28,65.452,-21.9925
"331",193,1,23,16,12,21.008,30.904
"332",193,1,12,12,2,1.658,-13.292
"333",193,1,21,16,16,32.224,32.224
"334",193,1,7,18,18,35.882,35.882
"335",193,1,14,14.8,16,32.76208,28.84072
"336",193,1,22,14,14,27.706,27.706
"337",193,1,13,14,16,32.676,26.594
"338",193,1,20,10,16,26.908,15.466
"339",193,1,1,15,28,65.452,-21.9925
"340",193,1,27,16,14,26.594,32.676
"341",193,1,30,11.6,14,26.10472,21.80008
"342",193,1,18,14,15,30.1855,27.428
"343",193,1,11,12,18,35.258,17.012
"344",193,1,3,18,10,10.81,30.602
"345",193,1,25,10,12,19.652,18.106
"346",193,1,19,16,15,29.4035,32.728
"347",193,1,6,18,22,48.682,25.1779999999999
"348",193,1,2,8,18,23.722,4.65200000000004
"349",193,1,26,13,13,25.1245,25.1245
"350",193,1,29,28,13,-31.5605,60.832
"351",193,1,16,28,15,-21.9925,65.452
"352",193,1,4,28,18,-7.55799999999998,68.212
"353",193,1,5,18,18,35.882,35.882
"354",193,1,24,18,13,20.1295,36.752
"355",193,1,17,18,14,23.258,37.69
"356",193,1,9,14,18,37.69,23.258
"357",193,1,28,14,11,20.3335,25.204
"358",193,1,15,14,14,27.706,27.706
"359",193,1,10,10,16,26.908,15.466
"360",193,1,8,28,16,-17.192,66.928
"361",194,1,21,14,18,37.69,23.258
"362",194,1,22,16,18,37.898,29.548
"363",194,1,2,28,18,-7.55799999999998,68.212
"364",194,1,27,6,14,9.914,8.26600000000002
"365",194,1,12,16,14,26.594,32.676
"366",194,1,25,8,16,20.688,9.96800000000001
"367",194,1,13,26,18,5.57799999999996,61.658
"368",194,1,23,16,16,32.224,32.224
"369",194,1,1,18,18,35.882,35.882
"370",194,1,26,12,12,22.328,22.328
"371",194,1,20,12,22,44.098,2.34799999999993
"372",194,1,7,16,18,37.898,29.548
"373",194,1,3,18,12,17.012,35.258
"374",194,1,24,6,18,14.618,-1.46199999999996
"375",194,1,30,18,18,35.882,35.882
"376",194,1,11,28,18,-7.55799999999998,68.212
"377",194,1,14,18,18,35.882,35.882
"378",194,1,28,10,12,19.652,18.106
"379",194,1,19,12,18,35.258,17.012
"380",194,1,18,8,12,14.752,13.928
"381",194,1,6,22,28,64.1079999999999,11.842
"382",194,1,8,20,12,10.792,39.656
"383",194,1,29,8,14,17.698,13.06
"384",194,1,16,6,18,14.618,-1.46199999999996
"385",194,1,10,18,28,68.212,-7.55799999999998
"386",194,1,15,28,18,-7.55799999999998,68.212
"387",194,1,17,6,18,14.618,-1.46199999999996
"388",194,1,5,22,18,25.1779999999999,48.682
"389",194,1,4,12,18,35.258,17.012
"390",194,1,9,18,18,35.882,35.882
"391",195,1,7,18,16,29.548,37.898
"392",195,1,11,18,28,68.212,-7.55799999999998
"393",195,1,14,18,18,35.882,35.882
"394",195,1,13,18,26,61.658,5.57799999999996
"395",195,1,6,28,22,11.842,64.1079999999999
"396",195,1,1,18,18,35.882,35.882
"397",195,1,2,18,28,68.212,-7.55799999999998
"398",195,1,10,28,18,-7.55799999999998,68.212
"399",195,1,4,18,12,17.012,35.258
"400",195,1,5,18,22,48.682,25.1779999999999
"401",195,1,12,14,16,32.676,26.594
"402",195,1,17,18,6,-1.46199999999996,14.618
"403",195,1,8,12,20,39.656,10.792
"404",195,1,9,18,18,35.882,35.882
"405",195,1,21,18,14,23.258,37.69
"406",195,1,15,18,28,68.212,-7.55799999999998
"407",195,1,24,18,6,-1.46199999999996,14.618
"408",195,1,27,14,6,8.26600000000002,9.914
"409",195,1,22,18,16,29.548,37.898
"410",195,1,23,16,16,32.224,32.224
"411",195,1,28,12,10,18.106,19.652
"412",195,1,25,16,8,9.96800000000001,20.688
"413",195,1,20,22,12,2.34799999999993,44.098
"414",195,1,3,12,18,35.258,17.012
"415",195,1,26,12,12,22.328,22.328
"416",195,1,30,18,18,35.882,35.882
"417",195,1,18,12,8,13.928,14.752
"418",195,1,19,18,12,17.012,35.258
"419",195,1,16,18,6,-1.46199999999996,14.618
"420",195,1,29,14,8,13.06,17.698
"421",196,1,7,2,22,-8.022,-34.8220000000001
"422",196,1,14,16,20.2,44.19022,24.03568
"423",196,1,20,16,14.6,28.27838,32.77392
"424",196,1,27,14.5,19.3,41.340445,21.572605
"425",196,1,21,14.6,16.6,34.3329,27.5705
"426",196,1,19,17,20,43.216,28.1395
"427",196,1,13,20.7,24,51.57158,27.7836949999999
"428",196,1,25,15.6,12.5,22.899695,30.65698
"429",196,1,1,2,0,-18.164,-27.958
"430",196,1,2,0,28,-23.408,-92.68
"431",196,1,26,23.8,12.5,-5.11724500000005,49.42842
"432",196,1,29,18.9,19,37.58122,37.053155
"433",196,1,11,24,0.8,-53.57248,-17.22272
"434",196,1,12,24.6,28,56.66992,24.54638
"435",196,1,16,19,0,-24.352,-25.8245
"436",196,1,18,18,14,23.258,37.69
"437",196,1,30,19,20,40.748,35.1555
"438",196,1,5,28,28,41.272,41.272
"439",196,1,15,14.5,0,-7.0765,-26.698625
"440",196,1,28,17,12.9,21.944755,34.29662
"441",196,1,10,16,10,15.466,26.908
"442",196,1,6,28,24,21.608,58.72
"443",196,1,9,28,20,2.12000000000002,67.272
"444",196,1,17,13.5,28,62.1955,-29.172625
"445",196,1,23,28,8.1,-54.816145,40.11382
"446",196,1,4,26,0,-73.604,-24.022
"447",196,1,3,0,24,-24.592,-56.752
"448",196,1,24,18.2,20.2,42.6489,31.8041
"449",196,1,8,28,28,41.272,41.272
"450",196,1,22,28,24.2,22.58702,58.05888
"451",197,1,1,0,2,-27.958,-18.164
"452",197,1,7,22,2,-34.8220000000001,-8.022
"453",197,1,11,0.8,24,-17.22272,-53.57248
"454",197,1,20,14.6,16,32.77392,28.27838
"455",197,1,21,16.6,14.6,27.5705,34.3329
"456",197,1,27,19.3,14.5,21.572605,41.340445
"457",197,1,30,20,19,35.1555,40.748
"458",197,1,2,28,0,-92.68,-23.408
"459",197,1,14,20.2,16,24.03568,44.19022
"460",197,1,25,12.5,15.6,30.65698,22.899695
"461",197,1,10,10,16,26.908,15.466
"462",197,1,5,28,28,41.272,41.272
"463",197,1,19,20,17,28.1395,43.216
"464",197,1,26,12.5,23.8,49.42842,-5.11724500000005
"465",197,1,29,19,18.9,37.053155,37.58122
"466",197,1,6,24,28,58.72,21.608
"467",197,1,12,28,24.6,24.54638,56.66992
"468",197,1,13,24,20.7,27.7836949999999,51.57158
"469",197,1,18,14,18,37.69,23.258
"470",197,1,4,0,26,-24.022,-73.604
"471",197,1,9,20,28,67.272,2.12000000000002
"472",197,1,3,24,0,-56.752,-24.592
"473",197,1,16,0,19,-25.8245,-24.352
"474",197,1,23,8.1,28,40.11382,-54.816145
"475",197,1,8,28,28,41.272,41.272
"476",197,1,17,28,13.5,-29.172625,62.1955
"477",197,1,24,20.2,18.2,31.8041,42.6489
"478",197,1,22,24.2,28,58.05888,22.58702
"479",197,1,15,0,14.5,-26.698625,-7.0765
"480",197,1,28,12.9,17,34.29662,21.944755
"481",198,1,11,12,10,18.106,19.652
"482",198,1,21,16,14,26.594,32.676
"483",198,1,20,16,16,32.224,32.224
"484",198,1,25,15,9.9,16.700555,24.83582
"485",198,1,5,10,20,34.34,3.93000000000003
"486",198,1,12,18,14,23.258,37.69
"487",198,1,19,16,16.8,34.48832,31.42048
"488",198,1,14,11,13.5,24.215875,20.5115
"489",198,1,27,13,12.5,23.976875,24.8595
"490",198,1,7,14,20,42.748,17.698
"491",198,1,1,20,0,-29.72,-25.6
"492",198,1,13,13,14,27.428,25.2375
"493",198,1,10,13,6,9.308,8.7655
"494",198,1,30,10,10,16.09,16.09
"495",198,1,6,7,14,14.084,10.6575
"496",198,1,2,14,28,63.42,-26.782
"497",198,1,26,14,10,17.898,23.258
"498",198,1,4,16,14,26.594,32.676
"499",198,1,23,13,15.8,31.60202,24.03978
"500",198,1,9,12,7,11.8555,11.468
"501",198,1,16,19,15,24.0605,40.7605
"502",198,1,29,11,12,21.268,20.2115
"503",198,1,18,16,14.5,27.997375,32.7715
"504",198,1,8,13,28,60.832,-31.5605
"505",198,1,15,13.9,11.9,22.566725,26.267325
"506",198,1,28,12,9,16.0115,17.48
"507",198,1,22,16,12,21.008,30.904
"508",198,1,24,15.7,8,10.57358,20.236695
"509",198,1,3,10,16,26.908,15.466
"510",198,1,17,16,15.5,30.812375,32.5455
"511",199,1,1,0,20,-25.6,-29.72
"512",199,1,28,9,12,17.48,16.0115
"513",199,1,19,16.8,16,31.42048,34.48832
"514",199,1,25,9.9,15,24.83582,16.700555
"515",199,1,7,20,14,17.698,42.748
"516",199,1,8,28,13,-31.5605,60.832
"517",199,1,17,15.5,16,32.5455,30.812375
"518",199,1,20,16,16,32.224,32.224
"519",199,1,21,14,16,32.676,26.594
"520",199,1,27,12.5,13,24.8595,23.976875
"521",199,1,15,11.9,13.9,26.267325,22.566725
"522",199,1,18,14.5,16,32.7715,27.997375
"523",199,1,14,13.5,11,20.5115,24.215875
"524",199,1,26,10,14,23.258,17.898
"525",199,1,22,12,16,30.904,21.008
"526",199,1,13,14,13,25.2375,27.428
"527",199,1,30,10,10,16.09,16.09
"528",199,1,24,8,15.7,20.236695,10.57358
"529",199,1,2,28,14,-26.782,63.42
"530",199,1,29,12,11,20.2115,21.268
"531",199,1,16,15,19,40.7605,24.0605
"532",199,1,10,6,13,8.7655,9.308
"533",199,1,12,14,18,37.69,23.258
"534",199,1,9,7,12,11.468,11.8555
"535",199,1,23,15.8,13,24.03978,31.60202
"536",199,1,11,10,12,19.652,18.106
"537",199,1,6,14,7,10.6575,14.084
"538",199,1,3,16,10,15.466,26.908
"539",199,1,4,14,16,32.676,26.594
"540",199,1,5,20,10,3.93000000000003,34.34
"541",686,1,6,14,18,37.69,23.258
"542",686,1,28,26,26,41.914,41.914
"543",686,1,7,14,18,37.69,23.258
"544",686,1,5,16,18,37.898,29.548
"545",686,1,2,26,28,51.108,31.418
"546",686,1,13,20,16,24.648,43.616
"547",686,1,14,18,18,35.882,35.882
"548",686,1,16,12,14,26.594,22.78
"549",686,1,10,12,16,30.904,21.008
"550",686,1,19,26,26,41.914,41.914
"551",686,1,22,26,26,41.914,41.914
"552",686,1,23,26,26,41.914,41.914
"553",686,1,25,26,26,41.914,41.914
"554",686,1,26,26,26,41.914,41.914
"555",686,1,3,26,18,5.57799999999996,61.658
"556",686,1,29,26,26,41.914,41.914
"557",686,1,8,14,18,37.69,23.258
"558",686,1,9,14,12,22.78,26.594
"559",686,1,11,12,28,57.688,-36.328
"560",686,1,12,16,16,32.224,32.224
"561",686,1,15,20,10,3.93000000000003,34.34
"562",686,1,17,28,18,-7.55799999999998,68.212
"563",686,1,18,26,26,41.914,41.914
"564",686,1,20,26,26,41.914,41.914
"565",686,1,21,26,26,41.914,41.914
"566",686,1,24,26,26,41.914,41.914
"567",686,1,1,20,18,31.642,42.26
"568",686,1,27,26,26,41.914,41.914
"569",686,1,4,26,18,5.57799999999996,61.658
"570",686,1,30,22,26,56.2339999999999,23.658
"571",687,1,29,26,26,41.914,41.914
"572",687,1,28,26,26,41.914,41.914
"573",687,1,27,26,26,41.914,41.914
"574",687,1,6,18,14,23.258,37.69
"575",687,1,4,18,26,61.658,5.57799999999996
"576",687,1,7,18,14,23.258,37.69
"577",687,1,30,26,22,23.658,56.2339999999999
"578",687,1,5,18,16,29.548,37.898
"579",687,1,14,18,18,35.882,35.882
"580",687,1,15,10,20,34.34,3.93000000000003
"581",687,1,2,28,26,31.418,51.108
"582",687,1,13,16,20,43.616,24.648
"583",687,1,22,26,26,41.914,41.914
"584",687,1,23,26,26,41.914,41.914
"585",687,1,24,26,26,41.914,41.914
"586",687,1,1,18,20,42.26,31.642
"587",687,1,3,18,26,61.658,5.57799999999996
"588",687,1,11,28,12,-36.328,57.688
"589",687,1,12,16,16,32.224,32.224
"590",687,1,8,18,14,23.258,37.69
"591",687,1,10,16,12,21.008,30.904
"592",687,1,19,26,26,41.914,41.914
"593",687,1,20,26,26,41.914,41.914
"594",687,1,16,14,12,22.78,26.594
"595",687,1,17,18,28,68.212,-7.55799999999998
"596",687,1,26,26,26,41.914,41.914
"597",687,1,18,26,26,41.914,41.914
"598",687,1,21,26,26,41.914,41.914
"599",687,1,25,26,26,41.914,41.914
"600",687,1,9,12,14,26.594,22.78
"601",688,1,7,12,2,1.658,-13.292
"602",688,1,29,12,12,22.328,22.328
"603",688,1,2,18,2,-13.558,-10.262
"604",688,1,6,10,4,5.66799999999999,-3.302
"605",688,1,28,12,28,57.688,-36.328
"606",688,1,1,18,2,-13.558,-10.262
"607",688,1,5,10,2,2.28199999999999,-14.214
"608",688,1,27,14,14,27.706,27.706
"609",688,1,9,14,0,-5.85199999999998,-26.782
"610",688,1,30,14,0,-5.85199999999998,-26.782
"611",688,1,8,14,6,8.26600000000002,9.914
"612",688,1,4,20,2,-23.078,-9.164
"613",688,1,16,12,28,57.688,-36.328
"614",688,1,26,12,18,35.258,17.012
"615",688,1,3,22,2,-34.8220000000001,-8.022
"616",688,1,14,14,28,63.42,-26.782
"617",688,1,23,12,28,57.688,-36.328
"618",688,1,25,12,28,57.688,-36.328
"619",688,1,10,10,0,-1.06000000000001,-27.35
"620",688,1,13,10,28,49.732,-45.83
"621",688,1,12,10,28,49.732,-45.83
"622",688,1,15,14,14,27.706,27.706
"623",688,1,17,12,28,57.688,-36.328
"624",688,1,19,12,28,57.688,-36.328
"625",688,1,22,10,14,23.258,17.898
"626",688,1,21,12,28,57.688,-36.328
"627",688,1,24,14,12,22.78,26.594
"628",688,1,11,12,28,57.688,-36.328
"629",688,1,20,12,12,22.328,22.328
"630",688,1,18,12,22,44.098,2.34799999999993
"631",689,1,30,0,14,-26.782,-5.85199999999998
"632",689,1,6,4,10,-3.302,5.66799999999999
"633",689,1,4,2,20,-9.164,-23.078
"634",689,1,7,2,12,-13.292,1.658
"635",689,1,5,2,10,-14.214,2.28199999999999
"636",689,1,29,12,12,22.328,22.328
"637",689,1,2,2,18,-10.262,-13.558
"638",689,1,3,2,22,-8.022,-34.8220000000001
"639",689,1,13,28,10,-45.83,49.732
"640",689,1,28,28,12,-36.328,57.688
"641",689,1,27,14,14,27.706,27.706
"642",689,1,26,18,12,17.012,35.258
"643",689,1,1,2,18,-10.262,-13.558
"644",689,1,8,6,14,9.914,8.26600000000002
"645",689,1,16,28,12,-36.328,57.688
"646",689,1,9,0,14,-26.782,-5.85199999999998
"647",689,1,17,28,12,-36.328,57.688
"648",689,1,10,0,10,-27.35,-1.06000000000001
"649",689,1,14,28,14,-26.782,63.42
"650",689,1,25,28,12,-36.328,57.688
"651",689,1,24,12,14,26.594,22.78
"652",689,1,18,22,12,2.34799999999993,44.098
"653",689,1,22,14,10,17.898,23.258
"654",689,1,15,14,14,27.706,27.706
"655",689,1,12,28,10,-45.83,49.732
"656",689,1,21,28,12,-36.328,57.688
"657",689,1,23,28,12,-36.328,57.688
"658",689,1,20,12,12,22.328,22.328
"659",689,1,11,28,12,-36.328,57.688
"660",689,1,19,28,12,-36.328,57.688
"661",690,1,9,18,14,23.258,37.69
"662",690,1,7,16,14,26.594,32.676
"663",690,1,6,12,14,26.594,22.78
"664",690,1,8,14,16,32.676,26.594
"665",690,1,30,14,12,22.78,26.594
"666",690,1,29,12,14,26.594,22.78
"667",690,1,10,10,18,30.602,10.81
"668",690,1,4,10,12,19.652,18.106
"669",690,1,28,14,14,27.706,27.706
"670",690,1,3,6,12,7.628,9.794
"671",690,1,26,10,14,23.258,17.898
"672",690,1,5,8,12,14.752,13.928
"673",690,1,11,8,12,14.752,13.928
"674",690,1,1,8,2,0.682000000000007,-15.092
"675",690,1,12,10,20,34.34,3.93000000000003
"676",690,1,17,12,14,26.594,22.78
"677",690,1,2,2,10,-14.214,2.28199999999999
"678",690,1,14,16,12,21.008,30.904
"679",690,1,27,12,12,22.328,22.328
"680",690,1,25,10,28,49.732,-45.83
"681",690,1,13,14,12,22.78,26.594
"682",690,1,22,12,14,26.594,22.78
"683",690,1,16,14,14,27.706,27.706
"684",690,1,15,14,12,22.78,26.594
"685",690,1,19,16,12,21.008,30.904
"686",690,1,18,16,14,26.594,32.676
"687",690,1,23,18,14,23.258,37.69
"688",690,1,21,12,12,22.328,22.328
"689",690,1,24,10,16,26.908,15.466
"690",690,1,20,10,16,26.908,15.466
"691",691,1,11,12,8,13.928,14.752
"692",691,1,12,20,10,3.93000000000003,34.34
"693",691,1,7,14,16,32.676,26.594
"694",691,1,8,16,14,26.594,32.676
"695",691,1,4,12,10,18.106,19.652
"696",691,1,30,12,14,26.594,22.78
"697",691,1,6,14,12,22.78,26.594
"698",691,1,14,12,16,30.904,21.008
"699",691,1,10,18,10,10.81,30.602
"700",691,1,13,12,14,26.594,22.78
"701",691,1,5,12,8,13.928,14.752
"702",691,1,29,14,12,22.78,26.594
"703",691,1,9,14,18,37.69,23.258
"704",691,1,15,12,14,26.594,22.78
"705",691,1,28,14,14,27.706,27.706
"706",691,1,27,12,12,22.328,22.328
"707",691,1,3,12,6,9.794,7.628
"708",691,1,19,12,16,30.904,21.008
"709",691,1,22,14,12,22.78,26.594
"710",691,1,16,14,14,27.706,27.706
"711",691,1,2,10,2,2.28199999999999,-14.214
"712",691,1,26,14,10,17.898,23.258
"713",691,1,18,14,16,32.676,26.594
"714",691,1,23,14,18,37.69,23.258
"715",691,1,25,28,10,-45.83,49.732
"716",691,1,17,14,12,22.78,26.594
"717",691,1,1,2,8,-15.092,0.682000000000007
"718",691,1,20,16,10,15.466,26.908
"719",691,1,21,12,12,22.328,22.328
"720",691,1,24,16,10,15.466,26.908
"721",692,1,11,26,26,41.914,41.914
"722",692,1,10,26,26,41.914,41.914
"723",692,1,6,26,26,41.914,41.914
"724",692,1,9,26,26,41.914,41.914
"725",692,1,12,26,26,41.914,41.914
"726",692,1,13,26,26,41.914,41.914
"727",692,1,8,26,26,41.914,41.914
"728",692,1,4,26,26,41.914,41.914
"729",692,1,5,26,26,41.914,41.914
"730",692,1,30,26,18,5.57799999999996,61.658
"731",692,1,14,26,26,41.914,41.914
"732",692,1,7,26,26,41.914,41.914
"733",692,1,28,26,26,41.914,41.914
"734",692,1,29,26,26,41.914,41.914
"735",692,1,3,26,18,5.57799999999996,61.658
"736",692,1,26,26,26,41.914,41.914
"737",692,1,15,26,26,41.914,41.914
"738",692,1,27,26,26,41.914,41.914
"739",692,1,2,26,28,51.108,31.418
"740",692,1,1,26,0,-73.604,-24.022
"741",692,1,22,26,26,41.914,41.914
"742",692,1,23,26,26,41.914,41.914
"743",692,1,16,26,26,41.914,41.914
"744",692,1,21,26,26,41.914,41.914
"745",692,1,17,26,26,41.914,41.914
"746",692,1,19,26,26,41.914,41.914
"747",692,1,24,26,26,41.914,41.914
"748",692,1,25,26,26,41.914,41.914
"749",692,1,20,26,26,41.914,41.914
"750",692,1,18,26,26,41.914,41.914
"751",693,1,13,26,26,41.914,41.914
"752",693,1,11,26,26,41.914,41.914
"753",693,1,6,26,26,41.914,41.914
"754",693,1,7,26,26,41.914,41.914
"755",693,1,12,26,26,41.914,41.914
"756",693,1,14,26,26,41.914,41.914
"757",693,1,10,26,26,41.914,41.914
"758",693,1,15,26,26,41.914,41.914
"759",693,1,8,26,26,41.914,41.914
"760",693,1,9,26,26,41.914,41.914
"761",693,1,30,18,26,61.658,5.57799999999996
"762",693,1,29,26,26,41.914,41.914
"763",693,1,4,26,26,41.914,41.914
"764",693,1,16,26,26,41.914,41.914
"765",693,1,5,26,26,41.914,41.914
"766",693,1,28,26,26,41.914,41.914
"767",693,1,2,28,26,31.418,51.108
"768",693,1,3,18,26,61.658,5.57799999999996
"769",693,1,24,26,26,41.914,41.914
"770",693,1,17,26,26,41.914,41.914
"771",693,1,1,0,26,-24.022,-73.604
"772",693,1,26,26,26,41.914,41.914
"773",693,1,27,26,26,41.914,41.914
"774",693,1,23,26,26,41.914,41.914
"775",693,1,18,26,26,41.914,41.914
"776",693,1,19,26,26,41.914,41.914
"777",693,1,22,26,26,41.914,41.914
"778",693,1,25,26,26,41.914,41.914
"779",693,1,21,26,26,41.914,41.914
"780",693,1,20,26,26,41.914,41.914
"781",694,1,7,8.5,16,22.4515,11.338375
"782",694,1,10,11.5,15,28.0355,20.864875
"783",694,1,11,8.5,11,14.6465,14.485875
"784",694,1,30,13.5,12.5,24.061625,25.968625
"785",694,1,14,14.5,9.5,16.243625,22.943625
"786",694,1,6,16,9,12.7115,24.076
"787",694,1,8,15,9,14.3705,22.4105
"788",694,1,13,12.5,16.5,32.681125,21.651125
"789",694,1,5,10.9,14,25.03442,20.089455
"790",694,1,29,12.5,12.5,23.753125,23.753125
"791",694,1,15,14.5,9.5,16.243625,22.943625
"792",694,1,9,18.5,15,25.2985,39.414875
"793",694,1,12,12.5,14,27.0805,24.007375
"794",694,1,28,12.5,9.5,17.172625,19.491625
"795",694,1,4,14,17,35.1775,25.204
"796",694,1,3,20,15,21.1675,43.46
"797",694,1,16,12.5,13,24.8595,23.976875
"798",694,1,22,9.5,15,23.8135,15.663875
"799",694,1,2,18,18,35.882,35.882
"800",694,1,26,11.5,15,28.0355,20.864875
"801",694,1,18,9.5,14,22.0765,16.684375
"802",694,1,21,14.5,16,32.7715,27.997375
"803",694,1,17,12,18,35.258,17.012
"804",694,1,25,13.5,15,30.0335,26.109875
"805",694,1,1,18,4,-7.53199999999996,3.29
"806",694,1,27,13.5,10,18.1585,22.352375
"807",694,1,23,12.5,15,29.3125,23.481875
"808",694,1,24,11.5,18,34.3025,15.457375
"809",694,1,19,12.5,10,18.2625,20.549375
"810",694,1,20,14,12,22.78,26.594
"811",695,1,11,11,8.5,14.485875,14.6465
"812",695,1,7,16,8.5,11.338375,22.4515
"813",695,1,10,15,11.5,20.864875,28.0355
"814",695,1,8,9,15,22.4105,14.3705
"815",695,1,13,16.5,12.5,21.651125,32.681125
"816",695,1,12,14,12.5,24.007375,27.0805
"817",695,1,16,13,12.5,23.976875,24.8595
"818",695,1,15,9.5,14.5,22.943625,16.243625
"819",695,1,9,15,18.5,39.414875,25.2985
"820",695,1,18,14,9.5,16.684375,22.0765
"821",695,1,6,9,16,24.076,12.7115
"822",695,1,4,17,14,25.204,35.1775
"823",695,1,17,18,12,17.012,35.258
"824",695,1,29,12.5,12.5,23.753125,23.753125
"825",695,1,14,9.5,14.5,22.943625,16.243625
"826",695,1,19,10,12.5,20.549375,18.2625
"827",695,1,30,12.5,13.5,25.968625,24.061625
"828",695,1,20,12,14,26.594,22.78
"829",695,1,26,15,11.5,20.864875,28.0355
"830",695,1,5,14,10.9,20.089455,25.03442
"831",695,1,28,9.5,12.5,19.491625,17.172625
"832",695,1,3,15,20,43.46,21.1675
"833",695,1,27,10,13.5,22.352375,18.1585
"834",695,1,21,16,14.5,27.997375,32.7715
"835",695,1,2,18,18,35.882,35.882
"836",695,1,1,4,18,3.29,-7.53199999999996
"837",695,1,23,15,12.5,23.481875,29.3125
"838",695,1,25,15,13.5,26.109875,30.0335
"839",695,1,24,18,11.5,15.457375,34.3025
"840",695,1,22,15,9.5,15.663875,23.8135
"841",696,1,12,1,2,-22.432,-17.8185
"842",696,1,20,13,1,-1.6595,-19.5995
"843",696,1,11,2,2,-17.462,-17.462
"844",696,1,8,1,2,-22.432,-17.8185
"845",696,1,10,1,1,-22.6235,-22.6235
"846",696,1,19,15,2,-3.448,-11.8265
"847",696,1,16,15,2,-3.448,-11.8265
"848",696,1,9,1,2,-22.432,-17.8185
"849",696,1,13,1,2,-22.432,-17.8185
"850",696,1,7,2,2,-17.462,-17.462
"851",696,1,6,1,2,-22.432,-17.8185
"852",696,1,17,12,1,-0.348500000000003,-19.912
"853",696,1,21,13,2,0.512000000000003,-12.8145
"854",696,1,14,2,1,-17.8185,-22.432
"855",696,1,22,15,1,-5.94950000000001,-18.9415
"856",696,1,15,15,2,-3.448,-11.8265
"857",696,1,23,13,15.8,31.60202,24.03978
"858",696,1,30,18,24,55.148,16.49
"859",696,1,5,5,2,-5.888,-16.3265
"860",696,1,4,4,1,-9.8765,-22.016
"861",696,1,3,4,1,-9.8765,-22.016
"862",696,1,18,12,1,-0.348500000000003,-19.912
"863",696,1,28,18,26,61.658,5.57799999999996
"864",696,1,29,19,4,-11.684,4.1635
"865",696,1,2,3,1,-13.5695,-22.2295
"866",696,1,26,25,28,55.192,26.5075
"867",696,1,24,25,18,11.312,58.3975
"868",696,1,27,20,28,67.272,2.12000000000002
"869",696,1,25,20,18,31.642,42.26
"870",696,1,1,3,10,-8.48,3.96949999999999
"871",697,1,13,2,1,-17.8185,-22.432
"872",697,1,11,2,2,-17.462,-17.462
"873",697,1,20,1,13,-19.5995,-1.6595
"874",697,1,7,2,2,-17.462,-17.462
"875",697,1,10,1,1,-22.6235,-22.6235
"876",697,1,9,2,1,-17.8185,-22.432
"877",697,1,12,2,1,-17.8185,-22.432
"878",697,1,14,1,2,-22.432,-17.8185
"879",697,1,16,2,15,-11.8265,-3.448
"880",697,1,19,2,15,-11.8265,-3.448
"881",697,1,18,1,12,-19.912,-0.348500000000003
"882",697,1,21,2,13,-12.8145,0.512000000000003
"883",697,1,6,2,1,-17.8185,-22.432
"884",697,1,8,2,1,-17.8185,-22.432
"885",697,1,17,1,12,-19.912,-0.348500000000003
"886",697,1,28,26,18,5.57799999999996,61.658
"887",697,1,5,2,5,-16.3265,-5.888
"888",697,1,15,2,15,-11.8265,-3.448
"889",697,1,27,28,20,2.12000000000002,67.272
"890",697,1,23,15.8,13,24.03978,31.60202
"891",697,1,1,10,3,3.96949999999999,-8.48
"892",697,1,22,1,15,-18.9415,-5.94950000000001
"893",697,1,4,1,4,-22.016,-9.8765
"894",697,1,26,28,25,26.5075,55.192
"895",697,1,30,24,18,16.49,55.148
"896",697,1,3,1,4,-22.016,-9.8765
"897",697,1,25,18,20,42.26,31.642
"898",697,1,29,4,19,4.1635,-11.684
"899",697,1,2,1,3,-22.2295,-13.5695
"900",697,1,24,18,25,58.3975,11.312
"901",698,1,22,13.6,10.5,19.300895,23.54278
"902",698,1,6,8,10,11.85,12.572
"903",698,1,10,14,15,30.1855,27.428
"904",698,1,13,14,12.5,24.007375,27.0805
"905",698,1,5,18,16,29.548,37.898
"906",698,1,14,13.2,11,20.55158,23.62432
"907",698,1,15,13,12.3,23.518595,24.71458
"908",698,1,11,12.5,18.5,37.211125,17.264125
"909",698,1,12,12.5,13,24.8595,23.976875
"910",698,1,21,14,11,20.3335,25.204
"911",698,1,23,9,12.4,18.13168,16.08182
"912",698,1,19,14,11.9,22.534855,26.48002
"913",698,1,20,11.9,13,24.35802,22.603355
"914",698,1,28,14,16,32.676,26.594
"915",698,1,30,6.9,11.5,10.470145,11.609105
"916",698,1,7,11,14,25.204,20.3335
"917",698,1,8,12,18,35.258,17.012
"918",698,1,9,13,16,32.068,23.7955
"919",698,1,18,13.9,10.5,19.169345,24.110905
"920",698,1,29,13,11,20.5505,23.2305
"921",698,1,16,12.3,12.5,23.624705,23.311345
"922",698,1,17,14,13,25.2375,27.428
"923",698,1,26,15,12,22.172,28.7435
"924",698,1,1,14.2,10,17.75488,23.62102
"925",698,1,24,13,10,18.28,21.4495
"926",698,1,27,14,14,27.706,27.706
"927",698,1,25,14,13.5,26.470375,27.6365
"928",698,1,4,16,16,32.224,32.224
"929",698,1,3,14,14,27.706,27.706
"930",698,1,2,12.5,12,22.6495,23.390375
"931",699,1,1,10,14.2,23.62102,17.75488
"932",699,1,27,14,14,27.706,27.706
"933",699,1,4,16,16,32.224,32.224
"934",699,1,30,11.5,6.9,11.609105,10.470145
"935",699,1,7,14,11,20.3335,25.204
"936",699,1,10,15,14,27.428,30.1855
"937",699,1,11,18.5,12.5,17.264125,37.211125
"938",699,1,13,12.5,14,27.0805,24.007375
"939",699,1,14,11,13.2,23.62432,20.55158
"940",699,1,16,12.5,12.3,23.311345,23.624705
"941",699,1,19,11.9,14,26.48002,22.534855
"942",699,1,20,13,11.9,22.603355,24.35802
"943",699,1,22,10.5,13.6,23.54278,19.300895
"944",699,1,23,12.4,9,16.08182,18.13168
"945",699,1,2,12,12.5,23.390375,22.6495
"946",699,1,28,16,14,26.594,32.676
"947",699,1,5,16,18,37.898,29.548
"948",699,1,6,10,8,12.572,11.85
"949",699,1,8,18,12,17.012,35.258
"950",699,1,9,16,13,23.7955,32.068
"951",699,1,12,13,12.5,23.976875,24.8595
"952",699,1,21,11,14,25.204,20.3335
"953",699,1,15,12.3,13,24.71458,23.518595
"954",699,1,17,13,14,27.428,25.2375
"955",699,1,18,10.5,13.9,24.110905,19.169345
"956",699,1,29,11,13,23.2305,20.5505
"957",699,1,26,12,15,28.7435,22.172
"958",699,1,24,10,13,21.4495,18.28
"959",699,1,3,14,14,27.706,27.706
"960",699,1,25,13.5,14,27.6365,26.470375
"961",1188,1,27,12,16,30.904,21.008
"962",1188,1,24,10,16,26.908,15.466
"963",1188,1,21,10,12.5,20.549375,18.2625
"964",1188,1,20,20,16,24.648,43.616
"965",1188,1,10,8,12,14.752,13.928
"966",1188,1,28,12,14,26.594,22.78
"967",1188,1,18,10,14.5,24.166375,17.4985
"968",1188,1,17,10,14,23.258,17.898
"969",1188,1,7,22,18,25.1779999999999,48.682
"970",1188,1,25,14,16,32.676,26.594
"971",1188,1,15,20,12.8,13.54912,41.15968
"972",1188,1,14,23,21.9,36.807355,44.79902
"973",1188,1,4,9,9,12.6485,12.6485
"974",1188,1,22,16,18,37.898,29.548
"975",1188,1,12,17,18,37.168,32.7095
"976",1188,1,11,12,18,35.258,17.012
"977",1188,1,1,24,3,-44.7925,1.208
"978",1188,1,29,16,16,32.224,32.224
"979",1188,1,19,16,18,37.898,29.548
"980",1188,1,9,8,14,17.698,13.06
"981",1188,1,8,20,12,10.792,39.656
"982",1188,1,26,15,10.8,19.03952,26.81078
"983",1188,1,16,10,16,26.908,15.466
"984",1188,1,6,12,20,39.656,10.792
"985",1188,1,5,10,10,16.09,16.09
"986",1188,1,23,16,12,21.008,30.904
"987",1188,1,13,20,19.5,36.916375,39.7835000000001
"988",1188,1,3,18,6,-1.46199999999996,14.618
"989",1188,1,2,18,1,-16.5545,-17.872
"990",1188,1,30,19,16,27.376,40.7515
"991",1189,1,18,14.5,10,17.4985,24.166375
"992",1189,1,15,12.8,20,41.15968,13.54912
"993",1189,1,14,21.9,23,44.79902,36.807355
"994",1189,1,12,18,17,32.7095,37.168
"995",1189,1,11,18,12,17.012,35.258
"996",1189,1,10,12,8,13.928,14.752
"997",1189,1,19,18,16,29.548,37.898
"998",1189,1,9,14,8,13.06,17.698
"999",1189,1,17,14,10,17.898,23.258
"1000",1189,1,7,18,22,48.682,25.1779999999999
"1001",1189,1,16,16,10,15.466,26.908
"1002",1189,1,6,20,12,10.792,39.656
"1003",1189,1,5,10,10,16.09,16.09
"1004",1189,1,4,9,9,12.6485,12.6485
"1005",1189,1,13,19.5,20,39.7835000000001,36.916375
"1006",1189,1,3,6,18,14.618,-1.46199999999996
"1007",1189,1,2,1,18,-17.872,-16.5545
"1008",1189,1,1,3,24,1.208,-44.7925
"1009",1189,1,20,16,20,43.616,24.648
"1010",1189,1,30,16,19,40.7515,27.376
"1011",1189,1,29,16,16,32.224,32.224
"1012",1189,1,8,12,20,39.656,10.792
"1013",1189,1,27,16,12,21.008,30.904
"1014",1189,1,26,10.8,15,26.81078,19.03952
"1015",1189,1,25,16,14,26.594,32.676
"1016",1189,1,24,16,10,15.466,26.908
"1017",1189,1,23,12,16,30.904,21.008
"1018",1189,1,22,18,16,29.548,37.898
"1019",1189,1,21,12.5,10,18.2625,20.549375
"1020",1189,1,28,14,12,22.78,26.594
"1021",1190,1,8,25,25,41.9125,41.9125
"1022",1190,1,6,25,26,46.328,37.3335
"1023",1190,1,5,26,24,32.764,50.186
"1024",1190,1,4,24,26,50.186,32.764
"1025",1190,1,3,24,16,8.17599999999996,55.184
"1026",1190,1,2,20,28,67.272,2.12000000000002
"1027",1190,1,1,16,28,66.928,-17.192
"1028",1190,1,10,25,25,41.9125,41.9125
"1029",1190,1,9,25,25,41.9125,41.9125
"1030",1190,1,19,25,25,41.9125,41.9125
"1031",1190,1,7,25,26,46.328,37.3335
"1032",1190,1,17,25,25,41.9125,41.9125
"1033",1190,1,16,25,25,41.9125,41.9125
"1034",1190,1,15,25,25,41.9125,41.9125
"1035",1190,1,14,25,25,41.9125,41.9125
"1036",1190,1,24,25,25,41.9125,41.9125
"1037",1190,1,13,25,25,41.9125,41.9125
"1038",1190,1,12,25,25,41.9125,41.9125
"1039",1190,1,11,25,25,41.9125,41.9125
"1040",1190,1,21,25,25,41.9125,41.9125
"1041",1190,1,20,25,25,41.9125,41.9125
"1042",1190,1,30,18,14,23.258,37.69
"1043",1190,1,18,25,25,41.9125,41.9125
"1044",1190,1,28,25,25.5,44.118875,39.6925000000001
"1045",1190,1,27,25,25,41.9125,41.9125
"1046",1190,1,26,25,25,41.9125,41.9125
"1047",1190,1,25,25,25,41.9125,41.9125
"1048",1190,1,23,25,25,41.9125,41.9125
"1049",1190,1,22,25,25,41.9125,41.9125
"1050",1190,1,29,25,25.5,44.118875,39.6925000000001
"1051",1191,1,7,26,25,37.3335,46.328
"1052",1191,1,4,26,24,32.764,50.186
"1053",1191,1,1,28,16,-17.192,66.928
"1054",1191,1,8,25,25,41.9125,41.9125
"1055",1191,1,18,25,25,41.9125,41.9125
"1056",1191,1,5,24,26,50.186,32.764
"1057",1191,1,15,25,25,41.9125,41.9125
"1058",1191,1,14,25,25,41.9125,41.9125
"1059",1191,1,2,28,20,2.12000000000002,67.272
"1060",1191,1,12,25,25,41.9125,41.9125
"1061",1191,1,11,25,25,41.9125,41.9125
"1062",1191,1,9,25,25,41.9125,41.9125
"1063",1191,1,19,25,25,41.9125,41.9125
"1064",1191,1,29,25.5,25,39.6925000000001,44.118875
"1065",1191,1,6,26,25,37.3335,46.328
"1066",1191,1,16,25,25,41.9125,41.9125
"1067",1191,1,26,25,25,41.9125,41.9125
"1068",1191,1,25,25,25,41.9125,41.9125
"1069",1191,1,3,16,24,55.184,8.17599999999996
"1070",1191,1,13,25,25,41.9125,41.9125
"1071",1191,1,23,25,25,41.9125,41.9125
"1072",1191,1,22,25,25,41.9125,41.9125
"1073",1191,1,10,25,25,41.9125,41.9125
"1074",1191,1,20,25,25,41.9125,41.9125
"1075",1191,1,30,14,18,37.69,23.258
"1076",1191,1,17,25,25,41.9125,41.9125
"1077",1191,1,27,25,25,41.9125,41.9125
"1078",1191,1,24,25,25,41.9125,41.9125
"1079",1191,1,21,25,25,41.9125,41.9125
"1080",1191,1,28,25.5,25,39.6925000000001,44.118875
"1081",1192,1,6,17,12,19.288,33.0755
"1082",1192,1,3,12,26,53.114,-21.212
"1083",1192,1,10,26,26.5,44.208375,39.4985
"1084",1192,1,7,10.9,12,21.13142,20.000455
"1085",1192,1,17,24.5,25.5,46.1586249999999,37.4476250000001
"1086",1192,1,4,12.2,14,26.80528,23.27062
"1087",1192,1,14,10,26.5,46.792375,-33.7895
"1088",1192,1,24,6.8,9.5,7.618855,9.89481999999999
"1089",1192,1,2,16,19,40.7515,27.376
"1090",1192,1,1,10,18,30.602,10.81
"1091",1192,1,11,23.2,26.5,54.9354549999999,26.46982
"1092",1192,1,21,10,12,19.652,18.106
"1093",1192,1,9,18.5,26.5,63.142125,4.79412499999998
"1094",1192,1,8,18,26.5,63.292375,2.50249999999998
"1095",1192,1,18,24.4,24.5,42.238895,41.3989799999999
"1096",1192,1,28,9.6,9.5,14.569295,14.56438
"1097",1192,1,5,14.8,16,32.76208,28.84072
"1098",1192,1,15,28,25.5,28.961375,53.2195000000001
"1099",1192,1,25,9.5,9.5,14.396125,14.396125
"1100",1192,1,13,23.9,2,-48.03878,-6.896345
"1101",1192,1,12,18.5,26.5,63.142125,4.79412499999998
"1102",1192,1,22,18.5,9.5,7.71362500000004,29.979625
"1103",1192,1,20,24.7,4,-45.96722,9.352495
"1104",1192,1,19,18,24.5,56.771375,13.9704999999999
"1105",1192,1,29,9.7,16,26.11678,14.638495
"1106",1192,1,16,24.5,25.5,46.1586249999999,37.4476250000001
"1107",1192,1,26,9.5,9.5,14.396125,14.396125
"1108",1192,1,23,16,9.5,14.087375,25.5615
"1109",1192,1,30,9.7,11,17.32178,16.795995
"1110",1192,1,27,9.5,9.5,14.396125,14.396125
"1111",1193,1,5,16,14.8,28.84072,32.76208
"1112",1193,1,2,19,16,27.376,40.7515
"1113",1193,1,1,18,10,10.81,30.602
"1114",1193,1,9,26.5,18.5,4.79412499999998,63.142125
"1115",1193,1,8,26.5,18,2.50249999999998,63.292375
"1116",1193,1,7,12,10.9,20.000455,21.13142
"1117",1193,1,6,12,17,33.0755,19.288
"1118",1193,1,16,25.5,24.5,37.4476250000001,46.1586249999999
"1119",1193,1,4,14,12.2,23.27062,26.80528
"1120",1193,1,14,26.5,10,-33.7895,46.792375
"1121",1193,1,3,26,12,-21.212,53.114
"1122",1193,1,13,2,23.9,-6.896345,-48.03878
"1123",1193,1,12,26.5,18.5,4.79412499999998,63.142125
"1124",1193,1,11,26.5,23.2,26.46982,54.9354549999999
"1125",1193,1,10,26.5,26,39.4985,44.208375
"1126",1193,1,20,4,24.7,9.352495,-45.96722
"1127",1193,1,19,24.5,18,13.9704999999999,56.771375
"1128",1193,1,18,24.5,24.4,41.3989799999999,42.238895
"1129",1193,1,17,25.5,24.5,37.4476250000001,46.1586249999999
"1130",1193,1,27,9.5,9.5,14.396125,14.396125
"1131",1193,1,15,25.5,28,53.2195000000001,28.961375
"1132",1193,1,25,9.5,9.5,14.396125,14.396125
"1133",1193,1,24,9.5,6.8,9.89481999999999,7.618855
"1134",1193,1,23,9.5,16,25.5615,14.087375
"1135",1193,1,22,9.5,18.5,29.979625,7.71362500000004
"1136",1193,1,21,12,10,18.106,19.652
"1137",1193,1,30,11,9.7,16.795995,17.32178
"1138",1193,1,29,16,9.7,14.638495,26.11678
"1139",1193,1,28,9.5,9.6,14.56438,14.569295
"1140",1193,1,26,9.5,9.5,14.396125,14.396125
"1141",1194,1,5,18,10,10.81,30.602
"1142",1194,1,3,20,20,38.68,38.68
"1143",1194,1,2,28,18,-7.55799999999998,68.212
"1144",1194,1,1,26,28,51.108,31.418
"1145",1194,1,10,18,19,39.0655,34.04
"1146",1194,1,9,16,16.3,33.072295,31.96438
"1147",1194,1,8,10.8,18,32.73128,13.28552
"1148",1194,1,7,18,14,23.258,37.69
"1149",1194,1,6,20,24,52.888,24.848
"1150",1194,1,16,11.3,13.7,25.071325,21.174925
"1151",1194,1,4,24,18,16.49,55.148
"1152",1194,1,14,20,14,17.698,42.748
"1153",1194,1,13,15.5,12.8,23.82262,30.732055
"1154",1194,1,12,18.7,9.5,7.05360499999999,30.336045
"1155",1194,1,11,17.5,20,42.8075,29.889375
"1156",1194,1,21,16,14.1,26.874455,32.70622
"1157",1194,1,20,15.7,12.3,22.235825,30.647425
"1158",1194,1,19,15,15.9,32.461955,29.49542
"1159",1194,1,18,14.5,16.5,34.062125,27.413125
"1160",1194,1,28,16.7,14.1,25.971385,34.467665
"1161",1194,1,17,13,10,18.28,21.4495
"1162",1194,1,27,16,19.1,41.037455,27.12822
"1163",1194,1,15,12,17.5,34.165375,18.2195
"1164",1194,1,25,17.6,18,36.46312,34.61168
"1165",1194,1,24,17.5,15.7,29.503945,36.610705
"1166",1194,1,23,16.7,16.6,33.30726,33.704915
"1167",1194,1,22,16.1,16,32.14302,32.506655
"1168",1194,1,30,9.4,14,21.82352,16.44198
"1169",1194,1,29,14,15.5,31.429375,27.0805
"1170",1194,1,26,18.4,17.7,34.239215,37.57846
"1171",1195,1,4,18,24,55.148,16.49
"1172",1195,1,1,28,26,31.418,51.108
"1173",1195,1,8,18,10.8,13.28552,32.73128
"1174",1195,1,5,10,18,30.602,10.81
"1175",1195,1,15,17.5,12,18.2195,34.165375
"1176",1195,1,2,18,28,68.212,-7.55799999999998
"1177",1195,1,12,9.5,18.7,30.336045,7.05360499999999
"1178",1195,1,11,20,17.5,29.889375,42.8075
"1179",1195,1,9,16.3,16,31.96438,33.072295
"1180",1195,1,19,15.9,15,29.49542,32.461955
"1181",1195,1,18,16.5,14.5,27.413125,34.062125
"1182",1195,1,6,24,20,24.848,52.888
"1183",1195,1,16,13.7,11.3,21.174925,25.071325
"1184",1195,1,26,17.7,18.4,37.57846,34.239215
"1185",1195,1,3,20,20,38.68,38.68
"1186",1195,1,13,12.8,15.5,30.732055,23.82262
"1187",1195,1,23,16.6,16.7,33.704915,33.30726
"1188",1195,1,22,16,16.1,32.506655,32.14302
"1189",1195,1,10,19,18,34.04,39.0655
"1190",1195,1,20,12.3,15.7,30.647425,22.235825
"1191",1195,1,30,14,9.4,16.44198,21.82352
"1192",1195,1,29,15.5,14,27.0805,31.429375
"1193",1195,1,7,14,18,37.69,23.258
"1194",1195,1,17,10,13,21.4495,18.28
"1195",1195,1,27,19.1,16,27.12822,41.037455
"1196",1195,1,14,14,20,42.748,17.698
"1197",1195,1,24,15.7,17.5,36.610705,29.503945
"1198",1195,1,21,14.1,16,32.70622,26.874455
"1199",1195,1,28,14.1,16.7,34.467665,25.971385
"1200",1195,1,25,18,17.6,34.61168,36.46312
"1201",1196,1,3,17,2,-9.63200000000002,-10.7945
"1202",1196,1,10,18,10.2,11.42822,31.16768
"1203",1196,1,7,19.5,10,5.85850000000005,33.401375
"1204",1196,1,4,15,2,-3.448,-11.8265
"1205",1196,1,14,26.7,10.3,-33.964475,48.453725
"1206",1196,1,1,22,4,-27.4760000000001,6.85
"1207",1196,1,11,28,10,-45.83,49.732
"1208",1196,1,21,10.3,10,16.53418,16.621495
"1209",1196,1,9,20,10.4,5.29888000000004,35.58112
"1210",1196,1,8,24,10,-16.502,41.948
"1211",1196,1,18,10.8,9.9,16.973135,17.33714
"1212",1196,1,28,10.8,9.9,16.973135,17.33714
"1213",1196,1,6,11,18,33.208,13.9055
"1214",1196,1,5,16,15,29.4035,32.728
"1215",1196,1,15,10.3,10,16.53418,16.621495
"1216",1196,1,25,10.4,9.9,16.487575,16.6331
"1217",1196,1,2,12,28,57.688,-36.328
"1218",1196,1,12,9.8,12,19.26208,17.68622
"1219",1196,1,22,10.8,9.9,16.973135,17.33714
"1220",1196,1,20,10.9,9.5,16.314545,16.761705
"1221",1196,1,19,12,9.8,17.68622,19.26208
"1222",1196,1,29,10.6,9.9,16.741475,16.9849
"1223",1196,1,17,9.4,10,15.05152,15.02998
"1224",1196,1,16,10.8,9.9,16.973135,17.33714
"1225",1196,1,26,9.9,10,15.93082,15.913055
"1226",1196,1,13,14,9.9,17.655055,23.03282
"1227",1196,1,23,8.9,9.8,13.71574,13.862035
"1228",1196,1,30,16.2,9.8,14.5421,26.7469
"1229",1196,1,27,27.6,9.9,-42.9642250000001,48.4961
"1230",1196,1,24,10.9,9.8,16.88894,17.333835
"1231",1197,1,2,28,12,-36.328,57.688
"1232",1197,1,9,10.4,20,35.58112,5.29888000000004
"1233",1197,1,8,10,24,41.948,-16.502
"1234",1197,1,6,18,11,13.9055,33.208
"1235",1197,1,5,15,16,32.728,29.4035
"1236",1197,1,4,2,15,-11.8265,-3.448
"1237",1197,1,3,2,17,-10.7945,-9.63200000000002
"1238",1197,1,13,9.9,14,23.03282,17.655055
"1239",1197,1,1,4,22,6.85,-27.4760000000001
"1240",1197,1,11,10,28,49.732,-45.83
"1241",1197,1,10,10.2,18,31.16768,11.42822
"1242",1197,1,20,9.5,10.9,16.761705,16.314545
"1243",1197,1,19,9.8,12,19.26208,17.68622
"1244",1197,1,18,9.9,10.8,17.33714,16.973135
"1245",1197,1,7,10,19.5,33.401375,5.85850000000005
"1246",1197,1,17,10,9.4,15.02998,15.05152
"1247",1197,1,16,9.9,10.8,17.33714,16.973135
"1248",1197,1,15,10,10.3,16.621495,16.53418
"1249",1197,1,14,10.3,26.7,48.453725,-33.964475
"1250",1197,1,24,9.8,10.9,17.333835,16.88894
"1251",1197,1,12,12,9.8,17.68622,19.26208
"1252",1197,1,22,9.9,10.8,17.33714,16.973135
"1253",1197,1,21,10,10.3,16.621495,16.53418
"1254",1197,1,30,9.8,16.2,26.7469,14.5421
"1255",1197,1,29,9.9,10.6,16.9849,16.741475
"1256",1197,1,28,9.9,10.8,17.33714,16.973135
"1257",1197,1,27,9.9,27.6,48.4961,-42.9642250000001
"1258",1197,1,26,10,9.9,15.913055,15.93082
"1259",1197,1,25,9.9,10.4,16.6331,16.487575
"1260",1197,1,23,9.8,8.9,13.862035,13.71574
"1261",1198,1,3,14,15,30.1855,27.428
"1262",1198,1,10,10,18,30.602,10.81
"1263",1198,1,9,18,16,29.548,37.898
"1264",1198,1,8,28,15,-21.9925,65.452
"1265",1198,1,7,15,18,38.072,26.3975
"1266",1198,1,6,28,15,-21.9925,65.452
"1267",1198,1,5,14,16,32.676,26.594
"1268",1198,1,4,15,14,27.428,30.1855
"1269",1198,1,23,13,16,32.068,23.7955
"1270",1198,1,2,14,15,30.1855,27.428
"1271",1198,1,1,14,16,32.676,26.594
"1272",1198,1,11,13,16,32.068,23.7955
"1273",1198,1,30,15,14,27.428,30.1855
"1274",1198,1,29,14,18,37.69,23.258
"1275",1198,1,28,16,18,37.898,29.548
"1276",1198,1,18,10,16,26.908,15.466
"1277",1198,1,27,14,18,37.69,23.258
"1278",1198,1,26,14,14,27.706,27.706
"1279",1198,1,25,13,14,27.428,25.2375
"1280",1198,1,15,14,18,37.69,23.258
"1281",1198,1,24,12,15,28.7435,22.172
"1282",1198,1,14,15,16,32.728,29.4035
"1283",1198,1,22,14,14,27.706,27.706
"1284",1198,1,12,15,15,30.0725,30.0725
"1285",1198,1,21,13,16,32.068,23.7955
"1286",1198,1,20,14,15,30.1855,27.428
"1287",1198,1,19,13,15,29.7425,24.7945
"1288",1198,1,17,14,15,30.1855,27.428
"1289",1198,1,16,13,17,34.4045,22.2405
"1290",1198,1,13,14,16,32.676,26.594
"1291",1199,1,1,16,14,26.594,32.676
"1292",1199,1,29,18,14,23.258,37.69
"1293",1199,1,28,18,16,29.548,37.898
"1294",1199,1,18,16,10,15.466,26.908
"1295",1199,1,8,15,28,65.452,-21.9925
"1296",1199,1,26,14,14,27.706,27.706
"1297",1199,1,25,14,13,25.2375,27.428
"1298",1199,1,15,18,14,23.258,37.69
"1299",1199,1,5,16,14,26.594,32.676
"1300",1199,1,23,16,13,23.7955,32.068
"1301",1199,1,22,14,14,27.706,27.706
"1302",1199,1,12,15,15,30.0725,30.0725
"1303",1199,1,2,15,14,27.428,30.1855
"1304",1199,1,30,14,15,30.1855,27.428
"1305",1199,1,20,15,14,27.428,30.1855
"1306",1199,1,19,15,13,24.7945,29.7425
"1307",1199,1,9,16,18,37.898,29.548
"1308",1199,1,27,18,14,23.258,37.69
"1309",1199,1,17,15,14,27.428,30.1855
"1310",1199,1,16,17,13,22.2405,34.4045
"1311",1199,1,6,15,28,65.452,-21.9925
"1312",1199,1,24,15,12,22.172,28.7435
"1313",1199,1,14,16,15,29.4035,32.728
"1314",1199,1,13,16,14,26.594,32.676
"1315",1199,1,3,15,14,27.428,30.1855
"1316",1199,1,21,16,13,23.7955,32.068
"1317",1199,1,11,16,13,23.7955,32.068
"1318",1199,1,10,18,10,10.81,30.602
"1319",1199,1,7,18,15,26.3975,38.072
"1320",1199,1,4,14,15,30.1855,27.428
"1321",1786,1,6,20,20,38.68,38.68
"1322",1786,1,28,18,20,42.26,31.642
"1323",1786,1,7,24,22,33.25,48.4039999999999
"1324",1786,1,5,18,20,42.26,31.642
"1325",1786,1,2,8,12,14.752,13.928
"1326",1786,1,13,16,16,32.224,32.224
"1327",1786,1,14,14,14,27.706,27.706
"1328",1786,1,16,16,22,49.378,17.5239999999999
"1329",1786,1,10,16,14,26.594,32.676
"1330",1786,1,19,20,18,31.642,42.26
"1331",1786,1,22,12,20,39.656,10.792
"1332",1786,1,23,14,14,27.706,27.706
"1333",1786,1,25,16,20,43.616,24.648
"1334",1786,1,26,12,16,30.904,21.008
"1335",1786,1,3,12,14,26.594,22.78
"1336",1786,1,29,14,20,42.748,17.698
"1337",1786,1,8,12,24,48.584,-8.32000000000004
"1338",1786,1,9,10,22,38.122,-5.17400000000008
"1339",1786,1,11,20,18,31.642,42.26
"1340",1786,1,12,22,20,32.8759999999999,45.762
"1341",1786,1,15,18,18,35.882,35.882
"1342",1786,1,17,12,20,39.656,10.792
"1343",1786,1,18,16,16,32.224,32.224
"1344",1786,1,20,22,20,32.8759999999999,45.762
"1345",1786,1,21,20,16,24.648,43.616
"1346",1786,1,24,18,18,35.882,35.882
"1347",1786,1,1,10,8,12.572,11.85
"1348",1786,1,27,14,14,27.706,27.706
"1349",1786,1,4,16,16,32.224,32.224
"1350",1786,1,30,16,14,26.594,32.676
"1351",1787,1,29,20,14,17.698,42.748
"1352",1787,1,28,20,18,31.642,42.26
"1353",1787,1,27,14,14,27.706,27.706
"1354",1787,1,6,20,20,38.68,38.68
"1355",1787,1,4,16,16,32.224,32.224
"1356",1787,1,7,22,24,48.4039999999999,33.25
"1357",1787,1,30,14,16,32.676,26.594
"1358",1787,1,5,20,18,31.642,42.26
"1359",1787,1,14,14,14,27.706,27.706
"1360",1787,1,15,18,18,35.882,35.882
"1361",1787,1,2,12,8,13.928,14.752
"1362",1787,1,13,16,16,32.224,32.224
"1363",1787,1,22,20,12,10.792,39.656
"1364",1787,1,23,14,14,27.706,27.706
"1365",1787,1,24,18,18,35.882,35.882
"1366",1787,1,1,8,10,11.85,12.572
"1367",1787,1,3,14,12,22.78,26.594
"1368",1787,1,11,18,20,42.26,31.642
"1369",1787,1,12,20,22,45.762,32.8759999999999
"1370",1787,1,8,24,12,-8.32000000000004,48.584
"1371",1787,1,10,14,16,32.676,26.594
"1372",1787,1,19,18,20,42.26,31.642
"1373",1787,1,20,20,22,45.762,32.8759999999999
"1374",1787,1,16,22,16,17.5239999999999,49.378
"1375",1787,1,17,20,12,10.792,39.656
"1376",1787,1,26,16,12,21.008,30.904
"1377",1787,1,18,16,16,32.224,32.224
"1378",1787,1,21,16,20,43.616,24.648
"1379",1787,1,25,20,16,24.648,43.616
"1380",1787,1,9,22,10,-5.17400000000008,38.122
"1381",1788,1,7,16,13.5,25.193375,32.4415
"1382",1788,1,29,14.1,13.8,27.20534,27.939035
"1383",1788,1,2,14.5,14,27.6365,28.944375
"1384",1788,1,6,14,17.5,36.432375,24.3005
"1385",1788,1,28,14,15.6,31.67848,26.99432
"1386",1788,1,1,12,18,35.258,17.012
"1387",1788,1,5,13.5,16,32.4415,25.193375
"1388",1788,1,27,12.5,14,27.0805,24.007375
"1389",1788,1,9,16,10,15.466,26.908
"1390",1788,1,30,13.8,9.1,15.866035,20.69834
"1391",1788,1,8,13,14.5,28.583875,25.0855
"1392",1788,1,4,16,19,40.7515,27.376
"1393",1788,1,16,12.5,14,27.0805,24.007375
"1394",1788,1,26,12.5,11,20.4505,22.247875
"1395",1788,1,3,16,17,35.0555,31.164
"1396",1788,1,14,14,25,55.5855,-5.93199999999996
"1397",1788,1,23,14,14,27.706,27.706
"1398",1788,1,25,14,10,17.898,23.258
"1399",1788,1,10,13.5,11.5,21.692125,24.939125
"1400",1788,1,13,15,23,51.6245,9.1525
"1401",1788,1,12,14,21,45.2935,14.084
"1402",1788,1,15,14.5,16,32.7715,27.997375
"1403",1788,1,17,14,9,15.4735,20.756
"1404",1788,1,19,14.5,10,17.4985,24.166375
"1405",1788,1,22,13.5,14,27.6365,26.470375
"1406",1788,1,21,12.5,14,27.0805,24.007375
"1407",1788,1,24,9.5,16,25.5615,14.087375
"1408",1788,1,11,15,19,40.7605,24.0605
"1409",1788,1,20,12,14,26.594,22.78
"1410",1788,1,18,9.5,12,18.6355,17.057375
"1411",1789,1,30,9.1,13.8,20.69834,15.866035
"1412",1789,1,6,17.5,14,24.3005,36.432375
"1413",1789,1,4,19,16,27.376,40.7515
"1414",1789,1,7,13.5,16,32.4415,25.193375
"1415",1789,1,5,16,13.5,25.193375,32.4415
"1416",1789,1,29,13.8,14.1,27.939035,27.20534
"1417",1789,1,2,14,14.5,28.944375,27.6365
"1418",1789,1,3,17,16,31.164,35.0555
"1419",1789,1,13,23,15,9.1525,51.6245
"1420",1789,1,28,15.6,14,26.99432,31.67848
"1421",1789,1,27,14,12.5,24.007375,27.0805
"1422",1789,1,26,11,12.5,22.247875,20.4505
"1423",1789,1,1,18,12,17.012,35.258
"1424",1789,1,8,14.5,13,25.0855,28.583875
"1425",1789,1,16,14,12.5,24.007375,27.0805
"1426",1789,1,9,10,16,26.908,15.466
"1427",1789,1,17,9,14,20.756,15.4735
"1428",1789,1,10,11.5,13.5,24.939125,21.692125
"1429",1789,1,14,25,14,-5.93199999999996,55.5855
"1430",1789,1,25,10,14,23.258,17.898
"1431",1789,1,24,16,9.5,14.087375,25.5615
"1432",1789,1,18,12,9.5,17.057375,18.6355
"1433",1789,1,22,14,13.5,26.470375,27.6365
"1434",1789,1,15,16,14.5,27.997375,32.7715
"1435",1789,1,12,21,14,14.084,45.2935
"1436",1789,1,21,14,12.5,24.007375,27.0805
"1437",1789,1,23,14,14,27.706,27.706
"1438",1789,1,20,14,12,22.78,26.594
"1439",1789,1,11,19,15,24.0605,40.7605
"1440",1789,1,19,10,14.5,24.166375,17.4985
"1441",1790,1,9,22,28,64.1079999999999,11.842
"1442",1790,1,7,20,26,60.058,14.596
"1443",1790,1,6,24,6,-32.734,22.004
"1444",1790,1,8,24,24,41.696,41.696
"1445",1790,1,30,10,12,19.652,18.106
"1446",1790,1,29,10,16,26.908,15.466
"1447",1790,1,10,22,8,-12.6520000000001,29.922
"1448",1790,1,4,20,28,67.272,2.12000000000002
"1449",1790,1,28,16,8,9.96800000000001,20.688
"1450",1790,1,3,22,28,64.1079999999999,11.842
"1451",1790,1,26,14,4,3.51600000000002,-0.0939999999999994
"1452",1790,1,5,16,16,32.224,32.224
"1453",1790,1,11,26,0,-73.604,-24.022
"1454",1790,1,1,3,14,-5.932,1.15750000000002
"1455",1790,1,12,10,2,2.28199999999999,-14.214
"1456",1790,1,17,26,16,-3.39600000000004,61.034
"1457",1790,1,2,18,26,61.658,5.57799999999996
"1458",1790,1,14,20,20,38.68,38.68
"1459",1790,1,27,10,16,26.908,15.466
"1460",1790,1,25,12,16,30.904,21.008
"1461",1790,1,13,14,28,63.42,-26.782
"1462",1790,1,22,20,12,10.792,39.656
"1463",1790,1,16,24,28,58.72,21.608
"1464",1790,1,15,22,22,40.6179999999999,40.6179999999999
"1465",1790,1,19,16,16,32.224,32.224
"1466",1790,1,18,18,18,35.882,35.882
"1467",1790,1,23,10,10,16.09,16.09
"1468",1790,1,21,20,14,17.698,42.748
"1469",1790,1,24,8,6,6.17800000000001,3.188
"1470",1790,1,20,14,12,22.78,26.594
"1471",1791,1,11,0,26,-24.022,-73.604
"1472",1791,1,12,2,10,-14.214,2.28199999999999
"1473",1791,1,7,26,20,14.596,60.058
"1474",1791,1,8,24,24,41.696,41.696
"1475",1791,1,4,28,20,2.12000000000002,67.272
"1476",1791,1,30,12,10,18.106,19.652
"1477",1791,1,6,6,24,22.004,-32.734
"1478",1791,1,14,20,20,38.68,38.68
"1479",1791,1,10,8,22,29.922,-12.6520000000001
"1480",1791,1,13,28,14,-26.782,63.42
"1481",1791,1,5,16,16,32.224,32.224
"1482",1791,1,29,16,10,15.466,26.908
"1483",1791,1,9,28,22,11.842,64.1079999999999
"1484",1791,1,15,22,22,40.6179999999999,40.6179999999999
"1485",1791,1,28,8,16,20.688,9.96800000000001
"1486",1791,1,27,16,10,15.466,26.908
"1487",1791,1,3,28,22,11.842,64.1079999999999
"1488",1791,1,19,16,16,32.224,32.224
"1489",1791,1,22,12,20,39.656,10.792
"1490",1791,1,16,28,24,21.608,58.72
"1491",1791,1,2,26,18,5.57799999999996,61.658
"1492",1791,1,26,4,14,-0.0939999999999994,3.51600000000002
"1493",1791,1,18,18,18,35.882,35.882
"1494",1791,1,23,10,10,16.09,16.09
"1495",1791,1,25,16,12,21.008,30.904
"1496",1791,1,17,16,26,61.034,-3.39600000000004
"1497",1791,1,1,14,3,1.15750000000002,-5.932
"1498",1791,1,20,12,14,26.594,22.78
"1499",1791,1,21,14,20,42.748,17.698
"1500",1791,1,24,6,8,3.188,6.17800000000001
"1501",1792,1,11,5,12.5,3.716875,7.48749999999997
"1502",1792,1,10,3,12.5,-6.908125,3.25449999999998
"1503",1792,1,6,16,10,15.466,26.908
"1504",1792,1,9,6,10,5.386,9.09799999999999
"1505",1792,1,12,5,10,1.32,7.37749999999999
"1506",1792,1,13,5,12,3.232,7.7435
"1507",1792,1,8,2,15,-11.8265,-3.448
"1508",1792,1,4,2,8,-15.092,0.682000000000007
"1509",1792,1,5,10,8,12.572,11.85
"1510",1792,1,30,4,16,1.576,-0.895999999999983
"1511",1792,1,14,10,11.5,18.757375,17.8105
"1512",1792,1,7,20,12,10.792,39.656
"1513",1792,1,28,4,15,0.735500000000004,1.58799999999999
"1514",1792,1,29,10,15,25.0775,16.96
"1515",1792,1,3,5,6,-2.372,-0.0264999999999986
"1516",1792,1,26,10,8,12.572,11.85
"1517",1792,1,15,14,12,22.78,26.594
"1518",1792,1,27,14,12.5,24.007375,27.0805
"1519",1792,1,2,4,20,5.048,-16.392
"1520",1792,1,1,2,20,-9.164,-23.078
"1521",1792,1,22,5,15,6.1825,4.12249999999999
"1522",1792,1,23,4,15,0.735500000000004,1.58799999999999
"1523",1792,1,16,8,14,17.698,13.06
"1524",1792,1,21,8,12,14.752,13.928
"1525",1792,1,17,8,12,14.752,13.928
"1526",1792,1,19,4,13,-0.9125,4.888
"1527",1792,1,24,8,12,14.752,13.928
"1528",1792,1,25,12,8,13.928,14.752
"1529",1792,1,20,8,11.5,14.022375,13.7975
"1530",1792,1,18,5,12,3.232,7.7435
"1531",1793,1,13,12,5,7.7435,3.232
"1532",1793,1,11,12.5,5,7.48749999999997,3.716875
"1533",1793,1,6,10,16,26.908,15.466
"1534",1793,1,7,12,20,39.656,10.792
"1535",1793,1,12,10,5,7.37749999999999,1.32
"1536",1793,1,14,11.5,10,17.8105,18.757375
"1537",1793,1,10,12.5,3,3.25449999999998,-6.908125
"1538",1793,1,15,12,14,26.594,22.78
"1539",1793,1,8,15,2,-3.448,-11.8265
"1540",1793,1,9,10,6,9.09799999999999,5.386
"1541",1793,1,30,16,4,-0.895999999999983,1.576
"1542",1793,1,29,15,10,16.96,25.0775
"1543",1793,1,4,8,2,0.682000000000007,-15.092
"1544",1793,1,16,14,8,13.06,17.698
"1545",1793,1,5,8,10,11.85,12.572
"1546",1793,1,28,15,4,1.58799999999999,0.735500000000004
"1547",1793,1,2,20,4,-16.392,5.048
"1548",1793,1,3,6,5,-0.0264999999999986,-2.372
"1549",1793,1,24,12,8,13.928,14.752
"1550",1793,1,17,12,8,13.928,14.752
"1551",1793,1,1,20,2,-23.078,-9.164
"1552",1793,1,26,8,10,11.85,12.572
"1553",1793,1,27,12.5,14,27.0805,24.007375
"1554",1793,1,23,15,4,1.58799999999999,0.735500000000004
"1555",1793,1,18,12,5,7.7435,3.232
"1556",1793,1,19,13,4,4.888,-0.9125
"1557",1793,1,22,15,5,4.12249999999999,6.1825
"1558",1793,1,25,8,12,14.752,13.928
"1559",1793,1,21,12,8,13.928,14.752
"1560",1793,1,20,11.5,8,13.7975,14.022375
"1561",1794,1,7,28,8.7,-51.982705,43.36798
"1562",1794,1,10,28,18,-7.55799999999998,68.212
"1563",1794,1,11,18,18.1,36.199855,35.72282
"1564",1794,1,30,14,13.8,27.21142,27.69488
"1565",1794,1,14,16,14.5,27.997375,32.7715
"1566",1794,1,6,28,15.2,-21.03328,65.79168
"1567",1794,1,8,28,14,-26.782,63.42
"1568",1794,1,13,13.7,12,22.85398,25.951295
"1569",1794,1,5,17.8,10.1,11.681435,30.51294
"1570",1794,1,29,14,14.2,28.20102,27.69488
"1571",1794,1,15,14.5,11.8,22.03882,27.417355
"1572",1794,1,9,28,13,-31.5605,60.832
"1573",1794,1,12,18,13.7,22.318295,37.46698
"1574",1794,1,28,14,14,27.706,27.706
"1575",1794,1,4,10.1,17.8,30.51294,11.681435
"1576",1794,1,3,14,10.1,18.141055,23.47762
"1577",1794,1,16,18,12,17.012,35.258
"1578",1794,1,22,13,9.6,17.37488,20.58142
"1579",1794,1,2,16.4,18,37.67272,30.81128
"1580",1794,1,26,13,12,22.832,24.4555
"1581",1794,1,18,18,16,29.548,37.898
"1582",1794,1,21,1,15.5,-18.770125,-7.36949999999999
"1583",1794,1,17,18,14.7,25.454495,38.01578
"1584",1794,1,25,13,11.5,21.689875,23.9125
"1585",1794,1,1,14,16.4,33.67528,26.10472
"1586",1794,1,27,14,12.3,23.516095,26.90258
"1587",1794,1,23,13,11.7,22.146395,24.14638
"1588",1794,1,24,13,14,27.428,25.2375
"1589",1794,1,19,18,15,26.3975,38.072
"1590",1794,1,20,18,15.2,27.02672,38.08168
"1591",1795,1,11,18.1,18,35.72282,36.199855
"1592",1795,1,7,8.7,28,43.36798,-51.982705
"1593",1795,1,10,18,28,68.212,-7.55799999999998
"1594",1795,1,8,14,28,63.42,-26.782
"1595",1795,1,13,12,13.7,25.951295,22.85398
"1596",1795,1,12,13.7,18,37.46698,22.318295
"1597",1795,1,16,12,18,35.258,17.012
"1598",1795,1,15,11.8,14.5,27.417355,22.03882
"1599",1795,1,9,13,28,60.832,-31.5605
"1600",1795,1,18,16,18,37.898,29.548
"1601",1795,1,6,15.2,28,65.79168,-21.03328
"1602",1795,1,4,17.8,10.1,11.681435,30.51294
"1603",1795,1,17,14.7,18,38.01578,25.454495
"1604",1795,1,29,14.2,14,27.69488,28.20102
"1605",1795,1,14,14.5,16,32.7715,27.997375
"1606",1795,1,19,15,18,38.072,26.3975
"1607",1795,1,30,13.8,14,27.69488,27.21142
"1608",1795,1,20,15.2,18,38.08168,27.02672
"1609",1795,1,26,12,13,24.4555,22.832
"1610",1795,1,5,10.1,17.8,30.51294,11.681435
"1611",1795,1,28,14,14,27.706,27.706
"1612",1795,1,3,10.1,14,23.47762,18.141055
"1613",1795,1,27,12.3,14,26.90258,23.516095
"1614",1795,1,21,15.5,1,-7.36949999999999,-18.770125
"1615",1795,1,2,18,16.4,30.81128,37.67272
"1616",1795,1,1,16.4,14,26.10472,33.67528
"1617",1795,1,23,11.7,13,24.14638,22.146395
"1618",1795,1,25,11.5,13,23.9125,21.689875
"1619",1795,1,24,14,13,25.2375,27.428
"1620",1795,1,22,9.6,13,20.58142,17.37488
"1621",1796,1,12,28,18,-7.55799999999998,68.212
"1622",1796,1,20,12,18,35.258,17.012
"1623",1796,1,11,10,18,30.602,10.81
"1624",1796,1,8,10,14,23.258,17.898
"1625",1796,1,10,12,18,35.258,17.012
"1626",1796,1,19,10,14,23.258,17.898
"1627",1796,1,16,16,12,21.008,30.904
"1628",1796,1,9,8,16,20.688,9.96800000000001
"1629",1796,1,13,18,18,35.882,35.882
"1630",1796,1,7,20,16,24.648,43.616
"1631",1796,1,6,18,18,35.882,35.882
"1632",1796,1,17,14,16,32.676,26.594
"1633",1796,1,21,10,14,23.258,17.898
"1634",1796,1,14,16,16,32.224,32.224
"1635",1796,1,22,14,16,32.676,26.594
"1636",1796,1,15,10,20,34.34,3.93000000000003
"1637",1796,1,23,14,18,37.69,23.258
"1638",1796,1,30,14,12,22.78,26.594
"1639",1796,1,5,28,10,-45.83,49.732
"1640",1796,1,4,20,22,45.762,32.8759999999999
"1641",1796,1,3,18,14,23.258,37.69
"1642",1796,1,18,18,12,17.012,35.258
"1643",1796,1,28,16,14,26.594,32.676
"1644",1796,1,29,12,14,26.594,22.78
"1645",1796,1,2,28,20,2.12000000000002,67.272
"1646",1796,1,26,16,12,21.008,30.904
"1647",1796,1,24,16,16,32.224,32.224
"1648",1796,1,27,14,14,27.706,27.706
"1649",1796,1,25,10,18,30.602,10.81
"1650",1796,1,1,18,18,35.882,35.882
"1651",1797,1,13,18,18,35.882,35.882
"1652",1797,1,11,18,10,10.81,30.602
"1653",1797,1,20,18,12,17.012,35.258
"1654",1797,1,7,16,20,43.616,24.648
"1655",1797,1,10,18,12,17.012,35.258
"1656",1797,1,9,16,8,9.96800000000001,20.688
"1657",1797,1,12,18,28,68.212,-7.55799999999998
"1658",1797,1,14,16,16,32.224,32.224
"1659",1797,1,16,12,16,30.904,21.008
"1660",1797,1,19,14,10,17.898,23.258
"1661",1797,1,18,12,18,35.258,17.012
"1662",1797,1,21,14,10,17.898,23.258
"1663",1797,1,6,18,18,35.882,35.882
"1664",1797,1,8,14,10,17.898,23.258
"1665",1797,1,17,16,14,26.594,32.676
"1666",1797,1,28,14,16,32.676,26.594
"1667",1797,1,5,10,28,49.732,-45.83
"1668",1797,1,15,20,10,3.93000000000003,34.34
"1669",1797,1,27,14,14,27.706,27.706
"1670",1797,1,23,18,14,23.258,37.69
"1671",1797,1,1,18,18,35.882,35.882
"1672",1797,1,22,16,14,26.594,32.676
"1673",1797,1,4,22,20,32.8759999999999,45.762
"1674",1797,1,26,12,16,30.904,21.008
"1675",1797,1,30,12,14,26.594,22.78
"1676",1797,1,3,14,18,37.69,23.258
"1677",1797,1,25,18,10,10.81,30.602
"1678",1797,1,29,14,12,22.78,26.594
"1679",1797,1,2,20,28,67.272,2.12000000000002
"1680",1797,1,24,16,16,32.224,32.224
"1681",1798,1,22,18.1,15,26.18882,38.340355
"1682",1798,1,6,24.5,12.9,-7.56399500000008,52.047245
"1683",1798,1,10,22.4,16,15.83232,50.53568
"1684",1798,1,13,10,11,17.8655,17.376
"1685",1798,1,5,11.5,14.5,27.000625,21.279625
"1686",1798,1,14,10.9,17.2,31.37074,15.605935
"1687",1798,1,15,16,14,26.594,32.676
"1688",1798,1,11,26.1,10,-30.78998,46.012655
"1689",1798,1,12,10.8,11.9,20.796935,19.72834
"1690",1798,1,21,20,14,17.698,42.748
"1691",1798,1,23,14,14,27.706,27.706
"1692",1798,1,19,12.8,9.9,18.066535,20.88374
"1693",1798,1,20,16,12,21.008,30.904
"1694",1798,1,28,12,10.6,19.36798,20.68832
"1695",1798,1,30,12.2,12.4,23.33616,23.03414
"1696",1798,1,7,13.4,13.8,27.13114,26.23226
"1697",1798,1,8,11.1,10.7,18.842765,19.129285
"1698",1798,1,9,0.9,13.9,-20.032775,-3.546175
"1699",1798,1,18,10.6,11.9,20.499275,19.3101
"1700",1798,1,29,12.1,17,33.23342,19.582755
"1701",1798,1,16,18,9.9,10.501055,30.31082
"1702",1798,1,17,18.3,10,9.91977999999996,31.159895
"1703",1798,1,26,13.8,14.5,28.916755,27.12542
"1704",1798,1,1,10,2,2.28199999999999,-14.214
"1705",1798,1,24,14,12.9,24.991255,27.36962
"1706",1798,1,27,10.5,12,20.5295,19.157375
"1707",1798,1,25,13.9,13,25.25122,27.197155
"1708",1798,1,4,5,6.5,-1.920125,1.3855
"1709",1798,1,3,4,6,-6.334,-1.076
"1710",1798,1,2,3,4,-11.972,-8.4925
"1711",1799,1,1,2,10,-14.214,2.28199999999999
"1712",1799,1,27,12,10.5,19.157375,20.5295
"1713",1799,1,4,6.5,5,1.3855,-1.920125
"1714",1799,1,30,12.4,12.2,23.03414,23.33616
"1715",1799,1,7,13.8,13.4,26.23226,27.13114
"1716",1799,1,10,16,22.4,50.53568,15.83232
"1717",1799,1,11,10,26.1,46.012655,-30.78998
"1718",1799,1,13,11,10,17.376,17.8655
"1719",1799,1,14,17.2,10.9,15.605935,31.37074
"1720",1799,1,16,9.9,18,30.31082,10.501055
"1721",1799,1,19,9.9,12.8,20.88374,18.066535
"1722",1799,1,20,12,16,30.904,21.008
"1723",1799,1,22,15,18.1,38.340355,26.18882
"1724",1799,1,23,14,14,27.706,27.706
"1725",1799,1,2,4,3,-8.4925,-11.972
"1726",1799,1,28,10.6,12,20.68832,19.36798
"1727",1799,1,5,14.5,11.5,21.279625,27.000625
"1728",1799,1,6,12.9,24.5,52.047245,-7.56399500000008
"1729",1799,1,8,10.7,11.1,19.129285,18.842765
"1730",1799,1,9,13.9,0.9,-3.546175,-20.032775
"1731",1799,1,12,11.9,10.8,19.72834,20.796935
"1732",1799,1,21,14,20,42.748,17.698
"1733",1799,1,15,14,16,32.676,26.594
"1734",1799,1,17,10,18.3,31.159895,9.91977999999996
"1735",1799,1,18,11.9,10.6,19.3101,20.499275
"1736",1799,1,29,17,12.1,19.582755,33.23342
"1737",1799,1,26,14.5,13.8,27.12542,28.916755
"1738",1799,1,24,12.9,14,27.36962,24.991255
"1739",1799,1,3,6,4,-1.076,-6.334
"1740",1799,1,25,13,13.9,27.197155,25.25122
"1741",2386,1,6,12,14,26.594,22.78
"1742",2386,1,28,16,20,43.616,24.648
"1743",2386,1,7,12,17,33.0755,19.288
"1744",2386,1,5,12,16,30.904,21.008
"1745",2386,1,2,12,12,22.328,22.328
"1746",2386,1,13,24,24,41.696,41.696
"1747",2386,1,14,26,26,41.914,41.914
"1748",2386,1,16,26,26,41.914,41.914
"1749",2386,1,10,18,18,35.882,35.882
"1750",2386,1,19,25,20,20,56.4675
"1751",2386,1,22,24,20,24.848,52.888
"1752",2386,1,23,24,22,33.25,48.4039999999999
"1753",2386,1,25,24,22,33.25,48.4039999999999
"1754",2386,1,26,16,20,43.616,24.648
"1755",2386,1,3,28,12,-36.328,57.688
"1756",2386,1,29,16,18,37.898,29.548
"1757",2386,1,8,14,12,22.78,26.594
"1758",2386,1,9,16,15,29.4035,32.728
"1759",2386,1,11,20,20,38.68,38.68
"1760",2386,1,12,22,22,40.6179999999999,40.6179999999999
"1761",2386,1,15,26,28,51.108,31.418
"1762",2386,1,17,26,24,32.764,50.186
"1763",2386,1,18,26,25,37.3335,46.328
"1764",2386,1,20,25,20,20,56.4675
"1765",2386,1,21,20,24,52.888,24.848
"1766",2386,1,24,24,24,41.696,41.696
"1767",2386,1,1,12,28,57.688,-36.328
"1768",2386,1,27,18,18,35.882,35.882
"1769",2386,1,4,28,18,-7.55799999999998,68.212
"1770",2386,1,30,16,18,37.898,29.548
"1771",2387,1,29,18,16,29.548,37.898
"1772",2387,1,28,20,16,24.648,43.616
"1773",2387,1,27,18,18,35.882,35.882
"1774",2387,1,6,14,12,22.78,26.594
"1775",2387,1,4,18,28,68.212,-7.55799999999998
"1776",2387,1,7,17,12,19.288,33.0755
"1777",2387,1,30,18,16,29.548,37.898
"1778",2387,1,5,16,12,21.008,30.904
"1779",2387,1,14,26,26,41.914,41.914
"1780",2387,1,15,28,26,31.418,51.108
"1781",2387,1,2,12,12,22.328,22.328
"1782",2387,1,13,24,24,41.696,41.696
"1783",2387,1,22,20,24,52.888,24.848
"1784",2387,1,23,22,24,48.4039999999999,33.25
"1785",2387,1,24,24,24,41.696,41.696
"1786",2387,1,1,28,12,-36.328,57.688
"1787",2387,1,3,12,28,57.688,-36.328
"1788",2387,1,11,20,20,38.68,38.68
"1789",2387,1,12,22,22,40.6179999999999,40.6179999999999
"1790",2387,1,8,12,14,26.594,22.78
"1791",2387,1,10,18,18,35.882,35.882
"1792",2387,1,19,20,25,56.4675,20
"1793",2387,1,20,20,25,56.4675,20
"1794",2387,1,16,26,26,41.914,41.914
"1795",2387,1,17,24,26,50.186,32.764
"1796",2387,1,26,20,16,24.648,43.616
"1797",2387,1,18,25,26,46.328,37.3335
"1798",2387,1,21,24,20,24.848,52.888
"1799",2387,1,25,22,24,48.4039999999999,33.25
"1800",2387,1,9,15,16,32.728,29.4035
"1801",2388,1,7,18,18,35.882,35.882
"1802",2388,1,29,12,14,26.594,22.78
"1803",2388,1,2,18,15,26.3975,38.072
"1804",2388,1,6,18,26,61.658,5.57799999999996
"1805",2388,1,28,13,12,22.832,24.4555
"1806",2388,1,1,20,10,3.93000000000003,34.34
"1807",2388,1,5,28,18,-7.55799999999998,68.212
"1808",2388,1,27,10,12,19.652,18.106
"1809",2388,1,9,16,15,29.4035,32.728
"1810",2388,1,30,12,12,22.328,22.328
"1811",2388,1,8,16,18,37.898,29.548
"1812",2388,1,4,18,17,32.7095,37.168
"1813",2388,1,16,16,10,15.466,26.908
"1814",2388,1,26,10,10,16.09,16.09
"1815",2388,1,3,18,16,29.548,37.898
"1816",2388,1,14,14,16,32.676,26.594
"1817",2388,1,23,14,18,37.69,23.258
"1818",2388,1,25,10,10,16.09,16.09
"1819",2388,1,10,16,20,43.616,24.648
"1820",2388,1,13,17,14,25.204,35.1775
"1821",2388,1,12,15,20,43.46,21.1675
"1822",2388,1,15,13,10,18.28,21.4495
"1823",2388,1,17,10,16,26.908,15.466
"1824",2388,1,19,16,10,15.466,26.908
"1825",2388,1,22,16,18,37.898,29.548
"1826",2388,1,21,15,18,38.072,26.3975
"1827",2388,1,24,16,10,15.466,26.908
"1828",2388,1,11,17,20,43.216,28.1395
"1829",2388,1,20,10,18,30.602,10.81
"1830",2388,1,18,12,10,18.106,19.652
"1831",2389,1,30,12,12,22.328,22.328
"1832",2389,1,6,26,18,5.57799999999996,61.658
"1833",2389,1,4,17,18,37.168,32.7095
"1834",2389,1,7,18,18,35.882,35.882
"1835",2389,1,5,18,28,68.212,-7.55799999999998
"1836",2389,1,29,14,12,22.78,26.594
"1837",2389,1,2,15,18,38.072,26.3975
"1838",2389,1,3,16,18,37.898,29.548
"1839",2389,1,13,14,17,35.1775,25.204
"1840",2389,1,28,12,13,24.4555,22.832
"1841",2389,1,27,12,10,18.106,19.652
"1842",2389,1,26,10,10,16.09,16.09
"1843",2389,1,1,10,20,34.34,3.93000000000003
"1844",2389,1,8,18,16,29.548,37.898
"1845",2389,1,16,10,16,26.908,15.466
"1846",2389,1,9,15,16,32.728,29.4035
"1847",2389,1,17,16,10,15.466,26.908
"1848",2389,1,10,20,16,24.648,43.616
"1849",2389,1,14,16,14,26.594,32.676
"1850",2389,1,25,10,10,16.09,16.09
"1851",2389,1,24,10,16,26.908,15.466
"1852",2389,1,18,10,12,19.652,18.106
"1853",2389,1,22,18,16,29.548,37.898
"1854",2389,1,15,10,13,21.4495,18.28
"1855",2389,1,12,20,15,21.1675,43.46
"1856",2389,1,21,18,15,26.3975,38.072
"1857",2389,1,23,18,14,23.258,37.69
"1858",2389,1,20,18,10,10.81,30.602
"1859",2389,1,11,20,17,28.1395,43.216
"1860",2389,1,19,10,16,26.908,15.466
"1861",2390,1,9,12,10,18.106,19.652
"1862",2390,1,7,10,12,19.652,18.106
"1863",2390,1,6,14,10,17.898,23.258
"1864",2390,1,8,11.8,10,18.00448,19.29382
"1865",2390,1,30,10,12,19.652,18.106
"1866",2390,1,29,19,15,24.0605,40.7605
"1867",2390,1,10,11.9,11,20.14702,21.072355
"1868",2390,1,4,17.1,10,13.18042,28.934255
"1869",2390,1,28,18,18,35.882,35.882
"1870",2390,1,3,21.6,3,-28.69378,-0.605920000000001
"1871",2390,1,26,16,16,32.224,32.224
"1872",2390,1,5,15.5,10,16.2825,25.991375
"1873",2390,1,11,10.9,11.1,19.389425,19.234825
"1874",2390,1,1,5.5,10,3.4225,8.23637499999999
"1875",2390,1,12,11.3,10,17.65338,18.400295
"1876",2390,1,17,12,10,18.106,19.652
"1877",2390,1,2,17.8,24,55.25168,15.65662
"1878",2390,1,14,10.2,10,16.39168,16.44422
"1879",2390,1,27,17,17,34.1605,34.1605
"1880",2390,1,25,15,15,30.0725,30.0725
"1881",2390,1,13,10.8,10.1,17.353535,17.67634
"1882",2390,1,22,13,12,22.832,24.4555
"1883",2390,1,16,11,10,17.376,17.8655
"1884",2390,1,15,10,10,16.09,16.09
"1885",2390,1,19,12,10,18.106,19.652
"1886",2390,1,18,12,10.1,18.316055,19.83862
"1887",2390,1,23,13,13,25.1245,25.1245
"1888",2390,1,21,12,13,24.4555,22.832
"1889",2390,1,24,14,14,27.706,27.706
"1890",2390,1,20,12,12,22.328,22.328
"1891",2391,1,11,11.1,10.9,19.234825,19.389425
"1892",2391,1,12,10,11.3,18.400295,17.65338
"1893",2391,1,7,12,10,18.106,19.652
"1894",2391,1,8,10,11.8,19.29382,18.00448
"1895",2391,1,4,10,17.1,28.934255,13.18042
"1896",2391,1,30,12,10,18.106,19.652
"1897",2391,1,6,10,14,23.258,17.898
"1898",2391,1,14,10,10.2,16.44422,16.39168
"1899",2391,1,10,11,11.9,21.072355,20.14702
"1900",2391,1,13,10.1,10.8,17.67634,17.353535
"1901",2391,1,5,10,15.5,25.991375,16.2825
"1902",2391,1,29,15,19,40.7605,24.0605
"1903",2391,1,9,10,12,19.652,18.106
"1904",2391,1,15,10,10,16.09,16.09
"1905",2391,1,28,18,18,35.882,35.882
"1906",2391,1,27,17,17,34.1605,34.1605
"1907",2391,1,3,3,21.6,-0.605920000000001,-28.69378
"1908",2391,1,19,10,12,19.652,18.106
"1909",2391,1,22,12,13,24.4555,22.832
"1910",2391,1,16,10,11,17.8655,17.376
"1911",2391,1,2,24,17.8,15.65662,55.25168
"1912",2391,1,26,16,16,32.224,32.224
"1913",2391,1,18,10.1,12,19.83862,18.316055
"1914",2391,1,23,13,13,25.1245,25.1245
"1915",2391,1,25,15,15,30.0725,30.0725
"1916",2391,1,17,10,12,19.652,18.106
"1917",2391,1,1,10,5.5,8.23637499999999,3.4225
"1918",2391,1,20,12,12,22.328,22.328
"1919",2391,1,21,13,12,22.832,24.4555
"1920",2391,1,24,14,14,27.706,27.706
"1921",2392,1,11,18,18,35.882,35.882
"1922",2392,1,10,18,27,64.9295,-0.71200000000006
"1923",2392,1,6,12,18,35.258,17.012
"1924",2392,1,9,15,20,43.46,21.1675
"1925",2392,1,12,18,17,32.7095,37.168
"1926",2392,1,13,17,16,31.164,35.0555
"1927",2392,1,8,16,14,26.594,32.676
"1928",2392,1,4,26,28,51.108,31.418
"1929",2392,1,5,28,12,-36.328,57.688
"1930",2392,1,30,14,16,32.676,26.594
"1931",2392,1,14,18,14,23.258,37.69
"1932",2392,1,7,12,14,26.594,22.78
"1933",2392,1,28,14,14,27.706,27.706
"1934",2392,1,29,14,16,32.676,26.594
"1935",2392,1,3,16,24,55.184,8.17599999999996
"1936",2392,1,26,12,14,26.594,22.78
"1937",2392,1,15,14,16,32.676,26.594
"1938",2392,1,27,13,14,27.428,25.2375
"1939",2392,1,2,26,20,14.596,60.058
"1940",2392,1,1,28,18,-7.55799999999998,68.212
"1941",2392,1,22,12,16,30.904,21.008
"1942",2392,1,23,14,11,20.3335,25.204
"1943",2392,1,16,15,15,30.0725,30.0725
"1944",2392,1,21,15,16,32.728,29.4035
"1945",2392,1,17,14,13,25.2375,27.428
"1946",2392,1,19,13,13,25.1245,25.1245
"1947",2392,1,24,14,12,22.78,26.594
"1948",2392,1,25,16,13,23.7955,32.068
"1949",2392,1,20,14,14,27.706,27.706
"1950",2392,1,18,12,12,22.328,22.328
"1951",2393,1,13,16,17,35.0555,31.164
"1952",2393,1,11,18,18,35.882,35.882
"1953",2393,1,6,18,12,17.012,35.258
"1954",2393,1,7,14,12,22.78,26.594
"1955",2393,1,12,17,18,37.168,32.7095
"1956",2393,1,14,14,18,37.69,23.258
"1957",2393,1,10,27,18,-0.71200000000006,64.9295
"1958",2393,1,15,16,14,26.594,32.676
"1959",2393,1,8,14,16,32.676,26.594
"1960",2393,1,9,20,15,21.1675,43.46
"1961",2393,1,30,16,14,26.594,32.676
"1962",2393,1,29,16,14,26.594,32.676
"1963",2393,1,4,28,26,31.418,51.108
"1964",2393,1,16,15,15,30.0725,30.0725
"1965",2393,1,5,12,28,57.688,-36.328
"1966",2393,1,28,14,14,27.706,27.706
"1967",2393,1,2,20,26,60.058,14.596
"1968",2393,1,3,24,16,8.17599999999996,55.184
"1969",2393,1,24,12,14,26.594,22.78
"1970",2393,1,17,13,14,27.428,25.2375
"1971",2393,1,1,18,28,68.212,-7.55799999999998
"1972",2393,1,26,14,12,22.78,26.594
"1973",2393,1,27,14,13,25.2375,27.428
"1974",2393,1,23,11,14,25.204,20.3335
"1975",2393,1,18,12,12,22.328,22.328
"1976",2393,1,19,13,13,25.1245,25.1245
"1977",2393,1,22,16,12,21.008,30.904
"1978",2393,1,25,13,16,32.068,23.7955
"1979",2393,1,21,16,15,29.4035,32.728
"1980",2393,1,20,14,14,27.706,27.706
"1981",2394,1,7,13.9,13,25.25122,27.197155
"1982",2394,1,10,28,17.9,-8.04074499999999,68.2006200000001
"1983",2394,1,11,18,15,26.3975,38.072
"1984",2394,1,30,14.9,14.2,28.00554,29.955635
"1985",2394,1,14,14.9,15,30.10882,29.807555
"1986",2394,1,6,13.7,18,37.46698,22.318295
"1987",2394,1,8,19.7,18.9,35.536885,39.920165
"1988",2394,1,13,28,14.9,-22.471945,65.27382
"1989",2394,1,5,20.7,18,29.63258,44.502695
"1990",2394,1,29,14.9,14.9,29.845525,29.845525
"1991",2394,1,15,14.9,14.9,29.845525,29.845525
"1992",2394,1,9,18,19.9,41.940055,31.90682
"1993",2394,1,12,14.9,28,65.27382,-22.471945
"1994",2394,1,28,18,14.9,26.083055,38.05882
"1995",2394,1,4,6.9,18.9,20.206325,-1.99727500000002
"1996",2394,1,3,18.9,28,68.06422,-3.20834499999999
"1997",2394,1,16,17,14.9,27.880555,35.39782
"1998",2394,1,22,18,14.9,26.083055,38.05882
"1999",2394,1,2,15.9,15,29.49542,32.461955
"2000",2394,1,26,14.5,14.9,29.941805,28.793445
"2001",2394,1,18,18.7,14.9,24.493985,39.928065
"2002",2394,1,21,14.9,14.9,29.845525,29.845525
"2003",2394,1,17,15.6,10,16.13032,26.17448
"2004",2394,1,25,14.3,14.9,29.956585,28.268065
"2005",2394,1,1,18,28,68.212,-7.55799999999998
"2006",2394,1,27,14.5,14.3,28.403945,28.944105
"2007",2394,1,23,25,14.9,-2.06744499999995,56.99382
"2008",2394,1,24,14.9,14.9,29.845525,29.845525
"2009",2394,1,19,18.7,21.9,47.579285,28.231765
"2010",2394,1,20,18.7,14.9,24.493985,39.928065
"2011",2395,1,11,15,18,38.072,26.3975
"2012",2395,1,7,13,13.9,27.197155,25.25122
"2013",2395,1,10,17.9,28,68.2006200000001,-8.04074499999999
"2014",2395,1,8,18.9,19.7,39.920165,35.536885
"2015",2395,1,13,14.9,28,65.27382,-22.471945
"2016",2395,1,12,28,14.9,-22.471945,65.27382
"2017",2395,1,16,14.9,17,35.39782,27.880555
"2018",2395,1,15,14.9,14.9,29.845525,29.845525
"2019",2395,1,9,19.9,18,31.90682,41.940055
"2020",2395,1,18,14.9,18.7,39.928065,24.493985
"2021",2395,1,6,18,13.7,22.318295,37.46698
"2022",2395,1,4,18.9,6.9,-1.99727500000002,20.206325
"2023",2395,1,17,10,15.6,26.17448,16.13032
"2024",2395,1,29,14.9,14.9,29.845525,29.845525
"2025",2395,1,14,15,14.9,29.807555,30.10882
"2026",2395,1,19,21.9,18.7,28.231765,47.579285
"2027",2395,1,30,14.2,14.9,29.955635,28.00554
"2028",2395,1,20,14.9,18.7,39.928065,24.493985
"2029",2395,1,26,14.9,14.5,28.793445,29.941805
"2030",2395,1,5,18,20.7,44.502695,29.63258
"2031",2395,1,28,14.9,18,38.05882,26.083055
"2032",2395,1,3,28,18.9,-3.20834499999999,68.06422
"2033",2395,1,27,14.3,14.5,28.944105,28.403945
"2034",2395,1,21,14.9,14.9,29.845525,29.845525
"2035",2395,1,2,15,15.9,32.461955,29.49542
"2036",2395,1,1,28,18,-7.55799999999998,68.212
"2037",2395,1,23,14.9,25,56.99382,-2.06744499999995
"2038",2395,1,25,14.9,14.3,28.268065,29.956585
"2039",2395,1,24,14.9,14.9,29.845525,29.845525
"2040",2395,1,22,14.9,18,38.05882,26.083055
"2041",2396,1,12,14,16,32.676,26.594
"2042",2396,1,20,18,20,42.26,31.642
"2043",2396,1,11,14,12,22.78,26.594
"2044",2396,1,8,16,26,61.034,-3.39600000000004
"2045",2396,1,10,28,14,-26.782,63.42
"2046",2396,1,19,20,16,24.648,43.616
"2047",2396,1,16,13,16,32.068,23.7955
"2048",2396,1,9,14,20,42.748,17.698
"2049",2396,1,13,15,22,48.892,13.7134999999999
"2050",2396,1,7,24,18,16.49,55.148
"2051",2396,1,6,12,24,48.584,-8.32000000000004
"2052",2396,1,17,10,16,26.908,15.466
"2053",2396,1,21,20,26,60.058,14.596
"2054",2396,1,14,22,4,-27.4760000000001,6.85
"2055",2396,1,22,20,20,38.68,38.68
"2056",2396,1,15,8,10,11.85,12.572
"2057",2396,1,23,20,14,17.698,42.748
"2058",2396,1,30,22,18,25.1779999999999,48.682
"2059",2396,1,5,24.6,12,-11.95408,49.93838
"2060",2396,1,4,22,16,17.5239999999999,49.378
"2061",2396,1,3,10,10,16.09,16.09
"2062",2396,1,18,26,24,32.764,50.186
"2063",2396,1,28,20,16,24.648,43.616
"2064",2396,1,29,16,26,61.034,-3.39600000000004
"2065",2396,1,2,28,28,41.272,41.272
"2066",2396,1,26,14,22,47.85,9.91399999999992
"2067",2396,1,24,28,16,-17.192,66.928
"2068",2396,1,27,16,24,55.184,8.17599999999996
"2069",2396,1,25,10,16,26.908,15.466
"2070",2396,1,1,0.4,2,-25.68088,-18.02712
"2071",2397,1,13,22,15,13.7134999999999,48.892
"2072",2397,1,11,12,14,26.594,22.78
"2073",2397,1,20,20,18,31.642,42.26
"2074",2397,1,7,18,24,55.148,16.49
"2075",2397,1,10,14,28,63.42,-26.782
"2076",2397,1,9,20,14,17.698,42.748
"2077",2397,1,12,16,14,26.594,32.676
"2078",2397,1,14,4,22,6.85,-27.4760000000001
"2079",2397,1,16,16,13,23.7955,32.068
"2080",2397,1,19,16,20,43.616,24.648
"2081",2397,1,18,24,26,50.186,32.764
"2082",2397,1,21,26,20,14.596,60.058
"2083",2397,1,6,24,12,-8.32000000000004,48.584
"2084",2397,1,8,26,16,-3.39600000000004,61.034
"2085",2397,1,17,16,10,15.466,26.908
"2086",2397,1,28,16,20,43.616,24.648
"2087",2397,1,5,12,24.6,49.93838,-11.95408
"2088",2397,1,15,10,8,12.572,11.85
"2089",2397,1,27,24,16,8.17599999999996,55.184
"2090",2397,1,23,14,20,42.748,17.698
"2091",2397,1,1,2,0.4,-18.02712,-25.68088
"2092",2397,1,22,20,20,38.68,38.68
"2093",2397,1,4,16,22,49.378,17.5239999999999
"2094",2397,1,26,22,14,9.91399999999992,47.85
"2095",2397,1,30,18,22,48.682,25.1779999999999
"2096",2397,1,3,10,10,16.09,16.09
"2097",2397,1,25,16,10,15.466,26.908
"2098",2397,1,29,26,16,-3.39600000000004,61.034
"2099",2397,1,2,28,28,41.272,41.272
"2100",2397,1,24,16,28,66.928,-17.192
"2101",2398,1,22,6.7,13,11.62738,10.865395
"2102",2398,1,6,14,17,35.1775,25.204
"2103",2398,1,10,14,14,27.706,27.706
"2104",2398,1,13,6,13.9,9.798655,8.39522000000001
"2105",2398,1,5,28,16,-17.192,66.928
"2106",2398,1,14,14,10,17.898,23.258
"2107",2398,1,15,6.7,16,15.45238,6.41789500000001
"2108",2398,1,11,10,22,38.122,-5.17400000000008
"2109",2398,1,12,8,18,23.722,4.65200000000004
"2110",2398,1,21,9.5,18,29.0905,9.26637500000004
"2111",2398,1,23,6.4,11,8.03822,10.48128
"2112",2398,1,19,12.5,17.8,35.62062,19.052555
"2113",2398,1,20,10.7,15,26.61358,18.779195
"2114",2398,1,28,9,12,17.48,16.0115
"2115",2398,1,30,3,12,-7.228,3.6755
"2116",2398,1,7,6,21.5,18.878375,-17.2715
"2117",2398,1,8,10,13.9,23.076655,17.96122
"2118",2398,1,9,26,8.9,-34.898345,40.85722
"2119",2398,1,18,4,13.8,-0.258579999999997,3.83487999999999
"2120",2398,1,29,7,14,14.084,10.6575
"2121",2398,1,16,8.9,12,17.23222,15.802655
"2122",2398,1,17,18.5,12,15.6655,36.353375
"2123",2398,1,26,8.9,12,17.23222,15.802655
"2124",2398,1,1,4,11.5,-2.119625,5.9035
"2125",2398,1,24,11.5,12.4,22.68418,21.503695
"2126",2398,1,27,14.2,12,22.70288,27.02302
"2127",2398,1,25,11,12,21.268,20.2115
"2128",2398,1,4,28,18,-7.55799999999998,68.212
"2129",2398,1,3,20,18,31.642,42.26
"2130",2398,1,2,18,14.6,25.14038,37.98592
"2131",2399,1,1,11.5,4,5.9035,-2.119625
"2132",2399,1,27,12,14.2,27.02302,22.70288
"2133",2399,1,4,18,28,68.212,-7.55799999999998
"2134",2399,1,30,12,3,3.6755,-7.228
"2135",2399,1,7,21.5,6,-17.2715,18.878375
"2136",2399,1,10,14,14,27.706,27.706
"2137",2399,1,11,22,10,-5.17400000000008,38.122
"2138",2399,1,13,13.9,6,8.39522000000001,9.798655
"2139",2399,1,14,10,14,23.258,17.898
"2140",2399,1,16,12,8.9,15.802655,17.23222
"2141",2399,1,19,17.8,12.5,19.052555,35.62062
"2142",2399,1,20,15,10.7,18.779195,26.61358
"2143",2399,1,22,13,6.7,10.865395,11.62738
"2144",2399,1,23,11,6.4,10.48128,8.03822
"2145",2399,1,2,14.6,18,37.98592,25.14038
"2146",2399,1,28,12,9,16.0115,17.48
"2147",2399,1,5,16,28,66.928,-17.192
"2148",2399,1,6,17,14,25.204,35.1775
"2149",2399,1,8,13.9,10,17.96122,23.076655
"2150",2399,1,9,8.9,26,40.85722,-34.898345
"2151",2399,1,12,18,8,4.65200000000004,23.722
"2152",2399,1,21,18,9.5,9.26637500000004,29.0905
"2153",2399,1,15,16,6.7,6.41789500000001,15.45238
"2154",2399,1,17,12,18.5,36.353375,15.6655
"2155",2399,1,18,13.8,4,3.83487999999999,-0.258579999999997
"2156",2399,1,29,14,7,10.6575,14.084
"2157",2399,1,26,12,8.9,15.802655,17.23222
"2158",2399,1,24,12.4,11.5,21.503695,22.68418
"2159",2399,1,3,18,20,42.26,31.642
"2160",2399,1,25,12,11,20.2115,21.268
"2161",2484,1,8,17,15,28.1785,35.3945
"2162",2484,1,23,12,10,18.106,19.652
"2163",2484,1,15,18,19,39.0655,34.04
"2164",2484,1,1,10,22,38.122,-5.17400000000008
"2165",2484,1,10,17,17,34.1605,34.1605
"2166",2484,1,9,17,17,34.1605,34.1605
"2167",2484,1,5,10.6,17,30.28082,15.17298
"2168",2484,1,24,16,10,15.466,26.908
"2169",2484,1,17,19,21,44.1185,32.3665
"2170",2484,1,16,20,19,35.1555,40.748
"2171",2484,1,28,12,10,18.106,19.652
"2172",2484,1,2,12,15,28.7435,22.172
"2173",2484,1,13,19,14,20.756,40.2135
"2174",2484,1,6,18.6,15,25.06202,39.68378
"2175",2484,1,3,20,12,10.792,39.656
"2176",2484,1,25,12,13,24.4555,22.832
"2177",2484,1,20,18,21,45.4655,28.688
"2178",2484,1,4,8,17,22.1995,7.58799999999998
"2179",2484,1,26,14,10,17.898,23.258
"2180",2484,1,21,16,19,40.7515,27.376
"2181",2484,1,11,17,19,40.1865,30.7025
"2182",2484,1,27,10,10,16.09,16.09
"2183",2484,1,22,16.5,10,14.5105,27.827375
"2184",2484,1,12,14,19,40.2135,20.756
"2185",2484,1,18,21,21,39.7565,39.7565
"2186",2484,1,7,14.1,17,35.22422,25.500955
"2187",2484,1,29,12,10,18.106,19.652
"2188",2484,1,19,17,21,46.2565,25.0205
"2189",2484,1,14,14,19,40.2135,20.756
"2190",2484,1,30,12,10,18.106,19.652
"2191",2485,1,11,19,17,30.7025,40.1865
"2192",2485,1,10,17,17,34.1605,34.1605
"2193",2485,1,18,21,21,39.7565,39.7565
"2194",2485,1,23,10,12,19.652,18.106
"2195",2485,1,8,15,17,35.3945,28.1785
"2196",2485,1,19,21,17,25.0205,46.2565
"2197",2485,1,12,19,14,20.756,40.2135
"2198",2485,1,9,17,17,34.1605,34.1605
"2199",2485,1,21,19,16,27.376,40.7515
"2200",2485,1,20,21,18,28.688,45.4655
"2201",2485,1,24,10,16,26.908,15.466
"2202",2485,1,1,22,10,-5.17400000000008,38.122
"2203",2485,1,6,15,18.6,39.68378,25.06202
"2204",2485,1,28,10,12,19.652,18.106
"2205",2485,1,13,14,19,40.2135,20.756
"2206",2485,1,7,17,14.1,25.500955,35.22422
"2207",2485,1,29,10,12,19.652,18.106
"2208",2485,1,15,19,18,34.04,39.0655
"2209",2485,1,25,13,12,22.832,24.4555
"2210",2485,1,30,10,12,19.652,18.106
"2211",2485,1,16,19,20,40.748,35.1555
"2212",2485,1,26,10,14,23.258,17.898
"2213",2485,1,5,17,10.6,15.17298,30.28082
"2214",2485,1,17,21,19,32.3665,44.1185
"2215",2485,1,22,10,16.5,27.827375,14.5105
"2216",2485,1,4,17,8,7.58799999999998,22.1995
"2217",2485,1,14,19,14,20.756,40.2135
"2218",2485,1,2,15,12,22.172,28.7435
"2219",2485,1,27,10,10,16.09,16.09
"2220",2485,1,3,12,20,39.656,10.792
"2221",2486,1,9,16,15,29.4035,32.728
"2222",2486,1,10,17,15.5,29.669875,35.2945
"2223",2486,1,11,15.5,16,32.5455,30.812375
"2224",2486,1,13,17,17,34.1605,34.1605
"2225",2486,1,2,16,15,29.4035,32.728
"2226",2486,1,14,18,18,35.882,35.882
"2227",2486,1,3,15.5,16,32.5455,30.812375
"2228",2486,1,18,22,22,40.6179999999999,40.6179999999999
"2229",2486,1,4,14,16,32.676,26.594
"2230",2486,1,30,14,15,30.1855,27.428
"2231",2486,1,29,13.5,15,30.0335,26.109875
"2232",2486,1,28,14,15,30.1855,27.428
"2233",2486,1,12,16,16,32.224,32.224
"2234",2486,1,8,14,15,30.1855,27.428
"2235",2486,1,6,15.5,14.7,28.988245,31.466405
"2236",2486,1,5,14.7,14,27.56978,29.440495
"2237",2486,1,15,19,19,37.3885,37.3885
"2238",2486,1,7,14.5,15.5,31.483625,28.442625
"2239",2486,1,19,23,23,41.2645,41.2645
"2240",2486,1,23,25,25,41.9125,41.9125
"2241",2486,1,21,25,25,41.9125,41.9125
"2242",2486,1,20,24,24,41.696,41.696
"2243",2486,1,1,14,18,37.69,23.258
"2244",2486,1,22,25,26,46.328,37.3335
"2245",2486,1,16,20,20,38.68,38.68
"2246",2486,1,26,14,14.5,28.944375,27.6365
"2247",2486,1,25,14,14,27.706,27.706
"2248",2486,1,24,25,16,2.66800000000005,58.1035
"2249",2486,1,27,14.5,14,27.6365,28.944375
"2250",2486,1,17,21,21,39.7565,39.7565
"2251",2487,1,10,15.5,17,35.2945,29.669875
"2252",2487,1,1,18,14,23.258,37.69
"2253",2487,1,9,15,16,32.728,29.4035
"2254",2487,1,13,17,17,34.1605,34.1605
"2255",2487,1,7,15.5,14.5,28.442625,31.483625
"2256",2487,1,18,22,22,40.6179999999999,40.6179999999999
"2257",2487,1,14,18,18,35.882,35.882
"2258",2487,1,8,15,14,27.428,30.1855
"2259",2487,1,19,23,23,41.2645,41.2645
"2260",2487,1,4,16,14,26.594,32.676
"2261",2487,1,3,16,15.5,30.812375,32.5455
"2262",2487,1,5,14,14.7,29.440495,27.56978
"2263",2487,1,11,16,15.5,30.812375,32.5455
"2264",2487,1,16,20,20,38.68,38.68
"2265",2487,1,15,19,19,37.3885,37.3885
"2266",2487,1,28,15,14,27.428,30.1855
"2267",2487,1,2,15,16,32.728,29.4035
"2268",2487,1,22,26,25,37.3335,46.328
"2269",2487,1,23,25,25,41.9125,41.9125
"2270",2487,1,6,14.7,15.5,31.466405,28.988245
"2271",2487,1,20,24,24,41.696,41.696
"2272",2487,1,24,16,25,58.1035,2.66800000000005
"2273",2487,1,29,15,13.5,26.109875,30.0335
"2274",2487,1,12,16,16,32.224,32.224
"2275",2487,1,30,15,14,27.428,30.1855
"2276",2487,1,27,14,14.5,28.944375,27.6365
"2277",2487,1,21,25,25,41.9125,41.9125
"2278",2487,1,17,21,21,39.7565,39.7565
"2279",2487,1,25,14,14,27.706,27.706
"2280",2487,1,26,14.5,14,27.6365,28.944375
"2281",2488,1,4,25.5,26.1,44.6409050000001,39.142145
"2282",2488,1,3,25.5,21.6,24.4815800000001,55.248095
"2283",2488,1,13,21,25.5,56.544875,21.8105000000001
"2284",2488,1,18,25.5,25.5,41.940125,41.940125
"2285",2488,1,5,25.5,22.5,28.4956250000001,52.927625
"2286",2488,1,14,25.5,21,21.8105000000001,56.544875
"2287",2488,1,1,25.7,28,52.39158,29.943695
"2288",2488,1,29,4.5,25.5,13.768625,-50.092375
"2289",2488,1,23,25.5,25.5,41.940125,41.940125
"2290",2488,1,9,16,19.9,43.329055,24.94582
"2291",2488,1,8,23,18.6,23.51578,51.36602
"2292",2488,1,19,25.5,25.5,41.940125,41.940125
"2293",2488,1,10,25.5,18.2,9.39782000000005,59.949955
"2294",2488,1,15,25.5,25.5,41.940125,41.940125
"2295",2488,1,30,17,25.5,60.074875,4.10450000000004
"2296",2488,1,11,25.5,22.1,26.7105050000001,54.014545
"2297",2488,1,6,18,27.9,67.883255,-6.84838000000001
"2298",2488,1,21,25.5,16,-0.294499999999942,59.567375
"2299",2488,1,2,25.5,26.8,47.7968200000001,35.624855
"2300",2488,1,24,25.5,25.5,41.940125,41.940125
"2301",2488,1,22,25.5,25.5,41.940125,41.940125
"2302",2488,1,26,25.5,25.5,41.940125,41.940125
"2303",2488,1,25,25.5,25.5,41.940125,41.940125
"2304",2488,1,20,25.5,25.5,41.940125,41.940125
"2305",2488,1,27,25.5,16,-0.294499999999942,59.567375
"2306",2488,1,16,25.5,25.5,41.940125,41.940125
"2307",2488,1,12,25.5,21,21.8105000000001,56.544875
"2308",2488,1,7,25.5,20.5,19.5876250000001,57.472625
"2309",2488,1,17,25.5,25.5,41.940125,41.940125
"2310",2488,1,28,25.5,25.5,41.940125,41.940125
"2311",2489,1,18,25.5,25.5,41.940125,41.940125
"2312",2489,1,3,21.6,25.5,55.248095,24.4815800000001
"2313",2489,1,13,25.5,21,21.8105000000001,56.544875
"2314",2489,1,23,25.5,25.5,41.940125,41.940125
"2315",2489,1,8,18.6,23,51.36602,23.51578
"2316",2489,1,19,25.5,25.5,41.940125,41.940125
"2317",2489,1,6,27.9,18,-6.84838000000001,67.883255
"2318",2489,1,9,19.9,16,24.94582,43.329055
"2319",2489,1,4,26.1,25.5,39.142145,44.6409050000001
"2320",2489,1,24,25.5,25.5,41.940125,41.940125
"2321",2489,1,29,25.5,4.5,-50.092375,13.768625
"2322",2489,1,10,18.2,25.5,59.949955,9.39782000000005
"2323",2489,1,25,25.5,25.5,41.940125,41.940125
"2324",2489,1,14,21,25.5,56.544875,21.8105000000001
"2325",2489,1,1,28,25.7,29.943695,52.39158
"2326",2489,1,16,25.5,25.5,41.940125,41.940125
"2327",2489,1,5,22.5,25.5,52.927625,28.4956250000001
"2328",2489,1,20,25.5,25.5,41.940125,41.940125
"2329",2489,1,7,20.5,25.5,57.472625,19.5876250000001
"2330",2489,1,22,25.5,25.5,41.940125,41.940125
"2331",2489,1,28,25.5,25.5,41.940125,41.940125
"2332",2489,1,2,26.8,25.5,35.624855,47.7968200000001
"2333",2489,1,30,25.5,17,4.10450000000004,60.074875
"2334",2489,1,11,22.1,25.5,54.014545,26.7105050000001
"2335",2489,1,26,25.5,25.5,41.940125,41.940125
"2336",2489,1,15,25.5,25.5,41.940125,41.940125
"2337",2489,1,12,21,25.5,56.544875,21.8105000000001
"2338",2489,1,17,25.5,25.5,41.940125,41.940125
"2339",2489,1,27,16,25.5,59.567375,-0.294499999999942
"2340",2489,1,21,16,25.5,59.567375,-0.294499999999942
"2341",2490,1,26,16,17,35.0555,31.164
"2342",2490,1,3,10,18,30.602,10.81
"2343",2490,1,13,16,14,26.594,32.676
"2344",2490,1,8,22,18,25.1779999999999,48.682
"2345",2490,1,27,18,16,29.548,37.898
"2346",2490,1,18,16,16,32.224,32.224
"2347",2490,1,30,14.9,16,32.74782,29.122055
"2348",2490,1,4,18,18,35.882,35.882
"2349",2490,1,24,18,18,35.882,35.882
"2350",2490,1,29,18,16,29.548,37.898
"2351",2490,1,9,16,18,37.898,29.548
"2352",2490,1,25,15,18,38.072,26.3975
"2353",2490,1,7,16,20,43.616,24.648
"2354",2490,1,22,18,18,35.882,35.882
"2355",2490,1,10,16,15,29.4035,32.728
"2356",2490,1,5,20,18,31.642,42.26
"2357",2490,1,14,18,20,42.26,31.642
"2358",2490,1,19,18,16,29.548,37.898
"2359",2490,1,6,16,18,37.898,29.548
"2360",2490,1,21,10,27,47.7695,-37.6640000000001
"2361",2490,1,28,16,16,32.224,32.224
"2362",2490,1,1,18,28,68.212,-7.55799999999998
"2363",2490,1,11,16,19,40.7515,27.376
"2364",2490,1,16,28,18,-7.55799999999998,68.212
"2365",2490,1,2,12,18,35.258,17.012
"2366",2490,1,23,16,16,32.224,32.224
"2367",2490,1,17,18,18,35.882,35.882
"2368",2490,1,15,13,20,41.48,14.2395
"2369",2490,1,20,16,18,37.898,29.548
"2370",2490,1,12,14,18,37.69,23.258
"2371",2491,1,10,15,16,32.728,29.4035
"2372",2491,1,29,16,18,37.898,29.548
"2373",2491,1,14,20,18,31.642,42.26
"2374",2491,1,3,18,10,10.81,30.602
"2375",2491,1,19,16,18,37.898,29.548
"2376",2491,1,9,18,16,29.548,37.898
"2377",2491,1,30,16,14.9,29.122055,32.74782
"2378",2491,1,11,19,16,27.376,40.7515
"2379",2491,1,26,17,16,31.164,35.0555
"2380",2491,1,15,20,13,14.2395,41.48
"2381",2491,1,4,18,18,35.882,35.882
"2382",2491,1,24,18,18,35.882,35.882
"2383",2491,1,6,18,16,29.548,37.898
"2384",2491,1,13,14,16,32.676,26.594
"2385",2491,1,25,18,15,26.3975,38.072
"2386",2491,1,8,18,22,48.682,25.1779999999999
"2387",2491,1,27,16,18,37.898,29.548
"2388",2491,1,16,18,28,68.212,-7.55799999999998
"2389",2491,1,5,18,20,42.26,31.642
"2390",2491,1,20,18,16,29.548,37.898
"2391",2491,1,1,28,18,-7.55799999999998,68.212
"2392",2491,1,22,18,18,35.882,35.882
"2393",2491,1,23,16,16,32.224,32.224
"2394",2491,1,12,18,14,23.258,37.69
"2395",2491,1,7,20,16,24.648,43.616
"2396",2491,1,17,18,18,35.882,35.882
"2397",2491,1,2,18,12,17.012,35.258
"2398",2491,1,28,16,16,32.224,32.224
"2399",2491,1,21,27,10,-37.6640000000001,47.7695
"2400",2491,1,18,16,16,32.224,32.224
"2401",2492,1,13,20,18,31.642,42.26
"2402",2492,1,10,22,20,32.8759999999999,45.762
"2403",2492,1,3,18,22,48.682,25.1779999999999
"2404",2492,1,29,14,15,30.1855,27.428
"2405",2492,1,14,18,21.7,47.715895,26.28938
"2406",2492,1,24,20,18,31.642,42.26
"2407",2492,1,19,20,22,45.762,32.8759999999999
"2408",2492,1,8,14,20,42.748,17.698
"2409",2492,1,9,20,23,49.3195,29.14
"2410",2492,1,30,14,13,25.2375,27.428
"2411",2492,1,11,23,22.4,38.83168,43.27582
"2412",2492,1,26,18.5,17.5,33.401625,38.143625
"2413",2492,1,15,26,20,14.596,60.058
"2414",2492,1,4,23,18,21.112,51.9095
"2415",2492,1,23,16,20,43.616,24.648
"2416",2492,1,6,20,26,60.058,14.596
"2417",2492,1,18,18,18,35.882,35.882
"2418",2492,1,25,16,19,40.7515,27.376
"2419",2492,1,7,28,23,16.7195,61.692
"2420",2492,1,27,16,18,37.898,29.548
"2421",2492,1,16,22,23,44.5054999999999,37.212
"2422",2492,1,5,20,23,49.3195,29.14
"2423",2492,1,20,16,20,43.616,24.648
"2424",2492,1,1,18,15,26.3975,38.072
"2425",2492,1,22,15,14,27.428,30.1855
"2426",2492,1,12,16,20,43.616,24.648
"2427",2492,1,28,14,16,32.676,26.594
"2428",2492,1,17,16,25,58.1035,2.66800000000005
"2429",2492,1,2,28,18,-7.55799999999998,68.212
"2430",2492,1,21,17,20,43.216,28.1395
"2431",2493,1,19,22,20,32.8759999999999,45.762
"2432",2493,1,11,22.4,23,43.27582,38.83168
"2433",2493,1,16,23,22,37.212,44.5054999999999
"2434",2493,1,14,21.7,18,26.28938,47.715895
"2435",2493,1,8,20,14,17.698,42.748
"2436",2493,1,29,15,14,27.428,30.1855
"2437",2493,1,15,20,26,60.058,14.596
"2438",2493,1,20,20,16,24.648,43.616
"2439",2493,1,30,13,14,27.428,25.2375
"2440",2493,1,3,22,18,25.1779999999999,48.682
"2441",2493,1,10,20,22,45.762,32.8759999999999
"2442",2493,1,25,19,16,27.376,40.7515
"2443",2493,1,12,20,16,24.648,43.616
"2444",2493,1,17,25,16,2.66800000000005,58.1035
"2445",2493,1,26,17.5,18.5,38.143625,33.401625
"2446",2493,1,21,20,17,28.1395,43.216
"2447",2493,1,9,23,20,29.14,49.3195
"2448",2493,1,24,18,20,42.26,31.642
"2449",2493,1,6,26,20,14.596,60.058
"2450",2493,1,22,14,15,30.1855,27.428
"2451",2493,1,2,18,28,68.212,-7.55799999999998
"2452",2493,1,7,23,28,61.692,16.7195
"2453",2493,1,27,18,16,29.548,37.898
"2454",2493,1,1,15,18,38.072,26.3975
"2455",2493,1,13,18,20,42.26,31.642
"2456",2493,1,4,18,23,51.9095,21.112
"2457",2493,1,23,20,16,24.648,43.616
"2458",2493,1,18,18,18,35.882,35.882
"2459",2493,1,28,16,14,26.594,32.676
"2460",2493,1,5,23,20,29.14,49.3195
"2461",2494,1,10,20,15,21.1675,43.46
"2462",2494,1,4,16,14,26.594,32.676
"2463",2494,1,14,10,8,12.572,11.85
"2464",2494,1,19,14,15,30.1855,27.428
"2465",2494,1,16,20,14,17.698,42.748
"2466",2494,1,5,14,18,37.69,23.258
"2467",2494,1,20,14,13,25.2375,27.428
"2468",2494,1,1,18,8,4.65200000000004,23.722
"2469",2494,1,29,10,10,16.09,16.09
"2470",2494,1,3,14,15,30.1855,27.428
"2471",2494,1,9,20,20,38.68,38.68
"2472",2494,1,24,11,15,27.1885,19.5605
"2473",2494,1,11,20,15,21.1675,43.46
"2474",2494,1,26,28,20,2.12000000000002,67.272
"2475",2494,1,15,14,10,17.898,23.258
"2476",2494,1,30,10,5,7.37749999999999,1.32
"2477",2494,1,17,20,14,17.698,42.748
"2478",2494,1,6,19,14,20.756,40.2135
"2479",2494,1,21,12,14,26.594,22.78
"2480",2494,1,2,18,10,10.81,30.602
"2481",2494,1,7,14,19,40.2135,20.756
"2482",2494,1,27,20,19,35.1555,40.748
"2483",2494,1,22,14,10,17.898,23.258
"2484",2494,1,25,11,10,17.376,17.8655
"2485",2494,1,12,14,20,42.748,17.698
"2486",2494,1,23,13,10,18.28,21.4495
"2487",2494,1,8,20,20,38.68,38.68
"2488",2494,1,18,20,14,17.698,42.748
"2489",2494,1,28,12,18,35.258,17.012
"2490",2494,1,13,20,10,3.93000000000003,34.34
"2491",2495,1,3,15,14,27.428,30.1855
"2492",2495,1,14,8,10,11.85,12.572
"2493",2495,1,24,15,11,19.5605,27.1885
"2494",2495,1,19,15,14,27.428,30.1855
"2495",2495,1,15,10,14,23.258,17.898
"2496",2495,1,4,14,16,32.676,26.594
"2497",2495,1,11,15,20,43.46,21.1675
"2498",2495,1,6,14,19,40.2135,20.756
"2499",2495,1,5,18,14,23.258,37.69
"2500",2495,1,9,20,20,38.68,38.68
"2501",2495,1,7,19,14,20.756,40.2135
"2502",2495,1,29,10,10,16.09,16.09
"2503",2495,1,10,15,20,43.46,21.1675
"2504",2495,1,25,10,11,17.8655,17.376
"2505",2495,1,20,13,14,27.428,25.2375
"2506",2495,1,1,8,18,23.722,4.65200000000004
"2507",2495,1,16,14,20,42.748,17.698
"2508",2495,1,21,14,12,22.78,26.594
"2509",2495,1,12,20,14,17.698,42.748
"2510",2495,1,23,10,13,21.4495,18.28
"2511",2495,1,22,10,14,23.258,17.898
"2512",2495,1,8,20,20,38.68,38.68
"2513",2495,1,2,10,18,30.602,10.81
"2514",2495,1,30,5,10,1.32,7.37749999999999
"2515",2495,1,17,14,20,42.748,17.698
"2516",2495,1,26,20,28,67.272,2.12000000000002
"2517",2495,1,13,10,20,34.34,3.93000000000003
"2518",2495,1,18,14,20,42.748,17.698
"2519",2495,1,28,18,12,17.012,35.258
"2520",2495,1,27,19,20,40.748,35.1555
"2521",2496,1,5,20,18,31.642,42.26
"2522",2496,1,6,16,28,66.928,-17.192
"2523",2496,1,14,18,18,35.882,35.882
"2524",2496,1,10,16,28,66.928,-17.192
"2525",2496,1,4,18,28,68.212,-7.55799999999998
"2526",2496,1,1,18,28,68.212,-7.55799999999998
"2527",2496,1,19,24,16,8.17599999999996,55.184
"2528",2496,1,2,22,28,64.1079999999999,11.842
"2529",2496,1,7,18,18,35.882,35.882
"2530",2496,1,11,16,18,37.898,29.548
"2531",2496,1,25,16,20,43.616,24.648
"2532",2496,1,8,16,28,66.928,-17.192
"2533",2496,1,9,28,18,-7.55799999999998,68.212
"2534",2496,1,29,18,16,29.548,37.898
"2535",2496,1,3,28,18,-7.55799999999998,68.212
"2536",2496,1,16,20,16.5,26.392375,43.4855
"2537",2496,1,15,20,16.5,26.392375,43.4855
"2538",2496,1,20,14,24,52.996,-0.0940000000000509
"2539",2496,1,26,18,16,29.548,37.898
"2540",2496,1,28,18,14,23.258,37.69
"2541",2496,1,27,16.9,16,31.29502,34.771855
"2542",2496,1,12,18,14,23.258,37.69
"2543",2496,1,23,16.5,16,31.7635,33.638375
"2544",2496,1,17,16,18,37.898,29.548
"2545",2496,1,13,18,16,29.548,37.898
"2546",2496,1,24,12,16,30.904,21.008
"2547",2496,1,18,18,16,29.548,37.898
"2548",2496,1,22,20,24,52.888,24.848
"2549",2496,1,30,16,18,37.898,29.548
"2550",2496,1,21,18,24,55.148,16.49
"2551",2497,1,14,18,18,35.882,35.882
"2552",2497,1,4,28,18,-7.55799999999998,68.212
"2553",2497,1,7,18,18,35.882,35.882
"2554",2497,1,6,28,16,-17.192,66.928
"2555",2497,1,5,18,20,42.26,31.642
"2556",2497,1,15,16.5,20,43.4855,26.392375
"2557",2497,1,9,18,28,68.212,-7.55799999999998
"2558",2497,1,30,18,16,29.548,37.898
"2559",2497,1,11,18,16,29.548,37.898
"2560",2497,1,10,28,16,-17.192,66.928
"2561",2497,1,8,28,16,-17.192,66.928
"2562",2497,1,12,14,18,37.69,23.258
"2563",2497,1,24,16,12,21.008,30.904
"2564",2497,1,16,16.5,20,43.4855,26.392375
"2565",2497,1,26,16,18,37.898,29.548
"2566",2497,1,25,20,16,24.648,43.616
"2567",2497,1,23,16,16.5,33.638375,31.7635
"2568",2497,1,19,16,24,55.184,8.17599999999996
"2569",2497,1,3,18,28,68.212,-7.55799999999998
"2570",2497,1,2,28,22,11.842,64.1079999999999
"2571",2497,1,1,28,18,-7.55799999999998,68.212
"2572",2497,1,27,16,16.9,34.771855,31.29502
"2573",2497,1,13,16,18,37.898,29.548
"2574",2497,1,28,14,18,37.69,23.258
"2575",2497,1,17,18,16,29.548,37.898
"2576",2497,1,29,16,18,37.898,29.548
"2577",2497,1,18,16,18,37.898,29.548
"2578",2497,1,20,24,14,-0.0940000000000509,52.996
"2579",2497,1,21,24,18,16.49,55.148
"2580",2497,1,22,24,20,24.848,52.888
"2581",2498,1,28,10,12,19.652,18.106
"2582",2498,1,4,10.7,20,36.45358,6.32669500000003
"2583",2498,1,29,11,12.6,22.44418,20.48162
"2584",2498,1,17,21.5,21,38.3185,41.610875
"2585",2498,1,27,6,10,5.386,9.09799999999999
"2586",2498,1,9,16.5,18,37.6025,31.127375
"2587",2498,1,14,20,19.5,36.916375,39.7835000000001
"2588",2498,1,26,10,10,16.09,16.09
"2589",2498,1,5,16.3,12,20.55038,31.554295
"2590",2498,1,15,20.5,20,37.4375,40.446375
"2591",2498,1,1,18,14,23.258,37.69
"2592",2498,1,6,16.9,13.5,23.893145,34.618105
"2593",2498,1,16,21,20.5,37.904875,41.0555
"2594",2498,1,2,20,8,-2.88799999999997,26.8
"2595",2498,1,24,22,18,25.1779999999999,48.682
"2596",2498,1,18,22,21.5,38.6783749999999,42.1125
"2597",2498,1,3,12,8.5,14.968375,16.1855
"2598",2498,1,25,18,14,23.258,37.69
"2599",2498,1,30,13,13,25.1245,25.1245
"2600",2498,1,7,17.5,14.5,25.827625,36.651625
"2601",2498,1,11,18.5,18,35.0305000000001,37.472375
"2602",2498,1,10,18.5,17,31.7755,38.675875
"2603",2498,1,22,22,22,40.6179999999999,40.6179999999999
"2604",2498,1,19,22,22,40.6179999999999,40.6179999999999
"2605",2498,1,12,19,18.5,35.712875,38.2965
"2606",2498,1,23,22,22,40.6179999999999,40.6179999999999
"2607",2498,1,8,18,15.5,27.971375,38.0545
"2608",2498,1,13,19.5,19,36.3415000000001,39.066875
"2609",2498,1,21,22,22.5,42.5603749999999,38.9845000000001
"2610",2498,1,20,22.5,22,38.9845000000001,42.5603749999999
"2611",2499,1,1,14,18,37.69,23.258
"2612",2499,1,17,21,21.5,41.610875,38.3185
"2613",2499,1,12,18.5,19,38.2965,35.712875
"2614",2499,1,2,8,20,26.8,-2.88799999999997
"2615",2499,1,24,18,22,48.682,25.1779999999999
"2616",2499,1,13,19,19.5,39.066875,36.3415000000001
"2617",2499,1,19,22,22,40.6179999999999,40.6179999999999
"2618",2499,1,9,18,16.5,31.127375,37.6025
"2619",2499,1,4,20,10.7,6.32669500000003,36.45358
"2620",2499,1,20,22,22.5,42.5603749999999,38.9845000000001
"2621",2499,1,10,17,18.5,38.675875,31.7755
"2622",2499,1,5,12,16.3,31.554295,20.55038
"2623",2499,1,27,10,6,9.09799999999999,5.386
"2624",2499,1,11,18,18.5,37.472375,35.0305000000001
"2625",2499,1,6,13.5,16.9,34.618105,23.893145
"2626",2499,1,28,12,10,18.106,19.652
"2627",2499,1,25,14,18,37.69,23.258
"2628",2499,1,18,21.5,22,42.1125,38.6783749999999
"2629",2499,1,29,12.6,11,20.48162,22.44418
"2630",2499,1,3,8.5,12,16.1855,14.968375
"2631",2499,1,15,20,20.5,40.446375,37.4375
"2632",2499,1,14,19.5,20,39.7835000000001,36.916375
"2633",2499,1,7,14.5,17.5,36.651625,25.827625
"2634",2499,1,26,10,10,16.09,16.09
"2635",2499,1,22,22,22,40.6179999999999,40.6179999999999
"2636",2499,1,21,22.5,22,38.9845000000001,42.5603749999999
"2637",2499,1,30,13,13,25.1245,25.1245
"2638",2499,1,16,20.5,21,41.0555,37.904875
"2639",2499,1,8,15.5,18,38.0545,27.971375
"2640",2499,1,23,22,22,40.6179999999999,40.6179999999999
"2641",2686,1,6,14,14.4,28.69648,27.66152
"2642",2686,1,28,14,12,22.78,26.594
"2643",2686,1,7,16,17,35.0555,31.164
"2644",2686,1,5,12,10,18.106,19.652
"2645",2686,1,2,16,16,32.224,32.224
"2646",2686,1,13,17,8,7.58799999999998,22.1995
"2647",2686,1,14,13,10,18.28,21.4495
"2648",2686,1,16,13,20,41.48,14.2395
"2649",2686,1,10,18,12,17.012,35.258
"2650",2686,1,19,12,16,30.904,21.008
"2651",2686,1,22,14,18,37.69,23.258
"2652",2686,1,23,14,14,27.706,27.706
"2653",2686,1,25,14,13,25.2375,27.428
"2654",2686,1,26,14,11.5,21.555375,25.9685
"2655",2686,1,3,17,12,19.288,33.0755
"2656",2686,1,29,15,11.8,21.64882,28.47698
"2657",2686,1,8,19,13,17.4625,39.1105
"2658",2686,1,9,16,20,43.616,24.648
"2659",2686,1,11,13,10,18.28,21.4495
"2660",2686,1,12,16,16,32.224,32.224
"2661",2686,1,15,12,13,24.4555,22.832
"2662",2686,1,17,14,10,17.898,23.258
"2663",2686,1,18,13,11,20.5505,23.2305
"2664",2686,1,20,11,10,17.376,17.8655
"2665",2686,1,21,13,14,27.428,25.2375
"2666",2686,1,24,15,12.6,23.74418,29.40962
"2667",2686,1,1,18,12,17.012,35.258
"2668",2686,1,27,13,18,36.752,20.1295
"2669",2686,1,4,13,18,36.752,20.1295
"2670",2686,1,30,16,10.7,17.400695,28.55958
"2671",2687,1,29,11.8,15,28.47698,21.64882
"2672",2687,1,28,12,14,26.594,22.78
"2673",2687,1,27,18,13,20.1295,36.752
"2674",2687,1,6,14.4,14,27.66152,28.69648
"2675",2687,1,4,18,13,20.1295,36.752
"2676",2687,1,7,17,16,31.164,35.0555
"2677",2687,1,30,10.7,16,28.55958,17.400695
"2678",2687,1,5,10,12,19.652,18.106
"2679",2687,1,14,10,13,21.4495,18.28
"2680",2687,1,15,13,12,22.832,24.4555
"2681",2687,1,2,16,16,32.224,32.224
"2682",2687,1,13,8,17,22.1995,7.58799999999998
"2683",2687,1,22,18,14,23.258,37.69
"2684",2687,1,23,14,14,27.706,27.706
"2685",2687,1,24,12.6,15,29.40962,23.74418
"2686",2687,1,1,12,18,35.258,17.012
"2687",2687,1,3,12,17,33.0755,19.288
"2688",2687,1,11,10,13,21.4495,18.28
"2689",2687,1,12,16,16,32.224,32.224
"2690",2687,1,8,13,19,39.1105,17.4625
"2691",2687,1,10,12,18,35.258,17.012
"2692",2687,1,19,16,12,21.008,30.904
"2693",2687,1,20,10,11,17.8655,17.376
"2694",2687,1,16,20,13,14.2395,41.48
"2695",2687,1,17,10,14,23.258,17.898
"2696",2687,1,26,11.5,14,25.9685,21.555375
"2697",2687,1,18,11,13,23.2305,20.5505
"2698",2687,1,21,14,13,25.2375,27.428
"2699",2687,1,25,13,14,27.428,25.2375
"2700",2687,1,9,20,16,24.648,43.616
"2701",2688,1,7,12,10.1,18.316055,19.83862
"2702",2688,1,29,16,18.5,39.323375,28.5315
"2703",2688,1,2,14,18.4,38.69808,22.32392
"2704",2688,1,6,12,12.9,24.242255,22.80662
"2705",2688,1,28,16,10.9,17.954455,28.98142
"2706",2688,1,1,8,26.9,37.756855,-45.9729799999999
"2707",2688,1,5,12,4.9,7.539055,2.76182
"2708",2688,1,27,16,19.3,41.609695,26.61598
"2709",2688,1,9,16,18.5,39.323375,28.5315
"2710",2688,1,30,16,12.8,23.23712,31.87968
"2711",2688,1,8,14,14.8,29.68872,27.52808
"2712",2688,1,4,8,22.5,30.709375,-15.4404999999999
"2713",2688,1,16,16,14.8,28.84072,32.76208
"2714",2688,1,26,10,18.7,31.905295,8.65497999999998
"2715",2688,1,3,16,10.9,17.954455,28.98142
"2716",2688,1,14,16,11.8,20.45182,30.60448
"2717",2688,1,23,16,16.8,34.48832,31.42048
"2718",2688,1,25,18,22.5,50.294375,23.2145000000001
"2719",2688,1,10,18,24.7,57.421495,12.92378
"2720",2688,1,13,16,12.7,22.958095,31.77718
"2721",2688,1,12,14,18.2,38.19382,22.80208
"2722",2688,1,15,16,18.9,40.465655,27.61822
"2723",2688,1,17,16,16.8,34.48832,31.42048
"2724",2688,1,19,16,16.4,33.35528,31.86672
"2725",2688,1,22,14,13.5,26.470375,27.6365
"2726",2688,1,21,10,17.9,30.416255,11.09562
"2727",2688,1,24,16,18.6,39.60878,28.31152
"2728",2688,1,11,16,15.8,31.65902,32.36928
"2729",2688,1,20,16,24.1,55.475455,7.65021999999999
"2730",2688,1,18,16,14.5,27.997375,32.7715
"2731",2689,1,30,12.8,16,31.87968,23.23712
"2732",2689,1,6,12.9,12,22.80662,24.242255
"2733",2689,1,4,22.5,8,-15.4404999999999,30.709375
"2734",2689,1,7,10.1,12,19.83862,18.316055
"2735",2689,1,5,4.9,12,2.76182,7.539055
"2736",2689,1,29,18.5,16,28.5315,39.323375
"2737",2689,1,2,18.4,14,22.32392,38.69808
"2738",2689,1,3,10.9,16,28.98142,17.954455
"2739",2689,1,13,12.7,16,31.77718,22.958095
"2740",2689,1,28,10.9,16,28.98142,17.954455
"2741",2689,1,27,19.3,16,26.61598,41.609695
"2742",2689,1,26,18.7,10,8.65497999999998,31.905295
"2743",2689,1,1,26.9,8,-45.9729799999999,37.756855
"2744",2689,1,8,14.8,14,27.52808,29.68872
"2745",2689,1,16,14.8,16,32.76208,28.84072
"2746",2689,1,9,18.5,16,28.5315,39.323375
"2747",2689,1,17,16.8,16,31.42048,34.48832
"2748",2689,1,10,24.7,18,12.92378,57.421495
"2749",2689,1,14,11.8,16,30.60448,20.45182
"2750",2689,1,25,22.5,18,23.2145000000001,50.294375
"2751",2689,1,24,18.6,16,28.31152,39.60878
"2752",2689,1,18,14.5,16,32.7715,27.997375
"2753",2689,1,22,13.5,14,27.6365,26.470375
"2754",2689,1,15,18.9,16,27.61822,40.465655
"2755",2689,1,12,18.2,14,22.80208,38.19382
"2756",2689,1,21,17.9,10,11.09562,30.416255
"2757",2689,1,23,16.8,16,31.42048,34.48832
"2758",2689,1,20,24.1,16,7.65021999999999,55.475455
"2759",2689,1,11,15.8,16,32.36928,31.65902
"2760",2689,1,19,16.4,16,31.86672,33.35528
"2761",2690,1,9,8,18,23.722,4.65200000000004
"2762",2690,1,7,16,18,37.898,29.548
"2763",2690,1,6,14,28,63.42,-26.782
"2764",2690,1,8,16,18,37.898,29.548
"2765",2690,1,30,11.9,12,22.24702,22.115855
"2766",2690,1,29,14,11,20.3335,25.204
"2767",2690,1,10,12,18,35.258,17.012
"2768",2690,1,4,24,18,16.49,55.148
"2769",2690,1,28,11.9,27.2,55.52134,-30.4776649999999
"2770",2690,1,3,20,28,67.272,2.12000000000002
"2771",2690,1,26,11.8,14.7,27.840875,21.8995
"2772",2690,1,5,12,16,30.904,21.008
"2773",2690,1,11,12.1,12,22.40342,22.540255
"2774",2690,1,1,8,2,0.682000000000007,-15.092
"2775",2690,1,12,14,18,37.69,23.258
"2776",2690,1,17,27.9,11,-40.25938,53.774755
"2777",2690,1,2,10,2,2.28199999999999,-14.214
"2778",2690,1,14,13,14,27.428,25.2375
"2779",2690,1,27,7.5,14,15.9605,11.857375
"2780",2690,1,25,11.9,14.2,26.90574,22.454435
"2781",2690,1,13,14.8,14,27.52808,29.68872
"2782",2690,1,22,9.6,13,20.58142,17.37488
"2783",2690,1,16,11.9,22,43.85202,1.97085499999992
"2784",2690,1,15,9,13,19.1125,16.0205
"2785",2690,1,19,10,13,21.4495,18.28
"2786",2690,1,18,11.9,11,20.14702,21.072355
"2787",2690,1,23,11.8,14,26.36048,22.28982
"2788",2690,1,21,13,14.6,28.81538,25.03842
"2789",2690,1,24,13,11.8,22.37482,24.25498
"2790",2690,1,20,11.9,18,35.07802,16.700855
"2791",2691,1,11,12,12.1,22.540255,22.40342
"2792",2691,1,12,18,14,23.258,37.69
"2793",2691,1,7,18,16,29.548,37.898
"2794",2691,1,8,18,16,29.548,37.898
"2795",2691,1,4,18,24,55.148,16.49
"2796",2691,1,30,12,11.9,22.115855,22.24702
"2797",2691,1,6,28,14,-26.782,63.42
"2798",2691,1,14,14,13,25.2375,27.428
"2799",2691,1,10,18,12,17.012,35.258
"2800",2691,1,13,14,14.8,29.68872,27.52808
"2801",2691,1,5,16,12,21.008,30.904
"2802",2691,1,29,11,14,25.204,20.3335
"2803",2691,1,9,18,8,4.65200000000004,23.722
"2804",2691,1,15,13,9,16.0205,19.1125
"2805",2691,1,28,27.2,11.9,-30.4776649999999,55.52134
"2806",2691,1,27,14,7.5,11.857375,15.9605
"2807",2691,1,3,28,20,2.12000000000002,67.272
"2808",2691,1,19,13,10,18.28,21.4495
"2809",2691,1,22,13,9.6,17.37488,20.58142
"2810",2691,1,16,22,11.9,1.97085499999992,43.85202
"2811",2691,1,2,2,10,-14.214,2.28199999999999
"2812",2691,1,26,14.7,11.8,21.8995,27.840875
"2813",2691,1,18,11,11.9,21.072355,20.14702
"2814",2691,1,23,14,11.8,22.28982,26.36048
"2815",2691,1,25,14.2,11.9,22.454435,26.90574
"2816",2691,1,17,11,27.9,53.774755,-40.25938
"2817",2691,1,1,2,8,-15.092,0.682000000000007
"2818",2691,1,20,18,11.9,16.700855,35.07802
"2819",2691,1,21,14.6,13,25.03842,28.81538
"2820",2691,1,24,11.8,13,24.25498,22.37482
"2821",2692,1,11,26,18,5.57799999999996,61.658
"2822",2692,1,10,22,19,29.0214999999999,47.5
"2823",2692,1,6,24,18,16.49,55.148
"2824",2692,1,9,20,10,3.93000000000003,34.34
"2825",2692,1,12,8,22,29.922,-12.6520000000001
"2826",2692,1,13,10,12,19.652,18.106
"2827",2692,1,8,12,22,44.098,2.34799999999993
"2828",2692,1,4,28,26,31.418,51.108
"2829",2692,1,5,20,28,67.272,2.12000000000002
"2830",2692,1,30,6,16,12.244,4.51400000000001
"2831",2692,1,14,10,26,45.818,-30.054
"2832",2692,1,7,10,19,32.4655,7.64800000000004
"2833",2692,1,28,24,24,41.696,41.696
"2834",2692,1,29,16,24,55.184,8.17599999999996
"2835",2692,1,3,26,20,14.596,60.058
"2836",2692,1,26,24,24,41.696,41.696
"2837",2692,1,15,18,26,61.658,5.57799999999996
"2838",2692,1,27,24,24,41.696,41.696
"2839",2692,1,2,26,28,51.108,31.418
"2840",2692,1,1,26,26,41.914,41.914
"2841",2692,1,22,24,24,41.696,41.696
"2842",2692,1,23,24,24,41.696,41.696
"2843",2692,1,16,22,26,56.2339999999999,23.658
"2844",2692,1,21,24,26,50.186,32.764
"2845",2692,1,17,26,24,32.764,50.186
"2846",2692,1,19,26,24,32.764,50.186
"2847",2692,1,24,24,24,41.696,41.696
"2848",2692,1,25,24,24,41.696,41.696
"2849",2692,1,20,28,26,31.418,51.108
"2850",2692,1,18,22,26,56.2339999999999,23.658
"2851",2693,1,13,12,10,18.106,19.652
"2852",2693,1,11,18,26,61.658,5.57799999999996
"2853",2693,1,6,18,24,55.148,16.49
"2854",2693,1,7,19,10,7.64800000000004,32.4655
"2855",2693,1,12,22,8,-12.6520000000001,29.922
"2856",2693,1,14,26,10,-30.054,45.818
"2857",2693,1,10,19,22,47.5,29.0214999999999
"2858",2693,1,15,26,18,5.57799999999996,61.658
"2859",2693,1,8,22,12,2.34799999999993,44.098
"2860",2693,1,9,10,20,34.34,3.93000000000003
"2861",2693,1,30,16,6,4.51400000000001,12.244
"2862",2693,1,29,24,16,8.17599999999996,55.184
"2863",2693,1,4,26,28,51.108,31.418
"2864",2693,1,16,26,22,23.658,56.2339999999999
"2865",2693,1,5,28,20,2.12000000000002,67.272
"2866",2693,1,28,24,24,41.696,41.696
"2867",2693,1,2,28,26,31.418,51.108
"2868",2693,1,3,20,26,60.058,14.596
"2869",2693,1,24,24,24,41.696,41.696
"2870",2693,1,17,24,26,50.186,32.764
"2871",2693,1,1,26,26,41.914,41.914
"2872",2693,1,26,24,24,41.696,41.696
"2873",2693,1,27,24,24,41.696,41.696
"2874",2693,1,23,24,24,41.696,41.696
"2875",2693,1,18,26,22,23.658,56.2339999999999
"2876",2693,1,19,24,26,50.186,32.764
"2877",2693,1,22,24,24,41.696,41.696
"2878",2693,1,25,24,24,41.696,41.696
"2879",2693,1,21,26,24,32.764,50.186
"2880",2693,1,20,26,28,51.108,31.418
"2881",2694,1,7,18,11,13.9055,33.208
"2882",2694,1,10,16,14,26.594,32.676
"2883",2694,1,11,9,14,20.756,15.4735
"2884",2694,1,30,0,9.9,-27.361945,-1.05418
"2885",2694,1,14,10,10,16.09,16.09
"2886",2694,1,6,14,10,17.898,23.258
"2887",2694,1,8,10,14,23.258,17.898
"2888",2694,1,13,12,11,20.2115,21.268
"2889",2694,1,5,10,16,26.908,15.466
"2890",2694,1,29,0,9.9,-27.361945,-1.05418
"2891",2694,1,15,12,10,18.106,19.652
"2892",2694,1,9,13,14,27.428,25.2375
"2893",2694,1,12,16,10.5,16.847375,28.1155
"2894",2694,1,28,0,9.9,-27.361945,-1.05418
"2895",2694,1,4,20,14,17.698,42.748
"2896",2694,1,3,18,11,13.9055,33.208
"2897",2694,1,16,10,11,17.8655,17.376
"2898",2694,1,22,0,10,-27.35,-1.06000000000001
"2899",2694,1,2,12,26,53.114,-21.212
"2900",2694,1,26,0,9.9,-27.361945,-1.05418
"2901",2694,1,18,12,10,18.106,19.652
"2902",2694,1,21,0,11,-27.2245,-1.42400000000001
"2903",2694,1,17,8,10,11.85,12.572
"2904",2694,1,25,0,9.9,-27.361945,-1.05418
"2905",2694,1,1,22,26,56.2339999999999,23.658
"2906",2694,1,27,0,9.9,-27.361945,-1.05418
"2907",2694,1,23,0,10,-27.35,-1.06000000000001
"2908",2694,1,24,0,10,-27.35,-1.06000000000001
"2909",2694,1,19,12,11,20.2115,21.268
"2910",2694,1,20,0,11,-27.2245,-1.42400000000001
"2911",2695,1,11,14,9,15.4735,20.756
"2912",2695,1,7,11,18,33.208,13.9055
"2913",2695,1,10,14,16,32.676,26.594
"2914",2695,1,8,14,10,17.898,23.258
"2915",2695,1,13,11,12,21.268,20.2115
"2916",2695,1,12,10.5,16,28.1155,16.847375
"2917",2695,1,16,11,10,17.376,17.8655
"2918",2695,1,15,10,12,19.652,18.106
"2919",2695,1,9,14,13,25.2375,27.428
"2920",2695,1,18,10,12,19.652,18.106
"2921",2695,1,6,10,14,23.258,17.898
"2922",2695,1,4,14,20,42.748,17.698
"2923",2695,1,17,10,8,12.572,11.85
"2924",2695,1,29,9.9,0,-1.05418,-27.361945
"2925",2695,1,14,10,10,16.09,16.09
"2926",2695,1,19,11,12,21.268,20.2115
"2927",2695,1,30,9.9,0,-1.05418,-27.361945
"2928",2695,1,20,11,0,-1.42400000000001,-27.2245
"2929",2695,1,26,9.9,0,-1.05418,-27.361945
"2930",2695,1,5,16,10,15.466,26.908
"2931",2695,1,28,9.9,0,-1.05418,-27.361945
"2932",2695,1,3,11,18,33.208,13.9055
"2933",2695,1,27,9.9,0,-1.05418,-27.361945
"2934",2695,1,21,11,0,-1.42400000000001,-27.2245
"2935",2695,1,2,26,12,-21.212,53.114
"2936",2695,1,1,26,22,23.658,56.2339999999999
"2937",2695,1,23,10,0,-1.06000000000001,-27.35
"2938",2695,1,25,9.9,0,-1.05418,-27.361945
"2939",2695,1,24,10,0,-1.06000000000001,-27.35
"2940",2695,1,22,10,0,-1.06000000000001,-27.35
"2941",2696,1,12,18,22,48.682,25.1779999999999
"2942",2696,1,20,16,28,66.928,-17.192
"2943",2696,1,11,22,28,64.1079999999999,11.842
"2944",2696,1,8,20,20,38.68,38.68
"2945",2696,1,10,20,22,45.762,32.8759999999999
"2946",2696,1,19,14,20,42.748,17.698
"2947",2696,1,16,20,16,24.648,43.616
"2948",2696,1,9,14,20,42.748,17.698
"2949",2696,1,13,22,20,32.8759999999999,45.762
"2950",2696,1,7,22,20,32.8759999999999,45.762
"2951",2696,1,6,22,12,2.34799999999993,44.098
"2952",2696,1,17,14,6,8.26600000000002,9.914
"2953",2696,1,21,16,16,32.224,32.224
"2954",2696,1,14,22,22,40.6179999999999,40.6179999999999
"2955",2696,1,22,18,18,35.882,35.882
"2956",2696,1,15,16,18,37.898,29.548
"2957",2696,1,23,20,20,38.68,38.68
"2958",2696,1,30,16,20,43.616,24.648
"2959",2696,1,5,14,22,47.85,9.91399999999992
"2960",2696,1,4,14,18,37.69,23.258
"2961",2696,1,3,18,12,17.012,35.258
"2962",2696,1,18,16,18,37.898,29.548
"2963",2696,1,28,16,26,61.034,-3.39600000000004
"2964",2696,1,29,14,20,42.748,17.698
"2965",2696,1,2,28,16,-17.192,66.928
"2966",2696,1,26,14,14,27.706,27.706
"2967",2696,1,24,22,24,48.4039999999999,33.25
"2968",2696,1,27,14,18,37.69,23.258
"2969",2696,1,25,24,16,8.17599999999996,55.184
"2970",2696,1,1,28,16,-17.192,66.928
"2971",2697,1,13,20,22,45.762,32.8759999999999
"2972",2697,1,11,28,22,11.842,64.1079999999999
"2973",2697,1,20,28,16,-17.192,66.928
"2974",2697,1,7,20,22,45.762,32.8759999999999
"2975",2697,1,10,22,20,32.8759999999999,45.762
"2976",2697,1,9,20,14,17.698,42.748
"2977",2697,1,12,22,18,25.1779999999999,48.682
"2978",2697,1,14,22,22,40.6179999999999,40.6179999999999
"2979",2697,1,16,16,20,43.616,24.648
"2980",2697,1,19,20,14,17.698,42.748
"2981",2697,1,18,18,16,29.548,37.898
"2982",2697,1,21,16,16,32.224,32.224
"2983",2697,1,6,12,22,44.098,2.34799999999993
"2984",2697,1,8,20,20,38.68,38.68
"2985",2697,1,17,6,14,9.914,8.26600000000002
"2986",2697,1,28,26,16,-3.39600000000004,61.034
"2987",2697,1,5,22,14,9.91399999999992,47.85
"2988",2697,1,15,18,16,29.548,37.898
"2989",2697,1,27,18,14,23.258,37.69
"2990",2697,1,23,20,20,38.68,38.68
"2991",2697,1,1,16,28,66.928,-17.192
"2992",2697,1,22,18,18,35.882,35.882
"2993",2697,1,4,18,14,23.258,37.69
"2994",2697,1,26,14,14,27.706,27.706
"2995",2697,1,30,20,16,24.648,43.616
"2996",2697,1,3,12,18,35.258,17.012
"2997",2697,1,25,16,24,55.184,8.17599999999996
"2998",2697,1,29,20,14,17.698,42.748
"2999",2697,1,2,16,28,66.928,-17.192
"3000",2697,1,24,24,22,33.25,48.4039999999999
"3001",2698,1,22,9,13,19.1125,16.0205
"3002",2698,1,6,19.1,15,23.79622,41.029955
"3003",2698,1,10,11.9,13,24.35802,22.603355
"3004",2698,1,13,8.5,14,19.2965,14.265375
"3005",2698,1,5,16.7,13,22.76538,33.702395
"3006",2698,1,14,11.2,14,25.52648,20.82192
"3007",2698,1,15,8.9,14,20.47522,15.231655
"3008",2698,1,11,17,13,22.2405,34.4045
"3009",2698,1,12,10.3,14,23.90018,18.627495
"3010",2698,1,21,8.4,9,11.37542,11.69408
"3011",2698,1,23,11.1,14,25.36802,20.577655
"3012",2698,1,19,10,15,25.0775,16.96
"3013",2698,1,20,10,12,19.652,18.106
"3014",2698,1,28,9.6,14,22.32392,16.92688
"3015",2698,1,30,8.7,14,19.89698,14.748295
"3016",2698,1,7,0.2,21,-23.58782,-34.94878
"3017",2698,1,8,12,13,24.4555,22.832
"3018",2698,1,9,6.7,13,11.62738,10.865395
"3019",2698,1,18,14,14,27.706,27.706
"3020",2698,1,29,9.6,14,22.32392,16.92688
"3021",2698,1,16,12,14,26.594,22.78
"3022",2698,1,17,10,14,23.258,17.898
"3023",2698,1,26,9.4,14,21.82352,16.44198
"3024",2698,1,1,14,14,27.706,27.706
"3025",2698,1,24,12.6,14,27.16112,24.25318
"3026",2698,1,27,9.5,14,22.0765,16.684375
"3027",2698,1,25,8.8,14,20.18888,14.98992
"3028",2698,1,4,2.4,22,-4.86968,-33.3563200000001
"3029",2698,1,3,28,18,-7.55799999999998,68.212
"3030",2698,1,2,20,14.5,19.431375,43.1735
"3031",2699,1,1,14,14,27.706,27.706
"3032",2699,1,27,14,9.5,16.684375,22.0765
"3033",2699,1,4,22,2.4,-33.3563200000001,-4.86968
"3034",2699,1,30,14,8.7,14.748295,19.89698
"3035",2699,1,7,21,0.2,-34.94878,-23.58782
"3036",2699,1,10,13,11.9,22.603355,24.35802
"3037",2699,1,11,13,17,34.4045,22.2405
"3038",2699,1,13,14,8.5,14.265375,19.2965
"3039",2699,1,14,14,11.2,20.82192,25.52648
"3040",2699,1,16,14,12,22.78,26.594
"3041",2699,1,19,15,10,16.96,25.0775
"3042",2699,1,20,12,10,18.106,19.652
"3043",2699,1,22,13,9,16.0205,19.1125
"3044",2699,1,23,14,11.1,20.577655,25.36802
"3045",2699,1,2,14.5,20,43.1735,19.431375
"3046",2699,1,28,14,9.6,16.92688,22.32392
"3047",2699,1,5,13,16.7,33.702395,22.76538
"3048",2699,1,6,15,19.1,41.029955,23.79622
"3049",2699,1,8,13,12,22.832,24.4555
"3050",2699,1,9,13,6.7,10.865395,11.62738
"3051",2699,1,12,14,10.3,18.627495,23.90018
"3052",2699,1,21,9,8.4,11.69408,11.37542
"3053",2699,1,15,14,8.9,15.231655,20.47522
"3054",2699,1,17,14,10,17.898,23.258
"3055",2699,1,18,14,14,27.706,27.706
"3056",2699,1,29,14,9.6,16.92688,22.32392
"3057",2699,1,26,14,9.4,16.44198,21.82352
"3058",2699,1,24,14,12.6,24.25318,27.16112
"3059",2699,1,3,18,28,68.212,-7.55799999999998
"3060",2699,1,25,14,8.8,14.98992,20.18888
