"true_treatment_ordered","session","period","group","game","global_group","chat_decent","chat_advice","chat_cent","strategy1","strategy2","coordinate","coordinate_safe","coordinate_efficient","coordinate_other","payoff_b1","payoff_b2","payoff_manager","any_suggestion","suggest_safe","suggest_efficient","last_suggest_efficient","agree_proposal","discuss_coordinate","discuss_fairness","discuss_efficient","discuss_rules","discuss_howtoplay","explanation","ask_game","receive_report","truthful","falsehood","contradict","disagreement","neither_report","truth_a1","truth_a2","false_a1","false_a2","nummess_man","nummess_agent","man_suggest_safe","man_suggest_efficient","man_agree_proposal","man_discuss_coordinate","man_discuss_fairness","man_discuss_efficient","man_discuss_rules","man_discuss_howtoplay","man_explanation","man_ask_game"
"CH/A-D","35","1","1","4","11","0","1","0","1","3","0","0","0","0","-14","8","-6","1","0.5","0.5","0.5","0","0","0","0.66666669","0.33333334","0.66666669","0.66666669","0","0","0","0","0","0","1","0","0","0","0","5","12","0","1","0","0","0","0.66666669","0","0.66666669","0.66666669","0"
"CH/A-D","35","2","1","2","11","0","1","0","2","2","1","0","1","0","33","47","80","1","0","1","1","1","0.33333334","0.66666669","0.66666669","0","0","0.66666669","0.5","1","1","0","0","0","0","0","1","0","0","8","15","0","0","0.5","0.33333334","0","0.33333334","0","0","0.66666669","0.5"
"CH/A-D","35","3","1","5","11","0","1","0","5","5","1","0","1","0","54","26","80","1","0","1","1","1","0","0","0","0","0","0.66666669","0","1","1","0","0","0","0","0","1","0","0","5","9","0","1","0","0","0","0","0","0","0","0"
"CH/A-D","35","4","1","3","11","0","1","0","3","3","1","1","1","0","40","40","80","1","1","1","1","1","0","0","0","0","0.66666669","0","0","1","1","0","0","0","0","0.5","1","0","0","2","6","0","1","0","0","0","0","0","0","0","0"
"CH/A-D","35","5","1","5","11","0","1","0","5","5","1","0","1","0","54","26","80","1","0","1","1","0","0","1","0","0","0","0.33333334","0","1","1","0","0","0","0","0","1","0","0","3","13","0","0.5","0","0","1","0","0","0","0.33333334","0"
"CH/A-D","35","6","1","1","11","0","1","0","1","1","1","0","1","0","26","54","80","1","0","0.5","1","1","0","1","0","0","0.33333334","1","0","1","1","0","0","0","0","0","1","0","0","6","15","0","0.5","1","0","1","0","0","0.33333334","1","0"
"CH/A-D","35","7","1","5","11","0","1","0","5","5","1","0","1","0","54","26","80","1","0","1","1","1","0","1","0.33333334","0","0","0","0","1","1","0","0","0","0","1","1","0","0","3","11","0","1","0","0","1","0.33333334","0","0","0","0"
"CH/A-D","35","8","1","2","11","0","1","0","2","2","1","0","1","0","33","47","80","1","0","1","1","0.5","0","0.66666669","0.66666669","0","0","1","0","1","1","0","0","0","0","0.5","1","0","0","4","11","0","1","0","0","0.66666669","0","0","0","0.66666669","0"
"CH/A-D","35","9","1","2","11","0","1","0","3","2","0","0","0","0","22","33","55","1","1","1","1","0","0","1","0.66666669","0","0","0.66666669","0","1","1","0","0","0","0","1","0","0","0","4","15","0","1","0","0","0.66666669","0.66666669","0","0","0.66666669","0"
"CH/A-D","35","10","1","4","11","0","1","0","4","4","1","0","1","0","47","33","80","1","0","1","1","0","0.66666669","0.33333334","0.66666669","0.66666669","0.33333334","0.66666669","0","1","1","0","0","0","0","1","0","0","0","10","15","0","1","0","0","0.33333334","0.66666669","0","0","0.66666669","0"
"CH/A-D","35","11","1","2","11","0","1","0","2","2","1","0","1","0","33","47","80","1","0","1","1","1","0","0","0","0","0","0","1","1","1","0","0","0","0","1","1","0","0","5","14","0","1","0","0","0","0","0","0","0","1"
"CH/A-D","35","12","1","3","11","0","1","0","3","3","1","1","1","0","40","40","80","1","1","1","1","1","0","1","0.33333334","0","0","0.66666669","0","1","1","0","0","0","0","1","1","0","0","4","11","0","1","1","0","1","0","0","0","0.66666669","0"
"CH/A-D","35","13","1","1","11","0","1","0","1","1","1","0","1","0","26","54","80","1","0","1","1","1","0","0.66666669","1","1","0","1","0","1","1","0","0","0","0","0","1","0","0","5","12","0","0","0","0","0","0","0","0","1","0"
"CH/A-D","35","14","1","5","11","0","1","0","5","5","1","0","1","0","54","26","80","1","0","1","1","0.5","0","0.66666669","0.33333334","0","0","0.66666669","0","1","1","0","0","0","0","0","1","0","0","3","13","0","0","0","0","0.66666669","0","0","0","0","0"
"CH/A-D","35","15","1","3","11","0","1","0","3","3","1","1","1","0","40","40","80","1","1","1","1","0","0","1","0","0","0","0.66666669","0","1","1","0","0","0","0","0","1","0","0","8","13","0","0","0","0","1","0","0","0","0.66666669","0"
"CH/A-D","35","16","1","1","11","0","1","0","1","1","1","0","1","0","26","54","80","1","0","1","1","0.5","0","0.66666669","0.66666669","0","0","0.66666669","0","1","1","0","0","0","0","0","1","0","0","2","11","0","0","0.5","0","0","0","0","0","0.66666669","0"
"CH/A-D","35","17","1","1","11","0","1","0","3","3","1","1","0","0","32","32","64","1","1","0","0","0","0","1","0.66666669","0","0","0.66666669","0","0.5","0.5","0","0","0","0","0","0.5","0","0","3","12","0","0","0","0","0","0.66666669","0","0","0.66666669","0"
"CH/A-D","35","18","1","2","11","0","1","0","2","2","1","0","1","0","33","47","80","1","0","1","1","1","0","0","0.66666669","0","0","0.66666669","0","1","1","0","0","0","0","0","1","0","0","6","12","0","0","1","0","0","0","0","0","0.66666669","0"
"CH/A-D","36","1","1","4","12","0","1","0","3","3","1","1","0","0","36","36","72","1","1","0","0","1","0","0","0","0","0","0","0","0","0","0","0","0","1","0","0","0","0","0","4","0","0","0","0","0","0","0","0","0","0"
"CH/A-D","36","2","1","2","12","0","1","0","3","3","1","1","0","0","36","36","72","1","1","0","0","1","0","0.66666669","1","0","0","1","0","0","0","0","0","0","1","0","0","0","0","0","5","0","0","0","0","0","0","0","0","0","0"
"CH/A-D","36","3","1","5","12","0","1","0","3","3","1","1","0","0","32","32","64","0.5","0.5","0","0","1","0","0.66666669","0.66666669","0","0","0.66666669","0","0","0","0","0","0","1","0","0","0","0","0","5","0","0","0","0","0","0","0","0","0","0"
"CH/A-D","36","4","1","3","12","0","1","0","3","3","1","1","1","0","40","40","80","1","1","1","1","1","0","0.66666669","0","0","0.33333334","0.66666669","0","0","0","0","0","0","1","0","0","0","0","1","4","0","1","0","0","0","0","0","0","0","0"
"CH/A-D","36","5","1","5","12","0","1","0","3","3","1","1","0","0","32","32","64","1","1","0","0","0.5","0","1","1","0","0","0.66666669","0","0","0","0","0","0","1","0","0","0","0","7","6","0","0","0","0","1","1","0","0","0.66666669","0"
"CH/A-D","36","6","1","1","12","0","1","0","3","3","1","1","0","0","32","32","64","0","0","0","0","0","0","0.66666669","1","0","0.66666669","0.66666669","0","0","0","0","0","0","1","0","0","0","0","4","7","0","0","0","0","0","0","0","0.66666669","0.66666669","0"
"CH/A-D","36","7","1","5","12","0","1","0","3","3","1","1","0","0","32","32","64","1","1","0","0","1","0","0","0","0","0","0.66666669","0","0","0","0","0","0","1","0","0","0","0","3","3","0","0","0","0","0","0","0","0","0","0"
"CH/A-D","36","8","1","2","12","0","1","0","3","3","1","1","0","0","36","36","72","1","1","0","0","0","0","0.66666669","0.66666669","0","0","0.66666669","0","0","0","0","0","0","1","0","0","0","0","1","5","0","0","0","0","0","0","0","0","0","0"
"CH/A-D","36","9","1","2","12","0","1","0","3","3","1","1","0","0","36","36","72","1","1","0","0","1","0","0.66666669","0","0","0","0","0","0","0","0","0","0","1","0","0","0","0","1","4","0","0","0","0","0","0","0","0","0","0"
"CH/A-D","36","10","1","4","12","0","1","0","3","3","1","1","0","0","36","36","72","1","1","0","0","0","0","0","0","0.66666669","0.33333334","0.66666669","0","0","0","0","0","0","1","0","0","0","0","3","14","0","0","0","0","0","0","0","0","0.66666669","0"
"CH/A-D","36","11","1","2","12","0","1","0","3","3","1","1","0","0","36","36","72","0","0","0","0","0","0","0","1","0","0","0.66666669","0","0","0","0","0","0","1","0","0","0","0","2","3","0","0","0","0","0","0","0","0","0","0"
"CH/A-D","36","12","1","3","12","0","1","0","3","3","1","1","1","0","40","40","80","0","0","0","0","0","0","0","0","0","0","0","0","0","0","0","0","0","1","0","0","0","0","0","4","0","0","0","0","0","0","0","0","0","0"
"CH/A-D","36","13","1","1","12","0","1","0","3","3","1","1","0","0","32","32","64","1","1","0","0","0","0","0","0","1","0","0.33333334","0","0","0","0","0","0","1","0","0","0","0","0","9","0","0","0","0","0","0","0","0","0","0"
"CH/A-D","36","14","1","5","12","0","1","0","3","3","1","1","0","0","32","32","64","0","0","0","0","0","0","0","0","0","0","0","0","0","0","0","0","0","1","0","0","0","0","0","1","0","0","0","0","0","0","0","0","0","0"
"CH/A-D","36","15","1","3","12","0","1","0","3","3","1","1","1","0","40","40","80","0","0","0","0","0","0","0","0","0","0","0","0","0","0","0","0","0","1","0","0","0","0","1","2","0","0","0","0","0","0","0","0","0","0"
"CH/A-D","36","16","1","1","12","0","1","0","3","3","1","1","0","0","32","32","64","0","0","0","0","0","0","0","0","0","0","0","0","0","0","0","0","0","1","0","0","0","0","0","1","0","0","0","0","0","0","0","0","0","0"
"CH/A-D","36","17","1","1","12","0","1","0","3","3","1","1","0","0","32","32","64","0","0","0","0","0","0","0","0","0","0","0","0","0","0","0","0","0","1","0","0","0","0","0","0","0","0","0","0","0","0","0","0","0","0"
"CH/A-D","36","18","1","2","12","0","1","0","3","3","1","1","0","0","36","36","72","1","1","0","0","0","0","0","0","0","0","0","0","0","0","0","0","0","1","0","0","0","0","3","7","0","0","0","0","0","0","0","0","0","0"
"CH/A-D","37","1","1","4","13","0","1","0","3","3","1","1","0","0","36","36","72","0.5","0","0","0","0","0","0","0","0.66666669","0","0","1","0","0","0","0","0","1","0","0","0","0","2","5","0","0","0","0","0","0","0","0","0","1"
"CH/A-D","37","2","1","2","13","0","1","0","4","4","1","0","0","1","39","25","64","1","0","0","0","1","0","0.66666669","0.66666669","0","0","0.66666669","0","0","0","0","0","0","1","0","0","0","0","1","8","0","0","1","0","0","0","0","0","0","0"
"CH/A-D","37","3","1","5","13","0","1","0","3","3","1","1","0","0","32","32","64","1","1","0","0","1","0","0.66666669","0","0","0","0.66666669","0","0","0","0","0","0","1","0","0","0","0","2","7","0","0","0.5","0","0.66666669","0","0","0","0","0"
"CH/A-D","37","4","1","3","13","0","1","0","3","3","1","1","1","0","40","40","80","1","1","1","1","0.5","0","0","0","0","0","0.66666669","0","0","0","0","0","0","1","0","0","0","0","2","5","0","0","0","0","0","0","0","0","0.66666669","0"
"CH/A-D","37","5","1","5","13","0","1","0","3","3","1","1","0","0","32","32","64","1","1","0.5","0.5","1","0","0","0","1","0.33333334","0.33333334","0","0","0","0","0","0","1","0","0","0","0","2","5","0","0","0.5","0","0","0","1","0","0","0"
"CH/A-D","37","6","1","1","13","0","1","0","3","3","1","1","0","0","32","32","64","1","1","0","0","0","0","1","0","0","0","0.66666669","0","0","0","0","0","0","1","0","0","0","0","2","4","1","0","0","0","0","0","0","0","0","0"
"CH/A-D","37","7","1","5","13","0","1","0","3","3","1","1","0","0","32","32","64","1","1","0","0","0","0","0","0","0","0","0.66666669","0","0.5","0.5","0","0","0","1","0","0","0","0","3","7","0","0","0","0","0","0","0","0","0","0"
"CH/A-D","37","8","1","2","13","0","1","0","3","3","1","1","0","0","36","36","72","1","1","0","0","1","0","0","0","0","0","0","0","0","0","0","0","0","1","0","0","0","0","2","4","0","0","1","0","0","0","0","0","0","0"
"CH/A-D","37","9","1","2","13","0","1","0","3","3","1","1","0","0","36","36","72","0","0","0","0","0.5","0","0","0","0","0","0","0","0","0","0","0","0","1","0","0","0","0","3","1","0","0","0","0","0","0","0","0","0","0"
"CH/A-D","37","10","1","4","13","0","1","0","3","3","1","1","0","0","36","36","72","1","1","0","0","1","0.66666669","0.66666669","0","0.66666669","0","0.66666669","0","0","0","0","0","0","1","0","0","0","0","4","6","0","0","1","0","0.66666669","0","0","0","0.66666669","0"
"CH/A-D","37","11","1","2","13","0","1","0","3","3","1","1","0","0","36","36","72","0.5","0.5","0","0","1","0","0","0","0","0.66666669","1","0","0","0","0","0","0","1","0","0","0","0","2","6","0","0","0.5","0","0","0","0","0","0","0"
"CH/A-D","37","12","1","3","13","0","1","0","3","3","1","1","1","0","40","40","80","1","1","1","1","0","0","1","0","0","0","0.66666669","0","0","0","0","0","0","1","0","0","0","0","4","5","0.5","0.5","0","0","1","0","0","0","0","0"
"CH/A-D","37","13","1","1","13","0","1","0","3","3","1","1","0","0","32","32","64","0","0","0","0","0.5","0","0","0","1","0","1","0","1","1","0","0","0","0","1","0","0","0","5","10","0","0","0","0","0","0","1","0","0","0"
"CH/A-D","37","14","1","5","13","0","1","0","3","3","1","1","0","0","32","32","64","1","1","0","0","1","0","0","0","0","0","0","0","0","0","0","0","0","1","0","0","0","0","1","1","1","0","0","0","0","0","0","0","0","0"
"CH/A-D","37","15","1","3","13","0","1","0","3","3","1","1","1","0","40","40","80","0","0","0","0","0","0","0","0","0","0","0","0","1","1","0","0","0","0","1","1","0","0","3","4","0","0","0","0","0","0","0","0","0","0"
"CH/A-D","37","16","1","1","13","0","1","0","3","3","1","1","0","0","32","32","64","0","0","0","0","0","0","0","0","1","0","1","0","0","0","0","0","0","1","0","0","0","0","2","4","0","0","0","0","0","0","1","0","0","0"
"CH/A-D","37","17","1","1","13","0","1","0","3","3","1","1","0","0","32","32","64","0","0","0","0","0","0","0","0","0","0","0","0","0","0","0","0","0","1","0","0","0","0","5","6","0","0","0","0","0","0","0","0","0","0"
"CH/A-D","37","18","1","2","13","0","1","0","3","3","1","1","0","0","36","36","72","1","1","0","0","0.5","0","0","0","0","0","0","0","0","0","0","0","0","1","0","0","0","0","7","11","0","0","0.5","0","0","0","0","0","0","0"
"CH/S-D","29","1","1","4","2901","1","0","0","3","3","1","1","0","0","36","36","72","1","1","0","0","0","0","0","0","0","0","0","0","0","0","0","0","0","1","0","0","0","0","0","1","0","0","0","0","0","0","0","0","0","0"
"CH/S-D","29","2","1","2","2901","1","0","0","2","2","1","0","1","0","33","47","80","1","0","1","1","1","0","0","0","0","0","0","0","0","0","0","0","0","1","0","0","0","0","0","7","0","0","0","0","0","0","0","0","0","0"
"CH/S-D","29","3","1","5","2901","1","0","0","5","1","0","0","0","0","-2","-18","-20","1","0","1","1","1","0","0.33333334","0","0","0","0","0","0","0","0","0","0","1","0","0","0","0","0","6","0","0","0","0","0","0","0","0","0","0"
"CH/S-D","29","4","1","3","2901","1","0","0","3","3","1","1","1","0","40","40","80","1","1","1","1","1","0","0.33333334","1","0","0","0","0","0","0","0","0","0","1","0","0","0","0","0","10","0","0","0","0","0","0","0","0","0","0"
"CH/S-D","29","5","1","5","2901","1","0","0","3","3","1","1","0","0","32","32","64","1","1","0","0","1","0","1","0","0.33333334","0","0","0","0","0","0","0","0","1","0","0","0","0","0","9","0","0","0","0","0","0","0","0","0","0"
"CH/S-D","29","6","1","1","2901","1","0","0","3","3","1","1","0","0","32","32","64","1","1","0","0","1","0","0.33333334","0.5","0","0.33333334","0","0","0","0","0","0","0","1","0","0","0","0","0","7","0","0","0","0","0","0","0","0","0","0"
"CH/S-D","29","7","1","5","2901","1","0","0","4","3","0","0","0","0","29","18","47","1","1","0","0","0","0","0.66666669","0","0","0","0.66666669","0","0","0","0","0","0","1","0","0","0","0","0","9","0","0","0","0","0","0","0","0","0","0"
"CH/S-D","29","8","1","2","2901","1","0","0","2","2","1","0","1","0","33","47","80","1","1","1","0.5","1","0","1","1","0","0","0.33333334","0","0","0","0","0","0","1","0","0","0","0","0","8","0","0","0","0","0","0","0","0","0","0"
"CH/S-D","29","9","1","2","2901","1","0","0","4","3","0","0","0","0","25","22","47","1","1","0","0","0","0","1","0","0","0.33333334","0","0","0","0","0","0","0","1","0","0","0","0","0","16","0","0","0","0","0","0","0","0","0","0"
"CH/S-D","29","10","1","4","2901","1","0","0","3","3","1","1","0","0","36","36","72","1","1","0","0","1","0.33333334","0.66666669","0","0","0.33333334","0","0","0","0","0","0","0","1","0","0","0","0","0","7","0","0","0","0","0","0","0","0","0","0"
"CH/S-D","29","11","1","2","2901","1","0","0","2","2","1","0","1","0","33","47","80","1","0","1","1","1","0","1","1","1","0.33333334","0.33333334","0","0","0","0","0","0","1","0","0","0","0","0","21","0","0","0","0","0","0","0","0","0","0"
"CH/S-D","29","12","1","3","2901","1","0","0","3","3","1","1","1","0","40","40","80","1","1","1","1","1","0","1","1","0","0","0.33333334","0","0","0","0","0","0","1","0","0","0","0","0","16","0","0","0","0","0","0","0","0","0","0"
"CH/S-D","29","13","1","1","2901","1","0","0","3","3","1","1","0","0","32","32","64","1","1","0","0","1","0","0.66666669","1","0","0","0.33333334","0","0","0","0","0","0","1","0","0","0","0","0","14","0","0","0","0","0","0","0","0","0","0"
"CH/S-D","29","14","1","5","2901","1","0","0","4","4","1","0","0","1","43","29","72","1","1","0","0","1","0","0","0","0","0","0","0","0","0","0","0","0","1","0","0","0","0","0","14","0","0","0","0","0","0","0","0","0","0"
"CH/S-D","29","15","1","3","2901","1","0","0","3","3","1","1","1","0","40","40","80","1","1","1","1","1","1","0","1","0","0","0.66666669","0","0","0","0","0","0","1","0","0","0","0","0","15","0","0","0","0","0","0","0","0","0","0"
"CH/S-D","29","16","1","1","2901","1","0","0","2","2","1","0","0","1","29","43","72","1","0","0","0","1","0","0.66666669","1","0","0","0","0","0","0","0","0","0","1","0","0","0","0","0","17","0","0","0","0","0","0","0","0","0","0"
"CH/S-D","29","17","1","1","2901","1","0","0","3","3","1","1","0","0","32","32","64","1","1","0","0","1","0","0.66666669","1","0","0","0.33333334","0","0","0","0","0","0","1","0","0","0","0","0","19","0","0","0","0","0","0","0","0","0","0"
"CH/S-D","29","18","1","2","2901","1","0","0","4","4","1","0","0","1","39","25","64","1","0","0","0","1","0","1","0.5","0","0","0.33333334","0","0","0","0","0","0","1","0","0","0","0","0","16","0","0","0","0","0","0","0","0","0","0"
"CH/S-D","30","1","1","4","3001","1","0","0","3","1","0","0","0","0","8","14","22","1","1","0","0","1","0","0.33333334","0.5","0","0","0.33333334","0","0","0","0","0","0","1","0","0","0","0","0","7","0","0","0","0","0","0","0","0","0","0"
"CH/S-D","30","2","1","2","3001","1","0","0","3","3","1","1","0","0","36","36","72","1","1","1","0","1","0","1","0","0","0","0","0","0","0","0","0","0","1","0","0","0","0","0","5","0","0","0","0","0","0","0","0","0","0"
"CH/S-D","30","3","1","5","3001","1","0","0","3","3","1","1","0","0","32","32","64","1","1","0","0","1","0.33333334","0.66666669","0","0","0","0","0","0","0","0","0","0","1","0","0","0","0","0","4","0","0","0","0","0","0","0","0","0","0"
"CH/S-D","30","4","1","3","3001","1","0","0","3","3","1","1","1","0","40","40","80","1","1","1","1","0.5","0.33333334","0.66666669","0","0","0.66666669","0.66666669","0","0","0","0","0","0","1","0","0","0","0","0","9","0","0","0","0","0","0","0","0","0","0"
"CH/S-D","30","5","1","5","3001","1","0","0","3","3","1","1","0","0","32","32","64","0","0","0","0","0.5","0.33333334","0.66666669","0","0.33333334","0.33333334","0.33333334","0","0","0","0","0","0","1","0","0","0","0","0","17","0","0","0","0","0","0","0","0","0","0"
"CH/S-D","30","6","1","1","3001","1","0","0","5","3","0","0","0","0","10","4","14","0","0","0","0","0","0","0.66666669","1","0","0","0.66666669","0","0","0","0","0","0","1","0","0","0","0","0","7","0","0","0","0","0","0","0","0","0","0"
"CH/S-D","30","7","1","5","3001","1","0","0","5","5","1","0","1","0","54","26","80","1","0","1","0.5","1","0.66666669","0.33333334","1","0.33333334","0.66666669","0.66666669","0","0","0","0","0","0","1","0","0","0","0","0","14","0","0","0","0","0","0","0","0","0","0"
"CH/S-D","30","8","1","2","3001","1","0","0","1","1","1","0","0","1","22","50","72","1","0","1","0","1","0","0.66666669","0.5","0","0.33333334","0.33333334","0","0","0","0","0","0","1","0","0","0","0","0","11","0","0","0","0","0","0","0","0","0","0"
"CH/S-D","30","9","1","2","3001","1","0","0","3","3","1","1","0","0","36","36","72","1","1","0","0","0.5","0","0.66666669","0","0.33333334","0","0.66666669","0","0","0","0","0","0","1","0","0","0","0","0","17","0","0","0","0","0","0","0","0","0","0"
"CH/S-D","30","10","1","4","3001","1","0","0","3","3","1","1","0","0","36","36","72","0.5","0.5","0","0","0.5","0","0.33333334","0","0.66666669","1","0","0","0","0","0","0","0","1","0","0","0","0","0","5","0","0","0","0","0","0","0","0","0","0"
"CH/S-D","30","11","1","2","3001","1","0","0","4","4","1","0","0","1","39","25","64","1","0","0","0","0.5","0","0","1","0.33333334","1","0.66666669","0","0","0","0","0","0","1","0","0","0","0","0","21","0","0","0","0","0","0","0","0","0","0"
"CH/S-D","30","12","1","3","3001","1","0","0","1","1","1","0","0","1","18","46","64","1","0","0","0","1","0","0.66666669","1","0","0.66666669","0.66666669","0","0","0","0","0","0","1","0","0","0","0","0","23","0","0","0","0","0","0","0","0","0","0"
"CH/S-D","30","13","1","1","3001","1","0","0","3","3","1","1","0","0","32","32","64","0","0","0","0","0.5","0.33333334","0.66666669","0.5","0","0","0.66666669","0","0","0","0","0","0","1","0","0","0","0","0","15","0","0","0","0","0","0","0","0","0","0"
"CH/S-D","30","14","1","5","3001","1","0","0","5","5","1","0","1","0","54","26","80","1","0.5","1","1","1","0","0.66666669","1","0","0","0","0","0","0","0","0","0","1","0","0","0","0","0","5","0","0","0","0","0","0","0","0","0","0"
"CH/S-D","30","15","1","3","3001","1","0","0","3","3","1","1","1","0","40","40","80","1","1","1","1","1","0","0.66666669","1","0.66666669","0.33333334","0.66666669","0","0","0","0","0","0","1","0","0","0","0","0","22","0","0","0","0","0","0","0","0","0","0"
"CH/S-D","30","16","1","1","3001","1","0","0","1","1","1","0","1","0","26","54","80","0","0","0","0","0.5","0","0","0.5","0","0","0","0","0","0","0","0","0","1","0","0","0","0","0","4","0","0","0","0","0","0","0","0","0","0"
"CH/S-D","30","17","1","1","3001","1","0","0","3","3","1","1","0","0","32","32","64","0","0","0","0","0.5","0.33333334","0.66666669","1","0","0.66666669","0.66666669","0","0","0","0","0","0","1","0","0","0","0","0","13","0","0","0","0","0","0","0","0","0","0"
"CH/S-D","30","18","1","2","3001","1","0","0","3","3","1","1","0","0","36","36","72","0","0","0","0","1","0.33333334","0.66666669","0.5","0.33333334","1","0.66666669","0","0","0","0","0","0","1","0","0","0","0","0","16","0","0","0","0","0","0","0","0","0","0"
"CH/S-D","31","1","1","4","3101","1","0","0","3","3","1","1","0","0","36","36","72","1","1","0","0","0.5","0","0","1","1","0","1","0","0","0","0","0","0","1","0","0","0","0","0","12","0","0","0","0","0","0","0","0","0","0"
"CH/S-D","31","2","1","2","3101","1","0","0","2","3","0","0","0","0","19","22","41","1","0","1","0","0","0","0.33333334","1","0","0.33333334","0.66666669","0","0","0","0","0","0","1","0","0","0","0","0","6","0","0","0","0","0","0","0","0","0","0"
"CH/S-D","31","3","1","5","3101","1","0","0","5","5","1","0","1","0","54","26","80","1","0","1","1","1","0.33333334","0.66666669","0","0","0","0","0","0","0","0","0","0","1","0","0","0","0","0","12","0","0","0","0","0","0","0","0","0","0"
"CH/S-D","31","4","1","3","3101","1","0","0","3","3","1","1","1","0","40","40","80","1","1","1","1","1","0.33333334","0.66666669","0","0","0","0.66666669","0","0","0","0","0","0","1","0","0","0","0","0","9","0","0","0","0","0","0","0","0","0","0"
"CH/S-D","31","5","1","5","3101","1","0","0","5","5","1","0","1","0","54","26","80","1","1","1","0","0.5","0.33333334","1","0","0","0.33333334","0.66666669","0","0","0","0","0","0","1","0","0","0","0","0","11","0","0","0","0","0","0","0","0","0","0"
"CH/S-D","31","6","1","1","3101","1","0","0","1","1","1","0","1","0","26","54","80","1","1","1","1","1","0","0","1","0","0","0","0","0","0","0","0","0","1","0","0","0","0","0","7","0","0","0","0","0","0","0","0","0","0"
"CH/S-D","31","7","1","5","3101","1","0","0","5","5","1","0","1","0","54","26","80","1","1","1","0","0","0.33333334","0.66666669","1","0","0","0.66666669","0","0","0","0","0","0","1","0","0","0","0","0","10","0","0","0","0","0","0","0","0","0","0"
"CH/S-D","31","8","1","2","3101","1","0","0","2","1","0","0","0","0","19","36","55","1","0","1","0","0","0","1","1","0","0","0.33333334","0","0","0","0","0","0","1","0","0","0","0","0","11","0","0","0","0","0","0","0","0","0","0"
"CH/S-D","31","9","1","2","3101","1","0","0","3","3","1","1","0","0","36","36","72","1","1","0","0","1","0","0.66666669","0.5","0.33333334","0","0","0","0","0","0","0","0","1","0","0","0","0","0","7","0","0","0","0","0","0","0","0","0","0"
"CH/S-D","31","10","1","4","3101","1","0","0","4","4","1","0","1","0","47","33","80","1","1","1","0","0","0","1","1","0","0.33333334","0.66666669","0","0","0","0","0","0","1","0","0","0","0","0","8","0","0","0","0","0","0","0","0","0","0"
"CH/S-D","31","11","1","2","3101","1","0","0","1","3","0","0","0","0","-6","8","2","1","1","0","0","0","0","0.66666669","1","0","0.66666669","0.66666669","0","0","0","0","0","0","1","0","0","0","0","0","13","0","0","0","0","0","0","0","0","0","0"
"CH/S-D","31","12","1","3","3101","1","0","0","3","3","1","1","1","0","40","40","80","1","1","1","1","1","0","0","0","0","0","0","0","0","0","0","0","0","1","0","0","0","0","0","5","0","0","0","0","0","0","0","0","0","0"
"CH/S-D","31","13","1","1","3101","1","0","0","1","1","1","0","1","0","26","54","80","1","0","1","1","0.5","0","0.66666669","1","0","0","1","0","0","0","0","0","0","1","0","0","0","0","0","18","0","0","0","0","0","0","0","0","0","0"
"CH/S-D","31","14","1","5","3101","1","0","0","5","5","1","0","1","0","54","26","80","1","1","1","1","1","0","0.66666669","1","0","0","0.33333334","0","0","0","0","0","0","1","0","0","0","0","0","6","0","0","0","0","0","0","0","0","0","0"
"CH/S-D","31","15","1","3","3101","1","0","0","3","3","1","1","1","0","40","40","80","1","1","1","1","1","0","0.33333334","1","0","0.33333334","0.66666669","0","0","0","0","0","0","1","0","0","0","0","0","8","0","0","0","0","0","0","0","0","0","0"
"CH/S-D","31","16","1","1","3101","1","0","0","1","1","1","0","1","0","26","54","80","1","0","1","1","0.5","0","0.33333334","0","0.66666669","0","0.66666669","0","0","0","0","0","0","1","0","0","0","0","0","16","0","0","0","0","0","0","0","0","0","0"
"CH/S-D","31","17","1","1","3101","1","0","0","1","1","1","0","1","0","26","54","80","1","0","1","1","0.5","0","0","0","0.33333334","0","0.66666669","0","0","0","0","0","0","1","0","0","0","0","0","14","0","0","0","0","0","0","0","0","0","0"
"CH/S-D","31","18","1","2","3101","1","0","0","2","2","1","0","1","0","33","47","80","1","0","1","1","1","0","0","0","0","0","0","0","0","0","0","0","0","1","0","0","0","0","0","7","0","0","0","0","0","0","0","0","0","0"
"CH-MC","32","1","1","4","3201","0","0","1","4","5","0","0","0","0","33","8","41","1","0","1","1","0","0","0","1","0","0","0","0","0","0","0","0","0","1","0","0","0","0","1","4","0","0","0","0","0","0","0","0","0","0"
"CH-MC","32","2","1","2","3201","0","0","1","2","2","1","0","1","0","33","47","80","1","1","1","1","0.5","0","0","0","0","0","0","0","0","0","0","0","0","1","0","0","0","0","9","11","0","0","0","0","0","0","0","0","0","0"
"CH-MC","32","3","1","5","3201","0","0","1","1","1","1","0","0","1","10","38","48","1","0","0","0","0","0","0.66666669","1","0","0.66666669","0","0","0","0","0","0","0","1","0","0","0","0","4","11","0","0","0","0","0","0","0","0","0","0"
"CH-MC","32","4","1","3","3201","0","0","1","3","3","1","1","1","0","40","40","80","1","1","1","1","1","0","0.66666669","1","0","0.33333334","0.33333334","0","0","0","0","0","0","1","0","0","0","0","4","21","0","0","0","0","0","0","0","0","0","0"
"CH-MC","32","5","1","5","3201","0","0","1","3","3","1","1","0","0","32","32","64","1","1","0","0","1","0","0.33333334","0.5","0","0.33333334","0","0","0","0","0","0","0","1","0","0","0","0","6","11","0","0","0","0","0","0","0","0","0","0"
"CH-MC","32","6","1","1","3201","0","0","1","5","5","1","0","0","1","38","10","48","1","0","1","0","1","0","0.33333334","1","0","0.33333334","0.33333334","0","0","0","0","0","0","1","0","0","0","0","6","21","0","0","0","0","0","0","0","0","0","0"
"CH-MC","32","7","1","5","3201","0","0","1","3","3","1","1","0","0","32","32","64","1","0","0","0","1","0","0.66666669","1","0","0.33333334","0.66666669","0","0","0","0","0","0","1","0","0","0","0","4","19","0","0","0","0","0","0","0","0","0","0"
"CH-MC","32","8","1","2","3201","0","0","1","3","3","1","1","0","0","36","36","72","1","0.5","1","1","1","0","1","1","0","0.33333334","0.33333334","0","0","0","0","0","0","1","0","0","0","0","2","19","0","0","0","0","0","0","0","0","0","0"
"CH-MC","32","9","1","2","3201","0","0","1","3","3","1","1","0","0","36","36","72","1","1","0.5","0","1","0","1","1","0","0","0.66666669","0","0","0","0","0","0","1","0","0","0","0","4","19","0","0","0","0","0","0","0","0","0","0"
"CH-MC","32","10","1","4","3201","0","0","1","3","3","1","1","0","0","36","36","72","1","1","1","1","1","0","1","1","0","0","0.33333334","0","0.5","0.5","0","0","0","0.5","0","0.5","0","0","5","19","0","0","0","0","0","0","0","0","0","0"
"CH-MC","32","11","1","2","3201","0","0","1","2","2","1","0","1","0","33","47","80","1","0","1","1","1","0","0.66666669","1","0","0.33333334","0.33333334","0","0","0","0","0","0","1","0","0","0","0","2","19","0","0","0","0","0","0","0","0","0","0"
"CH-MC","32","12","1","3","3201","0","0","1","3","3","1","1","1","0","40","40","80","1","1","1","0.5","1","0.33333334","0.66666669","0.5","0","0.33333334","1","0","0","0","0","0","0","1","0","0","0","0","6","23","0","0","0","0","0","0","0","0","0","0"
"CH-MC","32","13","1","1","3201","0","0","1","3","3","1","1","0","0","32","32","64","1","1","0","0","1","0","0.66666669","1","0","0.33333334","0.66666669","0","0","0","0","0","0","1","0","0","0","0","3","16","0","0","0","0","0","0","0","0","0","0"
"CH-MC","32","14","1","5","3201","0","0","1","4","4","1","0","0","1","43","29","72","1","1","0","0","0.5","0.33333334","0.66666669","1","0","0.66666669","0.33333334","0","0","0","0","0","0","1","0","0","0","0","2","17","0","0","0","0","0","0","0","0","0","0"
"CH-MC","32","15","1","3","3201","0","0","1","3","3","1","1","1","0","40","40","80","1","1","1","1","0.5","0","0.33333334","0.5","0","0.33333334","0.66666669","0","0","0","0","0","0","1","0","0","0","0","5","21","0","0","0","0","0","0","0","0","0","0"
"CH-MC","32","16","1","1","3201","0","0","1","2","2","1","0","0","1","29","43","72","1","1","1","0","1","0","1","1","0","0.33333334","0.33333334","0","0","0","0","0","0","1","0","0","0","0","0","21","0","0","0","0","0","0","0","0","0","0"
"CH-MC","32","17","1","1","3201","0","0","1","3","3","1","1","0","0","32","32","64","1","1","0","0","1","0","0.66666669","1","0","0.33333334","0.66666669","0","0.5","0.5","0","0","0","0.5","0.5","0","0","0","5","19","0","0","0","0","0","0","0","0","0","0"
"CH-MC","32","18","1","2","3201","0","0","1","2","2","1","0","1","0","33","47","80","1","1","1","1","1","0","1","0.5","0","0.33333334","0.66666669","0","0","0","0","0","0","1","0","0","0","0","1","15","0","0","0","0","0","0","0","0","0","0"
"CH-MC","33","1","1","4","3301","0","0","1","3","3","1","1","0","0","36","36","72","1","0","1","1","0","0","0","1","0.33333334","0","0.33333334","0.5","1","1","0","0","0","0","1","0","0","0","2","7","0","0","0","0","0","0","0","0","0","0"
"CH-MC","33","2","1","2","3301","0","0","1","4","4","1","0","0","1","39","25","64","1","0","0","0","0.5","0","0","1","0","0.33333334","1","0","1","1","0","0","0","0","1","0","0","0","4","8","0","0","0","0","0","0","0","0","0","0"
"CH-MC","33","3","1","5","3301","0","0","1","4","4","1","0","0","1","43","29","72","1","0","0","0","1","0","0","1","0","0","0","0","1","1","0","0","0","0","1","0","0","0","1","5","0","0","0","0","0","0","0","0","0","0"
"CH-MC","33","4","1","3","3301","0","0","1","3","3","1","1","1","0","40","40","80","1","1","1","1","0.5","0","0","0","0","0","0","0","1","1","0","0","0","0","1","0","0","0","3","8","0","0","0","0","0","0","0","0","0","0"
"CH-MC","33","5","1","5","3301","0","0","1","3","3","1","1","0","0","32","32","64","1","1","1","0","0.5","0","1","0.5","0","0","0.33333334","1","1","1","0","0","0","0","1","0","0","0","6","9","0","0","0","0","0","0","0","0","0","0"
"CH-MC","33","6","1","1","3301","0","0","1","3","3","1","1","0","0","32","32","64","1","1","0","0","0.5","0","0","0","0","0","0","0","1","1","0","0","0","0","1","0","0","0","2","4","0","0","0","0","0","0","0","0","0","0"
"CH-MC","33","7","1","5","3301","0","0","1","3","3","1","1","0","0","32","32","64","1","1","1","1","1","0","0","1","0","0","0","0","1","1","0","0","0","0","1","0","0","0","3","4","0","0","0","0","0","0","0","0","0","0"
"CH-MC","33","8","1","2","3301","0","0","1","2","2","1","0","1","0","33","47","80","1","1","1","1","1","0","1","1","0","0.33333334","0.33333334","0","1","1","0","0","0","0","1","0","0","0","5","15","0","0","0","0","0","0","0","0","0","0"
"CH-MC","33","9","1","2","3301","0","0","1","4","4","1","0","0","1","39","25","64","1","1","0","0","1","0","1","0.5","0","0","0.33333334","0","1","1","0","0","0","0","1","0","0","0","5","7","0","0","0","0","0","0","0","0","0","0"
"CH-MC","33","10","1","4","3301","0","0","1","4","4","1","0","1","0","47","33","80","1","1","1","1","1","0","1","1","0","0","0.66666669","0","1","1","0","0","0","0","1","0","0","0","5","15","0","0","0","0","0","0","0","0","0","0"
"CH-MC","33","11","1","2","3301","0","0","1","2","2","1","0","1","0","33","47","80","1","0","1","1","1","0","0.66666669","0","0","0","1","0","1","1","0","0","0","0","1","0","0","0","4","8","0","0","0","0","0","0","0","0","0","0"
"CH-MC","33","12","1","3","3301","0","0","1","3","3","1","1","1","0","40","40","80","1","1","1","1","1","0","0","0","0","0","0","0","1","1","0","0","0","0","1","0","0","0","1","3","0","0","0","0","0","0","0","0","0","0"
"CH-MC","33","13","1","1","3301","0","0","1","2","2","1","0","0","1","29","43","72","1","1","0","0","1","0","0","1","0","0","0","0","1","1","0","0","0","0","1","0","0","0","2","8","0","0","0","0","0","0","0","0","0","0"
"CH-MC","33","14","1","5","3301","0","0","1","4","4","1","0","0","1","43","29","72","1","0","1","0","1","0","0.66666669","1","0","0.66666669","0.33333334","0","1","1","0","0","0","0","1","0","0","0","5","12","0","0","0","0","0","0","0","0","0","0"
"CH-MC","33","15","1","3","3301","0","0","1","3","3","1","1","1","0","40","40","80","1","1","1","1","1","0","1","0","0","0","0.33333334","0","1","1","0","0","0","0","1","0","0","0","3","8","0","0","0","0","0","0","0","0","0","0"
"CH-MC","33","16","1","1","3301","0","0","1","1","1","1","0","1","0","26","54","80","1","1","1","1","1","0","0.66666669","1","0","0","0","0","1","1","0","0","0","0","1","0","0","0","6","9","0","0","0","0","0","0","0","0","0","0"
"CH-MC","33","17","1","1","3301","0","0","1","3","3","1","1","0","0","32","32","64","1","1","0","0","1","0","0.66666669","0.5","0","0","0.66666669","0","1","1","0","0","0","0","1","0","0","0","4","8","0","0","0","0","0","0","0","0","0","0"
"CH-MC","33","18","1","2","3301","0","0","1","5","5","1","0","0","1","42","14","56","1","1","0","0","0","0","1","1","0","0","0.66666669","0","1","1","0","0","0","0","1","0","0","0","5","7","0","0","0","0","0","0","0","0","0","0"
"CH-MC","34","1","1","4","3401","0","0","1","4","4","1","0","1","0","47","33","80","0","0","0","0","1","0","0.66666669","0","1","0.33333334","0.33333334","0.5","0","0","0","0","0","1","0","0","0","0","5","10","0","0","0","0","0","0","0","0","0","0"
"CH-MC","34","2","1","2","3401","0","0","1","3","3","1","1","0","0","36","36","72","0","0","0","0","0.5","0","0","0","0","0.66666669","0.33333334","0","0","0","0","0","0","1","0","0","0","0","8","7","0","0","0","0","0","0","0","0","0","0"
"CH-MC","34","3","1","5","3401","0","0","1","4","4","1","0","0","1","43","29","72","1","0","0","0","0","0","0","0","0.66666669","0.33333334","0.66666669","0","1","1","0","0","0","0","0","1","0","0","11","1","0","0","0","0","0","0","0","0","0","0"
"CH-MC","34","4","1","3","3401","0","0","1","3","3","1","1","1","0","40","40","80","1","1","1","1","0.5","0","0","0","0","0","0","1","1","1","0","0","0","0","1","0","0","0","5","4","0","0","0","0","0","0","0","0","0","0"
"CH-MC","34","5","1","5","3401","0","0","1","3","3","1","1","0","0","32","32","64","1","1","0.5","0.5","0.5","0","1","0","0.33333334","0","0.33333334","0","0.5","0.5","0","0","0","0.5","0","0.5","0","0","4","3","0","0","0","0","0","0","0","0","0","0"
"CH-MC","34","6","1","1","3401","0","0","1","3","3","1","1","0","0","32","32","64","1","1","0","0","0.5","0","0","0","1","0","0.33333334","1","1","1","0","0","0","0","0","1","0","0","8","11","0","0","0","0","0","0","0","0","0","0"
"CH-MC","34","7","1","5","3401","0","0","1","4","4","1","0","0","1","43","29","72","1","1","0","0","1","0","0.66666669","0","0","0","1","0","1","1","0","0","0","0","0","1","0","0","5","6","0","0","0","0","0","0","0","0","0","0"
"CH-MC","34","8","1","2","3401","0","0","1","2","2","1","0","1","0","33","47","80","1","1","1","1","1","0","0.33333334","1","0","0.33333334","0.33333334","0","1","1","0.5","0","0","0","0","1","0","0.5","4","12","0","0","0","0","0","0","0","0","0","0"
"CH-MC","34","9","1","2","3401","0","0","1","2","2","1","0","1","0","33","47","80","1","1","0","0","0.5","0","0.66666669","0","0","0","0.33333334","0","0.5","0.5","0","0","0","0.5","0","0.5","0","0","7","6","0","0","0","0","0","0","0","0","0","0"
"CH-MC","34","10","1","4","3401","0","0","1","4","4","1","0","1","0","47","33","80","1","1","0","0","0","0","0","0","0.66666669","0","0","0","1","1","0","0","0","0","0","1","0","0","6","16","0","0","0","0","0","0","0","0","0","0"
"CH-MC","34","11","1","2","3401","0","0","1","2","2","1","0","1","0","33","47","80","1","0","1","1","1","0","0.66666669","1","0","0.66666669","0.66666669","0","0.5","0.5","0","0","0","0.5","0","0.5","0","0","9","15","0","0","0","0","0","0","0","0","0","0"
"CH-MC","34","12","1","3","3401","0","0","1","3","3","1","1","1","0","40","40","80","1","1","1","1","1","0","0.66666669","1","0.33333334","0","1","0","1","1","0","0","0","0","0","1","0","0","13","11","0","0","0","0","0","0","0","0","0","0"
"CH-MC","34","13","1","1","3401","0","0","1","3","3","1","1","0","0","32","32","64","1","1","0","0","1","0","1","0.5","0","0.33333334","1","0","0.5","0.5","0","0","0","0.5","0.5","0.5","0","0","5","15","0","0","0","0","0","0","0","0","0","0"
"CH-MC","34","14","1","5","3401","0","0","1","3","3","1","1","0","0","32","32","64","1","1","1","1","0.5","0","0","0","0.33333334","0","0.33333334","0","1","1","0","0","0","0","0","1","0","0","5","6","0","0","0","0","0","0","0","0","0","0"
"CH-MC","34","15","1","3","3401","0","0","1","3","3","1","1","1","0","40","40","80","1","1","1","1","1","0.33333334","0.66666669","0","0","1","0.66666669","0","0.5","0.5","0","0","0","0.5","0","0.5","0","0","6","15","0","0","0","0","0","0","0","0","0","0"
"CH-MC","34","16","1","1","3401","0","0","1","3","3","1","1","0","0","32","32","64","0.5","0.5","0","0","0.5","0","0.66666669","0","0","0.33333334","0","0","0","0","0","0","0","1","0","0","0","0","5","14","0","0","0","0","0","0","0","0","0","0"
"CH-MC","34","17","1","1","3401","0","0","1","3","3","1","1","0","0","32","32","64","0.5","0.5","0","0","0","0","0","0","0","0.33333334","0","0","0.5","0.5","0","0","0","0.5","0","0.5","0","0","5","13","0","0","0","0","0","0","0","0","0","0"
"CH-MC","34","18","1","2","3401","0","0","1","2","2","1","0","1","0","33","47","80","1","1","1","0","0","0","0.66666669","0.5","0","0.33333334","0.33333334","0","1","1","0","0","0","0","1","0.5","0","0","9","21","0","0","0","0","0","0","0","0","0","0"
"CH/A-D","35","1","2","3","21","0","1","0","2","3","0","0","0","0","15","26","41","1","0","0","0","0","0","0","0","0","0","0","0","0","0","0","0","0","1","0","0","0","0","1","4","0","0","0","0","0","0","0","0","0","0"
"CH/A-D","35","2","2","1","21","0","1","0","1","1","1","0","1","0","26","54","80","1","1","1","0","1","0","0.66666669","0","0","0","0.33333334","1","1","1","0","0","0","0","0","1","0","0","5","6","1","0","0.5","0","0.66666669","0","0","0","0.33333334","1"
"CH/A-D","35","3","2","5","21","0","1","0","5","5","1","0","1","0","54","26","80","1","1","1","1","1","0.33333334","0.66666669","0","0","0","0.33333334","1","1","1","0","0","0","0","0","1","0","0","10","14","0","1","1","0","0.66666669","0","0","0","0.33333334","1"
"CH/A-D","35","4","2","3","21","0","1","0","3","3","1","1","1","0","40","40","80","1","1","1","1","1","0","1","0","0","0","0.66666669","1","1","1","0","0","0","0","0","1","0","0","9","10","0","1","1","0","0.66666669","0","0","0","0.66666669","1"
"CH/A-D","35","5","2","4","21","0","1","0","3","3","1","1","0","0","36","36","72","1","1","1","0","0","0","1","0","0","0","0.66666669","1","1","1","0","0","0","0","0","1","0","0","7","10","0","1","0","0","0","0","0","0","0.66666669","1"
"CH/A-D","35","6","2","3","21","0","1","0","3","3","1","1","1","0","40","40","80","1","1","1","1","1","0","0.66666669","0","0","0","0.66666669","1","1","1","0","0","0","0","0","1","0","0","7","7","0","1","1","0","0","0","0","0","0.66666669","1"
"CH/A-D","35","7","2","1","21","0","1","0","3","2","0","0","0","0","18","29","47","1","1","0","0","0.5","0","1","0","0","0","0.66666669","1","1","1","0","0","0","0","0","1","0","0","11","22","0.5","0","0.5","0","1","0","0","0","0.66666669","1"
"CH/A-D","35","8","2","5","21","0","1","0","4","3","0","0","0","0","29","18","47","1","1","1","0","1","0","1","0","0","0","0.66666669","1","1","1","0","0","0","0","0","1","0","0","16","19","1","1","0","0","0.33333334","0","0","0","0.66666669","1"
"CH/A-D","35","9","2","5","21","0","1","0","4","4","1","0","0","1","43","29","72","1","1","0","0","1","1","0.66666669","0","0","0","0.66666669","1","1","1","0","0","0","0","1","0","0","0","13","12","0.5","0","1","1","0","0","0","0","0.66666669","1"
"CH/A-D","35","10","2","5","21","0","1","0","4","4","1","0","0","1","43","29","72","1","0","0","0","1","0","1","0","0.66666669","0.33333334","1","1","1","1","0","0","0","0","0","1","0","0","12","10","0.5","0","0","0","0.66666669","0","0","0","1","1"
"CH/A-D","35","11","2","3","21","0","1","0","3","3","1","1","1","0","40","40","80","1","1","1","1","1","0","1","0","0","0","0","1","1","1","0","0","0","0","0","1","0","0","8","9","0","1","0.5","0","1","0","0","0","0","1"
"CH/A-D","35","12","2","3","21","0","1","0","3","3","1","1","1","0","40","40","80","1","1","1","1","1","0","0","0","0.66666669","0","1","1","1","1","0","0","0","0","1","0","0","0","11","8","0","1","1","0","0","0","0.33333334","0","1","1"
"CH/A-D","35","13","2","3","21","0","1","0","3","3","1","1","1","0","40","40","80","1","1","1","1","1","0","0","0","1","0","0","0.5","0","0","0","0","0","1","0","0","0","0","10","4","0","1","1","0","0","0","0","0","0","0.5"
"CH/A-D","35","14","2","2","21","0","1","0","2","2","1","0","1","0","33","47","80","1","1","1","1","1","0","1","0.66666669","0","0","0.66666669","1","1","1","0","0","0","0","0","1","0","0","11","14","0","1","1","0","0.66666669","0.66666669","0","0","0.66666669","1"
"CH/A-D","35","15","2","1","21","0","1","0","2","2","1","0","0","1","29","43","72","1","1","0","0","0","0","1","0","0","0","0.66666669","1","1","1","0","0","0","0","0","1","0","0","13","26","0.5","0","0","0","0.66666669","0","0","0","0.66666669","1"
"CH/A-D","35","16","2","1","21","0","1","0","2","2","1","0","0","1","29","43","72","1","0","1","0","1","0","0.66666669","0.33333334","0","0","0.66666669","1","1","1","0","0","0","0","0","1","0","0","14","14","0.5","0.5","0.5","0","0","0.33333334","0","0","0.66666669","1"
"CH/A-D","35","17","2","1","21","0","1","0","1","2","0","0","0","0","12","29","41","1","0","0","0","1","0","0.66666669","0","0","0","0.66666669","1","1","1","0","0","0","0","0","1","0","0","12","18","0.5","0","1","0","0.66666669","0","0","0","0.66666669","1"
"CH/A-D","35","18","2","4","21","0","1","0","4","3","0","0","0","0","33","22","55","1","1","1","1","1","0","1","0","0","0","0.66666669","1","1","1","0","0","0","0","0","1","0","0","18","22","1","1","0","0","1","0","0","0","0.66666669","1"
"CH/A-D","36","1","2","3","22","0","1","0","5","3","0","0","0","0","18","12","30","1","0","0","0","0.5","0","0","1","0","0","0","0","0","0","0","0","0","1","0","0","0","0","5","8","0","0.5","0","0","0","0","0","0","0","0"
"CH/A-D","36","2","2","1","22","0","1","0","1","1","1","0","1","0","26","54","80","1","1","1","1","1","0","1","0","0","0.66666669","0","0","0","0","0","0","0","1","0","0","0","0","5","7","0.5","0","0.5","0","0","0","0","0.66666669","0","0"
"CH/A-D","36","3","2","5","22","0","1","0","5","5","1","0","1","0","54","26","80","1","0","1","1","1","0","0.33333334","0","0","0","0.66666669","0","1","1","0","0","0","0","0","1","0","0","6","13","0","1","0","0","0","0","0","0","0","0"
"CH/A-D","36","4","2","3","22","0","1","0","3","3","1","1","1","0","40","40","80","1","1","1","1","1","0","0.66666669","0","0","0","0.66666669","1","1","1","0","0","0","0","1","0.5","0","0","6","9","0","0.5","0.5","0","0","0","0","0","0.66666669","1"
"CH/A-D","36","5","2","4","22","0","1","0","4","4","1","0","1","0","47","33","80","1","0","1","1","1","0","1","1","0","0","0.66666669","1","1","0.5","0","0","0","0","0","0.5","0","0","6","12","0","1","1","0","0","1","0","0","0.66666669","1"
"CH/A-D","36","6","2","3","22","0","1","0","3","3","1","1","1","0","40","40","80","1","1","1","1","1","0","0","1","0","0","0.66666669","1","1","1","0","0","0","0","1","0.5","0","0","9","8","0","1","1","0","0","0","0","0","0","1"
"CH/A-D","36","7","2","1","22","0","1","0","1","1","1","0","1","0","26","54","80","1","0","1","1","0.5","0","0","0.66666669","1","0","1","1","1","1","0","0","0","0","1","1","0","0","5","13","0","0","0.5","0","0","0","1","0","0","1"
"CH/A-D","36","8","2","5","22","0","1","0","5","5","1","0","1","0","54","26","80","1","0","1","1","1","0","0.66666669","0.33333334","1","0","1","0.5","1","1","0","0","0","0","1","0.5","0","0","3","11","0","1","0","0","0","0","0","0","0","0.5"
"CH/A-D","36","9","2","5","22","0","1","0","3","3","1","1","0","0","32","32","64","1","1","1","1","1","0","1","0","0","0.33333334","0.33333334","1","1","1","0","0","0","0","1","1","0","0","7","10","0","1","0","0","1","0","0","0","0.33333334","1"
"CH/A-D","36","10","2","5","22","0","1","0","5","5","1","0","1","0","54","26","80","1","0","1","1","1","0","0","0","0.66666669","0","0.33333334","1","0.5","0.5","0","0","0","0","0.5","0","0","0","6","16","0","1","0","0","0","0","0","0","0","1"
"CH/A-D","36","11","2","3","22","0","1","0","3","3","1","1","1","0","40","40","80","1","1","1","1","1","0","0","0","1","0","1","1","1","1","0","0","0","0","1","1","0","0","8","12","0","0","1","0","0","0","1","0","0","1"
"CH/A-D","36","12","2","3","22","0","1","0","3","3","1","1","1","0","40","40","80","1","1","1","1","0.5","0","0","0","0","0","0","0","1","1","0","0","0","0","0.5","1","0","0","4","13","0","0","0","0","0","0","0","0","0","0"
"CH/A-D","36","13","2","3","22","0","1","0","3","3","1","1","1","0","40","40","80","1","1","1","1","0.5","0","0.66666669","0","0","0","0","1","1","1","0","0","0","0","1","1","0","0","7","11","0","1","0","0","0","0","0","0","0","1"
"CH/A-D","36","14","2","2","22","0","1","0","2","2","1","0","1","0","33","47","80","1","0","1","1","1","0","1","0","0","0","0.66666669","0.5","1","1","0","0","0","0","0","1","0","0","5","9","0","1","0","0","1","0","0","0","0.66666669","0.5"
"CH/A-D","36","15","2","1","22","0","1","0","1","1","1","0","1","0","26","54","80","1","0","1","1","0.5","0","1","0","0","0","0.66666669","0","1","1","0","0","0","0","0","1","0","0","5","6","0","1","0","0","1","0","0","0","0.66666669","0"
"CH/A-D","36","16","2","1","22","0","1","0","1","1","1","0","1","0","26","54","80","1","1","1","1","1","0","1","1","0","0","0.66666669","0","1","1","0","0","0","0","0","1","0","0","7","13","0","1","0","0","0","1","0","0","0","0"
"CH/A-D","36","17","2","1","22","0","1","0","3","2","0","0","0","0","18","29","47","1","1","0","0","0","0","1","0","0","0","0.66666669","0.5","1","1","0","0","0","0","1","1","0","0","7","12","0.5","0","0","0","0","0","0","0","0","0.5"
"CH/A-D","36","18","2","4","22","0","1","0","5","5","1","0","0","1","50","22","72","1","0","1","0","1","0","1","1","0.66666669","0","0.66666669","1","0.5","0.5","0","0","0","0","0","0.5","0","0","13","18","0","1","0","0","0.66666669","1","0","0","0.33333334","1"
"CH/A-D","37","1","2","3","23","0","1","0","3","3","1","1","1","0","40","40","80","0","0","0","0","0","0","0","1","0","0","1","0","0","0","0","0","0","1","0","0","0","0","6","6","0","0","0","0","0","0","0","0","1","0"
"CH/A-D","37","2","2","1","23","0","1","0","1","1","1","0","1","0","26","54","80","1","0","1","0","0.5","0.66666669","0.66666669","0.66666669","0","0.33333334","0.66666669","1","0","0","0","0","0","1","0","0","0","0","8","4","0","0","0.5","0.66666669","0.66666669","0.33333334","0","0","0.66666669","1"
"CH/A-D","37","3","2","5","23","0","1","0","3","3","1","1","0","0","32","32","64","1","1","1","0","1","0","1","1","0","0","0.66666669","1","1","1","0","0","0","0","1","1","0","0","8","13","1","1","0","0","0","1","0","0","0.66666669","1"
"CH/A-D","37","4","2","3","23","0","1","0","3","3","1","1","1","0","40","40","80","1","1","1","1","1","0","0","0","0","0","0","0","1","1","0","0","0","0","0","1","0","0","6","8","0","1","0","0","0","0","0","0","0","0"
"CH/A-D","37","5","2","4","23","0","1","0","3","4","0","0","0","0","22","19","41","1","0","1","1","1","0","0.66666669","0.66666669","0","0","0.66666669","1","1","1","0","0","0","0","0","1","0","0","9","13","0","1","1","0","0.66666669","0","0","0","0","1"
"CH/A-D","37","6","2","3","23","0","1","0","3","3","1","1","1","0","40","40","80","1","1","1","1","1","0","0","0","0","0","0.33333334","0","1","1","0","0","0","0","0","1","0","0","10","17","0","0","1","0","0","0","0","0","0.33333334","0"
"CH/A-D","37","7","2","1","23","0","1","0","2","2","1","0","0","1","29","43","72","1","1","1","0","1","0","1","0.66666669","0","0","0.66666669","0","1","1","0","0","0","0","0","1","0","0","13","7","0.5","1","1","0","0","0.66666669","0","0","0.66666669","0"
"CH/A-D","37","8","2","5","23","0","1","0","4","4","1","0","0","1","43","29","72","1","0","0","0","0.5","0","0","0","0","0","0","1","1","1","0","0","0","0","0","1","0","0","8","9","0.5","0","0.5","0","0","0","0","0","0","1"
"CH/A-D","37","9","2","5","23","0","1","0","4","4","1","0","0","1","43","29","72","1","0","0","0","1","0","0","0","0","0","0.33333334","0","1","1","0","0","0","0","0","1","0","0","12","13","0.5","0","0.5","0","0","0","0","0","0.33333334","0"
"CH/A-D","37","10","2","5","23","0","1","0","4","4","1","0","0","1","43","29","72","1","0","0","0","0.5","0","1","0","0.66666669","0","0.66666669","1","1","1","0","0","0","0","1","1","0","0","10","13","0.5","0","0","0","1","0","0.66666669","0","0.66666669","1"
"CH/A-D","37","11","2","3","23","0","1","0","3","3","1","1","1","0","40","40","80","1","1","1","1","0.5","0","0","0","0","0","0","1","1","1","0","0","0","0","0","1","0","0","14","18","0.5","1","0.5","0","0","0","0","0","0","1"
"CH/A-D","37","12","2","3","23","0","1","0","3","3","1","1","1","0","40","40","80","1","1","1","1","0.5","0","0","0","0.66666669","0","0","1","1","1","0","0","0","0","0","1","0","0","9","11","0","1","0","0","0","0","0.66666669","0","0","1"
"CH/A-D","37","13","2","3","23","0","1","0","3","3","1","1","1","0","40","40","80","1","1","1","1","0.5","0","0","0","1","0","1","1","1","1","0","0","0","0","1","0","0","0","7","12","0","1","0","0","0","0","1","0","0","1"
"CH/A-D","37","14","2","2","23","0","1","0","2","2","1","0","1","0","33","47","80","1","0.5","1","1","1","0","0","0","0","0","0","1","1","1","0","0","0","0","1","0","0","0","7","15","0","1","0","0","0","0","0","0","0","1"
"CH/A-D","37","15","2","1","23","0","1","0","2","2","1","0","0","1","29","43","72","1","0","0","0","0.5","0","0","0","0","0","0","0.5","1","1","0","0","0","0","1","0","0","0","7","7","0.5","0","0","0","0","0","0","0","0","0.5"
"CH/A-D","37","16","2","1","23","0","1","0","2","2","1","0","0","1","29","43","72","1","0","0","0","1","0","0.66666669","0","0","0","0","0.5","1","1","0","0","0","0","0","1","0","0","11","14","0.5","0","1","0","0","0","0","0","0","0.5"
"CH/A-D","37","17","2","1","23","0","1","0","2","2","1","0","0","1","29","43","72","1","0","0","0","0","0","0","0","0","0","0","0","1","1","0","0","0","0","0","1","0","0","7","15","0.5","0","0","0","0","0","0","0","0","0"
"CH/A-D","37","18","2","4","23","0","1","0","4","4","1","0","1","0","47","33","80","1","0","1","1","0","0","0","0","0","0","0","0","1","1","0","0","0","0","0","1","0","0","10","20","0","1","0","0","0","0","0","0","0","0"
"CH/S-D","29","1","2","4","2902","1","0","0","3","2","0","0","0","0","26","29","55","0","0","0","0","0","0","0","0","0","0","0","0","0","0","0","0","0","1","0","0","0","0","0","0","0","0","0","0","0","0","0","0","0","0"
"CH/S-D","29","2","2","1","2902","1","0","0","3","3","1","1","0","0","32","32","64","1","1","0","0","1","0","0","0","0","0","0","0","0","0","0","0","0","1","0","0","0","0","0","4","0","0","0","0","0","0","0","0","0","0"
"CH/S-D","29","3","2","5","2902","1","0","0","3","2","0","0","0","0","18","21","39","0","0","0","0","1","0","0.66666669","1","0","0","0.33333334","0","0","0","0","0","0","1","0","0","0","0","0","4","0","0","0","0","0","0","0","0","0","0"
"CH/S-D","29","4","2","3","2902","1","0","0","1","1","1","0","0","1","18","46","64","1","0","0","0","1","0","0","1","0","0","0","0","0","0","0","0","0","1","0","0","0","0","0","6","0","0","0","0","0","0","0","0","0","0"
"CH/S-D","29","5","2","4","2902","1","0","0","5","5","1","0","0","1","50","22","72","1","0","0","0","1","0","0","0","0","0","0","0","0","0","0","0","0","1","0","0","0","0","0","3","0","0","0","0","0","0","0","0","0","0"
"CH/S-D","29","6","2","3","2902","1","0","0","3","3","1","1","1","0","40","40","80","1","1","1","1","1","0","1","0","0","0","0","0","0","0","0","0","0","1","0","0","0","0","0","9","0","0","0","0","0","0","0","0","0","0"
"CH/S-D","29","7","2","1","2902","1","0","0","3","3","1","1","0","0","32","32","64","1","1","0","0","1","0","0.33333334","0.5","0","0","0.33333334","0","0","0","0","0","0","1","0","0","0","0","0","8","0","0","0","0","0","0","0","0","0","0"
"CH/S-D","29","8","2","5","2902","1","0","0","5","5","1","0","1","0","54","26","80","1","0","1","1","1","0","0","1","0","0","0","0","0","0","0","0","0","1","0","0","0","0","0","4","0","0","0","0","0","0","0","0","0","0"
"CH/S-D","29","9","2","5","2902","1","0","0","1","1","1","0","0","1","10","38","48","1","0","0","0","1","0","0","0","0","0","0","0","0","0","0","0","0","1","0","0","0","0","0","3","0","0","0","0","0","0","0","0","0","0"
"CH/S-D","29","10","2","5","2902","1","0","0","5","5","1","0","1","0","54","26","80","1","0","1","1","1","0","0","0","0","0","0","0","0","0","0","0","0","1","0","0","0","0","0","2","0","0","0","0","0","0","0","0","0","0"
"CH/S-D","29","11","2","3","2902","1","0","0","3","3","1","1","1","0","40","40","80","1","1","1","0.5","1","0","0.66666669","1","0","0","0","0","0","0","0","0","0","1","0","0","0","0","0","9","0","0","0","0","0","0","0","0","0","0"
"CH/S-D","29","12","2","3","2902","1","0","0","3","3","1","1","1","0","40","40","80","0.5","0.5","0.5","0.5","1","0.33333334","0.33333334","0","0","0","0","0","0","0","0","0","0","1","0","0","0","0","0","2","0","0","0","0","0","0","0","0","0","0"
"CH/S-D","29","13","2","3","2902","1","0","0","3","3","1","1","1","0","40","40","80","0.5","0.5","0.5","0.5","1","0","0.33333334","0.5","0","0.66666669","0.33333334","0","0","0","0","0","0","1","0","0","0","0","0","10","0","0","0","0","0","0","0","0","0","0"
"CH/S-D","29","14","2","2","2902","1","0","0","2","2","1","0","1","0","33","47","80","1","0","1","1","1","0","0.33333334","0","0","0","0.33333334","0","0","0","0","0","0","1","0","0","0","0","0","10","0","0","0","0","0","0","0","0","0","0"
"CH/S-D","29","15","2","1","2902","1","0","0","1","1","1","0","1","0","26","54","80","1","0","1","1","1","0.33333334","0","0","0","0","0","0","0","0","0","0","0","1","0","0","0","0","0","13","0","0","0","0","0","0","0","0","0","0"
"CH/S-D","29","16","2","1","2902","1","0","0","1","1","1","0","1","0","26","54","80","1","0","1","1","1","0","0","1","0","0","0","0","0","0","0","0","0","1","0","0","0","0","0","9","0","0","0","0","0","0","0","0","0","0"
"CH/S-D","29","17","2","1","2902","1","0","0","3","3","1","1","0","0","32","32","64","1","1","0","0","1","0","0","0.5","0","0","0","0","0","0","0","0","0","1","0","0","0","0","0","6","0","0","0","0","0","0","0","0","0","0"
"CH/S-D","29","18","2","4","2902","1","0","0","5","5","1","0","0","1","50","22","72","1","0","0","0","1","0","0","0","0","0","0","0","0","0","0","0","0","1","0","0","0","0","0","3","0","0","0","0","0","0","0","0","0","0"
"CH/S-D","30","1","2","3","3002","1","0","0","3","3","1","1","1","0","40","40","80","1","1","1","1","0","0.33333334","0","0","0","0","0","0","0","0","0","0","0","1","0","0","0","0","0","2","0","0","0","0","0","0","0","0","0","0"
"CH/S-D","30","2","2","1","3002","1","0","0","3","3","1","1","0","0","32","32","64","1","1","0","0","1","0","0.33333334","1","0","0","0.33333334","0","0","0","0","0","0","1","0","0","0","0","0","5","0","0","0","0","0","0","0","0","0","0"
"CH/S-D","30","3","2","5","3002","1","0","0","3","3","1","1","0","0","32","32","64","1","1","0","0","1","0","0","0","0","0","0","0","0","0","0","0","0","1","0","0","0","0","0","2","0","0","0","0","0","0","0","0","0","0"
"CH/S-D","30","4","2","3","3002","1","0","0","3","3","1","1","1","0","40","40","80","1","1","1","1","1","0.33333334","0.66666669","1","0","1","0.33333334","0","0","0","0","0","0","1","0","0","0","0","0","9","0","0","0","0","0","0","0","0","0","0"
"CH/S-D","30","5","2","4","3002","1","0","0","1","1","1","0","0","1","14","42","56","1","0","0","0","1","0","0","1","0","0","0","0","0","0","0","0","0","1","0","0","0","0","0","3","0","0","0","0","0","0","0","0","0","0"
"CH/S-D","30","6","2","3","3002","1","0","0","5","5","1","0","0","1","46","18","64","1","0","0","0","1","0","0","0","0","0","0","0","0","0","0","0","0","1","0","0","0","0","0","4","0","0","0","0","0","0","0","0","0","0"
"CH/S-D","30","7","2","1","3002","1","0","0","3","3","1","1","0","0","32","32","64","1","1","0","0","1","0.33333334","0.66666669","0.5","0","0.33333334","0.33333334","0","0","0","0","0","0","1","0","0","0","0","0","12","0","0","0","0","0","0","0","0","0","0"
"CH/S-D","30","8","2","5","3002","1","0","0","5","5","1","0","1","0","54","26","80","1","1","1","1","1","0.33333334","0.33333334","1","0","0.66666669","0.66666669","0","0","0","0","0","0","1","0","0","0","0","0","11","0","0","0","0","0","0","0","0","0","0"
"CH/S-D","30","9","2","5","3002","1","0","0","1","1","1","0","0","1","10","38","48","1","0","0","0","1","0.33333334","0.33333334","0","0","0.66666669","0.33333334","0","0","0","0","0","0","1","0","0","0","0","0","8","0","0","0","0","0","0","0","0","0","0"
"CH/S-D","30","10","2","5","3002","1","0","0","3","3","1","1","0","0","32","32","64","1","1","0","0","1","0","0","0","0","0","0","0","0","0","0","0","0","1","0","0","0","0","0","4","0","0","0","0","0","0","0","0","0","0"
"CH/S-D","30","11","2","3","3002","1","0","0","3","3","1","1","1","0","40","40","80","1","1","1","1","1","0","0","0","0","0","0","0","0","0","0","0","0","1","0","0","0","0","0","3","0","0","0","0","0","0","0","0","0","0"
"CH/S-D","30","12","2","3","3002","1","0","0","3","3","1","1","1","0","40","40","80","1","1","1","0.5","1","0","0.33333334","0.5","0","0","0.33333334","0","0","0","0","0","0","1","0","0","0","0","0","7","0","0","0","0","0","0","0","0","0","0"
"CH/S-D","30","13","2","3","3002","1","0","0","3","3","1","1","1","0","40","40","80","1","1","1","1","1","0","0","0","0","0","0","0","0","0","0","0","0","1","0","0","0","0","0","2","0","0","0","0","0","0","0","0","0","0"
"CH/S-D","30","14","2","2","3002","1","0","0","3","3","1","1","0","0","36","36","72","1","1","0","0","0","0","0","0","0","0","0","0","0","0","0","0","0","1","0","0","0","0","0","2","0","0","0","0","0","0","0","0","0","0"
"CH/S-D","30","15","2","1","3002","1","0","0","3","3","1","1","0","0","32","32","64","1","1","0","0","1","0","0","0","0","0","0","0","0","0","0","0","0","1","0","0","0","0","0","2","0","0","0","0","0","0","0","0","0","0"
"CH/S-D","30","16","2","1","3002","1","0","0","3","3","1","1","0","0","32","32","64","1","1","0","0","1","0","0","0","0","0","0","0","0","0","0","0","0","1","0","0","0","0","0","3","0","0","0","0","0","0","0","0","0","0"
"CH/S-D","30","17","2","1","3002","1","0","0","3","3","1","1","0","0","32","32","64","1","1","0","0","1","0","0","0","0","0","0","0","0","0","0","0","0","1","0","0","0","0","0","8","0","0","0","0","0","0","0","0","0","0"
"CH/S-D","30","18","2","4","3002","1","0","0","3","3","1","1","0","0","36","36","72","1","1","0","0","1","0","0","0","0","0","0.33333334","0","0","0","0","0","0","1","0","0","0","0","0","2","0","0","0","0","0","0","0","0","0","0"
"CH/S-D","31","1","2","3","3102","1","0","0","1","3","0","0","0","0","-10","12","2","1","0.5","0.5","0","0.5","0","0","0.5","1","0","0.66666669","0","0","0","0","0","0","1","0","0","0","0","0","11","0","0","0","0","0","0","0","0","0","0"
"CH/S-D","31","2","2","1","3102","1","0","0","3","5","0","0","0","0","4","-18","-14","1","0","1","0","1","0.33333334","0.66666669","0.5","0.33333334","0","0","0","0","0","0","0","0","1","0","0","0","0","0","11","0","0","0","0","0","0","0","0","0","0"
"CH/S-D","31","3","2","5","3102","1","0","0","5","2","0","0","0","0","12","-7","5","1","1","1","1","0.5","1","0.33333334","0.5","0.33333334","0","0.66666669","0","0","0","0","0","0","1","0","0","0","0","0","13","0","0","0","0","0","0","0","0","0","0"
"CH/S-D","31","4","2","3","3102","1","0","0","3","3","1","1","1","0","40","40","80","1","1","1","0.5","1","0.33333334","0.33333334","0.5","0.33333334","0","0.66666669","0","0","0","0","0","0","1","0","0","0","0","0","15","0","0","0","0","0","0","0","0","0","0"
"CH/S-D","31","5","2","4","3102","1","0","0","5","5","1","0","0","1","50","22","72","1","1","0","0","1","0","0.33333334","1","0.33333334","0","0.33333334","0","0","0","0","0","0","1","0","0","0","0","0","12","0","0","0","0","0","0","0","0","0","0"
"CH/S-D","31","6","2","3","3102","1","0","0","2","2","1","0","0","1","29","43","72","1","0","0","0","1","0","0.33333334","1","0.66666669","0","0.33333334","0","0","0","0","0","0","1","0","0","0","0","0","13","0","0","0","0","0","0","0","0","0","0"
"CH/S-D","31","7","2","1","3102","1","0","0","1","1","1","0","1","0","26","54","80","1","0","1","1","1","0","0.66666669","1","0","0","0.33333334","0","0","0","0","0","0","1","0","0","0","0","0","14","0","0","0","0","0","0","0","0","0","0"
"CH/S-D","31","8","2","5","3102","1","0","0","5","5","1","0","1","0","54","26","80","1","0","1","1","0.5","0","0","0","0.33333334","0","0.33333334","0","0","0","0","0","0","1","0","0","0","0","0","18","0","0","0","0","0","0","0","0","0","0"
"CH/S-D","31","9","2","5","3102","1","0","0","5","5","1","0","1","0","54","26","80","1","0","1","1","0.5","0","0.66666669","1","0","0","0.33333334","0","0","0","0","0","0","1","0","0","0","0","0","13","0","0","0","0","0","0","0","0","0","0"
"CH/S-D","31","10","2","5","3102","1","0","0","5","5","1","0","1","0","54","26","80","1","0","1","1","1","0","0.33333334","1","1","0","0.33333334","0","0","0","0","0","0","1","0","0","0","0","0","20","0","0","0","0","0","0","0","0","0","0"
"CH/S-D","31","11","2","3","3102","1","0","0","1","1","1","0","0","1","18","46","64","1","0","0","0","1","0","0","1","1","0","1","0","0","0","0","0","0","1","0","0","0","0","0","9","0","0","0","0","0","0","0","0","0","0"
"CH/S-D","31","12","2","3","3102","1","0","0","4","4","1","0","0","1","43","29","72","1","0","0","0","1","0","0.66666669","0","0","0","0.33333334","0","0","0","0","0","0","1","0","0","0","0","0","12","0","0","0","0","0","0","0","0","0","0"
"CH/S-D","31","13","2","3","3102","1","0","0","3","3","1","1","1","0","40","40","80","1","1","1","1","1","0","0.66666669","1","0.33333334","0","0.66666669","0","0","0","0","0","0","1","0","0","0","0","0","10","0","0","0","0","0","0","0","0","0","0"
"CH/S-D","31","14","2","2","3102","1","0","0","2","2","1","0","1","0","33","47","80","1","0","1","1","1","0","0.66666669","0","0","0","0.33333334","0","0","0","0","0","0","1","0","0","0","0","0","9","0","0","0","0","0","0","0","0","0","0"
"CH/S-D","31","15","2","1","3102","1","0","0","1","1","1","0","1","0","26","54","80","1","0","1","1","1","0","0","1","0","0","0","0","0","0","0","0","0","1","0","0","0","0","0","10","0","0","0","0","0","0","0","0","0","0"
"CH/S-D","31","16","2","1","3102","1","0","0","3","3","1","1","0","0","32","32","64","1","1","0","0","1","0","0","0","0","0","0","0","0","0","0","0","0","1","0","0","0","0","0","10","0","0","0","0","0","0","0","0","0","0"
"CH/S-D","31","17","2","1","3102","1","0","0","3","3","1","1","0","0","32","32","64","1","1","0","0","1","0","0","0","0","0","0","0","0","0","0","0","0","1","0","0","0","0","0","8","0","0","0","0","0","0","0","0","0","0"
"CH/S-D","31","18","2","4","3102","1","0","0","4","4","1","0","1","0","47","33","80","1","0","1","1","1","0","0","0","0","0","0","0","0","0","0","0","0","1","0","0","0","0","0","3","0","0","0","0","0","0","0","0","0","0"
"CH-MC","32","1","2","3","3202","0","0","1","1","1","1","0","0","1","18","46","64","1","0","0","0","0","0","0","0","0","0","0","0","1","0","1","0","0","0","0","0","1","0","0","5","0","0","0","0","0","0","0","0","0","0"
"CH-MC","32","2","2","1","3202","0","0","1","1","1","1","0","1","0","26","54","80","0.5","0","0.5","0.5","0.5","0","0","0","0","0","0","0.5","1","1","0","0","0","0","1","1","0","0","2","6","0","0","0","0","0","0","0","0","0","0"
"CH-MC","32","3","2","5","3202","0","0","1","5","5","1","0","1","0","54","26","80","1","1","1","0","1","0.33333334","0.33333334","0","0","0.66666669","0","0.5","0.5","0.5","0.5","0.5","0.33333334","0.5","0.5","0","0","0.5","3","6","0","0","0","0","0","0","0","0","0","0"
"CH-MC","32","4","2","3","3202","0","0","1","3","3","1","1","1","0","40","40","80","1","1","1","0.5","1","0.33333334","0.33333334","0.5","0.33333334","1","0.33333334","0","0.5","0.5","0","0","0","0.5","0.5","0.5","0","0","5","16","0","0","0","0","0","0","0","0","0","0"
"CH-MC","32","5","2","4","3202","0","0","1","3","3","1","1","0","0","36","36","72","0","0","0","0","0.5","0","0","0","0.33333334","0.33333334","0","0.5","1","0","1","0","0","0","0","0","1","1","2","2","0","0","0","0","0","0","0","0","0","0"
"CH-MC","32","6","2","3","3202","0","0","1","3","3","1","1","1","0","40","40","80","1","1","1","0.5","0.5","0","0","1","0.33333334","0","0.66666669","0","1","1","0","0","0","0","1","0.5","0","0","2","10","0","0","0","0","0","0","0","0","0","0"
"CH-MC","32","7","2","1","3202","0","0","1","3","3","1","1","0","0","32","32","64","0.5","0.5","0","0","0.5","0","0","0","0.66666669","0","0.33333334","0","0.5","0","0.5","0","0","0.5","0","0","0.5","0.5","4","11","0","0","0","0","0","0","0","0","0","0"
"CH-MC","32","8","2","5","3202","0","0","1","3","3","1","1","0","0","32","32","64","0.5","0.5","0","0","0.5","0","0","0","0.66666669","0","0","0","0","0","0","0","0","1","0","0","0","0","2","7","0","0","0","0","0","0","0","0","0","0"
"CH-MC","32","9","2","5","3202","0","0","1","5","5","1","0","1","0","54","26","80","1","0","1","0.5","1","0","0","0.5","0.33333334","0","0.66666669","0","0.5","0.5","0","0","0","0.5","0","0.5","0","0","4","15","0","0","0","0","0","0","0","0","0","0"
"CH-MC","32","10","2","5","3202","0","0","1","5","5","1","0","1","0","54","26","80","0.5","0","0.5","0.5","0.5","0","0.33333334","0.5","1","0.66666669","0.66666669","0","0.5","0.5","0","0","0","0.5","0.5","0.5","0","0","8","9","0","0","0","0","0","0","0","0","0","0"
"CH-MC","32","11","2","3","3202","0","0","1","3","3","1","1","1","0","40","40","80","1","1","1","0.5","1","0","0","0","0.33333334","0","0","0.5","1","1","0","0","0","0","1","1","0","0","5","12","0","0","0","0","0","0","0","0","0","0"
"CH-MC","32","12","2","3","3202","0","0","1","3","3","1","1","1","0","40","40","80","1","1","1","1","0.5","0","0.33333334","0","0","0","0","0","0.5","0.5","0","0","0","0.5","0.5","0.5","0","0","3","10","0","0","0","0","0","0","0","0","0","0"
"CH-MC","32","13","2","3","3202","0","0","1","3","3","1","1","1","0","40","40","80","1","1","1","1","0.5","0","0","0","0","0","0","0","0.5","0.5","0","0","0","0.5","0","0.5","0","0","2","6","0","0","0","0","0","0","0","0","0","0"
"CH-MC","32","14","2","2","3202","0","0","1","2","2","1","0","1","0","33","47","80","1","1","1","1","1","0","1","1","0","0","0.33333334","0","1","1","0","0","0","0","0","1","0","0","4","9","0","0","0","0","0","0","0","0","0","0"
"CH-MC","32","15","2","1","3202","0","0","1","1","1","1","0","1","0","26","54","80","1","0","1","0.5","0.5","0","0.66666669","0","0","0","0.33333334","0","0.5","0.5","0","0","0","0.5","0","0.5","0","0","2","11","0","0","0","0","0","0","0","0","0","0"
"CH-MC","32","16","2","1","3202","0","0","1","1","1","1","0","1","0","26","54","80","1","0","1","0.5","0","0","0.66666669","1","0","0","0","0","0.5","0.5","0","0","0","0.5","0","0.5","0","0","2","13","0","0","0","0","0","0","0","0","0","0"
"CH-MC","32","17","2","1","3202","0","0","1","1","1","1","0","1","0","26","54","80","1","0","1","1","0.5","0.33333334","0.66666669","0","0","0.33333334","0.66666669","0","0.5","0.5","0","0","0","0.5","0.5","0.5","0","0","3","16","0","0","0","0","0","0","0","0","0","0"
"CH-MC","32","18","2","4","3202","0","0","1","4","4","1","0","1","0","47","33","80","1","0","1","0.5","1","0","0.66666669","0","0","0","0.33333334","0","0.5","0.5","0","0","0","0.5","0","0.5","0","0","9","14","0","0","0","0","0","0","0","0","0","0"
"CH-MC","33","1","2","3","3302","0","0","1","4","4","1","0","0","1","43","29","72","0","0","0","0","0","0","0","0","0","0","0","0","0","0","0","0","0","1","0","0","0","0","0","0","0","0","0","0","0","0","0","0","0","0"
"CH-MC","33","2","2","1","3302","0","0","1","5","5","1","0","0","1","38","10","48","0","0","0","0","0","0","0","0","0","0","0","0","0","0","0","0","0","1","0","0","0","0","0","0","0","0","0","0","0","0","0","0","0","0"
"CH-MC","33","3","2","5","3302","0","0","1","5","5","1","0","1","0","54","26","80","0","0","0","0","0","0","0","0","0","0.33333334","0","0","1","1","0","0","0","0","1","0","0","0","0","2","0","0","0","0","0","0","0","0","0","0"
"CH-MC","33","4","2","3","3302","0","0","1","3","3","1","1","1","0","40","40","80","1","1","1","1","0","0","1","1","0","0.33333334","1","0","1","1","0","0","0","0","1","0","0","0","4","13","0","0","0","0","0","0","0","0","0","0"
"CH-MC","33","5","2","4","3302","0","0","1","1","1","1","0","0","1","14","42","56","1","0","0","0","0.5","0.66666669","1","0.5","0","0","1","0.5","0","0","0","0","0","1","0","0","0","0","6","13","0","0","0","0","0","0","0","0","0","0"
"CH-MC","33","6","2","3","3302","0","0","1","1","1","1","0","0","1","18","46","64","1","1","1","0","0","0","1","1","0","0","0.33333334","0","0","0","0","0","0","1","0","0","0","0","2","13","0","0","0","0","0","0","0","0","0","0"
"CH-MC","33","7","2","1","3302","0","0","1","2","2","1","0","0","1","29","43","72","1","1","1","0","0.5","0","1","0.5","0","0","0.66666669","0","1","1","0","0","0","0","1","0","0","0","5","18","0","0","0","0","0","0","0","0","0","0"
"CH-MC","33","8","2","5","3302","0","0","1","5","5","1","0","1","0","54","26","80","1","1","1","0","0.5","0","1","0.5","0","1","0.66666669","0","0","0","0","0","0","1","0","0","0","0","4","19","0","0","0","0","0","0","0","0","0","0"
"CH-MC","33","9","2","5","3302","0","0","1","3","3","1","1","0","0","32","32","64","1","1","0","0","1","0.33333334","1","0.5","0","0.33333334","0.33333334","0","0","0","0","0","0","1","0","0","0","0","8","11","0","0","0","0","0","0","0","0","0","0"
"CH-MC","33","10","2","5","3302","0","0","1","5","5","1","0","1","0","54","26","80","1","1","1","1","0","0","0.66666669","0.5","0","0.66666669","1","0","1","1","0","0","0","0","1","0","0","0","2","22","0","0","0","0","0","0","0","0","0","0"
"CH-MC","33","11","2","3","3302","0","0","1","3","3","1","1","1","0","40","40","80","1","1","1","0.5","0.5","0","1","0.5","0","1","0.66666669","0","1","1","0","0","0","0","0","1","0","0","4","18","0","0","0","0","0","0","0","0","0","0"
"CH-MC","33","12","2","3","3302","0","0","1","3","3","1","1","1","0","40","40","80","1","1","1","1","0.5","0.33333334","0","0.5","0","1","0.66666669","0","1","1","0","0","0","0","1","1","0","0","1","10","0","0","0","0","0","0","0","0","0","0"
"CH-MC","33","13","2","3","3302","0","0","1","3","3","1","1","1","0","40","40","80","0","0","0","0","0.5","0","0.66666669","0.5","0","0.66666669","0.66666669","0","1","1","0","0","0","0","0.5","1","0","0","6","19","0","0","0","0","0","0","0","0","0","0"
"CH-MC","33","14","2","2","3302","0","0","1","2","2","1","0","1","0","33","47","80","1","0","1","1","0.5","0","0","0","0","0","0","0","1","1","0","0","0","0","1","1","0","0","1","5","0","0","0","0","0","0","0","0","0","0"
"CH-MC","33","15","2","1","3302","0","0","1","1","1","1","0","1","0","26","54","80","1","0","1","0.5","1","0","0.33333334","1","0","0.33333334","0","0","1","1","0","0","0","0","0","1","0","0","2","6","0","0","0","0","0","0","0","0","0","0"
"CH-MC","33","16","2","1","3302","0","0","1","1","1","1","0","1","0","26","54","80","1","0","1","1","0.5","0","0","0","0","0","0","0","1","1","0","0","0","0","0","1","0","0","1","3","0","0","0","0","0","0","0","0","0","0"
"CH-MC","33","17","2","1","3302","0","0","1","1","1","1","0","1","0","26","54","80","1","0","1","1","0","0","0","0","0","0","0","0","1","1","0","0","0","0","0","1","0","0","0","2","0","0","0","0","0","0","0","0","0","0"
"CH-MC","33","18","2","4","3302","0","0","1","4","4","1","0","1","0","47","33","80","1","1","1","0","0.5","0","0","0.5","0","0","0.33333334","0.5","1","1","1","1","0.66666669","0","1","0","0","1","9","33","0","0","0","0","0","0","0","0","0","0"
"CH-MC","34","1","2","3","3402","0","0","1","2","2","1","0","0","1","29","43","72","0","0","0","0","0","0","0","0.5","0","0","0","0","0","0","0","0","0","1","0","0","0","0","1","3","0","0","0","0","0","0","0","0","0","0"
"CH-MC","34","2","2","1","3402","0","0","1","4","4","1","0","0","1","35","21","56","1","0","0","0","0.5","0","0.66666669","0.5","1","1","0.33333334","0","0","0","0","0","0","1","0","0","0","0","4","5","0","0","0","0","0","0","0","0","0","0"
"CH-MC","34","3","2","5","3402","0","0","1","3","3","1","1","0","0","32","32","64","1","1","0","0","0","0","1","0","0","0","0.33333334","0","1","1","0","0","0","0","0","1","0","0","1","6","0","0","0","0","0","0","0","0","0","0"
"CH-MC","34","4","2","3","3402","0","0","1","3","3","1","1","1","0","40","40","80","1","1","1","1","1","1","0.66666669","1","0","0.33333334","0","1","1","1","0","0","0","0","0","1","0","0","5","9","0","0","0","0","0","0","0","0","0","0"
"CH-MC","34","5","2","4","3402","0","0","1","3","3","1","1","0","0","36","36","72","1","1","0","0","1","0","0.33333334","0.5","0.33333334","0.33333334","0.66666669","0","0.5","0.5","0","0","0","0.5","0","0.5","0","0","1","11","0","0","0","0","0","0","0","0","0","0"
"CH-MC","34","6","2","3","3402","0","0","1","3","3","1","1","1","0","40","40","80","1","1","1","0.5","0.5","0","1","0","0","0.33333334","0.66666669","0","1","1","0","0","0","0","1","1","0","0","2","8","0","0","0","0","0","0","0","0","0","0"
"CH-MC","34","7","2","1","3402","0","0","1","3","3","1","1","0","0","32","32","64","1","1","0","0","1","0","0","0","0","0","0","0","1","1","0","0","0","0","0","1","0","0","1","4","0","0","0","0","0","0","0","0","0","0"
"CH-MC","34","8","2","5","3402","0","0","1","3","3","1","1","0","0","32","32","64","1","1","0","0","0","0","0","0","0","0","0","0","1","1","0","0","0","0","0","1","0","0","1","14","0","0","0","0","0","0","0","0","0","0"
"CH-MC","34","9","2","5","3402","0","0","1","3","3","1","1","0","0","32","32","64","1","1","0.5","0","0.5","0","0.66666669","0.5","0.33333334","0","0.33333334","0","1","1","0","0","0","0","0","1","0","0","3","13","0","0","0","0","0","0","0","0","0","0"
"CH-MC","34","10","2","5","3402","0","0","1","3","3","1","1","0","0","32","32","64","1","1","0","0","0.5","0.33333334","0","0","1","0","0.33333334","0","1","1","0","0","0","0","1","0","0","0","4","12","0","0","0","0","0","0","0","0","0","0"
"CH-MC","34","11","2","3","3402","0","0","1","3","3","1","1","1","0","40","40","80","1","1","1","0.5","0.5","0","0","0","0","0","0","0","0.5","0.5","0","0","0","0.5","0.5","0.5","0","0","4","12","0","0","0","0","0","0","0","0","0","0"
"CH-MC","34","12","2","3","3402","0","0","1","3","3","1","1","1","0","40","40","80","1","1","1","1","0.5","0","0","0.5","0","0","0","0","1","1","0","0","0","0","0","1","0","0","6","23","0","0","0","0","0","0","0","0","0","0"
"CH-MC","34","13","2","3","3402","0","0","1","3","3","1","1","1","0","40","40","80","1","1","1","1","0","0","0.66666669","0.5","0","0","0","0","1","1","0","0","0","0","0","1","0","0","7","14","0","0","0","0","0","0","0","0","0","0"
"CH-MC","34","14","2","2","3402","0","0","1","3","3","1","1","0","0","36","36","72","1","1","0","0","0.5","0","1","0","0.66666669","0","0.33333334","0","1","1","0","0","0","0","0","1","0","0","7","19","0","0","0","0","0","0","0","0","0","0"
"CH-MC","34","15","2","1","3402","0","0","1","3","3","1","1","0","0","32","32","64","1","1","0","0","0.5","0.33333334","0","0","0.66666669","0.33333334","0.33333334","0","1","1","0","0","0","0","0","1","0","0","9","15","0","0","0","0","0","0","0","0","0","0"
"CH-MC","34","16","2","1","3402","0","0","1","3","3","1","1","0","0","32","32","64","0","0","0","0","0","0","0","0","0","0","0","0","0","0","0","0","0","1","0","0","0","0","5","14","0","0","0","0","0","0","0","0","0","0"
"CH-MC","34","17","2","1","3402","0","0","1","3","3","1","1","0","0","32","32","64","0","0","0","0","0","0","0","0","0","0","0","0","0.5","0.5","0","0","0","0.5","0","0.5","0","0","5","20","0","0","0","0","0","0","0","0","0","0"
"CH-MC","34","18","2","4","3402","0","0","1","3","3","1","1","0","0","36","36","72","0","0","0","0","0","0","0","0","0","0","0","0","0","0","0","0","0","1","0","0","0","0","7","22","0","0","0","0","0","0","0","0","0","0"
"CH/A-D","35","1","3","3","31","0","1","0","3","3","1","1","1","0","40","40","80","1","0","0","0","0","0","0","0","0.66666669","0.33333334","0.33333334","0","1","1","0","0","0","0","0","1","0","0","1","7","0","0","0","0","0","0","0","0","0","0"
"CH/A-D","35","2","3","4","31","0","1","0","4","4","1","0","1","0","47","33","80","1","0","1","1","1","0","0","0.33333334","0","0","0","0","0","0","0","0","0","1","0","0","0","0","1","6","0","0","0","0","0","0","0","0","0","0"
"CH/A-D","35","3","3","1","31","0","1","0","3","3","1","1","0","0","32","32","64","1","1","0","0","1","0","0.66666669","0","0","0","0.66666669","0","0","0","0","0","0","1","0","0","0","0","1","9","0","0","1","0","0","0","0","0","0","0"
"CH/A-D","35","4","3","4","31","0","1","0","4","4","1","0","1","0","47","33","80","1","0","1","1","1","0","0","0.66666669","0","0","0.66666669","0","0","0","0","0","0","1","0","0","0","0","0","5","0","0","0","0","0","0","0","0","0","0"
"CH/A-D","35","5","3","4","31","0","1","0","4","4","1","0","1","0","47","33","80","1","1","1","1","1","1","0.66666669","0.66666669","0","0.66666669","1","0","0.5","0.5","0","0","0","0","0","0.5","0","0","3","12","0","0.5","1","0","0","0","0","0","0","0"
"CH/A-D","35","6","3","5","31","0","1","0","4","4","1","0","0","1","43","29","72","1","0","0","0","0","0","0.33333334","0.66666669","0","0","0.66666669","0","1","1","0","0","0","0","0","1","0","0","3","9","0","0","0","0","0","0","0","0","0","0"
"CH/A-D","35","7","3","1","31","0","1","0","2","2","1","0","0","1","29","43","72","1","0","1","1","1","0","0","0.66666669","0","0","0.66666669","0","0","0","0","0","0","1","0","0","0","0","0","11","0","0","0","0","0","0","0","0","0","0"
"CH/A-D","35","8","3","4","31","0","1","0","4","4","1","0","1","0","47","33","80","1","1","1","1","0.5","0","0","0","0","0","0.66666669","0","1","1","0","0","0","0","0","1","0","0","3","14","0.5","1","0","0","0","0","0","0","0","0"
"CH/A-D","35","9","3","3","31","0","1","0","3","3","1","1","1","0","40","40","80","1","1","1","1","1","0","0","0","0","0","0","1","1","1","0","0","0","0","1","1","0","0","6","9","0","1","0","0","0","0","0","0","0","1"
"CH/A-D","35","10","3","3","31","0","1","0","3","3","1","1","1","0","40","40","80","1","1","1","1","1","0.66666669","0.66666669","0.66666669","0.66666669","0","0.33333334","0","0","0","0","0","0","1","0","0","0","0","4","11","0","0","0","0","0","0.66666669","0","0","0","0"
"CH/A-D","35","11","3","4","31","0","1","0","4","4","1","0","1","0","47","33","80","1","0","1","1","1","0","0","0","0","0","0","0","1","1","0","0","0","0","0","1","0","0","2","14","0","0","1","0","0","0","0","0","0","0"
"CH/A-D","35","12","3","4","31","0","1","0","4","4","1","0","1","0","47","33","80","1","0","1","1","1","0","0","0","0","0","0","1","1","1","0","0","0","0","0","1","0","0","3","8","0","1","1","0","0","0","0","0","0","1"
"CH/A-D","35","13","3","2","31","0","1","0","2","2","1","0","1","0","33","47","80","1","0","1","1","1","0","0.66666669","0","0","0","0.66666669","0","1","1","0","0","0","0","0","1","0","0","3","7","0","0","1","0","0.66666669","0","0","0","0.66666669","0"
"CH/A-D","35","14","3","2","31","0","1","0","2","2","1","0","1","0","33","47","80","1","0","1","1","1","0","0","0","0","0.66666669","0","0","1","1","0","0","0","0","0","1","0","0","5","9","0","0","1","0","0","0","0","0","0","0"
"CH/A-D","35","15","3","4","31","0","1","0","4","4","1","0","1","0","47","33","80","1","0","1","1","1","0","0.66666669","0.66666669","0","0.66666669","1","0","1","1","0","0","0","0","1","0","0","0","5","11","0","0","0","0","0","0","0","0","1","0"
"CH/A-D","35","16","3","4","31","0","1","0","4","4","1","0","1","0","47","33","80","1","0","1","1","0","0","0","0","0","0","0.66666669","0","0.5","0.5","0","0","0","0","0.5","0","0","0","5","7","0","0","0","0","0","0","0","0","0.66666669","0"
"CH/A-D","35","17","3","3","31","0","1","0","3","3","1","1","1","0","40","40","80","0","0","0","0","0","0","1","0","0","0","0.66666669","0","1","1","0","0","0","0","0","1","0","0","3","5","0","0","0","0","0","0","0","0","0","0"
"CH/A-D","35","18","3","3","31","0","1","0","3","3","1","1","1","0","40","40","80","0","0","0","0","0","0","0","0","0","0","0","0","1","1","0","0","0","0","1","0","0","0","6","11","0","0","0","0","0","0","0","0","0","0"
"CH/A-D","36","1","3","3","32","0","1","0","5","2","0","0","0","0","4","-24","-20","0","0","0","0","0","0","0","0","0","0","0","0","0","0","0","0","0","1","0","0","0","0","0","0","0","0","0","0","0","0","0","0","0","0"
"CH/A-D","36","2","3","4","32","0","1","0","5","2","0","0","0","0","8","-20","-12","0","0","0","0","0","0","0","0","0","0","0","0","0","0","0","0","0","1","0","0","0","0","0","0","0","0","0","0","0","0","0","0","0","0"
"CH/A-D","36","3","3","1","32","0","1","0","3","5","0","0","0","0","4","4","8","0","0","0","0","0","0","0","0","0","0","0","0","0","0","0","0","0","1","0","0","0","0","0","0","0","0","0","0","0","0","0","0","0","0"
"CH/A-D","36","4","3","4","32","0","1","0","5","3","0","0","0","0","22","-6","16","0","0","0","0","0","0","0","0","0","0","0","0","0","0","0","0","0","1","0","0","0","0","0","0","0","0","0","0","0","0","0","0","0","0"
"CH/A-D","36","5","3","4","32","0","1","0","4","4","1","0","1","0","47","33","80","0","0","0","0","0","0","0","0","0","0","0","0","0","0","0","0","0","1","0","0","0","0","0","0","0","0","0","0","0","0","0","0","0","0"
"CH/A-D","36","6","3","5","32","0","1","0","3","4","0","0","0","0","18","18","36","0","0","0","0","0","0","0","0","0","0","0","0","0","0","0","0","0","1","0","0","0","0","0","0","0","0","0","0","0","0","0","0","0","0"
"CH/A-D","36","7","3","1","32","0","1","0","3","2","0","0","0","0","18","18","36","0","0","0","0","0","0","0","0","0","0","0","0","0","0","0","0","0","1","0","0","0","0","0","0","0","0","0","0","0","0","0","0","0","0"
"CH/A-D","36","8","3","4","32","0","1","0","4","4","1","0","1","0","47","33","80","0","0","0","0","0","0","0","0","0","0","0","0","0","0","0","0","0","1","0","0","0","0","0","0","0","0","0","0","0","0","0","0","0","0"
"CH/A-D","36","9","3","3","32","0","1","0","3","4","0","0","0","0","26","26","52","0","0","0","0","0","0","0","0","0","0","0","0","0","0","0","0","0","1","0","0","0","0","0","0","0","0","0","0","0","0","0","0","0","0"
"CH/A-D","36","10","3","3","32","0","1","0","3","3","1","1","1","0","40","40","80","0","0","0","0","0","0","0","0","0.66666669","0.66666669","0","0","0","0","0","0","0","1","0","0","0","0","0","1","0","0","0","0","0","0","0","0","0","0"
"CH/A-D","36","11","3","4","32","0","1","0","4","4","1","0","1","0","47","33","80","0","0","0","0","0","0","0","0","0","0","0","0","0","0","0","0","0","1","0","0","0","0","0","0","0","0","0","0","0","0","0","0","0","0"
"CH/A-D","36","12","3","4","32","0","1","0","4","4","1","0","1","0","47","33","80","0","0","0","0","0","0","0","0","0","0","0","0","0","0","0","0","0","1","0","0","0","0","0","0","0","0","0","0","0","0","0","0","0","0"
"CH/A-D","36","13","3","2","32","0","1","0","2","3","0","0","0","0","19","33","52","0","0","0","0","0","0","0","0","0","0","0","0","0","0","0","0","0","1","0","0","0","0","0","0","0","0","0","0","0","0","0","0","0","0"
"CH/A-D","36","14","3","2","32","0","1","0","3","2","0","0","0","0","22","22","44","0","0","0","0","0","0","0","0","0","0","0","0","0","0","0","0","0","1","0","0","0","0","0","0","0","0","0","0","0","0","0","0","0","0"
"CH/A-D","36","15","3","4","32","0","1","0","4","3","0","0","0","0","33","19","52","0","0","0","0","0","0","0","0","0","0","0","0","0","0","0","0","0","1","0","0","0","0","0","0","0","0","0","0","0","0","0","0","0","0"
"CH/A-D","36","16","3","4","32","0","1","0","4","3","0","0","0","0","33","19","52","0","0","0","0","0","0","0","0","0","0","0","0","0","0","0","0","0","1","0","0","0","0","0","0","0","0","0","0","0","0","0","0","0","0"
"CH/A-D","36","17","3","3","32","0","1","0","3","3","1","1","1","0","40","40","80","0","0","0","0","0","0","0","0","0","0","0","0","0","0","0","0","0","1","0","0","0","0","0","0","0","0","0","0","0","0","0","0","0","0"
"CH/A-D","36","18","3","3","32","0","1","0","3","3","1","1","1","0","40","40","80","0","0","0","0","0","0","0","0","0","0","0","0","0","0","0","0","0","1","0","0","0","0","0","0","0","0","0","0","0","0","0","0","0","0"
"CH/A-D","37","1","3","3","33","0","1","0","3","3","1","1","1","0","40","40","80","1","1","1","1","1","0","0","0","0","0","0","0","0","0","0","0","0","1","0","0","0","0","0","2","0","0","0","0","0","0","0","0","0","0"
"CH/A-D","37","2","3","4","33","0","1","0","3","3","1","1","0","0","36","36","72","1","1","0","0","1","0","0","0","0","0","0","0","0","0","0","0","0","1","0","0","0","0","1","3","0","0","1","0","0","0","0","0","0","0"
"CH/A-D","37","3","3","1","33","0","1","0","3","3","1","1","0","0","32","32","64","1","1","0","0","0.5","0","1","0","0","0","0.66666669","0","0","0","0","0","0","1","0","0","0","0","0","4","0","0","0","0","0","0","0","0","0","0"
"CH/A-D","37","4","3","4","33","0","1","0","5","5","1","0","0","1","50","22","72","1","0","0","0","0.5","0","0","0.33333334","0","0.33333334","1","0","0","0","0","0","0","1","0","0","0","0","1","7","0","0","0","0","0","0","0","0","0","0"
"CH/A-D","37","5","3","4","33","0","1","0","1","1","1","0","0","1","14","42","56","1","1","0","0","1","0","0","0.66666669","0","0","0.66666669","0","0","0","0","0","0","1","0","0","0","0","0","11","0","0","0","0","0","0","0","0","0","0"
"CH/A-D","37","6","3","5","33","0","1","0","5","5","1","0","1","0","54","26","80","0","0","0","0","0.5","0","0.66666669","0","0","0.33333334","1","0","0","0","0","0","0","1","0","0","0","0","0","7","0","0","0","0","0","0","0","0","0","0"
"CH/A-D","37","7","3","1","33","0","1","0","1","1","1","0","1","0","26","54","80","1","0","1","1","1","0","0","0","0","0","0","0","0","0","0","0","0","1","0","0","0","0","0","2","0","0","0","0","0","0","0","0","0","0"
"CH/A-D","37","8","3","4","33","0","1","0","4","4","1","0","1","0","47","33","80","1","1","0.5","1","1","0","0","0.66666669","0","0","0.66666669","0","0","0","0","0","0","1","0","0","0","0","0","8","0","0","0","0","0","0","0","0","0","0"
"CH/A-D","37","9","3","3","33","0","1","0","3","3","1","1","1","0","40","40","80","1","1","1","1","0.5","0","0","0","0","0","0","0","0","0","0","0","0","1","0","0","0","0","0","3","0","0","0","0","0","0","0","0","0","0"
"CH/A-D","37","10","3","3","33","0","1","0","3","3","1","1","1","0","40","40","80","1","1","1","1","0.5","0","0","0","0","0","0","0","0","0","0","0","0","1","0","0","0","0","0","3","0","0","0","0","0","0","0","0","0","0"
"CH/A-D","37","11","3","4","33","0","1","0","4","4","1","0","1","0","47","33","80","1","0","1","1","1","0","0","0","0","0","0","0","0","0","0","0","0","1","0","0","0","0","0","2","0","0","0","0","0","0","0","0","0","0"
"CH/A-D","37","12","3","4","33","0","1","0","4","4","1","0","1","0","47","33","80","1","0","1","1","0.5","0","0.66666669","0","0","0","0","0","0","0","0","0","0","1","0","0","0","0","0","4","0","0","0","0","0","0","0","0","0","0"
"CH/A-D","37","13","3","2","33","0","1","0","2","2","1","0","1","0","33","47","80","1","0","1","1","0.5","0","0","0","0","0","0","0","0","0","0","0","0","1","0","0","0","0","0","2","0","0","0","0","0","0","0","0","0","0"
"CH/A-D","37","14","3","2","33","0","1","0","2","2","1","0","1","0","33","47","80","1","0","1","1","1","0","0.66666669","0","0","0","0.66666669","0","0","0","0","0","0","1","0","0","0","0","0","5","0","0","0","0","0","0","0","0","0","0"
"CH/A-D","37","15","3","4","33","0","1","0","4","4","1","0","1","0","47","33","80","1","0","1","1","1","0","0","0","0","0","0","0","0","0","0","0","0","1","0","0","0","0","0","2","0","0","0","0","0","0","0","0","0","0"
"CH/A-D","37","16","3","4","33","0","1","0","4","4","1","0","1","0","47","33","80","1","0","1","1","1","0","0","0","0","0","0","0","0","0","0","0","0","1","0","0","0","0","0","2","0","0","0","0","0","0","0","0","0","0"
"CH/A-D","37","17","3","3","33","0","1","0","3","3","1","1","1","0","40","40","80","1","1","1","1","1","0","0","0","0","0","0","0","0","0","0","0","0","1","0","0","0","0","0","2","0","0","0","0","0","0","0","0","0","0"
"CH/A-D","37","18","3","3","33","0","1","0","3","3","1","1","1","0","40","40","80","1","1","1","0.5","0","0","1","0","0","0","0.66666669","0","0","0","0","0","0","1","0","0","0","0","0","10","0","0","0","0","0","0","0","0","0","0"
"CH/S-D","29","1","3","3","2903","1","0","0","3","3","1","1","1","0","40","40","80","1","1","1","1","1","0","0.66666669","1","0","0.33333334","0","0","0","0","0","0","0","1","0","0","0","0","0","7","0","0","0","0","0","0","0","0","0","0"
"CH/S-D","29","2","3","4","2903","1","0","0","4","4","1","0","1","0","47","33","80","1","0","1","1","1","0.33333334","0.33333334","1","0","0","0","0","0","0","0","0","0","1","0","0","0","0","0","7","0","0","0","0","0","0","0","0","0","0"
"CH/S-D","29","3","3","1","2903","1","0","0","2","2","1","0","0","1","29","43","72","1","0","0","0","1","0","0","0.5","0","0","0","0","0","0","0","0","0","1","0","0","0","0","0","4","0","0","0","0","0","0","0","0","0","0"
"CH/S-D","29","4","3","4","2903","1","0","0","4","4","1","0","1","0","47","33","80","1","0","1","1","1","0","0","1","0","0","0","0","0","0","0","0","0","1","0","0","0","0","0","2","0","0","0","0","0","0","0","0","0","0"
"CH/S-D","29","5","3","4","2903","1","0","0","3","3","1","1","0","0","36","36","72","1","1","0","0","1","0","0.66666669","0","0","0","0.33333334","0","0","0","0","0","0","1","0","0","0","0","0","4","0","0","0","0","0","0","0","0","0","0"
"CH/S-D","29","6","3","5","2903","1","0","0","3","3","1","1","0","0","32","32","64","1","1","0","0","0","0.33333334","0.66666669","0","0","0.33333334","0","0","0","0","0","0","0","1","0","0","0","0","0","6","0","0","0","0","0","0","0","0","0","0"
"CH/S-D","29","7","3","1","2903","1","0","0","2","2","1","0","0","1","29","43","72","1","0","0","0","1","0","0.33333334","0","0","0","0.33333334","0","0","0","0","0","0","1","0","0","0","0","0","8","0","0","0","0","0","0","0","0","0","0"
"CH/S-D","29","8","3","4","2903","1","0","0","4","4","1","0","1","0","47","33","80","1","0","1","1","1","0","0","0","0","0","0","0","0","0","0","0","0","1","0","0","0","0","0","2","0","0","0","0","0","0","0","0","0","0"
"CH/S-D","29","9","3","3","2903","1","0","0","3","3","1","1","1","0","40","40","80","1","1","1","1","1","0","0.66666669","0.5","0","0","0","0","0","0","0","0","0","1","0","0","0","0","0","5","0","0","0","0","0","0","0","0","0","0"
"CH/S-D","29","10","3","3","2903","1","0","0","3","3","1","1","1","0","40","40","80","1","1","1","1","1","0","0.66666669","0.5","0","0","0","0","0","0","0","0","0","1","0","0","0","0","0","2","0","0","0","0","0","0","0","0","0","0"
"CH/S-D","29","11","3","4","2903","1","0","0","4","4","1","0","1","0","47","33","80","1","0","1","0.5","1","0","0","1","0","0","0","0","0","0","0","0","0","1","0","0","0","0","0","4","0","0","0","0","0","0","0","0","0","0"
"CH/S-D","29","12","3","4","2903","1","0","0","3","3","1","1","0","0","36","36","72","1","1","0","0","1","0","0.66666669","0","0","0","0","0","0","0","0","0","0","1","0","0","0","0","0","2","0","0","0","0","0","0","0","0","0","0"
"CH/S-D","29","13","3","2","2903","1","0","0","2","2","1","0","1","0","33","47","80","1","0","1","1","1","0","0","0","0","0","0","0","0","0","0","0","0","1","0","0","0","0","0","2","0","0","0","0","0","0","0","0","0","0"
"CH/S-D","29","14","3","2","2903","1","0","0","3","3","1","1","0","0","36","36","72","1","1","0","0","1","0","0","0","0","0","0","0","0","0","0","0","0","1","0","0","0","0","0","3","0","0","0","0","0","0","0","0","0","0"
"CH/S-D","29","15","3","4","2903","1","0","0","4","4","1","0","1","0","47","33","80","1","0","1","1","1","0","0","0","0","0","0","0","0","0","0","0","0","1","0","0","0","0","0","6","0","0","0","0","0","0","0","0","0","0"
"CH/S-D","29","16","3","4","2903","1","0","0","3","3","1","1","0","0","36","36","72","1","1","0","0","1","0","0","0","0","0","0","0","0","0","0","0","0","1","0","0","0","0","0","2","0","0","0","0","0","0","0","0","0","0"
"CH/S-D","29","17","3","3","2903","1","0","0","3","3","1","1","1","0","40","40","80","1","1","1","1","1","0","0","0","0","0","0","0","0","0","0","0","0","1","0","0","0","0","0","4","0","0","0","0","0","0","0","0","0","0"
"CH/S-D","29","18","3","3","2903","1","0","0","3","3","1","1","1","0","40","40","80","1","1","1","1","1","0","0","0","0","0","0","0","0","0","0","0","0","1","0","0","0","0","0","2","0","0","0","0","0","0","0","0","0","0"
"CH/S-D","30","1","3","3","3003","1","0","0","3","3","1","1","1","0","40","40","80","1","1","1","1","1","0.33333334","0","1","0.33333334","0.33333334","0.33333334","0","0","0","0","0","0","1","0","0","0","0","0","8","0","0","0","0","0","0","0","0","0","0"
"CH/S-D","30","2","3","4","3003","1","0","0","3","3","1","1","0","0","36","36","72","1","1","0","0","1","0","0","0","0","0","0","0","0","0","0","0","0","1","0","0","0","0","0","4","0","0","0","0","0","0","0","0","0","0"
"CH/S-D","30","3","3","1","3003","1","0","0","3","3","1","1","0","0","32","32","64","1","1","0","0","1","0.66666669","0.66666669","1","0","0.66666669","0","0","0","0","0","0","0","1","0","0","0","0","0","7","0","0","0","0","0","0","0","0","0","0"
"CH/S-D","30","4","3","4","3003","1","0","0","5","5","1","0","0","1","50","22","72","1","0","1","0","1","0.33333334","0","1","0.33333334","0.66666669","0.33333334","0","0","0","0","0","0","1","0","0","0","0","0","20","0","0","0","0","0","0","0","0","0","0"
"CH/S-D","30","5","3","4","3003","1","0","0","5","5","1","0","0","1","50","22","72","1","0","0","0","0.5","0","0","0","0","0","0","0","0","0","0","0","0","1","0","0","0","0","0","5","0","0","0","0","0","0","0","0","0","0"
"CH/S-D","30","6","3","5","3003","1","0","0","5","5","1","0","1","0","54","26","80","1","0","1","1","1","0","0","1","0","0","0","0","0","0","0","0","0","1","0","0","0","0","0","9","0","0","0","0","0","0","0","0","0","0"
"CH/S-D","30","7","3","1","3003","1","0","0","1","1","1","0","1","0","26","54","80","1","0","1","1","1","0","0","0","0","0","0","0","0","0","0","0","0","1","0","0","0","0","0","3","0","0","0","0","0","0","0","0","0","0"
"CH/S-D","30","8","3","4","3003","1","0","0","1","1","1","0","0","1","14","42","56","1","0","0","0","1","0","0","0","0","0","0","0","0","0","0","0","0","1","0","0","0","0","0","3","0","0","0","0","0","0","0","0","0","0"
"CH/S-D","30","9","3","3","3003","1","0","0","1","1","1","0","0","1","18","46","64","1","0","0","0","0","0","0","0","0","0","0","0","0","0","0","0","0","1","0","0","0","0","0","2","0","0","0","0","0","0","0","0","0","0"
"CH/S-D","30","10","3","3","3003","1","0","0","3","3","1","1","1","0","40","40","80","1","1","1","1","1","0.33333334","0.66666669","1","0","0.66666669","0.33333334","0","0","0","0","0","0","1","0","0","0","0","0","13","0","0","0","0","0","0","0","0","0","0"
"CH/S-D","30","11","3","4","3003","1","0","0","1","1","1","0","0","1","14","42","56","1","0","0","0","0","0.33333334","0.66666669","1","0","0.66666669","0.66666669","0","0","0","0","0","0","1","0","0","0","0","0","8","0","0","0","0","0","0","0","0","0","0"
"CH/S-D","30","12","3","4","3003","1","0","0","1","1","1","0","0","1","14","42","56","1","0","0","0","1","0","0","0.5","0","0","0","0","0","0","0","0","0","1","0","0","0","0","0","7","0","0","0","0","0","0","0","0","0","0"
"CH/S-D","30","13","3","2","3003","1","0","0","1","1","1","0","0","1","22","50","72","1","0","0","0","1","0","0","0","0","0","0","0","0","0","0","0","0","1","0","0","0","0","0","2","0","0","0","0","0","0","0","0","0","0"
"CH/S-D","30","14","3","2","3003","1","0","0","1","1","1","0","0","1","22","50","72","1","0","0","0","1","0","0","0.5","0","0","0","0","0","0","0","0","0","1","0","0","0","0","0","5","0","0","0","0","0","0","0","0","0","0"
"CH/S-D","30","15","3","4","3003","1","0","0","5","5","1","0","0","1","50","22","72","1","0","0","0","1","0","0","0","0","0","0","0","0","0","0","0","0","1","0","0","0","0","0","3","0","0","0","0","0","0","0","0","0","0"
"CH/S-D","30","16","3","4","3003","1","0","0","4","4","1","0","1","0","47","33","80","1","0","1","1","1","0","0","0","0","0","0","0","0","0","0","0","0","1","0","0","0","0","0","11","0","0","0","0","0","0","0","0","0","0"
"CH/S-D","30","17","3","3","3003","1","0","0","3","3","1","1","1","0","40","40","80","1","1","1","1","1","0","0","0","0","0","0","0","0","0","0","0","0","1","0","0","0","0","0","8","0","0","0","0","0","0","0","0","0","0"
"CH/S-D","30","18","3","3","3003","1","0","0","3","3","1","1","1","0","40","40","80","1","1","1","1","0.5","0","0","0","0","0","0","0","0","0","0","0","0","1","0","0","0","0","0","3","0","0","0","0","0","0","0","0","0","0"
"CH/S-D","31","1","3","3","3103","1","0","0","3","3","1","1","1","0","40","40","80","0","0","0","0","0","0","0","0","0","0","0","0","0","0","0","0","0","1","0","0","0","0","0","0","0","0","0","0","0","0","0","0","0","0"
"CH/S-D","31","2","3","4","3103","1","0","0","3","3","1","1","0","0","36","36","72","1","1","0","0","1","0","0.66666669","0.5","0","0","0.33333334","0","0","0","0","0","0","1","0","0","0","0","0","3","0","0","0","0","0","0","0","0","0","0"
"CH/S-D","31","3","3","1","3103","1","0","0","3","3","1","1","0","0","32","32","64","1","1","0","0","1","0","0.66666669","0","0","0","0.33333334","0","0","0","0","0","0","1","0","0","0","0","0","2","0","0","0","0","0","0","0","0","0","0"
"CH/S-D","31","4","3","4","3103","1","0","0","5","5","1","0","0","1","50","22","72","1","0","1","0","1","0","1","1","0","0","0.33333334","0","0","0","0","0","0","1","0","0","0","0","0","6","0","0","0","0","0","0","0","0","0","0"
"CH/S-D","31","5","3","4","3103","1","0","0","2","2","1","0","0","1","25","39","64","1","0","0","0","0.5","0","0","1","0","0","0","0","0","0","0","0","0","1","0","0","0","0","0","2","0","0","0","0","0","0","0","0","0","0"
"CH/S-D","31","6","3","5","3103","1","0","0","5","5","1","0","1","0","54","26","80","1","0","1","1","1","0","0","1","0","0","0","0","0","0","0","0","0","1","0","0","0","0","0","2","0","0","0","0","0","0","0","0","0","0"
"CH/S-D","31","7","3","1","3103","1","0","0","1","1","1","0","1","0","26","54","80","1","0","1","1","1","0","0","0.5","0","0","0","0","0","0","0","0","0","1","0","0","0","0","0","5","0","0","0","0","0","0","0","0","0","0"
"CH/S-D","31","8","3","4","3103","1","0","0","1","1","1","0","0","1","14","42","56","1","0","1","0","0","0","0.66666669","1","0","0","0.33333334","0","0","0","0","0","0","1","0","0","0","0","0","11","0","0","0","0","0","0","0","0","0","0"
"CH/S-D","31","9","3","3","3103","1","0","0","3","3","1","1","1","0","40","40","80","0.5","0.5","0.5","0.5","1","0.33333334","0.66666669","0","0","0","0.33333334","0","0","0","0","0","0","1","0","0","0","0","0","5","0","0","0","0","0","0","0","0","0","0"
"CH/S-D","31","10","3","3","3103","1","0","0","3","3","1","1","1","0","40","40","80","1","1","1","1","1","0","0.66666669","1","0","0.33333334","0.66666669","0","0","0","0","0","0","1","0","0","0","0","0","6","0","0","0","0","0","0","0","0","0","0"
"CH/S-D","31","11","3","4","3103","1","0","0","4","4","1","0","1","0","47","33","80","1","0","1","1","1","0","1","0.5","0","0","0.66666669","0","0","0","0","0","0","1","0","0","0","0","0","8","0","0","0","0","0","0","0","0","0","0"
"CH/S-D","31","12","3","4","3103","1","0","0","4","4","1","0","1","0","47","33","80","1","0","1","1","1","0","0","1","0","0","0","0","0","0","0","0","0","1","0","0","0","0","0","4","0","0","0","0","0","0","0","0","0","0"
"CH/S-D","31","13","3","2","3103","1","0","0","1","1","1","0","0","1","22","50","72","1","0","0","0","1","0","0.66666669","0.5","0","0","0.66666669","0","0","0","0","0","0","1","0","0","0","0","0","7","0","0","0","0","0","0","0","0","0","0"
"CH/S-D","31","14","3","2","3103","1","0","0","2","2","1","0","1","0","33","47","80","1","0","1","0.5","1","0","0","0.5","0","0","0","0","0","0","0","0","0","1","0","0","0","0","0","2","0","0","0","0","0","0","0","0","0","0"
"CH/S-D","31","15","3","4","3103","1","0","0","4","4","1","0","1","0","47","33","80","1","0","1","1","1","0","0.66666669","0.5","0","0","0.66666669","0","0","0","0","0","0","1","0","0","0","0","0","5","0","0","0","0","0","0","0","0","0","0"
"CH/S-D","31","16","3","4","3103","1","0","0","4","4","1","0","1","0","47","33","80","1","0","1","1","0.5","0","0.66666669","1","0","0.33333334","0.33333334","0","0","0","0","0","0","1","0","0","0","0","0","5","0","0","0","0","0","0","0","0","0","0"
"CH/S-D","31","17","3","3","3103","1","0","0","3","3","1","1","1","0","40","40","80","1","1","1","1","1","0","0","0.5","0","0","0","0","0","0","0","0","0","1","0","0","0","0","0","2","0","0","0","0","0","0","0","0","0","0"
"CH/S-D","31","18","3","3","3103","1","0","0","2","2","1","0","0","1","29","43","72","1","0.5","0.5","0","1","0","1","0.5","0","0","0.33333334","0","0","0","0","0","0","1","0","0","0","0","0","12","0","0","0","0","0","0","0","0","0","0"
"CH-MC","32","1","3","3","3203","0","0","1","4","4","1","0","0","1","43","29","72","1","0","0","0","0","0","0","0","0","0","0","0","0","0","0","0","0","1","0","0","0","0","1","1","0","0","0","0","0","0","0","0","0","0"
"CH-MC","32","2","3","4","3203","0","0","1","5","5","1","0","0","1","50","22","72","1","0","0","0","1","0","0","0","0","0","0","0.5","1","1","1","1","0.66666669","0","0.5","1","1","0","2","12","0","0","0","0","0","0","0","0","0","0"
"CH-MC","32","3","3","1","3203","0","0","1","1","1","1","0","1","0","26","54","80","1","0","1","0.5","1","0","0","0","0","0.33333334","0","1","1","1","0","0","0","0","1","1","0","0","6","12","0","0","0","0","0","0","0","0","0","0"
"CH-MC","32","4","3","4","3203","0","0","1","1","1","1","0","0","1","14","42","56","1","0","0","0","0.5","0","0.33333334","0.5","0","0.33333334","0.66666669","1","1","1","1","1","1","0","1","0","0","1","9","17","0","0","0","0","0","0","0","0","0","0"
"CH-MC","32","5","3","4","3203","0","0","1","5","5","1","0","0","1","50","22","72","1","0","0","0","0.5","0","1","0","0","0","0.66666669","1","1","1","1","1","0.66666669","0","1","0","1","1","9","21","0","0","0","0","0","0","0","0","0","0"
"CH-MC","32","6","3","5","3203","0","0","1","3","3","1","1","0","0","32","32","64","1","1","1","0","1","0","1","0.5","0","0","0.33333334","0.5","1","1","1","1","0.66666669","0","1","1","0","1","8","14","0","0","0","0","0","0","0","0","0","0"
"CH-MC","32","7","3","1","3203","0","0","1","3","3","1","1","0","0","32","32","64","1","1","0","0","0.5","0.33333334","0.66666669","1","0","0.66666669","0.66666669","0","1","1","0","0","0","0","1","1","0","0","6","15","0","0","0","0","0","0","0","0","0","0"
"CH-MC","32","8","3","4","3203","0","0","1","5","5","1","0","0","1","50","22","72","1","0","0","0","1","0","0","0.5","0","0","0","1","1","1","0","0","0","0","1","0","0","0","6","7","0","0","0","0","0","0","0","0","0","0"
"CH-MC","32","9","3","3","3203","0","0","1","2","2","1","0","0","1","29","43","72","1","1","1","0","1","0.33333334","0","0","0","0","0.33333334","1","1","1","0","0","0","0","1","0","0","0","9","8","0","0","0","0","0","0","0","0","0","0"
"CH-MC","32","10","3","3","3203","0","0","1","3","3","1","1","1","0","40","40","80","1","1","1","1","1","0","0","0","0.66666669","0","0.66666669","0.5","0.5","0.5","0","0","0","0.5","0.5","0","0","0","6","10","0","0","0","0","0","0","0","0","0","0"
"CH-MC","32","11","3","4","3203","0","0","1","4","4","1","0","1","0","47","33","80","1","1","1","1","0.5","0","0","1","0","0","0","0","1","1","0","0","0","0","1","0","0","0","5","6","0","0","0","0","0","0","0","0","0","0"
"CH-MC","32","12","3","4","3203","0","0","1","2","2","1","0","0","1","25","39","64","1","0","0","0","0.5","0","0.66666669","0","0","0.33333334","0.33333334","0.5","1","1","0","0","0","0","1","0.5","0","0","9","11","0","0","0","0","0","0","0","0","0","0"
"CH-MC","32","13","3","2","3203","0","0","1","4","4","1","0","0","1","39","25","64","1","0","0","0","1","0","0.66666669","0.5","0","0.33333334","0.33333334","0","1","1","0","0","0","0","1","0","0","0","5","9","0","0","0","0","0","0","0","0","0","0"
"CH-MC","32","14","3","2","3203","0","0","1","1","1","1","0","0","1","22","50","72","1","0","1","1","0.5","0","0","0","0","0","0.33333334","1","1","1","0","0","0","0","1","1","0","0","12","20","0","0","0","0","0","0","0","0","0","0"
"CH-MC","32","15","3","4","3203","0","0","1","5","5","1","0","0","1","50","22","72","1","0","0","0","0.5","0","1","1","0","0","0.33333334","0","0.5","0.5","0","0","0","0.5","0.5","0","0","0","8","12","0","0","0","0","0","0","0","0","0","0"
"CH-MC","32","16","3","4","3203","0","0","1","3","3","1","1","0","0","36","36","72","1","1","0.5","0","1","0","0.66666669","0.5","0","0.66666669","0.66666669","0","1","1","0","0","0","0","1","0","0","0","7","14","0","0","0","0","0","0","0","0","0","0"
"CH-MC","32","17","3","3","3203","0","0","1","3","3","1","1","1","0","40","40","80","1","1","1","1","1","0","0.66666669","0","0","0","0","0","1","1","0","0","0","0","1","0","0","0","8","11","0","0","0","0","0","0","0","0","0","0"
"CH-MC","32","18","3","3","3203","0","0","1","3","3","1","1","1","0","40","40","80","1","1","1","0.5","1","0","0","0","0.66666669","0","0.66666669","0","1","1","0","0","0","0","1","0","0","0","12","16","0","0","0","0","0","0","0","0","0","0"
"CH-MC","33","1","3","3","3303","0","0","1","2","2","1","0","0","1","29","43","72","0","0","0","0","0","0","0","0.5","0","0.33333334","0","0","0","0","0","0","0","1","0","0","0","0","0","1","0","0","0","0","0","0","0","0","0","0"
"CH-MC","33","2","3","4","3303","0","0","1","1","1","1","0","0","1","14","42","56","1","0","0","0","0.5","0","0.66666669","0.5","0","0","0","0","0","0","0","0","0","1","0","0","0","0","1","2","0","0","0","0","0","0","0","0","0","0"
"CH-MC","33","3","3","1","3303","0","0","1","3","3","1","1","0","0","32","32","64","1","1","0","0","1","0","1","0","0","0","0","0","0","0","0","0","0","1","0","0","0","0","3","4","0","0","0","0","0","0","0","0","0","0"
"CH-MC","33","4","3","4","3303","0","0","1","3","3","1","1","0","0","36","36","72","1","1","0","0","1","0","0","0.5","0","0.33333334","0","0","0","0","0","0","0","1","0","0","0","0","2","2","0","0","0","0","0","0","0","0","0","0"
"CH-MC","33","5","3","4","3303","0","0","1","3","3","1","1","0","0","36","36","72","0.5","0.5","0","0","0.5","0","0","0","0","0","0","0","0","0","0","0","0","1","0","0","0","0","3","3","0","0","0","0","0","0","0","0","0","0"
"CH-MC","33","6","3","5","3303","0","0","1","3","3","1","1","0","0","32","32","64","1","1","0","0","0.5","0","1","0","0","0.33333334","0.33333334","0","0","0","0","0","0","1","0","0","0","0","4","4","0","0","0","0","0","0","0","0","0","0"
"CH-MC","33","7","3","1","3303","0","0","1","3","3","1","1","0","0","32","32","64","1","1","0","0","1","0","1","0.5","0","0.33333334","0.33333334","0","0","0","0","0","0","1","0","0","0","0","7","12","0","0","0","0","0","0","0","0","0","0"
"CH-MC","33","8","3","4","3303","0","0","1","3","3","1","1","0","0","36","36","72","1","1","0","0","0.5","0","0","0","0","0","0","0","0","0","0","0","0","1","0","0","0","0","7","9","0","0","0","0","0","0","0","0","0","0"
"CH-MC","33","9","3","3","3303","0","0","1","3","3","1","1","1","0","40","40","80","1","1","1","1","1","0","0.33333334","0.5","0.33333334","0","0.33333334","0","0","0","0","0","0","1","0","0","0","0","9","13","0","0","0","0","0","0","0","0","0","0"
"CH-MC","33","10","3","3","3303","0","0","1","3","3","1","1","1","0","40","40","80","1","1","1","0.5","1","0","0.66666669","1","0","0.66666669","0","0","0","0","0","0","0","1","0","0","0","0","6","8","0","0","0","0","0","0","0","0","0","0"
"CH-MC","33","11","3","4","3303","0","0","1","3","3","1","1","0","0","36","36","72","0","0","0","0","0.5","0.33333334","0.33333334","0.5","0","0.66666669","0.66666669","0","0","0","0","0","0","1","0","0","0","0","6","4","0","0","0","0","0","0","0","0","0","0"
"CH-MC","33","12","3","4","3303","0","0","1","3","3","1","1","0","0","36","36","72","1","1","0","0","0.5","0","0.66666669","0.5","0","1","0.66666669","0","0","0","0","0","0","1","0","0","0","0","7","6","0","0","0","0","0","0","0","0","0","0"
"CH-MC","33","13","3","2","3303","0","0","1","3","3","1","1","0","0","36","36","72","1","1","0","0","0.5","0","0","0","0.33333334","0","0","0","0","0","0","0","0","1","0","0","0","0","9","10","0","0","0","0","0","0","0","0","0","0"
"CH-MC","33","14","3","2","3303","0","0","1","3","3","1","1","0","0","36","36","72","1","1","0","0","1","0","0","0","0.33333334","0","0","0","0","0","0","0","0","1","0","0","0","0","6","9","0","0","0","0","0","0","0","0","0","0"
"CH-MC","33","15","3","4","3303","0","0","1","3","3","1","1","0","0","36","36","72","1","1","0","0","0","0","0","0","0.33333334","0.33333334","0","0","0","0","0","0","0","1","0","0","0","0","8","10","0","0","0","0","0","0","0","0","0","0"
"CH-MC","33","16","3","4","3303","0","0","1","3","3","1","1","0","0","36","36","72","1","1","0","0","0","0","0.33333334","0","0","0","0","0","0","0","0","0","0","1","0","0","0","0","9","16","0","0","0","0","0","0","0","0","0","0"
"CH-MC","33","17","3","3","3303","0","0","1","3","3","1","1","1","0","40","40","80","0","0","0","0","0","0","0.33333334","0","0.33333334","0","0.33333334","0","0","0","0","0","0","1","0","0","0","0","11","14","0","0","0","0","0","0","0","0","0","0"
"CH-MC","33","18","3","3","3303","0","0","1","3","3","1","1","1","0","40","40","80","1","1","1","1","0.5","0.33333334","0.33333334","0","0.33333334","0.33333334","0.33333334","0","0","0","0","0","0","1","0","0","0","0","12","15","0","0","0","0","0","0","0","0","0","0"
"CH-MC","34","1","3","3","3403","0","0","1","3","3","1","1","1","0","40","40","80","1","1","1","1","1","0","1","0","0","0","0","0","1","1","0","0","0","0","0.5","1","0","0","3","9","0","0","0","0","0","0","0","0","0","0"
"CH-MC","34","2","3","4","3403","0","0","1","3","3","1","1","0","0","36","36","72","1","1","0","0","1","0","1","1","0","0.33333334","0.33333334","0","1","1","0","0","0","0","1","1","0","0","6","11","0","0","0","0","0","0","0","0","0","0"
"CH-MC","34","3","3","1","3403","0","0","1","2","2","1","0","0","1","29","43","72","1","0","0","0","1","0","0.66666669","1","0","0.33333334","0","0","1","1","0","0","0","0","1","1","0","0","4","7","0","0","0","0","0","0","0","0","0","0"
"CH-MC","34","4","3","4","3403","0","0","1","4","4","1","0","1","0","47","33","80","1","0","1","1","1","0","0","0","0","0","0","0","1","1","0","0","0","0","1","1","0","0","2","4","0","0","0","0","0","0","0","0","0","0"
"CH-MC","34","5","3","4","3403","0","0","1","2","2","1","0","0","1","25","39","64","1","1","0","0","1","0","0.66666669","1","0","0","0","0","1","1","0","0","0","0","1","1","0","0","3","4","0","0","0","0","0","0","0","0","0","0"
"CH-MC","34","6","3","5","3403","0","0","1","4","4","1","0","0","1","43","29","72","1","0","0","0","1","0","0.66666669","0","0","0","0","0","1","1","0","0","0","0","1","1","0","0","3","7","0","0","0","0","0","0","0","0","0","0"
"CH-MC","34","7","3","1","3403","0","0","1","3","3","1","1","0","0","32","32","64","1","1","0","0","1","0","0","0","0","0","0","0","1","1","0","0","0","0","1","1","0","0","3","4","0","0","0","0","0","0","0","0","0","0"
"CH-MC","34","8","3","4","3403","0","0","1","4","4","1","0","1","0","47","33","80","1","1","1","0.5","1","0","0.66666669","1","0","0","0","0","1","1","0","0","0","0","1","1","0","0","6","9","0","0","0","0","0","0","0","0","0","0"
"CH-MC","34","9","3","3","3403","0","0","1","2","2","1","0","0","1","29","43","72","1","0","0","0","1","0","0.33333334","1","0.66666669","0","0","0","1","1","0","0","0","0","1","1","0","0","5","9","0","0","0","0","0","0","0","0","0","0"
"CH-MC","34","10","3","3","3403","0","0","1","3","3","1","1","1","0","40","40","80","1","1","1","1","1","0","0","0","0.66666669","0","0.33333334","0","1","1","0","0","0","0","0","1","0","0","5","7","0","0","0","0","0","0","0","0","0","0"
"CH-MC","34","11","3","4","3403","0","0","1","4","4","1","0","1","0","47","33","80","1","1","1","1","1","0","0.66666669","1","0.66666669","0.33333334","0.33333334","0.5","1","1","0","0","0","0","1","1","0","0","9","11","0","0","0","0","0","0","0","0","0","0"
"CH-MC","34","12","3","4","3403","0","0","1","2","2","1","0","0","1","25","39","64","1","0","0","0","1","0","0","0","0","0","0","0","1","1","0","0","0","0","1","1","0","0","9","13","0","0","0","0","0","0","0","0","0","0"
"CH-MC","34","13","3","2","3403","0","0","1","4","4","1","0","0","1","39","25","64","1","1","0","0","1","0","0.66666669","1","0","0.33333334","0","0","1","1","0","0","0","0","1","1","0","0","7","10","0","0","0","0","0","0","0","0","0","0"
"CH-MC","34","14","3","2","3403","0","0","1","2","2","1","0","1","0","33","47","80","1","1","1","1","1","0","0.66666669","1","0","0","0.66666669","0","1","1","0","0","0","0","0","1","0","0","6","17","0","0","0","0","0","0","0","0","0","0"
"CH-MC","34","15","3","4","3403","0","0","1","4","4","1","0","1","0","47","33","80","1","0","1","1","1","0","0.66666669","0.5","0.33333334","0.33333334","1","0","1","1","0","0","0","0","1","1","0","0","7","13","0","0","0","0","0","0","0","0","0","0"
"CH-MC","34","16","3","4","3403","0","0","1","2","2","1","0","0","1","25","39","64","1","0","0","0","1","0","0.66666669","1","0","0","0.33333334","0","1","1","0","0","0","0","1","1","0","0","9","14","0","0","0","0","0","0","0","0","0","0"
"CH-MC","34","17","3","3","3403","0","0","1","3","3","1","1","1","0","40","40","80","1","1","1","1","0.5","0","0","0","0","0","0","0","1","1","0","0","0","0","0","1","0","0","7","10","0","0","0","0","0","0","0","0","0","0"
"CH-MC","34","18","3","3","3403","0","0","1","3","3","1","1","1","0","40","40","80","1","1","1","0.5","1","0","0","0","0","0","0","0","1","1","0","0","0","0","0","1","0","0","8","15","0","0","0","0","0","0","0","0","0","0"
"CH/A-D","35","1","4","2","41","0","1","0","5","2","0","0","0","0","0","5","5","0","0","0","0","0","0","0","0","0","0","0","0","0","0","0","0","0","1","0","0","0","0","1","1","0","0","0","0","0","0","0","0","0","0"
"CH/A-D","35","2","4","2","41","0","1","0","3","2","0","0","0","0","22","33","55","1","1","0.5","0.5","0.5","0","0.66666669","0","0","0","0","0","0","0","0","0","0","1","0","0","0","0","6","12","0","0","0","0","0.66666669","0","0","0","0","0"
"CH/A-D","35","3","4","4","41","0","1","0","4","4","1","0","1","0","47","33","80","1","0.5","1","1","1","0","0","0.66666669","0","0","0.66666669","1","0","0","0","0","0","1","0","0","0","0","5","5","0","0","1","0","0","0","0","0","0","1"
"CH/A-D","35","4","4","4","41","0","1","0","4","4","1","0","1","0","47","33","80","1","1","1","1","1","0","0","0","0","0.66666669","0.66666669","0","0.5","0.5","0","0","0","0","0.5","0.5","0","0","6","6","1","0","1","0","0","0","0","0","0.66666669","0"
"CH/A-D","35","5","4","1","41","0","1","0","3","3","1","1","0","0","32","32","64","1","1","0","0","1","0","0","0","0","0","0","1","1","1","0","0","0","0","0","1","0","0","2","5","1","0","0","0","0","0","0","0","0","1"
"CH/A-D","35","6","4","5","41","0","1","0","3","3","1","1","0","0","32","32","64","1","1","0","0","1","0","1","0","0","0","0","1","1","1","0","0","0","0","1","0","0","0","10","12","0.5","0.5","0.5","0","1","0","0","0","0","1"
"CH/A-D","35","7","4","4","41","0","1","0","5","5","1","0","0","1","50","22","72","1","0","0","0","1","0","1","0","0","0","0","1","1","1","0","0","0","0","1","0","0","0","7","6","0.5","0","0.5","0","1","0","0","0","0","1"
"CH/A-D","35","8","4","2","41","0","1","0","1","1","1","0","0","1","22","50","72","1","0","1","0","1","0","0.33333334","0","0","0","0.66666669","0","0.5","0.5","0","0","0","0","0.5","0","0","0","10","12","0.5","0.5","0","0","0.33333334","0","0","0","0.66666669","0"
"CH/A-D","35","9","4","5","41","0","1","0","1","1","1","0","0","1","10","38","48","1","0","0","0","1","0","1","0","0","0","0.66666669","0","1","1","0","0","0","0","1","0","0","0","8","8","0.5","0","1","0","1","0","0","0","0.66666669","0"
"CH/A-D","35","10","4","4","41","0","1","0","4","4","1","0","1","0","47","33","80","1","0","1","1","0","0","0.33333334","1","0","0","0.66666669","1","1","1","0","0","0","0","1","0","0","0","8","11","0","1","0","0","0.33333334","0","0","0","0.66666669","1"
"CH/A-D","35","11","4","3","41","0","1","0","3","3","1","1","1","0","40","40","80","1","1","1","1","1","0","0.66666669","0","0","0","0.66666669","0","1","1","0","0","0","0","1","0","0","0","8","6","0.5","1","1","0","0.66666669","0","0","0","0.66666669","0"
"CH/A-D","35","12","4","1","41","0","1","0","1","1","1","0","1","0","26","54","80","1","0","1","1","1","0","0.66666669","0","0","0","0.66666669","0","1","1","0","0","0","0","1","0","0","0","7","10","0","1","1","0","0.66666669","0","0","0","0","0"
"CH/A-D","35","13","4","1","41","0","1","0","1","1","1","0","1","0","26","54","80","1","1","1","0","0.5","0","1","0.66666669","1","0","0.66666669","0.5","1","1","0","0","0","0","0","1","0","0","10","15","0","1","0.5","0","1","0.66666669","0","0","0.66666669","0.5"
"CH/A-D","35","14","4","2","41","0","1","0","5","5","1","0","0","1","42","14","56","1","0","0","0","1","0","1","0","0","0.66666669","0.66666669","1","1","1","0","0","0","0","1","0","0","0","8","7","0.5","0","0.5","0","1","0","0","0","0.66666669","1"
"CH/A-D","35","15","4","1","41","0","1","0","3","3","1","1","0","0","32","32","64","1","1","0","0","0","0","0.66666669","0.66666669","0","0","0.66666669","0","1","1","0","0","0","0","1","0","0","0","10","8","0.5","0","0","0","0.66666669","0.66666669","0","0","0.66666669","0"
"CH/A-D","35","16","4","4","41","0","1","0","4","4","1","0","1","0","47","33","80","1","0","1","1","1","0","0.66666669","0","0","0","0","0","1","1","0","0","0","0","1","0","0","0","5","14","0","1","0","0","0.66666669","0","0","0","0","0"
"CH/A-D","35","17","4","2","41","0","1","0","3","3","1","1","0","0","36","36","72","1","1","0.5","0","0","0","1","0","0","0","0.66666669","0","1","1","0","0","0","0","0","1","0","0","10","12","0.5","1","0","0","0.66666669","0","0","0","0.66666669","0"
"CH/A-D","35","18","4","2","41","0","1","0","4","4","1","0","0","1","39","25","64","1","0.5","0","0","1","0","0","0","0","0","0.66666669","1","1","1","0","0","0","0","1","0","0","0","4","6","1","0","0.5","0","0","0","0","0","0.66666669","1"
"CH/A-D","36","1","4","2","42","0","1","0","3","2","0","0","0","0","22","33","55","0","0","0","0","0","0","0","0","0","0","0","0","0","0","0","0","0","1","0","0","0","0","2","3","0","0","0","0","0","0","0","0","0","0"
"CH/A-D","36","2","4","2","42","0","1","0","4","4","1","0","0","1","39","25","64","1","0","0","0","0","0","1","0","0","0","0.66666669","0","0","0","0","0","0","1","0","0","0","0","1","13","0","0","0","0","0","0","0","0","0","0"
"CH/A-D","36","3","4","4","42","0","1","0","3","3","1","1","0","0","36","36","72","1","1","0","0","1","0","0","0","0","0","0","0","0","0","0","0","0","1","0","0","0","0","0","6","0","0","0","0","0","0","0","0","0","0"
"CH/A-D","36","4","4","4","42","0","1","0","5","5","1","0","0","1","50","22","72","1","0","0","0","1","0","0.66666669","0","0","0","1","0","0","0","0","0","0","1","0","0","0","0","2","10","0","0","0","0","0","0","0","0","1","0"
"CH/A-D","36","5","4","1","42","0","1","0","1","1","1","0","1","0","26","54","80","1","0","1","1","1","0","0.66666669","0","0","0","0.66666669","0","0","0","0","0","0","1","0","0","0","0","0","15","0","0","0","0","0","0","0","0","0","0"
"CH/A-D","36","6","4","5","42","0","1","0","5","3","0","0","0","0","26","4","30","1","1","1","0","0.5","0.33333334","1","0.66666669","0","0","0.66666669","0","0","0","0","0","0","1","0","0","0","0","2","4","1","0","0","0","1","0","0","0","0.66666669","0"
"CH/A-D","36","7","4","4","42","0","1","0","3","3","1","1","0","0","36","36","72","1","1","0","0","0.5","0","0","0","0","0","0.66666669","0","0","0","0","0","0","1","0","0","0","0","2","8","0","0","0","0","0","0","0","0","0.66666669","0"
"CH/A-D","36","8","4","2","42","0","1","0","3","3","1","1","0","0","36","36","72","1","1","0","0","0","0","1","0","0","0","0.66666669","0","0","0","0","0","0","1","0","0","0","0","1","12","0","0","0","0","0","0","0","0","0","0"
"CH/A-D","36","9","4","5","42","0","1","0","3","3","1","1","0","0","32","32","64","1","1","0","0","0.5","0","0.66666669","0","1","0","0.66666669","0","0","0","0","0","0","1","0","0","0","0","2","9","0","0","0","0","0","0","0","0","0","0"
"CH/A-D","36","10","4","4","42","0","1","0","3","3","1","1","0","0","36","36","72","1","1","0","0","0.5","0","1","0","0","0","0.66666669","0","0","0","0","0","0","1","0","0","0","0","3","15","0.5","0","0","0","1","0","0","0","0.66666669","0"
"CH/A-D","36","11","4","3","42","0","1","0","3","3","1","1","1","0","40","40","80","1","1","1","1","1","0","0.66666669","0","0","0","0.66666669","0","0","0","0","0","0","1","0","0","0","0","2","17","0","0","0","0","0","0","0","0","0","0"
"CH/A-D","36","12","4","1","42","0","1","0","1","1","1","0","1","0","26","54","80","1","0","1","1","1","0","0","0","0","0","0","0","0","0","0","0","0","1","0","0","0","0","0","2","0","0","0","0","0","0","0","0","0","0"
"CH/A-D","36","13","4","1","42","0","1","0","1","1","1","0","1","0","26","54","80","1","0","1","1","1","0","0.66666669","0","0","0","0.66666669","0","0","0","0","0","0","1","0","0","0","0","1","11","0","0","0","0","0.66666669","0","0","0","0","0"
"CH/A-D","36","14","4","2","42","0","1","0","3","3","1","1","0","0","36","36","72","1","1","0","0","1","0","0","0","0","0","0","0","0","0","0","0","0","1","0","0","0","0","0","2","0","0","0","0","0","0","0","0","0","0"
"CH/A-D","36","15","4","1","42","0","1","0","3","3","1","1","0","0","32","32","64","1","1","0","0","0.5","0","0","0","0","0","0","0","0","0","0","0","0","1","0","0","0","0","0","5","0","0","0","0","0","0","0","0","0","0"
"CH/A-D","36","16","4","4","42","0","1","0","4","4","1","0","1","0","47","33","80","1","1","1","1","1","0","1","0.66666669","0","0.33333334","0.66666669","0","0","0","0","0","0","1","0","0","0","0","0","9","0","0","0","0","0","0","0","0","0","0"
"CH/A-D","36","17","4","2","42","0","1","0","3","3","1","1","0","0","36","36","72","1","1","0","0","1","0","0","0","0.66666669","0","0","0","0","0","0","0","0","1","0","0","0","0","5","12","0","0","0","0","0","0","0","0","0","0"
"CH/A-D","36","18","4","2","42","0","1","0","3","3","1","1","0","0","36","36","72","1","1","0","0","1","0","0.66666669","0","0","0","0.33333334","0","0","0","0","0","0","1","0","0","0","0","1","14","0","0","0","0","0.66666669","0","0","0","0","0"
"CH/A-D","37","1","4","2","43","0","1","0","2","2","1","0","1","0","33","47","80","0","0","0","0","0.5","0","0","1","0","0","0.66666669","0","0","0","0","0","0","1","0","0","0","0","1","2","0","0","0.5","0","0","0","0","0","0","0"
"CH/A-D","37","2","4","2","43","0","1","0","2","2","1","0","1","0","33","47","80","0","0","0","0","0.5","0","0","0","0","0","0.33333334","0","0","0","0","0","0","1","0","0","0","0","1","5","0","0","0","0","0","0","0","0","0","0"
"CH/A-D","37","3","4","4","43","0","1","0","4","4","1","0","1","0","47","33","80","1","0","1","1","0","0","0","0.66666669","0.66666669","0","1","1","1","1","0","0","0","0","1","0","0","0","1","6","0","0","0","0","0","0","0","0","0","1"
"CH/A-D","37","4","4","4","43","0","1","0","4","4","1","0","1","0","47","33","80","0","0","0","0","0","0","0","1","0","0","1","0","0","0","0","0","0","1","0","0","0","0","8","7","0","0","0","0","0","0.33333334","0","0","1","0"
"CH/A-D","37","5","4","1","43","0","1","0","1","1","1","0","1","0","26","54","80","0","0","0","0","0.5","0","0.66666669","0.33333334","0","0.33333334","0","0","0","0","0","0","0","1","0","0","0","0","0","8","0","0","0","0","0","0","0","0","0","0"
"CH/A-D","37","6","4","5","43","0","1","0","5","5","1","0","1","0","54","26","80","1","0","1","1","1","0","0.66666669","0","1","0","0.66666669","0","0","0","0","0","0","1","0","0","0","0","3","9","0","0","0","0","0","0","1","0","0","0"
"CH/A-D","37","7","4","4","43","0","1","0","4","4","1","0","1","0","47","33","80","1","0","1","1","1","0","0","0","0","0","0","0","0","0","0","0","0","1","0","0","0","0","0","2","0","0","0","0","0","0","0","0","0","0"
"CH/A-D","37","8","4","2","43","0","1","0","2","2","1","0","1","0","33","47","80","1","0","1","1","1","0","0.66666669","0","0","0","0","0","0","0","0","0","0","1","0","0","0","0","2","10","0","0","0","0","0","0","0","0","0","0"
"CH/A-D","37","9","4","5","43","0","1","0","3","3","1","1","0","0","32","32","64","1","1","0","0","1","0","0.66666669","0","0","0","0.66666669","0.5","1","1","0","0","0","0","0","1","0","0","4","6","0","0","1","0","0","0","0","0","0","0.5"
"CH/A-D","37","10","4","4","43","0","1","0","4","4","1","0","1","0","47","33","80","1","0","1","1","1","0","0.66666669","1","0","0.33333334","0.66666669","0","0","0","0","0","0","1","0","0","0","0","1","9","0","0","0","0","0","1","0","0","0.66666669","0"
"CH/A-D","37","11","4","3","43","0","1","0","3","3","1","1","1","0","40","40","80","0","0","0","0","0.5","0","0","0","0","0.33333334","0","1","0.5","0.5","0","0","0","0","0.5","0.5","0","0","2","4","0","0","0","0","0","0","0","0","0","1"
"CH/A-D","37","12","4","1","43","0","1","0","1","1","1","0","1","0","26","54","80","1","0","1","1","0","0","0","0.66666669","0","0","0","0","0","0","0","0","0","1","0","0","0","0","1","7","0","0","0","0","0","0","0","0","0","0"
"CH/A-D","37","13","4","1","43","0","1","0","1","1","1","0","1","0","26","54","80","0","0","0","0","1","0","0.66666669","0","0","0","0.66666669","0","0","0","0","0","0","1","0","0","0","0","2","5","0","0","0","0","0","0","0","0","0","0"
"CH/A-D","37","14","4","2","43","0","1","0","2","2","1","0","1","0","33","47","80","1","0","1","1","0","0","0","0","0","0","0","1","1","1","0","0","0","0","1","1","0","0","1","4","0","0","0","0","0","0","0","0","0","1"
"CH/A-D","37","15","4","1","43","0","1","0","3","3","1","1","0","0","32","32","64","1","1","1","0","0.5","0","1","0","0","0","0.66666669","0","0","0","0","0","0","1","0","0","0","0","0","6","0","0","0","0","0","0","0","0","0","0"
"CH/A-D","37","16","4","4","43","0","1","0","4","4","1","0","1","0","47","33","80","1","0","1","1","1","0","0","0","0","0","0","0","0","0","0","0","0","1","0","0","0","0","4","6","0","0","0","0","0","0","0","0","0","0"
"CH/A-D","37","17","4","2","43","0","1","0","2","2","1","0","1","0","33","47","80","1","0","1","1","1","0","0","0","0","0","0","0","0","0","0","0","0","1","0","0","0","0","0","8","0","0","0","0","0","0","0","0","0","0"
"CH/A-D","37","18","4","2","43","0","1","0","5","5","1","0","0","1","42","14","56","1","0","0","0","1","0","1","0","0","0","0.33333334","1","0.5","0.5","0","0","0","0","0","0.5","0","0","2","11","0","0","0","0","0","0","0","0","0","1"
"CH/S-D","29","1","4","2","2904","1","0","0","3","1","0","0","0","0","8","22","30","1","1","0","0","0","0","0","0","0.33333334","0","0","0","0","0","0","0","0","1","0","0","0","0","0","4","0","0","0","0","0","0","0","0","0","0"
"CH/S-D","29","2","4","2","2904","1","0","0","1","1","1","0","0","1","22","50","72","1","1","0","0","0","0","1","1","0","0.33333334","0","0","0","0","0","0","0","1","0","0","0","0","0","9","0","0","0","0","0","0","0","0","0","0"
"CH/S-D","29","3","4","4","2904","1","0","0","3","3","1","1","0","0","36","36","72","1","1","0","0","1","0","0.33333334","0","0","0","0.66666669","0","0","0","0","0","0","1","0","0","0","0","0","8","0","0","0","0","0","0","0","0","0","0"
"CH/S-D","29","4","4","4","2904","1","0","0","4","1","0","0","0","0","5","0","5","1","0","1","0","0","0.66666669","0","0","0","0.33333334","0.66666669","0","0","0","0","0","0","1","0","0","0","0","0","5","0","0","0","0","0","0","0","0","0","0"
"CH/S-D","29","5","4","1","2904","1","0","0","1","1","1","0","1","0","26","54","80","1","1","1","1","1","0.66666669","1","1","0","0","0.33333334","0","0","0","0","0","0","1","0","0","0","0","0","10","0","0","0","0","0","0","0","0","0","0"
"CH/S-D","29","6","4","5","2904","1","0","0","5","5","1","0","1","0","54","26","80","1","0","1","1","1","0","0.66666669","0","0","0","0","0","0","0","0","0","0","1","0","0","0","0","0","8","0","0","0","0","0","0","0","0","0","0"
"CH/S-D","29","7","4","4","2904","1","0","0","1","1","1","0","0","1","14","42","56","1","0","0","0","0","0","0","1","0","0","0","0","0","0","0","0","0","1","0","0","0","0","0","7","0","0","0","0","0","0","0","0","0","0"
"CH/S-D","29","8","4","2","2904","1","0","0","5","5","1","0","0","1","42","14","56","1","0","0","0","1","0","1","0","0","0","0.33333334","0","0","0","0","0","0","1","0","0","0","0","0","8","0","0","0","0","0","0","0","0","0","0"
"CH/S-D","29","9","4","5","2904","1","0","0","3","3","1","1","0","0","32","32","64","1","1","0","0","1","0","1","1","0","0","0","0","0","0","0","0","0","1","0","0","0","0","0","10","0","0","0","0","0","0","0","0","0","0"
"CH/S-D","29","10","4","4","2904","1","0","0","3","3","1","1","0","0","36","36","72","1","1","0","0","1","0.66666669","0.66666669","0","0","0.33333334","0","0","0","0","0","0","0","1","0","0","0","0","0","6","0","0","0","0","0","0","0","0","0","0"
"CH/S-D","29","11","4","3","2904","1","0","0","5","5","1","0","0","1","46","18","64","1","1","1","0","1","0","0.33333334","1","0.33333334","0.33333334","0.33333334","0","0","0","0","0","0","1","0","0","0","0","0","10","0","0","0","0","0","0","0","0","0","0"
"CH/S-D","29","12","4","1","2904","1","0","0","1","1","1","0","1","0","26","54","80","1","0","1","1","1","0","0.33333334","0","0","0","0","0","0","0","0","0","0","1","0","0","0","0","0","6","0","0","0","0","0","0","0","0","0","0"
"CH/S-D","29","13","4","1","2904","1","0","0","4","4","1","0","0","1","35","21","56","1","0","0","0","1","0","0.66666669","0","0","0","0.33333334","0","0","0","0","0","0","1","0","0","0","0","0","6","0","0","0","0","0","0","0","0","0","0"
"CH/S-D","29","14","4","2","2904","1","0","0","2","2","1","0","1","0","33","47","80","1","0","1","1","0.5","0","0.33333334","0","0","0.33333334","0","0","0","0","0","0","0","1","0","0","0","0","0","12","0","0","0","0","0","0","0","0","0","0"
"CH/S-D","29","15","4","1","2904","1","0","0","4","4","1","0","0","1","35","21","56","1","0","0","0","1","0","0","0","0","0","0","0","0","0","0","0","0","1","0","0","0","0","0","10","0","0","0","0","0","0","0","0","0","0"
"CH/S-D","29","16","4","4","2904","1","0","0","2","2","1","0","0","1","25","39","64","1","0","0","0","1","0","0","0","0","0","0","0","0","0","0","0","0","1","0","0","0","0","0","2","0","0","0","0","0","0","0","0","0","0"
"CH/S-D","29","17","4","2","2904","1","0","0","4","4","1","0","0","1","39","25","64","1","0","0","0","1","0","0","0","0","0","0","0","0","0","0","0","0","1","0","0","0","0","0","8","0","0","0","0","0","0","0","0","0","0"
"CH/S-D","29","18","4","2","2904","1","0","0","1","1","1","0","0","1","22","50","72","1","0","1","0","1","0","0.66666669","0.5","0","0","0","0","0","0","0","0","0","1","0","0","0","0","0","6","0","0","0","0","0","0","0","0","0","0"
"CH/S-D","30","1","4","2","3004","1","0","0","3","3","1","1","0","0","36","36","72","1","1","1","0","1","0","1","1","0","0","0","0","0","0","0","0","0","1","0","0","0","0","0","10","0","0","0","0","0","0","0","0","0","0"
"CH/S-D","30","2","4","2","3004","1","0","0","3","3","1","1","0","0","36","36","72","1","1","0","0","1","0.33333334","0.66666669","0","0","0.33333334","0.33333334","0","0","0","0","0","0","1","0","0","0","0","0","5","0","0","0","0","0","0","0","0","0","0"
"CH/S-D","30","3","4","4","3004","1","0","0","5","5","1","0","0","1","50","22","72","1","1","0","0","1","0","0.66666669","1","0","0","0.33333334","0","0","0","0","0","0","1","0","0","0","0","0","8","0","0","0","0","0","0","0","0","0","0"
"CH/S-D","30","4","4","4","3004","1","0","0","3","3","1","1","0","0","36","36","72","1","1","0","0","1","0","0.66666669","0","0.33333334","0","0.66666669","0","0","0","0","0","0","1","0","0","0","0","0","11","0","0","0","0","0","0","0","0","0","0"
"CH/S-D","30","5","4","1","3004","1","0","0","1","1","1","0","1","0","26","54","80","1","0","1","1","1","0","0","0","0","0","0","0","0","0","0","0","0","1","0","0","0","0","0","3","0","0","0","0","0","0","0","0","0","0"
"CH/S-D","30","6","4","5","3004","1","0","0","5","5","1","0","1","0","54","26","80","1","0","1","1","1","0","0.33333334","1","0","0.66666669","0","0","0","0","0","0","0","1","0","0","0","0","0","5","0","0","0","0","0","0","0","0","0","0"
"CH/S-D","30","7","4","4","3004","1","0","0","4","4","1","0","1","0","47","33","80","1","1","1","0.5","1","0","0.66666669","1","0","0","0","0","0","0","0","0","0","1","0","0","0","0","0","9","0","0","0","0","0","0","0","0","0","0"
"CH/S-D","30","8","4","2","3004","1","0","0","2","2","1","0","1","0","33","47","80","1","0","1","1","1","0","0.66666669","1","0","0","0","0","0","0","0","0","0","1","0","0","0","0","0","3","0","0","0","0","0","0","0","0","0","0"
"CH/S-D","30","9","4","5","3004","1","0","0","1","1","1","0","0","1","10","38","48","1","0","0","0","0","0","0.66666669","0.5","0","0","0","0","0","0","0","0","0","1","0","0","0","0","0","8","0","0","0","0","0","0","0","0","0","0"
"CH/S-D","30","10","4","4","3004","1","0","0","4","4","1","0","1","0","47","33","80","1","1","1","1","1","0","1","1","0","0","0.33333334","0","0","0","0","0","0","1","0","0","0","0","0","8","0","0","0","0","0","0","0","0","0","0"
"CH/S-D","30","11","4","3","3004","1","0","0","1","3","0","0","0","0","-10","12","2","1","1","1","1","1","0","0.66666669","1","0","0","0","0","0","0","0","0","0","1","0","0","0","0","0","4","0","0","0","0","0","0","0","0","0","0"
"CH/S-D","30","12","4","1","3004","1","0","0","1","1","1","0","1","0","26","54","80","1","0","1","1","1","0","0.66666669","0.5","0","0","0","0","0","0","0","0","0","1","0","0","0","0","0","7","0","0","0","0","0","0","0","0","0","0"
"CH/S-D","30","13","4","1","3004","1","0","0","1","1","1","0","1","0","26","54","80","1","0","1","1","1","0","0.66666669","1","0","0.33333334","0.33333334","0","0","0","0","0","0","1","0","0","0","0","0","8","0","0","0","0","0","0","0","0","0","0"
"CH/S-D","30","14","4","2","3004","1","0","0","5","5","1","0","0","1","42","14","56","1","0","0","0","1","0","0.66666669","0","0","0","0","0","0","0","0","0","0","1","0","0","0","0","0","10","0","0","0","0","0","0","0","0","0","0"
"CH/S-D","30","15","4","1","3004","1","0","0","3","3","1","1","0","0","32","32","64","1","1","1","0","1","0","0.66666669","1","0","0","0.33333334","0","0","0","0","0","0","1","0","0","0","0","0","9","0","0","0","0","0","0","0","0","0","0"
"CH/S-D","30","16","4","4","3004","1","0","0","4","4","1","0","1","0","47","33","80","1","1","1","1","1","0","0.66666669","1","0","0.33333334","0.33333334","0","0","0","0","0","0","1","0","0","0","0","0","9","0","0","0","0","0","0","0","0","0","0"
"CH/S-D","30","17","4","2","3004","1","0","0","2","2","1","0","1","0","33","47","80","1","0","1","1","1","0","0","0","0","0","0","0","0","0","0","0","0","1","0","0","0","0","0","3","0","0","0","0","0","0","0","0","0","0"
"CH/S-D","30","18","4","2","3004","1","0","0","3","3","1","1","0","0","36","36","72","1","1","0","0","1","0","0","0","0","0","0","0","0","0","0","0","0","1","0","0","0","0","0","2","0","0","0","0","0","0","0","0","0","0"
"CH/S-D","31","1","4","2","3104","1","0","0","2","4","0","0","0","0","5","-3","2","1","0","0","0","0","0","0","0","0.66666669","0","0","0","0","0","0","0","0","1","0","0","0","0","0","8","0","0","0","0","0","0","0","0","0","0"
"CH/S-D","31","2","4","2","3104","1","0","0","4","4","1","0","0","1","39","25","64","1","0","0","0","0.5","0","0.33333334","0.5","0.33333334","0","0","0","0","0","0","0","0","1","0","0","0","0","0","8","0","0","0","0","0","0","0","0","0","0"
"CH/S-D","31","3","4","4","3104","1","0","0","5","2","0","0","0","0","8","-3","5","1","0","0","0","0","0","0","0","0.33333334","0","0","0","0","0","0","0","0","1","0","0","0","0","0","5","0","0","0","0","0","0","0","0","0","0"
"CH/S-D","31","4","4","4","3104","1","0","0","4","4","1","0","1","0","47","33","80","1","0","1","1","1","0","0","0","0.33333334","0","0.33333334","0","0","0","0","0","0","1","0","0","0","0","0","10","0","0","0","0","0","0","0","0","0","0"
"CH/S-D","31","5","4","1","3104","1","0","0","3","1","0","0","0","0","4","26","30","1","1","1","1","1","0","0","0","0.33333334","0","0","0","0","0","0","0","0","1","0","0","0","0","0","8","0","0","0","0","0","0","0","0","0","0"
"CH/S-D","31","6","4","5","3104","1","0","0","5","5","1","0","1","0","54","26","80","1","0","0","0","0","0","0","0","0.33333334","0","0","0","0","0","0","0","0","1","0","0","0","0","0","4","0","0","0","0","0","0","0","0","0","0"
"CH/S-D","31","7","4","4","3104","1","0","0","5","4","0","0","0","0","36","19","55","1","1","0","0","0","0","0","0","0.33333334","0","0","0","0","0","0","0","0","1","0","0","0","0","0","5","0","0","0","0","0","0","0","0","0","0"
"CH/S-D","31","8","4","2","3104","1","0","0","5","2","0","0","0","0","0","5","5","1","0","0","0","0","0","0","0","0.33333334","0","0.33333334","0","0","0","0","0","0","1","0","0","0","0","0","5","0","0","0","0","0","0","0","0","0","0"
"CH/S-D","31","9","4","5","3104","1","0","0","5","4","0","0","0","0","40","15","55","1","0","1","1","0","0","0","0","0.33333334","0","0.33333334","0","0","0","0","0","0","1","0","0","0","0","0","6","0","0","0","0","0","0","0","0","0","0"
"CH/S-D","31","10","4","4","3104","1","0","0","5","5","1","0","0","1","50","22","72","1","0","1","0","1","0","0","0","0","0","0.33333334","0","0","0","0","0","0","1","0","0","0","0","0","8","0","0","0","0","0","0","0","0","0","0"
"CH/S-D","31","11","4","3","3104","1","0","0","5","5","1","0","0","1","46","18","64","1","1","1","1","0","0","0.66666669","0","0","0","0.66666669","0","0","0","0","0","0","1","0","0","0","0","0","8","0","0","0","0","0","0","0","0","0","0"
"CH/S-D","31","12","4","1","3104","1","0","0","5","2","0","0","0","0","-4","1","-3","1","0","0","0","0","0","0.33333334","0","0","0","0.33333334","0","0","0","0","0","0","1","0","0","0","0","0","7","0","0","0","0","0","0","0","0","0","0"
"CH/S-D","31","13","4","1","3104","1","0","0","2","2","1","0","0","1","29","43","72","1","1","0","0","0.5","0","1","0","0","0","0.66666669","0","0","0","0","0","0","1","0","0","0","0","0","16","0","0","0","0","0","0","0","0","0","0"
"CH/S-D","31","14","4","2","3104","1","0","0","3","3","1","1","0","0","36","36","72","1","1","0","0","1","0","0.66666669","0","0","0","0.33333334","0","0","0","0","0","0","1","0","0","0","0","0","12","0","0","0","0","0","0","0","0","0","0"
"CH/S-D","31","15","4","1","3104","1","0","0","3","3","1","1","0","0","32","32","64","1","1","0","0","1","0","0.66666669","0","0","0.33333334","0.66666669","0","0","0","0","0","0","1","0","0","0","0","0","7","0","0","0","0","0","0","0","0","0","0"
"CH/S-D","31","16","4","4","3104","1","0","0","3","3","1","1","0","0","36","36","72","1","1","0","0","1","0","0.66666669","0","0","0","0.66666669","0","0","0","0","0","0","1","0","0","0","0","0","4","0","0","0","0","0","0","0","0","0","0"
"CH/S-D","31","17","4","2","3104","1","0","0","3","3","1","1","0","0","36","36","72","1","1","0","0","1","0","1","0","0","0","0.66666669","0","0","0","0","0","0","1","0","0","0","0","0","10","0","0","0","0","0","0","0","0","0","0"
"CH/S-D","31","18","4","2","3104","1","0","0","3","2","0","0","0","0","22","33","55","1","1","1","0","1","0","0.66666669","0","0","0","0","0","0","0","0","0","0","1","0","0","0","0","0","13","0","0","0","0","0","0","0","0","0","0"
"CH-MC","32","1","4","2","3204","0","0","1","2","1","0","0","0","0","19","36","55","1","0","0","0","0","0","0","0","0","0","0","0","0","0","0","0","0","1","0","0","0","0","0","1","0","0","0","0","0","0","0","0","0","0"
"CH-MC","32","2","4","2","3204","0","0","1","1","1","1","0","0","1","22","50","72","1","0","0","0","0","0","0","0","0","0","0","0","0","0","0","0","0","1","0","0","0","0","0","2","0","0","0","0","0","0","0","0","0","0"
"CH-MC","32","3","4","4","3204","0","0","1","3","3","1","1","0","0","36","36","72","1","1","0","0","0.5","0","0","1","0","0","0","0","0","0","0","0","0","1","0","0","0","0","0","3","0","0","0","0","0","0","0","0","0","0"
"CH-MC","32","4","4","4","3204","0","0","1","1","1","1","0","0","1","14","42","56","1","1","0","0","0","0","0","1","0.66666669","0","0.33333334","0","0","0","0","0","0","1","0","0","0","0","0","4","0","0","0","0","0","0","0","0","0","0"
"CH-MC","32","5","4","1","3204","0","0","1","4","4","1","0","0","1","35","21","56","1","1","0","0","1","0","0","0","1","0","0.66666669","0","0","0","0","0","0","1","0","0","0","0","3","9","0","0","0","0","0","0","0","0","0","0"
"CH-MC","32","6","4","5","3204","0","0","1","4","4","1","0","0","1","43","29","72","1","1","1","0","0","0","0.33333334","1","0","0","0.33333334","0","0","0","0","0","0","1","0","0","0","0","0","7","0","0","0","0","0","0","0","0","0","0"
"CH-MC","32","7","4","4","3204","0","0","1","1","1","1","0","0","1","14","42","56","1","1","0","0","1","0","1","1","0","0","0.66666669","0","0","0","0","0","0","1","0","0","0","0","2","9","0","0","0","0","0","0","0","0","0","0"
"CH-MC","32","8","4","2","3204","0","0","1","3","3","1","1","0","0","36","36","72","1","1","0","0","0","0","1","0","0","0","0.66666669","0.5","0","0","0","0","0","1","0","0","0","0","1","3","0","0","0","0","0","0","0","0","0","0"
"CH-MC","32","9","4","5","3204","0","0","1","3","3","1","1","0","0","32","32","64","1","1","0","0","1","0","0","0","0","0","0","0","0","0","0","0","0","1","0","0","0","0","0","2","0","0","0","0","0","0","0","0","0","0"
"CH-MC","32","10","4","4","3204","0","0","1","3","3","1","1","0","0","36","36","72","1","1","0","0","1","0","0","1","0.33333334","0.66666669","0.66666669","0","0","0","0","0","0","1","0","0","0","0","1","10","0","0","0","0","0","0","0","0","0","0"
"CH-MC","32","11","4","3","3204","0","0","1","3","3","1","1","1","0","40","40","80","1","1","1","1","0","0","0.33333334","1","0","0.66666669","0.33333334","0","0","0","0","0","0","1","0","0","0","0","0","6","0","0","0","0","0","0","0","0","0","0"
"CH-MC","32","12","4","1","3204","0","0","1","3","3","1","1","0","0","32","32","64","1","1","0","0","1","0","0.33333334","0","0","0.33333334","0.33333334","0","0","0","0","0","0","1","0","0","0","0","0","5","0","0","0","0","0","0","0","0","0","0"
"CH-MC","32","13","4","1","3204","0","0","1","3","3","1","1","0","0","32","32","64","1","1","0","0","1","0","0","0","0","0","0","0","0","0","0","0","0","1","0","0","0","0","0","2","0","0","0","0","0","0","0","0","0","0"
"CH-MC","32","14","4","2","3204","0","0","1","3","3","1","1","0","0","36","36","72","1","1","0","0","1","0","0","0","0","0","0","0","0","0","0","0","0","1","0","0","0","0","0","2","0","0","0","0","0","0","0","0","0","0"
"CH-MC","32","15","4","1","3204","0","0","1","3","3","1","1","0","0","32","32","64","1","1","0","0","1","0","0.33333334","0","0","0","0","0","0","0","0","0","0","1","0","0","0","0","0","4","0","0","0","0","0","0","0","0","0","0"
"CH-MC","32","16","4","4","3204","0","0","1","3","3","1","1","0","0","36","36","72","1","1","0","0","0.5","0","0","0.5","0","0","0","0","0","0","0","0","0","1","0","0","0","0","0","3","0","0","0","0","0","0","0","0","0","0"
"CH-MC","32","17","4","2","3204","0","0","1","3","3","1","1","0","0","36","36","72","1","1","0","0","0.5","0","0","0","0","0","0","0","0","0","0","0","0","1","0","0","0","0","0","2","0","0","0","0","0","0","0","0","0","0"
"CH-MC","32","18","4","2","3204","0","0","1","3","3","1","1","0","0","36","36","72","1","1","0","0","0.5","0","0","0","0.33333334","0","0","0","0","0","0","0","0","1","0","0","0","0","1","3","0","0","0","0","0","0","0","0","0","0"
"CH-MC","33","1","4","2","3304","0","0","1","1","1","1","0","0","1","22","50","72","0","0","0","0","0","0","0","0","0","0","0","0","0","0","0","0","0","1","0","0","0","0","0","1","0","0","0","0","0","0","0","0","0","0"
"CH-MC","33","2","4","2","3304","0","0","1","5","5","1","0","0","1","42","14","56","1","0","0","0","0","0","0.33333334","0.5","0","0","0.33333334","1","1","1","0","0","0","0","1","1","0","0","1","4","0","0","0","0","0","0","0","0","0","0"
"CH-MC","33","3","4","4","3304","0","0","1","3","3","1","1","0","0","36","36","72","1","1","1","0","0","0","1","0","0","0","0.33333334","0","1","1","0","0","0","0","1","1","0","0","1","5","0","0","0","0","0","0","0","0","0","0"
"CH-MC","33","4","4","4","3304","0","0","1","5","5","1","0","0","1","50","22","72","1","1","0","0","1","0","0.66666669","1","0","0","0.33333334","1","1","1","0","0","0","0","1","1","0","0","2","6","0","0","0","0","0","0","0","0","0","0"
"CH-MC","33","5","4","1","3304","0","0","1","1","1","1","0","1","0","26","54","80","1","0","1","1","1","0","0.33333334","0","0","0","0","0","1","1","0","0","0","0","1","1","0","0","1","9","0","0","0","0","0","0","0","0","0","0"
"CH-MC","33","6","4","5","3304","0","0","1","5","5","1","0","1","0","54","26","80","1","1","1","1","1","0","0.33333334","1","0","0.33333334","0.33333334","0","1","1","0","0","0","0","1","1","0","0","2","10","0","0","0","0","0","0","0","0","0","0"
"CH-MC","33","7","4","4","3304","0","0","1","2","2","1","0","0","1","25","39","64","1","0","0","0","1","0","0.33333334","0.5","0","0","0.66666669","0","1","1","0","0","0","0","1","1","0","0","0","7","0","0","0","0","0","0","0","0","0","0"
"CH-MC","33","8","4","2","3304","0","0","1","2","2","1","0","1","0","33","47","80","1","0","1","1","1","0","0","0","0","0","0","0","1","1","0","0","0","0","1","1","0","0","2","5","0","0","0","0","0","0","0","0","0","0"
"CH-MC","33","9","4","5","3304","0","0","1","5","5","1","0","1","0","54","26","80","1","1","1","0","0","0","1","0.5","0","0.33333334","0.33333334","0","1","1","0","0","0","0","0","1","0","0","1","6","0","0","0","0","0","0","0","0","0","0"
"CH-MC","33","10","4","4","3304","0","0","1","4","4","1","0","1","0","47","33","80","1","0","1","0.5","1","0","0.66666669","0.5","0","0","0.33333334","1","1","1","0","0","0","0","1","1","0","0","2","7","0","0","0","0","0","0","0","0","0","0"
"CH-MC","33","11","4","3","3304","0","0","1","3","3","1","1","1","0","40","40","80","1","1","1","0.5","1","0","0.66666669","0.5","0.66666669","0.33333334","0","0","0.5","0.5","0","0","0","0.5","0.5","0.5","0","0","3","14","0","0","0","0","0","0","0","0","0","0"
"CH-MC","33","12","4","1","3304","0","0","1","1","1","1","0","1","0","26","54","80","1","1","1","1","0","0","0","0","0.66666669","0","0","0","1","1","0","0","0","0","1","1","0","0","0","7","0","0","0","0","0","0","0","0","0","0"
"CH-MC","33","13","4","1","3304","0","0","1","2","2","1","0","0","1","29","43","72","1","1","0","0","1","0","0.66666669","1","0.66666669","0","0.33333334","0","1","1","0","0","0","0","0.5","1","0","0","2","9","0","0","0","0","0","0","0","0","0","0"
"CH-MC","33","14","4","2","3304","0","0","1","4","4","1","0","0","1","39","25","64","1","0","0","0","1","0","0.33333334","0","0","0","0","0","1","1","0","0","0","0","0","1","0","0","4","8","0","0","0","0","0","0","0","0","0","0"
"CH-MC","33","15","4","1","3304","0","0","1","1","1","1","0","1","0","26","54","80","1","1","1","0","0","0","0.33333334","0.5","0","0.33333334","0","0","1","1","0","0","0","0","0","1","0","0","0","7","0","0","0","0","0","0","0","0","0","0"
"CH-MC","33","16","4","4","3304","0","0","1","4","4","1","0","1","0","47","33","80","1","0","1","1","0.5","0","0","0","0","0","0","0","1","1","0","0","0","0","1","1","0","0","2","7","0","0","0","0","0","0","0","0","0","0"
"CH-MC","33","17","4","2","3304","0","0","1","2","2","1","0","1","0","33","47","80","1","1","1","1","0.5","0","0.66666669","0","0","0","1","0","1","1","0","0","0","0","0","1","0","0","1","12","0","0","0","0","0","0","0","0","0","0"
"CH-MC","33","18","4","2","3304","0","0","1","3","3","1","1","0","0","36","36","72","1","1","1","0","0.5","0","0.33333334","0.5","0","0","0.66666669","0","1","1","0","0","0","0","1","1","0","0","3","8","0","0","0","0","0","0","0","0","0","0"
"CH-MC","34","1","4","2","3404","0","0","1","2","2","1","0","1","0","33","47","80","1","0","1","1","0.5","0","0","1","0","0","0","1","1","1","0","0","0","0","1","1","0","0","4","8","0","0","0","0","0","0","0","0","0","0"
"CH-MC","34","2","4","2","3404","0","0","1","2","2","1","0","1","0","33","47","80","1","0","1","1","0.5","0","0.33333334","0","0","0","0","1","1","1","0","0","0","0","1","1","0","0","7","7","0","0","0","0","0","0","0","0","0","0"
"CH-MC","34","3","4","4","3404","0","0","1","4","4","1","0","1","0","47","33","80","1","1","1","1","1","0","1","0.5","0","0","0.33333334","1","1","1","0","0","0","0","0","1","0","0","4","10","0","0","0","0","0","0","0","0","0","0"
"CH-MC","34","4","4","4","3404","0","0","1","4","4","1","0","1","0","47","33","80","1","0","1","1","1","0","0","0","0","0","0","0","0.5","0.5","0","0","0","0.5","0.5","0.5","0","0","3","4","0","0","0","0","0","0","0","0","0","0"
"CH-MC","34","5","4","1","3404","0","0","1","2","2","1","0","0","1","29","43","72","1","1","0","0","1","0","0.33333334","0.5","0","0.33333334","0.33333334","1","1","1","0","0","0","0","1","0","0","0","5","13","0","0","0","0","0","0","0","0","0","0"
"CH-MC","34","6","4","5","3404","0","0","1","5","5","1","0","1","0","54","26","80","1","1","1","0.5","1","0","0.66666669","1","0","0","0.33333334","1","1","1","0","0","0","0","1","0","0","0","7","18","0","0","0","0","0","0","0","0","0","0"
"CH-MC","34","7","4","4","3404","0","0","1","4","4","1","0","1","0","47","33","80","1","1","1","0","1","0","1","0.5","0","0","0.33333334","0","1","1","0","0","0","0","1","0","0","0","5","7","0","0","0","0","0","0","0","0","0","0"
"CH-MC","34","8","4","2","3404","0","0","1","2","2","1","0","1","0","33","47","80","1","0","1","1","1","0","0.66666669","0","0","0.33333334","1","0.5","1","1","0","0","0","0","1","0","0","0","5","12","0","0","0","0","0","0","0","0","0","0"
"CH-MC","34","9","4","5","3404","0","0","1","3","3","1","1","0","0","32","32","64","1","1","0","0","0.5","0","0.66666669","0","0","0","0","0","1","1","0","0","0","0","1","1","0","0","2","10","0","0","0","0","0","0","0","0","0","0"
"CH-MC","34","10","4","4","3404","0","0","1","4","4","1","0","1","0","47","33","80","1","0","1","1","1","0","0","0","0.66666669","0","0.33333334","1","1","1","0","0","0","0","1","1","0","0","7","16","0","0","0","0","0","0","0","0","0","0"
"CH-MC","34","11","4","3","3404","0","0","1","3","3","1","1","1","0","40","40","80","1","1","1","1","1","0","0","0","0","0","0","0","1","1","0","0","0","0","1","1","0","0","8","15","0","0","0","0","0","0","0","0","0","0"
"CH-MC","34","12","4","1","3404","0","0","1","1","1","1","0","1","0","26","54","80","1","1","1","1","1","0","0.66666669","1","0","0","0","0","1","1","0","0","0","0","1","1","0","0","5","15","0","0","0","0","0","0","0","0","0","0"
"CH-MC","34","13","4","1","3404","0","0","1","1","1","1","0","1","0","26","54","80","1","1","1","1","0.5","0","0.66666669","1","0","0","0","0","1","1","0","0","0","0","1","0.5","0","0","5","12","0","0","0","0","0","0","0","0","0","0"
"CH-MC","34","14","4","2","3404","0","0","1","2","2","1","0","1","0","33","47","80","1","1","1","0.5","1","0","0.66666669","1","0","0","0","0","1","1","0","0","0","0","1","0","0","0","3","13","0","0","0","0","0","0","0","0","0","0"
"CH-MC","34","15","4","1","3404","0","0","1","3","3","1","1","0","0","32","32","64","1","1","0","0","0.5","0","0","0","0","0","0","0","1","1","0","0","0","0","1","0","0","0","7","16","0","0","0","0","0","0","0","0","0","0"
"CH-MC","34","16","4","4","3404","0","0","1","4","4","1","0","1","0","47","33","80","1","0","1","1","1","0","1","1","0","0","0.33333334","0","1","1","0","0","0","0","1","1","0","0","5","21","0","0","0","0","0","0","0","0","0","0"
"CH-MC","34","17","4","2","3404","0","0","1","3","3","1","1","0","0","36","36","72","1","1","0","0","1","0","0.66666669","0","0","0","0.33333334","0","1","1","0","0","0","0","1","1","0","0","2","13","0","0","0","0","0","0","0","0","0","0"
"CH-MC","34","18","4","2","3404","0","0","1","5","5","1","0","0","1","42","14","56","1","0","0","0","0.5","0","0.66666669","0.5","0","0","0.33333334","0","1","1","0","0","0","0","1","1","0","0","6","19","0","0","0","0","0","0","0","0","0","0"
"CH/A-D","35","1","5","3","51","0","1","0","3","3","1","1","1","0","40","40","80","1","0","0","0","1","0.33333334","0.66666669","0","0","0","0.33333334","0","1","1","0","0","0","0","1","0","0","0","0","5","0","0","0","0","0","0","0","0","0","0"
"CH/A-D","35","2","5","5","51","0","1","0","3","3","1","1","0","0","32","32","64","1","1","0","0","0.5","0.66666669","0.66666669","0","0","0.33333334","0.66666669","0","0","0","0","0","0","1","0","0","0","0","0","7","0","0","0","0","0","0","0","0","0","0"
"CH/A-D","35","3","5","1","51","0","1","0","3","3","1","1","0","0","32","32","64","1","1","0","0","1","0","1","0","0","0","0.66666669","0","0","0","0","0","0","1","0","0","0","0","0","4","0","0","0","0","0","0","0","0","0","0"
"CH/A-D","35","4","5","2","51","0","1","0","3","3","1","1","0","0","36","36","72","0","0","0","0","0","0","0","0","0","0","0","0","0","0","0","0","0","1","0","0","0","0","0","0","0","0","0","0","0","0","0","0","0","0"
"CH/A-D","35","5","5","2","51","0","1","0","1","1","1","0","0","1","22","50","72","1","0","0","0","1","0","0.33333334","0","0","0","0.66666669","0","0","0","0","0","0","1","0","0","0","0","0","17","0","0","0","0","0","0","0","0","0","0"
"CH/A-D","35","6","5","3","51","0","1","0","5","5","1","0","0","1","46","18","64","1","0.5","0.5","0.5","0.5","0","0.33333334","0.33333334","0","0","0","0","0","0","0","0","0","1","0","0","0","0","0","15","0","0","0","0","0","0","0","0","0","0"
"CH/A-D","35","7","5","5","51","0","1","0","3","3","1","1","0","0","32","32","64","1","1","1","0","1","0","1","0","0","0","1","0","0","0","0","0","0","1","0","0","0","0","0","16","0","0","0","0","0","0","0","0","0","0"
"CH/A-D","35","8","5","4","51","0","1","0","5","5","1","0","0","1","50","22","72","1","0","0","0","1","0","0.66666669","0.33333334","0","0","0.66666669","0","0","0","0","0","0","1","0","0","0","0","0","16","0","0","0","0","0","0","0","0","0","0"
"CH/A-D","35","9","5","3","51","0","1","0","1","1","1","0","0","1","18","46","64","0.5","0","0","0","1","0","0","0","0","0","0","0","0","0","0","0","0","1","0","0","0","0","0","2","0","0","0","0","0","0","0","0","0","0"
"CH/A-D","35","10","5","2","51","0","1","0","3","3","1","1","0","0","36","36","72","1","1","0","0","0.5","0","0","0.33333334","0","0","0.66666669","0","0","0","0","0","0","1","0","0","0","0","0","8","0","0","0","0","0","0","0","0","0","0"
"CH/A-D","35","11","5","3","51","0","1","0","3","3","1","1","1","0","40","40","80","0","0","0","0","0","0","0.66666669","0","0","0","0.66666669","0","0","0","0","0","0","1","0","0","0","0","4","9","0","0","0","0","0","0","0","0","0.66666669","0"
"CH/A-D","35","12","5","1","51","0","1","0","1","1","1","0","1","0","26","54","80","1","0","1","1","0.5","0","0.66666669","0","0","0","0.66666669","0","0","0","0","0","0","1","0","0","0","0","0","11","0","0","0","0","0","0","0","0","0","0"
"CH/A-D","35","13","5","2","51","0","1","0","3","3","1","1","0","0","36","36","72","1","1","0","0","0.5","0","0","0","0","0","0","0","0","0","0","0","0","1","0","0","0","0","0","3","0","0","0","0","0","0","0","0","0","0"
"CH/A-D","35","14","5","3","51","0","1","0","3","3","1","1","1","0","40","40","80","0","0","0","0","0","0","0","0","0","0","0","0","0","0","0","0","0","1","0","0","0","0","0","2","0","0","0","0","0","0","0","0","0","0"
"CH/A-D","35","15","5","5","51","0","1","0","5","5","1","0","1","0","54","26","80","1","0","1","1","1","0","0","0","0","0","0","0","0","0","0","0","0","1","0","0","0","0","0","3","0","0","0","0","0","0","0","0","0","0"
"CH/A-D","35","16","5","2","51","0","1","0","3","3","1","1","0","0","36","36","72","1","1","0","0","1","0","0.66666669","0.66666669","0","0","0.66666669","0","0","0","0","0","0","1","0","0","0","0","0","15","0","0","0","0","0","0","0","0","0","0"
"CH/A-D","35","17","5","5","51","0","1","0","5","5","1","0","1","0","54","26","80","0","0","0","0","0.5","0","0.66666669","0","0","0","0","0","0","0","0","0","0","1","0","0","0","0","0","4","0","0","0","0","0","0","0","0","0","0"
"CH/A-D","35","18","5","5","51","0","1","0","5","1","0","0","0","0","-2","-18","-20","1","1","0","0","0.5","0","0","0","0","0","0.66666669","0","0","0","0","0","0","1","0","0","0","0","0","14","0","0","0","0","0","0","0","0","0","0"
"CH/A-D","36","1","5","3","52","0","1","0","3","2","0","0","0","0","26","29","55","0","0","0","0","0","0","0","0","0","0","0","0","0","0","0","0","0","1","0","0","0","0","2","2","0","0","0","0","0","0","0","0","0","0"
"CH/A-D","36","2","5","5","52","0","1","0","3","2","0","0","0","0","18","21","39","1","0","0","0","0.5","0","0.66666669","0","0","0.66666669","0","0","0.5","0","0","0","0","1","0","0","0","0","8","9","0","0","0","0","0","0","0","0","0","0"
"CH/A-D","36","3","5","1","52","0","1","0","2","2","1","0","0","1","29","43","72","1","1","0","0","0","0","0.66666669","1","0","0","0","0","0","0","0","0","0","1","0","0","0","0","10","9","0","0","0","0","0.66666669","1","0","0","0","0"
"CH/A-D","36","4","5","2","52","0","1","0","4","4","1","0","0","1","39","25","64","1","0","0","0","1","0","1","0","1","0.66666669","1","0","0","0","0","0","0","1","0","0","0","0","11","16","0","0","0","0","0.33333334","0","1","0.66666669","0","0"
"CH/A-D","36","5","5","2","52","0","1","0","2","2","1","0","1","0","33","47","80","1","0","1","1","1","0","0.66666669","0","0","0","0.66666669","0","0","0","0","0","0","1","0","0","0","0","8","16","0","0","1","0","0","0","0","0","0","0"
"CH/A-D","36","6","5","3","52","0","1","0","4","4","1","0","0","1","43","29","72","1","0","0","0","1","0","1","0","0","0","0.66666669","0","0","0","0","0","0","1","0","0","0","0","6","18","0","0","1","0","0","0","0","0","0","0"
"CH/A-D","36","7","5","5","52","0","1","0","2","2","1","0","0","1","21","35","56","1","0","0","0","1","0","0","0","0","0","0","0","0","0","0","0","0","1","0","0","0","0","9","11","0","0","0","0","0","0","0","0","0","0"
"CH/A-D","36","8","5","4","52","0","1","0","3","3","1","1","0","0","36","36","72","1","1","0","0","0","0.66666669","0.66666669","0","0.66666669","0","0.66666669","0","0","0","0","0","0","1","0","0","0","0","11","14","0","0","0","0.33333334","0","0","0.66666669","0","0","0"
"CH/A-D","36","9","5","3","52","0","1","0","3","3","1","1","1","0","40","40","80","1","1","1","1","1","0","1","0","0","0","0.66666669","0","0","0","0","0","0","1","0","0","0","0","7","9","0","0","0","0","1","0","0","0","0.66666669","0"
"CH/A-D","36","10","5","2","52","0","1","0","3","3","1","1","0","0","36","36","72","1","1","1","0","0.5","0.33333334","1","0","0.66666669","0","0.66666669","0","0","0","0","0","0","1","0","0","0","0","5","14","0","0","0","0","0","0","0","0","0.66666669","0"
"CH/A-D","36","11","5","3","52","0","1","0","4","4","1","0","0","1","43","29","72","1","0","0","0","1","0","0.66666669","0","0","0","0.66666669","0","0","0","0","0","0","1","0","0","0","0","4","11","0","0","1","0","0","0","0","0","0","0"
"CH/A-D","36","12","5","1","52","0","1","0","2","2","1","0","0","1","29","43","72","1","0","0","0","0","0","0.66666669","0","0","0","0.66666669","0","0","0","0","0","0","1","0","0","0","0","7","14","0","0","0","0","0","0","0","0","0","0"
"CH/A-D","36","13","5","2","52","0","1","0","4","4","1","0","0","1","39","25","64","1","0","0","0","0.5","0","1","0","1","0","1","0","0","0","0","0","0","1","0","0","0","0","6","9","0","0","0","0","0.66666669","0","1","0","0","0"
"CH/A-D","36","14","5","3","52","0","1","0","2","2","1","0","0","1","29","43","72","1","0","0","0","0.5","0","1","0","0","0","0.66666669","0","0","0","0","0","0","1","0","0","0","0","9","12","0.5","0","0.5","0","0","0","0","0","0","0"
"CH/A-D","36","15","5","5","52","0","1","0","4","4","1","0","0","1","43","29","72","1","0","0","0","0.5","0","0","0","0","0","0","0","0","0","0","0","0","1","0","0","0","0","9","13","0.5","0","0.5","0","0","0","0","0","0","0"
"CH/A-D","36","16","5","2","52","0","1","0","2","2","1","0","1","0","33","47","80","1","0","1","1","1","0","0.66666669","0","1","0","1","0","0","0","0","0","0","1","0","0","0","0","5","13","0","0","1","0","0","0","1","0","0","0"
"CH/A-D","36","17","5","5","52","0","1","0","4","4","1","0","0","1","43","29","72","1","0","0","0","0.5","0","0","0","0.66666669","0","0","0","0","0","0","0","0","1","0","0","0","0","5","11","0.5","0","0.5","0","0","0","0.66666669","0","0","0"
"CH/A-D","36","18","5","5","52","0","1","0","2","2","1","0","0","1","21","35","56","1","0","0","0","0","0","0","0","0.66666669","0","0.66666669","0","0","0","0","0","0","1","0","0","0","0","9","14","0","0","0","0","0","0","0.66666669","0","0","0"
"CH/A-D","37","1","5","3","53","0","1","0","1","1","1","0","0","1","18","46","64","1","0","0","0","0","0","0","0","0","0","0","0","0","0","0","0","0","1","0","0","0","0","0","2","0","0","0","0","0","0","0","0","0","0"
"CH/A-D","37","2","5","5","53","0","1","0","3","3","1","1","0","0","32","32","64","1","1","0","0","1","0","0","0","0","0","0","0","0","0","0","0","0","1","0","0","0","0","0","2","0","0","0","0","0","0","0","0","0","0"
"CH/A-D","37","3","5","1","53","0","1","0","3","2","0","0","0","0","18","29","47","1","1","0","0","1","0","0.66666669","0","0","0","0.66666669","0","0","0","0","0","0","1","0","0","0","0","3","6","1","0","0","0","0","0","0","0","0.66666669","0"
"CH/A-D","37","4","5","2","53","0","1","0","2","5","0","0","0","0","-9","-28","-37","1","0","0","0","0","0","1","1","0","0","0.33333334","0","0","0","0","0","0","1","0","0","0","0","4","4","0","0","0","0","0","1","0","0","0.33333334","0"
"CH/A-D","37","5","5","2","53","0","1","0","4","3","0","0","0","0","25","22","47","1","0","0","0","0","0","0","0","0","0","0","0","0","0","0","0","0","1","0","0","0","0","0","4","0","0","0","0","0","0","0","0","0","0"
"CH/A-D","37","6","5","3","53","0","1","0","3","2","0","0","0","0","26","29","55","1","1","1","1","1","0","0","0","0","0","0.66666669","0","0","0","0","0","0","1","0","0","0","0","1","6","0.5","0","0","0","0","0","0","0","0.66666669","0"
"CH/A-D","37","7","5","5","53","0","1","0","3","4","0","0","0","0","18","15","33","1","0","0","0","1","0","0","0","0","0","0","0","0","0","0","0","0","1","0","0","0","0","1","2","0.5","0","0","0","0","0","0","0","0","0"
"CH/A-D","37","8","5","4","53","0","1","0","3","2","0","0","0","0","22","25","47","1","0.5","0","0","0","0","0.66666669","0","0","0","0.66666669","0","0","0","0","0","0","1","0","0","0","0","6","4","1","0","0","0","0.66666669","0","0","0","0.66666669","0"
"CH/A-D","37","9","5","3","53","0","1","0","3","3","1","1","1","0","40","40","80","1","1","1","1","1","0","0","0","0","0","0.66666669","0","0","0","0","0","0","1","0","0","0","0","4","3","0","1","0","0","0","0","0","0","0.66666669","0"
"CH/A-D","37","10","5","2","53","0","1","0","3","3","1","1","0","0","36","36","72","1","1","0","0","0","0","0.66666669","0","0","0.66666669","0.66666669","0","0","0","0","0","0","1","0","0","0","0","4","4","1","0","0","0","0.66666669","0","0","0.33333334","0.66666669","0"
"CH/A-D","37","11","5","3","53","0","1","0","4","4","1","0","0","1","43","29","72","1","0","0","0","1","0","1","0.33333334","0","0.33333334","0.33333334","0","0","0","0","0","0","1","0","0","0","0","4","5","0.5","0","0","0","1","0.33333334","0","0.33333334","0.33333334","0"
"CH/A-D","37","12","5","1","53","0","1","0","2","2","1","0","0","1","29","43","72","1","0","1","0","1","0","1","0","0","0","0.66666669","0","0","0","0","0","0","1","0","0","0","0","6","11","0.5","1","0","0","0.33333334","0","0","0","0.66666669","0"
"CH/A-D","37","13","5","2","53","0","1","0","4","4","1","0","0","1","39","25","64","1","0","0","0","1","0","0","0","0","0","0","0","0","0","0","0","0","1","0","0","0","0","1","2","0","0","0.5","0","0","0","0","0","0","0"
"CH/A-D","37","14","5","3","53","0","1","0","2","2","1","0","0","1","29","43","72","1","0","0","0","1","0","0.66666669","0","0","0","0.66666669","0","0","0","0","0","0","1","0","0","0","0","5","8","0","0","1","0","0","0","0","0","0.33333334","0"
"CH/A-D","37","15","5","5","53","0","1","0","4","4","1","0","0","1","43","29","72","1","1","0","0","0","0","0.66666669","0","0","0","0.66666669","0","0","0","0","0","0","1","0","0","0","0","4","9","0","0","0","0","0","0","0","0","0.66666669","0"
"CH/A-D","37","16","5","2","53","0","1","0","2","2","1","0","1","0","33","47","80","1","1","1","1","1","0","0","0","0","0","0.66666669","0","0","0","0","0","0","1","0","0","0","0","3","10","0","1","0","0","0","0","0","0","0.66666669","0"
"CH/A-D","37","17","5","5","53","0","1","0","4","4","1","0","0","1","43","29","72","1","0","0","0","1","0","0","0","0","0","0","0","0","0","0","0","0","1","0","0","0","0","1","3","0.5","0","0","0","0","0","0","0","0","0"
"CH/A-D","37","18","5","5","53","0","1","0","2","2","1","0","0","1","21","35","56","1","0","0","0","0.5","0","0.66666669","0","0","0","0.66666669","0","0","0","0","0","0","1","0","0","0","0","0","9","0","0","0","0","0","0","0","0","0","0"
"CH/S-D","29","1","5","3","2905","1","0","0","4","3","0","0","0","0","29","26","55","1","1","1","0","1","0.33333334","0","0","0","0","0","0","0","0","0","0","0","1","0","0","0","0","0","6","0","0","0","0","0","0","0","0","0","0"
"CH/S-D","29","2","5","5","2905","1","0","0","3","3","1","1","0","0","32","32","64","1","1","0","0","1","0","0.66666669","0.5","0","0","0.33333334","0","0","0","0","0","0","1","0","0","0","0","0","6","0","0","0","0","0","0","0","0","0","0"
"CH/S-D","29","3","5","1","2905","1","0","0","3","3","1","1","0","0","32","32","64","1","1","0","0","1","0","0.33333334","0","0","0","0.66666669","0","0","0","0","0","0","1","0","0","0","0","0","8","0","0","0","0","0","0","0","0","0","0"
"CH/S-D","29","4","5","2","2905","1","0","0","5","5","1","0","0","1","42","14","56","1","0","0","0","0","0","0","0","0","0","0","0","0","0","0","0","0","1","0","0","0","0","0","4","0","0","0","0","0","0","0","0","0","0"
"CH/S-D","29","5","5","2","2905","1","0","0","3","1","0","0","0","0","8","22","30","1","1","1","0","0","0","0","0","0","0","0","0","0","0","0","0","0","1","0","0","0","0","0","5","0","0","0","0","0","0","0","0","0","0"
"CH/S-D","29","6","5","3","2905","1","0","0","3","3","1","1","1","0","40","40","80","1","1","1","1","1","0.33333334","0.33333334","0","0","0","0","0","0","0","0","0","0","1","0","0","0","0","0","5","0","0","0","0","0","0","0","0","0","0"
"CH/S-D","29","7","5","5","2905","1","0","0","5","5","1","0","1","0","54","26","80","1","1","1","1","1","0","0.66666669","1","0","0.33333334","0.66666669","0","0","0","0","0","0","1","0","0","0","0","0","11","0","0","0","0","0","0","0","0","0","0"
"CH/S-D","29","8","5","4","2905","1","0","0","4","3","0","0","0","0","33","22","55","1","1","1","1","0","0.33333334","0.33333334","0.5","0","1","1","0","0","0","0","0","0","1","0","0","0","0","0","7","0","0","0","0","0","0","0","0","0","0"
"CH/S-D","29","9","5","3","2905","1","0","0","3","3","1","1","1","0","40","40","80","1","1","1","1","1","0.33333334","0","0.5","0.33333334","0.33333334","0.66666669","0","0","0","0","0","0","1","0","0","0","0","0","7","0","0","0","0","0","0","0","0","0","0"
"CH/S-D","29","10","5","2","2905","1","0","0","2","2","1","0","1","0","33","47","80","1","0","1","0.5","1","0.66666669","0.66666669","0.5","0.33333334","0.33333334","0.66666669","0","0","0","0","0","0","1","0","0","0","0","0","13","0","0","0","0","0","0","0","0","0","0"
"CH/S-D","29","11","5","3","2905","1","0","0","3","3","1","1","1","0","40","40","80","1","1","1","1","1","0","0","0","0","0","0","0","0","0","0","0","0","1","0","0","0","0","0","14","0","0","0","0","0","0","0","0","0","0"
"CH/S-D","29","12","5","1","2905","1","0","0","1","1","1","0","1","0","26","54","80","0","0","0","0","0","0","0","0","0","0","0","0","0","0","0","0","0","1","0","0","0","0","0","7","0","0","0","0","0","0","0","0","0","0"
"CH/S-D","29","13","5","2","2905","1","0","0","2","2","1","0","1","0","33","47","80","1","0","1","1","1","0","0","0","0.33333334","0","0","0","0","0","0","0","0","1","0","0","0","0","0","10","0","0","0","0","0","0","0","0","0","0"
"CH/S-D","29","14","5","3","2905","1","0","0","3","3","1","1","1","0","40","40","80","1","1","1","1","1","0","1","0.5","0","0","0","0","0","0","0","0","0","1","0","0","0","0","0","4","0","0","0","0","0","0","0","0","0","0"
"CH/S-D","29","15","5","5","2905","1","0","0","5","5","1","0","1","0","54","26","80","1","0","1","1","1","0","0","0.5","0.33333334","0","0.33333334","0","0","0","0","0","0","1","0","0","0","0","0","10","0","0","0","0","0","0","0","0","0","0"
"CH/S-D","29","16","5","2","2905","1","0","0","4","4","1","0","0","1","39","25","64","1","0","0","0","1","0","0.66666669","0.5","0","0","0","0","0","0","0","0","0","1","0","0","0","0","0","6","0","0","0","0","0","0","0","0","0","0"
"CH/S-D","29","17","5","5","2905","1","0","0","5","5","1","0","1","0","54","26","80","1","0","1","1","1","0","0","0","0","0","0.33333334","0","0","0","0","0","0","1","0","0","0","0","0","3","0","0","0","0","0","0","0","0","0","0"
"CH/S-D","29","18","5","5","2905","1","0","0","5","5","1","0","1","0","54","26","80","1","0","1","1","1","0","0","0","0","0.33333334","0","0","0","0","0","0","0","1","0","0","0","0","0","10","0","0","0","0","0","0","0","0","0","0"
"CH/S-D","30","1","5","3","3005","1","0","0","1","1","1","0","0","1","18","46","64","1","0","0","0","0","0.66666669","0","0","1","0.66666669","0.33333334","0","0","0","0","0","0","1","0","0","0","0","0","8","0","0","0","0","0","0","0","0","0","0"
"CH/S-D","30","2","5","5","3005","1","0","0","5","5","1","0","1","0","54","26","80","1","0","1","1","1","0","0.66666669","1","0","0","0","0","0","0","0","0","0","1","0","0","0","0","0","8","0","0","0","0","0","0","0","0","0","0"
"CH/S-D","30","3","5","1","3005","1","0","0","3","3","1","1","0","0","32","32","64","1","1","1","0","1","0.66666669","0.66666669","1","0.33333334","0.66666669","0.33333334","0","0","0","0","0","0","1","0","0","0","0","0","15","0","0","0","0","0","0","0","0","0","0"
"CH/S-D","30","4","5","2","3005","1","0","0","1","1","1","0","0","1","22","50","72","1","1","0","0","1","0.33333334","0.66666669","1","0","0.33333334","0","0","0","0","0","0","0","1","0","0","0","0","0","8","0","0","0","0","0","0","0","0","0","0"
"CH/S-D","30","5","5","2","3005","1","0","0","3","3","1","1","0","0","36","36","72","1","1","0","0","0.5","0","0.66666669","1","0","0.33333334","0.33333334","0","0","0","0","0","0","1","0","0","0","0","0","11","0","0","0","0","0","0","0","0","0","0"
"CH/S-D","30","6","5","3","3005","1","0","0","5","5","1","0","0","1","46","18","64","1","0","0","0","0.5","0","0","0","0","0","0","0","0","0","0","0","0","1","0","0","0","0","0","5","0","0","0","0","0","0","0","0","0","0"
"CH/S-D","30","7","5","5","3005","1","0","0","5","5","1","0","1","0","54","26","80","1","0","1","1","1","0","0","1","0","0","0.33333334","0","0","0","0","0","0","1","0","0","0","0","0","11","0","0","0","0","0","0","0","0","0","0"
"CH/S-D","30","8","5","4","3005","1","0","0","1","1","1","0","0","1","14","42","56","1","0","0","0","1","0","1","0.5","0","0.33333334","0.33333334","0","0","0","0","0","0","1","0","0","0","0","0","11","0","0","0","0","0","0","0","0","0","0"
"CH/S-D","30","9","5","3","3005","1","0","0","3","3","1","1","1","0","40","40","80","1","1","1","1","0.5","0","0.66666669","1","0","0","0.33333334","0","0","0","0","0","0","1","0","0","0","0","0","13","0","0","0","0","0","0","0","0","0","0"
"CH/S-D","30","10","5","2","3005","1","0","0","1","1","1","0","0","1","22","50","72","1","0","0","0","1","0","0.33333334","0.5","0","1","0.33333334","0","0","0","0","0","0","1","0","0","0","0","0","20","0","0","0","0","0","0","0","0","0","0"
"CH/S-D","30","11","5","3","3005","1","0","0","3","3","1","1","1","0","40","40","80","0","0","0","0","1","0","0.66666669","1","0","0.33333334","0","0","0","0","0","0","0","1","0","0","0","0","0","8","0","0","0","0","0","0","0","0","0","0"
"CH/S-D","30","12","5","1","3005","1","0","0","1","1","1","0","1","0","26","54","80","0.5","0","0.5","0.5","0.5","0","0.66666669","1","0","0","0.66666669","0","0","0","0","0","0","1","0","0","0","0","0","6","0","0","0","0","0","0","0","0","0","0"
"CH/S-D","30","13","5","2","3005","1","0","0","1","1","1","0","0","1","22","50","72","1","0","0","0","1","0","0.66666669","1","0","0","0","0","0","0","0","0","0","1","0","0","0","0","0","12","0","0","0","0","0","0","0","0","0","0"
"CH/S-D","30","14","5","3","3005","1","0","0","3","3","1","1","1","0","40","40","80","1","0.5","0.5","0.5","1","0","1","0.5","0","0","0","0","0","0","0","0","0","1","0","0","0","0","0","14","0","0","0","0","0","0","0","0","0","0"
"CH/S-D","30","15","5","5","3005","1","0","0","5","5","1","0","1","0","54","26","80","1","0","1","1","0","0","0","0.5","0","0","0","0","0","0","0","0","0","1","0","0","0","0","0","8","0","0","0","0","0","0","0","0","0","0"
"CH/S-D","30","16","5","2","3005","1","0","0","5","5","1","0","0","1","42","14","56","1","0","0","0","1","0","0.66666669","0.5","0","0","0","0","0","0","0","0","0","1","0","0","0","0","0","12","0","0","0","0","0","0","0","0","0","0"
"CH/S-D","30","17","5","5","3005","1","0","0","5","5","1","0","1","0","54","26","80","1","0","1","1","1","0","0.66666669","1","0.33333334","0","0.33333334","0","0","0","0","0","0","1","0","0","0","0","0","16","0","0","0","0","0","0","0","0","0","0"
"CH/S-D","30","18","5","5","3005","1","0","0","3","3","1","1","0","0","32","32","64","1","1","0","0","1","0","0.33333334","0","0.33333334","0.33333334","0.33333334","0","0","0","0","0","0","1","0","0","0","0","0","21","0","0","0","0","0","0","0","0","0","0"
"CH/S-D","31","1","5","3","3105","1","0","0","1","1","1","0","0","1","18","46","64","0.5","0","0","0","0","0","0","0.5","0.66666669","0.33333334","0.33333334","0","0","0","0","0","0","1","0","0","0","0","0","7","0","0","0","0","0","0","0","0","0","0"
"CH/S-D","31","2","5","5","3105","1","0","0","5","1","0","0","0","0","-2","-18","-20","1","0","1","1","0","0","0.33333334","0","0","0","0.33333334","0","0","0","0","0","0","1","0","0","0","0","0","6","0","0","0","0","0","0","0","0","0","0"
"CH/S-D","31","3","5","1","3105","1","0","0","3","3","1","1","0","0","32","32","64","1","1","1","0","1","0","0.33333334","0.5","0","0.33333334","0","0","0","0","0","0","0","1","0","0","0","0","0","13","0","0","0","0","0","0","0","0","0","0"
"CH/S-D","31","4","5","2","3105","1","0","0","2","2","1","0","1","0","33","47","80","1","1","1","1","1","0","0","0","0","0","0","0","0","0","0","0","0","1","0","0","0","0","0","6","0","0","0","0","0","0","0","0","0","0"
"CH/S-D","31","5","5","2","3105","1","0","0","5","4","0","0","0","0","28","11","39","1","0","0.5","0","1","0","0.66666669","1","0","0","0.33333334","0","0","0","0","0","0","1","0","0","0","0","0","12","0","0","0","0","0","0","0","0","0","0"
"CH/S-D","31","6","5","3","3105","1","0","0","3","3","1","1","1","0","40","40","80","1","1","1","1","1","0","0","1","0","0","0","0","0","0","0","0","0","1","0","0","0","0","0","4","0","0","0","0","0","0","0","0","0","0"
"CH/S-D","31","7","5","5","3105","1","0","0","3","3","1","1","0","0","32","32","64","1","1","1","0","0","0","0.33333334","1","0","0","0.33333334","0","0","0","0","0","0","1","0","0","0","0","0","6","0","0","0","0","0","0","0","0","0","0"
"CH/S-D","31","8","5","4","3105","1","0","0","3","3","1","1","0","0","36","36","72","1","1","0","0","1","0","0","0.5","0","0.33333334","0.33333334","0","0","0","0","0","0","1","0","0","0","0","0","8","0","0","0","0","0","0","0","0","0","0"
"CH/S-D","31","9","5","3","3105","1","0","0","3","3","1","1","1","0","40","40","80","1","1","1","1","1","0","0","1","0","0","0","0","0","0","0","0","0","1","0","0","0","0","0","10","0","0","0","0","0","0","0","0","0","0"
"CH/S-D","31","10","5","2","3105","1","0","0","1","1","1","0","0","1","22","50","72","1","0","0","0","1","0","0.66666669","1","0.33333334","0","0","0","0","0","0","0","0","1","0","0","0","0","0","12","0","0","0","0","0","0","0","0","0","0"
"CH/S-D","31","11","5","3","3105","1","0","0","4","4","1","0","0","1","43","29","72","1","0","0","0","1","0","0.33333334","1","0","0","0.33333334","0","0","0","0","0","0","1","0","0","0","0","0","16","0","0","0","0","0","0","0","0","0","0"
"CH/S-D","31","12","5","1","3105","1","0","0","1","1","1","0","1","0","26","54","80","1","1","1","1","1","0.33333334","0.66666669","1","0","0","0.33333334","0","0","0","0","0","0","1","0","0","0","0","0","13","0","0","0","0","0","0","0","0","0","0"
"CH/S-D","31","13","5","2","3105","1","0","0","3","3","1","1","0","0","36","36","72","1","1","0","0","1","0","0","1","0","0","0","0","0","0","0","0","0","1","0","0","0","0","0","16","0","0","0","0","0","0","0","0","0","0"
"CH/S-D","31","14","5","3","3105","1","0","0","3","3","1","1","1","0","40","40","80","1","1","1","0.5","1","0","0","0","0","0","0","0","0","0","0","0","0","1","0","0","0","0","0","15","0","0","0","0","0","0","0","0","0","0"
"CH/S-D","31","15","5","5","3105","1","0","0","5","5","1","0","1","0","54","26","80","1","0","1","1","1","0","0","0","0","0","0","0","0","0","0","0","0","1","0","0","0","0","0","17","0","0","0","0","0","0","0","0","0","0"
"CH/S-D","31","16","5","2","3105","1","0","0","2","2","1","0","1","0","33","47","80","1","0","1","1","1","0","0.33333334","0.5","0","0","0","0","0","0","0","0","0","1","0","0","0","0","0","18","0","0","0","0","0","0","0","0","0","0"
"CH/S-D","31","17","5","5","3105","1","0","0","5","5","1","0","1","0","54","26","80","1","0","1","1","1","0","0","0","0","0","0","0","0","0","0","0","0","1","0","0","0","0","0","21","0","0","0","0","0","0","0","0","0","0"
"CH/S-D","31","18","5","5","3105","1","0","0","3","3","1","1","0","0","32","32","64","1","1","0","0","1","0","0.66666669","1","0","0","0.33333334","0","0","0","0","0","0","1","0","0","0","0","0","14","0","0","0","0","0","0","0","0","0","0"
"CH-MC","32","1","5","3","3205","0","0","1","2","2","1","0","0","1","29","43","72","1","0","0","0","0","0.33333334","0.66666669","1","0","0.33333334","0.33333334","0.5","0","0","0","0","0","1","0","0","0","0","3","2","0","0","0","0","0","0","0","0","0","0"
"CH-MC","32","2","5","5","3205","0","0","1","5","5","1","0","1","0","54","26","80","1","0","1","1","1","0.66666669","0.33333334","0","0","0","0.66666669","1","1","1","0","0","0","0","0","1","0","0","4","8","0","0","0","0","0","0","0","0","0","0"
"CH-MC","32","3","5","1","3205","0","0","1","3","3","1","1","0","0","32","32","64","1","1","0","0","1","0","0","1","1","0","0.66666669","0","0.5","0","0.5","0","0","0.5","0","0","0.5","0","5","6","0","0","0","0","0","0","0","0","0","0"
"CH-MC","32","4","5","2","3205","0","0","1","3","3","1","1","0","0","36","36","72","1","1","0","0","1","0.33333334","0.66666669","1","0","0.33333334","0.66666669","0","0","0","0","0","0","1","0","0","0","0","3","9","0","0","0","0","0","0","0","0","0","0"
"CH-MC","32","5","5","2","3205","0","0","1","3","3","1","1","0","0","36","36","72","1","1","0","0","0.5","0.33333334","0.66666669","0.5","0.33333334","0.33333334","0.66666669","0.5","0","0","0","0","0","1","0","0","0","0","4","6","0","0","0","0","0","0","0","0","0","0"
"CH-MC","32","6","5","3","3205","0","0","1","3","3","1","1","1","0","40","40","80","1","1","1","1","1","0","1","0","0.33333334","0","0.33333334","0","0.5","0.5","0.5","0.5","0","0.5","0","0.5","0.5","0","5","10","0","0","0","0","0","0","0","0","0","0"
"CH-MC","32","7","5","5","3205","0","0","1","3","3","1","1","0","0","32","32","64","0.5","0.5","0","0","0","0","0.66666669","1","0.33333334","0","0.66666669","0","1","1","0","0","0","0","0","1","0","0","2","12","0","0","0","0","0","0","0","0","0","0"
"CH-MC","32","8","5","4","3205","0","0","1","3","3","1","1","0","0","36","36","72","1","1","0","0","0.5","0","0","0.5","0.33333334","0","0.66666669","0","1","1","0","0","0","0","0","1","0","0","3","8","0","0","0","0","0","0","0","0","0","0"
"CH-MC","32","9","5","3","3205","0","0","1","3","3","1","1","1","0","40","40","80","1","1","1","0.5","1","0","1","0.5","0.66666669","0","0.33333334","1","1","0.5","1","0","0.33333334","0","0.5","0","1","0","4","11","0","0","0","0","0","0","0","0","0","0"
"CH-MC","32","10","5","2","3205","0","0","1","3","3","1","1","0","0","36","36","72","1","1","0","0","1","0.33333334","0.66666669","0.5","0.66666669","0.66666669","0.66666669","0","0","0","0","0","0.33333334","1","0","0","0","0","5","13","0","0","0","0","0","0","0","0","0","0"
"CH-MC","32","11","5","3","3205","0","0","1","3","3","1","1","1","0","40","40","80","1","1","1","1","1","0","0.33333334","0","0","0","0","0","1","1","0","0","0","0","0","1","0","0","5","10","0","0","0","0","0","0","0","0","0","0"
"CH-MC","32","12","5","1","3205","0","0","1","3","3","1","1","0","0","32","32","64","0.5","0.5","0","0","1","0","1","0","0","0.66666669","0.33333334","0","1","1","0","0","0","0","1","0","0","0","3","8","0","0","0","0","0","0","0","0","0","0"
"CH-MC","32","13","5","2","3205","0","0","1","3","3","1","1","0","0","36","36","72","0","0","0","0","0","0","0.66666669","0","0","0.33333334","0.33333334","0","0","0","0","0","0","1","0","0","0","0","5","10","0","0","0","0","0","0","0","0","0","0"
"CH-MC","32","14","5","3","3205","0","0","1","3","3","1","1","1","0","40","40","80","0.5","0.5","0.5","0.5","1","0","0","1","1","0","0.66666669","0","0","0","0","0","0","1","0","0","0","0","4","11","0","0","0","0","0","0","0","0","0","0"
"CH-MC","32","15","5","5","3205","0","0","1","3","3","1","1","0","0","32","32","64","0","0","0","0","0","0","0","0","1","0","1","1","1","1","0","0","0","0","1","1","0","0","4","12","0","0","0","0","0","0","0","0","0","0"
"CH-MC","32","16","5","2","3205","0","0","1","3","3","1","1","0","0","36","36","72","1","1","0","0","1","0","1","0","0","0","0.33333334","0","1","1","0","0","0","0","1","1","0","0","3","8","0","0","0","0","0","0","0","0","0","0"
"CH-MC","32","17","5","5","3205","0","0","1","3","3","1","1","0","0","32","32","64","0.5","0.5","0","0","0.5","0","0","0","0.33333334","0","0","0","1","1","0","0","0","0","1","0","0","0","3","15","0","0","0","0","0","0","0","0","0","0"
"CH-MC","32","18","5","5","3205","0","0","1","3","3","1","1","0","0","32","32","64","0.5","0.5","0","0","0.5","0","0","0","0.66666669","0.33333334","0","0","1","1","0","0","0","0","0","1","0","0","4","13","0","0","0","0","0","0","0","0","0","0"
"CH-MC","33","1","5","3","3305","0","0","1","1","1","1","0","0","1","18","46","64","1","0","0","0","1","0","0","0","0","0","0.33333334","0","0","0","0","0","0","1","0","0","0","0","1","4","0","0","0","0","0","0","0","0","0","0"
"CH-MC","33","2","5","5","3305","0","0","1","2","2","1","0","0","1","21","35","56","1","1","1","0.5","0","0","0.33333334","1","0","0","0.33333334","0","0","0","0","0","0","1","0","0","0","0","1","8","0","0","0","0","0","0","0","0","0","0"
"CH-MC","33","3","5","1","3305","0","0","1","3","3","1","1","0","0","32","32","64","1","1","0","0","1","0","0","0","0.66666669","0","0","0","0","0","0","0","0","1","0","0","0","0","1","8","0","0","0","0","0","0","0","0","0","0"
"CH-MC","33","4","5","2","3305","0","0","1","2","2","1","0","1","0","33","47","80","1","1","1","0","0","0","0","0","0.66666669","0","0.66666669","0.5","1","1","0","0","0","0","0","1","0","0","5","10","0","0","0","0","0","0","0","0","0","0"
"CH-MC","33","5","5","2","3305","0","0","1","3","3","1","1","0","0","36","36","72","1","1","0","0","0","0","1","0","0.33333334","0","0.33333334","0","0","0","0","0","0","1","0","0","0","0","2","6","0","0","0","0","0","0","0","0","0","0"
"CH-MC","33","6","5","3","3305","0","0","1","3","3","1","1","1","0","40","40","80","1","1","1","1","1","0","0.33333334","0","0","0","0","0","0","0","0","0","0","1","0","0","0","0","2","3","0","0","0","0","0","0","0","0","0","0"
"CH-MC","33","7","5","5","3305","0","0","1","5","5","1","0","1","0","54","26","80","1","0","1","0.5","0.5","0","0.33333334","1","0","0","0","1","1","1","0","0","0","0","1","0","0","0","3","11","0","0","0","0","0","0","0","0","0","0"
"CH-MC","33","8","5","4","3305","0","0","1","4","4","1","0","1","0","47","33","80","1","1","1","1","1","0","0.33333334","0.5","0","0.33333334","0.33333334","0","0","0","0","0","0","1","0","0","0","0","1","15","0","0","0","0","0","0","0","0","0","0"
"CH-MC","33","9","5","3","3305","0","0","1","3","3","1","1","1","0","40","40","80","1","1","1","0.5","0","0","0.33333334","0.5","0.33333334","0","1","0","0","0","0","0","0","1","0","0","0","0","3","14","0","0","0","0","0","0","0","0","0","0"
"CH-MC","33","10","5","2","3305","0","0","1","2","2","1","0","1","0","33","47","80","1","1","1","1","1","0","0.66666669","0.5","0.33333334","0.33333334","0.66666669","0","0","0","0","0","0","1","0","0","0","0","3","15","0","0","0","0","0","0","0","0","0","0"
"CH-MC","33","11","5","3","3305","0","0","1","3","3","1","1","1","0","40","40","80","1","1","1","1","1","0","0.33333334","0","0","0.33333334","0","0","0","0","0","0","0","1","0","0","0","0","3","18","0","0","0","0","0","0","0","0","0","0"
"CH-MC","33","12","5","1","3305","0","0","1","2","2","1","0","0","1","29","43","72","1","1","1","0","1","0","1","1","0","0","0.33333334","0","0","0","0","0","0","1","0","0","0","0","0","12","0","0","0","0","0","0","0","0","0","0"
"CH-MC","33","13","5","2","3305","0","0","1","2","2","1","0","1","0","33","47","80","1","1","1","1","1","0","0.33333334","1","0","0","0.33333334","0","0","0","0","0","0","1","0","0","0","0","0","10","0","0","0","0","0","0","0","0","0","0"
"CH-MC","33","14","5","3","3305","0","0","1","3","3","1","1","1","0","40","40","80","1","1","1","1","0","0","0.33333334","0","0.66666669","0","0.33333334","0","0","0","0","0","0","1","0","0","0","0","2","14","0","0","0","0","0","0","0","0","0","0"
"CH-MC","33","15","5","5","3305","0","0","1","5","5","1","0","1","0","54","26","80","1","0","1","1","1","0","1","0.5","0","0","0","0","0","0","0","0","0","1","0","0","0","0","1","11","0","0","0","0","0","0","0","0","0","0"
"CH-MC","33","16","5","2","3305","0","0","1","2","2","1","0","1","0","33","47","80","1","1","1","0","1","0","0.66666669","0.5","0","0","0","0","1","1","0","0","0","0","0","1","0","0","2","13","0","0","0","0","0","0","0","0","0","0"
"CH-MC","33","17","5","5","3305","0","0","1","5","5","1","0","1","0","54","26","80","1","0","1","1","0.5","0","0","0","0.33333334","0","0.33333334","0","1","1","0","0","0","0","0","1","0","0","2","9","0","0","0","0","0","0","0","0","0","0"
"CH-MC","33","18","5","5","3305","0","0","1","5","5","1","0","1","0","54","26","80","1","0","1","1","0","0","0","0","0","0","0","0","0.5","0.5","0","0","0","0.5","0.5","0","0","0","1","6","0","0","0","0","0","0","0","0","0","0"
"CH-MC","34","1","5","3","3405","0","0","1","5","5","1","0","0","1","46","18","64","1","1","1","0","0","0","0","0.5","1","0","0.66666669","1","0.5","0.5","0","0","0","0.5","0.5","0.5","0","0","4","7","0","0","0","0","0","0","0","0","0","0"
"CH-MC","34","2","5","5","3405","0","0","1","5","5","1","0","1","0","54","26","80","1","0","1","1","1","0","0","0","0","0","0","1","1","1","0","0","0","0","1","0","0","0","3","7","0","0","0","0","0","0","0","0","0","0"
"CH-MC","34","3","5","1","3405","0","0","1","3","3","1","1","0","0","32","32","64","1","1","0","0","1","0","1","0.5","0","0","0.33333334","1","1","1","0","0","0","0","1","0","0","0","4","11","0","0","0","0","0","0","0","0","0","0"
"CH-MC","34","4","5","2","3405","0","0","1","3","3","1","1","0","0","36","36","72","1","1","0","0","1","0","1","0","0.33333334","0.33333334","0","1","1","1","0","0","0","0","1","0","0","0","5","8","0","0","0","0","0","0","0","0","0","0"
"CH-MC","34","5","5","2","3405","0","0","1","3","3","1","1","0","0","36","36","72","1","1","0","0","1","0","0.33333334","0","0.33333334","0","0.33333334","1","1","1","0","0","0","0","1","0.5","0","0","6","17","0","0","0","0","0","0","0","0","0","0"
"CH-MC","34","6","5","3","3405","0","0","1","3","3","1","1","1","0","40","40","80","1","1","1","0.5","1","0","1","0","0","0","0","0","1","1","0","0","0","0","1","0","0","0","5","14","0","0","0","0","0","0","0","0","0","0"
"CH-MC","34","7","5","5","3405","0","0","1","3","3","1","1","0","0","32","32","64","1","1","0","0","1","0","1","0","0.33333334","0","0.66666669","0","1","1","0","0","0","0","1","0","0","0","5","15","0","0","0","0","0","0","0","0","0","0"
"CH-MC","34","8","5","4","3405","0","0","1","3","3","1","1","0","0","36","36","72","1","1","1","0","0.5","0","1","0.5","0","0","0.33333334","0","1","1","0","0","0","0","1","0","0","0","7","14","0","0","0","0","0","0","0","0","0","0"
"CH-MC","34","9","5","3","3405","0","0","1","1","1","1","0","0","1","18","46","64","1","1","1","0","1","0","1","0","0","0.33333334","0.33333334","0","1","1","0","0","0","0","1","0","0","0","5","19","0","0","0","0","0","0","0","0","0","0"
"CH-MC","34","10","5","2","3405","0","0","1","3","3","1","1","0","0","36","36","72","1","1","0","0","1","0","0.66666669","0.5","0.33333334","0.33333334","0.66666669","0","1","1","0","0","0","0","1","0","0","0","6","20","0","0","0","0","0","0","0","0","0","0"
"CH-MC","34","11","5","3","3405","0","0","1","1","1","1","0","0","1","18","46","64","1","1","1","0","1","0","1","1","0","0","1","0","1","1","0","0","0","0","1","0","0","0","8","18","0","0","0","0","0","0","0","0","0","0"
"CH-MC","34","12","5","1","3405","0","0","1","5","5","1","0","0","1","38","10","48","1","0","0","0","1","0","0.66666669","1","0","1","0.66666669","0","1","1","0","0","0","0","1","0","0","0","5","14","0","0","0","0","0","0","0","0","0","0"
"CH-MC","34","13","5","2","3405","0","0","1","3","3","1","1","0","0","36","36","72","1","1","0","0","0.5","0.33333334","0.66666669","0","0","1","0.66666669","0","1","1","0","0","0","0","1","0","0","0","5","13","0","0","0","0","0","0","0","0","0","0"
"CH-MC","34","14","5","3","3405","0","0","1","3","3","1","1","1","0","40","40","80","1","1","1","1","0.5","0","0.66666669","0","0.33333334","0","0","0","1","1","0","0","0","0","1","0","0","0","6","18","0","0","0","0","0","0","0","0","0","0"
"CH-MC","34","15","5","5","3405","0","0","1","3","3","1","1","0","0","32","32","64","1","1","0","0","0.5","0","0.66666669","0","0","0.33333334","0.33333334","0","1","1","0","0","0","0","1","0","0","0","5","20","0","0","0","0","0","0","0","0","0","0"
"CH-MC","34","16","5","2","3405","0","0","1","3","3","1","1","0","0","36","36","72","1","1","0","0","0","0","0.66666669","0","0","0.33333334","0","0.5","1","1","0","0","0","0","1","0","0","0","6","27","0","0","0","0","0","0","0","0","0","0"
"CH-MC","34","17","5","5","3405","0","0","1","4","4","1","0","0","1","43","29","72","1","0.5","1","0","1","0","1","0","0","0","0.33333334","0.5","1","1","0","0","0","0","1","0","0","0","7","20","0","0","0","0","0","0","0","0","0","0"
"CH-MC","34","18","5","5","3405","0","0","1","3","3","1","1","0","0","32","32","64","1","1","1","0","1","0","1","0","0","0","0","0","0","0","0","0","0","1","0","0","0","0","11","26","0","0","0","0","0","0","0","0","0","0"
"CH/A-D","35","1","6","2","61","0","1","0","2","3","0","0","0","0","19","33","52","0","0","0","0","0","0","0","0","0","0","0","0","0","0","0","0","0","1","0","0","0","0","0","0","0","0","0","0","0","0","0","0","0","0"
"CH/A-D","35","2","6","2","61","0","1","0","4","2","0","0","0","0","11","-3","8","0","0","0","0","0","0","0","0","0","0","0","0","0","0","0","0","0","1","0","0","0","0","0","0","0","0","0","0","0","0","0","0","0","0"
"CH/A-D","35","3","6","3","61","0","1","0","3","2","0","0","0","0","26","26","52","0","0","0","0","0","0","0","0","0","0","0","0","0","0","0","0","0","1","0","0","0","0","0","0","0","0","0","0","0","0","0","0","0","0"
"CH/A-D","35","4","6","5","61","0","1","0","5","3","0","0","0","0","26","-2","24","0","0","0","0","0","0","0","0","0","0","0","0","0","0","0","0","0","1","0","0","0","0","0","0","0","0","0","0","0","0","0","0","0","0"
"CH/A-D","35","5","6","1","61","0","1","0","2","3","0","0","0","0","15","29","44","0","0","0","0","0","0","0","0","0","0","0","0","0","0","0","0","0","1","0","0","0","0","0","0","0","0","0","0","0","0","0","0","0","0"
"CH/A-D","35","6","6","3","61","0","1","0","3","3","1","1","1","0","40","40","80","0","0","0","0","0","0","0","0","0","0","0","0","0","0","0","0","0","1","0","0","0","0","0","0","0","0","0","0","0","0","0","0","0","0"
"CH/A-D","35","7","6","4","61","0","1","0","4","3","0","0","0","0","33","19","52","0","0","0","0","0","0","0","0","0","0","0","0","0","0","0","0","0","1","0","0","0","0","0","0","0","0","0","0","0","0","0","0","0","0"
"CH/A-D","35","8","6","4","61","0","1","0","4","3","0","0","0","0","33","19","52","0","0","0","0","0","0","0","0","0","0","0","0","0","0","0","0","0","1","0","0","0","0","0","0","0","0","0","0","0","0","0","0","0","0"
"CH/A-D","35","9","6","5","61","0","1","0","5","3","0","0","0","0","26","4","30","0","0","0","0","0","0","0","0","0","0.66666669","0.66666669","0","0","0","0","0","0","1","0","0","0","0","3","4","0","0","0","0","0","0","0","0.66666669","0","0"
"CH/A-D","35","10","6","1","61","0","1","0","2","3","0","0","0","0","15","18","33","0","0","0","0","0","0","0","0","0.66666669","0.66666669","1","0","0","0","0","0","0","1","0","0","0","0","2","1","0","0","0","0","0","0","0.66666669","0.66666669","0","0"
"CH/A-D","35","11","6","2","61","0","1","0","3","3","1","1","0","0","36","36","72","1","1","0","0","0","0","0","1","0.66666669","0","0","0","0","0","0","0","0","1","0","0","0","0","2","6","0","0","0","0","0","0","0.66666669","0","0","0"
"CH/A-D","35","12","6","3","61","0","1","0","3","3","1","1","1","0","40","40","80","0","0","0","0","0","0","0","0","0","0","0","0","0","0","0","0","0","1","0","0","0","0","3","3","0","0","0","0","0","0","0","0","0","0"
"CH/A-D","35","13","6","4","61","0","1","0","3","3","1","1","0","0","36","36","72","0","0","0","0","0","0","0","0","0","0","0","0","0","0","0","0","0","1","0","0","0","0","2","0","0","0","0","0","0","0","0","0","0","0"
"CH/A-D","35","14","6","5","61","0","1","0","3","3","1","1","0","0","32","32","64","0","0","0","0","0","0","0","0","0","0","0","0","0","0","0","0","0","1","0","0","0","0","0","0","0","0","0","0","0","0","0","0","0","0"
"CH/A-D","35","15","6","2","61","0","1","0","3","3","1","1","0","0","36","36","72","0","0","0","0","0","0.66666669","0","0","0","0","1","0","0","0","0","0","0","1","0","0","0","0","3","4","0","0","0","0","0","0","0","0","0.33333334","0"
"CH/A-D","35","16","6","4","61","0","1","0","3","3","1","1","0","0","36","36","72","0","0","0","0","0","0","0","0","0.66666669","0","0.66666669","0","0","0","0","0","0","1","0","0","0","0","2","0","0","0","0","0","0","0","0.66666669","0","0.66666669","0"
"CH/A-D","35","17","6","1","61","0","1","0","3","3","1","1","0","0","32","32","64","0","0","0","0","0","0","0","0","0.66666669","0.33333334","0.66666669","0","0","0","0","0","0","1","0","0","0","0","2","3","0","0","0","0","0","0","0","0","0.66666669","0"
"CH/A-D","35","18","6","3","61","0","1","0","3","3","1","1","1","0","40","40","80","0","0","0","0","0","0","0","0","0","0","0","0","0","0","0","0","0","1","0","0","0","0","1","1","0","0","0","0","0","0","0","0","0","0"
"CH/A-D","36","1","6","2","62","0","1","0","3","1","0","0","0","0","8","22","30","0","0","0","0","0","0","0","0","0","0","0","0","0","0","0","0","0","1","0","0","0","0","0","1","0","0","0","0","0","0","0","0","0","0"
"CH/A-D","36","2","6","2","62","0","1","0","1","1","1","0","0","1","22","50","72","1","0","0","0","0","0","0","0","0","0","0","0","0","0","0","0","0","1","0","0","0","0","0","3","0","0","0","0","0","0","0","0","0","0"
"CH/A-D","36","3","6","3","62","0","1","0","3","3","1","1","1","0","40","40","80","1","1","1","1","1","0","0","0","0","0","0","0","0","0","0","0","0","1","0","0","0","0","0","3","0","0","0","0","0","0","0","0","0","0"
"CH/A-D","36","4","6","5","62","0","1","0","3","3","1","1","0","0","32","32","64","1","1","0","0","1","0","0","0","0","0","0","0","0","0","0","0","0","1","0","0","0","0","0","2","0","0","0","0","0","0","0","0","0","0"
"CH/A-D","36","5","6","1","62","0","1","0","1","1","1","0","1","0","26","54","80","0.5","0","0","0","0.5","0","0","0","0","0","0","0","0","0","0","0","0","1","0","0","0","0","0","3","0","0","0","0","0","0","0","0","0","0"
"CH/A-D","36","6","6","3","62","0","1","0","3","3","1","1","1","0","40","40","80","1","1","1","1","1","0","0","0","0","0","0","0","0","0","0","0","0","1","0","0","0","0","0","2","0","0","0","0","0","0","0","0","0","0"
"CH/A-D","36","7","6","4","62","0","1","0","4","4","1","0","1","0","47","33","80","1","0","0","0","0","0","0","0","0","0","0","0","0","0","0","0","0","1","0","0","0","0","0","3","0","0","0","0","0","0","0","0","0","0"
"CH/A-D","36","8","6","4","62","0","1","0","4","4","1","0","1","0","47","33","80","1","0","1","1","0.5","0","0","0","0","0","0","0","0","0","0","0","0","1","0","0","0","0","0","2","0","0","0","0","0","0","0","0","0","0"
"CH/A-D","36","9","6","5","62","0","1","0","3","3","1","1","0","0","32","32","64","1","1","0","0","1","0","0","0","0","0","0","0","0","0","0","0","0","1","0","0","0","0","0","4","0","0","0","0","0","0","0","0","0","0"
"CH/A-D","36","10","6","1","62","0","1","0","1","1","1","0","1","0","26","54","80","1","1","1","1","0","0","0","0","0","0","0","0","0","0","0","0","0","1","0","0","0","0","0","4","0","0","0","0","0","0","0","0","0","0"
"CH/A-D","36","11","6","2","62","0","1","0","2","2","1","0","1","0","33","47","80","1","1","1","1","0.5","0","0.66666669","1","0","0","0.66666669","0","0","0","0","0","0","1","0","0","0","0","0","10","0","0","0","0","0","0","0","0","0","0"
"CH/A-D","36","12","6","3","62","0","1","0","3","3","1","1","1","0","40","40","80","1","1","1","1","1","0","0","0","0","0","0","0","0","0","0","0","0","1","0","0","0","0","0","2","0","0","0","0","0","0","0","0","0","0"
"CH/A-D","36","13","6","4","62","0","1","0","4","4","1","0","1","0","47","33","80","1","0","1","1","1","0","0","0","0","0","0","0","0","0","0","0","0","1","0","0","0","0","0","3","0","0","0","0","0","0","0","0","0","0"
"CH/A-D","36","14","6","5","62","0","1","0","4","4","1","0","0","1","43","29","72","1","1","0","0","1","0","0.66666669","0","0","0","0.66666669","0","0","0","0","0","0","1","0","0","0","0","0","9","0","0","0","0","0","0","0","0","0","0"
"CH/A-D","36","15","6","2","62","0","1","0","2","2","1","0","1","0","33","47","80","1","1","0.5","1","1","0","0.66666669","0.66666669","0","0","0.66666669","0","0","0","0","0","0","1","0","0","0","0","0","6","0","0","0","0","0","0","0","0","0","0"
"CH/A-D","36","16","6","4","62","0","1","0","4","4","1","0","1","0","47","33","80","1","0","1","1","1","0","0","0","0","0","0","0","0","0","0","0","0","1","0","0","0","0","0","4","0","0","0","0","0","0","0","0","0","0"
"CH/A-D","36","17","6","1","62","0","1","0","2","2","1","0","0","1","29","43","72","1","0","0","0","1","0","0","0","0","0","0","0","0","0","0","0","0","1","0","0","0","0","0","2","0","0","0","0","0","0","0","0","0","0"
"CH/A-D","36","18","6","3","62","0","1","0","3","3","1","1","1","0","40","40","80","1","1","1","1","1","0","0","0","0","0","0","0","0","0","0","0","0","1","0","0","0","0","0","2","0","0","0","0","0","0","0","0","0","0"
"CH/A-D","37","1","6","2","63","0","1","0","3","1","0","0","0","0","8","22","30","0","0","0","0","0","0","0","1","0","0.33333334","0","0","0","0","0","0","0","1","0","0","0","0","2","3","0","0","0","0","0","1","0","0.33333334","0","0"
"CH/A-D","37","2","6","2","63","0","1","0","4","4","1","0","0","1","39","25","64","1","0","0","0","1","0","0.66666669","1","1","0","1","0","1","1","0","0","0","0","1","0","0","0","4","8","0","0","1","0","0","1","0","0","1","0"
"CH/A-D","37","3","6","3","63","0","1","0","3","3","1","1","1","0","40","40","80","1","1","1","1","1","0","0.66666669","0.66666669","0","0","1","1","1","1","0","0","0","0","0","1","0","0","4","7","0","1","0","0","0.66666669","0.66666669","0","0","1","1"
"CH/A-D","37","4","6","5","63","0","1","0","5","5","1","0","1","0","54","26","80","1","0","1","1","0","0","1","0","0","0","0.33333334","1","1","1","0","0","0","0","1","0","0","0","3","10","0.5","1","0","0","0","0","0","0","0","1"
"CH/A-D","37","5","6","1","63","0","1","0","1","1","1","0","1","0","26","54","80","1","0","1","1","0","0","0","0","0","0","0","1","1","1","0","0","0","0","1","0","0","0","3","4","0","1","0","0","0","0","0","0","0","1"
"CH/A-D","37","6","6","3","63","0","1","0","3","1","0","0","0","0","12","18","30","1","1","1","1","0","0","0","0","0","0","0.66666669","0","1","1","0","0","0","0","1","0","0","0","4","10","0","1","0","0","0","0","0","0","0.33333334","0"
"CH/A-D","37","7","6","4","63","0","1","0","4","3","0","0","0","0","33","22","55","1","0","1","1","0","0","0.66666669","1","0","0","0.66666669","1","1","1","0","0","0","0","0","1","0","0","7","7","0","1","0","0","0","1","0","0","0.66666669","1"
"CH/A-D","37","8","6","4","63","0","1","0","4","5","0","0","0","0","33","8","41","1","0","0","0","0","0","0","0","0","0","0.66666669","0","0.5","0.5","0","0","0","0","0.5","0","0","0","9","6","0","0","0","0","0","0","0","0","0.66666669","0"
"CH/A-D","37","9","6","5","63","0","1","0","4","1","0","0","0","0","1","-4","-3","1","1","0","0","0","0","0.66666669","0","0","0","0.66666669","1","1","1","0","0","0","0","1","0","0","0","7","7","1","0","0","0","0.66666669","0","0","0","0.66666669","1"
"CH/A-D","37","10","6","1","63","0","1","0","1","4","0","0","0","0","-16","-21","-37","1","0","0","0","0","0","0","0","0","0","1","1","1","1","0","0","0","0","1","0","0","0","5","11","0","0","0","0","0","0","0","0","0.66666669","1"
"CH/A-D","37","11","6","2","63","0","1","0","3","1","0","0","0","0","8","22","30","1","0","0","0","0","0","0","0.66666669","0","0","0.66666669","0","1","1","0","0","0","0","1","0","0","0","6","13","0","0","0","0","0","0.66666669","0","0","0","0"
"CH/A-D","37","12","6","3","63","0","1","0","4","2","0","0","0","0","15","15","30","0","0","0","0","0","0","0","0","0","1","0.33333334","0","1","1","0","0","0","0","1","0","0","0","5","8","0","0","0","0","0","0","0","0.33333334","0.33333334","0"
"CH/A-D","37","13","6","4","63","0","1","0","4","3","0","0","0","0","33","22","55","0","0","0","0","0","0","0","0.33333334","0","0","0","0.5","0","0","0","0","0","1","0","0","0","0","9","9","0","0","0","0","0","0","0","0","0","0.5"
"CH/A-D","37","14","6","5","63","0","1","0","5","4","0","0","0","0","40","15","55","1","0","0","0","0.5","0","0","0","0","0.33333334","0","1","1","1","0","0","0","0","1","0","0","0","7","7","0","0","0.5","0","0","0","0","0.33333334","0","1"
"CH/A-D","37","15","6","2","63","0","1","0","3","1","0","0","0","0","8","22","30","1","0","1","1","0","0","0","0.33333334","0","0","0.66666669","1","1","1","0","0","0","0","1","0","0","0","5","8","0","1","0","0","0","0","0","0","0.66666669","1"
"CH/A-D","37","16","6","4","63","0","1","0","4","1","0","0","0","0","5","0","5","1","0","0","0","0","0","0","0","0","0","0","0.5","1","1","0","0","0","0","0","1","0","0","5","8","0","0","0","0","0","0","0","0","0","0.5"
"CH/A-D","37","17","6","1","63","0","1","0","2","1","0","0","0","0","15","40","55","0.5","0","0","0","0","0","0","0","0","0.66666669","0.66666669","0","1","1","0","0","0","0","1","0","0","0","3","7","0","0","0","0","0","0","0","0.66666669","0","0"
"CH/A-D","37","18","6","3","63","0","1","0","4","1","0","0","0","0","1","4","5","1","1","1","1","0","0","0","0","0","0","0.33333334","1","1","1","0","0","0","0","1","0","0","0","4","10","0","1","0","0","0","0","0","0","0","1"
"CH/S-D","29","1","6","2","2906","1","0","0","1","1","1","0","0","1","22","50","72","1","0","0","0","0.5","0","0","0","0","0","0","0","0","0","0","0","0","1","0","0","0","0","0","7","0","0","0","0","0","0","0","0","0","0"
"CH/S-D","29","2","6","2","2906","1","0","0","3","3","1","1","0","0","36","36","72","1","1","0","0","1","0","0","0","0","0","0","0","0","0","0","0","0","1","0","0","0","0","0","4","0","0","0","0","0","0","0","0","0","0"
"CH/S-D","29","3","6","3","2906","1","0","0","3","3","1","1","1","0","40","40","80","1","1","1","1","1","0","0","1","0","0","0","0","0","0","0","0","0","1","0","0","0","0","0","5","0","0","0","0","0","0","0","0","0","0"
"CH/S-D","29","4","6","5","2906","1","0","0","1","3","0","0","0","0","-18","4","-14","1","1","0","0","1","0.33333334","0","0","0","0","0","0","0","0","0","0","0","1","0","0","0","0","0","4","0","0","0","0","0","0","0","0","0","0"
"CH/S-D","29","5","6","1","2906","1","0","0","3","3","1","1","0","0","32","32","64","0.5","0.5","0","0","0","0","0","0","0.66666669","0","0","0","0","0","0","0","0","1","0","0","0","0","0","6","0","0","0","0","0","0","0","0","0","0"
"CH/S-D","29","6","6","3","2906","1","0","0","3","3","1","1","1","0","40","40","80","1","1","1","1","1","0","0.33333334","0","0","0","0","0","0","0","0","0","0","1","0","0","0","0","0","10","0","0","0","0","0","0","0","0","0","0"
"CH/S-D","29","7","6","4","2906","1","0","0","3","3","1","1","0","0","36","36","72","1","1","0","0","1","0","0","0","0","0","0","0","0","0","0","0","0","1","0","0","0","0","0","2","0","0","0","0","0","0","0","0","0","0"
"CH/S-D","29","8","6","4","2906","1","0","0","2","3","0","0","0","0","11","22","33","1","1","0","0","0","0","0","0","0.33333334","0","0.33333334","0","0","0","0","0","0","1","0","0","0","0","0","6","0","0","0","0","0","0","0","0","0","0"
"CH/S-D","29","9","6","5","2906","1","0","0","2","3","0","0","0","0","7","18","25","1","1","0","0","0","0","0.33333334","0","0.66666669","0.33333334","0.33333334","0","0","0","0","0","0","1","0","0","0","0","0","4","0","0","0","0","0","0","0","0","0","0"
"CH/S-D","29","10","6","1","2906","1","0","0","3","3","1","1","0","0","32","32","64","1","1","0","0","1","0.33333334","1","0","0","0","0.33333334","0","0","0","0","0","0","1","0","0","0","0","0","4","0","0","0","0","0","0","0","0","0","0"
"CH/S-D","29","11","6","2","2906","1","0","0","3","3","1","1","0","0","36","36","72","1","1","0","0","1","0","0","0","0","0","0","0","0","0","0","0","0","1","0","0","0","0","0","2","0","0","0","0","0","0","0","0","0","0"
"CH/S-D","29","12","6","3","2906","1","0","0","3","3","1","1","1","0","40","40","80","1","1","1","1","1","0","0","0","0.66666669","0","0.33333334","0","0","0","0","0","0","1","0","0","0","0","0","7","0","0","0","0","0","0","0","0","0","0"
"CH/S-D","29","13","6","4","2906","1","0","0","3","3","1","1","0","0","36","36","72","1","1","0","0","1","0","0","0","0","0","0","0","0","0","0","0","0","1","0","0","0","0","0","5","0","0","0","0","0","0","0","0","0","0"
"CH/S-D","29","14","6","5","2906","1","0","0","3","3","1","1","0","0","32","32","64","1","1","0","0","0","0","0","0","0","0","0","0","0","0","0","0","0","1","0","0","0","0","0","2","0","0","0","0","0","0","0","0","0","0"
"CH/S-D","29","15","6","2","2906","1","0","0","3","3","1","1","0","0","36","36","72","1","1","0","0","1","0","0","0","0","0","0","0","0","0","0","0","0","1","0","0","0","0","0","12","0","0","0","0","0","0","0","0","0","0"
"CH/S-D","29","16","6","4","2906","1","0","0","3","3","1","1","0","0","36","36","72","1","1","0","0","0.5","0","0","0.5","0","0","0","0","0","0","0","0","0","1","0","0","0","0","0","12","0","0","0","0","0","0","0","0","0","0"
"CH/S-D","29","17","6","1","2906","1","0","0","3","3","1","1","0","0","32","32","64","1","1","0","0","1","0","0","0","0.33333334","0","0","0","0","0","0","0","0","1","0","0","0","0","0","7","0","0","0","0","0","0","0","0","0","0"
"CH/S-D","29","18","6","3","2906","1","0","0","2","3","0","0","0","0","15","26","41","1","1","1","1","1","0","0","0","0","0","0","0","0","0","0","0","0","1","0","0","0","0","0","12","0","0","0","0","0","0","0","0","0","0"
"CH/S-D","30","1","6","2","3006","1","0","0","3","1","0","0","0","0","8","22","30","0","0","0","0","0","0","0","0","0","0","0","0","0","0","0","0","0","1","0","0","0","0","0","3","0","0","0","0","0","0","0","0","0","0"
"CH/S-D","30","2","6","2","3006","1","0","0","3","3","1","1","0","0","36","36","72","1","1","1","0","1","0.66666669","0.66666669","0.5","0","0.66666669","0.33333334","0","0","0","0","0","0","1","0","0","0","0","0","10","0","0","0","0","0","0","0","0","0","0"
"CH/S-D","30","3","6","3","3006","1","0","0","3","3","1","1","1","0","40","40","80","1","1","1","1","1","0.33333334","0.66666669","0","0","0","0","0","0","0","0","0","0","1","0","0","0","0","0","9","0","0","0","0","0","0","0","0","0","0"
"CH/S-D","30","4","6","5","3006","1","0","0","5","5","1","0","1","0","54","26","80","1","1","1","0","1","0.33333334","0","1","0","0","0.33333334","0","0","0","0","0","0","1","0","0","0","0","0","6","0","0","0","0","0","0","0","0","0","0"
"CH/S-D","30","5","6","1","3006","1","0","0","1","1","1","0","1","0","26","54","80","1","0","1","1","1","0","0","1","0","0","0","0","0","0","0","0","0","1","0","0","0","0","0","5","0","0","0","0","0","0","0","0","0","0"
"CH/S-D","30","6","6","3","3006","1","0","0","3","3","1","1","1","0","40","40","80","1","1","1","1","1","0.33333334","0.66666669","0.5","0","0.66666669","0.33333334","0","0","0","0","0","0","1","0","0","0","0","0","7","0","0","0","0","0","0","0","0","0","0"
"CH/S-D","30","7","6","4","3006","1","0","0","3","3","1","1","0","0","36","36","72","1","1","0","0","1","0","0","0","0","0","0","0","0","0","0","0","0","1","0","0","0","0","0","3","0","0","0","0","0","0","0","0","0","0"
"CH/S-D","30","8","6","4","3006","1","0","0","3","3","1","1","0","0","36","36","72","1","1","1","0","1","0","0.66666669","1","0","0","0.33333334","0","0","0","0","0","0","1","0","0","0","0","0","9","0","0","0","0","0","0","0","0","0","0"
"CH/S-D","30","9","6","5","3006","1","0","0","3","3","1","1","0","0","32","32","64","1","1","0","0","0","0","1","0.5","0","0","0.33333334","0","0","0","0","0","0","1","0","0","0","0","0","6","0","0","0","0","0","0","0","0","0","0"
"CH/S-D","30","10","6","1","3006","1","0","0","1","1","1","0","1","0","26","54","80","0","0","0","0","0","0","0.33333334","0.5","0","1","0.66666669","0","0","0","0","0","0","1","0","0","0","0","0","11","0","0","0","0","0","0","0","0","0","0"
"CH/S-D","30","11","6","2","3006","1","0","0","3","3","1","1","0","0","36","36","72","1","1","0","0","1","0.33333334","0.66666669","0","0.33333334","0.66666669","1","0","0","0","0","0","0","1","0","0","0","0","0","23","0","0","0","0","0","0","0","0","0","0"
"CH/S-D","30","12","6","3","3006","1","0","0","3","3","1","1","1","0","40","40","80","1","1","1","1","1","0.33333334","0","1","0","0.66666669","1","0","0","0","0","0","0","1","0","0","0","0","0","12","0","0","0","0","0","0","0","0","0","0"
"CH/S-D","30","13","6","4","3006","1","0","0","3","3","1","1","0","0","36","36","72","1","1","0","0","1","0.33333334","0","0","0","0.66666669","1","0","0","0","0","0","0","1","0","0","0","0","0","11","0","0","0","0","0","0","0","0","0","0"
"CH/S-D","30","14","6","5","3006","1","0","0","5","5","1","0","1","0","54","26","80","1","0","1","0.5","1","0","0","0.5","0.33333334","0.33333334","0","0","0","0","0","0","0","1","0","0","0","0","0","17","0","0","0","0","0","0","0","0","0","0"
"CH/S-D","30","15","6","2","3006","1","0","0","3","3","1","1","0","0","36","36","72","1","1","0","0","1","0","0.33333334","1","0.33333334","0.33333334","0.66666669","0","0","0","0","0","0","1","0","0","0","0","0","13","0","0","0","0","0","0","0","0","0","0"
"CH/S-D","30","16","6","4","3006","1","0","0","3","3","1","1","0","0","36","36","72","1","1","1","0","1","0","0","1","0","0","0","0","0","0","0","0","0","1","0","0","0","0","0","10","0","0","0","0","0","0","0","0","0","0"
"CH/S-D","30","17","6","1","3006","1","0","0","1","1","1","0","1","0","26","54","80","1","0","1","1","1","0","0.66666669","1","0","0","1","0","0","0","0","0","0","1","0","0","0","0","0","12","0","0","0","0","0","0","0","0","0","0"
"CH/S-D","30","18","6","3","3006","1","0","0","3","3","1","1","1","0","40","40","80","1","1","1","0","1","0","0.66666669","1","0.33333334","0","0.66666669","0","0","0","0","0","0","1","0","0","0","0","0","15","0","0","0","0","0","0","0","0","0","0"
"CH/S-D","31","1","6","2","3106","1","0","0","4","4","1","0","0","1","39","25","64","0","0","0","0","0","0","0","0","0","0","0","0","0","0","0","0","0","1","0","0","0","0","0","0","0","0","0","0","0","0","0","0","0","0"
"CH/S-D","31","2","6","2","3106","1","0","0","5","2","0","0","0","0","0","5","5","0","0","0","0","0","0","0","0","0","0","0","0","0","0","0","0","0","1","0","0","0","0","0","0","0","0","0","0","0","0","0","0","0","0"
"CH/S-D","31","3","6","3","3106","1","0","0","1","1","1","0","0","1","18","46","64","1","0","0","0","1","0","0.66666669","1","0.33333334","0","0.33333334","0","0","0","0","0","0","1","0","0","0","0","0","7","0","0","0","0","0","0","0","0","0","0"
"CH/S-D","31","4","6","5","3106","1","0","0","5","5","1","0","1","0","54","26","80","1","0","1","1","1","0","0.33333334","0.5","1","0.33333334","0.33333334","0","0","0","0","0","0","1","0","0","0","0","0","11","0","0","0","0","0","0","0","0","0","0"
"CH/S-D","31","5","6","1","3106","1","0","0","4","5","0","0","0","0","21","-4","17","1","0","0","0","0","0","0.33333334","0","0.66666669","0","0.33333334","0","0","0","0","0","0","1","0","0","0","0","0","10","0","0","0","0","0","0","0","0","0","0"
"CH/S-D","31","6","6","3","3106","1","0","0","3","1","0","0","0","0","12","18","30","0","0","0","0","0","0","0","0","0.66666669","0.33333334","0.33333334","0","0","0","0","0","0","1","0","0","0","0","0","5","0","0","0","0","0","0","0","0","0","0"
"CH/S-D","31","7","6","4","3106","1","0","0","5","2","0","0","0","0","8","-3","5","1","0","0","0","0","1","0","1","0.33333334","0","0.66666669","0","0","0","0","0","0","1","0","0","0","0","0","8","0","0","0","0","0","0","0","0","0","0"
"CH/S-D","31","8","6","4","3106","1","0","0","3","3","1","1","0","0","36","36","72","0.5","0.5","0","0","1","0.66666669","0.66666669","0","0.33333334","0.33333334","0.66666669","0","0","0","0","0","0","1","0","0","0","0","0","7","0","0","0","0","0","0","0","0","0","0"
"CH/S-D","31","9","6","5","3106","1","0","0","3","3","1","1","0","0","32","32","64","1","1","0","0","1","1","0.66666669","0","0","0","0.33333334","0","0","0","0","0","0","1","0","0","0","0","0","6","0","0","0","0","0","0","0","0","0","0"
"CH/S-D","31","10","6","1","3106","1","0","0","3","3","1","1","0","0","32","32","64","1","1","0","0","1","0","0.66666669","0","0","0","0.33333334","0","0","0","0","0","0","1","0","0","0","0","0","3","0","0","0","0","0","0","0","0","0","0"
"CH/S-D","31","11","6","2","3106","1","0","0","3","3","1","1","0","0","36","36","72","1","1","0","0","1","0","0.33333334","0.5","0","0","0.33333334","0","0","0","0","0","0","1","0","0","0","0","0","3","0","0","0","0","0","0","0","0","0","0"
"CH/S-D","31","12","6","3","3106","1","0","0","3","3","1","1","1","0","40","40","80","1","1","1","1","1","0","0","0","0","0","0","0","0","0","0","0","0","1","0","0","0","0","0","3","0","0","0","0","0","0","0","0","0","0"
"CH/S-D","31","13","6","4","3106","1","0","0","3","3","1","1","0","0","36","36","72","1","1","0","0","1","0","0","0","0","0","0","0","0","0","0","0","0","1","0","0","0","0","0","3","0","0","0","0","0","0","0","0","0","0"
"CH/S-D","31","14","6","5","3106","1","0","0","3","3","1","1","0","0","32","32","64","1","1","0","0","1","0","0","0","0","0","0","0","0","0","0","0","0","1","0","0","0","0","0","2","0","0","0","0","0","0","0","0","0","0"
"CH/S-D","31","15","6","2","3106","1","0","0","3","3","1","1","0","0","36","36","72","1","1","0","0","1","0.33333334","0","0","0","0.33333334","1","0","0","0","0","0","0","1","0","0","0","0","0","7","0","0","0","0","0","0","0","0","0","0"
"CH/S-D","31","16","6","4","3106","1","0","0","3","3","1","1","0","0","36","36","72","0","0","0","0","0","0","0","0.5","0","0","1","0","0","0","0","0","0","1","0","0","0","0","0","2","0","0","0","0","0","0","0","0","0","0"
"CH/S-D","31","17","6","1","3106","1","0","0","3","3","1","1","0","0","32","32","64","1","1","0","0","0.5","0","0.66666669","0","0","0","0","0","0","0","0","0","0","1","0","0","0","0","0","4","0","0","0","0","0","0","0","0","0","0"
"CH/S-D","31","18","6","3","3106","1","0","0","3","3","1","1","1","0","40","40","80","1","1","1","1","1","0","0","0","0","0","0","0","0","0","0","0","0","1","0","0","0","0","0","2","0","0","0","0","0","0","0","0","0","0"
"CH-MC","32","1","6","2","3206","0","0","1","2","2","1","0","1","0","33","47","80","0","0","0","0","0","0","0","0","0","0","0.33333334","1","1","1","0.5","0.5","0.66666669","0","0","1","0.5","0","4","3","0","0","0","0","0","0","0","0","0","0"
"CH-MC","32","2","6","2","3206","0","0","1","3","3","1","1","0","0","36","36","72","1","1","0","0","1","0.33333334","0.66666669","0.5","0","0","0.33333334","1","1","1","0","0","0","0","0","1","0","0","4","4","0","0","0","0","0","0","0","0","0","0"
"CH-MC","32","3","6","3","3206","0","0","1","3","3","1","1","1","0","40","40","80","1","1","1","0.5","1","0.33333334","1","0.5","0","0","0","1","1","1","0","0","0","0","1","1","0","0","5","7","0","0","0","0","0","0","0","0","0","0"
"CH-MC","32","4","6","5","3206","0","0","1","4","4","1","0","0","1","43","29","72","1","1","0","0","0.5","0.33333334","0.66666669","1","0","0","0.66666669","1","1","1","0","0","0","0","1","1","0","0","8","6","0","0","0","0","0","0","0","0","0","0"
"CH-MC","32","5","6","1","3206","0","0","1","3","3","1","1","0","0","32","32","64","1","1","0","0","1","0","0.66666669","0","0","0.66666669","0","1","1","1","0","0","0","0","1","0.5","0","0","8","4","0","0","0","0","0","0","0","0","0","0"
"CH-MC","32","6","6","3","3206","0","0","1","3","3","1","1","1","0","40","40","80","1","1","1","1","1","0","0","0","0","0","0","1","1","1","0","0","0","0","0","1","0","0","2","3","0","0","0","0","0","0","0","0","0","0"
"CH-MC","32","7","6","4","3206","0","0","1","3","3","1","1","0","0","36","36","72","1","1","1","0","1","0","1","0.5","0","0.33333334","0.33333334","0","1","1","0","0","0","0","1","1","0","0","7","9","0","0","0","0","0","0","0","0","0","0"
"CH-MC","32","8","6","4","3206","0","0","1","4","4","1","0","1","0","47","33","80","1","1","1","1","0.5","0","0.66666669","1","0","0.33333334","0.66666669","0","1","1","0","0","0","0","1","1","0","0","10","11","0","0","0","0","0","0","0","0","0","0"
"CH-MC","32","9","6","5","3206","0","0","1","3","3","1","1","0","0","32","32","64","1","1","0","0","1","0","1","0","0","0","0","0","1","1","0","0","0","0","1","1","0","0","5","5","0","0","0","0","0","0","0","0","0","0"
"CH-MC","32","10","6","1","3206","0","0","1","2","2","1","0","0","1","29","43","72","1","1","0","0","1","0","0.33333334","1","0","0","0.66666669","1","1","1","0","0","0","0","1","0","0","0","9","9","0","0","0","0","0","0","0","0","0","0"
"CH-MC","32","11","6","2","3206","0","0","1","3","3","1","1","0","0","36","36","72","1","1","0.5","0","0.5","0","1","0","0","0","0.66666669","0","0.5","0.5","0","0","0","0.5","0.5","0.5","0","0","6","4","0","0","0","0","0","0","0","0","0","0"
"CH-MC","32","12","6","3","3206","0","0","1","3","3","1","1","1","0","40","40","80","1","1","1","1","0.5","0","0.66666669","0.5","0.33333334","0","0.66666669","0","0.5","0.5","0","0","0","0.5","0.5","0.5","0","0","9","14","0","0","0","0","0","0","0","0","0","0"
"CH-MC","32","13","6","4","3206","0","0","1","4","4","1","0","1","0","47","33","80","1","0","1","1","1","0","1","0.5","0","0","1","0","0.5","0.5","0","0","0","0.5","0.5","0.5","0","0","10","6","0","0","0","0","0","0","0","0","0","0"
"CH-MC","32","14","6","5","3206","0","0","1","5","5","1","0","1","0","54","26","80","1","0","1","0.5","1","0","0.66666669","0.5","0","0","1","0","0.5","0.5","0","0","0","0.5","0.5","0.5","0","0","19","13","0","0","0","0","0","0","0","0","0","0"
"CH-MC","32","15","6","2","3206","0","0","1","2","2","1","0","1","0","33","47","80","1","0","1","1","1","0","0","0","0.33333334","0","0.33333334","0","0.5","0.5","0","0","0","0.5","0.5","0.5","0","0","7","10","0","0","0","0","0","0","0","0","0","0"
"CH-MC","32","16","6","4","3206","0","0","1","4","4","1","0","1","0","47","33","80","1","0","1","0","1","0","0.33333334","0.5","0.33333334","0","1","0","0.5","0.5","0","0","0","0.5","0.5","0.5","0","0","6","8","0","0","0","0","0","0","0","0","0","0"
"CH-MC","32","17","6","1","3206","0","0","1","1","1","1","0","1","0","26","54","80","1","0","1","1","1","0","0.33333334","0","0.33333334","0","0","0","0.5","0.5","0","0","0","0.5","0.5","0.5","0","0","10","12","0","0","0","0","0","0","0","0","0","0"
"CH-MC","32","18","6","3","3206","0","0","1","3","3","1","1","1","0","40","40","80","1","1","1","1","1","0","0","0","0","0","0","0","0.5","0.5","0","0","0","0.5","0.5","0.5","0","0","10","15","0","0","0","0","0","0","0","0","0","0"
"CH-MC","33","1","6","2","3306","0","0","1","2","2","1","0","1","0","33","47","80","0","0","0","0","0","0","0","0","0","0","0","1","1","1","0","0","0","0","1","0","0","0","1","1","0","0","0","0","0","0","0","0","0","0"
"CH-MC","33","2","6","2","3306","0","0","1","4","4","1","0","0","1","39","25","64","1","0","0","0","0","0.66666669","0","0","1","0","0.66666669","1","1","1","0","0","0.66666669","0","1","0.5","0","0","8","14","0","0","0","0","0","0","0","0","0","0"
"CH-MC","33","3","6","3","3306","0","0","1","3","3","1","1","1","0","40","40","80","1","1","1","1","1","0","1","1","0","0","0.33333334","1","1","1","0","0.5","0","0","1","1","0","0","4","15","0","0","0","0","0","0","0","0","0","0"
"CH-MC","33","4","6","5","3306","0","0","1","3","3","1","1","0","0","32","32","64","1","1","1","0","1","0","1","0","0.33333334","0.33333334","1","1","1","1","0","0","0","0","1","1","0","0","16","20","0","0","0","0","0","0","0","0","0","0"
"CH-MC","33","5","6","1","3306","0","0","1","3","3","1","1","0","0","32","32","64","1","1","1","0","0.5","0","0.33333334","0","0.33333334","0","0.66666669","1","1","1","0","0","0","0","1","0.5","0","0","10","26","0","0","0","0","0","0","0","0","0","0"
"CH-MC","33","6","6","3","3306","0","0","1","3","3","1","1","1","0","40","40","80","1","1","1","1","1","0.33333334","0.66666669","0.5","0","0.66666669","1","0","0.5","0.5","0","0","0","0.5","0.5","0.5","0","0","8","30","0","0","0","0","0","0","0","0","0","0"
"CH-MC","33","7","6","4","3306","0","0","1","1","1","1","0","0","1","14","42","56","1","1","0.5","0","0.5","0","1","1","0","0.66666669","0.66666669","0","0.5","0.5","0","0","0","0.5","0.5","0.5","0","0","8","29","0","0","0","0","0","0","0","0","0","0"
"CH-MC","33","8","6","4","3306","0","0","1","5","5","1","0","0","1","50","22","72","1","0","0","0","1","0.33333334","0.66666669","1","0","0","0","0","1","1","0","0","0","0","0","1","0","0","8","22","0","0","0","0","0","0","0","0","0","0"
"CH-MC","33","9","6","5","3306","0","0","1","3","3","1","1","0","0","32","32","64","1","1","0.5","0","0","0","1","0","0.66666669","0","0.66666669","0","0.5","0.5","0","0","0","0.5","0.5","0.5","0","0","7","30","0","0","0","0","0","0","0","0","0","0"
"CH-MC","33","10","6","1","3306","0","0","1","1","1","1","0","1","0","26","54","80","1","1","1","1","1","0.33333334","1","1","0","0.33333334","0.66666669","1","1","1","0","0","0","0","1","1","0","0","13","25","0","0","0","0","0","0","0","0","0","0"
"CH-MC","33","11","6","2","3306","0","0","1","5","5","1","0","0","1","42","14","56","1","0","0","0","1","0","0.66666669","0","0.33333334","0","0.33333334","0","1","1","0","0","0","0","1","1","0","0","4","21","0","0","0","0","0","0","0","0","0","0"
"CH-MC","33","12","6","3","3306","0","0","1","3","3","1","1","1","0","40","40","80","1","1","1","1","1","0","1","1","0","0.66666669","0.33333334","0","0.5","0.5","0","0","0","0.5","0.5","0.5","0","0","6","25","0","0","0","0","0","0","0","0","0","0"
"CH-MC","33","13","6","4","3306","0","0","1","1","1","1","0","0","1","14","42","56","1","0","0.5","0","1","0","0.66666669","0.5","0","0","0","0","0.5","0.5","0","0","0","0.5","0.5","0.5","0","0","5","13","0","0","0","0","0","0","0","0","0","0"
"CH-MC","33","14","6","5","3306","0","0","1","5","5","1","0","1","0","54","26","80","1","0","1","1","0.5","0","0","0.5","0","0","0","0","1","1","0","0","0","0","1","1","0","0","8","19","0","0","0","0","0","0","0","0","0","0"
"CH-MC","33","15","6","2","3306","0","0","1","3","3","1","1","0","0","36","36","72","1","1","0","0","0","0","0","0","0","0","0","0","1","1","0","0","0","0","1","1","0","0","14","20","0","0","0","0","0","0","0","0","0","0"
"CH-MC","33","16","6","4","3306","0","0","1","1","1","1","0","0","1","14","42","56","1","0","0","0","0","0","0","0","0","0","0","0","1","1","0","0","0","0","1","1","0","0","8","25","0","0","0","0","0","0","0","0","0","0"
"CH-MC","33","17","6","1","3306","0","0","1","3","3","1","1","0","0","32","32","64","1","1","0","0","1","0","0.33333334","0.5","0","0.33333334","0.33333334","0","1","1","0","0","0","0","1","1","0","0","8","28","0","0","0","0","0","0","0","0","0","0"
"CH-MC","33","18","6","3","3306","0","0","1","5","5","1","0","0","1","46","18","64","1","0","0","0","0","0","0","0","0","0","0","0","1","1","0","0","0","0","0","1","0","0","10","26","0","0","0","0","0","0","0","0","0","0"
"CH-MC","34","1","6","2","3406","0","0","1","4","2","0","0","0","0","11","19","30","1","0","1","1","1","0","0","1","0","0","0","0","1","1","0","0","0","0","1","0","0","0","1","7","0","0","0","0","0","0","0","0","0","0"
"CH-MC","34","2","6","2","3406","0","0","1","2","2","1","0","1","0","33","47","80","1","0","1","1","0.5","0","0.66666669","1","0","0.33333334","1","0","0","0","0","0","0","1","0","0","0","0","3","8","0","0","0","0","0","0","0","0","0","0"
"CH-MC","34","3","6","3","3406","0","0","1","3","3","1","1","1","0","40","40","80","1","1","1","1","1","0","0.66666669","1","0.33333334","0","0.33333334","0","1","1","0","0","0","0","1","0","0","0","3","6","0","0","0","0","0","0","0","0","0","0"
"CH-MC","34","4","6","5","3406","0","0","1","5","5","1","0","1","0","54","26","80","1","0","1","1","0.5","0","0.66666669","0","0","0","0.33333334","1","1","1","0","0","0","0","1","1","0","0","4","11","0","0","0","0","0","0","0","0","0","0"
"CH-MC","34","5","6","1","3406","0","0","1","3","3","1","1","0","0","32","32","64","1","1","1","0","1","0","1","0.5","0","0.33333334","0","0.5","1","1","0","0","0","0","1","0","0","0","5","7","0","0","0","0","0","0","0","0","0","0"
"CH-MC","34","6","6","3","3406","0","0","1","3","3","1","1","1","0","40","40","80","1","1","1","1","1","0","0","0.5","0","0","0.33333334","0","1","1","0","0","0","0","1","0","0","0","2","7","0","0","0","0","0","0","0","0","0","0"
"CH-MC","34","7","6","4","3406","0","0","1","4","4","1","0","1","0","47","33","80","1","0","1","1","0.5","0","0","0","0","0","0","0","1","1","0","0","0","0","1","0","0","0","2","2","0","0","0","0","0","0","0","0","0","0"
"CH-MC","34","8","6","4","3406","0","0","1","3","3","1","1","0","0","36","36","72","1","1","0","0","1","0","1","0","0","0.66666669","0.33333334","0","1","1","0","0","0","0","1","0","0","0","4","13","0","0","0","0","0","0","0","0","0","0"
"CH-MC","34","9","6","5","3406","0","0","1","3","3","1","1","0","0","32","32","64","1","1","0","0","1","0","0.66666669","0.5","0","0","0","0","1","1","0","0","0","0","1","0","0","0","4","10","0","0","0","0","0","0","0","0","0","0"
"CH-MC","34","10","6","1","3406","0","0","1","3","3","1","1","0","0","32","32","64","1","1","1","0","1","1","0.33333334","0","0","0.33333334","1","0","1","1","0","0","0","0","1","0","0","0","4","16","0","0","0","0","0","0","0","0","0","0"
"CH-MC","34","11","6","2","3406","0","0","1","2","2","1","0","1","0","33","47","80","1","0","1","1","1","0","0.66666669","1","0","0","0","0","1","1","0","0","0","0","1","1","0","0","3","11","0","0","0","0","0","0","0","0","0","0"
"CH-MC","34","12","6","3","3406","0","0","1","3","3","1","1","1","0","40","40","80","1","1","1","1","1","0","0","0","0","0","0","0","1","1","0","0","0","0","1","0","0","0","3","12","0","0","0","0","0","0","0","0","0","0"
"CH-MC","34","13","6","4","3406","0","0","1","4","4","1","0","1","0","47","33","80","1","1","1","1","1","0.33333334","1","0","0","0","0.33333334","0","1","1","0","0","0","0","1","0","0","0","4","11","0","0","0","0","0","0","0","0","0","0"
"CH-MC","34","14","6","5","3406","0","0","1","3","3","1","1","0","0","32","32","64","1","1","1","0","1","0","0","0","0","0","0","0","1","1","0","0","0","0","1","1","0","0","1","6","0","0","0","0","0","0","0","0","0","0"
"CH-MC","34","15","6","2","3406","0","0","1","2","2","1","0","1","0","33","47","80","1","0","1","0.5","1","0","0.33333334","0","0","0","0","0","1","1","0","0","0","0","1","0","0","0","3","7","0","0","0","0","0","0","0","0","0","0"
"CH-MC","34","16","6","4","3406","0","0","1","4","4","1","0","1","0","47","33","80","1","0","1","1","1","0","0.66666669","0.5","0","0","0.33333334","0","1","1","0","0","0","0","1","0","0","0","3","16","0","0","0","0","0","0","0","0","0","0"
"CH-MC","34","17","6","1","3406","0","0","1","3","3","1","1","0","0","32","32","64","1","1","0","0","1","0","0","0","0","0","0","0","1","1","0","0","0","0","1","0","0","0","2","4","0","0","0","0","0","0","0","0","0","0"
"CH-MC","34","18","6","3","3406","0","0","1","3","3","1","1","1","0","40","40","80","1","1","1","1","1","0","0","0.5","0","0","0","0","1","1","0","0","0","0","1","0","0","0","4","11","0","0","0","0","0","0","0","0","0","0"
"CH/A-D","35","1","7","4","71","0","1","0","5","2","0","0","0","0","8","-3","5","0","0","0","0","0","0","0","1","0","0.33333334","0.66666669","0","0","0","0","0","0","1","0","0","0","0","3","2","0","0","0","0","0","1","0","0.33333334","0.66666669","0"
"CH/A-D","35","2","7","5","71","0","1","0","5","2","0","0","0","0","12","-7","5","1","0.5","1","1","1","0","0.33333334","0.66666669","0","0","1","0","0.5","0.5","0","0","0","0","0","0.5","0","0","8","7","0","0","0","0","0.33333334","0.66666669","0","0","1","0"
"CH/A-D","35","3","7","2","71","0","1","0","2","2","1","0","1","0","33","47","80","1","0","1","1","0.5","0","0","1","0.33333334","0","0.66666669","0.5","1","1","0","0","0","0","1","0","0","0","16","10","0","1","0.5","0","0","1","0","0","0.66666669","0"
"CH/A-D","35","4","7","3","71","0","1","0","4","3","0","0","0","0","29","26","55","1","0.5","0.5","0","0.5","0","0.33333334","1","0","0","0.66666669","0","0.5","0.5","0","0","0","0","0","0.5","0","0","9","11","0","0","0.5","0","0","1","0","0","0.66666669","0"
"CH/A-D","35","5","7","2","71","0","1","0","2","2","1","0","1","0","33","47","80","0.5","0","0.5","0.5","0.5","0.33333334","0.33333334","0.66666669","0","0","1","0","0.5","0.5","0","0","0","0","0.5","0","0","0","16","8","0","0.5","0","0.33333334","0.33333334","0","0","0","1","0"
"CH/A-D","35","6","7","3","71","0","1","0","3","3","1","1","1","0","40","40","80","0","0","0","0","0","0","0.66666669","0","0","0","0.66666669","0","0","0","0","0","0","1","0","0","0","0","5","10","0","0","0","0","0","0","0","0","0.66666669","0"
"CH/A-D","35","7","7","1","71","0","1","0","1","1","1","0","1","0","26","54","80","0","0","0","0","0","0","0","0","0.66666669","0.66666669","1","0","0","0","0","0","0","1","0","0","0","0","13","12","0","0","0","0","0","0","0","0.33333334","1","0"
"CH/A-D","35","8","7","4","71","0","1","0","4","4","1","0","1","0","47","33","80","0","0","0","0","0","0","0","0","0","0","0.66666669","0","0","0","0","0","0","1","0","0","0","0","7","6","0","0","0","0","0","0","0","0","0.66666669","0"
"CH/A-D","35","9","7","5","71","0","1","0","5","5","1","0","1","0","54","26","80","0","0","0","0","0","0","0","0","0","0","0","0","0","0","0","0","0","1","0","0","0","0","12","8","0","0","0","0","0","0","0","0","0","0"
"CH/A-D","35","10","7","1","71","0","1","0","1","1","1","0","1","0","26","54","80","0","0","0","0","0","0.66666669","0.66666669","0.33333334","0.66666669","0","0.66666669","0","0","0","0","0","0","1","0","0","0","0","30","17","0","0","0","0.66666669","0.66666669","0.33333334","0","0","0.66666669","0"
"CH/A-D","35","11","7","5","71","0","1","0","5","5","1","0","1","0","54","26","80","0","0","0","0","0","0","0","0","0.66666669","0","0","0","0","0","0","0","0","1","0","0","0","0","14","10","0","0","0","0","0","0","0.66666669","0","0","0"
"CH/A-D","35","12","7","5","71","0","1","0","5","5","1","0","1","0","54","26","80","0","0","0","0","0","0","0.33333334","0","0","0","0","0","0","0","0","0","0","1","0","0","0","0","10","5","0","0","0","0","0.33333334","0","0","0","0","0"
"CH/A-D","35","13","7","3","71","0","1","0","3","3","1","1","1","0","40","40","80","0","0","0","0","0","0","0","0","0","0","0","0","0","0","0","0","0","1","0","0","0","0","4","8","0","0","0","0","0","0","0","0","0","0"
"CH/A-D","35","14","7","5","71","0","1","0","5","5","1","0","1","0","54","26","80","0","0","0","0","0","0","0","0","0","0","0","0","0","0","0","0","0","1","0","0","0","0","5","7","0","0","0","0","0","0","0","0","0","0"
"CH/A-D","35","15","7","1","71","0","1","0","1","1","1","0","1","0","26","54","80","0","0","0","0","0","0","0","0","0","0","0","0","0.5","0.5","0","0","0","0","0.5","0","0","0","14","10","0","0","0","0","0","0","0","0","0","0"
"CH/A-D","35","16","7","4","71","0","1","0","4","4","1","0","1","0","47","33","80","0","0","0","0","0","0","0","0","0","0","0.66666669","0","0","0","0","0","0","1","0","0","0","0","3","5","0","0","0","0","0","0","0","0","0.66666669","0"
"CH/A-D","35","17","7","2","71","0","1","0","2","2","1","0","1","0","33","47","80","0","0","0","0","0","0","0","0","0","0.66666669","0.33333334","0","0","0","0","0","0","1","0","0","0","0","9","11","0","0","0","0","0","0","0","0","0","0"
"CH/A-D","35","18","7","2","71","0","1","0","2","2","1","0","1","0","33","47","80","0","0","0","0","0","0","0","0","0","0","0","0","0","0","0","0","0","1","0","0","0","0","12","8","0","0","0","0","0","0","0","0","0","0"
"CH/A-D","36","1","7","4","72","0","1","0","5","3","0","0","0","0","22","8","30","0","0","0","0","0","0","0","0","0","0","0","0","0","0","0","0","0","1","0","0","0","0","1","2","0","0","0","0","0","0","0","0","0","0"
"CH/A-D","36","2","7","5","72","0","1","0","3","3","1","1","0","0","32","32","64","1","1","1","1","1","0.66666669","0.66666669","0.66666669","0","0","0.66666669","0","0","0","0","0","0","1","0","0","0","0","5","13","0","0","1","0.33333334","0.66666669","0","0","0","0","0"
"CH/A-D","36","3","7","2","72","0","1","0","2","2","1","0","1","0","33","47","80","1","1","1","1","1","0","1","0","0.66666669","0.33333334","0","0","0","0","0","0","0","1","0","0","0","0","2","18","0","0","0","0","1","0","0.66666669","0","0","0"
"CH/A-D","36","4","7","3","72","0","1","0","3","3","1","1","1","0","40","40","80","1","1","1","1","1","0","0.66666669","0.66666669","0","0","0.66666669","0","0","0","0","0","0","1","0","0","0","0","1","14","0","0","0","0","0","0","0","0","0","0"
"CH/A-D","36","5","7","2","72","0","1","0","4","4","1","0","0","1","39","25","64","1","0","0","0","1","0","0.66666669","0","0","0","1","0","0","0","0","0","0","1","0","0","0","0","1","13","0","0","0","0","0","0","0","0","0","0"
"CH/A-D","36","6","7","3","72","0","1","0","3","3","1","1","1","0","40","40","80","1","1","1","1","1","0","0","0","0","0","0.66666669","0","0","0","0","0","0","1","0","0","0","0","1","14","0","0","0","0","0","0","0","0","0","0"
"CH/A-D","36","7","7","1","72","0","1","0","1","1","1","0","1","0","26","54","80","1","0","1","1","1","0","0.66666669","0","0","0","0.66666669","0","0","0","0","0","0","1","0","0","0","0","1","12","0","0","0","0","0","0","0","0","0","0"
"CH/A-D","36","8","7","4","72","0","1","0","4","4","1","0","1","0","47","33","80","1","0","1","1","1","0.33333334","1","0.66666669","0","0","0.66666669","0","0","0","0","0","0","1","0","0","0","0","0","9","0","0","0","0","0","0","0","0","0","0"
"CH/A-D","36","9","7","5","72","0","1","0","3","3","1","1","0","0","32","32","64","1","1","0","0","1","0","0","0","0","0","0.33333334","0","0","0","0","0","0","1","0","0","0","0","1","14","0","0","0","0","0","0","0","0","0","0"
"CH/A-D","36","10","7","1","72","0","1","0","1","1","1","0","1","0","26","54","80","1","1","1","1","1","0","1","0.66666669","0.66666669","0","0.66666669","0","0","0","0","0","0","1","0","0","0","0","3","22","0","0","0","0","0","0","0","0","0.66666669","0"
"CH/A-D","36","11","7","5","72","0","1","0","5","5","1","0","1","0","54","26","80","1","0","1","1","1","0","0.66666669","0","0","0.66666669","0.66666669","0","0","0","0","0","0","1","0","0","0","0","2","14","0","0","0","0","0","0","0","0","0","0"
"CH/A-D","36","12","7","5","72","0","1","0","5","5","1","0","1","0","54","26","80","1","0","1","1","1","0","0.66666669","0","0","0.33333334","0.66666669","0","0","0","0","0","0","1","0","0","0","0","0","16","0","0","0","0","0","0","0","0","0","0"
"CH/A-D","36","13","7","3","72","0","1","0","3","3","1","1","1","0","40","40","80","1","1","1","1","1","0","0.66666669","0.66666669","0","0.66666669","0.66666669","0","0","0","0","0","0","1","0","0","0","0","0","11","0","0","0","0","0","0","0","0","0","0"
"CH/A-D","36","14","7","5","72","0","1","0","5","5","1","0","1","0","54","26","80","1","0","1","1","1","0","0.66666669","0","0","0","0.66666669","0","0","0","0","0","0","1","0","0","0","0","0","21","0","0","0","0","0","0","0","0","0","0"
"CH/A-D","36","15","7","1","72","0","1","0","1","1","1","0","1","0","26","54","80","1","0","1","1","1","0","0","0.33333334","0","0","0.33333334","0","0","0","0","0","0","1","0","0","0","0","7","26","0","0","0","0","0","0","0","0","0","0"
"CH/A-D","36","16","7","4","72","0","1","0","1","1","1","0","0","1","14","42","56","1","1","0","0","1","0","0.66666669","0","0","0","0.66666669","0","0","0","0","0","0","1","0","0","0","0","1","20","0","0","0","0","0","0","0","0","0","0"
"CH/A-D","36","17","7","2","72","0","1","0","3","3","1","1","0","0","36","36","72","1","0.5","0","0","1","0","0.66666669","0","0","0","0.66666669","0","0","0","0","0","0","1","0","0","0","0","2","16","0","0","0","0","0","0","0","0","0","0"
"CH/A-D","36","18","7","2","72","0","1","0","3","3","1","1","0","0","36","36","72","1","1","0","0","1","0","0","0","0.66666669","0","0.66666669","0","0","0","0","0","0","1","0","0","0","0","6","21","0","0","0","0","0","0","0","0","0.66666669","0"
"CH/A-D","37","1","7","4","73","0","1","0","4","2","0","0","0","0","19","5","24","0","0","0","0","0","0","0","0","0","0","0","0","0","0","0","0","0","1","0","0","0","0","0","0","0","0","0","0","0","0","0","0","0","0"
"CH/A-D","37","2","7","5","73","0","1","0","4","3","0","0","0","0","29","18","47","0","0","0","0","0","0","0","0","0","0","0","0","0","0","0","0","0","1","0","0","0","0","1","0","0","0","0","0","0","0","0","0","0","0"
"CH/A-D","37","3","7","2","73","0","1","0","5","4","0","0","0","0","28","11","39","1","0","0","0","0","0","0","0","0","0","1","0","0","0","0","0","0","1","0","0","0","0","2","8","0","0","0","0","0","0","0","0","0.66666669","0"
"CH/A-D","37","4","7","3","73","0","1","0","3","3","1","1","1","0","40","40","80","1","1","1","1","1","0","0.66666669","0","0","0","0.66666669","0","0","0","0","0","0","1","0","0","0","0","6","7","0","0","0.5","0","0","0","0","0","0.66666669","0"
"CH/A-D","37","5","7","2","73","0","1","0","1","1","1","0","0","1","22","50","72","1","0","0","0","1","0","0.66666669","0","0","0","0","0","0","0","0","0","0","1","0","0","0","0","0","9","0","0","0","0","0","0","0","0","0","0"
"CH/A-D","37","6","7","3","73","0","1","0","5","5","1","0","0","1","46","18","64","1","0","0","0","0","0","1","0.33333334","0","0","0.66666669","0","0","0","0","0","0","1","0","0","0","0","0","5","0","0","0","0","0","0","0","0","0","0"
"CH/A-D","37","7","7","1","73","0","1","0","4","3","0","0","0","0","21","18","39","1","1","0","0","1","0","1","0","0","0","0.66666669","0","0","0","0","0","0","1","0","0","0","0","0","5","0","0","0","0","0","0","0","0","0","0"
"CH/A-D","37","8","7","4","73","0","1","0","2","2","1","0","0","1","25","39","64","1","0","0","0","1","0","1","0.66666669","0","0","0.66666669","0","0","0","0","0","0","1","0","0","0","0","4","5","0","0","0","0","0","0.66666669","0","0","0.66666669","0"
"CH/A-D","37","9","7","5","73","0","1","0","3","3","1","1","0","0","32","32","64","1","1","0","0","0.5","0","0","0","0","0","0","0","0","0","0","0","0","1","0","0","0","0","0","4","0","0","0","0","0","0","0","0","0","0"
"CH/A-D","37","10","7","1","73","0","1","0","3","3","1","1","0","0","32","32","64","1","1","0","0","1","0","0.66666669","0","0","0","0.66666669","0","0","0","0","0","0","1","0","0","0","0","2","12","0","0","0","0","0","0","0","0","0.66666669","0"
"CH/A-D","37","11","7","5","73","0","1","0","5","5","1","0","1","0","54","26","80","1","0","1","1","0","0.33333334","0.66666669","0","0","0","0.66666669","0","0","0","0","0","0","1","0","0","0","0","3","4","0","0","0","0.33333334","0","0","0","0","0.66666669","0"
"CH/A-D","37","12","7","5","73","0","1","0","1","1","1","0","0","1","10","38","48","1","0","0","0","1","0","0.66666669","0","0","0","0.66666669","0","0","0","0","0","0","1","0","0","0","0","0","10","0","0","0","0","0","0","0","0","0","0"
"CH/A-D","37","13","7","3","73","0","1","0","3","2","0","0","0","0","26","29","55","1","1","1","0","1","0","1","0","0","0","0.66666669","0","0","0","0","0","0","1","0","0","0","0","1","9","0","0","0","0","0","0","0","0","0.66666669","0"
"CH/A-D","37","14","7","5","73","0","1","0","3","3","1","1","0","0","32","32","64","1","1","0","0","1","0","0.66666669","1","0","0","0.66666669","0","0","0","0","0","0","1","0","0","0","0","3","7","0","0","0","0","0","1","0","0","0.66666669","0"
"CH/A-D","37","15","7","1","73","0","1","0","1","1","1","0","1","0","26","54","80","1","0","1","1","1","0","1","0.33333334","0","0","0.66666669","0","0","0","0","0","0","1","0","0","0","0","0","16","0","0","0","0","0","0","0","0","0","0"
"CH/A-D","37","16","7","4","73","0","1","0","5","5","1","0","0","1","50","22","72","1","0","0","0","1","0","0","0","0","0","0.66666669","0","0","0","0","0","0","1","0","0","0","0","0","4","0","0","0","0","0","0","0","0","0","0"
"CH/A-D","37","17","7","2","73","0","1","0","3","3","1","1","0","0","36","36","72","1","1","1","0","0","0","0.66666669","0","0","0","0.66666669","0","0","0","0","0","0","1","0","0","0","0","0","9","0","0","0","0","0","0","0","0","0","0"
"CH/A-D","37","18","7","2","73","0","1","0","3","3","1","1","0","0","36","36","72","1","1","0","0","1","0","0","0","0","0.66666669","0","0","0","0","0","0","0","1","0","0","0","0","0","4","0","0","0","0","0","0","0","0","0","0"
"CH/S-D","29","1","7","4","2907","1","0","0","4","3","0","0","0","0","33","22","55","1","1","0","0","0","0","0","0","0","0","0","0","0","0","0","0","0","1","0","0","0","0","0","2","0","0","0","0","0","0","0","0","0","0"
"CH/S-D","29","2","7","5","2907","1","0","0","3","3","1","1","0","0","32","32","64","1","1","0","0","0","0","0","0","0","0","0","0","0","0","0","0","0","1","0","0","0","0","0","2","0","0","0","0","0","0","0","0","0","0"
"CH/S-D","29","3","7","2","2907","1","0","0","2","2","1","0","1","0","33","47","80","1","0","1","1","1","0","0.33333334","0.5","0","0","0","0","0","0","0","0","0","1","0","0","0","0","0","4","0","0","0","0","0","0","0","0","0","0"
"CH/S-D","29","4","7","3","2907","1","0","0","3","3","1","1","1","0","40","40","80","1","1","1","1","1","0.33333334","0.66666669","0","0","0","0","0","0","0","0","0","0","1","0","0","0","0","0","3","0","0","0","0","0","0","0","0","0","0"
"CH/S-D","29","5","7","2","2907","1","0","0","3","3","1","1","0","0","36","36","72","1","1","1","0","1","0","1","0.5","0","0","0","0","0","0","0","0","0","1","0","0","0","0","0","7","0","0","0","0","0","0","0","0","0","0"
"CH/S-D","29","6","7","3","2907","1","0","0","3","3","1","1","1","0","40","40","80","1","1","1","1","1","0","0.33333334","0","0","0","0","0","0","0","0","0","0","1","0","0","0","0","0","6","0","0","0","0","0","0","0","0","0","0"
"CH/S-D","29","7","7","1","2907","1","0","0","1","1","1","0","1","0","26","54","80","1","1","1","1","1","0","0","1","0","0","0","0","0","0","0","0","0","1","0","0","0","0","0","11","0","0","0","0","0","0","0","0","0","0"
"CH/S-D","29","8","7","4","2907","1","0","0","4","4","1","0","1","0","47","33","80","1","0","1","1","1","0.33333334","0.66666669","1","0","0","0.66666669","0","0","0","0","0","0","1","0","0","0","0","0","8","0","0","0","0","0","0","0","0","0","0"
"CH/S-D","29","9","7","5","2907","1","0","0","3","3","1","1","0","0","32","32","64","1","1","0","0","1","0","0.33333334","0","0","0.33333334","0","0","0","0","0","0","0","1","0","0","0","0","0","4","0","0","0","0","0","0","0","0","0","0"
"CH/S-D","29","10","7","1","2907","1","0","0","3","3","1","1","0","0","32","32","64","1","1","0","0","1","0","0","0","0","0","0","0","0","0","0","0","0","1","0","0","0","0","0","3","0","0","0","0","0","0","0","0","0","0"
"CH/S-D","29","11","7","5","2907","1","0","0","4","4","1","0","0","1","43","29","72","1","1","0","0","1","0","0","1","0","0","0","0","0","0","0","0","0","1","0","0","0","0","0","12","0","0","0","0","0","0","0","0","0","0"
"CH/S-D","29","12","7","5","2907","1","0","0","1","1","1","0","0","1","10","38","48","1","0","0","0","1","0","0.66666669","1","0","0","0","0","0","0","0","0","0","1","0","0","0","0","0","6","0","0","0","0","0","0","0","0","0","0"
"CH/S-D","29","13","7","3","2907","1","0","0","3","3","1","1","1","0","40","40","80","1","1","1","1","1","0","1","0","0","0","0","0","0","0","0","0","0","1","0","0","0","0","0","5","0","0","0","0","0","0","0","0","0","0"
"CH/S-D","29","14","7","5","2907","1","0","0","4","4","1","0","0","1","43","29","72","1","1","0","0","1","0","0","1","0","0","0","0","0","0","0","0","0","1","0","0","0","0","0","8","0","0","0","0","0","0","0","0","0","0"
"CH/S-D","29","15","7","1","2907","1","0","0","2","2","1","0","0","1","29","43","72","1","0","1","0","1","0","1","0.5","0","0","0.33333334","0","0","0","0","0","0","1","0","0","0","0","0","15","0","0","0","0","0","0","0","0","0","0"
"CH/S-D","29","16","7","4","2907","1","0","0","3","3","1","1","0","0","36","36","72","1","1","0","0","1","0","0","0","0","0","0","0","0","0","0","0","0","1","0","0","0","0","0","3","0","0","0","0","0","0","0","0","0","0"
"CH/S-D","29","17","7","2","2907","1","0","0","2","2","1","0","1","0","33","47","80","1","1","1","0.5","1","0","0","1","0","0","0","0","0","0","0","0","0","1","0","0","0","0","0","5","0","0","0","0","0","0","0","0","0","0"
"CH/S-D","29","18","7","2","2907","1","0","0","4","4","1","0","0","1","39","25","64","1","0","0","0","1","0","1","0","0","0","0","0","0","0","0","0","0","1","0","0","0","0","0","7","0","0","0","0","0","0","0","0","0","0"
"CH/S-D","30","1","7","4","3007","1","0","0","4","4","1","0","1","0","47","33","80","1","0","1","1","1","0","0","0","0","0","0","0","0","0","0","0","0","1","0","0","0","0","0","3","0","0","0","0","0","0","0","0","0","0"
"CH/S-D","30","2","7","5","3007","1","0","0","2","2","1","0","0","1","21","35","56","1","0","0","0","1","0","0","0","0","0","0","0","0","0","0","0","0","1","0","0","0","0","0","3","0","0","0","0","0","0","0","0","0","0"
"CH/S-D","30","3","7","2","3007","1","0","0","5","5","1","0","0","1","42","14","56","1","0","0","0","1","0","0","0","0","0","0","0","0","0","0","0","0","1","0","0","0","0","0","3","0","0","0","0","0","0","0","0","0","0"
"CH/S-D","30","4","7","3","3007","1","0","0","3","3","1","1","1","0","40","40","80","1","1","1","1","1","0","1","1","0","0","0.33333334","0","0","0","0","0","0","1","0","0","0","0","0","13","0","0","0","0","0","0","0","0","0","0"
"CH/S-D","30","5","7","2","3007","1","0","0","2","2","1","0","1","0","33","47","80","1","0","1","1","1","0","0.33333334","0","0","0","0","0","0","0","0","0","0","1","0","0","0","0","0","10","0","0","0","0","0","0","0","0","0","0"
"CH/S-D","30","6","7","3","3007","1","0","0","3","3","1","1","1","0","40","40","80","1","1","1","1","1","0","0","0","0","0","0","0","0","0","0","0","0","1","0","0","0","0","0","11","0","0","0","0","0","0","0","0","0","0"
"CH/S-D","30","7","7","1","3007","1","0","0","3","3","1","1","0","0","32","32","64","1","1","0","0","1","0","0.33333334","0","0","0","0","0","0","0","0","0","0","1","0","0","0","0","0","4","0","0","0","0","0","0","0","0","0","0"
"CH/S-D","30","8","7","4","3007","1","0","0","3","3","1","1","0","0","36","36","72","1","1","0","0","1","0","1","0","0","0","0","0","0","0","0","0","0","1","0","0","0","0","0","5","0","0","0","0","0","0","0","0","0","0"
"CH/S-D","30","9","7","5","3007","1","0","0","3","3","1","1","0","0","32","32","64","1","1","0","0","1","0","0","0","0","0","0","0","0","0","0","0","0","1","0","0","0","0","0","3","0","0","0","0","0","0","0","0","0","0"
"CH/S-D","30","10","7","1","3007","1","0","0","3","3","1","1","0","0","32","32","64","1","1","0","0","1","0","0","0","0","0.33333334","0","0","0","0","0","0","0","1","0","0","0","0","0","6","0","0","0","0","0","0","0","0","0","0"
"CH/S-D","30","11","7","5","3007","1","0","0","3","3","1","1","0","0","32","32","64","1","1","0","0","1","0.33333334","0.66666669","0","0","0","0","0","0","0","0","0","0","1","0","0","0","0","0","5","0","0","0","0","0","0","0","0","0","0"
"CH/S-D","30","12","7","5","3007","1","0","0","3","3","1","1","0","0","32","32","64","1","1","0","0","1","0","0.33333334","0","0","0","0","0","0","0","0","0","0","1","0","0","0","0","0","8","0","0","0","0","0","0","0","0","0","0"
"CH/S-D","30","13","7","3","3007","1","0","0","3","3","1","1","1","0","40","40","80","1","1","1","1","0","0","0","0","0","0","0","0","0","0","0","0","0","1","0","0","0","0","0","6","0","0","0","0","0","0","0","0","0","0"
"CH/S-D","30","14","7","5","3007","1","0","0","3","3","1","1","0","0","32","32","64","1","1","0","0","0","0","0","0","0","0","0","0","0","0","0","0","0","1","0","0","0","0","0","11","0","0","0","0","0","0","0","0","0","0"
"CH/S-D","30","15","7","1","3007","1","0","0","3","3","1","1","0","0","32","32","64","0.5","0.5","0","0","0","0","0","0","0","0","0","0","0","0","0","0","0","1","0","0","0","0","0","12","0","0","0","0","0","0","0","0","0","0"
"CH/S-D","30","16","7","4","3007","1","0","0","3","3","1","1","0","0","36","36","72","1","1","0","0","1","0","0","0","0","0","0","0","0","0","0","0","0","1","0","0","0","0","0","7","0","0","0","0","0","0","0","0","0","0"
"CH/S-D","30","17","7","2","3007","1","0","0","3","3","1","1","0","0","36","36","72","1","1","0","0","1","0","0","0","0","0","0","0","0","0","0","0","0","1","0","0","0","0","0","2","0","0","0","0","0","0","0","0","0","0"
"CH/S-D","30","18","7","2","3007","1","0","0","3","3","1","1","0","0","36","36","72","1","1","0","0","1","0","0","0","0","0","0","0","0","0","0","0","0","1","0","0","0","0","0","2","0","0","0","0","0","0","0","0","0","0"
"CH/S-D","31","1","7","4","3107","1","0","0","3","3","1","1","0","0","36","36","72","1","1","0","0","1","0","0.66666669","0.5","0","0","0.33333334","0","0","0","0","0","0","1","0","0","0","0","0","7","0","0","0","0","0","0","0","0","0","0"
"CH/S-D","31","2","7","5","3107","1","0","0","3","3","1","1","0","0","32","32","64","1","1","0","0","1","0","0.66666669","0","0","0","0.33333334","0","0","0","0","0","0","1","0","0","0","0","0","10","0","0","0","0","0","0","0","0","0","0"
"CH/S-D","31","3","7","2","3107","1","0","0","3","3","1","1","0","0","36","36","72","1","1","0","0","1","0","0.66666669","0","0","0","0.33333334","0","0","0","0","0","0","1","0","0","0","0","0","17","0","0","0","0","0","0","0","0","0","0"
"CH/S-D","31","4","7","3","3107","1","0","0","3","3","1","1","1","0","40","40","80","1","1","1","1","1","0","0.33333334","1","0","0","0.33333334","0","0","0","0","0","0","1","0","0","0","0","0","14","0","0","0","0","0","0","0","0","0","0"
"CH/S-D","31","5","7","2","3107","1","0","0","3","3","1","1","0","0","36","36","72","1","1","0","0","1","0","0","0","1","0","0.33333334","0","0","0","0","0","0","1","0","0","0","0","0","14","0","0","0","0","0","0","0","0","0","0"
"CH/S-D","31","6","7","3","3107","1","0","0","3","3","1","1","1","0","40","40","80","0.5","0.5","0.5","0.5","0.5","0","0","0.5","1","0","0.33333334","0","0","0","0","0","0","1","0","0","0","0","0","15","0","0","0","0","0","0","0","0","0","0"
"CH/S-D","31","7","7","1","3107","1","0","0","3","3","1","1","0","0","32","32","64","0","0","0","0","0.5","0","0.33333334","0","1","0","0","0","0","0","0","0","0","1","0","0","0","0","0","13","0","0","0","0","0","0","0","0","0","0"
"CH/S-D","31","8","7","4","3107","1","0","0","3","3","1","1","0","0","36","36","72","0.5","0.5","0","0","0.5","0","0.33333334","0.5","0.33333334","0.33333334","0","0","0","0","0","0","0","1","0","0","0","0","0","19","0","0","0","0","0","0","0","0","0","0"
"CH/S-D","31","9","7","5","3107","1","0","0","3","3","1","1","0","0","32","32","64","1","1","0","0","1","0","0","0","0","0","0","0","0","0","0","0","0","1","0","0","0","0","0","16","0","0","0","0","0","0","0","0","0","0"
"CH/S-D","31","10","7","1","3107","1","0","0","3","3","1","1","0","0","32","32","64","0.5","0.5","0","0","0.5","0","0","0","0","0","0","0","0","0","0","0","0","1","0","0","0","0","0","23","0","0","0","0","0","0","0","0","0","0"
"CH/S-D","31","11","7","5","3107","1","0","0","3","3","1","1","0","0","32","32","64","0","0","0","0","0","0","0","0","0","0","0","0","0","0","0","0","0","1","0","0","0","0","0","14","0","0","0","0","0","0","0","0","0","0"
"CH/S-D","31","12","7","5","3107","1","0","0","3","3","1","1","0","0","32","32","64","0","0","0","0","0","0","0","0","0","0","0","0","0","0","0","0","0","1","0","0","0","0","0","11","0","0","0","0","0","0","0","0","0","0"
"CH/S-D","31","13","7","3","3107","1","0","0","3","3","1","1","1","0","40","40","80","0","0","0","0","0","0","0","0","0","0","0","0","0","0","0","0","0","1","0","0","0","0","0","19","0","0","0","0","0","0","0","0","0","0"
"CH/S-D","31","14","7","5","3107","1","0","0","3","3","1","1","0","0","32","32","64","0","0","0","0","0","0","0","0","0","0","0","0","0","0","0","0","0","1","0","0","0","0","0","22","0","0","0","0","0","0","0","0","0","0"
"CH/S-D","31","15","7","1","3107","1","0","0","5","5","1","0","0","1","38","10","48","1","0","0","0","1","0","0.33333334","1","0","0.33333334","0.33333334","0","0","0","0","0","0","1","0","0","0","0","0","16","0","0","0","0","0","0","0","0","0","0"
"CH/S-D","31","16","7","4","3107","1","0","0","1","1","1","0","0","1","14","42","56","1","0","0","0","1","0","0","0","0","0","0","0","0","0","0","0","0","1","0","0","0","0","0","17","0","0","0","0","0","0","0","0","0","0"
"CH/S-D","31","17","7","2","3107","1","0","0","3","3","1","1","0","0","36","36","72","1","1","0","0","1","0","0","0","0.33333334","0","0","0","0","0","0","0","0","1","0","0","0","0","0","20","0","0","0","0","0","0","0","0","0","0"
"CH/S-D","31","18","7","2","3107","1","0","0","3","3","1","1","0","0","36","36","72","0","0","0","0","0","0","0","0","0","0","0","0","0","0","0","0","0","1","0","0","0","0","0","15","0","0","0","0","0","0","0","0","0","0"
"CH-MC","32","1","7","4","3207","0","0","1","2","2","1","0","0","1","25","39","64","0","0","0","0","0","0","0","0","0.33333334","0","0","0.5","0","0","0","0","0","1","0","0","0","0","0","2","0","0","0","0","0","0","0","0","0","0"
"CH-MC","32","2","7","5","3207","0","0","1","2","2","1","0","0","1","21","35","56","1","0","0","0","1","0","0.33333334","0.5","1","0.33333334","0.33333334","0","0","0","0","0","0","1","0","0","0","0","1","7","0","0","0","0","0","0","0","0","0","0"
"CH-MC","32","3","7","2","3207","0","0","1","3","3","1","1","0","0","36","36","72","1","1","0","0","1","0.33333334","0","0","0","0.33333334","0","0","0","0","0","0","0","1","0","0","0","0","1","3","0","0","0","0","0","0","0","0","0","0"
"CH-MC","32","4","7","3","3207","0","0","1","3","3","1","1","1","0","40","40","80","1","1","1","0.5","0.5","0","0.33333334","0","0","0.66666669","0.33333334","0","0","0","0","0","0","1","0","0","0","0","1","6","0","0","0","0","0","0","0","0","0","0"
"CH-MC","32","5","7","2","3207","0","0","1","4","4","1","0","0","1","39","25","64","1","0","1","0","0.5","0.33333334","0","0","0.33333334","0","0.66666669","0","0","0","0","0","0","1","0","0","0","0","3","4","0","0","0","0","0","0","0","0","0","0"
"CH-MC","32","6","7","3","3207","0","0","1","3","3","1","1","1","0","40","40","80","1","1","1","0.5","1","0","0.33333334","0","0","0","0","0","0","0","0","0","0","1","0","0","0","0","2","3","0","0","0","0","0","0","0","0","0","0"
"CH-MC","32","7","7","1","3207","0","0","1","3","3","1","1","0","0","32","32","64","1","1","1","0","0.5","0","0.66666669","0.5","1","0","0.33333334","0","0","0","0","0","0","1","0","0","0","0","4","5","0","0","0","0","0","0","0","0","0","0"
"CH-MC","32","8","7","4","3207","0","0","1","3","3","1","1","0","0","36","36","72","1","1","0","0","0.5","0.33333334","0","0","0.66666669","0.33333334","0.66666669","0","0","0","0","0","0","1","0","0","0","0","4","4","0","0","0","0","0","0","0","0","0","0"
"CH-MC","32","9","7","5","3207","0","0","1","3","3","1","1","0","0","32","32","64","1","1","0","0","1","0","0.66666669","0.5","0","0.66666669","0.66666669","0","1","1","0","0","0","0","1","0","0","0","5","11","0","0","0","0","0","0","0","0","0","0"
"CH-MC","32","10","7","1","3207","0","0","1","3","3","1","1","0","0","32","32","64","1","1","0","0","1","0","0.33333334","0.5","0.33333334","0.33333334","1","0","0","0","0","0","0","1","0","0","0","0","4","6","0","0","0","0","0","0","0","0","0","0"
"CH-MC","32","11","7","5","3207","0","0","1","3","3","1","1","0","0","32","32","64","1","1","0","0","1","0","0","0","0.66666669","0","0.66666669","0","0","0","0","0","0","1","0","0","0","0","5","2","0","0","0","0","0","0","0","0","0","0"
"CH-MC","32","12","7","5","3207","0","0","1","3","3","1","1","0","0","32","32","64","1","1","0","0","1","0.33333334","0.66666669","0","0.33333334","0","0.33333334","0","0.5","0.5","0","0","0","0.5","0.5","0","0","0","5","7","0","0","0","0","0","0","0","0","0","0"
"CH-MC","32","13","7","3","3207","0","0","1","3","3","1","1","1","0","40","40","80","1","1","1","1","0.5","0","0.66666669","0","0","0","0.33333334","0","0","0","0","0","0","1","0","0","0","0","6","6","0","0","0","0","0","0","0","0","0","0"
"CH-MC","32","14","7","5","3207","0","0","1","3","3","1","1","0","0","32","32","64","1","1","0","0","0.5","0","0.66666669","1","0","0.66666669","0.66666669","0","0","0","0","0","0","1","0","0","0","0","6","15","0","0","0","0","0","0","0","0","0","0"
"CH-MC","32","15","7","1","3207","0","0","1","3","3","1","1","0","0","32","32","64","1","1","0","0","0.5","0","0.66666669","1","0","0.66666669","0.66666669","0","0","0","0","0","0","1","0","0","0","0","7","13","0","0","0","0","0","0","0","0","0","0"
"CH-MC","32","16","7","4","3207","0","0","1","3","3","1","1","0","0","36","36","72","0.5","0.5","0","0","0","0","0.66666669","0","0","0.33333334","0.33333334","0","0","0","0","0","0","1","0","0","0","0","5","7","0","0","0","0","0","0","0","0","0","0"
"CH-MC","32","17","7","2","3207","0","0","1","3","3","1","1","0","0","36","36","72","0","0","0","0","0","0","0","0","0","0","0.33333334","0","0","0","0","0","0","1","0","0","0","0","3","11","0","0","0","0","0","0","0","0","0","0"
"CH-MC","32","18","7","2","3207","0","0","1","3","3","1","1","0","0","36","36","72","1","1","0","0","1","0","0","0","0","0","0","0","0","0","0","0","0","1","0","0","0","0","3","11","0","0","0","0","0","0","0","0","0","0"
"CH-MC","33","1","7","4","3307","0","0","1","1","1","1","0","0","1","14","42","56","0","0","0","0","0","0","0","0","1","0","0","0","0","0","0","0","0","1","0","0","0","0","2","2","0","0","0","0","0","0","0","0","0","0"
"CH-MC","33","2","7","5","3307","0","0","1","5","5","1","0","1","0","54","26","80","1","0","1","1","1","0","0.33333334","1","0","0","0.33333334","1","1","1","0","0","0","0","0","1","0","0","5","3","0","0","0","0","0","0","0","0","0","0"
"CH-MC","33","3","7","2","3307","0","0","1","2","2","1","0","1","0","33","47","80","1","1","1","0","1","0","1","1","0","0.33333334","0.33333334","0","1","1","0","0","0","0","0","1","0","0","4","9","0","0","0","0","0","0","0","0","0","0"
"CH-MC","33","4","7","3","3307","0","0","1","3","3","1","1","1","0","40","40","80","1","1","1","0.5","1","0","1","1","0","0","0.33333334","0","1","1","0","0","0","0","0","1","0","0","5","17","0","0","0","0","0","0","0","0","0","0"
"CH-MC","33","5","7","2","3307","0","0","1","4","4","1","0","0","1","39","25","64","1","1","0","0","1","0","1","0","0","0.33333334","0.66666669","0","1","1","0","0","0","0","0","1","0","0","5","12","0","0","0","0","0","0","0","0","0","0"
"CH-MC","33","6","7","3","3307","0","0","1","3","3","1","1","1","0","40","40","80","1","1","1","1","1","0.33333334","1","0","0","0.33333334","0","0","1","1","0","0","0","0","0","1","0","0","4","8","0","0","0","0","0","0","0","0","0","0"
"CH-MC","33","7","7","1","3307","0","0","1","3","3","1","1","0","0","32","32","64","1","1","0","0","1","0","0.66666669","0.5","0","0","0.33333334","0","1","1","0","0","0","0","0","1","0","0","3","6","0","0","0","0","0","0","0","0","0","0"
"CH-MC","33","8","7","4","3307","0","0","1","4","4","1","0","1","0","47","33","80","1","1","1","0.5","1","0","0.66666669","1","0","0.33333334","0.33333334","0","1","1","0","0","0","0","0","1","0","0","4","9","0","0","0","0","0","0","0","0","0","0"
"CH-MC","33","9","7","5","3307","0","0","1","3","3","1","1","0","0","32","32","64","1","1","1","0","1","0","1","0.5","0","0","0","0","1","1","0","0","0","0","0","1","0","0","5","5","0","0","0","0","0","0","0","0","0","0"
"CH-MC","33","10","7","1","3307","0","0","1","2","2","1","0","0","1","29","43","72","1","1","0","0","1","0","1","1","0","0","0.33333334","1","1","1","0","0","0","0","0","1","0","0","3","10","0","0","0","0","0","0","0","0","0","0"
"CH-MC","33","11","7","5","3307","0","0","1","5","5","1","0","1","0","54","26","80","1","0","1","1","1","0","0.66666669","1","0","0","0.33333334","0","1","1","0","0","0","0","0","1","0","0","2","10","0","0","0","0","0","0","0","0","0","0"
"CH-MC","33","12","7","5","3307","0","0","1","5","5","1","0","1","0","54","26","80","1","0","1","1","0.5","0.33333334","0.66666669","1","0","0","0.33333334","0","1","1","0","0","0","0","0","1","0","0","4","6","0","0","0","0","0","0","0","0","0","0"
"CH-MC","33","13","7","3","3307","0","0","1","3","3","1","1","1","0","40","40","80","1","1","1","0.5","0.5","0","0.66666669","0.5","0","0","0.33333334","0","1","1","0","0","0","0","0","1","0","0","6","7","0","0","0","0","0","0","0","0","0","0"
"CH-MC","33","14","7","5","3307","0","0","1","5","5","1","0","1","0","54","26","80","1","1","1","1","0","0","0.66666669","0.5","0.33333334","0","0.66666669","0","1","1","0","0","0","0","0","1","0","0","2","11","0","0","0","0","0","0","0","0","0","0"
"CH-MC","33","15","7","1","3307","0","0","1","1","1","1","0","1","0","26","54","80","1","0","1","1","1","0","1","0.5","0","0","0.33333334","0","1","1","0","0","0","0","0","1","0","0","8","11","0","0","0","0","0","0","0","0","0","0"
"CH-MC","33","16","7","4","3307","0","0","1","4","4","1","0","1","0","47","33","80","1","1","1","1","1","0","1","0.5","0","0","0.33333334","0","1","1","0","0","0","0","0","1","0","0","5","12","0","0","0","0","0","0","0","0","0","0"
"CH-MC","33","17","7","2","3307","0","0","1","2","2","1","0","1","0","33","47","80","1","0","1","1","1","0.33333334","1","0.5","0","0.66666669","0.66666669","0","1","1","0","0","0","0","0","1","0","0","7","8","0","0","0","0","0","0","0","0","0","0"
"CH-MC","33","18","7","2","3307","0","0","1","2","2","1","0","1","0","33","47","80","1","0","1","1","0.5","0.33333334","0.33333334","0","0.33333334","0.33333334","0.33333334","0","1","1","0","0","0","0","0","1","0","0","8","6","0","0","0","0","0","0","0","0","0","0"
"CH-MC","34","1","7","4","3407","0","0","1","1","1","1","0","0","1","14","42","56","1","0","1","0.5","0","0","0.33333334","0.5","0.66666669","0.33333334","0","0","1","1","0","0","0","0","1","1","0","0","1","6","0","0","0","0","0","0","0","0","0","0"
"CH-MC","34","2","7","5","3407","0","0","1","5","5","1","0","1","0","54","26","80","1","0","1","1","1","0","0.66666669","1","0.66666669","0.33333334","0.66666669","1","1","1","0","0","0","0","1","0","0","0","6","19","0","0","0","0","0","0","0","0","0","0"
"CH-MC","34","3","7","2","3407","0","0","1","2","2","1","0","1","0","33","47","80","1","1","1","1","1","0","1","1","0","0.33333334","0.66666669","0.5","1","1","0","0","0","0","1","0","0","0","3","21","0","0","0","0","0","0","0","0","0","0"
"CH-MC","34","4","7","3","3407","0","0","1","3","3","1","1","1","0","40","40","80","1","1","1","1","1","0","0.66666669","1","0.33333334","0","0.66666669","0","1","1","0","0","0","0","1","0","0","0","9","20","0","0","0","0","0","0","0","0","0","0"
"CH-MC","34","5","7","2","3407","0","0","1","2","2","1","0","1","0","33","47","80","1","0","1","0.5","1","0","0.66666669","1","0","0","0.66666669","0.5","1","1","0","0","0","0","1","0","0","0","10","19","0","0","0","0","0","0","0","0","0","0"
"CH-MC","34","6","7","3","3407","0","0","1","3","3","1","1","1","0","40","40","80","1","1","1","0.5","0.5","0.33333334","0.33333334","0","0","0","1","0","1","1","0","0","0","0","1","0","0","0","6","15","0","0","0","0","0","0","0","0","0","0"
"CH-MC","34","7","7","1","3407","0","0","1","1","1","1","0","1","0","26","54","80","1","1","0","0","0.5","0","1","1","0","0.33333334","1","0","1","1","0","0","0","0","1","0","0","0","4","20","0","0","0","0","0","0","0","0","0","0"
"CH-MC","34","8","7","4","3407","0","0","1","4","4","1","0","1","0","47","33","80","1","0","1","1","1","0","0.66666669","1","0.33333334","0","0.66666669","1","1","1","0","0","0","0","1","1","0","0","12","22","0","0","0","0","0","0","0","0","0","0"
"CH-MC","34","9","7","5","3407","0","0","1","5","5","1","0","1","0","54","26","80","1","0","1","1","1","0","0.66666669","0.5","1","0","0","1","1","1","0","0","0","0","1","1","0","0","7","25","0","0","0","0","0","0","0","0","0","0"
"CH-MC","34","10","7","1","3407","0","0","1","2","2","1","0","0","1","29","43","72","1","0","1","0","0.5","0","0","0","0.66666669","0.33333334","0.66666669","1","1","1","0","0","0","0","1","1","0","0","8","18","0","0","0","0","0","0","0","0","0","0"
"CH-MC","34","11","7","5","3407","0","0","1","5","5","1","0","1","0","54","26","80","1","0","1","1","1","0","0.33333334","0.5","0","0","0.33333334","1","1","1","0","0","0","0","1","1","0","0","6","21","0","0","0","0","0","0","0","0","0","0"
"CH-MC","34","12","7","5","3407","0","0","1","5","5","1","0","1","0","54","26","80","1","0","1","0.5","1","0","0.33333334","0.5","0.33333334","0","0.66666669","0.5","1","1","0","0","0","0","1","1","0","0","11","22","0","0","0","0","0","0","0","0","0","0"
"CH-MC","34","13","7","3","3407","0","0","1","3","3","1","1","1","0","40","40","80","1","1","1","1","1","0","0.66666669","1","0","0.66666669","0.66666669","0","1","1","0","0","0","0","0","1","0","0","7","21","0","0","0","0","0","0","0","0","0","0"
"CH-MC","34","14","7","5","3407","0","0","1","5","5","1","0","1","0","54","26","80","1","0","1","0.5","1","0","0","0.5","0","0","1","0","1","1","0","0","0","0","0","1","0","0","10","16","0","0","0","0","0","0","0","0","0","0"
"CH-MC","34","15","7","1","3407","0","0","1","1","1","1","0","1","0","26","54","80","1","0","1","1","0.5","0","0.33333334","0","0.66666669","0","0","0","1","1","0","0","0","0","0","1","0","0","8","14","0","0","0","0","0","0","0","0","0","0"
"CH-MC","34","16","7","4","3407","0","0","1","4","4","1","0","1","0","47","33","80","1","0","1","0.5","1","0","0","0","0","0","0","0","1","1","0","0","0","0","0","1","0","0","7","7","0","0","0","0","0","0","0","0","0","0"
"CH-MC","34","17","7","2","3407","0","0","1","2","2","1","0","1","0","33","47","80","1","0","1","1","0","0","0","0.5","0","0.33333334","0.66666669","0","1","1","0","0","0","0","1","1","0","0","7","11","0","0","0","0","0","0","0","0","0","0"
"CH-MC","34","18","7","2","3407","0","0","1","2","2","1","0","1","0","33","47","80","1","0","1","1","0.5","0","0","0","0.33333334","0","0.33333334","0.5","1","1","0","0","0","0","1","1","0","0","7","14","0","0","0","0","0","0","0","0","0","0"
"CH/A-D","35","1","8","3","81","0","1","0","2","3","0","0","0","0","15","29","44","0","0","0","0","0","0","0","0","0","0","0","0","0","0","0","0","0","1","0","0","0","0","0","0","0","0","0","0","0","0","0","0","0","0"
"CH/A-D","35","2","8","3","81","0","1","0","3","2","0","0","0","0","26","29","55","0","0","0","0","0","1","0","0","0","0","0","0","0","0","0","0","0","1","0","0","0","0","1","0","0","0","0","1","0","0","0","0","0","0"
"CH/A-D","35","3","8","5","81","0","1","0","5","2","0","0","0","0","12","-7","5","0","0","0","0","0","0","0","0","0","0","1","0","0","0","0","0","0","1","0","0","0","0","2","0","0","0.5","0","0","0","0","0","0","1","0"
"CH/A-D","35","4","8","2","81","0","1","0","4","2","0","0","0","0","11","19","30","0","0","0","0","0.5","0.66666669","0","0","0","0","0.66666669","0","0","0","0","0","0","1","0","0","0","0","3","4","0","0","0","0.66666669","0","0","0","0","0.66666669","0"
"CH/A-D","35","5","8","4","81","0","1","0","4","3","0","0","0","0","33","22","55","0","0","0","0","0","0.66666669","0","1","0","0","0.66666669","0","0","0","0","0","0","1","0","0","0","0","5","2","0","0","0","0.66666669","0","1","0","0","0.66666669","0"
"CH/A-D","35","6","8","1","81","0","1","0","4","1","0","0","0","0","-7","12","5","0","0","0","0","1","0.66666669","1","0.33333334","0","0.66666669","1","0","0","0","0","0","0","1","0","0","0","0","3","12","0","0","0","0.66666669","0.33333334","0.33333334","0","0","0.66666669","0"
"CH/A-D","35","7","8","2","81","0","1","0","3","3","1","1","0","0","36","36","72","0","0","0","0","0","0","0","0","0","0","0","0","0.5","0.5","0","0","0","0","0.5","0","0","0","0","1","0","0","0","0","0","0","0","0","0","0"
"CH/A-D","35","8","8","3","81","0","1","0","3","3","1","1","1","0","40","40","80","0","0","0","0","0.5","0","0","0","0","0","0","0","0","0","0","0","0","1","0","0","0","0","0","3","0","0","0","0","0","0","0","0","0","0"
"CH/A-D","35","9","8","1","81","0","1","0","1","1","1","0","1","0","26","54","80","0","0","0","0","0","0","0","1","0","0.33333334","0.66666669","0","0","0","0","0","0","1","0","0","0","0","0","4","0","0","0","0","0","0","0","0","0","0"
"CH/A-D","35","10","8","5","81","0","1","0","5","5","1","0","1","0","54","26","80","0","0","0","0","0","0","0","0","0","0.66666669","0.66666669","0","0","0","0","0","0","1","0","0","0","0","0","4","0","0","0","0","0","0","0","0","0","0"
"CH/A-D","35","11","8","4","81","0","1","0","3","3","1","1","0","0","36","36","72","1","1","0","0","0","0.66666669","1","0.66666669","0","0","0.66666669","0","0","0","0","0","0","1","0","0","0","0","0","10","0","0","0","0","0","0","0","0","0","0"
"CH/A-D","35","12","8","3","81","0","1","0","3","3","1","1","1","0","40","40","80","0.5","0.5","0.5","0.5","0","0","0.66666669","0","0","0","0.66666669","0","0","0","0","0","0","1","0","0","0","0","4","4","0","0.5","0","0","0.66666669","0","0","0","0.66666669","0"
"CH/A-D","35","13","8","2","81","0","1","0","3","2","0","0","0","0","22","33","55","0","0","0","0","0","0","1","0","0","0","0.66666669","0","0","0","0","0","0","1","0","0","0","0","2","5","0","0","0","0","0.66666669","0","0","0","0.66666669","0"
"CH/A-D","35","14","8","3","81","0","1","0","4","1","0","0","0","0","1","4","5","0","0","0","0","0","0","0.66666669","0","0","0","1","0","0","0","0","0","0","1","0","0","0","0","2","6","0","0","0","0","0","0","0","0","1","0"
"CH/A-D","35","15","8","1","81","0","1","0","3","1","0","0","0","0","4","26","30","0","0","0","0","0","0","0.66666669","0","0","0","0.66666669","0","0","0","0","0","0","1","0","0","0","0","1","3","0","0","0","0","0","0","0","0","0.66666669","0"
"CH/A-D","35","16","8","5","81","0","1","0","3","3","1","1","0","0","32","32","64","0.5","0.5","0","0","1","0","0","0","0","0","0","0","0","0","0","0","0","1","0","0","0","0","1","1","1","0","0","0","0","0","0","0","0","0"
"CH/A-D","35","17","8","3","81","0","1","0","3","3","1","1","1","0","40","40","80","1","1","1","1","1","0","0","0","0","0","0","0","0","0","0","0","0","1","0","0","0","0","0","3","0","0","0","0","0","0","0","0","0","0"
"CH/A-D","35","18","8","3","81","0","1","0","3","3","1","1","1","0","40","40","80","1","1","1","1","0","0","0","0","0.66666669","0","0.66666669","0","0","0","0","0","0","1","0","0","0","0","0","5","0","0","0","0","0","0","0","0","0","0"
"CH/A-D","36","1","8","3","82","0","1","0","1","1","1","0","0","1","18","46","64","1","0","0","0","1","0","0","0","0","0","0","0","0","0","0","0","0","1","0","0","0","0","1","5","0","0","0","0","0","0","0","0","0","0"
"CH/A-D","36","2","8","3","82","0","1","0","4","4","1","0","0","1","43","29","72","1","0","0","0","0.5","0","1","0","0","0","0","0","0","0","0","0","0","1","0","0","0","0","3","8","0","0","0","0","0.33333334","0","0","0","0","0"
"CH/A-D","36","3","8","5","82","0","1","0","2","2","1","0","0","1","21","35","56","1","0","0","0","1","0","0","0","0","0","0","0","0","0","0","0","0","1","0","0","0","0","1","4","0","0","0","0","0","0","0","0","0","0"
"CH/A-D","36","4","8","2","82","0","1","0","3","3","1","1","0","0","36","36","72","1","1","0","0","1","0","1","0","0","0","0.33333334","0","0","0","0","0","0","1","0","0","0","0","2","13","0","0","0","0","1","0","0","0","0","0"
"CH/A-D","36","5","8","4","82","0","1","0","4","4","1","0","1","0","47","33","80","1","0","1","1","1","0","0","0","0.66666669","0.66666669","0.33333334","0","0","0","0","0","0","1","0","0","0","0","1","8","0","0","0","0","0","0","0","0","0","0"
"CH/A-D","36","6","8","1","82","0","1","0","1","1","1","0","1","0","26","54","80","1","0","1","1","1","0","0","0","0","0","0","0","0","0","0","0","0","1","0","0","0","0","0","3","0","0","0","0","0","0","0","0","0","0"
"CH/A-D","36","7","8","2","82","0","1","0","4","4","1","0","0","1","39","25","64","1","1","0","0","0.5","0","0","0","0","0","0","0","0","0","0","0","0","1","0","0","0","0","0","6","0","0","0","0","0","0","0","0","0","0"
"CH/A-D","36","8","8","3","82","0","1","0","2","2","1","0","0","1","29","43","72","1","0","0","0","1","0","0","0","0","0","0.66666669","0","0","0","0","0","0","1","0","0","0","0","0","3","0","0","0","0","0","0","0","0","0","0"
"CH/A-D","36","9","8","1","82","0","1","0","4","4","1","0","0","1","35","21","56","1","0","0","0","1","0","0","0","0","0","0.66666669","0","0","0","0","0","0","1","0","0","0","0","0","8","0","0","0","0","0","0","0","0","0","0"
"CH/A-D","36","10","8","5","82","0","1","0","5","5","1","0","1","0","54","26","80","1","0","1","1","1","0","1","0","0","0.33333334","0.66666669","0","0","0","0","0","0","1","0","0","0","0","4","19","0","0","0","0","0","0","0","0","0","0"
"CH/A-D","36","11","8","4","82","0","1","0","2","2","1","0","0","1","25","39","64","1","0","0","0","0.5","0","0","0","0","0","0.66666669","0","0","0","0","0","0","1","0","0","0","0","0","3","0","0","0","0","0","0","0","0","0","0"
"CH/A-D","36","12","8","3","82","0","1","0","3","3","1","1","1","0","40","40","80","1","1","1","1","1","0","1","0","0","0","0.66666669","0","0","0","0","0","0","1","0","0","0","0","0","7","0","0","0","0","0","0","0","0","0","0"
"CH/A-D","36","13","8","2","82","0","1","0","4","4","1","0","0","1","39","25","64","1","0","0","0","1","0","0.66666669","0","0","0","0.66666669","0","0","0","0","0","0","1","0","0","0","0","0","7","0","0","0","0","0","0","0","0","0","0"
"CH/A-D","36","14","8","3","82","0","1","0","3","3","1","1","1","0","40","40","80","0","0","0","0","0.5","0","0.66666669","0","0","0","0.66666669","0","0","0","0","0","0","1","0","0","0","0","0","8","0","0","0","0","0","0","0","0","0","0"
"CH/A-D","36","15","8","1","82","0","1","0","1","1","1","0","1","0","26","54","80","1","0","0.5","0.5","0.5","0","0.66666669","0.66666669","0","0","0.66666669","0","0","0","0","0","0","1","0","0","0","0","0","11","0","0","0","0","0","0","0","0","0","0"
"CH/A-D","36","16","8","5","82","0","1","0","5","5","1","0","1","0","54","26","80","1","0","1","1","1","0","0.66666669","0","0","0","0","0","0","0","0","0","0","1","0","0","0","0","0","9","0","0","0","0","0","0","0","0","0","0"
"CH/A-D","36","17","8","3","82","0","1","0","3","3","1","1","1","0","40","40","80","1","1","1","1","0","0","1","0","0","0","0","0","0","0","0","0","0","1","0","0","0","0","2","12","0","0","0","0","0","0","0","0","0","0"
"CH/A-D","36","18","8","3","82","0","1","0","3","3","1","1","1","0","40","40","80","0","0","0","0","0","0","0.66666669","0","0","0","0.33333334","0","0","0","0","0","0","1","0","0","0","0","0","4","0","0","0","0","0","0","0","0","0","0"
"CH/A-D","37","1","8","3","83","0","1","0","4","2","0","0","0","0","15","15","30","0","0","0","0","0","0","0","0","0","0","0","0","0","0","0","0","0","1","0","0","0","0","1","1","0","0","0","0","0","0","0","0","0","0"
"CH/A-D","37","2","8","3","83","0","1","0","3","3","1","1","1","0","40","40","80","1","1","1","1","1","0","0","1","0","0","0.66666669","0","0","0","0","0","0","1","0","0","0","0","4","9","0","0","0.5","0","0","0.33333334","0","0","0.33333334","0"
"CH/A-D","37","3","8","5","83","0","1","0","3","3","1","1","0","0","32","32","64","1","1","0.5","0","1","0","1","0.66666669","0","0","0.66666669","0","0","0","0","0","0","1","0","0","0","0","2","9","0","0","1","0","0.66666669","0.66666669","0","0","0","0"
"CH/A-D","37","4","8","2","83","0","1","0","3","3","1","1","0","0","36","36","72","1","1","0","0","1","0","0.66666669","0","0","0","0.66666669","0","0","0","0","0","0","1","0","0","0","0","1","5","0","0","0.5","0","0","0","0","0","0","0"
"CH/A-D","37","5","8","4","83","0","1","0","3","3","1","1","0","0","36","36","72","1","1","0","0","1","0","0","0","0","0","0","0","0","0","0","0","0","1","0","0","0","0","1","2","0","0","1","0","0","0","0","0","0","0"
"CH/A-D","37","6","8","1","83","0","1","0","3","3","1","1","0","0","32","32","64","0","0","0","0","0.5","0","0","0","0","0","0","0","0","0","0","0","0","1","0","0","0","0","1","2","0","0","0.5","0","0","0","0","0","0","0"
"CH/A-D","37","7","8","2","83","0","1","0","3","3","1","1","0","0","36","36","72","1","1","0","0","1","0","0","0","0","0","0","0","0","0","0","0","0","1","0","0","0","0","1","2","0","0","1","0","0","0","0","0","0","0"
"CH/A-D","37","8","8","3","83","0","1","0","3","3","1","1","1","0","40","40","80","0","0","0","0","0.5","0","0","0","0","0","0","0","0","0","0","0","0","1","0","0","0","0","2","2","0","0","0.5","0","0","0","0","0","0","0"
"CH/A-D","37","9","8","1","83","0","1","0","3","3","1","1","0","0","32","32","64","0","0","0","0","0.5","0","0.66666669","0","0","0","0.66666669","0","0","0","0","0","0","1","0","0","0","0","4","7","0","0","0","0","0","0","0","0","0","0"
"CH/A-D","37","10","8","5","83","0","1","0","3","3","1","1","0","0","32","32","64","1","1","0","0","1","0","1","0","1","0","0.66666669","0.5","0","0","0","0","0","1","0","0","0","0","4","15","0","0","0.5","0","0","0","0.66666669","0","0","0.5"
"CH/A-D","37","11","8","4","83","0","1","0","3","3","1","1","0","0","36","36","72","0","0","0","0","0","0","0","0","0","0","0","0","0","0","0","0","0","1","0","0","0","0","0","0","0","0","0","0","0","0","0","0","0","0"
"CH/A-D","37","12","8","3","83","0","1","0","3","3","1","1","1","0","40","40","80","0.5","0.5","0.5","0.5","1","0","0","0.66666669","0","0","0.66666669","0","0","0","0","0","0","1","0","0","0","0","1","5","0","0","1","0","0","0","0","0","0","0"
"CH/A-D","37","13","8","2","83","0","1","0","3","3","1","1","0","0","36","36","72","0","0","0","0","0","0","0","0","0","0","0","0","0","0","0","0","0","1","0","0","0","0","0","0","0","0","0","0","0","0","0","0","0","0"
"CH/A-D","37","14","8","3","83","0","1","0","3","3","1","1","1","0","40","40","80","0","0","0","0","0","0","0","0","0","0","0","0","0","0","0","0","0","1","0","0","0","0","0","0","0","0","0","0","0","0","0","0","0","0"
"CH/A-D","37","15","8","1","83","0","1","0","3","3","1","1","0","0","32","32","64","0","0","0","0","0","0","0","0","0","0","0","0","0","0","0","0","0","1","0","0","0","0","0","0","0","0","0","0","0","0","0","0","0","0"
"CH/A-D","37","16","8","5","83","0","1","0","3","3","1","1","0","0","32","32","64","0","0","0","0","0","0","0","0","0","0","0","0","0","0","0","0","0","1","0","0","0","0","0","0","0","0","0","0","0","0","0","0","0","0"
"CH/A-D","37","17","8","3","83","0","1","0","3","3","1","1","1","0","40","40","80","0","0","0","0","0","0","0","0","0","0","0","0","0","0","0","0","0","1","0","0","0","0","0","0","0","0","0","0","0","0","0","0","0","0"
"CH/A-D","37","18","8","3","83","0","1","0","3","3","1","1","1","0","40","40","80","0","0","0","0","0","0","0.66666669","0","1","0","1","0","0","0","0","0","0","1","0","0","0","0","2","8","0","0","0","0","0","0","1","0","0","0"
"CH/S-D","29","1","8","3","2908","1","0","0","3","4","0","0","0","0","26","15","41","0","0","0","0","0","0","0","1","0","0.66666669","0","0","0","0","0","0","0","1","0","0","0","0","0","1","0","0","0","0","0","0","0","0","0","0"
"CH/S-D","29","2","8","3","2908","1","0","0","4","4","1","0","0","1","43","29","72","1","0","0","0","0","0","0.33333334","1","0.33333334","0.33333334","0","0","0","0","0","0","0","1","0","0","0","0","0","4","0","0","0","0","0","0","0","0","0","0"
"CH/S-D","29","3","8","5","2908","1","0","0","4","4","1","0","0","1","43","29","72","1","0","0","0","0","0","1","1","0.33333334","0","0","0","0","0","0","0","0","1","0","0","0","0","0","4","0","0","0","0","0","0","0","0","0","0"
"CH/S-D","29","4","8","2","2908","1","0","0","2","2","1","0","1","0","33","47","80","1","0","1","1","1","0.33333334","0","0.5","0","0.33333334","0.33333334","0","0","0","0","0","0","1","0","0","0","0","0","5","0","0","0","0","0","0","0","0","0","0"
"CH/S-D","29","5","8","4","2908","1","0","0","3","3","1","1","0","0","36","36","72","1","1","1","0","0.5","0","1","0.5","0","0","0.66666669","0","0","0","0","0","0","1","0","0","0","0","0","8","0","0","0","0","0","0","0","0","0","0"
"CH/S-D","29","6","8","1","2908","1","0","0","3","3","1","1","0","0","32","32","64","1","1","1","0","0","0","1","0","0","0","0.33333334","0","0","0","0","0","0","1","0","0","0","0","0","8","0","0","0","0","0","0","0","0","0","0"
"CH/S-D","29","7","8","2","2908","1","0","0","3","3","1","1","0","0","36","36","72","1","1","0","0","0","0","1","0","0","0.33333334","0.33333334","0","0","0","0","0","0","1","0","0","0","0","0","5","0","0","0","0","0","0","0","0","0","0"
"CH/S-D","29","8","8","3","2908","1","0","0","3","3","1","1","1","0","40","40","80","1","1","1","1","0.5","0.66666669","0","0","0","0","0","0","0","0","0","0","0","1","0","0","0","0","0","6","0","0","0","0","0","0","0","0","0","0"
"CH/S-D","29","9","8","1","2908","1","0","0","3","3","1","1","0","0","32","32","64","1","1","0","0","1","0","0","0","0","0","0","0","0","0","0","0","0","1","0","0","0","0","0","4","0","0","0","0","0","0","0","0","0","0"
"CH/S-D","29","10","8","5","2908","1","0","0","3","3","1","1","0","0","32","32","64","1","1","0","0","0","0.33333334","0.66666669","0.5","0.33333334","0","0.33333334","0","0","0","0","0","0","1","0","0","0","0","0","6","0","0","0","0","0","0","0","0","0","0"
"CH/S-D","29","11","8","4","2908","1","0","0","3","3","1","1","0","0","36","36","72","1","1","0","0","0","0","0","0","0","0","0","0","0","0","0","0","0","1","0","0","0","0","0","1","0","0","0","0","0","0","0","0","0","0"
"CH/S-D","29","12","8","3","2908","1","0","0","3","3","1","1","1","0","40","40","80","1","1","1","1","0","0","0","0","0","0","0","0","0","0","0","0","0","1","0","0","0","0","0","4","0","0","0","0","0","0","0","0","0","0"
"CH/S-D","29","13","8","2","2908","1","0","0","3","3","1","1","0","0","36","36","72","1","1","0","0","0.5","0","0","0","0","0","0","0","0","0","0","0","0","1","0","0","0","0","0","6","0","0","0","0","0","0","0","0","0","0"
"CH/S-D","29","14","8","3","2908","1","0","0","3","3","1","1","1","0","40","40","80","1","1","1","1","1","0","0","0","0","0","0","0","0","0","0","0","0","1","0","0","0","0","0","3","0","0","0","0","0","0","0","0","0","0"
"CH/S-D","29","15","8","1","2908","1","0","0","3","3","1","1","0","0","32","32","64","0.5","0.5","0","0","0","0","0","0","0","0","0","0","0","0","0","0","0","1","0","0","0","0","0","1","0","0","0","0","0","0","0","0","0","0"
"CH/S-D","29","16","8","5","2908","1","0","0","3","3","1","1","0","0","32","32","64","0.5","0.5","0","0","0","0","0","0","0","0","0","0","0","0","0","0","0","1","0","0","0","0","0","1","0","0","0","0","0","0","0","0","0","0"
"CH/S-D","29","17","8","3","2908","1","0","0","3","3","1","1","1","0","40","40","80","1","1","1","1","0.5","0","0","0","0","0","0","0","0","0","0","0","0","1","0","0","0","0","0","6","0","0","0","0","0","0","0","0","0","0"
"CH/S-D","29","18","8","3","2908","1","0","0","3","3","1","1","1","0","40","40","80","1","1","1","1","0","0","0","0","0","0","0","0","0","0","0","0","0","1","0","0","0","0","0","19","0","0","0","0","0","0","0","0","0","0"
"CH/S-D","30","1","8","3","3008","1","0","0","3","3","1","1","1","0","40","40","80","1","1","1","1","0","0","0","0","0","0","0","0","0","0","0","0","0","1","0","0","0","0","0","2","0","0","0","0","0","0","0","0","0","0"
"CH/S-D","30","2","8","3","3008","1","0","0","3","3","1","1","1","0","40","40","80","1","1","1","1","1","0","0","1","0","0","0","0","0","0","0","0","0","1","0","0","0","0","0","10","0","0","0","0","0","0","0","0","0","0"
"CH/S-D","30","3","8","5","3008","1","0","0","4","4","1","0","0","1","43","29","72","1","0","0","0","1","0","0","1","0","0","0","0","0","0","0","0","0","1","0","0","0","0","0","3","0","0","0","0","0","0","0","0","0","0"
"CH/S-D","30","4","8","2","3008","1","0","0","2","2","1","0","1","0","33","47","80","1","0","1","1","1","0","0","1","0","0","0","0","0","0","0","0","0","1","0","0","0","0","0","5","0","0","0","0","0","0","0","0","0","0"
"CH/S-D","30","5","8","4","3008","1","0","0","5","5","1","0","0","1","50","22","72","1","0","1","0","0.5","0","0.33333334","0.5","0.33333334","0","0","0","0","0","0","0","0","1","0","0","0","0","0","9","0","0","0","0","0","0","0","0","0","0"
"CH/S-D","30","6","8","1","3008","1","0","0","1","1","1","0","1","0","26","54","80","1","0","1","1","1","0","0","0","0","0","0","0","0","0","0","0","0","1","0","0","0","0","0","3","0","0","0","0","0","0","0","0","0","0"
"CH/S-D","30","7","8","2","3008","1","0","0","3","3","1","1","0","0","36","36","72","1","1","0","0","1","0.33333334","0.66666669","0","0","0","0","0","0","0","0","0","0","1","0","0","0","0","0","4","0","0","0","0","0","0","0","0","0","0"
"CH/S-D","30","8","8","3","3008","1","0","0","3","3","1","1","1","0","40","40","80","1","1","1","1","1","0","0","0","0","0","0","0","0","0","0","0","0","1","0","0","0","0","0","5","0","0","0","0","0","0","0","0","0","0"
"CH/S-D","30","9","8","1","3008","1","0","0","2","2","1","0","0","1","29","43","72","1","1","0","0","1","0","0","1","0","0","0","0","0","0","0","0","0","1","0","0","0","0","0","4","0","0","0","0","0","0","0","0","0","0"
"CH/S-D","30","10","8","5","3008","1","0","0","5","5","1","0","1","0","54","26","80","1","0","1","0.5","1","0.33333334","0","1","0","0.66666669","0.33333334","0","0","0","0","0","0","1","0","0","0","0","0","7","0","0","0","0","0","0","0","0","0","0"
"CH/S-D","30","11","8","4","3008","1","0","0","4","4","1","0","1","0","47","33","80","1","0","1","1","1","0","0","0","0","0","0","0","0","0","0","0","0","1","0","0","0","0","0","3","0","0","0","0","0","0","0","0","0","0"
"CH/S-D","30","12","8","3","3008","1","0","0","3","3","1","1","1","0","40","40","80","1","1","1","1","1","0","0","0","0","0","0","0","0","0","0","0","0","1","0","0","0","0","0","6","0","0","0","0","0","0","0","0","0","0"
"CH/S-D","30","13","8","2","3008","1","0","0","2","2","1","0","1","0","33","47","80","1","0","1","1","1","0","0","0","0","0","0","0","0","0","0","0","0","1","0","0","0","0","0","3","0","0","0","0","0","0","0","0","0","0"
"CH/S-D","30","14","8","3","3008","1","0","0","3","3","1","1","1","0","40","40","80","1","1","1","1","1","0","0","0","0","0","0","0","0","0","0","0","0","1","0","0","0","0","0","2","0","0","0","0","0","0","0","0","0","0"
"CH/S-D","30","15","8","1","3008","1","0","0","1","1","1","0","1","0","26","54","80","1","0","1","1","1","0","0","1","0","0","0","0","0","0","0","0","0","1","0","0","0","0","0","11","0","0","0","0","0","0","0","0","0","0"
"CH/S-D","30","16","8","5","3008","1","0","0","5","5","1","0","1","0","54","26","80","1","0","1","1","1","0","0","0.5","0.33333334","0","0","0","0","0","0","0","0","1","0","0","0","0","0","8","0","0","0","0","0","0","0","0","0","0"
"CH/S-D","30","17","8","3","3008","1","0","0","3","3","1","1","1","0","40","40","80","1","1","1","1","1","0","0","0","0","0","0","0","0","0","0","0","0","1","0","0","0","0","0","2","0","0","0","0","0","0","0","0","0","0"
"CH/S-D","30","18","8","3","3008","1","0","0","3","3","1","1","1","0","40","40","80","0.5","0.5","0.5","0.5","1","0","0","0","0","0","0","0","0","0","0","0","0","1","0","0","0","0","0","10","0","0","0","0","0","0","0","0","0","0"
"CH/S-D","31","1","8","3","3108","1","0","0","5","5","1","0","0","1","46","18","64","1","0","0","0","1","0","0.66666669","0","0.33333334","0.66666669","0.33333334","0","0","0","0","0","0","1","0","0","0","0","0","8","0","0","0","0","0","0","0","0","0","0"
"CH/S-D","31","2","8","3","3108","1","0","0","4","4","1","0","0","1","43","29","72","1","0","0","0","1","0","0.33333334","0","0.33333334","0","0.33333334","0","0","0","0","0","0","1","0","0","0","0","0","5","0","0","0","0","0","0","0","0","0","0"
"CH/S-D","31","3","8","5","3108","1","0","0","5","5","1","0","1","0","54","26","80","1","0","1","1","1","0","0.33333334","0.5","0.33333334","0","0","0","0","0","0","0","0","1","0","0","0","0","0","6","0","0","0","0","0","0","0","0","0","0"
"CH/S-D","31","4","8","2","3108","1","0","0","2","2","1","0","1","0","33","47","80","1","0","1","1","1","0","0","0","0.66666669","0","0","0","0","0","0","0","0","1","0","0","0","0","0","6","0","0","0","0","0","0","0","0","0","0"
"CH/S-D","31","5","8","4","3108","1","0","0","4","4","1","0","1","0","47","33","80","1","0","1","1","1","0","0","0","0.33333334","0","0","0","0","0","0","0","0","1","0","0","0","0","0","5","0","0","0","0","0","0","0","0","0","0"
"CH/S-D","31","6","8","1","3108","1","0","0","1","1","1","0","1","0","26","54","80","1","0","1","1","1","0","0","1","0","0","0.66666669","0","0","0","0","0","0","1","0","0","0","0","0","6","0","0","0","0","0","0","0","0","0","0"
"CH/S-D","31","7","8","2","3108","1","0","0","2","2","1","0","1","0","33","47","80","1","0","1","1","1","0","0","0","0","0","0","0","0","0","0","0","0","1","0","0","0","0","0","2","0","0","0","0","0","0","0","0","0","0"
"CH/S-D","31","8","8","3","3108","1","0","0","3","3","1","1","1","0","40","40","80","1","1","1","1","1","0.33333334","0","0","0","0.66666669","0.66666669","0","0","0","0","0","0","1","0","0","0","0","0","7","0","0","0","0","0","0","0","0","0","0"
"CH/S-D","31","9","8","1","3108","1","0","0","1","1","1","0","1","0","26","54","80","1","0","1","1","1","0","0","0","0.33333334","0","0","0","0","0","0","0","0","1","0","0","0","0","0","6","0","0","0","0","0","0","0","0","0","0"
"CH/S-D","31","10","8","5","3108","1","0","0","5","5","1","0","1","0","54","26","80","1","0","1","1","1","0","0","1","0.33333334","0","0.33333334","0","0","0","0","0","0","1","0","0","0","0","0","10","0","0","0","0","0","0","0","0","0","0"
"CH/S-D","31","11","8","4","3108","1","0","0","4","4","1","0","1","0","47","33","80","1","0","1","1","1","0","0","0","0.33333334","0","0","0","0","0","0","0","0","1","0","0","0","0","0","13","0","0","0","0","0","0","0","0","0","0"
"CH/S-D","31","12","8","3","3108","1","0","0","3","3","1","1","1","0","40","40","80","1","1","1","0","0","0","0.33333334","0.5","0.33333334","1","0.33333334","0","0","0","0","0","0","1","0","0","0","0","0","13","0","0","0","0","0","0","0","0","0","0"
"CH/S-D","31","13","8","2","3108","1","0","0","2","2","1","0","1","0","33","47","80","1","0","1","1","0","0","0.33333334","1","0.33333334","0","0.66666669","0","0","0","0","0","0","1","0","0","0","0","0","7","0","0","0","0","0","0","0","0","0","0"
"CH/S-D","31","14","8","3","3108","1","0","0","3","3","1","1","1","0","40","40","80","1","1","1","1","1","0","0.33333334","1","0.33333334","1","0.66666669","0","0","0","0","0","0","1","0","0","0","0","0","11","0","0","0","0","0","0","0","0","0","0"
"CH/S-D","31","15","8","1","3108","1","0","0","3","3","1","1","0","0","32","32","64","1","1","0","0","1","0","0.33333334","0.5","0.33333334","0.33333334","0.66666669","0","0","0","0","0","0","1","0","0","0","0","0","17","0","0","0","0","0","0","0","0","0","0"
"CH/S-D","31","16","8","5","3108","1","0","0","5","3","0","0","0","0","26","4","30","1","1","1","1","0","0.33333334","0.66666669","1","0.33333334","0.33333334","0.66666669","0","0","0","0","0","0","1","0","0","0","0","0","16","0","0","0","0","0","0","0","0","0","0"
"CH/S-D","31","17","8","3","3108","1","0","0","3","3","1","1","1","0","40","40","80","1","1","1","1","0","0","0.66666669","0.5","0","0.66666669","1","0","0","0","0","0","0","1","0","0","0","0","0","13","0","0","0","0","0","0","0","0","0","0"
"CH/S-D","31","18","8","3","3108","1","0","0","3","3","1","1","1","0","40","40","80","1","1","1","1","1","0","0","0","0.66666669","0","0.66666669","0","0","0","0","0","0","1","0","0","0","0","0","16","0","0","0","0","0","0","0","0","0","0"
"CH-MC","32","1","8","3","3208","0","0","1","1","1","1","0","0","1","18","46","64","0","0","0","0","0","0","0","1","0","0","0","0","1","1","0","0","0","0","0","1","0","0","0","3","0","0","0","0","0","0","0","0","0","0"
"CH-MC","32","2","8","3","3208","0","0","1","5","5","1","0","0","1","46","18","64","1","1","1","0","0.5","0.33333334","0","1","0","1","0.33333334","0","0","0","0","0","0","1","0","0","0","0","7","10","0","0","0","0","0","0","0","0","0","0"
"CH-MC","32","3","8","5","3208","0","0","1","5","5","1","0","1","0","54","26","80","1","1","1","0","1","0.33333334","1","0.5","0.33333334","0.66666669","0.66666669","0","1","1","0","0","0","0","1","0","0","0","1","11","0","0","0","0","0","0","0","0","0","0"
"CH-MC","32","4","8","2","3208","0","0","1","2","2","1","0","1","0","33","47","80","1","1","1","1","1","0.33333334","1","1","0","0","0","1","1","1","0","0","0","0","0","1","0","0","2","11","0","0","0","0","0","0","0","0","0","0"
"CH-MC","32","5","8","4","3208","0","0","1","3","3","1","1","0","0","36","36","72","1","1","1","0","1","0","1","0.5","0","0.33333334","0.33333334","0","0.5","0.5","0","0","0","0.5","0","0.5","0","0","7","9","0","0","0","0","0","0","0","0","0","0"
"CH-MC","32","6","8","1","3208","0","0","1","1","1","1","0","1","0","26","54","80","1","1","0.5","0.5","1","0","1","1","0","0","0.33333334","0","1","1","0","0","0","0","0","1","0","0","3","6","0","0","0","0","0","0","0","0","0","0"
"CH-MC","32","7","8","2","3208","0","0","1","3","3","1","1","0","0","36","36","72","1","1","0","0","1","0","1","1","0","0.66666669","0.33333334","0","1","1","0","0","0","0","0","1","0","0","5","17","0","0","0","0","0","0","0","0","0","0"
"CH-MC","32","8","8","3","3208","0","0","1","3","3","1","1","1","0","40","40","80","1","1","1","0.5","1","0","0","0","0.33333334","0","0","0","1","1","0","0","0","0","0","1","0","0","4","13","0","0","0","0","0","0","0","0","0","0"
"CH-MC","32","9","8","1","3208","0","0","1","3","3","1","1","0","0","32","32","64","1","1","0","0","1","0","0","0","0","0","0","0","1","1","0","0","0","0","0","1","0","0","4","5","0","0","0","0","0","0","0","0","0","0"
"CH-MC","32","10","8","5","3208","0","0","1","3","3","1","1","0","0","32","32","64","1","1","0","0","1","0","0","0","0.66666669","0","0.33333334","0","1","1","0","0","0","0","0","1","0","0","4","5","0","0","0","0","0","0","0","0","0","0"
"CH-MC","32","11","8","4","3208","0","0","1","4","4","1","0","1","0","47","33","80","1","1","1","1","1","0","1","1","0","0.66666669","0.33333334","0","1","1","0","0","0","0","0","1","0","0","5","11","0","0","0","0","0","0","0","0","0","0"
"CH-MC","32","12","8","3","3208","0","0","1","3","3","1","1","1","0","40","40","80","1","1","1","1","1","0","0","0","0","0","0","0","1","1","0","0","0","0","1","1","0","0","1","4","0","0","0","0","0","0","0","0","0","0"
"CH-MC","32","13","8","2","3208","0","0","1","2","2","1","0","1","0","33","47","80","1","0","1","0","1","0","1","0.5","0","0","0.33333334","0","1","1","0","0","0","0","1","0","0","0","4","14","0","0","0","0","0","0","0","0","0","0"
"CH-MC","32","14","8","3","3208","0","0","1","3","3","1","1","1","0","40","40","80","1","1","1","1","0.5","0","0","0","0","0","0","0","1","1","0","0","0","0","0.5","1","0","0","1","4","0","0","0","0","0","0","0","0","0","0"
"CH-MC","32","15","8","1","3208","0","0","1","2","2","1","0","0","1","29","43","72","1","0","0","0","0.5","0","0","0.5","0","0.33333334","0.66666669","0","1","1","0","0","0","0","0","1","0","0","2","16","0","0","0","0","0","0","0","0","0","0"
"CH-MC","32","16","8","5","3208","0","0","1","5","5","1","0","1","0","54","26","80","1","0","1","0","1","0","0.66666669","0.5","0","0","0.33333334","0","1","1","0","0","0","0","1","1","0","0","3","12","0","0","0","0","0","0","0","0","0","0"
"CH-MC","32","17","8","3","3208","0","0","1","3","3","1","1","1","0","40","40","80","1","1","1","1","1","0","0.66666669","0","0","0","0.66666669","0","1","1","0","0","0","0","0","1","0","0","3","18","0","0","0","0","0","0","0","0","0","0"
"CH-MC","32","18","8","3","3208","0","0","1","3","3","1","1","1","0","40","40","80","1","1","1","1","0.5","0","0.66666669","0","0","0","0","0","1","1","0","0","0","0","1","1","0","0","2","7","0","0","0","0","0","0","0","0","0","0"
"CH-MC","33","1","8","3","3308","0","0","1","1","1","1","0","0","1","18","46","64","1","0","0","0","1","0","0","0","1","0.33333334","0","0","0","0","0","0","0","1","0","0","0","0","4","9","0","0","0","0","0","0","0","0","0","0"
"CH-MC","33","2","8","3","3308","0","0","1","1","1","1","0","0","1","18","46","64","1","0","0","0","0","0","0.66666669","1","1","0.33333334","0.66666669","1","1","1","0","0","0","0","1","1","0","0","11","17","0","0","0","0","0","0","0","0","0","0"
"CH-MC","33","3","8","5","3308","0","0","1","5","5","1","0","1","0","54","26","80","1","1","1","0.5","1","0","0.66666669","0","1","0","0.66666669","1","1","1","0","0","0","0","1","0","0","0","9","16","0","0","0","0","0","0","0","0","0","0"
"CH-MC","33","4","8","2","3308","0","0","1","3","3","1","1","0","0","36","36","72","1","1","1","0","0.5","0.33333334","0.66666669","1","0.66666669","0","0.66666669","1","0","0","0","0","0","1","0","0","0","0","9","12","0","0","0","0","0","0","0","0","0","0"
"CH-MC","33","5","8","4","3308","0","0","1","4","4","1","0","1","0","47","33","80","1","0","1","1","0.5","0.33333334","1","0.5","0.66666669","0.33333334","0.66666669","1","1","1","0","0","0","0","1","1","0","0","8","15","0","0","0","0","0","0","0","0","0","0"
"CH-MC","33","6","8","1","3308","0","0","1","1","1","1","0","1","0","26","54","80","1","0","1","0","1","0","0.66666669","0.5","0","0","0","0","1","1","0","0","0","0","0","1","0","0","7","11","0","0","0","0","0","0","0","0","0","0"
"CH-MC","33","7","8","2","3308","0","0","1","2","2","1","0","1","0","33","47","80","1","0","1","1","0.5","0","0.66666669","1","0","0","0","1","1","1","0","0","0","0","1","1","0","0","3","10","0","0","0","0","0","0","0","0","0","0"
"CH-MC","33","8","8","3","3308","0","0","1","3","3","1","1","1","0","40","40","80","1","1","1","1","1","0","0","0","0","0","0","1","1","1","0","0","0","0","0","1","0","0","4","5","0","0","0","0","0","0","0","0","0","0"
"CH-MC","33","9","8","1","3308","0","0","1","1","1","1","0","1","0","26","54","80","1","0","1","1","0.5","0","0.66666669","0","0","0","0","1","1","1","0","0","0","0","0","1","0","0","3","4","0","0","0","0","0","0","0","0","0","0"
"CH-MC","33","10","8","5","3308","0","0","1","4","4","1","0","0","1","43","29","72","1","1","1","0","0","0","1","1","0.33333334","0.33333334","0.33333334","1","1","1","0","0","0","0","0","1","0","0","7","11","0","0","0","0","0","0","0","0","0","0"
"CH-MC","33","11","8","4","3308","0","0","1","4","4","1","0","1","0","47","33","80","1","1","1","1","1","0","0.66666669","0.5","0","0","0.66666669","0","1","1","0","0","0","0","1","0","0","0","5","25","0","0","0","0","0","0","0","0","0","0"
"CH-MC","33","12","8","3","3308","0","0","1","3","3","1","1","1","0","40","40","80","1","1","1","1","0.5","0","0.33333334","0","0","0","0.33333334","1","1","1","0","0","0","0","1","0","0","0","5","21","0","0","0","0","0","0","0","0","0","0"
"CH-MC","33","13","8","2","3308","0","0","1","2","2","1","0","1","0","33","47","80","1","1","1","1","0.5","0","0.33333334","0","0.33333334","0","0","1","1","1","0","0","0","0","0","1","0","0","8","20","0","0","0","0","0","0","0","0","0","0"
"CH-MC","33","14","8","3","3308","0","0","1","3","3","1","1","1","0","40","40","80","1","1","1","1","0.5","0","0","0","0.66666669","0.33333334","0.33333334","1","1","1","0","0","0","0","0","1","0","0","4","7","0","0","0","0","0","0","0","0","0","0"
"CH-MC","33","15","8","1","3308","0","0","1","1","1","1","0","1","0","26","54","80","1","0","1","1","0.5","0","0.66666669","1","0","0","0.33333334","0.5","1","1","0","0","0","0","0","1","0","0","8","22","0","0","0","0","0","0","0","0","0","0"
"CH-MC","33","16","8","5","3308","0","0","1","5","5","1","0","1","0","54","26","80","1","0","1","1","0.5","0","0.33333334","0","0","0","0","1","1","1","0","0","0","0","0","1","0","0","4","13","0","0","0","0","0","0","0","0","0","0"
"CH-MC","33","17","8","3","3308","0","0","1","3","3","1","1","1","0","40","40","80","1","1","1","1","1","0","0","0","0","0","0.33333334","0","1","1","0","0","0","0","0","1","0","0","10","18","0","0","0","0","0","0","0","0","0","0"
"CH-MC","33","18","8","3","3308","0","0","1","3","3","1","1","1","0","40","40","80","1","1","1","1","0.5","0","0","0","0.33333334","0","0.33333334","1","1","1","1","1","0.33333334","0","0","1","1","0","10","23","0","0","0","0","0","0","0","0","0","0"
"CH-MC","34","1","8","3","3408","0","0","1","3","3","1","1","1","0","40","40","80","1","1","1","1","1","0","0","0.5","0","0","0","1","1","1","0","0","0","0","1","0","0","0","2","5","0","0","0","0","0","0","0","0","0","0"
"CH-MC","34","2","8","3","3408","0","0","1","1","1","1","0","0","1","18","46","64","0.5","0","0","0","0.5","0","0","0","0.66666669","0.33333334","0.33333334","0","0","0","0","0","0","1","0","0","0","0","4","3","0","0","0","0","0","0","0","0","0","0"
"CH-MC","34","3","8","5","3408","0","0","1","3","3","1","1","0","0","32","32","64","1","1","1","0","1","0","0","0","0.33333334","0","0.33333334","0","1","1","0","0","0","0","1","0","0","0","8","9","0","0","0","0","0","0","0","0","0","0"
"CH-MC","34","4","8","2","3408","0","0","1","3","3","1","1","0","0","36","36","72","1","1","0","0","1","0","0","0","0","0","0","1","1","1","0","0","0","0","1","1","0","0","3","9","0","0","0","0","0","0","0","0","0","0"
"CH-MC","34","5","8","4","3408","0","0","1","4","4","1","0","1","0","47","33","80","1","0","1","1","1","0","1","0.5","0.33333334","0","0","1","1","1","0","0","0","0","1","0","0","0","9","7","0","0","0","0","0","0","0","0","0","0"
"CH-MC","34","6","8","1","3408","0","0","1","3","3","1","1","0","0","32","32","64","1","1","1","0","1","0","0.66666669","1","0","0","0","0","1","1","0","0","0","0","1","0","0","0","7","9","0","0","0","0","0","0","0","0","0","0"
"CH-MC","34","7","8","2","3408","0","0","1","3","3","1","1","0","0","36","36","72","1","1","1","0","1","0","0.66666669","1","0.33333334","0.66666669","0.33333334","0","1","1","0","0","0","0","1","0","0","0","5","12","0","0","0","0","0","0","0","0","0","0"
"CH-MC","34","8","8","3","3408","0","0","1","3","3","1","1","1","0","40","40","80","1","1","1","1","1","0","0","0.5","0.66666669","0","0.33333334","0","1","1","0","0","0","0","1","0","0","0","2","6","0","0","0","0","0","0","0","0","0","0"
"CH-MC","34","9","8","1","3408","0","0","1","3","3","1","1","0","0","32","32","64","1","1","0","0","1","0","0.33333334","0","0","0","0","0","1","1","0","0","0","0","1","1","0","0","3","7","0","0","0","0","0","0","0","0","0","0"
"CH-MC","34","10","8","5","3408","0","0","1","5","5","1","0","1","0","54","26","80","1","1","1","1","1","0.33333334","1","0.5","0","0.33333334","1","1","1","1","0","0","0","0","1","0","0","0","9","11","0","0","0","0","0","0","0","0","0","0"
"CH-MC","34","11","8","4","3408","0","0","1","4","4","1","0","1","0","47","33","80","1","0","1","1","1","0","0","1","0","0","0","0","1","1","0","0","0","0","1","0","0","0","2","4","0","0","0","0","0","0","0","0","0","0"
"CH-MC","34","12","8","3","3408","0","0","1","3","3","1","1","1","0","40","40","80","1","1","1","1","1","0","0","0","0","0","0","0","1","1","0","0","0","0","0","1","0","0","5","5","0","0","0","0","0","0","0","0","0","0"
"CH-MC","34","13","8","2","3408","0","0","1","2","2","1","0","1","0","33","47","80","1","0","1","1","1","0","0.33333334","0","0.33333334","0.33333334","1","0","1","1","0","0","0","0","1","1","0","0","10","16","0","0","0","0","0","0","0","0","0","0"
"CH-MC","34","14","8","3","3408","0","0","1","3","3","1","1","1","0","40","40","80","1","1","1","1","1","0","0.66666669","1","0","0","0.33333334","0","1","1","0","0","0","0","0","1","0","0","8","10","0","0","0","0","0","0","0","0","0","0"
"CH-MC","34","15","8","1","3408","0","0","1","1","1","1","0","1","0","26","54","80","1","0","1","1","0.5","0","0.66666669","0.5","0","0","0.66666669","0","1","1","0","0","0","0","1","1","0","0","9","17","0","0","0","0","0","0","0","0","0","0"
"CH-MC","34","16","8","5","3408","0","0","1","4","4","1","0","0","1","43","29","72","1","0","0","0","1","0","1","0.5","0","0","0","0","1","1","0","0","0","0","0","1","0","0","4","15","0","0","0","0","0","0","0","0","0","0"
"CH-MC","34","17","8","3","3408","0","0","1","2","2","1","0","0","1","29","43","72","1","0","0","0","1","0","1","0.5","0","0","0.66666669","0","1","1","0","0","0","0","1","1","0","0","11","16","0","0","0","0","0","0","0","0","0","0"
"CH-MC","34","18","8","3","3408","0","0","1","3","3","1","1","1","0","40","40","80","1","1","1","1","1","0","1","0","0","0","0","0","1","1","0","0","0","0","0","1","0","0","16","24","0","0","0","0","0","0","0","0","0","0"
"CH/A-D","35","1","9","1","91","0","1","0","5","3","0","0","0","0","10","4","14","0","0","0","0","0","0","0","0","0","0.33333334","0","0","0","0","0","0","0","1","0","0","0","0","1","1","0","0","0","0","0","0","0","0.33333334","0","0"
"CH/A-D","35","2","9","4","91","0","1","0","5","5","1","0","0","1","50","22","72","1","0","0","0","0.5","0","0","0","0","0","0.33333334","1","1","1","0","0","0","0","1","0","0","0","4","3","0","0","0.5","0","0","0","0","0","0","1"
"CH/A-D","35","3","9","4","91","0","1","0","4","4","1","0","1","0","47","33","80","1","1","1","1","1","0","1","0","0","0","0.33333334","1","1","1","0","0","0","0","1","0","0","0","4","6","1","0","1","0","1","0","0","0","0","1"
"CH/A-D","35","4","9","5","91","0","1","0","5","5","1","0","1","0","54","26","80","1","1","1","0","1","0","1","0","0","0","0.66666669","1","1","1","0","0","0","0","1","0","0","0","3","5","1","0","0","0","1","0","0","0","0.66666669","1"
"CH/A-D","35","5","9","1","91","0","1","0","1","1","1","0","1","0","26","54","80","1","1","1","1","1","0","1","0","0","0","0","1","1","1","0","0","0","0","1","0","0","0","5","9","0.5","0","0","0","1","0","0","0","0","1"
"CH/A-D","35","6","9","2","91","0","1","0","3","3","1","1","0","0","36","36","72","1","1","1","0","1","0.33333334","1","0","0","0","0.66666669","0","0.5","0.5","0","0","0","0","0","0.5","0","0","3","5","0.5","0.5","1","0","1","0","0","0","0.66666669","0"
"CH/A-D","35","7","9","3","91","0","1","0","3","3","1","1","1","0","40","40","80","1","1","1","1","1","0","0.66666669","0","0","0.33333334","0.66666669","0","1","1","0","0","0","0","0","1","0","0","3","9","0","0","1","0","0","0","0","0","0.66666669","0"
"CH/A-D","35","8","9","3","91","0","1","0","3","3","1","1","1","0","40","40","80","1","1","1","1","1","0","0","0","0","0","0","0","0","0","0","0","0","1","0","0","0","0","0","3","0","0","0","0","0","0","0","0","0","0"
"CH/A-D","35","9","9","4","91","0","1","0","3","3","1","1","0","0","36","36","72","0.5","0.5","0","0","0","0","0.66666669","0","0","0","0.66666669","0","0.5","0.5","0","0","0","0","0","0.5","0","0","4","4","0","0","0","0","0.66666669","0","0","0","0.66666669","0"
"CH/A-D","35","10","9","5","91","0","1","0","3","3","1","1","0","0","32","32","64","1","1","0","0","1","0","0.66666669","0","0","0.66666669","0.66666669","0","0","0","0","0","0","1","0","0","0","0","5","8","1","0","0","0","0.66666669","0","0","0.66666669","0.66666669","0"
"CH/A-D","35","11","9","2","91","0","1","0","3","3","1","1","0","0","36","36","72","0","0","0","0","0","0","0","0.33333334","0","0","0","1","1","1","0","0","0","0","0","1","0","0","4","6","0","0","0","0","0","0","0","0","0","1"
"CH/A-D","35","12","9","3","91","0","1","0","3","3","1","1","1","0","40","40","80","0","0","0","0","0","0","0","0","0.66666669","0.33333334","0.66666669","0","1","1","0","0","0","0","0","1","0","0","5","7","0","0","0","0","0","0","0","0.33333334","0.66666669","0"
"CH/A-D","35","13","9","1","91","0","1","0","3","3","1","1","0","0","32","32","64","0","0","0","0","0","0","0","0","0","0","0","0","0","0","0","0","0","1","0","0","0","0","4","4","0","0","0","0","0","0","0","0","0","0"
"CH/A-D","35","14","9","5","91","0","1","0","3","3","1","1","0","0","32","32","64","0","0","0","0","0","0","0","0","0","0","0","0","0","0","0","0","0","1","0","0","0","0","10","5","0","0","0","0","0","0","0","0","0","0"
"CH/A-D","35","15","9","4","91","0","1","0","3","3","1","1","0","0","36","36","72","1","1","0","0","1","0","0","0","0","0","0","0","0","0","0","0","0","1","0","0","0","0","7","5","1","0","0","0","0","0","0","0","0","0"
"CH/A-D","35","16","9","2","91","0","1","0","3","3","1","1","0","0","36","36","72","0.5","0.5","0","0","0","0","0","0","0","0","0","0","0","0","0","0","0","1","0","0","0","0","2","1","0","0","0","0","0","0","0","0","0","0"
"CH/A-D","35","17","9","2","91","0","1","0","3","3","1","1","0","0","36","36","72","0","0","0","0","0","0","0","0","0","0","0","0","0","0","0","0","0","1","0","0","0","0","3","4","0","0","0","0","0","0","0","0","0","0"
"CH/A-D","35","18","9","3","91","0","1","0","3","3","1","1","1","0","40","40","80","0","0","0","0","0","0","0","0","0","0","0","0","0","0","0","0","0","1","0","0","0","0","1","3","0","0","0","0","0","0","0","0","0","0"
"CH/A-D","36","1","9","1","92","0","1","0","1","2","0","0","0","0","12","29","41","0.5","0","0","0","0","0","0.66666669","0","0","0","0","0","0","0","0","0","0","1","0","0","0","0","2","3","0","0","0","0","0","0","0","0","0","0"
"CH/A-D","36","2","9","4","92","0","1","0","5","4","0","0","0","0","36","19","55","0.5","0","0.5","0.5","0","0.33333334","0.66666669","0.33333334","0.66666669","0.66666669","0.66666669","1","0","0","0","0","0","1","0","0","0","0","5","6","0","0","0","0","0.66666669","0","0.66666669","0.66666669","0","1"
"CH/A-D","36","3","9","4","92","0","1","0","5","5","1","0","0","1","50","22","72","1","0","0","0","1","0","0","0","0","0","0","0","1","1","0","0","0","0","1","0","0","0","1","8","0","0","0","0","0","0","0","0","0","0"
"CH/A-D","36","4","9","5","92","0","1","0","5","5","1","0","1","0","54","26","80","1","0","0.5","0.5","0.5","0","0","0","0","0","0","0","1","1","0","0","0","0","1","0","0","0","3","4","0","0.5","0.5","0","0","0","0","0","0","0"
"CH/A-D","36","5","9","1","92","0","1","0","3","3","1","1","0","0","32","32","64","1","1","1","0","1","0","0.66666669","0","0","0","0.66666669","1","1","0.5","0","0","0","0","0.5","0.5","0","0","7","9","1","0","0","0","0","0","0","0","0","1"
"CH/A-D","36","6","9","2","92","0","1","0","3","3","1","1","0","0","36","36","72","1","1","1","0","0.5","0","0.66666669","1","0","0","0.66666669","0","1","1","0","0","0","0","1","1","0","0","4","7","1","1","0.5","0","0","0","0","0","0.66666669","0"
"CH/A-D","36","7","9","3","92","0","1","0","3","3","1","1","1","0","40","40","80","1","1","1","1","1","0","0","0","0","0","0","0","1","1","0","0","0","0","0","1","0","0","3","6","0","1","1","0","0","0","0","0","0","0"
"CH/A-D","36","8","9","3","92","0","1","0","3","3","1","1","1","0","40","40","80","1","1","1","1","1","0","0","0","0","0","0","0","1","1","0","0","0","0","1","1","0","0","3","7","0","0","0","0","0","0","0","0","0","0"
"CH/A-D","36","9","9","4","92","0","1","0","4","4","1","0","1","0","47","33","80","1","1","1","1","1","0","0","1","0","0","0.33333334","0","1","1","0","0","0","0","1","1","0","0","4","7","1","0","1","0","0","0","0","0","0","0"
"CH/A-D","36","10","9","5","92","0","1","0","5","5","1","0","1","0","54","26","80","1","0","1","1","1","0","0.33333334","1","0","0","0.66666669","0","1","1","0","0","0","0","1","1","0","0","5","13","0.5","0.5","1","0","0","0.66666669","0","0","0.66666669","0"
"CH/A-D","36","11","9","2","92","0","1","0","2","2","1","0","1","0","33","47","80","1","1","1","1","1","0","0.66666669","1","0","0","0.66666669","1","1","1","0","0","0","0","1","1","0","0","2","8","0","0.5","0","0","0","1","0","0","0.66666669","1"
"CH/A-D","36","12","9","3","92","0","1","0","3","3","1","1","1","0","40","40","80","1","1","1","1","1","0","0","0","0","0","0","0","1","1","0","0","0","0","1","1","0","0","3","6","0","0","1","0","0","0","0","0","0","0"
"CH/A-D","36","13","9","1","92","0","1","0","2","2","1","0","0","1","29","43","72","1","0","0","0","1","0","0","0.33333334","0","0.33333334","0.66666669","0","1","1","0","0","0","0","1","0","0","0","3","10","0.5","0","0","0","0","0","0","0","0.66666669","0"
"CH/A-D","36","14","9","5","92","0","1","0","5","5","1","0","1","0","54","26","80","1","0","1","1","0.5","0","0","0","1","0","1","0","1","1","0","0","0","0","1","1","0","0","5","10","0","1","0","0","0","0","1","0","0","0"
"CH/A-D","36","15","9","4","92","0","1","0","4","4","1","0","1","0","47","33","80","1","0","1","1","0","0","0","0.33333334","0","0","0.66666669","0","1","1","0","0","0","0","1","0.5","0","0","1","4","0","0","0","0","0","0.33333334","0","0","0.66666669","0"
"CH/A-D","36","16","9","2","92","0","1","0","2","2","1","0","1","0","33","47","80","0.5","0","0.5","1","1","0","0","0","0","0","0","0","1","1","0","0","0","0","0","1","0","0","5","13","0","0","1","0","0","0","0","0","0","0"
"CH/A-D","36","17","9","2","92","0","1","0","2","2","1","0","1","0","33","47","80","1","0","1","1","0.5","0","0","0","0","0","0.33333334","0","1","1","0","0","0","0","0","1","0","0","5","8","0","0","0.5","0","0","0","0","0","0","0"
"CH/A-D","36","18","9","3","92","0","1","0","3","3","1","1","1","0","40","40","80","1","1","1","1","0.5","0","0","0","0","0","0.33333334","0","1","1","0","0","0","0","1","1","0","0","1","12","0","0.5","0.5","0","0","0","0","0","0","0"
"CH/A-D","37","1","9","1","93","0","1","0","3","3","1","1","0","0","32","32","64","0.5","0.5","0","0","0","0.66666669","0.66666669","1","0","0","0.66666669","0","0","0","0","0","0","1","0","0","0","0","0","7","0","0","0","0","0","0","0","0","0","0"
"CH/A-D","37","2","9","4","93","0","1","0","3","3","1","1","0","0","36","36","72","1","1","0","0","0","0","1","0.66666669","0","0","0.66666669","0","0","0","0","0","0","1","0","0","0","0","0","11","0","0","0","0","0","0","0","0","0","0"
"CH/A-D","37","3","9","4","93","0","1","0","4","4","1","0","1","0","47","33","80","1","0","1","1","0.5","0","1","1","0","0","0.66666669","0","0","0","0","0","0","1","0","0","0","0","0","8","0","0","0","0","0","0","0","0","0","0"
"CH/A-D","37","4","9","5","93","0","1","0","5","5","1","0","1","0","54","26","80","1","0","1","1","0.5","0","1","0","0","0","0.66666669","0","0","0","0","0","0","1","0","0","0","0","0","11","0","0","0","0","0","0","0","0","0","0"
"CH/A-D","37","5","9","1","93","0","1","0","1","1","1","0","1","0","26","54","80","0","0","0","0","0","0","0.66666669","0","0","0","0","0","1","1","0","0","0","0","0","1","0","0","2","6","0","0","0","0","0","0","0","0","0","0"
"CH/A-D","37","6","9","2","93","0","1","0","2","2","1","0","1","0","33","47","80","1","0","1","1","1","0.66666669","0.66666669","0.33333334","0","0","1","0","0","0","0","0","0","1","0","0","0","0","1","16","0","0","0","0","0","0","0","0","0","0"
"CH/A-D","37","7","9","3","93","0","1","0","3","3","1","1","1","0","40","40","80","1","1","1","1","1","0","0.66666669","0.66666669","0","0","0.66666669","0","0","0","0","0","0","1","0","0","0","0","0","6","0","0","0","0","0","0","0","0","0","0"
"CH/A-D","37","8","9","3","93","0","1","0","3","3","1","1","1","0","40","40","80","1","1","1","1","0","0","0","0","0","0","0","0","0","0","0","0","0","1","0","0","0","0","0","2","0","0","0","0","0","0","0","0","0","0"
"CH/A-D","37","9","9","4","93","0","1","0","5","4","0","0","0","0","36","19","55","1","0","1","1","0.5","0","0","0","0","0.66666669","0","0","0","0","0","0","0","1","0","0","0","0","2","11","0","0","0","0","0","0","0","0","0","0"
"CH/A-D","37","10","9","5","93","0","1","0","5","5","1","0","1","0","54","26","80","1","0","1","1","0.5","0","0.66666669","0.33333334","0","0","0.66666669","0","0","0","0","0","0","1","0","0","0","0","1","8","0","0","0","0","0","0","0","0","0","0"
"CH/A-D","37","11","9","2","93","0","1","0","2","2","1","0","1","0","33","47","80","1","0","1","1","1","0","0","0","0","0","0","0","0","0","0","0","0","1","0","0","0","0","0","2","0","0","0","0","0","0","0","0","0","0"
"CH/A-D","37","12","9","3","93","0","1","0","3","3","1","1","1","0","40","40","80","1","1","1","1","0.5","0","0.66666669","0","0","0","1","0","0","0","0","0","0","1","0","0","0","0","0","11","0","0","0","0","0","0","0","0","0","0"
"CH/A-D","37","13","9","1","93","0","1","0","1","1","1","0","1","0","26","54","80","1","0","1","1","0.5","0.66666669","0","1","0","0","0.66666669","0","0","0","0","0","0","1","0","0","0","0","1","8","0","0","0","0","0","0","0","0","0","0"
"CH/A-D","37","14","9","5","93","0","1","0","5","5","1","0","1","0","54","26","80","1","0","1","1","1","0","0","0","0","0","0","0","0","0","0","0","0","1","0","0","0","0","0","2","0","0","0","0","0","0","0","0","0","0"
"CH/A-D","37","15","9","4","93","0","1","0","4","4","1","0","1","0","47","33","80","1","0","1","1","0","0","0","0","0","0","0","0","0","0","0","0","0","1","0","0","0","0","2","11","0","0","0","0","0","0","0","0","0","0"
"CH/A-D","37","16","9","2","93","0","1","0","2","2","1","0","1","0","33","47","80","0","0","0","0","0","0","0","0","0","0","0","0","0","0","0","0","0","1","0","0","0","0","4","9","0","0","0","0","0","0","0","0","0","0"
"CH/A-D","37","17","9","2","93","0","1","0","2","2","1","0","1","0","33","47","80","0","0","0","0","0","0","0","0","0","0","0","0","0","0","0","0","0","1","0","0","0","0","3","10","0","0","0","0","0","0","0","0","0","0"
"CH/A-D","37","18","9","3","93","0","1","0","3","3","1","1","1","0","40","40","80","0","0","0","0","0","0","0","0","0","0","0","0","0","0","0","0","0","1","0","0","0","0","5","10","0","0","0","0","0","0","0","0","0","0"
"CH/S-D","29","1","9","1","2909","1","0","0","4","3","0","0","0","0","21","18","39","1","1","0","0","1","0.33333334","0.66666669","0","0.66666669","0","0","0","0","0","0","0","0","1","0","0","0","0","0","9","0","0","0","0","0","0","0","0","0","0"
"CH/S-D","29","2","9","4","2909","1","0","0","5","3","0","0","0","0","22","8","30","1","1","0","0","1","0","0","0","0.33333334","0","0","0","0","0","0","0","0","1","0","0","0","0","0","10","0","0","0","0","0","0","0","0","0","0"
"CH/S-D","29","3","9","4","2909","1","0","0","3","1","0","0","0","0","8","14","22","1","0","0","0","1","0","0.33333334","1","0.66666669","0.33333334","0.33333334","0","0","0","0","0","0","1","0","0","0","0","0","16","0","0","0","0","0","0","0","0","0","0"
"CH/S-D","29","4","9","5","2909","1","0","0","4","2","0","0","0","0","15","7","22","1","0","0","0","1","0","0","0.5","0.66666669","0","0.33333334","0","0","0","0","0","0","1","0","0","0","0","0","10","0","0","0","0","0","0","0","0","0","0"
"CH/S-D","29","5","9","1","2909","1","0","0","3","3","1","1","0","0","32","32","64","1","1","0.5","0","1","0","0","0","0.66666669","0","0.33333334","0","0","0","0","0","0","1","0","0","0","0","0","9","0","0","0","0","0","0","0","0","0","0"
"CH/S-D","29","6","9","2","2909","1","0","0","3","3","1","1","0","0","36","36","72","1","1","0","0","1","0","0","0","0.33333334","0","0.33333334","0","0","0","0","0","0","1","0","0","0","0","0","5","0","0","0","0","0","0","0","0","0","0"
"CH/S-D","29","7","9","3","2909","1","0","0","1","1","1","0","0","1","18","46","64","1","1","1","0","1","0","0.66666669","1","0.66666669","0.66666669","0.66666669","0","0","0","0","0","0","1","0","0","0","0","0","15","0","0","0","0","0","0","0","0","0","0"
"CH/S-D","29","8","9","3","2909","1","0","0","4","4","1","0","0","1","43","29","72","1","1","1","0","1","0.33333334","0.66666669","0.5","0.33333334","0.33333334","0.33333334","0","0","0","0","0","0","1","0","0","0","0","0","13","0","0","0","0","0","0","0","0","0","0"
"CH/S-D","29","9","9","4","2909","1","0","0","2","2","1","0","0","1","25","39","64","1","0","0","0","1","0.33333334","0.66666669","1","0","0","0","0","0","0","0","0","0","1","0","0","0","0","0","13","0","0","0","0","0","0","0","0","0","0"
"CH/S-D","29","10","9","5","2909","1","0","0","4","4","1","0","0","1","43","29","72","1","0","0","0","1","0","1","1","0.66666669","0.66666669","0.33333334","0","0","0","0","0","0","1","0","0","0","0","0","20","0","0","0","0","0","0","0","0","0","0"
"CH/S-D","29","11","9","2","2909","1","0","0","1","1","1","0","0","1","22","50","72","1","0","1","0","1","0","1","0.5","0","0","0","0","0","0","0","0","0","1","0","0","0","0","0","13","0","0","0","0","0","0","0","0","0","0"
"CH/S-D","29","12","9","3","2909","1","0","0","4","4","1","0","0","1","43","29","72","1","0","0","0","1","0","0","0","0","0","0","0","0","0","0","0","0","1","0","0","0","0","0","4","0","0","0","0","0","0","0","0","0","0"
"CH/S-D","29","13","9","1","2909","1","0","0","2","2","1","0","0","1","29","43","72","1","0","1","0","1","0","0","0","0","0","0","0","0","0","0","0","0","1","0","0","0","0","0","8","0","0","0","0","0","0","0","0","0","0"
"CH/S-D","29","14","9","5","2909","1","0","0","4","4","1","0","0","1","43","29","72","1","0","0","0","1","0","0.66666669","0.5","0","0","0.33333334","0","0","0","0","0","0","1","0","0","0","0","0","4","0","0","0","0","0","0","0","0","0","0"
"CH/S-D","29","15","9","4","2909","1","0","0","2","2","1","0","0","1","25","39","64","1","0","0","0","1","0","0","0","0","0.33333334","0","0","0","0","0","0","0","1","0","0","0","0","0","10","0","0","0","0","0","0","0","0","0","0"
"CH/S-D","29","16","9","2","2909","1","0","0","4","4","1","0","0","1","39","25","64","1","0","0","0","1","0","1","0.5","0","0","0","0","0","0","0","0","0","1","0","0","0","0","0","14","0","0","0","0","0","0","0","0","0","0"
"CH/S-D","29","17","9","2","2909","1","0","0","2","2","1","0","1","0","33","47","80","1","1","1","1","1","0","0.66666669","0.5","0","0","0","0","0","0","0","0","0","1","0","0","0","0","0","8","0","0","0","0","0","0","0","0","0","0"
"CH/S-D","29","18","9","3","2909","1","0","0","4","4","1","0","0","1","43","29","72","1","0","0","0","1","0","0","0","0","0","0","0","0","0","0","0","0","1","0","0","0","0","0","2","0","0","0","0","0","0","0","0","0","0"
"CH/S-D","30","1","9","1","3009","1","0","0","1","1","1","0","1","0","26","54","80","1","0","1","1","1","0","0","0","0.66666669","0","0","0","0","0","0","0","0","1","0","0","0","0","0","10","0","0","0","0","0","0","0","0","0","0"
"CH/S-D","30","2","9","4","3009","1","0","0","3","5","0","0","0","0","8","-6","2","1","0","0","0","1","0","0.66666669","1","0.66666669","0","0.33333334","0","0","0","0","0","0","1","0","0","0","0","0","15","0","0","0","0","0","0","0","0","0","0"
"CH/S-D","30","3","9","4","3009","1","0","0","3","1","0","0","0","0","8","14","22","1","0.5","0","0","0","0","0.33333334","0","0.33333334","1","0.66666669","0","0","0","0","0","0","1","0","0","0","0","0","15","0","0","0","0","0","0","0","0","0","0"
"CH/S-D","30","4","9","5","3009","1","0","0","3","3","1","1","0","0","32","32","64","1","1","0","0","0.5","0","0.66666669","0","0.66666669","0.66666669","0.66666669","0","0","0","0","0","0","1","0","0","0","0","0","29","0","0","0","0","0","0","0","0","0","0"
"CH/S-D","30","5","9","1","3009","1","0","0","3","3","1","1","0","0","32","32","64","1","1","0","0","0.5","0.33333334","0","0","0","0.66666669","0.33333334","0","0","0","0","0","0","1","0","0","0","0","0","15","0","0","0","0","0","0","0","0","0","0"
"CH/S-D","30","6","9","2","3009","1","0","0","3","3","1","1","0","0","36","36","72","0.5","0.5","0","0","0","0","0","0.5","1","0.33333334","0.33333334","0","0","0","0","0","0","1","0","0","0","0","0","10","0","0","0","0","0","0","0","0","0","0"
"CH/S-D","30","7","9","3","3009","1","0","0","3","3","1","1","1","0","40","40","80","1","1","1","0.5","0","0","0.66666669","0.5","0.66666669","0.66666669","0.66666669","0","0","0","0","0","0","1","0","0","0","0","0","20","0","0","0","0","0","0","0","0","0","0"
"CH/S-D","30","8","9","3","3009","1","0","0","3","3","1","1","1","0","40","40","80","0.5","0.5","0.5","0.5","1","0.33333334","0","0.5","1","0.33333334","0.66666669","0","0","0","0","0","0","1","0","0","0","0","0","22","0","0","0","0","0","0","0","0","0","0"
"CH/S-D","30","9","9","4","3009","1","0","0","4","4","1","0","1","0","47","33","80","1","0.5","1","1","1","0","0.66666669","1","0.33333334","0","0.33333334","0","0","0","0","0","0","1","0","0","0","0","0","11","0","0","0","0","0","0","0","0","0","0"
"CH/S-D","30","10","9","5","3009","1","0","0","3","3","1","1","0","0","32","32","64","1","1","0","0","1","0","1","1","0.33333334","0","0.33333334","0","0","0","0","0","0","1","0","0","0","0","0","14","0","0","0","0","0","0","0","0","0","0"
"CH/S-D","30","11","9","2","3009","1","0","0","2","2","1","0","1","0","33","47","80","1","0","1","1","1","0","0.66666669","1","1","0.66666669","1","0","0","0","0","0","0","1","0","0","0","0","0","19","0","0","0","0","0","0","0","0","0","0"
"CH/S-D","30","12","9","3","3009","1","0","0","3","3","1","1","1","0","40","40","80","1","1","1","0.5","1","0","0","0.5","0","0","0","0","0","0","0","0","0","1","0","0","0","0","0","17","0","0","0","0","0","0","0","0","0","0"
"CH/S-D","30","13","9","1","3009","1","0","0","1","1","1","0","1","0","26","54","80","1","0","1","1","1","0","0.33333334","1","0.33333334","0.33333334","0.66666669","0","0","0","0","0","0","1","0","0","0","0","0","22","0","0","0","0","0","0","0","0","0","0"
"CH/S-D","30","14","9","5","3009","1","0","0","5","5","1","0","1","0","54","26","80","1","0","1","1","1","0","0.33333334","0","0.66666669","0","0.33333334","0","0","0","0","0","0","1","0","0","0","0","0","16","0","0","0","0","0","0","0","0","0","0"
"CH/S-D","30","15","9","4","3009","1","0","0","4","4","1","0","1","0","47","33","80","1","0","1","1","1","0","0.33333334","1","0.33333334","0","0.33333334","0","0","0","0","0","0","1","0","0","0","0","0","20","0","0","0","0","0","0","0","0","0","0"
"CH/S-D","30","16","9","2","3009","1","0","0","2","2","1","0","1","0","33","47","80","1","0","1","1","1","0.33333334","0.66666669","0.5","0","0.33333334","1","0","0","0","0","0","0","1","0","0","0","0","0","17","0","0","0","0","0","0","0","0","0","0"
"CH/S-D","30","17","9","2","3009","1","0","0","3","3","1","1","0","0","36","36","72","1","1","1","0","1","0","1","0.5","0.33333334","0","0.66666669","0","0","0","0","0","0","1","0","0","0","0","0","19","0","0","0","0","0","0","0","0","0","0"
"CH/S-D","30","18","9","3","3009","1","0","0","3","3","1","1","1","0","40","40","80","1","1","1","1","1","0","0","0","1","0.33333334","0.33333334","0","0","0","0","0","0","1","0","0","0","0","0","17","0","0","0","0","0","0","0","0","0","0"
"CH/S-D","31","1","9","1","3109","1","0","0","2","1","0","0","0","0","15","40","55","1","0","1","1","1","0.33333334","0.66666669","1","0.33333334","0","0.66666669","0","0","0","0","0","0","1","0","0","0","0","0","11","0","0","0","0","0","0","0","0","0","0"
"CH/S-D","31","2","9","4","3109","1","0","0","3","3","1","1","0","0","36","36","72","1","1","0","0","1","0","0.66666669","0.5","0","0","0.33333334","0","0","0","0","0","0","1","0","0","0","0","0","4","0","0","0","0","0","0","0","0","0","0"
"CH/S-D","31","3","9","4","3109","1","0","0","3","3","1","1","0","0","36","36","72","1","1","0","0","1","0","0.66666669","0","0","0.33333334","0.33333334","0","0","0","0","0","0","1","0","0","0","0","0","15","0","0","0","0","0","0","0","0","0","0"
"CH/S-D","31","4","9","5","3109","1","0","0","3","3","1","1","0","0","32","32","64","0.5","0.5","0.5","0","0.5","0","0.33333334","0.5","0.33333334","0.33333334","0.33333334","0","0","0","0","0","0","1","0","0","0","0","0","15","0","0","0","0","0","0","0","0","0","0"
"CH/S-D","31","5","9","1","3109","1","0","0","3","2","0","0","0","0","18","29","47","1","1","0","0","1","0","0","0","0.33333334","0.33333334","0.33333334","0","0","0","0","0","0","1","0","0","0","0","0","18","0","0","0","0","0","0","0","0","0","0"
"CH/S-D","31","6","9","2","3109","1","0","0","3","3","1","1","0","0","36","36","72","1","1","0","0","1","0","0","0","0","0","0.66666669","0","0","0","0","0","0","1","0","0","0","0","0","24","0","0","0","0","0","0","0","0","0","0"
"CH/S-D","31","7","9","3","3109","1","0","0","3","3","1","1","1","0","40","40","80","1","1","1","1","1","0","0","0.5","0.33333334","0","0.66666669","0","0","0","0","0","0","1","0","0","0","0","0","27","0","0","0","0","0","0","0","0","0","0"
"CH/S-D","31","8","9","3","3109","1","0","0","3","3","1","1","1","0","40","40","80","1","1","1","1","1","0","0","1","0.33333334","0","0.33333334","0","0","0","0","0","0","1","0","0","0","0","0","21","0","0","0","0","0","0","0","0","0","0"
"CH/S-D","31","9","9","4","3109","1","0","0","3","3","1","1","0","0","36","36","72","1","1","0","0","1","0","0","0","0.33333334","0","0","0","0","0","0","0","0","1","0","0","0","0","0","30","0","0","0","0","0","0","0","0","0","0"
"CH/S-D","31","10","9","5","3109","1","0","0","3","3","1","1","0","0","32","32","64","1","1","0","0","1","0","0.33333334","0.5","0.33333334","0","0.66666669","0","0","0","0","0","0","1","0","0","0","0","0","19","0","0","0","0","0","0","0","0","0","0"
"CH/S-D","31","11","9","2","3109","1","0","0","2","2","1","0","1","0","33","47","80","1","1","1","0.5","1","0","0","1","0","0","0","0","0","0","0","0","0","1","0","0","0","0","0","20","0","0","0","0","0","0","0","0","0","0"
"CH/S-D","31","12","9","3","3109","1","0","0","3","3","1","1","1","0","40","40","80","1","1","1","1","1","0","0.33333334","1","0","0.33333334","0.66666669","0","0","0","0","0","0","1","0","0","0","0","0","17","0","0","0","0","0","0","0","0","0","0"
"CH/S-D","31","13","9","1","3109","1","0","0","3","3","1","1","0","0","32","32","64","1","1","0","0","1","0","0.66666669","1","0","0.33333334","0.33333334","0","0","0","0","0","0","1","0","0","0","0","0","14","0","0","0","0","0","0","0","0","0","0"
"CH/S-D","31","14","9","5","3109","1","0","0","4","4","1","0","0","1","43","29","72","1","0","0","0","1","0","0","0.5","0","0","0.66666669","0","0","0","0","0","0","1","0","0","0","0","0","16","0","0","0","0","0","0","0","0","0","0"
"CH/S-D","31","15","9","4","3109","1","0","0","3","3","1","1","0","0","36","36","72","1","1","0","0","1","0","0.33333334","1","0","0","0.66666669","0","0","0","0","0","0","1","0","0","0","0","0","16","0","0","0","0","0","0","0","0","0","0"
"CH/S-D","31","16","9","2","3109","1","0","0","2","2","1","0","1","0","33","47","80","0.5","0","0.5","0.5","1","0","0.33333334","1","0","0","0.33333334","0","0","0","0","0","0","1","0","0","0","0","0","22","0","0","0","0","0","0","0","0","0","0"
"CH/S-D","31","17","9","2","3109","1","0","0","3","3","1","1","0","0","36","36","72","1","1","0","0","1","0","0","1","0","0","0.33333334","0","0","0","0","0","0","1","0","0","0","0","0","33","0","0","0","0","0","0","0","0","0","0"
"CH/S-D","31","18","9","3","3109","1","0","0","4","4","1","0","0","1","43","29","72","1","0","0","0","1","0","0.66666669","0","0.33333334","0","0","0","0","0","0","0","0","1","0","0","0","0","0","25","0","0","0","0","0","0","0","0","0","0"
"CH-MC","32","1","9","1","3209","0","0","1","4","1","0","0","0","0","-7","12","5","0","0","0","0","0","0","0","0","0","0","0","1","1","1","0","0","0","0","0","1","0","0","2","2","0","0","0","0","0","0","0","0","0","0"
"CH-MC","32","2","9","4","3209","0","0","1","4","4","1","0","1","0","47","33","80","1","0","1","1","1","0","0","0","0.66666669","0.33333334","0.66666669","1","1","1","0","0","0","0","1","1","0","0","5","9","0","0","0","0","0","0","0","0","0","0"
"CH-MC","32","3","9","4","3209","0","0","1","4","4","1","0","1","0","47","33","80","0.5","0","0.5","0.5","0.5","0","0","1","0.66666669","0","0.66666669","0","1","1","0","0","0","0","1","1","0","0","5","7","0","0","0","0","0","0","0","0","0","0"
"CH-MC","32","4","9","5","3209","0","0","1","5","5","1","0","1","0","54","26","80","1","0","1","1","1","0","0.66666669","1","0","0","0.33333334","0","1","1","0","0","0","0","1","1","0","0","4","8","0","0","0","0","0","0","0","0","0","0"
"CH-MC","32","5","9","1","3209","0","0","1","2","2","1","0","0","1","29","43","72","1","0","1","1","1","0","0","1","0.33333334","1","0.66666669","0","1","1","0","0","0","0","1","0","0","0","9","6","0","0","0","0","0","0","0","0","0","0"
"CH-MC","32","6","9","2","3209","0","0","1","2","2","1","0","1","0","33","47","80","0.5","0","0.5","0.5","0.5","0","0","0","0.33333334","0","0.33333334","0","1","1","0","0","0","0","1","1","0","0","2","7","0","0","0","0","0","0","0","0","0","0"
"CH-MC","32","7","9","3","3209","0","0","1","3","3","1","1","1","0","40","40","80","0","0","0","0","1","0","0","0","0","0","0.33333334","0","1","1","0","0","0","0","1","1","0","0","2","4","0","0","0","0","0","0","0","0","0","0"
"CH-MC","32","8","9","3","3209","0","0","1","3","3","1","1","1","0","40","40","80","0.5","0.5","0.5","0.5","0.5","0","0","0","0.33333334","0","0.66666669","0","1","1","0","0","0","0","1","1","0","0","2","6","0","0","0","0","0","0","0","0","0","0"
"CH-MC","32","9","9","4","3209","0","0","1","4","4","1","0","1","0","47","33","80","0","0","0","0","0","0","0","0","0","0","0","0","1","1","0","0","0","0","1","1","0","0","2","2","0","0","0","0","0","0","0","0","0","0"
"CH-MC","32","10","9","5","3209","0","0","1","5","5","1","0","1","0","54","26","80","1","0","1","1","1","0.33333334","0","0","0","0.33333334","0.33333334","0","1","1","0","0","0","0","1","1","0","0","2","7","0","0","0","0","0","0","0","0","0","0"
"CH-MC","32","11","9","2","3209","0","0","1","2","2","1","0","1","0","33","47","80","0.5","0","0.5","0.5","1","0","0","0","0","0","0.33333334","0","0.5","0.5","0","0","0","0.5","0.5","0.5","0","0","1","3","0","0","0","0","0","0","0","0","0","0"
"CH-MC","32","12","9","3","3209","0","0","1","3","3","1","1","1","0","40","40","80","0.5","0.5","0.5","0.5","1","0","0","0","0","0","0.33333334","0","0.5","0.5","0","0","0","0.5","0.5","0.5","0","0","1","3","0","0","0","0","0","0","0","0","0","0"
"CH-MC","32","13","9","1","3209","0","0","1","1","1","1","0","1","0","26","54","80","0.5","0","0.5","0.5","0.5","0","0.33333334","0.5","0","0","1","0","1","1","0","0","0","0","1","0","0","0","2","11","0","0","0","0","0","0","0","0","0","0"
"CH-MC","32","14","9","5","3209","0","0","1","5","5","1","0","1","0","54","26","80","0.5","0","0.5","0.5","1","0","0.33333334","0.5","0","0","0.33333334","0","1","1","0","0","0","0","1","0","0","0","4","7","0","0","0","0","0","0","0","0","0","0"
"CH-MC","32","15","9","4","3209","0","0","1","4","4","1","0","1","0","47","33","80","0.5","0","0.5","0.5","0.5","0","0","0","0","0","0.33333334","0","0.5","0.5","0","0","0","0.5","0.5","0.5","0","0","5","7","0","0","0","0","0","0","0","0","0","0"
"CH-MC","32","16","9","2","3209","0","0","1","2","2","1","0","1","0","33","47","80","0.5","0","0.5","0.5","1","0","0","0","0.33333334","0","0.33333334","0","0.5","0.5","0","0","0","0.5","0.5","0.5","0","0","3","6","0","0","0","0","0","0","0","0","0","0"
"CH-MC","32","17","9","2","3209","0","0","1","2","2","1","0","1","0","33","47","80","0.5","0","0.5","0.5","0.5","0","0.33333334","0","0","0","0","0","0.5","0.5","0","0","0","0.5","0.5","0.5","0","0","4","6","0","0","0","0","0","0","0","0","0","0"
"CH-MC","32","18","9","3","3209","0","0","1","3","3","1","1","1","0","40","40","80","0.5","0.5","0.5","0.5","1","0","0","0","0","0","0.33333334","0","0.5","0.5","0","0","0","0.5","0.5","0.5","0","0","5","10","0","0","0","0","0","0","0","0","0","0"
"CH-MC","33","1","9","1","3309","0","0","1","3","3","1","1","0","0","32","32","64","0","0","0","0","0","0","0","0","0","0","0","0","0","0","0","0","0","1","0","0","0","0","0","0","0","0","0","0","0","0","0","0","0","0"
"CH-MC","33","2","9","4","3309","0","0","1","3","3","1","1","0","0","36","36","72","1","1","0","0","0.5","0.33333334","0","1","0.33333334","0","0.66666669","0","0","0","0","0","0","1","0","0","0","0","4","4","0","0","0","0","0","0","0","0","0","0"
"CH-MC","33","3","9","4","3309","0","0","1","2","2","1","0","0","1","25","39","64","1","0.5","0","0","0","0","0","0","0.33333334","0","0.66666669","0","1","1","0","0","0","0","1","0","0","0","5","8","0","0","0","0","0","0","0","0","0","0"
"CH-MC","33","4","9","5","3309","0","0","1","5","5","1","0","1","0","54","26","80","1","0","1","1","1","0","0","0.5","0.66666669","0.33333334","0.66666669","1","1","1","0","0","0","0","0.5","1","0","0","3","12","0","0","0","0","0","0","0","0","0","0"
"CH-MC","33","5","9","1","3309","0","0","1","1","1","1","0","1","0","26","54","80","1","0","1","0","0","0","1","0","0","0.33333334","0.66666669","1","1","1","0","0","0","0","1","1","0","0","5","7","0","0","0","0","0","0","0","0","0","0"
"CH-MC","33","6","9","2","3309","0","0","1","2","2","1","0","1","0","33","47","80","1","0","1","1","0.5","0","1","0","1","0","0.33333334","0","1","1","0","0","0","0","0","1","0","0","2","6","0","0","0","0","0","0","0","0","0","0"
"CH-MC","33","7","9","3","3309","0","0","1","3","3","1","1","1","0","40","40","80","1","1","1","1","0.5","0","0","0.5","0.33333334","0","0","1","1","1","0","0","0","0","1","0","0","0","4","4","0","0","0","0","0","0","0","0","0","0"
"CH-MC","33","8","9","3","3309","0","0","1","3","3","1","1","1","0","40","40","80","1","1","1","1","1","0","0","0","0.66666669","0","0.66666669","1","1","1","1","1","0.66666669","0","1","1","1","0","3","9","0","0","0","0","0","0","0","0","0","0"
"CH-MC","33","9","9","4","3309","0","0","1","4","4","1","0","1","0","47","33","80","1","0","1","1","1","0","0.66666669","0.5","0","0.33333334","0.33333334","0","0.5","0.5","0","0","0","0.5","0.5","0","0","0","3","4","0","0","0","0","0","0","0","0","0","0"
"CH-MC","33","10","9","5","3309","0","0","1","5","5","1","0","1","0","54","26","80","1","1","1","0","0","0","1","0","0.66666669","0","0.66666669","1","1","1","0","0","0","0","0","1","0","0","5","6","0","0","0","0","0","0","0","0","0","0"
"CH-MC","33","11","9","2","3309","0","0","1","2","2","1","0","1","0","33","47","80","1","0","1","1","0","0","0","0","0","0","1","1","1","1","1","1","0.33333334","0","0","1","1","0","3","7","0","0","0","0","0","0","0","0","0","0"
"CH-MC","33","12","9","3","3309","0","0","1","3","3","1","1","1","0","40","40","80","1","1","1","1","0","0","0","0","0","0","0","1","1","1","0","0","0","0","0","1","0","0","2","2","0","0","0","0","0","0","0","0","0","0"
"CH-MC","33","13","9","1","3309","0","0","1","1","1","1","0","1","0","26","54","80","1","0","1","0","0","0","0","0","0","0","0","0","1","1","1","1","0.66666669","0","0","1","1","0","0","8","0","0","0","0","0","0","0","0","0","0"
"CH-MC","33","14","9","5","3309","0","0","1","5","5","1","0","1","0","54","26","80","1","0","1","1","0","0","0","0","0","0","0","0.5","1","1","0","0","0","0","1","0.5","0","0","2","8","0","0","0","0","0","0","0","0","0","0"
"CH-MC","33","15","9","4","3309","0","0","1","4","4","1","0","1","0","47","33","80","1","0","1","1","0","0","1","0","0","0","0.33333334","0","1","1","0","0","0","0","1","1","0","0","3","11","0","0","0","0","0","0","0","0","0","0"
"CH-MC","33","16","9","2","3309","0","0","1","2","2","1","0","1","0","33","47","80","0","0","0","0","0","0.33333334","0.33333334","0.5","0","0.33333334","0","0","1","1","0","0","0","0","0","1","0","0","0","10","0","0","0","0","0","0","0","0","0","0"
"CH-MC","33","17","9","2","3309","0","0","1","2","2","1","0","1","0","33","47","80","0","0","0","0","0","0","0.33333334","1","0","0","0.33333334","0","1","1","0.5","0.5","0.33333334","0","0","1","0.5","0","0","18","0","0","0","0","0","0","0","0","0","0"
"CH-MC","33","18","9","3","3309","0","0","1","3","3","1","1","1","0","40","40","80","0","0","0","0","0","0","1","0","0","0","0.66666669","0","1","1","0.5","0.5","0.66666669","0","1","1","0.5","0","2","24","0","0","0","0","0","0","0","0","0","0"
"CH-MC","34","1","9","1","3409","0","0","1","5","5","1","0","0","1","38","10","48","1","0","0","0","1","0","0","0","0","0","0","0","0.5","0","0.5","0","0","0.5","0","0","0.5","0","2","4","0","0","0","0","0","0","0","0","0","0"
"CH-MC","34","2","9","4","3409","0","0","1","5","5","1","0","0","1","50","22","72","0.5","0","0","0","0","0","0.66666669","0.5","1","0.66666669","0.66666669","0.5","0","0","0","0","0","1","0","0","0","0","7","11","0","0","0","0","0","0","0","0","0","0"
"CH-MC","34","3","9","4","3409","0","0","1","2","2","1","0","0","1","25","39","64","1","0","0","0","1","0","0.33333334","0.5","0.33333334","0.33333334","0.66666669","0","0.5","0.5","0","0","0","0.5","0.5","0","0","0","6","10","0","0","0","0","0","0","0","0","0","0"
"CH-MC","34","4","9","5","3409","0","0","1","3","3","1","1","0","0","32","32","64","1","1","0","0","1","0","1","0.5","0.66666669","0","0.66666669","0","0","0","0","0","0","1","0","0","0","0","7","9","0","0","0","0","0","0","0","0","0","0"
"CH-MC","34","5","9","1","3409","0","0","1","2","2","1","0","0","1","29","43","72","1","0","0","0","0","0.33333334","0","0","0.66666669","0","0.33333334","0","0","0","0","0","0","1","0","0","0","0","5","9","0","0","0","0","0","0","0","0","0","0"
"CH-MC","34","6","9","2","3409","0","0","1","2","2","1","0","1","0","33","47","80","1","1","1","1","0","0","0.66666669","0","0","0","0","0","0","0","0","0","0","1","0","0","0","0","5","7","0","0","0","0","0","0","0","0","0","0"
"CH-MC","34","7","9","3","3409","0","0","1","3","3","1","1","1","0","40","40","80","1","1","1","0","0.5","0","0","0","0","0","0","0","0","0","0","0","0","1","0","0","0","0","1","2","0","0","0","0","0","0","0","0","0","0"
"CH-MC","34","8","9","3","3409","0","0","1","3","3","1","1","1","0","40","40","80","1","1","1","0.5","1","0","0.33333334","1","0","0","0.33333334","0","0","0","0","0","0","1","0","0","0","0","3","5","0","0","0","0","0","0","0","0","0","0"
"CH-MC","34","9","9","4","3409","0","0","1","3","3","1","1","0","0","36","36","72","1","1","1","0","0.5","0.33333334","0.33333334","0","0","0","0.33333334","0","0","0","0","0","0","1","0","0","0","0","5","11","0","0","0","0","0","0","0","0","0","0"
"CH-MC","34","10","9","5","3409","0","0","1","3","3","1","1","0","0","32","32","64","1","1","0","0","0.5","0","0.66666669","0.5","0.66666669","0","1","0.5","0","0","0","0","0.33333334","1","0","0","0","0","4","7","0","0","0","0","0","0","0","0","0","0"
"CH-MC","34","11","9","2","3409","0","0","1","3","3","1","1","0","0","36","36","72","0","0","0","0","0","0","0.66666669","0","0.33333334","0.33333334","1","0","0","0","0","0","0","1","0","0","0","0","5","6","0","0","0","0","0","0","0","0","0","0"
"CH-MC","34","12","9","3","3409","0","0","1","3","3","1","1","1","0","40","40","80","1","1","1","1","0.5","0","0","0","0","0","0.33333334","0","0","0","0","0","0","1","0","0","0","0","3","2","0","0","0","0","0","0","0","0","0","0"
"CH-MC","34","13","9","1","3409","0","0","1","1","1","1","0","1","0","26","54","80","0","0","0","0","0","0","0","0","0","0","0","0.5","1","1","0","0","0","0","1","0","0","0","3","2","0","0","0","0","0","0","0","0","0","0"
"CH-MC","34","14","9","5","3409","0","0","1","5","5","1","0","1","0","54","26","80","1","1","1","0","1","0.33333334","0","0","0.33333334","0","0.33333334","1","1","1","0","0","0","0","1","1","0","0","11","9","0","0","0","0","0","0","0","0","0","0"
"CH-MC","34","15","9","4","3409","0","0","1","3","3","1","1","0","0","36","36","72","1","1","1","0","1","0","1","0","0.33333334","0","0","1","0.5","0.5","0","0","0","0.5","0.5","0","0","0","8","8","0","0","0","0","0","0","0","0","0","0"
"CH-MC","34","16","9","2","3409","0","0","1","2","2","1","0","1","0","33","47","80","1","1","1","0","1","0","1","0.5","0","0","0.33333334","0","1","1","0","0","0","0","0.5","1","0","0","4","14","0","0","0","0","0","0","0","0","0","0"
"CH-MC","34","17","9","2","3409","0","0","1","3","3","1","1","0","0","36","36","72","1","1","1","1","1","0","0.66666669","0","0","0","0.66666669","0","1","1","0","0","0","0","0","1","0","0","4","10","0","0","0","0","0","0","0","0","0","0"
"CH-MC","34","18","9","3","3409","0","0","1","3","3","1","1","1","0","40","40","80","1","1","1","1","1","0","0","0","0","0","0","1","1","1","0","0","0","0","0","1","0","0","3","3","0","0","0","0","0","0","0","0","0","0"