any_suggestion,suggest_safe ,suggest_efficient,agree_proposal,discuss_coordinte,discuss_fairness,discuss_efficient,discuss_rules,explanation,discuss_howtoplay,ask_game,receive_report,truthful,falsehood,contradict,neither_report,original_message
1.0,0.0,1.0,1.0,0.5,1.0,0.5,0.0,1.0,0.5,0.0,0.0,0.0,0.0,0.0,1.0,"1; f3/2; pero son 54 y 26/2; que es lo mismo si elegimos 40/2; son 80/2; decidamos/1; ha habido un momento que yo he ganado 50 y tu 26 y luego te ha tocado lo mismo y has cogido tu 50 y yo 26 tb/1; lo que quieras/2; vale/2; el a se estara aburriendo maximo/2; jajajaja/1; jajajaj ademas de verdad/1; pero y lo que va a ganar?/1; no 3 como tu antes/2; c1 y f1/1; yo creo que f3/2; claro , o ganas tu más o ganamos igual XD/1; cuando toque juego 1 ponemos f1 y c1 y compensa/2; pero no sabes cuando va a salir/2; esa esa/2; ganamos todos/2; el A mas/0; c3 f3/1; vale/1; sii esa/1; C3 F3/1; lo he mirado ahora/1; c3 f3?/1; pero lo que quieras/0; c2 f2/1; me da igual/2; vale va/2; pues esa/1; va/2; que asi comenso un poco/2; que en la ronda una tengo 8 puntos y 10/1; valee/2; que vais a escoger"
1.0,0.0,1.0,1.0,0.0,0.0,1.0,0.0,0.5,0.0,1.0,1.0,0.0,1.0,0.0,0.0,"1; HOLA/2; hola/1; z/1; Y TU?/2; c2/2; bien?/1; perfecto/2; hoola/2; el bloque 1/1; hola/1; c1?/1; c4f4/2; entonces gano yo ahora 50?/1; ?/2; correee/1; la siguiente/1; mira/1; fijate/2; yaa/1; ahora si, ve a por el de 50/2; peeerf/1; se pensaban que habíamos hecho trampas jaja que susto tú/2; que?/2; eeeh/2; ya lo he pillado/1; jajaj que pasa?/2; tenemos que coger el que sume 80 siempre/2; o si no sale/1; quedan 7 rondas/2; antes has ganado tu , ahora quiero ganar yo/1; no querias ganar?/2; c3 y f3/1; f3 c3?/0; perfecto/1; esa esa/2; asi asi juego en equipo/2; buah te vas a forrar A/2; vale va c3 f3 sui no hay mejor/1; por eso/0; cual/2; por 3 puntos me da igual/2; c4 c4/0; c4 f4 entonces/1; 4 4/1; columna 4 fila 4/2; yo solo tengo tres filas/0; que juego vas a escoger?/1; 4/1; el juego es el 4 por defecto/0; vale/1; la columna 4 y la fila 4 es el que mas nos beneficia/0; que vais a marcar?/1; el juego es el 2"
1.0,0.0,1.0,1.0,1.0,1.0,1.0,0.0,1.0,1.0,0.0,1.0,1.0,0.0,0.0,0.0,"1; di tu primero/2; c1/1; f1/2; vale bien/1; mejor la f5/2; ya estaba decidido jajaj/2; si/1; f3/2; ganas mas con el f1/1; c3-f2 esta bien/2; uuuf/2; que miedo/2; jajajajja/1; en el bloque c5/2; ajajaja/1; por?/2; un poco tarde ya/2; porque es la suma mas alta/1; entonces que/2; ahora ya no, no?/1; me da uq eno/1; iguales?/2; okey , estamos deacuerdo/1; menosmal :P/2; c1/1; f1/1; mira tengo una teoria/2; iluminame/1; en el juego 1 f1 c1 ganas tu/1; juego dos f2 c2 ganas mas tu/2; jajaja/2; BUENA/0; bien jugada/1; vamos/0; sigamos/1; pues esa/0; por ahira c3 f3/1; si/2; leugo hacemos una/2; esque hacer eso compensa si luego lo hacemos al reves/2; si/1; vale pues ya estmos iguales/2; tenemos q ir haciendo eso q se va turnando/1; columna4 fila 4/0; valeç/0; siempre lo mismo?/1; no/1; mira las variantes/1; hay que ver que nos sume el maximo de puntos a cada uno/1; para poder tener mas ganancias/0; vale ya lo entiendo/1; en las casillas que haya negativo no le des/1; porque nos afecta y perdemos dinero/1; el juego es el 5/2; fila 4/1; columna 4 fila 4/2; si/0; si/1; ganamos todos"
1.0,0.0,1.0,1.0,0.0,0.5,1.0,0.0,1.0,0.5,1.0,1.0,1.0,0.0,0.0,0.0,"2; qué mal xd/2; c3 y f3?/1; jaja esque el A se nos desmadra/1; f5/2; c3 y f3 ganamos mas/1; vañe/1; vale*/2; ok/1; vamos bien, no?/2; si jajaj/2; es mejor el c2 f2/1; c3-f3/2; para ambos/2; vale c3 f3/1; f3-c3/1; son 32/2; no sabia a cual le ibas a dar/1; en el bloque c5f5 de cualquier juego gano yo y en ese mismo juego, en c1-f1 ganas tu/2; se/2; iguales?/1; perfecto/1; peroq/1; que sentido tiene/1; juego 3 empate/1; f3 c3/1; juego cuatro f4c4 gano yo/1; juego cinco f5c5 gano yo/1; f3 c3 buen/1; el A ganas mucho/1; o cual?/2; esa/1; el A se foora/1; forra/2; de 50 -30-80 y al reves/2; encima el A gana un poco mas tambn/1; ya/2; la siguiente tu o yo depende/1; pero si hay de iguales siempre renta tb/2; c3 f3/1; el juego es el 3/2; filas4/2; no/1; columna 4 fila 4/2; fila 3/0; 3/0; fila 3/2; c/2; columna 3/0; si"
1.0,0.0,0.5,1.0,0.5,0.0,0.5,0.0,0.5,0.0,1.0,1.0,0.0,1.0,0.0,0.0,"1; como antes? c3 f3?/2; me parece bien/1; el F siempre recibe menos/1; o sino cual?/2; recibimos lo mismo en esta/1; ya, ya/2; 32 cad uno/2; que antes he perdido 18 xd/1; jajajajajaja porq estabais despuntando/2; sii/1; para ambos/1; c3-f3 jajajaja siempre el mismo pero son 40/1; lo mismo/1; miralo/1; a ver si lo entiendes/2; c5f5? ganas otra vez mas/2; el que?/1; tener que ganar 80? si esos 80 no van para ti/2; ya, pero es como mas ganas/2; y si nos turnabamos/2; no?/2; no se, da igual, ya se ha acabado/2; jajaja/1; jajaja pues eso/2; cuanto habremos ganado?/1; poquito/2; ajajajajaja oke/2; okey/2; aceptamos barco/1; y es lo mismo solo dependemos del azar de las rondas que sangan/1; salgan/2; por mi esa/0; f3 c3/1; pues esa/0; defnitiva f3 c3/1; probemos mas por si acaso/0; vale/2; vale?/0; cual/0; el que me digais/2; spera/1; f2 c2?/1; no/1; espera/1; c3 f3/2; jajajaja/1; ole jajaj/0; vale/0; jajajjajaj/2; ya me lo se hasta de memoria/1; este si renta/2; si/1; fila 3 columna3/1; el juego es el 5/0; que juego es/0; 4 4?/1; columna 5 fila 5/2; fila 2 c 2/0; la 5-5/1; el 2 2 es menos puntos/1; 5-5 o 4-4"
1.0,0.0,1.0,1.0,0.5,1.0,1.0,0.0,1.0,0.5,0.0,0.0,0.0,0.0,0.0,1.0,"2; di fila jaja/1; bua no se/1; columna?/2; c3 f3?/2; otra vez xd/1; vale/1; aunque a la siguiente hay que quitarle al A/2; jajaja sii/2; igual hay un truco/1; seguramente/1; lo único que quien sea A, se lleva nuestra suma/2; ya, la goza/2; jajaja/2; y no hace nada/1; totalmente jajajaj c3-f3 siempre va a ser la misma cantidad/2; seguimos igual n?/1; mira el juego tres, mira f5-c5 y mira f1-c1/1; es el mismo dineor lo que pasa que una vez gana uno y otra otro, entiendes?/1; pero que sino gana esta tu mas/1; y vamos todas a lo mismo/2; entonces que propones?/1; lo que digas/1; por 0.02 ujajajaj/2; pues vaya/2; Hola/1; hola/2; Que vas a seleccionar ?/1; te parece bien f3/1; y c3/1; ganamos lo maximo/2; si/2; en cualquier caso , compensamos/1; si a eso me referia antes/1; f5c5?/2; okey/1; pero sino esa/2; a ver podemos pillar/0; venga/2; escucharme/2; f/0; va/2; podemos hacer una cosa/1; si/2; nos turmamos/2; porque anbtes/2; c4 c4/2; ganas tu mas/2; pero luego yo va/2; vale?/1; no hay ninguno que ggganemos igual?/2; c4 c4 mejor y au/2; este renta/0; nos sobra tiempo/2; esque es la q mas ganamos todos/1; si/0; jjajajajaja/1; vpy a ver/2; la proxima a ver como esta el tema/1; en los demas/2; 42464/2; porque siempre me toca a mi menos/2; asi se iguala mas/1; mejor/0; vale"
1.0,0.0,0.5,1.0,1.0,1.0,1.0,0.0,1.0,0.5,1.0,1.0,1.0,0.0,0.0,0.0,"1; le vamos a quitar a A?/2; si le quitamos a A/2; tambien perdemos nosotros jajaj/1; ya../1; que ponemos?/2; c2 f2 o c3 f3?/1; y xq no c4, f4?/2; c3f3/2; se acaba ek tiempo xd/2; no?*/1; sii, son 32, no esta mal/1; si vemos que en alguna de c3-f3 la cantidad es peque, podemos mirar otra cosa/2; en verdad te la puedo jugar y elegir otra/2; o tu/2; jaajja/1; solo nos llevamos 6 puntos de diferencia entre nosotros/1; ya ves/1; gana si quieres esta tu mas me da igual/1; jajajaj pero diii/2; vale/2; c1f1/1; oki/1; me llevas unos 20 puntos más tu/1; en esta podemos ir igual/2; vale/2; pero de que juego de los 5 ?/1; el 4/1; han selecccionado ellos/1; lo pone arriba/2; okey/2; es verdad/2; Hola/2; o c3 f3 ?/1; f5c5/1; que acabamos de hacer f1c1/2; asi ganamos lo mismo , realmente la idea es llevarnos el máximo de dinero/1; f3c3?/2; okey/1; a ver yo lo que digo es que si en lugar de llevarnos 30 y 30 dos veces que son 60 te llevas en una ronda 26 y otra 54 al final suman mas/2; interesante ..../1; aunque en la anterior hayas tenido que sacar 3 o 6 menos porque la otra persona saca 10 veces mas/2; si , tienes razón sr. F/1; esa es mi teoría../1; dome/2; habia una de 80-26.80/2; pero luego gano un poco mas yo/1; c3 f3/1; ganampos 36 los dos/1; mejor/2; a ver por 3 puntos/2; me da iguyal/2; sabes/0; c3 y f3 entonces/2; c4 c4 si quieres/0; uy/0; se acaba/0; jajajajajajaja/1; cuales son mejor/1; adelantando/2; no me acuerdo pero siempre pomgo/2; c2 c2/0; 42464/0; i la 3-3?/1; el juego es el 1/1; 4-4?/0; 2 2/2; 42432/1; 42432/0; vale/1; el juego es el 5/1; 4-4?/2; 42432/0; yo creo que 3-3/1; okay/0; y 5-5?/0; y luego ponemos una en la que el c gane mas"
1.0,0.0,0.0,1.0,0.5,0.0,0.5,0.0,0.5,0.5,0.0,1.0,1.0,0.0,0.0,0.0,"2; c2 f2?/2; que antes he ganado menos que tu jajaj/1; como?/1; c3 f2?/2; antes yo he ganado 18 y tu 29/2; f2 c2 ganamos mas que c3 f2/1; vale/2; f2 c2 entonces? jajaj/1; jajajajajaj no lo hagassss/2; jajajaja/2; la ultima lo hacemos/1; okay/1; 32-32, porque mi maximo aqqui son 38, asique da igual/2; porque a ti no te sale rentable/1; hola/2; hacemos c2/2; fila f2 ?/2; y ganamos los 2 lo máximo?/1; fila 4 yo gano mas/2; hola/1; hola/1; fila 4/1; sr c jajajaja/2; f1 c1/1; f1c1/2; esto es pura suerte y probabilidad , si ya tenemos una estrategia de juego/2; depende lo que salga/1; exacto/2; ya tenemos los resultados/2; pillamos cada vez uno 70 puntos/0; yo la que me digais/1; vale/0; va/0; cual/2; espera/1; bueno pues esa/2; c2 c2/2; ?/2; y luego ganas mas tu lo q veas/2; te dan 33/1; vale/2; no esta mal/1; pues ese y luego al reves/2; si es el 2/2; si es el 4/2; c4 c4/2; mas o menos asi/1; c3 f3/1; ?/1; el juego es el 2/2; 2-2?/1; 3-3?/0; y si ponemos uno que gane mucho la f y luego en la siguiente que gane3 el c?/1; podemos probar la tactica/2; vale pero queda ests y otra/0; probamos?/1; poned/1; 11/1; 42370/1; no/0; vale/1; 42402"
1.0,0.0,1.0,1.0,1.0,1.0,1.0,0.0,1.0,0.5,0.0,1.0,1.0,0.0,0.0,0.0,"2; la ultima xd/1; pff/1; que hacemos/2; c3 f3? ni para ti ni para mi xd/2; o que propones?/1; c3 f4 jajaja/1; que yo llevo menos/2; no tio/2; o tia xd/2; llevo yo menos/1; en total?/1; yo creo que no/2; yo diria que si/1; que tu antes has ganado 15 mas que yo/2; va c3 f3/1; y al principio tambien/2; por que en la primera has elegido esa?/1; no pillaba el juego/2; grande jajaja/2; claro/1; no, en esta no/1; las rentables son las de 50 jajaja/2; pero mira, el la ronda dos y tres yo he ganado 71 y si hieramos dado las dos veces a 36 serian 72/1; lo se/2; c4/1; o/1; fila 5/1; para ti son 3 menos/1; que la otra combinacion/1; f5 c5?/2; pero tu ganas mucho más ,/2; okey/1; eso a ti no te resta/1; ahora f3/1; aunque ojalá ser A/1; nos duplica siempre jajajajaj/2; si , quién se supone que es A ?/2; otra persona que no hace nada durante toda la sesión?/1; una persona que no hace nada/2; XD/1; exacto/2; q estamos viendo/1; c5 f5/2; c1 f2/1; y la proxima tu mas/2; vale/2; pero no dejamos a uno/2; con menos de 30/2; vale?/2; nono/2; c1 c1 o c2 c2/2; q ganas un poco menos/2; y luego comepnsa/1; un poquito mejor/2; y la proxima para la f/0; vale/1; perfecto/0; 2-2 entonces?/1; sii/2; mas igual/1; juego 2/0; 42464/1; 4-4?/1; vale/0; yo diria que si/2; o 3-3"
1.0,0.0,0.5,1.0,0.5,1.0,1.0,0.0,1.0,1.0,0.0,0.0,0.0,0.0,0.0,1.0,"2; hola/1; hola/1; c3 f3?/2; bien/1; los hacemos de forma que ganemos siempre lo mismo nosotros?/2; me parece lo más sensato jajaja/1; Genial/1; jaja sorry/1; te parecen bien 32?/1; no me he dado cuenta/2; que lioooo/1; y ganamos igual/1; con c3/2; okey/1; y tú ganas más que si cojo f4 o 5/2; tu vas a poner f3 no?/1; sii/2; y se lleva más que nosotros todo el rato ..../1; y se lleva el doble que nosotros que estamos aquí calentandonos la cabeza/2; es qu para que A pierda , tenemos que perder nosotros también/2; c1 y f1/1; f1c1/2; A se va a llevar un sobre con un fajo de billetes XD/2; jajajaja/1; ya ves/1; a la proxima me pido A/1; realmente lo peor es C/1; porque depende de F bastante/2; por?/2; los 2 dependemos de ambos/1; o cual/2; valre/0; cual/0; se acaba/2; asi sale rentable/1; vale/2; si no no sale/2; c2 c2?/2; es x 3 puntos/2; lo que he hecho antes/1; pon la f/1; vale/1; que el A se va a liar jajaja/0; pero es el que mas a la f/2; vale/1; es que la diferencia 3 3 es mas grande../0; cual entonces?/1; 4 4/0; vale/1; juego 4/1; 42464/2; fila 3 - columna 3/1; ?/2; para que este mas igual/0; yo pondria 4-4/1; si/0; y en la siguiente damos mas puntos al c/1; y hacemos lo de abtes/1; antes*/0; en al 5-5 es donde mas puntos gana f/1; si/0; ponemos esa?/2; vale"
1.0,0.0,1.0,1.0,1.0,1.0,1.0,0.0,1.0,0.0,0.0,0.0,0.0,0.0,0.0,1.0,"2; un momento xd/1; que crees que tiene que hacer A?/1; dime/2; no se ni si existe xd/2; c2 f2?/1; yo pienso igual jajajajaj/1; no, asi tu ganas mas/2; tu ganas 3 menos y yo 11 más xd/2; A otra ronda lo arreglamos al reves/2; e igual ganamos mas jajaj/1; no se yo si fiarme../2; que si que si jajaj/1; ok/2; lo que digas/2; ok?/1; mismo/2; va/1; pero luego quiero mi parte/1; jajaja/2; c2f2/2; si jajaj/2; a ver, si en esta por ejemplo gano yo mas y en la siguiente tu/2; salimos ganando los dos/1; pero es que en la primera has ganado tu mas que yo/1; me deberia de tocar a mi ganar mas/2; pues gana mas tu ahora/2; y yo en la siguiente/2; que lioteeee/2; jajajajajaja/1; totaaaal/2; jajajaja/1; esto es muy complicado :(/1; jajajajajaj/1; jajajaj a lo mismo?/2; okey , yo c3/1; ok/2; c3/1; cojo f5/2; y f3/2; f5?/1; si/2; entonces yo gano mucho menos/1; es que ahi hay bastante diferencia en mi color/2; c3 y f3 y ganamos lo mismo/2; para ganar o perder más/1; pero si yo elijo una fila/1; te llevas menos/1; aunque yo tb/1; f2c2/2; Hello otra vez/2; okey/1; ultima ronda/2; sip , un placer/2; hasta la próxima sr. F/1; igualmente sr C!/2; portate bien A/2; que filas vas a elegir?/2; y columna/2; noo/1; 5 5/0; c 2 f2/1; si/0; perfecto/2; a la larga asi ganamos pero con q la caguemos una ya no/1; vale ahora lo miramos bien/1; todo/2; okey/2; c3 c3/2; esa es clave/2; 40-40-80/1; vale va/1; ese/2; c2 c2 o c1 c1 la que quieras/0; y en la proxima el maximo para c/1; no el 4 4/1; es mas equitativo/1; para C/1; son solo 3 puntos para mi/1; 10 para C/1; juego 2/0; 2-2?/1; 2-2?/2; vale/0; yo diria que si que es la misma puntuación que la anterior pero al reves la c y la f/2; sii/1; el A es el que gana siempre"
1.0,1.0,1.0,1.0,1.0,1.0,1.0,0.0,1.0,0.0,0.0,0.0,0.0,0.0,0.0,1.0,"2; mmmm/1; f5 c5?/2; no tio/2; yo ahi gano mucho menos/1; c4 f4/2; esta que son 40 hacemos c3 f3?/2; pero te juro que me acuerdo de lo tuyo para las siguientes jajaj/1; gano mas en c4 f4/1; ok/2; pero solo 3 mas/2; yo pierdo 11/1; sino, me lo tomare por mi cuenta/2; los que he ganado antes jaja/2; jajaja va/2; c3f3 ok?/1; ok/1; jajajajajaj/1; si es que lo mejor es lo mismo/1; o 54-26 y en la proxima ganas mas tu?/2; vale/1; en otros juegos pasa lo mismo con tu color/2; asi ninguno gana poco no?/2; ponemos c3 y f3/1; f3 c3?/2; si/2; o c1 y f1/0; la que todos ganamos más/2; la 4/0; decidme/2; 8 puntos tio/0; antes no me a dado tiempo/2; jajaja/0; lo siento/2; esa/2; no/2; f/2; pero no me rreferia a dejar a uno con 10/1; vale ahora uno que ganes tu mas/2; me referia a uno con 20/2; o x ahi/1; c3 f3/2; sisi/2; es la mejor/0; perfecto/2; os habeis dado cuenta/2; siempre la mejor es c3 c3/1; c2 f2/2; gano 11 mas/1; no hay tanta diferencia/2; pero tu 3 menos/1; el que mas putnos suma/1; el F y C siempre son menos/2; te vas a forrar jajaja/0; jajaja si quereis ponemos uno de menos"
1.0,0.0,1.0,1.0,0.5,1.0,0.5,0.0,1.0,0.5,0.0,1.0,1.0,0.0,0.0,0.0,"2; hacemos una cosa/2; c3 y f3 ahora/2; cuando toque juego 5 c4 f4/1; si mas que nada porque el resto no me compresa/2; y recuperamos lo tuyo/1; compresa no jajaj compensa/2; AJAJAJJAA/1; ok/2; va pues 3/1; pero sino toca el 5 me lo pienso sobrar iguale n otro/1; jajajja/1; que lo sepas/2; vale jajaja/1; cobrar*/2; es que yo en el uno podia ganar 54, y tu cmo mucho 38/1; ya/1; jajajaj/2; pillamos ahora el c5f5/1; entonces que? seguimos esta ronda y la siguiente igual y en la ultima ya cada uno lo que quiera?/2; nooo/1; vale/2; cogemos el c5f5 y a la siguiente gano yo mas/1; okay/1; mientras que no reste/1; perfect/1; c5f5/1; ok esta vez te toca a ti/1; f1 c1/1; por la d antes/2; gracias/1; f5/2; c3 y f3/0; va/2; espera/0; 73/2; c3/1; f3/0; perfecto/1; no/0; mo/0; se acaba el tiempo/0; 21/1; y yo gane 10/1; ya pero no me ha dado tiemmpo a ver mas/0; va/0; se acaba el tiempo/0; mirad/2; c2 c2/2; c4 c4/2; pero ahora C3 C3/0; si/1; a veces si/2; cual quieres/1; c2 f2 diria yo/2; va pues esa/1; mas igualado/1; uno/0; la penultima/0; pero vosotras ganas menos aun/1; juego 3/0; 3-3?/2; 3-3?/1; si/1; juego 1/1; 3 3/0; si"
1.0,0.0,1.0,1.0,1.0,1.0,1.0,0.0,1.0,1.0,0.0,0.0,0.0,0.0,0.0,1.0,"1; ui mira, el 5/1; jajajajajjajajajajjaja/2; jajaja/2; c3 f3 entonces/1; c4 f4 era/2; jajaja si/2; c4f4/1; valee/1; no me la trames ahora ¬¬/2; no no jajaja/2; soy de fiar/1; me lo creeré jajaja/2; ya veras/1; :)/2; c1f1/1; c2-f2 esta bien/1; ostras tu jajaja menuda diferencia/2; yo prefiero c1f1, que llevas ganando tu dos/1; bueno vale/2; y el proximo iguales/2; si nos toca el juego tres perfecto/1; ya ves/1; jajajajaja haz fuerza/2; jajajaja valee/2; que hacemos? yo ya me he perdido/1; jajajaj aqui en realidad nos renta ir iguales porque son 40, tu aqui tu maximop ara llevarte son 46/2; f3c3?/2; y ganamos los 2 lo mismo/1; pero si se trata de ganar lo max/2; no sabemos en la siguiente ronda que nos va a salir+/1; vamos compensando cada ronda/1; ya pero los numeros son los mismos en todas las tablas/1; solo cambia el orden/1; buscamos las combinaciones/2; okey , en la siguiente ronda , gano yo y pierdes más tu entonces/1; f2 c2?/1; pierdo 3 ganas 11/2; c1 y f1/1; ahi pierdo yo mas de 10/2; c2/2; f2/2; c2/2; f2/1; va/1; c1 f 1/0; c3 f3/1; sii eso A/2; ENCIMA TAMBN ES LA Q UE MAS LE DAN AL a/0; esa definitiva/1; al A le dan mucho/1; que suerte/2; flipas/2; jajaja/1; que me compense ahora/1; no?/2; creo q no hay/2; si/1; que eficacia jajaja/0; si jajaja/1; o mejor 22"
1.0,0.0,1.0,1.0,1.0,1.0,1.0,0.0,1.0,0.5,0.0,0.0,0.0,0.0,0.0,1.0,"1; aqui si c3f3 es donde mas ganamos/2; c3 f3?/2; si/1; vamooooos/2; el juego 4 y 5 te pueden beneficiar/2; y el 1 y 2 a mí/2; si volvemos a repetir lo de antes xd/1; jajajaja/1; lo miraremos../2; ok jaja/1; crees que vamos a sacar pasta?/2; pues en esta ronda contigo/2; algo mas que con quien me ha tocado en la anterior xd/1; como a mi../2; que no nos coordinabamos para nada jajaja/2; oooh/1; bueno jajaj son 36, el otro eran 40/2; bueno, f3c3/1; por cuatro puntillos/1; sep/2; bien bien/1; sabes que es una miseria no? jajajajaj son 0.02 por punto/2; jajajajaja/2; ya/2; creo que llevamos los mismos puntos/2; lo has calculado?/1; nou jajaj me sacas 6 pero da igual/2; ah si?/1; si/2; sii/1; en la siguiente si tienes no de 50 para ti, ve/2; cuanto nos llevamos ahora?/1; cada uno 40 no?/2; de diferencia digo/1; en las otras combinaciones solo perdias 6/2; igual que antes he perdido yo más de 10/1; 32-26 son 6/2; antes te he dejado ganar a ti , ahora quiero ganar yo/1; es el doble/1; no es ganar, es ganas más o menosc/1; compensar/2; c1/1; es la ultima ronda/2; perdon/2; porfa/2; ahora mejor/2; gracias/0; jajajaj/0; va/0; donde todos ganemos/2; espera vamos a ver/2; q me lia esto/1; hay que calcular/1; muchas opciones/1; y ganas tu 38 y yo 10/1; y estmos igual ya/2; vale/2; no hay mejor/2; pero escucha/0; vale/2; no tenemos q hacerlo asi/2; asi perdemos/1; ya/1; hay que buscar de mas/2; me refiero/1; vale a ver/0; me estaoy portando bien/2; sisii/0; que miro por todos/1; vamoss/1; claro/1; va/1; cual/2; c3 c 3?/2; c3 f3?/2; esque no hay ninguna com antes/1; bien/1; ganamos lo mismo/0; se queda c3 f3/2; espera/0; vale/2; vamos a ver/1; 2 2/1; y luego que tenga yo mas/1; ?/1; juego 5/1; 5 5?/2; 42464/0; 42464/2; 4-4 es como antes/0; i es el mismo de antes/1; okay"
1.0,0.0,1.0,1.0,0.5,1.0,1.0,0.0,1.0,0.5,0.0,0.0,0.0,0.0,0.0,1.0,"2; mmmm/2; qué dices? jajaj/1; hacemos como antes/1; luego gano yo/2; f2 c2?/1; y la ultima hacemos tablas/1; te parece?/2; vale/2; f2 c2?/1; sip/2; confirmame jajaj/2; vale/2; asi me quedo tranquilo xd/1; confirmado/1; relax/1; respira/2; jajajajajajaja/2; ups, el primero ha sido el fallo/2; pero no pasa nah/1; claro/1; da igual/2; es lo mismo, no?/1; eso parece/1; seguimos igual?/1; son 36/2; vale/1; o dices de diferencia?/1; ah/2; c3 y f3/1; vale/1; la que mas nos de/1; a ver cual/0; claro/1; F di tu/2; c1 f1/1; esa no me da casi/0; iguales lo he dejado/1; ahora si/2; c1 c2 una opcion/2; y luego tu/2; espera vamos a ver/1; c2 f2 mejor/2; sisi/2; esa esta bien/0; entonces c2 f2/1; si/2; si/2; esta es buena/2; c2 f2 gano yo mas pero tu 3 puntos menos/2; los comepnsamos/2; en la siguiente?/2; esq es la de antes/0; porque 5-5 es mucha diferencia, no?/1; para c solo son 3 puntos/2; podiamos a la siguiente hacer la fila que a se lleva 80 y f  y C 26 o 54/2; yo lo dejaria asi/2; y luegos hacemos la fila esa/1; okay/2; y nos llevamos siempre lo maximo/0; esta 4-4 y a la siguiente la de 54/2; turnandonos f y c/0; no?/1; juego 3/0; maximo a quien?/1; hacemos el 3 3?/1; es el mas equitativo en este"
1.0,0.0,1.0,1.0,1.0,1.0,1.0,0.0,1.0,1.0,0.0,1.0,1.0,0.0,0.0,0.0,"2; ups/2; he aquí un dilema jajaj/2; hacemos lo que digas xd/1; pfffffffffffffffffffffffffffffffffffffffff/2; jajjaja/1; c3f3/2; va/2; me parece bien/1; y a la siguiente mi/1; mia*/1; sea lo que sea jajaja/2; a no ser que salga el 1 otra vez xd/1; bueno pues si sale uno de neuvo tambien ganare yo/2; jajajaja/2; bueno, eso ya lo debatimos xd/1; mm no/2; venga va/1; no da lugar/2; jajaj/1; escuchame/1; podemos ganar más dineor y más rapido/2; escucho/1; hay que turnarnos/2; como?/1; las proporciones son siempre las mismas/1; entre 12-15/1; el de antes/1; jajajaja/1; ahora coges tu el de 50/1; esta a medias igual/2; Okey/1; f4/2; c4/2; o c3 y f2 y ganamos lo mismo?/2; c3 y f3 y ganamos lo mismo/1; para ti son 3 menos y para mi 11 mas/2; y ganamos más los 2/2; vamosa verlo rapido/2; vavava/1; va/2; a ver si vemos una q nos de a ti o a mi f mucho/1; o sino c3 f3, pero me da igual ganar menos esta vez/2; pero qno se quede uno con 10/1; c3 f3, los dos ganamos 36/2; c2 f2/2; y luego tu mas/2; un poco as/2; o da igual/1; es que antes ya he ganado menos yo/2; yaya/1; jo/0; cual/1; o sino/1; c3 f3/1; ya/2; no prefieres q te compense la ultima?/2; son 3 puntos/2; soo/0; vale/2; si/2; el tres no hayla opcion esa/1; es que hay otros con mas diferencia/1; este el 3 3 esta bien/2; si, 3-3/0; pues ese entonces/1; juego 1"
1.0,0.0,1.0,1.0,1.0,1.0,1.0,0.0,1.0,0.0,0.0,0.0,0.0,0.0,0.0,1.0,"2; mierda xd/2; qué hacemos?/1; c4f4/2; pero yo pierdo 11 :(/1; yo gano los 3 que he operdido antes y tu pierdes los 11 que has ganadi/1; ei, como yo antes../2; va jajaja/1; ni pa tu ni pa mi/1; jajajajjaja/2; pero no me engañes xd/1; no te he engañado en 9 rondas../1; te voy a engañar ahora?/2; bueno, no te compensa otra opción xd/2; jajaj/1; por eso/2; Pues un placer :)/1; si yo gano en una 50 y tu 24, en la siguiente ganas tu 50 y yo 24/1; y asi ganas más dinero y más rapido/1; entiendes?/1; y nos ponemos iguales/2; vale/1; y luego pasara o mismo en otros cn tu color/1; yo iria compensando por ronda/1; f3/2; c1/2; ahora me toca a mi ganar más/1; que ahi yo pierdo 14/1; a ver/0; vavavav/0; que nos quedamos sin tiempo/2; c2 f2 no esta mal/1; f3/2; pero a ver si hay mejor/1; c4/1; si c2 f2/1; lo veo bien/2; c3 f3/2; mas/1; vamos a buscar que ganemos lo mismo y ya/2; era mejor c2 f2 ganbas 80 tu tmabn A/2; si va/1; porque estan los puntos igualados/0; ya/0; pero uno se quedaba con menos/0; va/2; yaa pero antes he tenido 10/2; estaba hablado/1; c3 f3??/1; yo tambien he tenido en uno 10/2; es verdad pero son 3 menos/1; a ver/2; c4 c4 va/2; gaanas tu mas ahora/1; c3 f 3/1; me da igual/1; por 3 puntos/2; solo/0; cual/0; c3 f3/2; por mi c2 c2 pero elije tu f va/1; yo pondria la que ganamos lo mismo y au/2; va pues esa/1; si?/1; vale/0; cual/1; pues c3 f3 para el A/0; vale/1; c3 f3?/1; ganamos lo mismo/1; o que/1; que es la ultima/2; me dejas c2 f2? que tenog una ronda con 8 puntos y otra con 10/2; lo q veas/2; ganas 3 menos/2; solo/0; 3-3 esta igualado/1; no 1 1"
1.0,0.0,0.5,1.0,0.0,1.0,0.0,0.0,0.5,0.0,0.0,0.0,0.0,0.0,0.0,1.0,0; que hacemos 3-3?/0; o maximo a f?/1; 5 5/1; porfa/0; y el 4-4?/1; es que si no he perdido puntos con la de antes../0; pues  la 5-5/1; gracias :)/0; que con lo del c de antes es casi lo mismo/2; y se acabo/2; si/2; hola/1; hola/0; hola/2; Qué juego hacemos?/0; hay que buscar uno/0; donde mas o menos ganemos todos igual
1.0,1.0,0.0,1.0,1.0,1.0,0.5,0.0,0.5,0.0,0.0,0.0,0.0,0.0,0.0,1.0,"2; si F quieres que en los que son extremistas ganemos lo mismo, pues el c3 f3/1; quiero/1; el que ganamos lo mismo/2; lo hacemos así o queréis jugarosla a cada uno el que sea?/2; vale/1; asi bien/1; que hay que hacer ahi abajo?/1; que pone nose que de ingresos/0; ir mirando y me vais diciendo/0; abajo es para calcular/2; vale/1; tanto c como yo/0; entonc4es en este?/2; pues coge juego 1 f3 y c3/0; bueno grupo/0; ultima ronda/1; sii/2; buen trabajo chicxs, me gusta el compañerismo/0; que quereis que elija?/1; y a mi jaja/0; a mi si salimos todos bien parados tb jajaja/1; algo equitativo/0; pues decirme/0; o pongo 4 4/2; pues entonces c3 f3 del juego 2?/0; lo que veais/2; F, bien?/0; buenas/2; seguís con los mismos roles?/1; ya te vale/2; porque te estás portando muy bien la verdad/2; y coger en esta el mío de 47 y el suyo de 33/0; nop, voy a por vuestros maximos/2; que en la anterior ha sido al revés/1; ves a por nuestros maximos/1; siii"
1.0,0.0,0.0,1.0,0.0,0.0,1.0,0.0,1.0,0.0,0.0,1.0,1.0,0.0,0.0,0.0,"0; nah, jajaj no soy tan cabron/1; la verdad es que te estas portando bien/2; juego 2 f2 y c2, bien?/0; decirme cual pillar en esta y cada vez que uno palme un poco/1; vale/0; por mi vale/2; creo que vas a sacar tu máximo en la mayoría/1; he palmado yo/0; por eso/2; por coincide con uno nuestro/1; q lo sepais/2; en la anterior yo/2; me ha dado a mi 33/0; suele coincidir con el max de uno de vosotors"
1.0,0.0,1.0,1.0,1.0,1.0,1.0,0.0,1.0,1.0,1.0,1.0,1.0,0.0,0.0,0.0,"2; y a ti F 47/0; sin calculadora nuse lo maximo que se puede ganar en la prueba de hoy/2; no se por qué pero en esta creo que va a ser el juego 1 la f3 y c3/0; pero han habido algunas que la peña se ha llevado 40€ o mas/2; pues espera que te digo lo otuyo si fueras todo 80/2; un amigo ayer 40/1; sooo/1; ojala 40 pavetes/0; una amiga de una amiga XD/2; juego 3 f3 c3?/0; por lo que he visto es:/1; si/1; ese/0; j1 f1 c1/0; j2 f2 c2/0; j3 f3 c3/0; j4 f4 c4/0; j5 f4 c4/2; coinciden sí/2; en este pon el del juego 3 f3 y c3/1; si/0; son los maximos de todos mas o menos/0; de acuerdo/2; lo malo es que en unos hay mucha diferencia y en otros menos/2; pero vamos apañándonos/0; hace mucho tiempo se llevo 150 pavos/1; en serio?/2; si quieres ganar más tú coge el c5 f5 del juego 5/2; la segunda parte será igual pero con diferentes roles no?/0; por 8 puntos os perdono/0; vale, alguien sabe seguro/0; si las siguientes 9 rondas/1; sii/2; habra más experimetno/2; si luego seguimos juntos, y va de lo mimsmo/2; lo hacemos a maximos/2; hacemos 1-1 y cuando toque juego 5  5-5 ??/1; y a la siguiente vamos a por mi maximo/1; eso/0; vale/0; 1-1 en esta ronda entonces?/1; si/0; y cuando salga juego 5 hacemos 5-5/0; si/0; por/2; lo máximo tuyo creo que son 15 o por ahi/1; vaya telajajajajajaja/0; me lo juro mucho/2; ceba yo quiero eso/1; y lo nuestro c/1; ?"
1.0,0.0,0.0,1.0,0.5,1.0,0.0,0.0,0.5,0.0,0.0,0.0,0.0,0.0,0.0,1.0,2; lo que me lleve va para gasolina asi que.. jjajaja/2; tal cual me lo den se me irá/2; si/0; vale/1; y si no sale pues en la ultima el maximo de F/1; ahora vemos/0; vale perfecto/0; eso/0; cmo digasis/2; j3 f3 y c3/1; dale ese q te hemos dicho/0; okey/1; dime cuanto nos estaremos llevando C
1.0,0.0,1.0,1.0,0.5,1.0,1.0,0.0,0.5,0.0,0.0,1.0,1.0,0.0,0.0,0.0,"1; ?/2; nuestro máximo depende porque el suyo es 80 en todas/0; bueno, pos ahora si que si es la despedida/1; juego 1/1; 3 3'/1; ?/0; el maximo de f es el 5-5 no?/2; creo que va/2; en el 1 y 2 gano yo/0; jajaja/0; ula ultima sugerencia?/1; A VER  2 3 3/2; pues f3 c3 del j2/1; SI VEIS UNA MEJOR DECIR/2; o si F quiere perder 3 puintos/0; veo una mejor/0; o lo hacemos equitativo?/1; pero para ganar 38 prefiero los 32 equitativo/0; hacemos esta equitativa y la ultima el maximo a f?/1; y al siguiente si sale mas ese/2; f de diferencia son 6 puntos, esperamos a la siguiente a ver si puede tener mas/1; si/1; mejor/0; vale pues 3-3/1; juego 2/2; en el 4 y 5 gana F/2; y en el 3 ganamos lo mismo/2; yo veo un pooc exagenrado el c1 f1 del juego 1/1; juego 1 c3 f3/0; pues vosotros direis que cojo en este/2; pero si queréis hacerlo a máximos/1; ganamos lo mismo yo y c/2; así/0; lo que querais/0; si f palma 3/0; XD/2; yo gano 11/2; jajajjae/1; YO VEO MEJOR/2; sa he pensado también/1; 2/1; 3/2; hay sacrificio? :(/1; 3/1; VAAA ENROLLAROS/1; 3/2; f2 c2 j2?/2; jajajajjaja/0; vamos otto rico/1; C3 F3/2; que son 3 puntos/0; a jugarte el tipo/0; si haces este"
1.0,0.0,1.0,1.0,0.0,0.0,1.0,0.0,1.0,0.5,0.0,1.0,1.0,0.0,0.0,0.0,"1; pero es el experimento ya?/0; no ha ido mal, no? XD/2; a ver qué tal esta/0; no voy a elegir c5 porque hay muchos negativos/2; hacerme ricx/2; c4 y c5 son los qu emás/0; ni c4 de las primeras filas/2; mirad la c2 y c3 en todos los juegos son positivos/0; ni c1 de las ultimas filas/2; menos alguna cosilla/0; si mi idea es escoger/0; filas 2,3 o 4/0; y columnas  2 3 o 4/0; f3 y c3?/1; si/0; okey/0; no me digais la j por si despues comprueban el chat XD/2; pues auí igual no? juego 5 f3 y c3/0; decirme a priori cual pillarais jajaz/2; hombre nosotros no te estamos diciendo que es ese el indicado, te ponemos solamente lo que haríamos/2; yo en esta ronda me la jugaría al 5/0; jajajaj/0; ahi ahi/1; que te sale que gans c¿/1; c/0; como lo veis?/2; eso es/2; muy bien/0; vale, he estado mirando los juegos/0; y depende de cada uno/0; pero las mejores son/0; f2 y c2/0; f3 y c3/0; f4 y c4/2; me acabi o de fijar que arriba nos pone que el juego seleccionado es el 5/0; donde te pone eso?/1; que te sale que ganas?"
1.0,0.0,1.0,1.0,0.5,1.0,1.0,0.0,1.0,0.5,0.0,1.0,1.0,0.0,0.0,0.0,"0; tiene lag/2; he sumado los máximos/2; y para C y F son 200/0; estaria bien que sumasen puntos de los 3/1; y que tal/0; y se repartiera/2; haciendolo para ganar más o menos lo mismo, estamos palmando todos/1; todos 3?/2; suma unos 180/0; si es individual, el que mas gana siempre es A/0; porque si es asi/0; cojo f4 y c4/0; cual quereis que eleja?/0; elija*/0; jaajajaj/0; lo has clavado/0; cual te pone ahora?/1; el 3/2; no podia decir nada antes, acabo de leer las intrucciones. llo siento me callo jajajaj/2; coge el c3 f3 del juego 3/0; se/2; que no tiene mala pinta/0; nada mala/0; me da miedo la siguiente parte del experimento/2; por ser un poco equitativos.. f3 c3 del juego 5?/0; lo que veais/0; por mi ok/2; lo malo es que teníamos que haberlo hecho desde el principìo a máximos de 2 e ir tunándonos cuándo palmamos nosotros/2; ahora ya seguimos aasi o que?/0; que me sugeris coger en este?/2; me la juego al juego 3 f3 y c3/0; lo que querais/1; si/0; si por mi vale/2; apuesto todo a ese jajaja/2; juego 1 f3 c3/2; os parece?/0; es lo mismo cambiando roles?/2; lo pone abajo/2; seguimos siendo las mismas personas/2; y empezará un nuevo periodo de 9 rondas/0; okey/0; juego 1?/2; por lo que supongo que se cambiarán roles, haremos lo mismo, y seremos los mismos/0; y quereis c3 y f3?/2; pero me la estoy jugando/0; seguro?/2; cfual propones si no?/1; ese/1; ese/2; akakjaja/0; ese el c2 y f2/0; vale, acabo de leer enteras las instrucciones/0; la segunda ronda es igual tienes razon/0; que me proponeis coger en esta?/2; repetimos f3 c3 del juego 5?/2; repartimos?/1; sisi/2; porque yo me la juego al 1 y la f3 y c3 entonces/2; si queréis ganar más, a mi no me importa/2; y coge el f4 c4 del juego 5/2; que osn 3 punto s de diferencia para mi solamente/0; F que dices?/2; y para vosotros más/1; vale bien/0; de acuerdo/1; vale/0; vale, quedan dos rondas/1; a ver/2; f3 c3 juego 3?/2; JUEGO 2 PERDON/2; o f2 c2 juego 2/0; por mi esa"
0.5,0.0,0.0,0.5,0.0,1.0,0.5,0.0,0.0,0.5,0.0,0.0,0.0,0.0,0.0,1.0,"0; y asi ganamos todos mas/1; vale/1; mirar otra mejor/1; que ahi ganamos poco/0; esa es la mejor/1; nada dejalo/1; asi/1; sii/0; decirme/0; de acuerdo/1; bien/2; A me das envidia jajajaj llevarás ya casi 10 pavos/2; más los 5/1; el que mas se va a llevar siempre es A/2; sana, siempre sana/1; si/0; que tal ha ido la primera ronda?/2; joe macho jajajajaj/1; pero que no somos los mismo?/0; que me aconsejais pillar?"
1.0,0.0,1.0,1.0,1.0,1.0,1.0,0.0,1.0,0.5,0.0,1.0,1.0,0.0,0.0,0.0,"0; la ultima vez era mas facil/2; podrías haber sido egoísta y haber buscado tu beneficio solo/2; si no?/0; no lo se/2; somos diferentes?/2; juego 4 f3 c3/0; se supone que si, no?/1; jajaja/1; no se/2; A tenemos un esquirol, si duda es que no es el mismo jajaja/1; que esquirol?/1; ?/0; ??/2; has dicho antes que te gustaba el compañerismo?/2; o no eras tu?/1; siiii/2; bueno, que a ti también/0; por el compañerismo/0; y avaricia tb/0; que es navidad.../0; y hay mucho gasto/2; vas a ir a por tu máximo todo el rato?/2; po ir compensando en las rondas nuestros números/1; exacto/0; y nos llevamos todos los de mi grupo 23/2; muchas gracias :D/1; jajaja/2; y tanto/2; se va pagar la carrera con lo que saque/1; ajajajaj/2; vale escuchame/2; dime si te parece bien/2; ahora elijo yo, y las dos siguientes tu/2; lo que quieras/1; ejie esta y las siguiente dos uo/1; yo/2; juego 2?/1; si/1; fila f/2; y fila 1 y columna 5?/1; nooo/1; fila 5/1; columna 5/2; vale/1; juego 1 no?/1; sisi/2; si/2; es suerte participante a/2; f/2; antes te has llevado tu mas F/2; Solo tienes que leer/1; que nos llevamos lo mism/0; yaya/2; Que si primero le das mas a uno y luego mas a otro/2; Es que ganamos todos/2; f3 c3/1; juego3 otra vez/0; pues c3f3"
1.0,0.0,0.0,0.5,0.5,1.0,0.0,0.0,0.5,0.0,0.0,1.0,1.0,0.0,0.0,0.0,"2; juego 3/2; Si, el tema es no repetir los juegos excepto el 3/2; Si el 5 se volviese a repetir/1; C, entonces cada partida, se pone la diagonal con el numero del juego que toque no?/2; exaaacto/1; vale/2; pues igual f1 c1/2; buah que lastima/2; aqui no te puedes llevar casi puntos/2; asi tu y yo ganamos lo mismo no?/1; entre los juegos si"
1.0,0.0,1.0,1.0,1.0,1.0,1.0,0.5,1.0,1.0,1.0,1.0,0.0,1.0,0.0,0.0,2; vale/1; el juego es el 5/2; si/2; que fila coges?/1; fila 5 columna 5/1; ?/2; no?/0; si/1; sii/0; que juego es grupo?/2; lo mismo/1; vamos a hacer ahora juego 5 fila 5 columna 5/0; juego 5 entonces?/2; vale/2; y porque no hacemos todo el rato juego 3 fila 3 columna 3/2; ?/2; en las anteriores rondas/1; no te enojes/2; yo lo veo justo asi/0; el num de juego solo os lo dicen a vosotros/2; Ahora mismo A estas teniendo mucho beneficio/1; juego 1/0; por eso yo no se que combinacion ager/0; hacer*/2; Sigue haciendo caso/1; coge la f3c3/2; Que vamos bien/1; que es la mas justo/2; f1 c1/2; Seria c/2; ahora f3 c3/2; Hay que buscar el 80 para A todo el rato beneficiandonos/1; si/2; Yo me he apuntado los juegos/2; Juego 3/0; lo ultimo que habeis dicho antes/1; otra vez rl 3/0; nno me ha dado tiempo/0; a leerle/0; leerlo*/2; Ahora mismo A tiene el mayor beneficio/1; tu ganas 80 en el juego 1 11 juego2 22 juego3 33/2; Despues F/1; y asi todo el rato/2; pero di/1; f3 c3/2; perfe/2; thanks/2; f5 c5/2; no?
1.0,0.0,1.0,1.0,0.5,0.0,1.0,0.0,1.0,0.0,0.0,1.0,1.0,0.0,0.0,0.0,1; f5 c5/2; escogeré c3/2; yo habia pensado columna 3/1; pero ganamos menos los dos/1; no?/2; no/1; si/2; porque aunque cojamos el mismo numero de filas y columnas el numero de lacelda es diferente/1; ya/2; por eso/1; el juego es el 3/2; si/2; 1 y 1?/1; en la f4 y c4 es mas/2; cierto/2; va 4 y 4/1; ok/0; es lo mismo/1; vale sa la siguiente/1; vamos a poner todoe el rato/1; juego 3 columna 3 fila 3/2; si/1; vale?/0; deberíamos elegir el juego 1/2; no/0; asi ganamos todos mas que en los demas juegos
1.0,0.0,1.0,1.0,0.0,1.0,1.0,0.0,1.0,0.5,0.0,0.0,0.0,0.0,0.0,1.0,"2; todo 1/0; pequeños míos, paz/2; todo 1/1; yo podria decirte 55/2; A escucha/2; IMPORTANTE/2; y despues c/1; entonces segun el juego que toque/1; coges ese numero/2; Pero si se repite el juego hay que cambiar el ciclo/1; y estadisticamente tu siempre ganas el max/1; y los otros dos acabaremos repartiendo/0; pq cambiar el ciclo?/2; Para que sea mas justo/0; ahh vale vale/1; no lo cambies/1; al final van a salir los mismos juegos/1; y es en el que tu ganas mas/1; siempre/2; No porque hay 5 juegos/2; 9 rondas/1; que c5 vas a elejir??/1; yo f3/1; f5/2; si coges otra fila ganariamos mas puntos/2; por ejemplo f3 con c3/1; cual/1; vale/2; f3 y c3?/1; ok/2; f3 y c3?/1; es siempre igual si queremos ganar igual :)/2; ya jajaja/2; espera/2; 3 y 3/2; es mas/2; nada no dejalo/1; si/1; 3 3/2; ok/2; 3 y 3/2; el 3/1; nono el 3 ganamos todos/0; no/2; si/1; tu ganas 80 en los dos/2; exacto/1; joder jajaja/1; igual/2; todo 1/1; esta clara/1; la jugada digo/0; sii/2; desde que lo hemos pillado si"
1.0,0.0,0.0,1.0,0.5,1.0,0.5,0.0,1.0,0.5,0.0,1.0,0.5,0.5,0.0,0.0,"2; solo quedan dos/2; animo!/2; pequeños mios/1; vamos/1; pequeñines/0; si lo hubiesemos pillado desde la primera ronda, podriamos haber elegido conforme, que ganeis loos dos por igual y me daria lo mismo ganar menos de 80/0; dime/2; Esto se trata de que tu obtengas el mayor beneficio/2; Que siempre esta en la columna c1 f1/1; A, No ves que te esta engañando todo el rato, te esta diciendo el1-1 porque es el que mas gana el, que se me quita a mi. yo podria decirte 5-5/2; Miralo en todos compruebalo/1; juego 2/2; Juego 2/1; elige la 22/2; F2 c2/0; valep/2; Una pena no darnos cuenta antes/2; Juego 1/0; cual cojo?/2; f1 c1/1; si/0; vale pues 11"
1.0,0.0,1.0,1.0,0.5,1.0,1.0,0.0,1.0,0.5,0.0,1.0,0.0,1.0,0.0,0.0,"1; hacemos todo el rato eso y ya esta/1; a lo tonto a va a sacar dinero/1; el maximo cada ronda/2; Juego 1/2; c1 f1/1; otra vez.. :(/0; valee/2; Juego 1/2; c1 f1/1; juego4/2; juego 1 otra vez jajajaja/1; el ultimo ya/1; pero si ha salido el 4/2; Como que 4?/1; como me estas rateando por 40 centimos/2; Porque te beneficia mas a ti?/1; si ha salido el 4/1; que dices/2; 3/1; ok/1; yo f3/1; podemos elejir en esta ronda tu o yo el mas alto/1; y en la siguiente el otro para compensar los beneficios que se lleva a no/1; si eligimos en una ronda los putnos mas alto para ti y en la siguiente los puntos mas alto para mi, es peor?/2; no se, el que mas gana es A siempre/1; bueno ahora eligimos 3/1; el 4/2; 3 y 3/1; pues fila 5 columna 5/2; ?/1; ?/1; bueno vale/2; o si quieres gana tu un poco mas ahora y en la siguiente yo?/1; me parece bien/2; pkey/2; pues 5 y 5?/1; si/0; vale el 3/2; tu ganas lo mismo en todas/2; vamos a coger el 3/1; asi el grupo A gana siempre 80/0; jejeje vale/0; o almenos yo no lo pille en las primeras :(/1; tranquiii/2; no pasa nada/1; muy amable/1; es unhonor trabajar asi/2; tu te ibas a llevar siempre el doble que nosotros/2; todo 4/1; yessss/0; valee/2; te has forrado A/1; y es la que mas ganaria yo y a/2; Y si tu ganas mas los demas al final tambien/1; que mentira/2; f1 c1 todo el rato/1; 1-1 2-2 las que benefician al c/2; Ya estas viendo que los datos el que mas ganas eres tu"
1.0,0.0,1.0,1.0,1.0,1.0,0.5,0.0,0.5,0.5,0.0,1.0,0.0,0.0,1.0,0.0,2; No te miento/1; te esra engañando/0; ahora pongo c5f5/0; alaaaa/2; Enserio?/0; aclaraos/2; Que dices tu/0; que liada/2; juego 1/1; lleva todo el rato saliendo el 1 y no me he quejado/2; Lo que pasa es que te estas rayando/2; Por eso/1; nos has engañado al principio/2; Porque sale mas el 1/2; Es suerte/1; y dices que sale el 1 ahora?/2; Que he engañado de que/1; por 40 centimos/1; ??/2; sisi/1; elijes tu la cantidad mas alta de c/1; y en la siguiente yo la de f/2; vale/2; escoge la fila 1/1; ok
1.0,0.0,1.0,1.0,1.0,1.0,1.0,0.0,1.0,0.5,1.0,1.0,0.0,1.0,0.0,0.0,"1; yo f1/2; di/2; vale/1; en la siguiente los punto mas alto para ti/2; vale/1; 1?/2; pues cogemos f1 y c1 y en la siguiente eliges tu/2; okey/1; 3/2; 2 y 2?/1; si/2; vale/1; ynosotros 40/1; jajajaja/2; xd/0; igual no? juego 3/2; igual todo el rato/1; sisi/0; vale/0; se los echará de menos pequeños :'( un placer!/0; no porque?/2; de todas formas te ibas a llevar el doble siempre/0; aaah/0; lei otra cosa, lei \qborrado\q/0; jejeje/1; jajaja/2; un placer A!/1; A siempre te llevabas 80/1; esoooo/1; un placer/2; Enserio aun no lo has entendido?/0; para compensar/1; si/2; si estoy bucando lo mejor/1; madre mia/0; ahora decidme cual hay/0; que elija/2; Desde el principio/1; ha salido el 4/2; juego 1/0; o pongo 33 y a callar/1; el 4/0; vale vale/1; yo f5 y tu c5/2; perfecto/1; cual/1; vale"
1.0,0.0,0.0,1.0,0.5,1.0,0.0,0.0,0.5,0.0,0.0,0.0,0.0,0.0,0.0,1.0,2; 5/1; 5?/1; vlae/2; vale/1; mejor volver a eligir la misma ;)/1; que opinas?/2; es lo mismo/2; al final hemos ganado los mismos puntos tu y yo/2; perfect
1.0,0.0,1.0,1.0,0.5,1.0,1.0,0.0,1.0,0.5,0.0,1.0,0.0,1.0,0.0,0.0,"2; el otro se esta forrando eh/2; jajajaj/1; ya ves/1; xD/2; asi de gratis/2; y no hace nada no?/1; nada/2; ahora en la siguiente te toca ganar a ti mas/2; 5 5?/1; si quieres en esta ganas tu mas/1; dale al juego 3/2; coge el 3/1; claro/2; RECUERDA TODO 4/1; compañeros/0; un placer c y f :(/2; xd/2; No/1; claro que si/1; le has engañado dos rondas/0; c3f3/0; aa/0; 44/2; juego 1/1; ha salido el 4/2; f1 c1/2; Eres muy ruin tio/1; eh/1; flipo/2; buenas/0; hola/1; hola/2; el A coges ls que mas puntos nos de a todos no?/0; en la columna dos es donde menos en negativo hay, solo unn -4/2; buena/0; asique voy a darle ahi todo el rato/0; intentando compensar f y c/1; Correct/2; pero claro, no te podemos decir el juego no?/1; Ni idea/0; ah ni idea/2; f1/1; ok/2; bueno/1; 3?/1; ya seguimos asi entonces si te parece/2; pero si lo hacemos por separado creo que conseguimos mas/1; que en este en ningunoo hay una grande/2; gracias/1; 1 y 1/2; te debo dos entonces no?/2; si si/1; no/1; seria en la siguiente yo/1; y en la ultima los dos repartidos/1; xd/2; okey/2; 1 y 1 entonces/0; yo le di al juego 3/2; que es el que mas nos favorece a todos/1; cogiendo el 4 nos llevamos menos todos/1; nono mira la hoja/0; ya, pero que le di al 3/1; nos pone que le has dado al 4/2; sigue con el 3 fila 3 columna 3/2; que te favorece a ti mas tambien/1; el 3 fila 3 y columna 3 es el que mas favorece a todos/0; TODO 4 PEQUEÑOSSS/1; siii motess/2; vamoossss/0; JAJAJAJAJA/1; es el juego 5/1; claro que si/0; con c3f3/0; ganais lo mismo los dos/1; dos rondas haciendonos el lio para que ganara los dos+/1; es lo que te he dicho desde el principio/2; pues pillala igual/2; vale"
1.0,0.0,1.0,1.0,0.5,1.0,1.0,0.0,0.5,0.5,1.0,1.0,1.0,0.0,0.0,0.0,"0; alguna propuesta?/2; si que se puede/2; temnemos el juego cinco/2; 2.2000000000000002/2; o 3.3/2; para equilibrar/0; jueg?/2; tres/1; Si coincidimos se supone que ganamos mas?/2; puede/0; ni idea, posiblemente/1; Que decis?/2; 3.3?/0; ok/1; ok/2; el rojo se va pero nosotros igual/0; es dnd mas podeis ganar vosotros no?/2; si/0; ok/1; Si/2; f3/2; q esta mas equilibrado/2; pero lo que quieras/1; mejor seguir asi para mi ;)"
1.0,0.0,0.5,1.0,1.0,1.0,1.0,0.5,1.0,1.0,0.0,0.0,0.0,0.0,0.0,1.0,"1; eligimos 3?/2; como?/2; vale/1; seguimos con 3?/2; entonces la cogemos igual?/1; que opinas?/1; si/2; 42495/1; sep/2; no?/2; okey/2; tenemos que quitarle al otro con negativo sin perder nostross mucho jajjajajajajjaajaj/1; he pensado lo mismo/1; xd/1; pero seria cruel/2; ya/2; pero es que sino.../1; que mas dara/2; jajjajajajajaj/1; igual/2; lo mismo/1; todo 3/0; me di cuenta que pocos segundos antes de que se acabe el chat, se cambia solo de juego. Yo antes si pulsé todo 3/1; yaya/2; Habria que hablar mas/2; A, deberias elegir la fila 1 columna 1/0; que se supone que hay que hablar?/2; El lio no F/2; Aqui vamos a ir a buenas todos/0; no os peleeis/0; hago c3f3/2; cuatro/1; 3.3?/0; si/2; sip/1; Perfecto/2; para que estaran las negativas/1; Para restar a los demás, pero supongo que a ninguno de los 3 nos interesa que nos resten/1; jajajaja/2; claro/2; jajajajaj/1; lo que veas/1; f3/2; por 6 puntos ya ves/2; si eliges f3 me haces un favor/1; vele/1; vale/2; solo pierdes 6 puntos de lo maximo que te puedes llevar/2; yo 22 puntos/2; okey?/2; grande/1; XD/2; elige tu ahora lo maximo/2; y la siguiente yo/1; o si no esta ronda yo y la proxima tu/2; creo que ganamos mas haciendo una tu unz yo pero lo que quieras/2; vale/1; ok/2; pues esta tu/1; 5?/2; vale/1; ok/2; vale/1; xd/2; 42495/2; entocnes/1; si/2; ok/2; te toca ganar mas no?/1; esq tu en ningun cuadro ganas mucho la verdad"
1.0,0.0,1.0,0.0,1.0,0.0,1.0,0.5,1.0,1.0,1.0,0.0,0.0,0.0,0.0,1.0,"2; 42495/2; ?/1; vale gracias/2; okey/2; y el otro 80 como no.../1; solo gana eso/2; o 72/1; 80 y 72/1; xd/2; excepto en las dos primeras que la he liado yo jajaja/1; xd jaj/2; 42495/1; a mi tmabie se me cambio/0; y esta vez me di cuenta a tiempo y dije, uy, porque se cambió, y lo cambié rápido/1; tiene razon/0; estas atentos equipo/1; estad atentos/2; vale/0; bien!/1; sigamosa asi xd/2; mote/1; que no se os cambie e juego/0; estuve atenta y no se cambió :(/2; Sobre eso, intentar maximizar ganancias/1; elige mejor f3c3/0; es que yo no se el juego/1; nod llrvsmod 40 y 40 los dos/1; y a 80/2; Tu tienes que elegir para obtener ganancias/2; Que nos tenemos que poner de acuerdo"
1.0,0.0,1.0,1.0,1.0,1.0,1.0,0.0,1.0,0.0,0.0,0.0,0.0,0.0,0.0,1.0,"0; y asi/0; teneis lo mismo/0; o q?/2; Vale A/1; 33 desde el principio hubiera sido lo mas justo/2; Vamos a ponernos de acuerdo F/1; Hay que compensarse y así todos ganamos/2; tres/1; TRES/1; 3.3/0; 3.3?/2; 3.3/0; ok/2; jajaja la de siempre/1; Siempre es la que nos iguala a C y F/2; si te fijas la 3.3 es siempre lo mismop y el rojo el doble/1; sI/2; uno/1; 3.3/1; ?/1; f5 y c5/2; bien/1; elie/2; f1/1; ok/2; f5 c5?/1; ok/2; c1 y f1/2; ahora 1/1; perfecto/2; mira si sumas 26 + 38 de las de antes y ahora da lo mismo que tu 54+10/1; si pero da igual que 32 +32/1; per ote tocaa/2; y luego en la siguiente gano yo mas?/1; vale/2; asi lo haciamos antes/1; sisi/2; con el otro componente/2; okey/2; tu antes eras el a no?/1; el mio tampoco/1; c estate atento nats/2; ni el mio/0; pues no lo entiendo/1; sigamos igual/1; da igual/2; dale/2; coge juego 5/1; que pasa/2; fila 5/2; columna 5/0; porque/2; se selecciona un juego/2; que nos pone a f y mi/1; prueba a ver/0; por eso, el juego 3 que ganamos todos mas que en ningun otro juego/2; y ahora es el 5/2; no/2; hazme caso/0; juego 5 entonces?/1; da igual probamos juego 5 fila 5 columna 5/2; todo 5 agora/1; vale va"
1.0,0.0,1.0,1.0,0.0,1.0,1.0,0.0,0.5,0.0,0.0,0.0,0.0,0.0,0.0,1.0,1; nos llevamos*/0; sisi/2; Y segun tu eleccion se divide para nosotros/0; pero decidme uno que no perdamos ninguno/2; con la f1 c1/2; Y realmente maximizar beneficio/0; con 33 creo que esta bien/2; Vale A/0; 3.3/2; mismamente/2; cincoo/1; 3.3/1; Siempre es igual/1; Jajajajaja/0; jajaja/2; jajajajajajajaja/1; La gente escribe mucho
1.0,0.0,1.0,1.0,0.5,0.0,1.0,0.0,1.0,0.0,0.0,1.0,1.0,0.0,0.0,0.0,2; didi/1; jajajajajaja/2; no entiendo/2; estan haciendo cahnchullos/2; cinco/0; 1.5/1; o f3 y c3 ques esta mas compensado/1; pero cmo tu me dejaste elejir/1; elijo el c1 f1/2; nono/2; tienes razon/1; ok/2; pero hazme el favor si la siguiente sale juego n1 elijo yo y luego tu porfavor/2; ya/1; (si eligiamos siempre el numero 3)/1; =)/2; pues elegimos 3 porque si da lo mismo../1; seguimos siempre con el 3?/1; vale perfecto/1; no/1; seguimos siendo los mismos/2; ahhh/1; yo soy f/2; pensaba que iba rodando/1; de antes/0; vale/2; te sale mas rentable a/1; A ganas 80 igualmente/1; ahora que/0; porque no jugamos con el juego 3?/0; no entiendo el cambio/2; sigue con el 5/1; sigue con 5/1; te viene bien/0; pero porque ? si elegiendo el juego 3 ganais mas los dos/1; ganas 80/0; si lo digo por vosotros/1; es el juego 3/2; ganamos todos/1; f3c3/2; Tu el que mas/0; ahora que?/1; las diagonales son en las que mas ganamos/1; f1c1 f2c2 f3c3 f4c4 f5c5/2; f1 c1/0; sigo con c3f3?/2; No/2; En el juego 1 y 2/1; como que no/2; Tienes que poner f1 c1/2; en el 3/0; jajaja es broma/2; jajajajajaajaj/2; 33/1; Jajajajja/1; de 32 en 32/2; sisi/1; El bueno para todos es el juego 3/0; ya ves/2; hay es donde mas nos dan/2; es clave jajaja/1; 100 puntos es un euro?/2; creo q 50/1; ah ostras claro
0.0,0.0,0.0,0.0,0.0,0.0,0.0,0.0,0.0,0.0,0.0,0.0,0.0,0.0,0.0,1.0,2; llevamos c y f unos 6 pavos/1; 5/2; vuelta a empezar/2; que pateo jajajajaja/1; perfecto/2; otra igual/2; vale
1.0,0.0,1.0,1.0,0.5,1.0,0.5,0.0,0.5,0.5,1.0,1.0,1.0,0.0,0.0,0.0,"1; 3? te lo pregunto solo para asegurarme ;)/2; pues 3 otra vez :)/1; jajajaj ya/2; 3/1; el jugador A es lo que mas gana sin hacer nada!!/1; si si 3/2; ya :(/1; nono/2; okey/2; 5/5 entoncces/1; si/2; perfect/2; 1/1?/1; si/2; porque tu maximo tambien es 46/2; sino cogias tu/1; asi esta bien/2; okey/2; y todo esto cuantas veces mas hay que repeitrlo?/1; tranqui tranqui/0; jugando al juego 3 ganareis 40 cada uno/2; porque el juego se escoge por sorteo/1; dale al 5/0; vale/0; y como sabeis que es el juego 5 ?/2; nos lo pone/0; ahh/1; ahora el 3/2; ahora 3/2; todo 3/0; sii/1; en todos los juegos/0; con fila y columna mismo num/0; salen mas gamancias/1; exacto/2; Pero hay que intentar sacar el mayor beneficio/1; madre mia/2; F3 c3/2; y en el 4 y 5/1; 3.3/1; Si porque va muy lento/2; sisi/2; media hora cada pantalla jajajaj/0; en el punto 12 de las instrucciones pone lo qe vale cada punto/1; A?/0; sisi, 3.3 a tope/2; la gente que escribe tanto ajajajjajaaj/1; Entonces ganamos 5€ más lo que sumemos aquí?/0; eso creo/2; o alomejor al acabar nos asignan tantos puntos segun lo hayamos hecho/0; si, tambien puede ser/1; Ni idea/2; 33/1; Este es el juego bueno/1; jajajajaja/2; sisi/0; jajaja/2; todo al 3/2; pues hay sueño/1; Es un poco aburrido/0; va muy lento, no le dan al ok rapido/1; vale/1; igual no/2; otra no?/1; o quieres elejir la mas alta/2; que va por 6 puntos no me importa/2; en dos juegos no hemos ganado ni lo que ha ganado el en uno../1; jajajaj ya!!/2; pero creo que si lo haciamos uno tu y otro yo A ganaba aun mas/1; 3/2; si jajaja/2; 3/1; ;)/1; 3 =)/2; perf"
1.0,0.0,0.0,1.0,0.5,0.5,0.0,0.5,1.0,0.5,0.0,1.0,1.0,0.0,0.0,0.0,2; 3/1; pues son  18 rondas en total/1; y llevamos 11/2; 5/5?/1; si quieres f4 y c4/1; porq asi ganas tu 10 mas/1; y yo solo pierdo 3 opuntos/2; okey/2; como quieras/2; 4/4 entonces?/1; si/2; gracias/1; xd/1; de nada/1; xD/0; juego 3 fila 3 columna 3/1; mi idolo jajaja/0; jajajjaj/2; ? guaita/0; ??/1; nada nada/2; todo 3 ahora participante a/1; sisi/0; entendido
1.0,0.0,1.0,1.0,1.0,1.0,1.0,0.0,0.5,0.5,0.0,0.0,0.0,0.0,0.0,1.0,1; cuidado/0; fijaros si cambia/1; no se cambie/1; eso/2; todo 3/2; todo 3/1; 3/0; vale/0; con cual ganamos mas?/1; la 11 22 gana mas el f y 44 55 gano mas yo/1; el c*/1; la 33 es la mas igualada/0; pero cual cojo ahora?/1; en todos creo/2; la c1 f1/2; Es la mas repartida/2; Dentro de que todos ganamos/0; decidme que cojo ahora/1; f5c5/2; fa c4 y c5 l5/0; y eso?/0; con lo facil q es poner 3.3/2; con lo rapido que se hace/1; Exacto/1; Dan mucho tiempo creo yo/2; y despues de esto que habra/1; En un minuto se puede/0; y la gente escribe hasta el final/2; que bien ahora/1; Que suerte/2; el 3/2; manteca/2; 3.3/2; ahora ha ido mas rapido/0; jajaja que no pare/2; sisi/1; Jajajajaja/2; pero si toca el juego 1 o 2 dejame elegir es lo unico/1; vale/2; eso si el jugadorA se va llevar 500 millones/1; yes/2; ;)/1; no entiendo porque los otros se escriban tanto :)/2; ya ves jajaja/2; se estaran contando su vida o algo -.-/1; jajajaj/1; pero no se puede =)/2; ya jajaja/2; bueno 3/2; 2/2?/1; podemos coger la 3/3/1; y la siguiente ganas tu/2; vale/2; entonces 3/3?/1; es q lo unico q pierdes son unos puntilos/2; si si me parece bien/2; entonces hacemos 18 y acabamos todo lo del lineex?/2; a esperar/1; que no cambie/1; atentos/2; todo 3/0; siii/1; A te estas llevando buen botin eh nats jajaja/1; que suerte jajaja/0; jejejeje  :P/2; ojala me hubiera tocado a/1; jajaja ya ves/2; todo 3/0; valee/1; eso/2; Vale espera/2; Lo mas justo es repartir ganancias/1; aunque lo mejor seria f3c3/0; decidme el que mas ganemos todos/2; y con c3 f3/2; tu 72
1.0,0.0,1.0,0.0,0.0,1.0,1.0,0.0,0.5,0.0,0.0,1.0,0.0,0.0,1.0,0.0,2; nosotros 36 36/2; Pero si quieres igualar porque tengo un poco menos seria justo/2; Y empezar a repartir totalmente/2; Y salir ganando todos/2; La la f1/2; Seria esa opcion/1; estamos en el juego 5
1.0,0.0,0.5,1.0,0.5,1.0,0.5,0.0,1.0,0.5,0.0,0.0,0.0,0.0,0.0,1.0,1; ahoar/1; ahora/2; Porque asis e reparte/2; Aunque en unas yo gane menos/2; Como en esta/2; en la 4 y 5 yo gano menos/2; en la 3 igual/2; y en la 1 y en la 2/2; Yo mas/1; por 3 puntos entonces/2; el 3 las 6 que quedan/0; aqui me faltan los emoticonos/1; No entiendo de que habla la gente/1; Todo el rato es lo mismo/2; estaran ligando/0; o discuten pq restan/1; Jjajajajjaja/0; jajaja/2; jajajaja/1; Tan malos son?/2; el A los esta poniendo mal todo el rato/1; Porque se trata de que ganemos todos/2; claro/0; a mi me la jugaron la ultima vez jaja/2; nuestro A si que mola jajajajaj/2; si o q?/1; Creo yo vamos/0; oh yeah/1; SI?/2; ahoera cuentas jaja/2; madre mia/2; lo estamos haciendo de oro/1; ya estaba mirando si podemos ponerle una cantidad negativa/1; elije/2; vale a ver/2; o c1 f1/2; o c2 f2/2; por tres puntos ya ves/1; c2 f2 mejor no/1; ajaja/2; por eso te digo/1; si/1; 3..y ya acabamos/2; sii/2; hola/1; hola/2; que fila vas a coger?/1; pero q juego seleccionamos/2; donde se selecciona/2; ?/1; creo q si/2; ah/2; 2/2?/1; si/2; okey/2; porque si cogemos la 1 pierdes mucho tu/1; aa es verdad/1; lo q quieras/2; no no la 2 por que yo pierdo 3 y tu ganas 11/1; me parece bien/1; :)/2; te parece bien lña 1?/1; que no se cambiee/2; va que dentro de nada acabamos/2; vamos equipo/0; weee!!!/1; jjajjajajajajja/2; todo 2/1; eso/0; y si elegimos c3 y fila 3/0; asi los dos ganais por =/2; todo 2/2; c1/0; decidme
1.0,0.0,1.0,1.0,0.5,1.0,1.0,0.0,1.0,0.5,0.0,1.0,1.0,0.0,0.0,0.0,"2; Vale es muy sencillo/2; o c1 f1 como antes para seguir repartiendo/0; es que yo no se que juego hay en cada caso entonces no se como elegir una buena combinacion/2; o f3 c3/1; a como que para seguir repartiendo/2; Respecto a F/2; ahora f5 c5/2; Asi es lo mas equilibrado/2; f3 c3/2; Juego 3/0; pues f3c3/2; Porque es donde mas se reparte/0; y ganamos todos/2; ole ole/1; Bien/2; el 3 jajajaja/2; cuenta eso A/1; Ya nos queda poco/0; pues habia que repartir dinero, parecido a ahora/0; nos dimos lo mismo todo el rato/0; en la ultima ronda me resto"
1.0,0.0,0.5,1.0,0.0,1.0,1.0,0.0,1.0,0.5,0.0,0.0,0.0,0.0,0.0,1.0,"2; que liante/1; Ehh no nos hagas eso ehh!! Que aquí ganamos todos/2; lo malo esque no sabes quien es jajajajaj/1; Te resto mucho?/0; jajajajaja/0; si, si.. me resto bastante/0; aun asi gane mucho/2; si no la peña saldria de aqui a golpes jajaja/1; Como son así/2; sisi/2; c2 f2/2; vale ahora si/1; cual/2; f1 c1/1; jajaja/1; vale/1; abajo/2; 3?/1; vale/2; la*/2; que es la unica que gano 54?/2; y luego tu/1; vale entonces me tocan dos seguidas tambien/2; si si/1; bien/2; gracias/1; la uno uno/2; si/2; elige/1; pf/1; yo q se/2; 3/3?/1; la 55/1; a vale/2; lo que quieras/0; y yo aunque gane menos, pero ya llevo ganado mucho/2; antes el se ha llevado mas/2; y ahora yo mas/0; vale/2; es lo justo/2; todo 2/1; sisi/1; es lo justo/2; todo 1/2; hoy ganas mucho participante A/1; jajajaja sisi/1; yo ganare poco/1; si estas ganando tu el doble que yo en las ultimas/2; tio entiende el juego/2; tu 80 nosotros 40/2; serian 80+40+40/0; era diferente, el ganaba mas/1; Yo la otra vez que vine el juego no se parecia mucho/2; yo empiezo hoy jaja/2; 3.3/2; 2/2; 3.3/2; el A es siempre la suma de los dos/1; lO TÍPICO/0; si/1; sí/2; yo creo que al igualar c y f nos daran algo"
1.0,0.0,0.0,0.5,0.0,0.0,0.0,0.0,0.0,0.0,0.0,0.0,0.0,0.0,0.0,1.0,1; No creo yo jajajaja/0; seguro q luego hacen una compensacion/2; jajajajajajajajajjaaja/1; No tendremos esa suerte/2; a eso me refiero/0; es trabajo en equipo en teoria/2; graciassss/1; el que tiene q dar gracia es A/1; fila uno/1; ci/1; si/2; 3/3 entonces?/1; si/2; joder/1; xd/2; jajajjaja/2; elige/1; la 33
1.0,0.0,0.5,1.0,1.0,1.0,1.0,0.0,1.0,1.0,1.0,1.0,1.0,0.0,0.0,0.0,"2; oki/2; gracias/2; 42495/1; en la 44/2; vale/2; que hacemos?/1; juego 1/1; fila/1; 1/1; columna 1/2; igual/0; juego 1?/2; el ganara el doble que nosotros/1; ya/2; pero esta hecho asi el juego/2; todo 1/0; jejeje pues si :(/1; claro rula y au/0; vale, todo 1/1; jajajaja/2; a doblar en la ruleta esa es buena jaja/2; todo 1/1; que pesaos jajaja/1; me llevo to poco/0; ajajajaj/1; pero bueno/1; jajjajajaja/2; Elige f1 c1/1; tendriamos que coger f3c3/1; entonces juego 1 f1c1 juego 3f3c3 (este caso) 5 f5c5/2; SI/1; y en el 2 y 4?/1; el 22 y el 44?/2; Al menos este bloque hemos estado mas atentos/2; En el y en el 2/2; Lo explico otra vez/0; en c3f3 siempre reparte bn/2; Si, pero no se saca mas beneficio/0; no estaria el chat/2; claro/1; Ya eso es verdad/1; Y lo de hacer 2 rondas será por algo no?/2; aunque es una investigacion , les da igual quien s elo quede/2; ni idea jajaja/0; hay mas rondas?/0; me muero/2; nose/2; podrian cambiar el juego/2; jajaja/0; que calor hace/2; 1/2; siis/1; yo al principio no había pillado el juego/2; jajajajajajaaj/2; si esque en verdad no tiene demasiado sentido/2; yo c3/1; vale pues hasta la cinco ganamos igual/2; una cosa/2; empieza a escoger ahora/2; tu escoges 4,5,6/2; y yo 7,8,9/1; 6 y 7 pa ti 8 y 9 pa mi?/1; a siiii/1; okey/2; cual/1; mejor ahora/1; venga vale el 4 y 4/0; o 3 y 3?/2; fila tres columna 3/2; si mas igualado"
1.0,0.0,0.0,0.5,0.0,0.0,0.0,0.0,0.0,0.0,0.0,1.0,1.0,0.0,0.0,0.0,0; perfecto/1; juego 1/0; 3 y 3?/2; juego 1/2; sii/0; c 1 y 1/2; columna 2/2; fila 2/1; ya queda menosssss/0; perdooooon/1; habiamos dicho 2 y 2/1; por eso eres C
1.0,0.0,1.0,1.0,0.5,0.5,1.0,0.0,1.0,0.5,0.0,1.0,1.0,0.0,0.0,0.0,"0; ahi si que me corrompo/1; jaja/0; jajajajajajaja/0; exacto/0; jajajajajaja/2; jajjjajjaja/0; pos si suertee/2; mas money/2; 3/2; 3 3/1; 3 3?/0; valeee/2; que bien estamos de acuerdo siempre jajaja/0; si tio, y oigo a la gente escribir mucho/2; c3, f3 ganamos ambos otra vez/1; ok/1; hacemos 4 y 4 ?/1; y la siguiente si se puede tu gasnas mas asi/2; elige f5 yo c5 y ganas 50 y yo 26/2; asi ganas tu mas aun/2; la siguiento yo el que mas/1; ok/1; 2 y 2 ?/2; vale si, es la maxima para c/1; 5 y 5 y la proxima al reves para favorecerte a ti/2; vale va/2; 1, 1/0; 1 y 1/1; 5 y 5/1; juego 4/0; 1 y 1/1; no puede ser que te ponga juego 2/0; jajajaj/2; por tres monedillas de na/0; jajaja/0; decir/1; pensaba que ya habia terminado/1; juego 3/1; verdad?/0; aahhhhh/0; eso no se dice"
1.0,0.0,0.0,1.0,0.0,0.0,0.0,0.0,0.5,0.0,0.0,1.0,1.0,0.0,0.0,0.0,"1; juego 3/0; 3 y 3?/1; pues 3 y 3/2; siii/1; otras vez/0; y yau/1; genial/2; se acaban enseguida/1; imagino que sera eso si, si quien decide prefiere quedarse todo dandole igual lo que le digan jaja/1; siempre esta lleno esto/2; si"
1.0,0.0,0.0,1.0,0.0,0.0,0.0,0.0,0.0,0.0,0.0,0.0,0.0,0.0,0.0,1.0,0; claro pero no se quienj sera tan cabron/0; ya/1; valee/0; valeps/2; 1/1; 1
0.0,0.0,0.0,0.0,0.0,0.0,0.0,0.5,0.0,0.0,0.0,0.0,0.0,0.0,0.0,1.0,"0; 3 3/0; no?/1; sii/2; si/0; oka/1; 4/2; 4/0; iguales?/0; 3 3?/0; y la siguiente tambien y au/1; vale como querais/0; a mi me da igual/1; 3.3/0; ya, yo pensaba que no podia saber el juego/0; asi no tiene mucho sentido/0; jajaja/1; Jajajaja/1; Me refería antes a que en teoria hay 18 rondas pero se hacen en plan 2 sesiones de 9 y 9/1; Que será por algo alomejor/0; ah ni idea, igual ponderan difernte/2; esta gente se esta contando sus vidas/0; pero me lo estoy inventando/1; Porque si es lo mismo porque no las hacen seguidas?/0; en la segunda ronda la gente se pune chunga/0; jajaja/1; Ellos sabran!/0; pone*/2; jajajajajaajaj/1; Nos queda poco ya/2; 3 ronditas/0; van a decir, esta tia no mira ni la tabla jajaja/1; Jajajajaja/2; jajajajajajaj/1; En general la gente ni la mira/2; con lo que me den me voy a comprar medio consum/1; Supongo que la mayoría estarán haciendo lo mismo que nosotros/2; que hambre/1; Yo también tengo mucha hambre/2; seguro que hay un A codicioso por ahi/0; mi hermana ayer se llevo 16, a ver si hay suerte y se estiran mas/1; Y se me está haciendo un poco largo/2; que los tiene en negativoa todos jajaja/1; Yo la última vez me lleve 23"
0.0,0.0,0.0,0.0,0.0,0.0,0.0,0.0,0.0,0.0,0.0,0.0,0.0,0.0,0.0,1.0,0; otra ronda mas y me da un parraque/1; Hoy no creo que tanto/0; yo 41/1; Ostras que bien!!
0.0,0.0,0.0,0.0,0.0,0.0,0.0,0.0,0.0,0.0,0.0,0.0,0.0,0.0,0.0,1.0,"2; un colega el otro dia 46/0; sisi, flipe/2; la 1 no para/2; tendria que salir la 3/1; En realidad nos lo estarán leyendo todo/2; si/1; No estaría mal la verdad/2; seguro/1; Jajajajaj/0; la gente esta concretada a tope eh/0; jajaja/1; Si si"
1.0,0.0,1.0,1.0,0.5,0.0,0.5,0.0,0.5,0.5,0.0,1.0,1.0,0.0,0.0,0.0,"2; diran estos que hacen que bo hablan del juego jajaj/1; Se les va la vida ne ello/0; jajajaja/2; les puede el dinero/1; Nos queda unaaa!!!!!/2; menosmal jajaja/1; Qué ganas de verdad/2; no sabemos ni la hora que es/1; 0.51458333333333295/0; ya es de noche?/0; jajajaja/2; ya pa casa o hya mas cosas?/1; Jjajaja/1; Esperar a que nos paguen/1; jajajajaja/2; que rapido/0; esto ya es la despedida/0; jajaja/2; un placer equipo jajajaj/2; os habeis portao/1; A no nos falles en esta eh/1; jajajaja/0; jajajaajjajaaja/2; jajajajajaja/1; Yo al principio he marcado por marcar/2; la tabla de abajo es super util eh/1; Después lo he pillado/1; jajajajaja/1; Si/0; jajaja no la habia ni leido jajaja/2; ajjajajajajaaj/2; me tomare algo al salir a vuestra salud/1; Vamos aquí la gente dandolo todo en la última/0; y yo!! un placer jajaja/1; Nerviosos/2; sisi, no paran/1; Igualmente!!!/0; apurandooo/0; agonizando hasta el final/1; 3,2,1/2; auuu equipo/2; que cobreis mucho/1; Adios!/1; Eso digo yo/2; quieres/2; dime/1; perfe voy/1; c4 f4/2; y poque no c5f5/2; ganas mas/2; juego 4/1; siii no la vi/1; esaa/1; 5 5/2; ok/1; fila 5/1; columna 5/2; fila 1/1; propongo 3 y 3/1; si/0; vale mirar/0; todos los 3 y 3/0; de todos los juegos"
0.0,0.0,0.0,0.0,0.0,0.0,0.0,0.0,0.5,0.0,0.0,1.0,1.0,0.0,0.0,0.0,2; dos y dos tmb esta bien eh/0; pongo siempre 3 y 3?/2; lo que querais/1; eh/0; liada mia/0; perdonarme/0; es que al final habia leido el 1 y 1/1; ahora es el juego 4/0; y se me habia ido la cabeza/1; igualmente si te fijas/1; tampoco es que te lleves mucho mas/2; a ver no creo k fuera cabrona/2; la verdad/2; xk me sabria mal que venga la gente  yo jodiendo/0; eso espero porque como haya tercera ronda y cambiemos de rol...
0.0,0.0,0.0,0.0,0.0,0.0,0.0,0.0,0.0,0.0,0.0,0.0,0.0,0.0,0.0,1.0,0; jajajajajaja/2; prefiero ser buena xD/1; jajaja/1; no creo que haya ya/1; congeniamos muy bien jaja/2; jaja yo igual digo que escribeen.../0; quiero saber quin soooois/2; y yoo/0; jope
1.0,0.0,1.0,1.0,0.5,1.0,0.5,1.0,0.5,0.0,0.0,0.0,0.0,0.0,0.0,1.0,"2; igual,no?/1; muy bien sigaMOS DOS MAS AMIGO@/1; SII/2; ok/1; 5 Y 5/2; c5f5, no/2; ??/1; siii/2; igual que antes/1; perfecto/2; okais/1; ahora te tocara a ti/2; en la siguiente ya/1; ?/0; columna 1/2; lo vamos viendo/1; 3 y 3/0; ahora cual?/2; dos dos/1; 3 y 3/0; eliges tu ahora f/1; pues mi mayor beneficio por la liada del anterior jjajaj/1; 5 y 5/0; perfecto/2; 4 y 4 no/0; perdona!/2; por solo tres monedas yo subo 11/2; rneta/2; renta*/1; ya pero yo acabo de perder 11/1; en el naterior/1; asi compoenso/1; ahora estamos igualados c/0; voy a ganar pasta por poner todo el rato 3/0; jajajajajaj/0; volvemos al c3 f3/0; ajjaja/2; jajajjajjjja/1; si la verdad que asi da gusto/0; habrá otra ronda más o que?/0; ya no se/2; YO HARIA LO QUE ME DIJERAIS JAJAJA/1; al final de las intrucciones lo pone/0; pero es que hemos estado poco tiempo/0; bueno va en esta hemos ganado un poco más/0; no no hay otra/2; sii/1; a las 5 haran los 90 minutos/2; no?/2; jou/1; esta ya es la ultima creo/0; si/0; eso pone/2; viva el c3f3/0; es que es maximo 90 min/0; vivaaa/1; cena gratis/0; jajajajaja/1; No se puede decir nada de nada por aqui no?/2; no/1; Pos vaya/0; nope/0; yaa/1; eso es dsps lo k diga usted/1; diga/2; c1f1/1; perfe/2; igual"
1.0,0.5,0.0,1.0,0.5,1.0,0.0,0.0,0.5,0.0,0.0,0.0,0.0,0.0,0.0,1.0,"2; c1f1/1; okey/2; c1f1/1; 1/2; hagamos una cosa/1; dime/2; en esta primera escogemos la que ganemos lo mismo ambos/2; es decir la c3f3/2; y en la rondas 2,3,4 y 5 Elijo yo/1; vale si xk crea desigualdad esto/1; vale/0; fila 1/1; columna 1/1; fila 1/2; fila 1 coluna 1"
1.0,0.0,1.0,1.0,1.0,1.0,1.0,0.0,1.0,0.0,1.0,1.0,1.0,0.0,0.0,0.0,0; bueno como querais/1; hemos dicho/1; asi nos llevamos lo mismo/2; que por tres moneditas es lo mismo/1; c no seas avaricioso/2; y en la proxima te lo llevas tu/0; juego?/1; 4/0; que elija el f ahora/0; y en la ultima el c/1; vale
1.0,0.0,1.0,1.0,1.0,1.0,1.0,0.0,1.0,0.0,0.0,0.0,0.0,0.0,0.0,1.0,"0; ahora si/1; a partir de ahora 2 y 2 o 4 y 4/1; juego 4/1; otra vez/0; buas/0; elegir/2; yo pense que iba a venir y que no me iba a enterar de nada/1; no te rompes mucho la cabeza y a cobrar jaja/0; yo igual la verdad/1; este es el mas facil de los que he estado la verdad/2; me espere fuera mas de media hora/0; pensaba que esto seria to difivil/0; tu ya has ido a mas?/0; yo soy debutante/1; si esta es la 4 vez que vengo creo/0; jajajaj/0; joder te habras sacao ya bastante no?/1; jaja/2; jajjajajja bueno un placer xikos/2; xikas/1; igualmente/0; staba mirando a ver si habia alguna que vosotros ganarais más pero no c3 f3 es la más compensada/0; igualmente/0; un placer/1; claro si es la mejor en cualquier juego/2; tranki si/0; bueno pues ya me he pagado una buena cena o un festival/0; jajajaja/0; encantado/2; jjajajajja igual/1; 1/2; 3/0; 3 3/1; 4 4/2; lo mismo,/2; siii/1; joder eso/2; y en la 6,7,8 y 9 eliges tu/2; que te parece/2; ?/1; haha  okeey vale tambien/1; sisi/2; vale, pues la c3f3 ahora, qye ganamos lo mismo ambos/2; y luego ya como hemos dicho/2; entonces, ahora y hasta la 5 inclusive elijo yo/2; y luego tu/2; c1f1/1; ei tambien podriamosescoger segum el juego el que suma 80 xk me parece ke habra la misma probabilidad piensalo sino seguimos con lo dicho/1; osea 12 te benefician si cogemos 80 y 4 y5  a mi/0; 1 y 1?/2; sisi/1; me parece bien/0; te toca elegir tu beneficio mayor/1; pues 5 y 5/0; perfecto/2; okey/1; que bueno eres A/0; yo siempre!!/2; que peloteo tu/2; 2 y 2/1; ponemos 3 y 3?/0; 3 y 3/2; vale pero a la proxima me toca a mi"
1.0,0.0,0.0,1.0,0.5,0.0,0.0,0.0,0.0,0.0,0.0,0.0,0.0,0.0,0.0,1.0,1; no/0; si/1; o sea/0; vale/1; asi seguimos igualados/1; exactamente/0; y la ultima f/1; entiendes?/2; jajjajajja genial y las otras/1; que va.../2; veces que cobraste?/0; eso cuanto te sacaste?/1; depende en unos sobre 20 otros sobre 10/1; cuando mas 27/1; c3 f3/2; bueno poco a poco/0; no esta mal/2; sisi c3 f3
1.0,0.0,0.0,1.0,0.0,0.0,0.0,0.0,0.0,0.0,0.0,1.0,0.5,0.0,0.0,0.0,2; el juego es el 3/1; sii/2; que fila y columna vas a escoger/0; f4 c4 os parece?/0; c5 f5?/1; sii/1; esa no
1.0,0.0,1.0,1.0,1.0,1.0,1.0,0.0,1.0,0.0,1.0,1.0,1.0,0.0,0.0,0.0,"1; bueno si jaja/2; f3 c3/2; esa es equitativa para f y c/0; oki/1; vale esa la veo bien/2; el juego 4/1; ahora es el 4/1; me lio con la filas/2; jajaja/0; jajajajaja que cacau de nomeros/1; Ahora si que se acabo/2; pues si, yo no me he calculado anda/2; es como digo yo ganamos mas/1; el de 3 es x igual/2; c1f1/1; vale pues si mejhor simple sigamos asi!/1; f1c1/2; yes/2; sip/1; dos rondas mas confio en tiii haha/1; la cooperacion sumaaa/1; dos despues de esta/2; c1f1/1; siii/2; esta es la ultima que elijo yo/0; perfecto/1; juego 4/0; juego?/1; 3/0; ccccc te toca elegir/2; fila 2/1; bueno vale/2; vale!!!!/1; juego 3/0; oki/0; si c3 f3 es la clave/0; jajajaja/2; jajajajjajaja/0; si gano lo suficiente me tatuo f3 c3/2; otra mas de 9 plis/0; vale/2; c2f2?/0; el equitativo para f y c es c3 f3 en todos los juegos, no?/2; siii/2; pero sales siemore ganando A/0; ya, pero no puedo hacer nada/1; c3 f3 prefiero yo/2; vale c3f3/0; a ver, si no podemos ir alternando que uno gane mas en una ronda y el otro en la otra"
1.0,0.0,0.0,1.0,0.0,0.0,0.0,0.0,0.0,0.0,0.0,0.0,0.0,0.0,0.0,1.0,"0; lo que prefirais/1; vale tambien bien/2; vale a la siguiente lo hacemos asi/2; esta c3f3/0; vale/1; perfe/2; nada/1; No ni yo/0; yo si/0; en la mano/0; ;)/2; vaya tela../1; okiii/2; en la siguiente ya empiezas a elegir tu/2; c1f1/1; perfectoo/2; cual quieres?/1; 42495/2; ok/2; igual, no?/1; no en esta de regalo/1; escoge el 4/1; 42464/2; ok"
1.0,0.0,0.0,0.0,0.0,0.0,0.0,0.0,0.0,0.0,0.0,1.0,0.0,0.0,1.0,0.0,2; gracias/1; nada hombre es que estoy descubriendo ahora cosas/0; vale/0; como antes?/1; fila 5/2; juego 2/1; c 5/0; 3 y 3/2; columna 2/0; ah vale wsi
1.0,0.0,1.0,1.0,1.0,1.0,1.0,1.0,1.0,1.0,1.0,1.0,1.0,0.0,0.0,0.0,0; perdona/1; perfecto/0; c/1; yo veo un 3 y 3/2; 3 Y 3/1; pero que idga c/0; 3 y 3?/2; Y la proxima tmb iguales y se acabó/0; jajajajajajaja/2; xD/1; las instrucciones dan a entender que son 2 veces y ya no?/1; lo que pasa que no entiendo muy bien la finalidad del experimento de hoy/0; c3 f3/0; ni yo/2; la finalidad es tauarnos los 3 c3f3/0; ver si repartiriamos lo más equilibrado posible o a sacar pasta y que les jodan a los tros supongo/2; juego 1/1; el 1/0; ni idea/0; que hacemos?/1; coge la c2f2/2; si/0; valee/1; y a la proxima en la que yo gano más y arreglado/2; valee/0; 2 2/2; sii/2; 4/1; 4/1; ostia jajaja/2; jajaja/1; pero ya esta hahah sigamos asi/1; hombre o mujer disculpa hahah/1; 42464/2; ok/2; tell me/1; x 12 centimos me da ihual/1; dale 3-3/2; ok/2; thanks/1; haha solidaridad es lo ke hace falta sigamos asiii/2; :)/1; knos vamos a gastar yaa!/1; perfecto igual compa/2; okis thanks/1; 42432/1; seloecciona la columna 3 yo pondre la 3 tbn/1; asi ganamos ambos/2; okay/1; no no/0; 2 o 4?/2; es el 2/2; a mi me pone eso
1.0,0.0,0.0,0.0,0.0,0.0,0.0,0.5,0.5,0.0,0.0,1.0,0.0,0.0,1.0,0.0,0; ah val vale/1; es que el juego es el que nos dicen ellos/1; a mi me pone que es el 4/2; a mi el dos/0; que quereis?/2; fila 1 columna 1 mismo/1; nooo/2; te he hecho un favor f/1; graciassss/2; podria haber dicho 1 y 1/0; el c es generoso!/0; todos aqui somos generosos/2; siiiiiiii/0; perfecto/0; 3 y 3 esta/2; contar un chiste o algo/1; sii/0; va/1; sois chicos/1; ambos/1; jajaja/2; k no os enterais/0; otros*/0; jajajajajajajaja/2; jajjaajajajja/0; exacto xd/2; lo malo es que las plazas
1.0,0.0,1.0,1.0,0.5,0.0,0.5,0.0,0.5,0.0,0.0,0.0,0.0,0.0,0.0,1.0,"0; 4 4/2; sii/1; valee/0; geniaaal/2; 4/1; 4/0; pueees o iguales y hacemos 3 3, o 2 2 y gana c más/0; lo que prefirais/2; pues 2 2 y a la siguiente gana mas f/1; valee/0; valee"
1.0,0.0,1.0,1.0,1.0,1.0,1.0,0.0,0.5,0.0,0.0,1.0,1.0,0.0,0.0,0.0,"2; 5/1; 5/2; 4 4?/1; perfe/0; si/0; porque el resto se difernecian demasiado/2; exacto/2; en la próxima hacemos que los dos ganemos lo mismo/0; con el boli de firmar el consentimiento/0; xd/2; te aburres mucho/0; pos si/1; hola/2; si quirees cojo yo la fila 3 y tu la columna 3/2; ganoyo ahora 54/2; vale?/1; vale asi lo hacemos/2; ok/1; 4 y 4 en la combinacion q mas suma/2; como tu has recibido 2 de 54 esta hacemos la 1,1 yo tengo 42 y la siguente ultima ronda lo maixmo para ti/2; tu tienes dos de 54 ya y yo uno solo/2; que opinas/1; perdemos mas ahi/1; sumja menos/1; 4 y 4 mejor/1; y la proxima se cpmpeda/1; conmpensa/2; suma menos para ti pero ya ienes dos 54/2; 1,1/2; podemos ir a la par ahora/2; es la ultima/2; 40,40 para cada uno ya esta/1; vale bien/2; okay/2; juego 2/0; que es positivo para todos/0; en los dos juegos/2; si me lo pone/0; era el 4/0; ahora?/0; y yo/2; seguis siendo los mismos?/0; creo que ponia que si/1; empezamos con un 3 y 3?/2; digo con el rol igual/2; yo sigo siendo c/0; sisi/0; soy a/0; madre mia/1; por finnnn jajajaj/0; esto habrá acabado ya?/2; jajjaajaj/1; encantadooooooooo/0; o habrá otra ronda?/1; encantadaaaaaaaaa/1; ya ha acabado/0; encantada!!!/2; encantado iguamente/0; ah vale!/2; va un chiste che+/2; el que me aconsejo venir un dia cobro 90 pavos/0; joderrr/2; asi sin mas/2; vale si/1; o que gane más uno ahora y en la otra el otro/2; vale uno mas ahora/1; la 4 4 ?/0; va benne/1; y luego gana más c?/2; genial/0; pues 4 4 adjudicado/2; 3"
1.0,0.0,1.0,1.0,1.0,1.0,1.0,0.0,0.5,0.0,0.0,0.0,0.0,0.0,0.0,1.0,"1; 3/0; tiene qew ganar mas c?/2; sii/1; si/0; 2 2/1; valee/2; por mi bien/0; vale pues/0; ha sido un placer, personas desconocidas/0; jajajajajja/2; lo mismo digoo/1; jajaja lo mismo digo/1; entonces ahora en las otras rondas cambian grupos?/2; 3/2; que son 40 para cada uno/1; vale perfecto/1; vamos hacerlo de forma que vayamos ganando lo maximo posible/2; exacto/2; vale, pues yo c3 y tu f3 en esta/2; Como lo ves en este?/1; si quieres en este c4 f4/2; vale/1; y en el siguiente que tu ganes mas yo me los bajo/1; no hay problema"
1.0,0.0,1.0,0.5,1.0,0.5,1.0,0.5,1.0,1.0,0.0,1.0,1.0,0.0,0.0,0.0,"2; vlae, eso te iba a decir ajjaj/2; perfecto/1; te parece c2 f2/2; este como es el juego 3 podemos ir a la par/1; 3  y 3 es lo mejor/1; si/2; en los otros ejerciicos vemos cual e sla maxima cuota y para que color y nos compensamosç"
1.0,0.0,1.0,1.0,1.0,0.0,1.0,0.0,0.5,0.0,0.0,1.0,1.0,0.0,0.0,0.0,"2; a la larga es mejor/1; si vamos viendo eso/1; 4 y 4 suma mas/2; 5,5 por q en la 3,3 la diferencia para mi no es tanta y tu ganas bastante mas/1; 80 suma/1; lo he dicho/2; juego 2ahora/1; pero no me haciais caso/1; f 5/1; c5/2; a mi me ponia eso/0; valeep/1; a mi me pone juego 2/2; perfecto/1; y yo sigo siendo F/2; 3 y 3/1; si/0; perfecto/1; juego 4/2; 3 y 3?/0; elige tu ahora/1; va di tu/0; acqabo/0; acabó esto!/2; va un caracol y derrapa/2; te ha hecho gracia?/0; shhhhh/0; 3 y 3/0; ????/2; pues a la vieja que atropello tampoco/2; cual crreis que es el mas rentable?/1; Si coges f1 y c1 ganamos los 3/0; ok/2; eso  iba a decir yo jjajajaj/1; f3 c3?/0; Como lo veis?/2; oki/1; dios mio/0; yo un amigo que gano 58/0; pero 90.../1; La 3 3?/2; sii/0; lo que digaaais/0; 3 3/1; pues coge esa/0; vale/0; oye, no somos los mismos no? esq yo antes era a tambien/0; jajajajaja esto me raya/2; siempre eres A/1; yo tambiern era el F/2; y yo siempre C/0; decidme/2; 4/1; 4/2; si quieres ahora c2 f2, y hacemos como antes/2; si si"
1.0,0.0,0.0,1.0,1.0,1.0,0.0,0.0,0.5,0.0,0.0,0.5,0.0,0.0,0.0,0.5,"1; si vale guay/2; si quieres seguimos el mismo metodo. Ahora f4 c4 que ganas tu mas y luego al reves/1; vale perfecto/1; 5 y 5 suma menos fijate/2; vale/2; sii/2; 4,4/1; ok/1; como hacemos ahora ?/1; hacemos 4 y 4 y queda pemdiente q t compense 2 rondas/2; vale/2; pues 4,4/1; 1 y 1/2; si cogemos la 1,1 aun llevarias 10 por arriba de mi/2; 1,1 va/1; no no/1; me pone juego 4/1; perdon/1; f 5/0; y luego c/0; como quedan 7 rondas y esta/1; elijo yo?/1; vale/0; 3 cada uno/1; pues 4 y4/0; okeis/0; escojo esa no?/2; vale/1; por mi si jaja creo que es la mas igualada/0; si si/1; c3 f3?/0; esa bien?/0; es la que mejor parece no?/1; si yo creo que si/1; igual?/0; de nuevo la misma no?"
0.0,0.0,0.0,1.0,0.0,0.0,0.0,0.0,0.0,0.5,0.0,0.0,0.0,0.0,0.0,1.0,0; si no?/2; si por mi si/1; por mi tambien/1; y como se hace eso jaja/2; no se/1; 58 ya es una exageracion
1.0,0.0,1.0,1.0,1.0,1.0,1.0,0.0,1.0,0.5,0.0,0.0,0.0,0.0,0.0,1.0,"0; 3 3?/0; o quereis alternar?/2; lo hacemos siempre equitativo?/0; lo que querais/2; a mi me da igual/0; a mi me da un poco lo mismo/1; a mi tambien me da igual/2; podemos hacer que uno gane mas en una que en la otra/2; ahora mas f y luego mas c/1; Si y luego que gane mas el otro/0; va pues si quereis ahora hacemos 4 4, y luego que gane mas c/2; en este es que si yo gano mas, tu pierdes mucho/1; esta vez si quieres c3 f3/2; si quierers cgemos el de enmedio/2; perfe/2; Como lo ves?/1; nos ha tocado el peor de los cinco/2; ya/2; si quieres ganamos igual/1; vale es o c3 f3/1; o si quieres c4 f4/2; ahora si quieres f2 c2/1; vale perfecto/2; antes no me ha dado tiempo a contestarte/1; ya digo como la cambie sin querer la liamos +/1; jaja/2; ajaja yo he pensado lo mismo/1; habriamos obtenido mucho menos/1; jajaj/1; y ganarias 28 mas q yo/1; en las otras he ganado 14/1; en cada una quedariamos igual/2; vale/1; hacemos 2 y 2 q la suma es la mayor 80/2; mejor si 2,2/2; 4,4/2; suma 80/1; si esa perfecta/1; y de momento estariamos ganando lo mismo/1; y c 5/0; okeis/2; pon el 1 y 1/0; el 1 y 1 y el 5 y 5/0; siempre son positivos/1; 5 y 5/0; para los 3/2; grande f¡¡¡¡¡/0; cccc/0; te toca !!!/1; juego 4/0; otra vez?/2; si/0; madremia les mola el juego 4 jajaj/1; pero nos llevaremos super poco dinero, no?/0; pues elije c/0; por?/1; elige c/2; voy/1; 1 punto es 0.02 €/1; eso es muy poco/2; 2 y 2/1; bueno A se lleva el doble jajaja/0; vale/1; c3 f3?/0; decid/0; si no? siempre será esa jajajaja/1; eso parece jaja/0; es que es la más compensada/2; dios me estoy poniendo nervios\q/0; jajajaja/2; es la 1a vez sorry/1; c3 f3 jaja/0; jajajajaja/2; jolin cada vez gano menos x<d"
1.0,0.0,0.5,1.0,0.5,1.0,0.0,0.0,0.5,0.0,0.0,0.0,0.0,0.0,0.0,1.0,"2; no se que hago/1; tu y yo ganamos lo mismo siempre/2; si eso si/1; c3 f3 es que parece lo mas compensado para los 3/2; si/0; ya ya si 58 es un puñao/1; aunque a ver con cuanto sale A hoy de aqui jaja/1; Vale/2; valee/0; valeps/2; somos los mismos de antes?/0; yo tambien lo pienso/0; JAJAJAJAJJAA/2; 4/1; 4/0; 2 2?/1; perfee/2; siiii/0; no puedo vivir con la duda de si somos los de antes/0; en serio/1; Yo creo que si/2; te has despedido antes?/2; asi aclaramoos jajaja/0; sii/0; personas desconocidas/1; vale somos los mimso/2; ahora f4 c4?/1; vale bien/2; yo creo que siendo la ultima ronda, vale la pena c3 f3"
1.0,0.0,1.0,1.0,1.0,1.0,1.0,0.5,1.0,1.0,0.0,1.0,1.0,0.0,0.0,0.0,"2; que son 40/1; si si yo lo veo igual/1; gracias/2; si/1; 4 y 4 y t debere 14/1; es la combinacion q mas puntos da/2; si mejor por que en esta para qu yo gane algo mas tienes que dejar tu de ganar bastante mas/2; 4,4/1; intenetemos buscar siempre puntos 80 entre los dos/1; 3 y 3 y la ultima si o si t tengo q compensar/2; vale/2; 1,1/1; si hombre/2; ya/0; valee/0; jijiji/2; se va  a llevar el doble A/2; jajjajaja/0; ha sido el azahar/1; juego 2/0; f llego tu beneficio/0; elije!/1; este no me gusta/1; pues 5 y 5/0; vaaleep/2; yo me llevo 14.../0; si/2; valep/0; vosotros ganais bastante pero igual/0; y yo pues el doble suele ser/1; si/2; jajajjajaja k morrooo/2; jajjajajajja/0; ha sido aleatorio lo siento jajaja/2; al menos nos reimos/0; por mi hubiera sido todos igual eh/1; mejor llevarnos todos lo maximo posibe jaja/0; claro/0; hace falta preguntar?/2; jjajajajajjajaj/1; yo creo que no jaja/0; ojala yo sabes/2; c3f3/2; pues entonces siii/0; jajajajaja/2; siiii/0; alguno de los dos ha preguntado algo que no ha dado tiempo a contestarle no?/2; cuando?/1; por aqui?/0; si, no?/1; vale si yo antes/0; cierto/2; 2/1; 2/0; ahora mas f?/1; mismo/2; sii n/2; luego al reves/0; pues como no querais 5 5/0; sale mas rentable hacer igual el 3 3/0; como veais/2; 4 4 mejor no?/1; o la 4 4/0; hotia no lo habia visto/0; jaajajaj sisi/2; a ti jajaja/2; si quieres f3 c3, que ganamos ambos 40/1; si si jajja/1; si quieres f4 c4/2; si quieres f4 c4, y en la siguiente gano yo mas y ya esta jajaj/2; si si"
1.0,0.0,1.0,1.0,0.0,1.0,0.5,0.0,0.5,0.0,0.0,0.0,0.0,0.0,0.0,1.0,"1; vale jajaj/2; yo haria f3 c3, que si no esta muy desigualado/2; es en la que mas puntuo/2; llevas bastante mas que yo/2; con esta se compensa algo/1; t debo  14/1; mejor 2 y 2/2; 28/1; quedamos igual asi/1; no son 14 lo q t debo/1; 2 y 2/2; 2,2 dejo de ganar 3 y tu no tanto/1; siempre os llevais mas vosotros/1; la 5 y 5/0; jajajajaajajaja/2; peor yo ahira/1; tambien es positivo para todos/0; a mi este tampoco/1; te llevas poquisimo en casi todos/0; luego eliges tú c/2; coge 4 y 4/1; vale/2; asi no me llevo tan poco/1; 4 y 4/0; pues a por la c3 f3 de nuevo jajaja/1; ya se podria multiplicar la ronda final todo jaja/0; pues si/2; great/0; porque en verdad 2centimos el punto tampoco es tanto.../0; jajajaja/1; nos llevaremos 8 euros imagino o asi/2; eso de los puntos/2; finales no?"
1.0,1.0,1.0,1.0,1.0,0.0,1.0,0.0,0.5,0.0,0.0,1.0,1.0,0.0,0.0,0.0,"0; si/1; y tu 16/0; más los 5/1; ojala mas jaja/0; y alla vamos a la última/0; otrs vez c3 y f3 no?/1; c3 f3 jaja/1; si si/0; ya veremos/2; dineroooooooo/2; jjajajajjaj/1; 45 minimo/0; lo uqe no entiendo es porque no se cambia de rol/1; bueno si cuando me lo den a mi/1; lo multiplico por 2 y lo sabré jaja/2; ese mejor/2; 4 4/0; 4 4/1; Sii/2; 2/0; mas c?/1; 3 3?/1; SI/2; si, 2 2?/1; mierda no eso/1; queria decir 2 2 jaja/0; si, 22/0; jajajja/2; jajaja vale/2; pues 2 2/2; siempre que toque el juego 3, podriamos coger el que es para los dos igual/1; vale bien/2; ahora si f2 c2, no?/1; si por supuesto/2; como lo ves? f3 c3?/1; si quieres ahora c3 f3/1; vale jaja/2; f4 c4?/1; c4 f4 ?/1; vale/2; perfe jajaja/1; ya me hubiera gustado ser el A con nosotros jaja/2; jajajaja ya ves/2; f3 c3?/1; vale si/2; f3 c3?/1; f3 c3 ?/2; vale/2; jugador A que filas y columnas vas a escoger?/0; la fila 4 y columnha 4/2; ahora caul?/2; cual?*/1; juego 5/1; fila 5/1; columna 5"
1.0,0.0,1.0,0.0,0.0,0.0,0.0,0.5,0.0,0.0,0.0,1.0,0.0,1.0,0.0,0.0,1; ?/0; si/0; vale 5 y 5/2; el 1 y 1 por fa/0; ahora beneficio para el C/2; juego 1/1; es el juego 5/1; bien/0; me dijisteis 4 y 4 no?/1; puso 4 y 4/1; sisi/0; okey/1; en esta nos llevamos un poco mas todos/0; bien bien/0; ya imagino cual habra salido entonces/2; y ahora que? ya se acabo?/1; ni idea/0; eso iba a preguntar yo/1; ojala otras 9/2; xD/2; sii/2; dinerooooooo/0; porque en teoria son 1:30h/0; siii/2; claro/0; eso si que rentaria/2; jajjajajajjaja/1; entonces si sale rentable la tarde si.../2; ojala 9 mas/0; exacto jajajaja
1.0,0.0,1.0,1.0,1.0,1.0,1.0,0.0,1.0,1.0,1.0,1.0,1.0,0.0,0.0,0.0,"1; para ver si el poder corrompe/2; por que nos llevamos 40/1; Pues sii , lo veo bieen/0; yo soy una mandá/0; jajajjaja/1; Tu te vas a forrar/2; exacto/2; vaya chollo/0; llevo 994 puntos/1; siempre ganas mas jaja/1; ostia/2; madre miaa/2; 4/1; 4/0; 4 4?/1; Perfe/2; bieeen/0; vale/2; sii/1; vale/2; f3 c3/1; vale si jaja/2; tenemos el juego 3/2; elijamos los que más puntos nos de/2; c3/1; perfecto/2; f3/2; ok??/1; siu ok/1; y ahora seguimos todaslas rondas/2; que fila vas a elegir?/1; f3 c3 no?/1; vale/2; el juego es el 4 eh/0; vale!/1; ah vale/1; pues juego 4/1; fila 5 columna 5/1; igualmente/0; juego?/2; perdon 5/0; elige que juego es y cual quieres/1; perfeccto/0; ah vale vale perfecto/1; yo es que no habia visto ese antes, perdona c/1; ahora es el juego 2/1; otra vez/0; ahora c que diga/0; oootra veez!/2; 2 y 2/0; valeep/1; bien bien/2; jajjajaja/0; renta la tarde al final renta/0; c3 f3?/2; sip/1; seguimos igual o quereis que cada vez elija uno para llevarse el maximo que pueda pero sin fastidiar al otro/1; sin que puntue negativo?/0; no se como quereis?/2; yo seguiria asi para ganar todos cada vez/2; pero como veais/0; a ver asi va bien pero si quereis casmbiar/0; decidlo ya que se acaba/1; pues asi entonces jaja/0; okey/0; a ver es que lo que tu estas diciendo lo entiendo pero va a sewr dificil cuadrarlo para que al final sea igual/0; no se si me entiendes jajajaja/0; por tanto como va lo veo bien/2; como veias/2; veais/1; lo digo porque por ejemplo ahora C se llevaria 3 menos pero yo 11 mas y A 8 mas y a la proxima de otra manera donde gane C, pero igual si es un poco dificil/0; ya por eso lo decia/1; jaja/0; jajajajajajajaja/0; yo no me corrompo/0; lo que digais lo hago/2; te sumas los puntos? jajaja/0; si tio/0; esq me aburro/0; jajajajajajaja/1; mare jajaj/2; pues si sabes que vas a ganar mas/2; te llevas la suma de los dos/2; jajaja/0; oye, tened en cuenta que las rondas son impares, para que no acabemos con alguno de los dos con una ronda ganando de mas/1; gana en la siguiente mas c/1; y ya iguales?/2; si y las demas iguales/0; creo qe si, luego cunado salg a el panel lo miramos"
1.0,0.0,1.0,1.0,0.5,1.0,0.5,0.0,1.0,0.5,0.0,1.0,1.0,0.0,0.0,0.0,1; Valee/2; 4/1; 4/2; ahora yo mas y luego ya iguales/0; 2 2?/1; 2 2?/2; siii/2; sip/1; perfecto/2; c3f3?/2; es el que ganamos lo mismo ambos/1; vale hacemos una cosa? cogemos las equitativas hasta la ronda 5 y las 4 ultimas escoges dos para ti y yo dos pero sin que nos resten?/1; ahora pongo f3/2; ok/1; juego 1/2; es el juego 1/2; columna 1/1; f 5 y c 5/2; 1 y 1/2; columna 1 y fila 1/1; en serio?
1.0,0.0,1.0,1.0,0.5,1.0,0.5,0.0,1.0,0.5,1.0,1.0,1.0,0.0,0.0,0.0,"1; 5 y 5/0; y si cogemos/0; el 4 y 4/0; compensacion para todos?/1; vale va/2; el 3 y 3 no?/0; mirarlo/1; que el a siempre es el mas afortunado jjajaj que suerte/1; que decis/1; jajajja/0; ah que si le das se envia nada/0; nada/0; que yo le habia dado sin querer/0; es jueo 2?/1; si/2; como veais pero ya ls iguiente/0; si entiendo que dices/0; okey/0; pero es que para eso deberiamos acordarnos o apuntarnos lo que hemos ganado en cada ronda para compensar a otro en la seguiente/1; lo dejamos c3 f3 en todo entonces/0; vale/0; es menos lio y al final se ganará practicamente lo mismo/2; yo creo k si nos va bien no cambiemos porque nos hacemos un lio/1; ademas no se si me estoy fijando bien pero hau una equivalencia de que lo que ganan unos por un lado luego lo pierden para que el perjudicado vuelva a ganar/2; si/1; c3 f3  4ever jaja/0; exacto jajajaja/2; jajjajaj tatuaaje/0; jajajaja/2; yo si xD/0; excepto si palmo 76/0; valeps/0; he sufrido por si me equivocaba/0; he tenido un lapsus de no acordarme/1; de cual coger??/2; que va lo has hecho muy bien jaja/0; me alegro :)/0; 2 2/1; jajaja si , ahora nmo la cagues en las dos que quedan y arreglado jaja/2; exaactoo/0; noooo no la lio/2; te vas a forrar/0; ha sido aleatorio../1; ya ves has tenido suerte/2; lo se lo se jajaja/2; suertee/2; yo tengo que ir a estudiar/2; jajaja/1; uff../2; hoy no se come/1; f2-c2?/2; ahora c1-f1 que en la ronda 2 escojimos c5-f5/2; que estaba mirandolo antes/1; iba a decirte q memoria!/2; jajaa/1; vale, c1-f1/2; c3?f3?/1; f5?/1; c5?/2; no me compensa/2; si quieres/2; c2 f2/2; y la siguiente que me compense a mi/1; c3 y f3? Empate/2; si/2; guay/2; mismo juego/1; si"
1.0,0.0,1.0,1.0,1.0,1.0,1.0,0.0,1.0,0.5,0.0,0.0,0.0,0.0,0.0,1.0,"2; c3f3?/1; vale/2; en todos los juegos c3f3 es la que nos compensa por igual/2; idem/2; c3f3/1; si? o compensamos?/2; que propones/2; busca la que te favorezca mas a ti/2; y la siguiente, la qu eme favorezca mas a mi/1; f5, c5 y despues eliges tu?/2; ok/2; palmo yo/2; osea/2; de 36 he pasado a 22/2; tendria que obtener 50 para estar en las mismas que haber elegido 36 cada vez/2; y en este juego no tengo 50 en ninguna/2; c3f3/1; puedes f1,c1/2; tu sales muy perjudicado/2; c3f3/2; hasta que encuentre otra que vaya bien/1; vale/2; ahora si/2; c1f1/1; vale/2; creo que lo mejor en este juego es que favorezcamos a uno/1; empate o compensamos?"
1.0,0.0,1.0,1.0,1.0,1.0,1.0,0.0,1.0,0.0,0.0,0.0,0.0,0.0,0.0,1.0,"2; elige tu/1; 5/2; ok/2; c3f3/2; empate/1; vale/2; o si quieres/2; c4f4/2; y las proximas dos que me compensen en igual medida/1; como prefieras/2; pues 4/1; vale/2; c2f2/2; y compensamos justo la anterior/1; perfecto/2; que mierda/2; no me compensa/1; empate?/2; c2f2/2; para quedar en igualdad de puntos/2; tendria que ser f1c1/2; y tendriamos exactamente los mismo/2; trato?/2; c3f3?/1; vale/2; no, mejor/2; c4f4/2; yo solo pierdo 3/2; tu ganas 11/2; y en otra lo compensamos/1; bien/2; c3f3/2; la que mas favorece a los dos/2; ya compensaremos la ronda 1 en otra/1; vale/2; era f3c3 anteeeees/2; ahora f1c1/2; si?/2; ¿?/1; y compensamos?/2; si/2; con la ronda 1/2; lo ideal es siempre ir a por los 80 puntos/1; 2?/2; yo volveria a hacer f1c1/2; y en la siguiente compensarte a ti/2; si?/2; F1C1/2; y la siguiente para la que mas te favorezca/1; vale/2; elige/2; o empatamos/2; la cuestion es/1; 4 o 5/2; la que quieras/1; 5/2; 4?/2; jajajaj/2; 5 pues/2; 5!!/2; F1C1?/2; la misma/2; y luego compensamos/2; a la suma obtenemos 68 puntos entre dos rondas/1; voy con bastante desventaja/2; que area vas a escojer?/1; f3/1; como lo ves?/2; esque la has pifiado en la segunda ronda!/2; C3F3 entonces?"
1.0,0.0,0.0,1.0,0.0,1.0,0.0,0.5,0.0,0.5,1.0,1.0,1.0,0.0,0.0,0.0,2; confirma/1; si/2; C3F3?/1; 4?/2; o C4F4 y luego compensamos/2; ok/2; C4F4/2; nos queda esta y dos mas/2; la siguiente compensamos y la ultima empatamos/2; o viceversa/1; vale/2; perfect/2; C2F2/1; bien/2; C3F3/1; si/1; hola/2; columna 4/1; juego?/1; es q todos tienen negativo/1; dime columna/1; cual nos da mas?/2; la primera/2; no?/1; joder es q el A se llleva siempre el doble../2; si/2; tu columna?/1; pero al principio sale seleccionar juego/1; cual selecciono/2; 4/1; juego 3/2; vale/2; fila?
1.0,0.0,0.5,1.0,1.0,1.0,1.0,0.0,1.0,1.0,0.0,1.0,1.0,0.0,0.0,0.0,"1; 4/1; que columna has cogido?/2; 4/1; cambio de fila 5/1; dejo la 4 ganamos mas/2; juego 2/1; fila ?/2; fila?/1; f5/1; columna c5/2; juego?/1; 4/2; fila?/1; fila f4/1; columna?/2; 5/2; 4 perdona/1; ok/1; se queda asi entonces/2; ok/2; juego 3/1; juego 3/1; f3 i c3 nos llevamos mas/2; yo voy a poner c1/2; el se lleva lo mismo/2; y antes tu ya obtuviste mas que yo/1; f3/2; c3/2; pero esque el A siempre se lleva mucho mas/1; muchisimo/1; pero tampoco quiero perjudicar porq nos perjudicamxs todxs/2; pues yo c3/1; fila ?/1; 3/2; columna 1/2; columna 3 ok/1; columna 3/1; ok/2; juego 1/2; columna 1/2; tu fila?/1; 2/2; juego?/1; 3/1; fila 3/1; columna?/2; 3/2; juego?/1; 2/1; fila 4/1; columna?/2; f3-c3/1; vale/2; yo voy a coger c1/1; yo la 4 o la 5/2; y si no coincidimos que pasa?/1; pues o nos ponemos de acurdo pa ganar o nos joderemos, no?/2; coje la 1 es mejor/1; cogiendo la 4 pillabamos cacho ambos, ahora consensuamos/2; la c3-f3 es mejor/2; pillamos lo mismo/1; genial/1; joder es q es muy injusto! jaja/2; o podemos cojer la c1-f2 que gano yo y a la de despues ganas tu/2; 4/2; juego?/1; 5/2; fila?/1; fila 5/1; columna?/2; 5/1; juego 4"
1.0,0.0,0.5,1.0,0.0,1.0,1.0,0.0,0.5,0.0,0.0,1.0,0.5,0.5,0.0,0.0,"2; ok/2; fila?/1; 5/1; columna entre c4 y c5/1; cual ?/2; 5/1; ok/2; juego 3/2; fila?/1; 3/1; fila 5 ejor/1; columna?/2; aci vamos a ganar mas/2; no crees?/1; venga va confie en ti eh/2; c1-f1/1; f5/2; ok/2; c5-f5?/1; perfect/1; el q mas palma yo/1; x(/2; el A siempre sale ganando/1; siempre, lo hacen apostas pa que seamos mala gente/2; c1-f1/2; 53/2; 5/1; fila 3 c3? asi vamos a mitades/1; juego1/2; ok/1; fila 5/1; columna?/2; 5/1; y fila 2 y columna 2 ?/1; no mejor como estaba/1; juego 1/1; fila 5/2; porque no la 2?"
1.0,0.0,1.0,1.0,1.0,1.0,0.5,0.0,1.0,0.5,0.0,1.0,1.0,0.0,0.0,0.0,"2; es que sino no me favorece en nada/2; en ningun momento/1; pues la fila 3/1; c3/2; no?/1; voto por f5  - c5 q me llevo más y tu también/1; y luego lo hacemos por ti+/1; dime/1; corre/2; c1-f1/1; ves? en esta te llevabas tu 50.. joder/1; asi ganamos a medias/2; porque no f2 y c2?/2; tambien ganamos a medias/1; no ganas casi el doble que yo/2; de la otra manera igual/2; ganas mas del doble/1; de la otra son 32/1; y 32/1; a ver fila 3 columna c3/1; juego 2m/2; juego 2/2; vamos a jugart a mitad/1; fila 3 y c3/2; f3/1; f5-c5/2; c4-f4/2; ganas tu mas que yo pero yo gano algo mas/1; no/1; f5/1; q en la primera me llevado solo 5puntos/2; vale/2; c1-f1/2; vale?/1; f3-c3/2; ahora me toca ganar mas a mi/2; c3/2; sisi/2; jeje/1; seguro  ? no vale despues cambiar/1; jajaja/2; seguro/2; y lo mismo digo/1; juego 1/1; fila 3 c 3 ?/2; perfecto/2; vamos a jugar a medias/2; asi ganancias a mitad/1; exacto, asi ganamos los 2/2; sii/1; juego 4/1; fila 3 columna c3/2; c1-f1/1; pero lo hemos hecho impar y ganas mas tu que yo/1; por 6 puntos.../2; venga vale/1; guay/1; gracias/2; hola/1; hola/2; si usamos la c3-f3 siempre ganaremos lo mismo tu y yo/2; apostamos por esa?/2; c3-f3?/1; vale/2; c3 f3 siempre/1; si cogemos la f5-c5 me llevo yo más pero luego hacemos para q te lleves tu y así./1; como lo ves?/1; así A no se lleva el doble q nosotros/2; venga vale/1; asi vamos a medias/2; vale/1; juego 2/1; fila 5/1; columna c4/1; o vamos a medias?/2; a medias/1; ok/1; entonces fila 3 columna 3/2; que sino no me da casi puntos"
1.0,0.0,1.0,1.0,1.0,1.0,1.0,0.5,1.0,0.5,1.0,1.0,1.0,0.0,0.0,0.0,"1; okii/2; ya/1; juego 2/1; fila 4 c4/2; no/2; lo mismo de antes/1; f5-c5/2; esta ganas tu mas y la siguiente gano yo mas y asi succesivamente/2; ok?/1; y luego por tí y así.. vale/1; exacto/2; c1-f1/1; de acuerdo/1; A siempre gana/2; si/2; y mucho mas que nosotros/1; da rabia, pero bueno.. intentaremos hacer algo de bote i au/1; c5-f5/2; f4-c4?/2; tu ganas casi lo mismo pero yo gano mucho mas que en c5-f5/1; vale va/2; esque tu pierdes 3 puntos pero yo gano 11/1; ahh okk/2; sino/1; vale vale a medias/2; fila 3 c2/2; jajaj lo que veas/2; fila 3 y c3 no?/2; a medias/2; ok/1; si a medias/2; fila 1, columna 1?/2; fila 1 columna 1/1; fila 5 columna 5/1; fila 3 columna 3/1; todos ganamos/2; si/2; fila 3 columna 3/1; si, esa opcion nos beenficia todos mucho/2; en la proxima ronda sera 2 veces el mismo juego/1; ?/1; cada ronda cambia el juego?/0; si/2; por lo que parecia era cada 2/1; sisi, me parece bien/2; f2-c2"
1.0,0.0,1.0,1.0,1.0,1.0,1.0,1.0,1.0,0.5,0.0,1.0,1.0,0.0,0.0,0.0,"1; joder, los de 50 siempre te los llevas tu.../2; asi hacemos como antes/1; iba a decirtelo/1; guay/2; hacemos siempre lo mismo?/1; ok/2; c2-f2 y c4-f4/1; claro../1; de todos modos nos da mogollon de tiempo/1; per si/2; ya/2; hasta ahora no/1; en la ronda 4 ha cambiado/0; en la hoja ponen cada ronda cambia/1; valee/1; no me habia dado cuenta/1; pues ahora fuila 3 columna 3/2; fila 3 columna 3/2; si/0; vale/2; fila 2 columna 2/1; fila 5 columna 5/2; fila 3 columna 3/2; la mejor para todos/1; ahora si no?/1; a A lo que mas le beneficia es 5, 5/1; a no juega a 3, 3/0; 1 1/1; no/2; fila 3 columna 3/1; 3,3/1; 3, 3 siempre ganamos/2; en la 1 hay pocas ganancias/0; ok/2; el 3 3 siempre es justo/2; para todos/1; si/2; en todos los juegos/0; ahora cual/1; nunca vas a hacernos caso no?/2; el mas justo siempre es el 3 3/2; en la anterior ronda has perdido ganancias por elegir el 1 1 A/2; 3 3/1; si/1; ahora 4, no?/2; si/2; c4-f4/2; esto va muy lento/1; muchoo/1; jaja/2; estamos mas de un minuto sin hacer nada/1; habrá quien se peleará xD/2; supongo/1; venga q ya acaba/2; c2 f2/1; ok/2; ahora que toca?/1; f4-c4/2; ok/1; que hambre../1; fila 3, columna 3/2; si/2; aunque se podrian dividir en 3 rondas a cada uno/2; que le beneficie mas/2; es decir/2; escoger 3 veces la posibilidad que mas beneficie a F"
1.0,0.0,1.0,1.0,0.5,1.0,1.0,0.0,1.0,0.5,1.0,1.0,1.0,0.0,0.0,0.0,"2; luego tres veces a C/2; y otras 3 a A/0; no puedes saber que juego/1; si, pero nunca seran las mismas cantidades/2; se miran/1; 3,3/2; seguimos con 3 3/1; este es el juego que mas nos beneficia/2; a partir de la 4a ronda/2; podemos elegir cada vez una que beneficie a uno mas/2; asi tendremos dos rondas cada uno con mas puntos/1; 3,3/2; seguimos 3 3/1; yo haria todo 3,3/1; porque las diferencias son grandes/2; vale/1; 3,3/2; si/2; 3, 3/1; parece que ha llovido hoy/2; jajajaj/2; el A se está llevando la pasta/1; te iva a decir lo mismo/1; jajaja/2; c3 f3?/1; te parece que eligamos f5 y c5 y a la siguiente elegimos uno que te veneficie a ti/1; sinceramente/1; pero estamos de 4 en 4/1; no me extrañaria 2 grupos por cada fila xdd/2; pues puede ser/1; no que coincidan/2; porque vamos/1; pero que se organice asi/2; los a se llevan exactamento el doble que el resto/1; yo he repetido el rol de F igual que tu C/2; si la gente lo hace a empatar/1; claro xD/1; que juego esgoemos?/2; el que menos beneficie a A/2; cual nos viene mejor?/1; es juego 3"
1.0,1.0,0.0,0.5,0.0,0.5,0.0,0.0,0.5,0.0,0.0,0.0,0.0,0.0,0.0,1.0,"2; o un euromillones, asi me jubilo/1; jubilarse ya? jajaa/0; en el juego uno el c3,f3 esta compensado igualmente/2; en todos los juegos/1; ya/0; pos a partir de ahora salga el que salga c3,f3 jajaja/2; mayormente jajaj/1; yo a esto no le veo el sentido/2; ni yo/0; yo tampoco"
1.0,0.0,0.0,1.0,0.0,1.0,0.5,0.0,0.5,0.5,0.0,0.0,0.0,0.0,0.0,1.0,2; pero no hay otra opción mjor/1; porque si el A fuese un poco egoista se cogería el que le da 80 todo el rato sin importarle lo que le digamos/0; eso en la valoracion final lo debemos de poner/2; sí/2; eres un grande A/0; al igual que deberian reducir el tiempo de chat/0; que me duermo esperando tio.../1; 2 y 2 si quieres esq a ti te sube 9 y al A tmb/1; y a mi solo 3/1; en verdad ganais mas vosotros/1; 2y2/1; despues en el juego 4 y 5 gano yo mas y au/2; valeee/2; q se acaba el tiemopo/1; 2y2/1; f3 y c3/2; no entiendo por q no cambia../2; toddo el rato igual/2; noi?/1; yo tmpc jajaj
1.0,0.0,0.0,0.0,0.0,0.0,0.0,0.0,0.0,0.0,0.0,0.0,0.0,0.0,0.0,1.0,1; sisi/0; mientras paguen/1; yo esq ya me se hasta la tabla jajajajaj/0; f1c1?
1.0,0.0,1.0,1.0,0.5,0.5,1.0,0.0,1.0,1.0,0.0,1.0,1.0,0.0,0.0,0.0,1; si/2; gracias :)/1; ress/1; juego 2/2; f3c3?/0; f3c3 o vamos igualando?/1; o f4c4/1; vale/1; cef3/2; igualar que te refieres?/1; f3c3*/2; no se a que te referias/1; porque si hubieramos elegido en todas las rondas el mayor pago de A al final nos habriamos llevado las mayores cantidades/1; es dificil de explicar asi por escrito/2; es verdad/1; elegimos f3 c3?/2; vale/2; hola/1; hola/1; A ver ya he entendido este juego/2; tenemos que elegir el que salga 80/2; al final se compensa/1; Esacto/2; i ganamos los 3 igual/1; llevais mas puntos que yo/1; jajajaj/2; jajaja/2; A sobretodo
1.0,1.0,0.5,1.0,0.0,1.0,1.0,1.0,1.0,1.0,1.0,1.0,1.0,0.0,0.0,0.0,"1; c4 f4?/2; vale/1; f5 c4/1; que sino A se lleva eldoble/2; c3 f3?/1; si/2; es con el que mas ganamos nosotros/1; sisi/1; vamos a restarle a A/1; o c1 f5/1; o c3 f3/1; que fem?/2; c3 y f3, nos resta más a los dos/1; entonces?/1; c5 f2?/2; casi que prefiero ganar más y que A también gane, a restar puntos, no?/2; no tranquila/1; bien bien/1; a ver si lineex me algera el dia/2; jajajaj/1; hombre si cada rondo dura 2 min y llevamos 14, llevamos media hora/2; con los mismos roles/1; y la prueba era de 1h y media/2; tela xd/1; más el tiempo de espera/1; uff este solo nos da 32/0; ahora toca el 5?/2; sí/1; sí/1; pero A tú no puedes elgir el juego que quieras?/1; tiene que ser el que aprezca en pantalla?/0; nooo/2; sí/2; el no sabe que juego es/2; pero al final le dicen que es ese/0; a mi me sale una cosa que dice prueba varias posibilidades/1; lo que veas...../2; yo lo veo guay/2; q son 8 ptos cuando llevas 1000000000000000000/1; f5 y c5/2; j 5/1; al fin jajaj/2; tirali jajajja/0; va q solo queda 1/1; y a casa/1; que hora es?/2; ya ??/0; igual hay mas/1; supongo..../2; eso q no llevo reloj jajajaj/1; mismo de antes/1; jaja/2; vavava ultima ronda/1; o f4c3/2; f3c3 mejor no?/1; esq todo el rato a lo seguro.../0; yo lo digo por vosotros para que subáis/2; nos llevamos lo maximo/1; vale/2; esque está montado para que A gane siempre más/0; es para que por ejemplo en esta ronda se beneficie C y en la otra F"
1.0,0.0,1.0,1.0,0.0,0.0,0.5,0.0,1.0,0.0,0.0,0.0,0.0,0.0,0.0,1.0,"1; si tio :C/2; y luego entre C y F lo máximo es que estemos equilibrados, porque si no gana F/0; Entonces cual cojo???/2; yo nunca gano/2; jajajaja/0; decirmeee/2; por mi f3c3 y te forras :P/0; Me sabe mal/1; coge f1c1 y en la siguiente salgo ganando yo/2; y C y F estamos equilibrados/1; vale?=/0; Vale/2; a 3 minutos o asi/1; sii ,menos mal,"
1.0,0.0,1.0,1.0,1.0,1.0,1.0,0.0,1.0,1.0,0.0,0.0,0.0,0.0,0.0,1.0,"1; jaa/2; 20 segundos../1; igual/1; lo vamos viendo ahora que/2; al final hemos empatado/2; 1-1?/1; 1 1 diria yo/1; si/2; vale :D/1; para mi habra que reservar cuando salga el juego 4 y 5 que son los buenos en puntos para mi/1; pero se ve/2; si/1; de momento 1 y 1/2; empate?/1; va/2; yo digo de cuando salgan 4 y 5 para ti, 1 y 3 para mi y 3 empate/1; si/1; es lo suyo/2; si se va a acabar y vemos que esta descompensado, lo arreglamos/1; 1 y 2 tuyas/2; estupendo/1; 1--1 va/2; en la ronda 6 revisamos la suma de puntos/2; jajajaja"
1.0,0.0,1.0,1.0,0.0,1.0,1.0,0.0,1.0,0.0,0.0,1.0,1.0,0.0,0.0,0.0,"2; mis palpitos nunca suelen fallar/2; excepto con el valencia, que siempre pierde.../1; bueno a mi el levante al menos ahora me da alegrias.. jajajajjaajajajaja/2; jajajjaja/2; mejor que el valencia si q juegan/1; ahora/2; he ido un par de veces/1; c2 f1?/2; c2 f2/2; mejor no?/1; qué hacemos/0; y deberia haber filas en las que gana mas el A, otras en la que gana mas elf/2; c3 f3 y así proporcional a las sumas/0; vale/1; okey/1; se puede compensar para ganar todos lo mismo/2; juego 5/1; solo que cada ronda uno tiene que ganar más que los demás/1; pero es un lio/2; el a siempre va a ganas más/0; ya.../1; no/2; si es la suma es lógico que sí/1; si coges j4 c3 f1/1; es la mejor/0; seguro q es el juego 4/1; noooo/1; es el juego 5/1; fila 5 columna 5/2; y 1 y 1/2; ??/1; C no seas tan rata en serio/0; si home si jajaja/1; no f5 y c5/2; qqqqq/0; la 5 5 ma ganao/1; fila 4 columna 4/1; o fila 5 columna 5/1; lo que veas A/1; la que mas te guste/0; los mejores/1; 5/0; f3c3?/2; yo creo que sí/0; f que dices?/1; opino la f4c4 pq en comparacion con esa/2; pero asi gano menos yo/1; c solo gana 3 ountos/0; lo que queráis/0; yo no tengo la culpa si elijo mal ehh/2; jajajajaj/0; que me sabe mal si perdéis/1; tranqui/2; si en verdad f3c3 es la justa siempre/2; da igual el juego/2; xdddd/1; ya jajajaj/0; cierto jajajajaaajaj/2; tu dale a like y au jajaj/1; pùes eso, la siguiente a ciegas"
1.0,0.0,0.0,0.5,0.0,0.0,0.0,0.0,0.0,0.0,0.0,0.0,0.0,0.0,0.0,1.0,2; venga va :P/2; chan chaaan/0; mm entonces no me decís???/1; f5c5/0; Pues no se jajajaj/2; jajajaja que liante el F/2; como barre para casa/1; JAJAJAJÇ/0; mal@/2; JAJAJAJA/1; f4c4/1; vale
1.0,0.0,1.0,1.0,1.0,0.0,0.0,0.0,0.5,0.0,0.0,1.0,1.0,0.0,0.0,0.0,"1; voy a elegir f5/1; tu mejor opcion c5/2; me lo has puesto dificil/1; eso haré/2; ¿cuál vas a elegir ahora?/1; f4/2; yo c3/2; o c2/1; esta bien elegire f3/2; f3 c3 o f4 c4/1; creo que en esta tabla si que podriamos llegar al acuerdo de f3 c3/2; okay/2; ahora cuento pero creo que tenemos que empatar/2; ojalaa/1; si creo que nos quedamos a unos 10 pts o asi/2; no ahora estamos a 300 los dos/1; ah si? tremen xd/2; jajajaja/2; ahora un 3 y listo jaja/1; tu crees que de verdad hay gente A?/1; yo estoy pensando que lo mismo no xd/2; jo/1; bueno, 3 y 3/2; si/2; yo lo que creo/2; es que si hay gente a/2; no estan haciendo nada no?/1; me da palo girarme xd/2; porque no deciden ni tienen chat/2; jajaajajaja/2; yo tampoco veo/2; pero hay mucho tecleo/1; pues eres un crack enserio/2; me iré a echar la quiniela/1; sisi echala eh/1; o a la ruleta o apuestas o algo jajaja/2; jajajaja gracias gracias/0; sii sii es lo que he dicho que deberian haber cambiado los roles/0; para observar la forma de pensar desde diferentes roles/0; pero no, seguimos todos igual/2; pero seguimos , manteniendo el mismo rol../1; po vaya/0; igual?/2; sí/1; es el juego 1/1; espera"
1.0,0.0,1.0,1.0,0.0,1.0,1.0,0.0,1.0,0.0,0.0,0.0,0.0,0.0,0.0,1.0,"1; ah vale igual/2; siemore el proporcional es el f3 c3/0; mas mas/0; jajaja/1; hombre al A/1; mas de 30 fijo/2; ojala bastante jajajjaajaj/1; 1,6 gana cada ronda/1; y hay 18/2; bueno scalculos ahi/1; fila 3 columna 3?/2; 2 y 2?¿/1; esq sino me dan muy poco a mi/2; bnn/2; 1 y 1/2; ?/1; 2 y 2/2; yo me llevo mas por ejemplo pero sale a mas en total/1; y despues me das a mi una para que gane mas/1; vale?/2; ok/1; 2 y 2ç+/1; 2 y 2 o 3 y 3/2; 3 y 3 va/2; pero en las dos primeras me has sacado 60/2; con f1c1 aún sales ganando en el global/2; y yo recupero algo/1; nose/2; que he gando 18 en la primera ronda/2; tu ahora ganarías 18 tmb/0; F tu eliges/1; pues esa mismo/1; me daigual/2; con f1c1 aún sales ganando F, y es más equilibrado en el global/0; seguro?/1; valer/2; jajajaajaj/2; f3c3?/1; si/1; creo que saldria bien/2; de acuerdo/1; porque hay tablas que salen grandes pagos para f y otras para c/2; aunque el A se lleva 80/1; por ejemplo cuando nos toque la 1 elegimos c1 f1/2; en este no hay muchos pagos de C/2; c3 f3?/1; de hecho me acabo de dar cuenta que la tabla 1 y 5 son la misma pero a la inversa, y la 2 y la 4 igual, con lo cual deberiamos estar eligiendo siempre el mayor pago para A/2; porque?/1; elegimos ahora f4 y c4 y cuando toquen las tablas 1 y 2 elegimos tus mejores pagos/2; solo queda una ronda/1; lo tendriamos que haber hecho así desde el principio, no me habia dado cuenta, mierda/2; noentiendo lo de mayor pagopara A/2; sí/1; y nos bevenificia mas a nosotros f1 y c1/1; no?/2; cual cogemos?/1; es que practicmanete A sieore sale ganando/2; podriamos coger uno que le reste más al A/2; f1 y c5/2; ahi perdemos todos, pero A más/1; o f5 y c1/2; vamos a mirar con cual ganamos más, y el A pues ha tenido suerte.../1; pues c1 f1/2; vale/1; o/1; c2 f2/1; a gana menos/1; pero tu tmzbien/1; entonces lo que quieras/1; si quieres f1 c1/2; f1 y c1/1; nooo/2; mejor creo/1; c3f3/1; c3 f3/1; o"
1.0,0.0,0.0,1.0,0.0,1.0,0.0,0.0,0.0,0.0,0.0,0.0,0.0,0.0,0.0,1.0,1; f2 c2/1; cual?/2; f2 c2/1; vale/2; repetimos lo mismo? o cambiamos?/1; cambiamos/1; vamos a compensarme/1; esq a y tu/1; bueno c5f5 no me falles/2; jajajaja/2; jajaj/1; A luego te invitas a algo que ganas el doble
0.0,0.0,0.0,0.0,0.0,0.0,0.0,1.0,0.0,0.0,0.0,0.0,0.0,0.0,0.0,1.0,1; jajaja/0; jajajaja/2; 0.02 por punto jaja/1; la misma/0; siii/2; aqio es donde más ganamos/1; sí/0; 2 minutos mas de espera.../2; cuantas rindas de 9 habrán?/0; como?/2; que cuantas rodans de 9 preguntas harb´ñan/0; supongo que habrá dos/2; al igual nos tienes así 90 minutoios/2; ajajjaja/1; el A ha tenido una suerte..../2; alomejor luego no../2; no se como irá/0; seguro q es toa la trama/1; no creo jajaja/2; seguro q luego tenemos q coger los negativos jajjajajajjajjaja/2; q no
1.0,0.0,0.0,1.0,0.5,1.0,0.5,0.0,0.5,0.0,0.0,0.0,0.0,0.0,0.0,1.0,"1; f5 y c5 por las de antes vale?/1; al final nos quedaremos igual..../2; bnn/1; el A de 80 no baja jajajajja/2; no tendremos q mirar el papel este/0; si de verdad se multiplica todo invito a algo jaja/2; porq no coinciden los numeros/2; vale si/1; si que coinciden/2; jajajajjjajaj/1; a mi si/2; he mirado columna arriba/2; jueg 2/1; fila 2 coluna 2/1; jope pero nunca me tocan en que gane yo mucho jajaja/1; que pua/2; en 3 y 3/2; son 3 puntos mas para ti/1; hacemos 3y3?/2; pillala/1; vale perfff/0; pero 8 menos pa mi/0; jajaja/2; jajjajajjaa/0; lo que vamos ganando.. por que subais un poco/2; ahhh/1; claro, que no haya tanta diferencia/0; claro por eso lo digo/0; me sabe mal/1; c has vuelto a ser el mismo?/2; sí/1; que mal/2; ya ves/0; a la proxima igualamos vale?/1; yo igual/2; no gano nada xd/1; vale/2; f3c3 entonces?/1; c es lo 0peor.../0; sii/1; si/2; ya ves :(/1; 3/0; ahora igualamos lo que ganamos/1; f3c2/2; i me ha tocado mojarme/1; no vives por aqui?/2; no, soy de fuera/1; aah/1; pero estudias en la universidad/1; aqui somos todos estudiantes? o hay gente que no lo es?/2; ahora 9 rondas ya es aburrido/2; no lo se/2; creo que tienes que ser universitario/1; y tanto jaja/1; esque como a veces he visto gente mayor no estaba seguro/1; tu es la primera vez que vienes?/2; pues eso/2; c2 f2?/1; tocará/1; ronda cuatro y aun no han aparecido tablas 4 y 5/1; deberia empezar a preocuparme/2; aun quedan 5/2; a ver la siguiente/1; perfectoe/2; perff/1; sq no sabia si eras le mismo de antes/1; jajajajajja/2; jajajaja/2; yo también lo tenía en duda/1; guay guay/1; c4 f4?/2; te iba a decir el mismo/1; nos entendemos/2; jajaja/1; muy bien, asi me gusta/1; no/1; coon c5f5/1; gano mas/1; jajaja/2; ganas 3 más y yo 11 menos jajaja/1; bueno vaaa/1; valeee/2; jajajaja/1; hacemos la misma o miramos algo para los dos?/2; quien quieres que ganas mas sio el f o el c/0; yo por mi todos 80 y todos contentos"
0.0,0.0,0.0,0.0,0.0,1.0,0.0,0.0,0.0,0.0,0.0,0.0,0.0,0.0,0.0,1.0,2; ya ves pero buenoi esta bioenm con lo de c3 y f3/2; para así el f y yo ganamos los mismo/1; sí/1; 5/2; lo mismo de siempre/0; pues igual/2; decimos alguna palabre clave para ver si la siguiente ronda somos los mismos?/2; cuando acabe las 9/1; vale/2; qué decimos?/1; chancla/1; jajjajajaja/2; ok/2; jaja/2; nada mas empezar
1.0,0.0,0.5,1.0,0.5,1.0,1.0,0.0,1.0,0.5,1.0,1.0,1.0,0.0,0.0,0.0,"1; okey/1; si/0; Que juego es?/1; fila 5 columna5/1; 5/2; si hubieras cogido lo que había dicho yo (fila y columna 3), habrías ganado 80/0; Entonces ahora juego 5?/1; si/1; igual que antes, fila 5 columna 5/2; esta vez estoy de acuerdo con eso/0; Vale/1; perfecto/0; juego?/1; juego q/1; 1/1; la mas justa es fila 3 columna 3/0; si/1; ahi ganamos mas o menos todos por igual/2; con la fils dos y columna dos ganarás más, A/0; c te parece?/2; pero la más jiusta es la que ha dicho él/ella/2; sí/2; yo voto por justicia jajaja/2; yo amarraría en las siguientes/2; esque si sumas.../1; mmmm/0; Lo que vosotros queráis.. es más para que vosotros ganéis/2; salimos a lo msimo al final/2; y A se lleva más/2; hacenos ahora f5c5/1; si/2; y luego vemos :)/0; Yo he ganado mucho ya.. por eso quiero que vosotros tengáis tambien mas ganancia/1; 2/0; vosotros decidís/2; en estas dos ultimas rondas F y C han ganado 56, si hubieramos amarrado habríamos ganado 64, y encima A habría ganado más/0; entonces hacemos lo que estabamos haciendo hasta ahora?? lo más justo?/1; espero/2; puede que sea la 3 otra vez"
1.0,0.0,1.0,1.0,1.0,1.0,1.0,0.5,1.0,1.0,0.0,0.0,0.0,0.0,0.0,1.0,"2; dice que son al 20%/2; le damos una a tu favor?/2; o volvemos a hacer lo mismo?/1; está la aguantamos en la 33 pero en la siguiente si no cambia sí/2; vale/2; f5 c5?/1; si/2; por fin/1; por fin jaja/2; es en la que mas ganss/1; bua en este experimento que te tocara ser A es un chollo/2; ya/2; luego creo que hay otro exp/1; ah si? No es solo esto?/2; no lo se/2; vamos a por una tuya?/1; vale/2; que te parece c4 f4?/1; f4 c4¿/1; Si/2; okay/1; jajajaja/2; jajajaj/2; grande!/1; esq solo habia mirado mis nukmeros/2; hacemos una en q ganemos igual ahora?/1; valee/1; c3 f3?/2; o seguimos con máximos de cada uno?/2; ante la duda c3 f3 siempre/1; jajajajajjaa seeh/1; me da igual, lo que prefierqw/1; prefieras che/2; esque justo en el juego 1 es en el q mas gano/2; y tu en el 5 en el q mas/1; pyes c1 f1/2; perf/2; c1 f1/1; c4 f 4/1; o/1; c3 f3/2; lo q quieras/2; tu diferencia es de 3/1; por eso/2; la mia de 11/1; hacemos c3 f3/2; oki/2; perff/1; y en ortra ronda que gane mas/2; miramos para los dos, q es la ultima no ya?/1; si/1; c3 f3? JAJA/2; c3 f3/0; cara anchoa/2; xd/0; jajaja/1; jajajaj/2; vaya hostion jaja/2; 5/0; pues igual que siempre jajaja/1; ah vale ya entiendo esto/2; a qué se debe?/1; el c y f podemos ganar más"
1.0,0.0,0.0,1.0,0.0,0.0,0.0,0.0,0.0,0.0,0.0,0.0,0.0,0.0,0.0,1.0,1; solo tú y yo vemos el juego/1; si yo digo que es el 4 y tú el 5/0; en vez de palabra clave podriamos decir la fila y sitio donde estamos sentados y ya esta/1; nos tiene que creer a uno de los dos/2; es verdad/0; en que fila estais/0; ?/1; yo opino f3 c3/0; voy a coger f3 c3
1.0,0.0,0.0,1.0,0.5,1.0,0.5,0.0,1.0,0.0,1.0,1.0,1.0,0.0,0.0,0.0,"2; perfecto/1; perfecto chicos/0; juego?/1; 2/1; f3 c3/0; f3 c3/1; es tambien la mas justa/0; os parece bien a los dos?/2; estoy con vosotros :)/1; que facil es ponernos de acuerdo jajaja/2; jajaja :P/0; genial! siempre lo mas justo para los 3/1; 50 puntos seria 2€?/2; yo creo que si/0; ni idea es la primera vez que vengo jajaj/0; juego?/1; 2/2; otra vez el dos jajaja/0; lo mismo otra vez? o cambiamos?/2; f3c3 no?/1; si/0; perfecto/1; pq el resto son peores/2; yo a partir de ahora haría como en el juego anterior, amarramos y A se forra porque el juego está pensado así jajaja/1; pues f3c3/0; f3c3/2; esque de la otra forma F y C tampòco salimos ganando/1; que suerte has tenido A, te envidio/1; ya.../2; o sea ni siquiera por 3 puntos/1; eso es verdad/0; jajaja/2; es incluso peor para nosotros/2; jajaja ya ves A, te ha tocado la buena eh/0; Yo lo que queráis poner.. me sabe mal que no ganéis más por eso he dicho lo de igualar las ganancias aunque yo siempre acabe ganando mas/1; por curiosidad quisiera saber cuanto te llevas jajaja+/2; jajaja/1; si"
1.0,0.0,1.0,1.0,0.0,1.0,1.0,0.0,1.0,0.0,1.0,1.0,1.0,0.0,0.0,0.0,"1; 3,3/2; si/2; A siempre gana la suma de las ganancias de F y C/1; si/1; c3 f 3 o si no/1; me compensais luego a saco jajaja/1; a no porque va a ganar igual/1; pero c/2; pilla entonces 1 1/1; 3,3/1; la mejor/2; 3, 3/1; 3,3/2; 3, 3/1; 3,3/2; 3, 3/0; es la ultima ya no ?/1; si/1; hola/0; Juego seleccionado?/2; 2/1; hola, si puedes elegir fila 5 columna 5?/1; es el 2/1; o la columna 4, fila 4, ganamos todos en esa/2; juego 4/1; ahora es el juego 4/0; Vale/1; fila 4, columna 4 esta bien/1; aunque f3, C3 es mas justa/1; que diga que prefiere/0; a mi me da igual/2; porque luego sere yo el puteado/0; yo tambien lo creo, quedan mucahs rondas.../1; vale coge ese y lurgo miramos por mi jajaja/0; vale/0; 1 1 pues..../1; 2/2; fila 2 columna 2/0; Juego?/1; juego 4 otra vez/2; 4/1; la misma? fila 3 columna 3?/2; si, es lo mas justo/2; aun que el A se lleve mas/0; 5, 5 y luego beneficiamos a C?/1; si, parece que A se lleva la suma de nosotros 2/2; juego 1/1; juego 1/2; fila 2 columna 1/2; no?/1; ahora fila 1 columna 1?/2; si mejor/2; 22?/1; c3 f3/1; ummm vale/1; pero en juego 4 y 5 me dais los puntos de 50/0; entonces 2 2?/2; ahora empezaran a putearme a mi/2; no te preocupes/2; jajaja/1; seguro jajaja/0; 1,1/1; si/2; perfecto/2; el A se forra en todas jaja/2; 5/1; juego 5/1; vamos a hacerte rico A jeje/0; jajaj/2; columna 3 fila 3/2; os parece bien?/1; si/0; No os parece mejor que alternemos?/1; como quieras/1; depende si no ssale mejor/2; mientras no nos quiten puntos/1; la 5,5/2; 4/1; juego 4/1; siempre hay una que da 80 en A/1; que hay mas puntos/2; fila2 columna2/1; da muchos a A pero tambien mas a nosotros xD/1; vale/2; 2/1; si, el 2/2; si 22/0; okey/1; a debe de estari distrutando de esto jajaja/2; segurisimo/2; JAJAJA/0; no se que decir... :(/1; 1"
1.0,0.0,0.0,0.5,0.0,1.0,0.0,0.0,0.0,0.0,0.0,0.0,0.0,0.0,0.0,1.0,0; esto es injusto/2; si/2; pilla si eso el 33/1; si por dios/1; jajajaja/0; vale
1.0,0.0,0.0,1.0,0.0,1.0,1.0,0.0,0.5,0.0,1.0,1.0,1.0,0.0,0.0,0.0,"1; se están pasando/0; c3 f3.../0; me meo muchoooooooooooooooooo/2; yo ya me aburro jajajja/1; yo no :'((((((/1; o lo decias de forma literal ? jajajajaja/0; me gustaria saber que conclusiones sacan con este experimento/1; la generosidad/0; Propuestas?/2; 2,2?/1; si, ahora la mejor es esa/0; Estoy de acuerdo/2; perfecto/2; 5/1; ahira la 5, 5?/1; ahora*/2; o la 3.3/1; ya pero como en las dos anteriores me ha dado un poco menos a mi/1; pero bueno la 3.3 tampoco esta mal/0; Seria lo más justo pero F y A pierdenmucho más que C/0; Juego?/2; 4/1; juego 4/2; 2.2?/2; o 4.4/1; la empatia jajajaja/2; a mi tambien/1; el a puede hacer lo que le da la gana/1; y c y f se pelean/2; que en conjunto es mejor"
1.0,0.0,1.0,1.0,0.5,1.0,0.5,0.0,0.5,0.5,0.0,0.0,0.0,0.0,0.0,1.0,"0; 4,4 lo veo/1; si mejor/2; es que el C sempre es el peor en todas jaja/2; 3/1; 3/2; 3.3?/1; ahora la mejor la 3.3/2; si/0; si/1; creia que en este bloque nos cambiarian de rol jeje/2; alomejor luego suman todos los puntos entre los 3 y los dividen/2; no se/1; espero/2; sino no es muy justo/1; aunque en estos experimentos son un poco trolls/2; jaja a saber/0; puede ser/0; jajajaj/2; el A mientras no ponga negativos perfecto/1; si/2; 1/1; 1/2; 2.2 o 3.3/2; espero que el A tenga el mismo juego que nosotros/1; o 1.1, no me quejo/2; la verdad es que no entiendo el juego mucho jaja/1; jajajajajaja/0; si, pero tengo que confiar en que me digais el juego correcto/2; pero si no le dijesemos el juego/0; es algo mutuo..../1; 4/2; 4/2; perfecto/2; ah no/0; 4 4/2; pensaba que era el 3/1; f5 c5/2; si/1; yo creo que es para ver si somos avariciosos o no jaja/2; 1 otra vez/1; otra vez 1/2; ahoroa si que 3.3/2; no?/0; Vamos a 3.3 o 2,2/2; o 2.2 que el F no pierde mucho y los demas si ganamos bastante mas/1; como querais/1; vale/0; Vale, en la siguiente beneficiamos a F por si acaso lo spuntos van individuales/2; vale/1; ok/2; 2/2; 4.4000000000000004/2; ?/0; 4.4000000000000004/0; Si/2; si/1; por mi bien/1; que majos jaja/0; jajaj/2; el A que invite a cervezas luego jaja/1; pues si podria jaja/0; y compensaqmos a f.../1; esta es mi jajajajaa/1; mia*/2; esque F no s elleva mucho mas/0; yo creo que  4 4 mejor/2; y yo mucho menos/1; que he tenido dos de 26/2; si/1; vale/2; entonces?/2; 44?/0; 4 4/1; pero juego 5 si quiero mis 54 jum"
0.0,0.0,0.0,0.0,0.0,0.0,0.0,0.0,0.0,0.0,0.0,0.0,0.0,0.0,0.0,1.0,1; 4 4/0; ouuuuuh yeah/0; jajajaja bien/2; 1/2; 2.2000000000000002/2; 1.1000000000000001/1; 2.2?/2; 3.3
1.0,0.0,1.0,1.0,0.0,1.0,0.5,0.5,1.0,1.0,0.0,0.0,0.0,0.0,0.0,1.0,"2; uno de esos tres pienso yo/1; si quereis ahora 2.2 y a la proxima ya vemos/1; 4/2; 4/2; 4.4000000000000004/1; si, 4.4/0; Estoy de acuerdo/1; no he leido lo ultimo que habeis escrito antes jaja/0; yo tampoco/2; no me acuerdo que habia puesto jaja/1; jaja/2; 2/1; 3.3?/0; 2.2000000000000002/2; una de esas dos bien/2; tendrian que dar mas tiempo/2; que antes han cortado a mitad/2; JAJAJA/1; 2/2; 2/1; 3 3/2; si/0; okey/0; 3 3/1; okey/2; si os fijais en todos los juegos los mejores son los que estan relacionados con su fila y columna/2; 2.2 3.3 asi/2; me entendeis?/2; que cosa mas rara/2; jajaj/1; es verdad/1; por ahora no hemos dicho 2.4 o algo asi/2; en plan son los mas justos entre F y C/2; 2/1; 2/2; pues antes has puesto 2.2/0; 4,4/2; pon 3.3 ahora/1; lo que querais, esta ya es la ultima creo/0; 5,5?/2; para 5.5 mejor 4.4/2; que sino yo pierdo mucho"
1.0,0.0,0.5,1.0,0.5,1.0,1.0,0.0,1.0,0.5,1.0,1.0,1.0,0.0,0.0,0.0,"2; y tampoco ganais mucho mas en 5.5/0; pues 3,3/0; Soy A/0; informarme/2; f2 c2 creo/1; porque 5 5 o veo exceisvo para c jajajajaa/2; si porfa JAJAJA/1; porque no sale el juego 5?:@@@@2/2; 33 bien?/1; sii 3 3/2; saldra el ltimo quizas/1; no creo/1; yo creo que esta es para que f pierda/2; no se/1; 2/2; 2/2; 55/2; por F jajaja/1; seguro?/1; jajajaja/0; lo que diga c/1; un favor me haces desde luego/0; que se sacrifica por el grupo... jajajaa/2; si porque te han puteado/2; laa mejor para todos/0; en qu ejuego estamos?/1; si/2; 2/1; juego 2/1; f2/1; es el que tiene mas ingresos para todos/2; si/0; ya lo he seleccionado/2; c2 f2/0; en que juegto estamos=?/2; el mismo ue antes/1; el mismo/0; perfecto/1; el f tiene los numeros mas bajos que bien/0; pues selecciono lo mismo/1; en todos los juegos/0; jajaja/0; pero en todos.../2; luego cambia/0; que cosas.../1; en todos todos jaja el chollo lo tiene el a/0; la verdad que he tenido suerte/0; juego?/2; jajajaja/0; pues ya esta/1; gracias gracias :$$$$/1; jajaja/2; tampoco es tanto dinero no se/0; 5 5/0; el trio cuando?/2; no hay que ser ratas JAJA/1; jajajaja a solo le interesa el trio/1; jajajajajajaja/2; ahora a la salida nos lo montamos en el baño/2; JAJAJAJA/0; si , yo voy directo/1; informer uv JAJA/2; SII JAJAJJA/2; 4/0; ce f3?/1; c4 y f 4 quizaas?/2; f3 c3 es el mas repartido/0; si/2; o ese"
1.0,0.0,1.0,1.0,0.0,1.0,1.0,0.0,1.0,0.0,0.0,0.0,0.0,0.0,0.0,1.0,1; pero c4 son soslo 3 puntos menos para c/1; y muchos mas para los otros dos/2; vale ese/1; perfect
1.0,0.0,0.0,1.0,0.5,0.0,0.5,0.0,0.5,0.0,1.0,1.0,1.0,0.0,0.0,0.0,"0; f3 c3 pues.../1; noo/1; c4 f4/2; el mismo/0; perdon me he liado, estaba mirando la 3/1; el mismo/0; f4 c4?/1; no pasa nada jaja/2; si/0; valee jaja/1; 1/0; juego?/0; vale/2; c2f2?/2; c3f3?/1; c3 f3/1; ??/0; 2 2 lo veo mejhor/2; c3f3/0; f solo se lleva 3 mas en 3 3/1; pero de c y f varia mucho/2; lo que veais/1; bueno f no jaja/1; pero c si/2; c2f2?/1; vale/1; puyes ese/0; lo qu eme digais/0; juego?/1; juego 5/1; c3 f 3?/2; si/1; o f 4/1; c4/0; f5 c5?/1; ese a mi me interesa mas/1; que digaa c/1; pero estaria bien que f esta seca jajajaa/2; c5f5 va"
1.0,0.0,0.0,1.0,0.0,1.0,0.0,0.0,0.5,0.0,0.0,0.0,0.0,0.0,0.0,1.0,0; vale/0; a la siguiente por ti C/2; me la apunto jaja/0; jajajaja/0; a mi me sabe mal llevarme siempre mas por regla.../2; esta hecho para que siempre a se lleve 80/2; fijaros/1; has tenido suerte jaja/0; mucha/1; yaa siempre hay alguno que tiene menos/2; c y f se llevan lo mismo/1; mucho menos/2; si elejimos esa/1; 4/2; c3f3?/1; bien/0; c3 f4 f se lleva mas en compensacion/0; 11 mnas y c solo 3 menos/2; c3 f4 no/2; nos llevamos todos menos/0; f4 c3 perdon/1; f3 c3 es el mas igualdo/0; osea 4 4 joder/0; vale 3 3 no mareo mas jajajja/1; como veas y la siguiente/1; 2/2; c2f2/0; 2 2 ?/1; bien/0; vale/2; el juego esta hecho para que se seleccione siempre cuando A se lleva 80/1; pero porque se hace balance de/1; f y c/2; y C y F se llevan al final la mitad que A cada uno/0; si ://0; he tenido flor en el culo/1; sisi jajaja/2; ya ves jaja/2; invitate a algo/0; vale/1; te envidimos jajaja/2; jaja/1; 5/2; 5/2; pilla ahora c3f3/1; si/2; para igualar/2; que tu te has forrao jajaja/0; la democracia es la democracia.../1; jajaja/1; podriamos habernos cruzado con un dictador que se llevase todos los 80 puntos/1; jajajajaja/1; :DDDD/0; jajajaja/0; juego?/1; 4/2; 4/0; f4 c4?/1; bien/2; si/0; okey/0; nos han cambiado de grupos?/1; creo que no/2; creo que no/1; yo sigo siendo la f desgraciada jajajaj/2; y yo el C/1; pues todo igual/2; A que suerte tienes/0; estabais hablando de democracia y dicatdores?/2; JAJAJA/2; sep/1; :$$$$/0; pues somos los mismos/1; jajajajajajaa/2; mejor/0; yo sigo sintiendome mal/1; 3/2; 3/2; c3f3/0; si/2; claramente/1; c3 f3/1; jajajaja/2; JAJA
0.0,0.0,0.0,0.0,0.0,0.0,0.0,0.0,0.0,0.0,0.0,0.0,0.0,0.0,0.0,1.0,0; obiusli/1; estamos ya conectados jajaja/2; lo de invitarte a cervezas ahora con mas razon jajaja/0; un trio luegoi?/1; JAJAJA/0; yo pago el alcohol y la droga..../2; me parece bien/2; AJJAJ/1; muero jaja
1.0,0.0,1.0,1.0,0.5,0.0,0.5,0.0,0.5,0.0,0.0,0.0,0.0,0.0,0.0,1.0,0; f es chica/0; jajaja/2; sep jajaj/0; c tiene pilila como yo/1; maybe jajajaaj/0; jajajaja/1; 1/2; 1/1; c3 f3/2; c2f2?/0; c1 f1?/2; o esa/2; por mi mejor/0; y luego damos por ti f.../2; f?/1; venga vale/1; jajajaja/1; me la guardo/0; yo creo que a si al final ganais más/2; yo tambien/0; sisi...
1.0,0.0,1.0,1.0,1.0,1.0,0.5,0.0,0.5,0.5,1.0,1.0,1.0,0.0,0.0,0.0,"1; sii a lo mejor si en una f gana mucho mas/1; y luego c/1; compensa/1; lo llevo pensando toda la partida/0; we are conect!!/1; 1/2; mismo/0; repetimos?/2; yo si eso ahora pillaria 2 2/2; un poco por F/2; 55?/1; si/2; cuando salga el juego 5, metemos c5 f5/1; Estaba claro/2; para variar.. jajaja/1; pues nada un placer vaya/2; bueno F, un placer jajaj/1; a ver cuanto nos dann/2; 5/1; si alguno de los dos se corronpe.../1; m*/2; jaja veo que tienes papeletas/2; jajja/1; fila 1 columna 1/0; he hecho eso/2; el A se está forrando jajaja/1; no ganamos casi nada de mas/1; 3/1; f3c3/2; f3c3/2; es la penultima ya/2; apues, llevas una rachita/2; ¿cuál seleccionamos ahora?/1; al, final resulta que no tendriamos que haber camiado en la ronda esa/2; ya/1; f5 c5/2; pero no pasa na/2; okay/1; bueno ha sido un placer participar contigo/2; igualmente/1; que te vaya bien en proximos experimentos/2; Hola/1; hey/1; alguna idea?/2; q es tu máximo/2; 54/2; qué fila?/0; si el objetivo es que cada uno obtenga el mayor numero de puntos deberiamos coger siempre la que mas equilibra este/1; entonces la columna 2 y la fila 2 no?/0; para si estar todos mas o menos igual/0; y que juego?/1; qué juego?/2; 5/1; c5 y f5?/0; seguimos eliguiendo fila 2 columna 2?/2; sí/1; vale/0; mejor c5 y f5/1; PERF/2; debo elegir?/2; y ya?/1; fila 5 columna 5/1; q mas nos llevamos todos/0; c2 f2 mas no?/1; nooo/2; no?/1; ya ves jajajaj/1; ojala en la siguiente ser A/2; pues sí eh/0; ya jajaj ha sido la suerte del principiante/2; jajaja/0; Será eso? por ser la primera vez?/1; son 3 rondas, supongo que seremos los 3 roles/0; seguramente/0; f3c3/2; jajajaja/2; esque está muy trucado esto/0; que unanime todo/0; Ya.. podrían ser mas justos creo yo/2; yo pensaba que íbamos a cambiar roles/0; Que podamos hacer los tres algo para equiparar/1; podrian poner una calculadora Ppara ir viendo cuanto llevamos.."
0.0,0.0,0.0,0.0,0.0,0.0,0.0,0.0,0.0,0.0,0.0,0.0,0.0,0.0,0.0,1.0,0; Yo tambien creía que ibamos a cambiarlos/2; yo creo que ganaremos como 25 euros o asi/1; y yoo/2; y A pues el doble
1.0,0.0,1.0,1.0,0.5,1.0,0.5,0.0,0.5,0.5,0.0,0.0,0.0,0.0,0.0,1.0,2; jajajaaj/1; ojala llegue a 25 pero lo veo dificil jajajaj/2; 36 por ronda.../0; esperemos que si/2; 18 rondas/2; mirand el juego 3 la mejor columna c para elegir es la 1/2; creo que tenemos que intentar que todos ganemos el maximo posible/1; y f1 supongo/1; pero donde tengo que ponerlooo? xDD/2; o tambien c4f4/2; antes tu has tenido menos/2; para compensar/2; elegimos la que te de mmas a ti ahora?/1; f5 c5?/2; si/1; a quien le toque el A va a estar en la gloria jajaja/2; jajajaja pues si/2; pero bueno/1; vamos alternandolo pues/1; f1 c1?/2; o c3f3/2; el que quieras/1; ya veeeeeeees/1; perf/2; c3 f3 pues/2; no hay manera que salga el 5 eh.../0; no?/2; ok/1; hombre son mas puntos
1.0,0.0,1.0,1.0,1.0,1.0,1.0,1.0,1.0,1.0,1.0,1.0,1.0,0.0,0.0,0.0,"0; por eso/1; mas o menos todos los juegos coinciden en que la fila y la columna que son iguales son las que mas puntos tienen/1; juego 3 c3 y f3?/0; valee/2; oki/1; es que si el objetivo es obtener el mayor num de puntos es así/0; una cosa, a vosaotros que no sois A, os sale el juego a eleguir?/1; sí/1; mejor la f5 columna 5/2; fila 3 columna 3/2; perdon columna 2/1; el A como mas gana es fila 5 columna 5/1; fila cods columna 2+/2; fila 3 columna 3/1; antes tendrias que haber elegido la que te he dicho...../1; vale si/1; fila 3 columna 3:)/0; sisi esa/1; perfecto!!/2; guayy/1; yoi es la tercera vez que vengo/2; estaría guay/2; yo la 4º creo/2; jajaja/1; ñe/2; yo creo que da/2; así calculo ràpido jajajaja/1; jajaja/1; 5/2; en todos los juegos, la justa es f3c3/0; f3c3 otra vez/2; jajajaja/2; fijaos/1; ya ves/0; es verdad!!!/2; no hace falta ya ni pensar xdd/1; jajajaja/1; pues por mi ese/1; 3 3/2; vale/2; luego seguimos alternando/2; porque si alternamos tenemos la posibilidad de conseguir mas/2; c3f3 es una opcion de ganancia intermedia/1; creo que esperan ver eso de nosotros, si el mercado hace que nos destruyamos o cooperamos jajaja/2; pero equitativa/2; somos muy cooperativos jajaja/1; como lo ves?/2; podemos seguir empatando/2; 42432/2; aunque mesta dando rabia a jajajajaja/1; mejor alternando ganas 50 y luego lo vemos/2; vale/2; 1-1?/1; seee/2; uff/2; yo digo de empatar en esta/2; porque tu ganancia maxima es 42/1; vale, la siguiente en mi favor pues/1; si si estaba pensando lo mismo/2; dejamos tu compensacion para un juego que tu puedas ganar mas/1; 42432/2; si/1; ya tio, soy una pringada/2; jajajaja/1; c4 f4?/2; perff/1; nos sale juego fila y columna/0; a vale jajaja/2; al rol A al final/0; sii sii a mi me sale cuando hacen el recuento de puntos/0; por eso lo decia/1; qué hacemos/0; el c3, f3 del 3 es el que mas puntos da, no?/1; vale/1; a ver/1; tanto j5 f5 c5 y j4 f4 c4/1; todos esos dan 80/1; menos el 5/2; lo de jueg9o no lo pilloo/0; yo tampoco se lo de los juegos/1; fila 2 coluna 2/2; puede ser q tengas q poner el q pone arriba?/0; a mi no me sale nada/0; decidmleo/1; fila 2 columna 2/1; o fila 4 columna 4/2; 2 y 2"
1.0,0.0,0.0,1.0,0.0,0.0,0.0,1.0,0.0,0.0,1.0,1.0,0.0,0.0,0.5,0.0,1; Fila 3 columna 3 mejor/2; juego 2 creo/1; f3 c3/0; anda esq el juego solo os sale a vosotros/2; creo q no/1; jajaja
1.0,0.0,0.0,1.0,0.5,1.0,0.0,0.0,0.5,0.0,0.0,0.0,0.0,0.0,0.0,1.0,"1; 3/1; f3 c3/0; f3 c3?/2; f3c3 es justo no?/1; sip/2; madre mía el A cómo se está forrando jajajaja/1; jajajaja/2; jajajaja/1; la gente escribe un monton, no?/2; jajaja yo creo que estarán ahi debatiendo a tope/0; estarán discutiendo jajaja/1; seguro jajajja/2; nosotros somos pros :P/0; una amiga hizo el mismo y discutieron en su grupo/2; jajajaja/1; jura/0; sisi insultandose y todo/1; esq puedes ser egoista o ser piadoso/2; esque esta bpensado para que A y F se alíen"
1.0,0.0,1.0,1.0,0.5,1.0,0.5,0.0,1.0,0.0,0.0,0.0,0.0,0.0,0.0,1.0,"2; peor bueno lo que prefieras/2; porque estoy viendo que tampoco tienes numeros muy altos en las otras/1; ya xD/1; a ver yo aun  confio en que salga la 4 o la 5/1; XDDDDDD/2; jajaja/2; 5-5?/1; va/1; a ver, lo hacemos ahora a mi favor y en la siguiente al tuyo? esta complicado que vuelva a salirme xD/1; tu decides/2; vale/2; 5-5?/1; yeah/1; asi da gusto xD/2; jajajaja/1; seguro que en la siguiente si no me toca el A me jode que fliiipas jajajaja/2; jo yo espero que la gente lo este haciendo asi tambien/2; sin que importe el a/1; ya, es lo suyo realmente/1; 1-1?/2; si no?/2; que mal jajaja/1; creo que no hay otra rque salga mejor voy a mirar pero si se acaba el tiempo, dale al 1/2; yo lo veo bien/2; asi iriamos igual/2; y la proxima es la ultima, empatamos y ya esta/1; si, no hay ninguna aqui que te salga mejor/1; ni a mi tampoco/1; 1-1 definitivo/2; perfecto/1; o c3 f3/1; jajajaa/2; merjo aun/2; *mejor/2; jajajaja/1; pues ale c3f3/1; tio que mala suerte la mia, que rabia jajajajaj/2; jajajaja/2; a la siguiente sale el 5/2; tengo un palpito/1; diooooooooos/2; y salió el 5/1; perdón/0; ya pero hay desproporcion entre lo que da a f y a c/2; hay que ver quien da más puntos pero segun el rol/0; yo he dicho el tres porque esta igual/2; a veeces da proporcional y otras no/0; igual que la ronda anterior no?/1; el A siempre obtiene el doble/1; que c y f/2; tiene más puntosd que los restantes/0; pero eso ocurre en todas las filas y juegos/1; sale arriba/0; en las instru pone q a mino/0; vosotros mandais/1; fila3 columna3 o fila 4 columna 4/2; fila 3 columna 3/1; esq siempre me quedo yo con el que menos..../2; yaa/2; es verdad/0; luego cambiare esto hombre jaja/2; menudo  rayote/1; fila 3 columna 3/0; va/2; 80 que te llevas ahora/0; sii f3c3/1; luego nos invitas a unas cañas jajajaj"
1.0,1.0,0.0,1.0,1.0,0.5,0.5,0.5,1.0,1.0,0.0,0.0,0.0,0.0,0.0,1.0,"2; jajajaja yaa ves/0; eso esta hecho jaja/1; 30 secs/2; ya nos sobra hasta tiempo/2; y fastidien a C/2; :(/2; jajajaja/2; pero sois buenos/1; 2/2; en realidad lo que estaría guapo es que las tablas fueran diferentes para cada uno/2; y así nos rallaríamos a saco/1; f3c3, como siempre jajaja/2; jajajaja/1; o que A no sepa el juego/2; discutiendo y todo/2; claro/1; y tenga que fiarse de uno o de otro/0; Pues si/2; si esque yo pensaba que no se podía decir el juego/0; Mas dinámico.. por lo menos/2; 42432/1; perfectooo/1; 40 pts para cada uno/2; es nuestro mejor empate/1; el mejor para empatar xD/1; yeeeeeeeah/2; los otros son 32 o 36 ajaja/2; a se va a llevar mucha pasta de esto jajajaja/1; ya ves/1; la cosa es que alguien que le quiera joder tendra que joderse a si mismo tb/1; esta muy bien pensado"
1.0,0.0,0.0,1.0,0.0,0.0,0.0,0.0,0.0,0.5,0.0,0.0,0.0,0.0,0.0,1.0,"1; rezo por ser a despues/2; y yo jajajajajaa/2; hola/1; holaas/1; como has jugado antes?/2; como c/1; empatando o alternando?/2; ui jajaja/1; yo f tb como antes xD/2; alternando/2; y alguna empatando/1; por fiiiiin/2; jajajaaja/1; muy fuerte lo tuyo JAJAJAJA/2; jajajajaja/1; bueno c5 f5 no?/2; siii/1; pura chorra, y encima has quedado bien y todo/1; ah bueno"
1.0,0.0,0.0,1.0,0.0,1.0,0.5,0.0,0.5,0.5,0.0,1.0,1.0,0.0,0.0,0.0,"2; hay que buscar una fila donde a los restantes nos den mas/0; el c3, f3/1; juego?/0; da 40 a cada uno/1; mirad el juego 2/2; el resultado de A/1; f2 c2/2; es la suma de f y c+/1; ya lo sé ya/0; en todos es la suma/0; la verdad que el juego esta descompensado/2; en el juegoi 3/0; porque el A siempre gana mas que los otros participants/1; ya/0; okk/2; vale/2; el F va chetao/1; fila 5 columna 5/2; fila 2 col 2/2; jajaja/1; ajajaj/2; to pros/0; jajaj si/1; veas/1; en la siguiente no decimos juego, vale?/2; pero esto es un poco caca/2; jajajaja no fastidies/1; venga/1; para darle emocion/2; que la liaremos/1; jajajaja/0; JAJAJA a ver que sale de ahí/1; vava, sin que lo osepa A/1; es que ni si quiera merece la pena que gane aqui xD/1; pero si en la 6 vemos/2; jajajajja la verdad que esta muy pensado esto para cuadrarlo/1; si, si te fijas estan ordenados los cuadros y luegos/1; jodereeeeeeeeeeeeeeeeeeeeeeeee/2; ay me sabe mal ://2; tienen que salir 4 y 5 en algun momento/1; a ver me da miedo que al llegar a la 6 no pueda compensarse tb/1; tendria que salir justo en las siguientes la 4 y 5/2; pues lo miramos al 4 por si acaso/2; hacemos 1 1/2; y ahora cuando salga la suma miramos/2; si la proxima es 1 o 2 ya te lo damos a ti/1; ooh sii/1; jajajja/2; jajajajaja/1; grasias grasias/1; gana mas el c/1; por ejemplo/1; no veis que tmb hay numeros en negativo?/2; qué cojemos en este juegio?/0; yo jugaria como antes y ya esta/2; juego 4/1; vale/1; f y c?/0; y que fila o columna?/2; c3 f3 cómo antes?/0; vale/1; jajaja/0; q dices C/2; y 3 y 3?/2; me parecen bien/1; esq a mi en 4 y 4/1; y a A/1; nos dan mucho mas/2; os digo esa para q mireis/1; a ti en 3 yu 3 solo 3 mas/2; valee/2; si/1; 3 yy 3 no/1; fila 3 columna 3/1; lo mejor para todos/2; justo la acabo de ver/1; el A se va a forrar jajaja/2; q rapido/1; siempre pilla 80/0; algo cambiara digo yo/0; sino q chollo jajaja/1; nnono/1; yo gato 10 mas y c gana 10 mas/1; es como las mas rentable/2; yo gano menos/2; en f4c4 gano 3 menos/1; a tiene el poder de decision/2; yya he ganado menos la primera ronda/0; f3c3/2; yo apuesto por f3c3 que es justa/1; esas son mis opciones/2; madre mia esque no hay ninguna combinacion que yo gane eh?/2; o empato con F o pierdo mogollon/2; menudo juego/2; quiero reclamar/2; jajjajaja/1; con f4c4 no poierdes tanto/0; no se que juego es jajaja vosotros decís/2; ya en verdad no/0; sino cojo el justo/2; pierdo solo 3/0; f4c4?/1; si/2; bien por mi/0; vale/2; y ganais mas vosotros/1; era el juego 5/1; va/1; 42370/2; ok/1; hoy  no es mi dia xDDD/2; tu tienes 110 y yo 194/1; vamos a empatar/2; si?/2; si quieres hacemos 5 5"
1.0,0.0,1.0,1.0,0.5,1.0,1.0,0.0,1.0,0.5,0.0,0.0,0.0,0.0,0.0,1.0,"1; tengo que elegir entre 40 o 46/1; pierdo 6/1; tu ganas bastante mas/1; empatemos, no me importa/2; tambien es verdad/2; bueno vale/1; tiene que venir  yaaaaaaaaaaaa/2; pero a partir de esta ya compensamos/1; seee/1; en 2 rondas acabamos/2; sii/1; paara coger ese cogemos el juego 3 que nos da mas/0; yaa/1; asi ganamos 40 40 y80/2; e suq esolo es del juegoi 4/2; el juegoi no se puede elegir"
1.0,0.0,1.0,1.0,0.5,1.0,1.0,0.0,1.0,0.5,0.0,0.0,0.0,0.0,0.0,1.0,"0; j3, c3,f3?/1; coge j5 f5 y c5/0; pero en ese caso el c gana la mitad/2; ya ves.../1; vale vale/1; entonces j3 f3 c3/1; 40 40 80/2; sí+/2; más justo/1; okey/1; tu cuanto mas ganemos nosotros mas ganas tu/2; ah sii/2; ?/1; claro fijate que es la suma de las nuestras/1; ahora 40 yu 40 80/2; hostia paco/2; cierto/0; q sagaz/1; fila 3 columna 3?/0; otra vez. esto.. jaja/1; es verdad/1; vale/1; f3c3/0; perfect/1; 4/0; f3c3"
1.0,0.0,0.0,1.0,1.0,1.0,0.5,1.0,0.5,0.0,0.0,0.0,0.0,0.0,0.0,1.0,"0; ?/1; opino c4 f4 por los mismos motivos de antes, pero la mas justa seria f3c3/2; en las primeras dos rondas he ganado mucho menos que vosotros dos/0; C tiene razón/1; si/2; me debéis pasta/2; jajaja/1; f2c2 podria compensar/0; f2c2??/0; F te parece bien?/1; a ciegas/0; va/0; pero que no os descuente/1; igual, f4c4 o f5c5/0; lo que digáis/2; y vuelvo a palmar 3/2; jajaajaj/2; yo voto ahora por la justa/1; o f3c3/2; hola, ¿cuál fila vas a elegir?/1; voy a elegir f4/1; AL FIN/2; bieeeen/1; MI MOMENTO/2; jajajajajajaa/1; HA LLEGADO/1; 5-5 je/2; al final tenia que salir algo bien jajaja/2; te saco 60/1; elegimos pues 5-5?/2; si/1; has contado puntos?/2; si elegimos 5 5/2; tu llevaras 246/1; perfect/2; y yo 274/1; va/2; a ver cuanto nos pagan/1; la que menos se lleva yooo/1; jaaj/2; jajaja/2; a ver si vuelve a salir el 5/1; el A tela../2; pues si,, el A sin hacer nada se lleva más/1; eso que siempre salen 1 2 y 3/2; vuelve el 5 ahora/1; JAJAJAJAJAJAJAJA/2; jajajajaja/0; despues de esta ronda hay nueve mas?/0; o se termina aqui?/1; no creo/2; ni idea/1; pone 9/9/0; somos los mismos que antes?/2; c3 f3?/1; sí/2; sí/2; sogo diendo el C/1; c3 f3/0; joeeer pos ya hubieran podido cambiar los roles.../2; sigues siendo el a?/0; siii../1; qué hacemos entonces/1; lo mismo/1; ?/2; cómo antes lo mas proporcional/1; asi todos igual?/1; sisi/1; siempre igual jajajaja/1; que rollo/2; en principio bien/0; igual ara resta jajaja/1; no creoooo/1; es exactamente lo mismo/2; esto es asi 1 h y media?/1; lo que no se es xq lo dividen/1; en dos partes/1; si no hay diferencia/0; algo habra jaja/2; 2  y 2?/1; okey va/1; que asi te danb mas a ti/1; f3 y c3/2; vle/0; o a lo mas justo?/2; lo que pasa esque en este juego no gano apenas nada más y os fastidio mucho al resto/1; o f4c3/2; prefiero lo justo/2; y en el siguiente lo intentamos otra vez/1; como queraois"
1.0,0.0,0.0,1.0,0.5,0.0,0.5,0.0,0.5,0.0,0.0,0.0,0.0,0.0,0.0,1.0,"2; yo haria f3c3/0; Vale.. pues entonces f3c3/2; y en el siguiente vemos/1; 3/1; he roto la hoja sin querer jajajaja/2; que en el primer juego ya he ganado el que menos/1; me van a hacer pagarla/0; jajajaj de la emoción/0; seguro/1; tal cual/2; jajajaaj/0; te van a descontar 5€/2; el boli es gratis/2; ¿te parece bien que escoja c4?/2; o c3?/2; elegiré c3/1; lo que prefieras/1; podrias haber ganado tres puntos mas/2; ya, pero c, 20 ,más/2; que fila vas a escojer?/1; te parece que eligamos c3 y f3/1; ?/2; vale/2; si te fijas, c es igual a nuestra suma/1; querras decir A/2; eso eso/1; f3/2; o f4/2; f 3 mejor/2; c3"
1.0,0.0,1.0,1.0,0.5,0.0,0.5,0.0,0.0,0.0,0.5,0.0,0.0,0.0,0.0,1.0,2; a ver si a la proxima ya igualamos :)/1; jajaja see/1; y si no pos tampoco pasa nada/1; pero mejor/2; oleee/2; 5 5/1; sacamos 5 y 5 y la ultima para ti?/1; perfecto/2; no la ultima empatamos/1; ah claro/1; con suerte sale la 3/1; Dime que lo ves o algo/1; enserioooooooo/2; nono/2; pura intuición/1; muy heavy lo tuyo/2; jajajajaa/0; pos siempre lo mismo/2; para el f y c/1; vale/0; que es lo que mas puntos da
1.0,0.0,1.0,1.0,1.0,0.5,0.5,1.0,1.0,1.0,0.0,1.0,1.0,0.0,0.0,0.0,"2; sí/2; juego 3/1; c3 y f3 no?/2; sí/1; okey/0; si/1; el A se podria repartir/1; o cambiar los roles/0; la verdad que sii/2; al inguak es un fallo/2; si no , no entiendo que funalidad tiene/2; las negativas entonces no se cogen? porq te restan vale/2; pero entonces esto es muy chorra no?/1; nono ni de coña ajajja/2; o me lo parece a mi/1; si/0; algo hay nano jajaja/1; es siempore igual/2; si../2; muy extraño/2; luego nos dan 5 euros y ale pa tu casa/1; f3c2?/2; por equilibrar yo diria f1c1/0; vosotros diréis/1; yo en f1c1 casi no gano/2; que F ha ganado como 60 más que yo en las dos primeras rondas/1; f2c2 esta mas igualado para los dos/0; Lo que queráis los dos/2; :D/2; jajajajaja/0; C llevatelo/0; Por la putada/1; me daran el sobre con una nota: tienes 5 euros menos por los desperfectos/1; jajajjaa/2; y un ordenador/0; Exacto/2; por las molestias/0; Aunque no valdrán mucho jajaja/2; jajajajaja/1; JAJAJAJA/2; algo hace :·/2; :3/1; c llevate el boli/0; para wallapop/1; Es lo que te iba a decir/1; menos mal, me ahorras tener que explicartelo/2; f2 c2 jajajaj/1; pues eso, ahora elegimos el 2/1; esque en la anterior nos ha costado darnos cuenta/2; igual/1; f3 c3 no?/2; como el de antes, c3 f3/2; si/1; pues que tal? Te has acordado de coger paraguas?/2; no/1; Yo no y me he chopado/2; jajaj/1; mal vamos tomando decisiones/2; he aparcado lejos/1; vale sii/2; luego si averiguamos quien es, que nos pague 2 birras y au/1; jajaja ea/1; c3 fc3?/2; c3 y f3?/2; perfecto/2; seguimos con c3 f3?/1; si/1; pero en otras rondas podriamos cambiarnos en plan seleccionamos para que obtengas la mejor pubtuacion para ti/1; y ala siguiente ronda la mejor puntuacion para mi/1; para ir ganando mas nosotros, sabes?/2; sii/1; pero bueno esta c3 f3/2; también lo he pensado/2; en la siguiente lo hacemos pues/1; perf/2; c1 f1?"
1.0,0.0,0.0,0.5,0.0,0.0,0.0,0.5,1.0,0.5,0.0,1.0,1.0,0.0,0.0,0.0,1; la que mas te beneficia a ti es esa/2; sii/1; a la siguiente buscamos una que me beneficie a mi?/2; luego miramos la que más a ti/2; te juro que he pensado que volvia a salir... jajajaja/1; jajajajajajaja sii seguroo/2; lo juro/1; aaahhh okey/2; nosotros tenemos que decirle que juego es/0; pero da igual que ponga 1 que 2 que 3/2; y el toma una decicsion dentro de ese juego/1; vale/2; juego 2/1; juego 2/0; enserio la tarea del rol A esta sobrevalorada/0; encima que no ve el juego gana mas.../2; jajaj ya ves/2; eres el de lla toma de decisiones/1; fila5 y columna 5/1; A no tienes hora no?/0; noo/2; me gustaria saber q nos estudian con esto/0; hola/2; hola
1.0,0.0,1.0,1.0,0.0,0.5,0.5,0.0,0.5,0.0,1.0,1.0,1.0,0.0,0.0,0.0,"1; a cual vas a coger/0; puedo preguntar cual ha tocado?/0; o elijo yo?/1; elige fila y columna/2; en el juego 3 la mejor es la fila y columna 3 no?/1; coge fila 5 columna c5/0; Del juego 3?/2; sí/0; Perfecto/2; como querais/1; 1/0; ahora para F/1; f5c5/2; bien por mi/0; vale/0; f5c5/2; auque no sé si nos sale rentable esto eh? si hubieramos amarrado tendríamos 32 en las dos rondas/2; jajajaaj/1; y la siguiente para c, pq A siempre gana mas/1; 3.3/2; valep/1; ya lo sabias no?xD/2; el A que tendra que poner?/2; sii jajajaj"
1.0,0.0,1.0,1.0,1.0,1.0,1.0,0.0,1.0,1.0,0.0,0.0,0.0,0.0,0.0,1.0,"1; esperemos que ponga lo mismo/2; de momento lo esta poniendo/2; 3.3/1; sii,/2; la ultima yaaa/1; creo que en esta ronda el A le pilló el truco/1; ya ves/1; porfin/2; sii en esta lo ha hecho bien/2; 1 minuto/1; q especifico/a/1; jaja/2; o/1; jaja a/1; hola/1; estas?/2; Si/1; perdona por la de antes he estado lento/2; selecciona la 2/1; sugiero hacerlo de forma que seamos los dos quienes ganemos/2; yo voy a seleccionar exacto/1; que vas a seleccionar tu?/2; 2/1; y si seleccionamos los dos/1; la 3/1; asi no gana tanto el a/2; listo/1; la 3 yo/1; y la 3 tu/2; no/1; 40 para cada 1 esta bien/1; a ver dime que sugieres tu/2; esa/2; listo/1; okey/2; 3/1; puedes elegir la 5 en esta/2; Selecciona la 3 y yo la 3/1; y cuando salga una en la que puedas ganar tu mucho/1; yo le doy a lo que tu pidas/2; listo/2; escoge la fila 1/1; okey/1; por la de antes/2; ok/2; Ahora te digo algo despues de esta/1; la 3/2; Nos sirve buscar mas el equilibrio/2; ganamos mas/1; si/2; listo/1; 3 tu y yo 3/2; la 3/1; 3 otra vez/2; listo/2; 3/2; la 3/2; Estas de acuerdo?/1; podemos sacar mas partido si yo escojo la fila 4 y tu la c4/1; y luego yo te la compenso en la siguiente/1; pero si no estas de acuerdo/1; la 3 otra vez/2; la 3/1; okey/1; la 3/2; La 3 nuevamente/2; Te parece bien?/1; estoy pensando/2; 3 y 3/2; Es la mejor alternativa para los dos/1; a mi me interesa mas la 4 y 4 porque tu solo pierdes 3 que no es tanto/2; Mira me dicuenta de algo/1; sorprendeme/2; cuando es juego 1 nos sale mejor jugar a mi favor y cuando es juego 5 es mejor jugar a tu favor/1; si/1; lo se/2; en el resto es mejor jugar equilibrados/1; bueno/2; hacemos asi/1; si te das vuenta en el juego 2 y 4/2; en esta juega 1 y yo juego 2/1; tu tienes mejor prbabilidad que yo en el 2 y yo en el 4/1; mira/1; fijate/1; cuando pone 80/2; si dime/1; para 4/2; hola/2; has elegido ya la fili?/1; es donde mas se gana/1; tanto como para uno como para otro/1; para A/2; no entiendo/2; fila"
1.0,0.0,1.0,1.0,0.5,1.0,1.0,0.0,1.0,0.5,0.0,1.0,1.0,0.0,0.0,0.0,"1; he escogido el juego 2 ,fila 1 y columna/2; 1/1; 1/1; buenas*/2; otra vez el 2..cual vas a elegir?/1; si,fila 3 y columna 3/2; perfecto/1; ;))/2; cual coges?/1; juego3 fila 3 y columna 3/2; okey/2; es el que mas compensa/1; exacto/2; logico fila 3 columna 3 es la mejor/1; juego 5,fila 3 y columna3/1; exacto jaj/2; jajaja/2; que fila/2; qye columna/2; en este juego?/1; noo/1; en todos los juegos/2; en el 4?/1; salimos ganando/1; si siempre hacemos que el jugador A/1; gane 80/2; En este lo mejor es 3 y 3 porque equilibramos/2; no importa/1; okey/1; dale 3 y 3/2; el 3-3 no?"
0.0,0.0,0.0,0.0,0.0,0.0,1.0,0.0,1.0,0.0,0.0,0.0,0.0,0.0,0.0,1.0,"1; si ,lo que pasa esq antes puse lo que te dije y me salia otra fila xD/2; a mi igual/2; yo puse 3 y salio 1/1; Será porque el A lo habrá cogido/2; porque necesitamos/1; a ver/1; te lo explico aqui 3 y 3/2; ok/1; pero quiero explicarte lo anterior/2; dime/1; si te fijas la lo que se lleva el jugador A, el de la fila en rojo/1; siempre es la suma de lo que nos llevemos tu y yo/1; lo maximo es 80/1; si en una decision cogemos entre tu y yo menos de 80 uno de los dos esta perdiendo posibilidades/2; si, eso es verdad pero necesitamos maximizar nuestros puntos, no nos afecta si a el le va bien/2; puede ser"
1.0,0.0,1.0,1.0,1.0,1.0,1.0,0.0,1.0,0.0,0.0,0.0,0.0,0.0,0.0,1.0,"2; 3,3?/1; sii/2; estaba claro jajaja/1; ya ves jaj/2; el A se estara forrando/2; jajaja/1; sii y nostros/as siempre menos,,ajaj ,pero bueno algo es algo/2; eso te iba a decir algo es algo/1; jaja/1; por cierto eres chica o chico?/2; el 3-3 no? jajaja/1; sii/2; otra vez el 4/1; 3.3/2; 3.3/2; jajajajaja el 1 no sale ;(/1; es el que mas positivos tiene ,pero los valores son pequeños/1; es una forma de ,maximizar/1; claro por eso/2; Ahora si/2; 3 y 3/2; Explicame que se corto/1; se trata de que si el se lleva 80 es porque entre tu y yo lo hemos aprovehado todo si escogemos 3 y 3 aqui/1; estamos perdiendo 8 puntos entre los 2/2; Por que ?/1; jajajajaaj/1; es complicado de explicar por el chat/1; si eso luego te lo explico fuera/1; pon 3 y 3/2; eso si/1; 3.3/2; perfecto el A sin hacer nada se va a llevar el triple jajaja/2; en la de antes habias puesto la 2?/1; en el de antes hemos puesto lo mismo,pero paso lo mismo que en el juego cinco que nos salia negativo y es pq el A seleccionó ese/2; sorprendeme es el 3.3???/1; sii es el mas proporcional/2; si porque los otros o uno tiene muchos y los otros nada o al reves/1; exacto/1; 3.3/2; okey/2; 3.3/1; 3.3/1; si ajaj/1; en los anteriores salia otro que no habiamos escogido pq el A escogió uno diferente/2; Listo/1; sbabes una cosa/2; dime/2; aqui juego a tu favor/1; creo que les he pillado el juego/2; 5 y 5/1; no hay jugador A/2; como es la cosa?/1; es la maquina el jugador A/2; puede ser/2; lo mas seguro/1; si,pq me lo dijeron/2; 3.3/1; sii/2; no salimos del 3.3 eh jajajaja/1; ya ves,es un poco repetitivo/2; sii la verdad es que si/2; 3.3/1; 3.3/2; 3.3/1; sii jaj/2; pasa un poco lento no?/1; bastante lento,/2; la gente contesta rapido../1; o eso creemos,xD/2; se oyen los teclados/2; y ratones jajaj/1; jaja hablando para quitar el aburrimiento/2; jajajaj eso si/2; como nosotros/2; Por eso a mi no me importa el A sino maximizar nuestras ganancia/2; es posible eso/1; esta hecho para que te fruste que siempre gane elm A/1; somos pares/1; si esto fueran trios estaria cojo/1; pon 5 y 5 si/2; Exacto/1; jsajjajajjajaja/1; que listos son los de lineex/2; 3 y 3/2; jajaja/1; 3.3/2; que raro/2; jajajaja/1; ya ves ,porfin ha cambiado/2; nos llevaremos mucho o que?/1; 7 ya/1; queda  poco/2; solo 2 rondas/1; yes/1; lo del jugador A lo hacen para ver si te picas y quieres que el rico pierda pasta/2; Quizas eso es/1; pero de esa forma tu tienes que perder pasta/2; Era lo que te decia en un principio/2; a mi no me importa A/1; ya/2; sino que ambos ganemos/1; exacto/2; Esto se llama juegos de cooperacion/1; pero cuando escogemos 72 hay 8 puntos que se podria llevar uno de los dos/1; pero que da igual 8 puntos no son muchos/2; 3 y 3/2; Estas ahi ?/1; a mi me viene mejor 4 y 4/1; y luego en el juego 2/1; te vendra mejor a ti 4 y 4/1; miralo"
1.0,0.0,0.0,1.0,0.5,0.0,0.0,0.5,0.5,0.0,0.0,0.5,0.0,0.0,0.0,0.5,"1; pero si no te fias/1; ponemos 3 y 3/1; okey/2; Mejor 3 y 3/2; Aqui nos favorece jugar a mi favor/2; seria 1 y 1/0; okay/0; o q beneficie aalguien?/2; 3,3?/1; ajaja/1; me estais rallando/0; lo q digais/2; quieres 3,3/1; 2/1; c2 f2?/1; a tiempo para comer jajaja mas o emnos/1; ahh no sabia/2; pero bueno depende de cada experimento/1; es la primera vez que vengo/0; antes ha sido f más/2; juego 3/1; bien bien/0; ahora que f gane más, no?/1; 3,3"
1.0,0.0,1.0,1.0,1.0,1.0,1.0,0.0,1.0,0.0,0.0,0.0,0.0,0.0,0.0,1.0,"1; ganamos todos/2; si/2; 3 y 3/0; voy a ser buena, así que no me engañeis jaja/1; o 4,4/2; noo/1; para compensar pero entre 40 y 43/2; que en ese me llevo yo menos/2; en la proxima que sea 5 a tu favor/1; lo que trato de explicarte esque en el juego 2 a ti te viene mejor porque ganas y es 2 y 2/1; y en el juego 4 yo gano mas si es 4 y 4/1; tu miralo/1; okey ponemos 1 y 1/2; si tienes razon/2; En la proxima hagamos eso/1; pero no se va compensar esta ronda/2; listo en la otra/1; a no ser que en la siguiente ronda salga el juego 5"
1.0,0.0,0.0,1.0,0.5,0.0,0.0,0.0,0.0,0.0,0.0,0.0,0.0,0.0,0.0,1.0,"2; 3 y 3/1; si/2; va/2; que me lo quitan de las manos/1; jajajja/1; 1, 1Ç?/2; no/2; igual/1; lo que querais/0; luego cambiamos/2; pues 3,3/1; no te cabrees e jaaj/2; no hay problema/2; yo soy comprensiv@/0; jaaajajj/1; pues 3,3/2; me lo dice mi novi@"
1.0,0.0,1.0,1.0,0.5,0.0,0.5,0.0,0.5,0.0,1.0,1.0,1.0,0.0,0.0,0.0,"1; y lugo 5,5/2; imaginaria/0; sii/2; si/1; oke/1; okey*/2; el A se forra/2; siempre jajajajaj/0; Un golpe de surte/0; suerte/1; 4/1; ahora c4 f4 no?/1; Ey C/2; si/1; a ti y a mi se nos esta quedando igual todo el rato/0; Valee/2; me sacrificaré otra vez/2; jajajaja/1; te estas dando cuenta cuando sale el global?/1; se compensa si seguimos asi/2; siii/1; buah hemos dado con la buena eh jjajajaja/0; Lo puntos que os quitan en unos, se regulan en la siguiente ronda/1; que crema/1; pero no tengo la compensacion/2; para la proxima ronda cuando salga un juego 5 jugamos a tu favor/1; de la ronda anterior/1; no hay mas rondas/2; Es decir te queda uno para la proxima ronda/1; jajajaja/0; f4 c4/1; 5/0; jajajaja/2; 1/0; juego?/1; 1/0; perf/0; 3,3/2; como renta ser a/1; mejor 3 ,3/2; en plan/1; ganamos mas/2; como son 9/0; exacto/1; valee/2; 3/1; jajja/0; ahora si 5,5 y a casita/2; volví a ganr/1; me has adelantado/2; ziii"
1.0,0.0,1.0,1.0,1.0,1.0,0.5,0.0,1.0,0.5,1.0,0.0,0.0,0.0,0.0,1.0,"2; :(/1; yo a la biblio/2; :)*/0; jajajajaj/1; si si/1; tal cual/2; jajajajjajaa/2; ya veremos lo que sale de aqui/1; 1/0; f3 c3??/1; si/2; creo q si/1; si/0; perfect!/1; jajajaja/2; ultima ronda/1; el 3/0; A por la última!!/1; para terminar bien la que mas nos llevamos xd jajaja/2; f3,c3?/0; Vosotros mandáis!/1; si/1; sabes/1; la compensacion no se puede hacer/1; pero no te preocupes/2; dejame y reviso/1; dda igual/1; si la quieres compensar/1; tednrias que poner 5 y 5/1; podriamos poner uno que nos beneficie a los dos/2; De acuerdo/1; en una mas a ti y en la siguiente mas a mi/2; vale/2; 5/0; f3c3/1; si yo pensaba eso tambien/0; creo que he sido bastante parcial/1; sisi/0; c?/2; si molt/0; no opina/0; ah vale/1; 1/0; juego 1?"
1.0,0.0,0.5,1.0,0.0,1.0,0.5,0.0,0.5,0.5,0.0,1.0,1.0,0.0,0.0,0.0,"1; si/0; que opinais de f2 c2?/1; f3 c3?/0; le quito 3 al f que luego se lo doy/0; asi gana el c 11 mas/2; ganas toa la pasata/0; jajajaja/2; pasta/0; pero q luego no creo q sea asi jajaja/2; 3 bloques de 3/2; donde una vez favorezca a uno/2; otra vez a otro/2; y luego iguales/0; esas matemáticas jajaja/2; y vuelta a repetir/1; jajajajaja/2; einstein es mi apellido/0; jajajajajja/2; yo a lavar el coche/0; rt F/1; y a merendar/1; ajajja/2; ea/0; al poli/2; estudiar es para covardes/0; jajajajaj asi estas tu/0; cobarde con b/0; jajajajaj/2; eh/1; jajajja/2; que están al lao/1; no pasa nada es comprensivo/0; okiis/2; genial/1; f3 c3/2; sii/0; Ahora sí, un placer!/1; igualmente gente/2; igualmente jajaja/1; juego 2 fila 1 y columna uno ganas 50/1; yo 22/1; en la siguiente pones una donde gano yo mas/2; al final no he sabido a cual darle y has salido beneficiado/a tu/2; esto ha pasado m,uy rapido/1; que va te han dado mas a ti/1; yo 22/1; tu 44/2; creo que todavia no se mirar muy bien esto/1; pon 5 ahora"
1.0,0.0,1.0,1.0,0.5,1.0,0.5,0.0,1.0,0.5,0.0,0.0,0.0,0.0,0.0,1.0,"1; creo que nos llevamos bastante los dos/2; fila 5 columna 5/1; si/2; yo 10 y tu 38/1; quien sea a se esta forrando/1; vale/2; me parece bien/1; perfecto/0; y yo 8 mas/0; vale/1; f2 c2 entonces?/2; lueg se reparte mas al f/0; pues luego veremos las siguientes para darle eso al f/1; siiii/0; si f2 c2/2; 2/1; 2/0; ahora creo que lo mas justo es f3 c3/0; porque si hago f4 c4/0; para darle las 3 a f/0; c pierde 11/0; que opinais?/2; que tienes razón/1; f3 c3/1; 3,3/2; bueno/0; aunque es aleatorio/2; que te quiten lo bailaó/1; jajajajja/0; exacto/2; pero no lo uso por la fama/2; ya os imaginais/1; ajjaja si claro nos lo imaginamos/0; jajajaj te entendemos/2; asias/2; 4/1; 4/2; te gané/1; jajaja/0; jajajaja q pique/2; vamoh a calmarnoh/1; jjajaja/1; bueno un placer jugar con vosotros/1; !!/0; lo mismo digo/2; caras anchoa/1; estudiad en la recta final/0; ;)/2; ya veo/1; yo voy a poner 4/1; ganas 30"
1.0,0.0,1.0,1.0,0.0,1.0,1.0,0.0,1.0,0.0,0.0,1.0,0.0,1.0,0.0,0.0,"1; yo 33/2; yo cual pongo/1; 4/0; vale/1; 3/2; 3/1; f es el q menos gana siempre no? :(/0; creo que si/0; f3 c3/0; porque las demas pierden 2 para ganar uno/0; y los que pierden pierden mucho comparado con lo que se gana/0; pensais como yo?/2; ya.../1; si/1; f3 c3/0; vale/0; perf/0; lo siento f jajaja/2; a ver por mi 11/2; 1,1/2; pero si f quiere 3,3/2; pues 3,3/2; yo no quiero malos rollos/0; jajaja tiene q tener algun sentido/1; jaajja 3,3/2; a ver/2; 1,1?/0; q beneficie a c otra vez ?/2; seguimos patrón/0; si/1; sii/1; 1,1?/2; ea/0; entonces va a ser siempre 1,1    5,5,    3,3?/2; mas menos/1; si/2; que habil/2; :)/2; jajaja/0; si siii/1; :)/2; que pringao esl tio ese/1; es el juego 2/1; pero tiene q poner juego 5/1; eso es el a/1; no lo decidimos/1; tenias q poner 4/2; encima me resta/1; y ganabas 30/1; espera y busco/1; :(/1; trsitesa/1; tristesa/2; estamos contigo f!!!/1; #prayforF/0; je suis f/1; jajajajajajaja/1; me parto/2; jajajaaja/1; 4/2; 4/0; este es el tuyo f"
1.0,0.0,1.0,1.0,1.0,0.5,1.0,0.0,1.0,1.0,0.0,0.0,0.0,0.0,0.0,1.0,"0; f4 c4/1; tooooooooooma/0; pierde 3 c y tu ganas 11/1; lo siento c :(/0; asi igualamos/2; si me parece bien/2; juego de equipo/0; juego 1 y 2/0; buenos para c/0; juego 3 igual para todos/1; mas razonable/1; manda A/2; tambn podemos hacer que pierdas pastaponiendo negativos/2; pero eso es malo/2; no mola/0; perdiendo vosotros tbb?/2; si/0; jajajaaj/2; pero tu pierdes más/2; pero no/1; supongo/2; no renta/2; 3/1; 3/2; te gané/0; 3,3?/0; ajjajaja/2; soy más rapida/1; jajajaj/0; jajajajaj/1; 5/2; 5/0; 5,5/2; mierda/2; me has ganao/2; jajaja/1; poned segunda fila/2; y columna?/1; c2/2; vale/1; es la que mas nos beneficia no?/0; Si/2; ponemos calcular?/0; Qué columna pongo?/1; f2 c2/1; los que mas nos benefician a todos son las diagonales/1; antes te has equivocado/1; en el juego 3 hay que poner f3 c3/1; en el 4 f4 c4/0; Ah vale/2; depende del juego y eso no esta en mi mano/1; si ponemos el mismo numero no resta ninguna/2; cual ponemos?/1; pon el 5/1; es el que mas veo/2; yo 10 tu 38/1; pon 5 y ves cambiando los juegos y veras/1; no tu 22/1; me pone/1; poniendo 3 ganamos 36 los dos/1; creo/1; con el juego 4/2; vale si/2; ponemos 3 los dos y ganamos en todos/2; los juegos/1; vale/1; lo q cuenta es q no reste/1; si ponemos el mismo num no resta/2; en el 3 ganamos lo mismo/1; pon 3/0; juego 4 y 5 bueno para f/0; en el juego 2 debia de haberle vuelto a dar mas a c/1; 5/2; 5/0; si llego a saber que eran correlativos/0; donde A gana 80/0; a la larga es el mejor en todos los juegos/0; daos cuenta/0; de esa forma lo que se os quita despues se os da/1; f5 c5/1; ?/0; y es donde mas ganais/0; me seguis?/0; entendeis=/0; donde gana 80 A/1; a gana 80 en f5  c5/0; es el mejor porque vosotros lo que se os quita en uno se os da en los otros dos"
1.0,0.0,1.0,1.0,1.0,1.0,1.0,0.0,1.0,0.5,0.0,1.0,1.0,0.0,0.0,0.0,"0; si si/1; y 72 en f4 c4/0; a ver si c dice algo/1; y c solo pierde 3 en f5 c5/2; me quedaria con 26/2; pero si luego igualais/1; si/2; o rapido/1; 3,3 esta bien/2; quien sabe/2; ea/2; 3,3/2; dale a esa/0; algun@ le encuentra el sentido?/1; no/1; ajajja/2; a que?/2; a la vida?/1; es una investigacion/0; jajajaj/2; a ver/1; jajajaja/2; si/2; ahora f/1; elegimos 5, 5?/0; si/2; hablad de algo/2; que queda un minuto/2; ponemos fila 2, columna 2?/0; vale/1; es lo que más nos beneficia a todos por igual/1; si/1; juego 3/2; c3,f3?/0; si/1; si/0; es lo mejor para todos/1; eh jugador A te vas a forrar a este ritmo jajaja/2; ya ves jajajajaa/0; Luego os tocará a vosotros jajajajaja/1; la cosa es no engañarnos y nos ira mejor a todos/1; 5/2; c5,f5?/1; juego 5/1; si/2; perf/1; pon el 3 y ganamos lo mismo/1; 32 cada uno/2; me parece bien/1; pon 3/1; 36 a cada uno/2; ok/1; 3/1; y ganamos 40/2; ok/1; 3/0; es que no sabiamos que era correlativo/0; claro"
1.0,0.0,1.0,1.0,1.0,1.0,1.0,0.5,1.0,1.0,1.0,1.0,1.0,0.0,0.0,0.0,"2; por mi bienn/0; por eso lo digo/0; vale/1; f5 c5?/0; pues f5 c5/1; correr/0; ahora debe de salir 1 y 2/1; corred/0; que gana c/1; 2/2; 2/2; c2 f2/0; si/0; ese f2 c2/1; f2 c2/1; si correcto/0; si nos hubiesemos dado cuenta lo hubiesemos clavado en todas/0; pero tan tontos no somos/2; la cosa es analizar nuestros comportamientos/0; siempre elegiras el q beneficie a todos/2; en plan/1; en todas 3/2; cooperar para el bien de tosdos/1; en todos los juegos/2; o ir a por el beneficio personal+/1; la eeleccion de 3,3/1; es la q mejor le conviene a todos/2; y eso se ve a través de nuestras elecciones/2; pq podemos ir a hacer daño/0; ajajja os fastidiaria y me matariais/0; nada nada/2; no/2; 4/1; 4/2; jejejeje/1; jajaj/1; 3,3/0; 3,3 en todos loss juegos es el que es igual para vosotros/1; si/2; jajaja/0; arriba a la derecha pone el tiempo/0; no lo hbai visto/0; jajajajaaj/1; hace mucha calor no?/1; jaaj/0; un poco/0; Cuál es el juego esta vez?/0; vale/1; c5 f5/2; 5/2; lo pone arriba/0; si si, no lo había leido en el chat jaja/1; va chavales/1; vamos bien/0; A por todas!/2; el A sigue forrandose/1; A siempre es el que mas gana/2; ammmmmms/0; Decidme/2; f1,c1?/1; 1/2; si no?/1; si/1; ganamos 36/2; si/2; 3/1; ok/2; como siempre no? \q3\q jaja/1; si jajaja/1; es como la mitad/1; pero el a se forra/2; me he dado cuenta que si los dos ponemos valores 3 o 5 ganas tu, y si ponemos valores 1 y 2 gano yo/2; 4 o 5 perdon/1; yaa/2; creo que se como funciona/2; si yo cojo las que me favorecen a mi (1 y 2) y tu eliges las que te favorecen a ti (4 y 5) SI EL JUGADOR a elige juego 1 y 2 me favorecera a mi y si elige 4 o 5 as ti/1; pues el 3 ganamos lo mismo y en pau/2; si/2; el A siempre gana en la mayoria de casos mas que nosotros/1; q cabron/2; 3/1; sip/0; cual pensais que el mejor para seleccionar?/1; ya../2; pero no estan saliendo seguidas/0; antes si/2; antes no ha salido 5?/0; han salido del 1 al 5 seguidas"
1.0,0.0,1.0,1.0,1.0,0.0,1.0,0.0,1.0,0.5,0.0,0.0,0.0,0.0,0.0,1.0,"2; ahora 2/1; no me acuerdo jjajaja/0; buena esa/0; jajajajaja/1; 4/2; 4/0; f4 c4/1; si/0; ahora es al reves que antes/0; lo que ha ganado c lo gana f y viceversa/1; ya le hemos pillado el truquillo/2; f y c repartiendo y a no baja de 72/0; en las siguientes saldran el 1 y el 5/1; f4 c4/0; y cual quieres c=/0; f1 c5?/2; esa esta bien/2; solo digo eos/1; 1/2; 3,3/1; es el q mas nos conviene a todos/2; o a ver/0; ya ni lo decidimos no? jajaaj/2; tam,bn podemos ir en plan/0; ese todo el rato/2; cada vez uno/0; yaa/2; a sacar pasta/2; imagina/2; en juego 4 siempre/0; quedan 2 rondas/0; nos arriesgamos?/2; yo ahora digo 1,1/2; molta calor/2; yo estoy muy acalorad@/0; el viernes examenes y yo aqui sin estudiar/0; jaajjaja/2; esa es/1; aajajjajaja/2; yoo tuve uno hace 2 horas/2; 2/1; 2/0; Si/1; aunque este no me renta mucho pero bueno jajajja/0; si queréis cambiamos, todavía quedan rondas/0; me solidarizo con vosotros"
1.0,0.0,0.5,1.0,0.0,0.5,0.0,0.0,0.5,0.0,1.0,1.0,0.0,1.0,0.0,0.0,"0; jajajajaj/1; f3 c3 es mas igualitaria+/1; pero no os renta/1; juego 3/2; no cambies en el ultimo momento/2; que poneis?/2; ponemos*/1; vamos a seguir como antes mejor/0; Vale/1; c3 f3/0; por mi no hay problema/2; oki/1; 4/2; c4,f4/0; que juego ha sido seleccionado?/2; el 2/1; el 3?/0; vosotros sabeis que juego ha sido seleccionado/0; decidlo y decidimos/2; si, ha sido el 2/0; juego?/2; otra vez 2/0; he de intentar ser parcial al repartir/1; la fila la 4 no?/2; si,todos deberiamos serlo/0; f3 c3/2; 1/1; f2 c2?/0; ahora f1 c1/0; que es igual que en 5/1; ah si/0; hemos puesto f5 c5/0; o que opinas c?/0; no te gusta tampoco?/0; jajajajaj/2; perfect/2; si me gusta/1; entonces cual?/2; solo digo que a gana mucho o gana mucho/0; f1 c1/1; que en la otra habeis cambiado e ultima hora y casi no me da tiempo :(/1; valee/0; ya/2; que no es tu culpa/0; pero es la suerte de ser a tambien/2; yaya/0; el siguiente juego creo que es el 5/2; 3/1; claro/2; y tu f dices en la siguiente 5,5/1; esq qedam dos rondas/0; y el siguiente q beneficie a f?/0; vale/2; pues como veais/1; pero i si no sale/2; a mi 1,1/2; a f 5,5/2; pues 3,3/0; 3,3/2; jejejeje/2; gané/0; jajajaj/1; jajajaj/2; soy rayo mcqueen/1; eres mas veloz/0; con l@s q estaba antes igual/1; jajajajaj/2; ligero como una moto/0; piquee/2; potente como un camión/2; 3,3/2; veloza*/0; pues yo he ehcho esta mañana un examen y he suspendido/0; jajajajaja/1; ya lo sabes/0; entonces c4, f4?"
1.0,0.0,1.0,1.0,0.5,1.0,0.5,0.0,1.0,0.5,1.0,1.0,1.0,0.0,0.0,0.0,"0; valee/1; 4 otra vez/2; estoy saliendo muy mal parada!!/0; vale/1; por?/2; tengo menos puntos siempre/1; a ver hay otra opcion que me he dado cuentaç/0; lo mismo, o cambio?/1; si ponemos en todas siempre c3 f3/1; A gana un numero y yo y c ganamos la mitad de ese numero/1; siempre/2; pues ponemos ese ahora?/2; o cual?/0; vale/1; y tu y yo c siempre ganariamos lo9 mismo/1; te pinta?/2; me pinta/0; Así es mejor,no?/1; juego 5/1; veis mejor lo de siempre c3 f3?/0; es la mas parcial/1; vale/0; juego?/2; juego 3/1; 3/0; por hablar/0; jajajaja/1; f3 c3?/0; si/2; si no?/1; si/0; si/2; pues adelante/0; hasta que no se acabe el tiempo../1; el siguiente juego 5/1; ?/2; y fuera problemas/1; esque como qedan dos juegos/2; sois aversos al riesgo eh..../2; jajajaa/2; 4/0; ahora q beneficie a f/2; :)/1; elegimos ahora 5,5/2; ahora a por f/0; 5,5?/1; ?/2; te doy el pesame/2; de que era?/1; tu profesor si q es rapido/0; jajajajaja en los suspensos si/2; el mio tambn se la nota/0; micro/2; que era estadistica tipo test/0; f3, c3?/1; si/0; Por mi si/2; pues ese/1; yo esque no me habia fijado pero si es siempre repartido por igual/1; última ronda juntos chavales/0; mejor tarde que nunca/1; jajajaja/2; jajajaa/1; ha sido un placer, suerte/0; Igualmente :)/2; :)/1; 3/0; f3 c3/0; creo que es el mas parcial/1; f2 c2 no es mejor?"
1.0,0.0,0.0,1.0,1.0,0.0,0.0,0.5,0.5,0.5,1.0,1.0,0.0,1.0,0.0,0.0,"0; si el juego es el 3 la mas es f3 c3/1; vale/1; sisi/2; pues esa/1; si/0; vale/1; no sobra casi siempre/1; jajaja/1; nos*/2; aqui la peña escribe mucho jajaj/1; ya/0; quien puede puede/0; jajajajajajaja/1; me estoy emparanoyando jajaja/1; porque escriben mucho/0; ya/0; todo el mundo/0; jajajaja/2; rollos jaja/0; que juego ha sido seleccionado?/1; el juego seleccionado ha sido el 2/0; que juego?/2; ni idea/1; el 2/0; otra vez/0; vale/2; no/0; ?? cual jajaj/1; si es el dos/1; a mi me sale el juego seleccionado es el dos/2; yo tengo que poner aquel q me sume más?/2; ea/1; vale genial/2; 5,5/2; si esto es ponerse de acuerdo/0; jaajaj/0; eso/1; sii/1; jajaj/0; molaria saber q significa/2; el q?/1; la siguiente 3,3/0; sii/0; el sentido de todo/2; si lo dije antes/2; jajaja/1; de la vida/1; naajaj/2; te lo repito?/0; es q no le veo la lógica si es ponerse de acuerdo y au/0; noo/0; problemas/2; micro es facil eh/0; jaajajja bueno.../2; 9,5 de media/0; en ingles es mas chungo/0; dios/0; en la vida/1; 4/2; 4/2; aishhhhh/1; juego 1/0; Hola otra vez/1; hola/2; hola/2; c1,f1?/2; tenemos que poner todos lo mismo para ganar mas"
1.0,0.0,1.0,1.0,0.5,1.0,0.5,0.0,1.0,0.5,1.0,1.0,1.0,0.0,0.0,0.0,"1; no se si os habeis dado cuenta pero c +f=a/1; siempre/0; vale/2; ponemos c1,f1?/0; juego?/1; juego 5/2; juego 5/1; f2 c2?/1; o f3 c3?/0; la primera ronda he favorecido mas a C/0; ahora si quereis favorezco mas a F/0; para igualar/1; y que elegimos pues?/0; y luego seguimos igualando/0; f4 c4/0; y luego seguimos como las anteriores/2; f3 c3?/0; es que la primera al no saber como hacerlo he favorecido mas a c/0; ahora/0; como ya he igualado/2; 1/0; no/2; y ami/0; tienes que poner el que te salga/2; a mi también me sale/2; pero la fila y la columna/0; nose/2; si/1; algo tendra que ver/2; es que en otro lineex tambn era asi/2; uno que vine/2; 5/1; 5/2; je/2; je/2; je/2; 3,3/0; 3,3/0; igualdad para todos/2; y bueno es la última/2; ahora cambiamos de grupo/0; un placer jaaja/2; :(/0; q toca 1,1,?/2; 1,1/0; buah quiero acabar ya eeh jajaj/1; si/2; quedan dos/2; y a por la pasta/1; la siguiente 5,5/2; pa ahogar las penas del suspenso/0; jajajajajjaja/1; y la otra 3,3/1; no?/1; y si siempre ponemos c3 f3/1; f yt c ganaremos lo mismo siempre/0; es verdad!/2; lo que digais/2; pero rapido/1; yo voto c3 f3/0; pues c3 f3?/2; perf/1; antes lo he hecho asi siempre y hemos ganado bastante/2; yo tambien he hecho eso antes/2; juego 2/1; ahora es el 2/0; Así es más justo creo yo/1; si/1; bastante más/2; con f2,c2/0; ya eligo siempre igual/0; os parece bien no?/0; juego 1?/1; si/2; si,claro/0; c3 f3/0; os parece?/2; sii/0; pues c3 f3/2; 3/0; juego/2; pongo la que quiera"
1.0,0.0,1.0,1.0,1.0,0.0,1.0,1.0,0.5,0.0,0.0,1.0,1.0,0.0,0.0,0.0,"1; elegimos columna 5 y fila 5/1; ?/0; nos ponemos de acuerdo para no perder ninguno/2; noo/2; que es negativa la 5,5/0; juego?/2; ahora es juego 3/1; ha sido un placer/1; ajaj/1; suerte/1; ||/2; como el comunismo/0; igual/1; !!/2; un placer/0; :) a por todas/2; como chocolate valor/2; ummm/1; ahora va otra ronda?/0; sii/2; con otras pers/0; de 9/1; cuantas rondas hay?/2; 9/1; 18/0; que va para eso se va de fiesta/2; si F/0; sii/2; mareee/1; esta tarde una cerveza y se te pasa/2; o una buena merienda/2; un bocata de nocilla/2; ganamos todos mas/2; en esta ronda/1; cierto/2; ponemos eso?/0; vale, pues así/0; f2 c2/2; oki/1; ok/1; 3/1; este es un lujo/2; cual ponemos?/0; valee/0; c3 f3?/2; si/1; si/2; el 4/1; juego 4/0; otra vex f3 c3/0; si?/0; lla/0; uy/0; si ya f3 c3/1; si/2; si/1; f3 c3/1; f4 c4/1; no es mejor?/1; 3/0; decidimos rapido q nos lo quitan jaja/2; c3 f 3/2; ahí salimos ganado/1; ronda"
1.0,0.0,1.0,1.0,1.0,1.0,1.0,0.0,0.5,0.5,1.0,1.0,1.0,0.0,0.0,0.0,"2; em plan/2; nuevqas/2; en total 18/2; pq sino nos morimos aquí/2; de calor/1; vale/1; jajaj si/0; holaa/2; ye/1; holaa/0; que juego es?/1; es el 1/2; es el juego 1/0; 3,3?/2; vamos a ver/0; ganais los dos/1; si/2; pongamonos de acuerdo/0; ya sabeis el funcionamiento no?/1; el 3,3/2; hacem,os cada vez una que nos vbeneficie a uno?/2; si/1; tambien podemos hacer eso/0; como queraiss/1; ajjaj/2; con su vasito de leche/1; ajjajajajajaja/2; un masaje en los pies/2; televisión/0; ajajjaja me voy a un spa/1; y a seguir estudiando/0; ufff/2; uffff/1; c3 f3/1; claramente/0; sii/2; vale jaja/0; Somos un buen equipo y no nos troleamos jajajajaj/1; la guerra sucia es lo peor aqui/1; perdemos todo/2; si/1; todos/2; se gana mas siendo un buen compañero/2; jajajaj/1; 4/1; os renta aqui c4 f4?/2; creo que es mejor c3,f3/0; f3 c3 es más equitativa/0; no/0; porque no es igualitario/1; vale/1; pues f3 c3/1; 4/2; 4/0; pues otra vez lo mismo/0; f3 c3/1; yo veo mejor f4 c4/1; no?/1; compruebalo/0; tu si/0; por mi bn/1; 5 5/2; yo antes las primearas 4 veces 3,3/0; probamos/0; si si y yo/2; y luego a que cada vez favoreciera a c o f/2; ya que a es la suma de ambos/1; yo igual/2; perf/0; pues una q favorezca a f otra a c y otra equitativa/2; pues tiralí martí/1; pues ahora que favorezca a  C/0; y asi todo el rato/0; vale cual es?/2; por mi 1,1/1; 1, 1./0; vale si"
1.0,0.0,1.0,1.0,0.0,1.0,1.0,0.0,0.5,0.0,0.0,1.0,1.0,0.0,0.0,0.0,"0; luego q farezca a f/1; SII/1; Genial/2; y las 4 ultimas si quereis 3,3/2; pa que sea igual/1; vale/1; 2/2; 21/2; 2/2; eso/0; eso duele/2; eso duele/1; 1/2; 1/0; 5,5/2; esa esss/1; mejor 3,3/0; al menos estamos entretenid@s/1; y la siguiente 5,5/2; de que es el examen del viernes?/1; hos parece¿/2; noooo/0; muchas pistas jajaja/0; pero lo que digáis/1; c tu solo ganas 3 menos/2; es verdad/2; y vosotros mas/1; y antes yo cuando has dicho de poner c2 f2 me he sacrificado/2; vale/2; corred/0; entonces cuál?/1; c4 f4/2; c4f4/0; okii/0; pero c no creo/0; jajaja/1; pero tu tambien no?/0; si a el le da igual/0; por 3/1; por 3/0; yo tambien lo veo mejor/1; pero la diferencia d enosotros es mucha mas/0; pero al siguiente tendre que favorecerlo un poco a el/1; entonces/1; f3 c3?/1; correeeee/1; esta bien tambien/2; no/2; que sie3mpre soy el que menos saca/2; jajaja/2; :(/1; a vale lo siento jaja/0; jajajaaj 3,3 va/1; valee/1; perfect/2; perdonad@/2; por la potestad de dios/0; juego?/1; 5/2; 5/0; chico@s F+C=A"
1.0,0.0,0.0,1.0,0.0,0.5,0.0,0.0,0.5,0.0,0.0,0.0,0.0,0.0,0.0,1.0,"0; lo habbeis mirado?/0; vale/2; q?/0; 5,5/2; que fórmula es esa/0; que la suma de las columnas es igual a la tercera/1; vale/0; jaajjaaj/0; no se/0; igual tiene q ver/2; ahhhh/1; ajjaaj/2; a mi me da igual/1; 5 5?/0; es q bno entiedno nah/0; vale/2; antes me habeis elegido/2; ahora que decida otro/1; decide a/0; 3,3/1; el q quieras/0; ?/1; si quieres 5,5/0; son iguales f y c/2; perfecto/1; o 3,3/2; una de esass/2; jajaa/0; 5,5?/1; si/1; 5, 5 ajaaj/2; el c es el que tiene los numeros mas bajos/2; simpre/2; que racismo/2; del juego/0; jajajaj/1; no seimpre/1; aaah/2; en general/2; mi numero mas alto es 54/1; el mio tambien/2; hostia/2; pues si que estoi enpanado/2; o empanada/1; jajajaj/2; no se ssabeeeee/0; @/0; jajajaj se deduce/2; 3/1; 3/2; eh/0; igual para todos?/2; 3,3/2; si/1; yoi tengo la semana q biene/0; me da igual/2; siempre el orden/0; yo la q viene 3/1; da lo mismo no/1; ¿/2; que no/0; depende deñl juego/2; no pasa na/2; jajaja/2; poned lo que querais/1; 5/2; 5/1; c5 f5/1; no perdon/1; c3 f3/0; si si c3 f3/2; sii/2; yo la segunda/2; jaja/1; pero por un amigo me entere/1; lo mismo jajaja/2; venga el ultimo jajaj/1; si, el ultimo esfuerzo ya/2; como supongo que ya no hablaremos ni sabremos quienes somos jajaa  encantada de \qconocerte\q/2; jajajajajaj/1; no hay mucho/2; no seais malos/1; mejor compensar en otra/0; comooo?/1; pero compensar en la otra"
1.0,0.0,1.0,1.0,0.5,1.0,1.0,1.0,1.0,1.0,0.0,1.0,1.0,0.0,0.0,0.0,"2; por mi 3,3/1; ronda/0; vale 3,3/0; mas equitativo/1; que llevo menos ;(/2; juego 2/0; quien lleva menos?/1; 5,5?/1; f/0; es que ahi c pierde mucho/2; 3,3/1; yo me he llevado 14 una ;(/2; o 4,4/2; que yo pierdo pero no son 14/0; 3,3/1; bien/0; esta cmpensado y yo pierdo/1; me parece bien/2; y de 39 a 42 no hay tanto/0; cuaa lpues/2; 4,4/1; sii/2; juego 3/1; C4 F4/0; antes he elegido ese porque habia uno que perdia 3 pero el otro 8/1; sisi era 2 2/2; si si/1; has elegido bien/0; aqui 4 4 no?/2; en esta pon 44/0; so?/1; igualmente! encantada jajaja/1; un placer ir en grupo jajaja/2; jajaj sii/2; 20 seg para el fin/2; jajajaaja/1; que vaya bien! y \qhasta la vista\q/1; jajaja/2; adioss!! igualmente/1; ciaoo!/1; se puede decir en que juego estamos?/2; ayuda no se, creo que si/2; que tenemos que escribir aqui? las filas y columnas que tenemos que elegir?/1; 3,3?/0; si/2; vamos a intentar que f y c vayan compensados todo el rato no?/1; es el mas compensado/0; sii/2; 3,3 me parece bien/1; y a mí/0; no voy a ser mala de llevarme siempre 80/0; e intento siempre compensar/1; buena gente/2; gracias jaja/2; juego 1/0; le toca a c más no?/0; que llevaba menos/1; yo he palmado dos veces pero es que f no tiene muchas opciones en ninguna jajaj/2; 3,3 está compensado f y c/0; decidme o me llevo los 80 jaja/1; bien/1; por mi perfecto A/2; pues 3,3/2; juego 4/2; a ver, lo mas compensadosiempre es 3,3/1; 4,4/0; 4 4 clarisimamente/1; 4, 4 que c gana muy poco igual/2; que asi remonta f/0; si?*/0; vale/0; 4 4/1; queda esta ronda y otra/2; okey/1; en la ultima compensamos C?/1; si tocase juego 1 o 2/2; mejor calculamos ahora y veremos/2; que creo que iremos a la par/1; oksy/2; se puede usar la hoja que te dan entonces no?"
1.0,0.0,1.0,1.0,0.5,1.0,0.5,0.5,1.0,0.5,1.0,1.0,1.0,0.0,0.0,0.0,"1; ni idea.../2; fila 3/2; columna 2/3/1; f3/2; c2/2; f2/2; c2/2; mejor opcion.../1; si/2; f3 c3/2; igualados/1; ok/1; f2c2/2; okey/1; o/1; f3c3 y estamos igualados/2; vale mejor/1; valee/2; el a se esta llevando.../1; f3c3/2; vale/1; a se lleva el doble/2; ya/2; pero a mi me da igual a/1; ya/1; f3c3/2; me quiero llevas mas/2; esta por mi y la otra por ti/2; f1c1/1; vale/1; si creo que si/1; creo que no se puede decir en que juego estamos/0; f2c2/2; f2c2/1; solo puede decidir A no?ç/2; asi ganamos todos/1; vale/0; f3c3/1; f3c3/2; vale/1; si elegimo siempre f3 c3 mejor/0; f3c3/2; f3c3/1; A como sabias que filas escoger si no sabies el juego?/1; f3c3/2; si queremos que el participante F gana mas tendremos que elegir otras cosas. no entiendo/2; A siempre gana el maximo y F el minimo/1; en f3c3 no/0; f4c4/2; f2c2/1; f4c4/0; f4c4/2; pero si quereis ir cambiando para que cada vez pierda F o C estoy de acuerdo/0; uno gana mucho mas de lo que el otro pierde, pierde poco/1; y C luego recupera en otro/0; pues 4 4?/2; vale, 4,4 que yo tampoco pierdo demasiado/1; perf/0; okeyy/2; pero luego me toca a mi eh/2; juego 5/1; A te renta 5, 5 y lo sabes jajaja/0; 3,3?/0; yo pierdo muchisimo pero bueno/0; c gana/0; que le toca/1; tu eliges A/2; vale/2; 3,3 por mi/0; c siempre quiere el compensado/1; 3,3?/0; juego?/2; 1/0; yo la he utilizado/0; aqui si cae uno caemos todos.../0; jajaj/1; va yo la uso tamb/2; llevo 329/2; y tu f'/1; 285 yo/2; ?*/2; UFF"
1.0,0.0,1.0,1.0,1.0,1.0,1.0,0.5,1.0,0.5,1.0,1.0,1.0,0.0,0.0,0.0,"2; pues vamos a subirte/1; podemos hacer C5 F5?/0; que juego es/1; JUEGO 5/2; me sacrfico por el team/2; juego 5/2; si?/2; vale/1; a la proxima yo/2; si/2; entonces 1 1/1; vale/1; f5c5/2; 4 4/2; que tu antes te has llevado minimo 26/2; y 47 esta muy bien que yo me he llevado 45/1; vale/2; okey/2; pues  4 4/1; vale/2; f3 c3/1; okey/2; mejor opcion../2; si no negativo/2; f3c3?/1; si/2; vale/1; f3c3/2; no quieres esta por ti y la proxima por mi?/1; vale va/2; y ponemos f4 c4/2; si?/1; me parece bien/2; vale perfecto/1; a la proxima tu/2; vale/2; gracias/2; entonces 4 4/1; si/2; f1c1/2; y aun asi antes te has llevado tu mas/1; esta mas o menos igualados porque yo ahora me llevo menos/0; si se hace diferente de a vas a ganar menos/2; f4c4/1; solo elige A/0; f2c2/2; no es mejor f3c3?/1; si/1; f3c3/0; f3c3/0; f3c3/1; f3c3/2; porque no f1c1?/1; porque entonces yo gano lo mínimo/0; ganas mas con f3c3/2; ah perfecto/0; porque el juego no lo sabemos y es lo que mas nos compensa a los tres/0; f3c3/1; Pero como lo sabe el A si no sabe que juego es?/2; o 2,2/2; que F solo pierdes 3 puntos/2; comparado con el otro/2; o como lo veis?/1; si luego compensas con F/1; a mi no me importa/0; 2,2 me parece bien/2; por mi bien/0; okey/2; A es el que tiene que ser bueno con nosotros jaja/2; juego 5/1; 4,4?/2; 4,4/2; y compensa a F/2; vale/1; o 5,5/0; yo prefiero 5,5, que ganamos mucho mas de lo que pierde c/2; vale"
1.0,0.0,1.0,1.0,1.0,1.0,1.0,0.0,0.5,0.0,0.0,1.0,1.0,0.0,0.0,0.0,"2; pues 5,5/1; okey/2; ya compensaremos en otra/0; okkkey/2; juego 5 otra vez/1; podemos c5 f5?/2; 55/2; exacto/1; GRACIAS C <3/0; el 5 5/1; A gozas/2; yo no se la de pasta que se va a llevar jajajajaja/0; menos en la 1a que no sabua como iba esto/1; pues para comprarse una casa mas o menos/0; 5 5 entonces/1; 5 5/2; si 55/2; bueno entonces 1 1 ?/1; venga/2; vale gracias/2; 3 3/1; f3c3/2; igualados a 40/1; si/2; si/2; 3 3no?/2; o si quieres 4 4/2; y la proxima por mi/2; como antes/1; vale 44/2; vale/1; y luego tu/2; si/2; 1 1?/2; antes me he llevado yo 22/1; antes te has llevado 29/2; entonces 2 2/2; ?/1; y yo me he llevado menos de 54/1; mejor/2; tu cuento?/1; mas igualado/2; vale oues 2 2/1; yo 43 antes/2; ah vale entonces si/2; 2 2/1; vale, pues 2 2"
1.0,0.0,1.0,1.0,1.0,1.0,1.0,0.0,1.0,0.0,0.0,1.0,1.0,0.0,0.0,0.0,"1; 33/2; si/1; vale/2; 3 3 o 2 2 y la ultima tu?/1; 2 2 y a la proxima yo/2; vale/2; pues 2 2 entonces/0; f3c3/1; f3c3/2; f3c3/0; los juegos que quedan por salir son el 1 el 2 y el 4/1; no/0; y f3c3 es la mejor opcion/0; si xq ha salido el de 64 y el de 80 de A/1; el 4 ya ha salido/0; ACABA DE SALIR EL 2 O EL 4/0; DE JUEGOS/1; con f3c3 ganamos 32 32 i 64/0; 4,4?/0; o queréis lo mismo?/2; si quereis poner 5,5 otra vez y en las 2 siguientes si toca otra juego me toca más a mi/2; porque solo hay diferencia de 3 puntos/1; bien/2; y vosotros ganais más/2; vale pues 5,5/0; vale/0; asi hay que pensar/2; juego 3/1; 3,3/0; 3,3 o1,1?/0; elige c/2; 3,3 va/0; pero 3,3 es bastante para los dos/1; por ganar 6 mas/0; y para mi/2; ya, por eso 3,3/0; os invitare a mi casa/1; jajajaja/1; ahora hay 9 mas no?/1; 9 rondas mas/2; puede ser/0; que/0; ojala/2; me parece que si/1; si/2; es el mismo/1; 4 4/2; seguro?/1; si, se llevan 14 de diferencia como antes/2; ah vale/2; pues 4 4/1; asi igualados/1; que te parece f4?/1; hola?/2; ok/2; c2?/1; vale, per con f2/2; ok/1; f5/2; ok escojo c5/1; Vale/2; c1?/2; asi vamos alternando/2; y compensando/1; c3, f3 es mas justo/1; ya bueno/2; bueno entonces c3 tu?/1; tu que c vas a poner+<'/1; <'/1; <'/2; c3"
1.0,0.0,1.0,1.0,0.5,1.0,0.5,0.0,1.0,0.5,1.0,1.0,1.0,0.0,0.0,0.0,"1; vale/1; yo fe3/1; f 3/1; c2, f2'/1; ?/2; ok/2; tb la habia pensaod/1; genial/1; que morro tien el A, eh.../2; ya ves/0; asi que yo diria f3c3/0; si/2; si/1; es el 5/2; pero quizas el objetivo es que ganamos todos mas o menos el mismo dinero, el que significa que a veces A tienes que ganar meno y nosotros a rotacion mas/2; o estoy diciendo algo que no tiene sentido?/1; no cre/0; el  5 creo que ya ha salido/2; ah vale, entonces confio en vosotros/0; perfecto/1; renta 3,3/2; y ya vemos en las siguientes rondas/0; sii/2; juego 5/2; Esto va en contra de mi creo yo jaja/1; joder es imposible compensar/1; perdemos todos mucho/0; ya ves/1; y tu no ganas nada tampoco/0; la cosa es que c gana poco más y los otros perdemos mucho/2; 3,3?/2; o poner 5,5 jaja/1; pero de otro juego creo/0; que juego es/1; otra vez F/1; EN SERIO¿/0; nos ha tocado lo mismo¿?/2; juego 1/2; si, no cambiaba/0; son las mismas personas?/2; lo vamos a hacer rico/2; jeje/1; espero ser A en los siguientes 9/2; lo mismo que antes no?/2; c3/1; f3, c3?/2; f3/1; si, vale/2; correcto/1; me da que no saldre de aqui con mas de 15 euros xd.../1; y si llega/2; a ver si nos seleccionan como A despues/1; A ver is hay suerte/1; si*/2; c3 f3?/1; bien/2; A siempre el doble nuestro/1; Y por no hacer nada.../1; me dan ganas de poner f5 c5 xddd/1; f3 c3, no?/2; jejeje/2; pues si jugamos de manera justa si/1; me parece bien/1; como antes/2; ok f3 c3/1; si/1; c3, f3?/2; ok/1; que mierda..queria ser A...XD/2; A tiene mucho morro/1; creo que el a sin saber el juego/1; tiene que darse cuenta cual es la mejor opcion/1; para todos/2; entonces va a ser siempre f3c3/1; si"
1.0,0.0,0.0,1.0,0.5,1.0,0.0,0.0,0.5,0.0,0.0,1.0,1.0,0.0,0.0,0.0,"1; A ganará el doble que F y C/0; de los anteriores solo faltaba por salir el juego 4 y la mejor opcion seria f4c4/1; el 4 había salido dos veces/2; es mejor f3c3 ahora/0; siii pero en los juegos estipulados no en los aleatorios/0; que lo he comprobado/0; pero si f3c3/1; okay/2; asumiré que me odia el experimento este/1; jaajajaja/2; en los que podria ganar yo es en los juegos 1 y 2/2; y no tocan nunca jaja/2; juego 1/0; bieeen/0; jaja/0; elige/2; 1,1 no?/2; si/1; pensaba que si/1; sisi somos los mismos/2; 22?/0; juego 1 otra vez???/1; si/1; JUEGO/1; 1/1; 2 2/0; 2 2 o 1 1 ??¿?/1; 22/0; vale/2; jaja/2; c3, f3?/1; No queda otra, es lo mas justo/2; ok/1; Donde digo digo digo... (?)/1; xd/2; estamos abonados al c3, f3/2; jajaja/1; si.../2; Desde luego que los participantes A se van a llevar unos buenos euros/2; Al menos el doble que nosotros/1; que pena.../1; a ver si hay mas suerte a la próxima/2; Pues si/1; f3, c3/2; mira al menos esta vez 40 y 40/2; jaja/1; algo es algo/2; unos centimillos mas/1; si jajaja/2; f3, c3/2; para variar/2; que aburrimiento/1; mm seh/1; xd/1; me dirás/1; que te cuentas?/1; tienes un min/2; a ver si hay una ronda sorpresa al final y nos ponen un 1000 y 1000/2; jajaja/1; Lo dudo jajaj/1; adivina!/2; Como siempre/2; jajaja/1; 333333333333333000000000000000000000000000000000000000000000000000000000000000000000000000000000000000000000000000000000000000000000000/1; :(/0; f3c3?/1; si"
1.0,0.0,1.0,1.0,1.0,1.0,1.0,0.0,1.0,0.0,0.0,1.0,1.0,0.0,0.0,0.0,"0; vale/1; los negativos tambien suman/0; no/0; restan/0; a lo que tienes/1; mismo juego/0; f3c3 y asi todos ganamos/0; si/1; 2,2?/2; en 2,2 F gana 3 más solo que en 1,1/2; y yo me llevo más/1; okey/0; sii/0; c gana bastante más/2; 1,1 os parece bien entonces?/2; 22 o 11/1; pensaba que ahora cambiariamos =(/0; si nos vuelve a salir pues 1 1/0; ahora 2 2/1; pero juego 2 el 1 1 perdemos todos!/2; es juego 1/1; perdon/2; Ya que hay tiempo me presento virtualmente al menos XD/2; Soy Jesus, mucho gusto/2; jajaja/1; Yo Guillermo, igualmente/1; Ya esperabas que fuera una tia eeeh ajajajaa/2; jajaja/2; veas/2; f3, c3  eternamente/1; si/2; Casi la lio/1; lo mismo/1; numeros y ya esta/2; sorry/1; tranquilo/1; f3,c3/2; ok/2; f3, c3/1; si/1; hola/2; hola,/1; tenemos que elegir/2; c3 f3 ??/2; ganamos los dos 36/1; ok/1; valee/1; hola nuevamente/2; si el juego es el 5,  c3 f3 volvemos a ganar lo mismo jaja/1; elegimos fila jajaja/2; aunque A se lleve mas/1; si era lo que estaba pensando/2; perfecto/1; jajaja okay/2; pues otra vez 3 i 3/1; sii/1; genial/2; hola jaja, aver juego 2/1; elegimos el mismo? 3 y3?/1; jaja/2; vale/2; no entiendo el sentido del juego pero esta bien jaja/1; el A en todos los casos gana más/1; la verdad jajaj/0; si eso no lo entiendo ni lo veo justo pero como es aleatorio te toca lo que te toca/1; pues si"
1.0,0.0,1.0,1.0,1.0,1.0,1.0,0.0,1.0,0.0,0.0,1.0,1.0,0.0,0.0,0.0,"0; pero yo creo que el fin es ponerse de acuerdo y que todos ganemos/1; no debería ser asi/0; ya/0; f3c3/2; en serio?/2; jajaj/0; sii/0; a mi claro/0; si f está de acuerdo.../2; F?/1; si/1; es justo/0; okey/2; perfecto/2; juego 4/2; 3,3/1; 3,3/0; okey/1; 4,4 tampoco me quejaria jajaja/2; pero entonces vuelvo a perder yo/0; pasa lo mismo que antes/2; :(/0; c solo gana 3 más/0; con 3,3 y tú con 5,5 ganas mucho más/1; por eso lo gigo/1; vale perdon/1; estaba mirando c2 f1/1; y me he rayado/0; jaja/1; perdonnnnn/2; aqui la 55 no?/0; he escogido bien?/2; si/1; 1 1 era mejor opcion para vosotros dos/1; perdon/2; pero a la proxima si sale juego 1 creo que la11 nos renta mas/2; c3 f3/2; sii/1; casi todos los juegos es la misma posición/2; si creo que si/2; porque aunq A gana el doble nosotros lo mismo/1; jajaja que más se puede hacer/1; cierto/1; vaya que racha lleva A ajaja/2; suerte la suya/2; jajaj/1; jajajaja sii/1; dichoso experimento :)/2; aver que tal../2; 3, 3 para variar/1; hola, si lo mismo/2; ganamos 40 es mas que los otros/1; si/1; que estratégico ponen siempre más a A jajaja/1; bueno eso suerte la A/2; el doble jaja es la suma de nosotros dos/1; nos acompañamos en el sentimiento/1; jajaja/2; esqeu si hacemos q A pierda, perdemos tambien/1; si/0; jaja"
1.0,0.0,1.0,1.0,1.0,1.0,1.0,0.0,1.0,0.0,1.0,1.0,1.0,0.0,0.0,0.0,"1; esque és la mejor opción, así C y F ganamos lo mismo/1; jajajaja/1; el A siempre va a ganar más así que que mas da/2; gracias A jaja/0; he sido nombrada a dedo/0; no es mi culpa/0; jaja/0; f3c3/1; para variar jajaja/2; yo creo que es un juego de estrategia/2; f3c3 es lo mas facil/0; lo que veáis/2; va, pues 4,4/1; hombre 5,5 es mofa/1; 4,4/2; que solo pierdo 3/2; pero 5,5 no porfaaa/2; juego 2/2; 2,2/1; bien/1; compensamos y nadie pierde mucho/0; creo que tendriamos que haber hecho desde el principio si es juego 2 pues 2,2  si es el 1 1,1 y así/0; hemos empezado mal/0; jaja/1; y A se se hace de oro/0; es que yo pierdo mucho por ser buena eh/0; y seguro que ganabais más/2; lo hemos hecho un paco mal porque yo he perdido mucho/0; claro/2; pero también depende de los juegos que toquen/2; esto es pa pillar jaja/0; han estado compensados yo creo/2; juego 2/2; 2,2 otra vez/0; okey/2; y ya hemos acabado no?/0; va a ver lo que nos llevamos/0; creo que sii/2; A te has llevado en casi todas las rondas 80 puntos jaja/2; yo queria ser A :(/0; en estas ultimas si/1; me he liado mirando las tablas/2; nada nada/2; no prob/2; aqui 55/0; que juego es/2; juego 5/1; JUEGO 5/1; 5 5¿/2; si no?/1; creo que es mejor si/1; siempre será lo mismo mismo!/1; bueno a ver que tal/2; sii creo que sii/2; ya quedan menos/2; juego 2, 3 i 3 jaja"
1.0,1.0,1.0,1.0,1.0,1.0,1.0,0.5,1.0,1.0,1.0,1.0,1.0,0.0,0.0,0.0,"1; si/1; jajaja/1; como varia ehh jajaja/2; jaja si si/1; pues nada asi quedamos/2; siii/1; cuantos bloques son?/2; vamos por el 5/2; son 9/1; ah dos bloques 18 rondas/2; si creo que si/1; okk!/2; otra vez juego 3 jaja/1; si jajaja/1; va ser nuestro número de hoy/2; mejor, que son 40/2; pues sii jaja/1; sii/2; 40 son los puntos no?/1; yo creo que si/2; luego se sumaran todos supongo/1; pero no me queda muy claro como lo evalúan/2; supongo q suma de todo/1; todos los pontos obtenidos se multiplican por 0.02?/2; nose ahora veremos/2; sii si/1; que tipo de estrategia?/0; para no perder/0; ninguno/2; pero si elegimos algo en el que F en una ronda va a ganar mas/0; es lo mejor/2; la siguiente C va a ganar mas/1; ya/2; y asi siguiendo, vamos a terminar todos con el mismo puntejo mas o menos/1; eso lo he pensado/2; yo creo que el juego es asi/0; al principio no/0; por eso lo hemos hecho mal/0; jaja/2; al principio iba a por mi todo el rato el juego este/0; hubieramos ganado todos haciendo lo mismo/1; c4 f4/2; c1 f1/1; c4 f4 ganas 80/1; A/1; es juego 4/0; no entiendo nada/2; estamos en el juego 4/0; ahora entiendo algo/0; jaja/2; c5 f5 nos renta a todos creo/1; podrias haber seleccionado f4 c4/2; asi f remonta un poco/1; que te lolevabas 80 puntos jajaja/2; que en la anterior ha pillado poco/0; es que no entendia nada/1; bua gracias/1; podemos ganar todos/2; c5f5 lo veo guay/0; que juego es/2; lo que no9 entiendo/1; si asi gano 54 tu 26 y A 80/0; c ingresa 26/1; luego si sale juego 1/1; C ingresara 54/0; 5 5/1; puntos/2; 32 puntitos/1; es lo mismo/1; sii/2; que vaya sumando jaja/1; en el siguiente bloque cambian los comoponentes f y c?/2; no tengo ni ideaa/1; jaja es mejor que jugar al bingo XD/2; jajajajaj/1; veremos a ver que pasa/2; te toca siempre algo en esto/1; si/1; en bingo no.../2; jajaja/2; 8/9 jaja/1; jaajja/1; sii/1; lo mismo/2; pero soy un desastro en matematica/1; venga pues a la proxima f2c2/2; entonces para mi esta bien seguir con f3c3/1; y a la ronda 7 f4c4/0; ya pero lo mas facil es f3c3 y asi ninguno restara nunca y todos ganamos/1; y así hasta que termine?/0; si/0; f3c3?/1; entonces f3c3?/0; si no?/2; yo creo que el juego es elegir, una ronda f2c2 y la siguiente f4c4 y seguir asi. significa que todos vamos ganando mas que ahora/1; es la mejor opcion, estoy calculandolo/1; pero ya estamos por la ronda 6"
1.0,0.0,1.0,1.0,1.0,1.0,1.0,0.0,1.0,0.0,0.0,1.0,1.0,0.0,0.0,0.0,"2; es que por que vas a elegir valores negativos/1; JUEGO 5/2; pudiendo elegir siempre positivos jajajaja/1; A JUEGO 5/1; C5 F5/1; ganas 80 C gana 26 F gana 54/0; si si/0; c5 f5/2; esa es :)/1; gracias C/1; =)/1; hola/1; si os fijais en c3 f 3/0; ahora cual/1; es lo mas equilibrado/1; en todos los juegos/1; JUEGO 2/0; pongo ese en todos?/2; c2f2 tambien esta guay/1; C3 F 3 GANAMOS NOSOTROS 32/2; osea f pierde 3/2; pero los demas sacasmos mas proofit/2; como veais/1; y tu ganas72/1; hacemos c3f3/0; claro osea yo siempre gano más... pero vosotros estáis equilibrados/1; que tu y yo ganamos 36 esta bien/1; y A 72 esta genial/1; 5 5/0; arreglado/2; juego 5/0; ahora que juego/2; otra vez 55/1; Juego 5 otra vez/0; entonces/2; 55/2; 36 mass/2; sii/2; supongo q todos haran esto/1; creo que después darán más información al respecto/2; si espero jaja/1; sii jajaja pero bueno nunca se sabe te puedes encontrar sorpresas/2; ya tambien.../2; jajaja/2; hay mucha gente avariciosa jjaja/1; es una putada que no hicieran lo mismo/1; sii/2; yaa porque ganas mucho menos/1; siii/1; veremos luego si seguimos en el ajo juntos jaja/2; ajaja no lo podemos saber/2; la ultima!!/1; yeahh/1; lo mismo 3, 3/2; sii claro/2; si ya no seguimos, suertee para lo que qued/2; queda*/1; veremos que nos depara los prroximos minutos/2; jajaja/1; igualmente!! que vaya bien en el siguiente bloque!/2; eso espero jaja/1; esperemos que nos toque alguien no avaricioso jajaj/2; ojala jajaj igual seguimos como ahora/0; la mejor opcion es f3c3/0; porque todos ganamos/1; si+/2; lo hacemos para la ronda 7-8-9-10/2; ahora f3c3"
1.0,0.0,1.0,1.0,0.0,0.0,0.5,1.0,0.5,0.0,0.0,1.0,1.0,0.0,0.0,0.0,"0; yo diria que si/2; pero las siguientes c2f2 c4f4/1; no hay 10/2; ah vale jajajajaj/1; jajajaaja/1; sería a partir de ahora/0; yo pondria f3 c3/2; si a partid de ahora/2; yo creo que C2F2 renta mas/1; QUE ENVIDIA SER A/2; osea por perder 3 los demas sacamos mas/2; luego podemos ir compensando todo/2; no?/1; vale me parece bien/1; luego compensamos/0; sigamos/1; JUEGO 3/2; c3f3 otra vez no?/1; Como lo ves C/0; 5 5 otra vez/1; Gracias C/1; en que numero de ordenador estais?/2; no digfas nada/1; vale/2; que no se puede/0; no se puede/1; ah vale/2; creo que te expulsan/0; luego nos hacemos señales/2; esque no lo se jaja/1; jajaja sii/1; ciao/2; adioss/2; holaa/1; holaa/1; jajaja/2; creo que no cambian las personas/1; son los mismos/2; jaja sii/1; menos mal/2; 9 veces mas/1; pues lo mismo 3,3/2; si si jajja/2; madre mia.. jaja/1; jajaj veremos al final como evalúa jajaja/1; dos minutos son eternos para lo mismo jajaja/2; que nos suban los puntos por buena gente jaja/2; yaa/1; esoo/1; A se forra/2; bua se va a llevar una pasta jaja/1; jajaja/2; que lento pasa/1; nos queda el consuelo que trabajos en equipo/2; eso sii/1; trabajamos/2; podria salir siempre el juego 3/1; puess siii/1; ganariamos más jajaja/2; jajaja no creo q todo esto sume mas de 7 o 8 euros/2; nose jajjaja/1; jajaja/1; pero hay gente que ha ganado jaja/0; todo el rato/2; seguimos con f3c3/1; entonces nos quedamos con f3c3/0; por mi si/0; pero si qquereis cambiar/2; nono, demasiado complicado jaja esta bien asi/0; yo creo que es lo mejor/1; por mi no, porque ya es impar/0; vale pues f3c3/1; jajajaja/2; A vas a ofrecer una cerveza jaja/1; si si al salir nos dará la mitad jajaja/0; jajaja/1; no hace falta decirlo, no?"
1.0,0.0,1.0,1.0,0.0,1.0,0.5,0.0,0.0,0.5,0.0,0.0,0.0,0.0,0.0,1.0,2; no/0; no/0; jaja/1; jajaja/2; pero no entiendo porque todos escriben muchisismo/2; creo que es con la que mas sacamos todos/1; antes al final hemos hecho c2f2/0; si porque habia uno que ganaba lo  mismo casi y otro que ganaba mas/1; pero ahora renta mas c3f3/0; si ahora 3 3/2; si el 33/1; 3 3/0; pues todo claro/1; el A se forra aqui/1; vaya tela/2; ya ya jajajaja/2; habra trampa?/1; que envidia jajaja/0; yo creo que  no/1; no/0; esto es para ver si el A es egoista/1; te vas a llevar 35 euros/2; es que no entiendo porque hay valores negativos/1; si/2; quien los escogeria?/1; nadie.../1; yo tampoco lo entien do/0; no se yo al principio no entendia nada/0; igual yo/2; me parece que llevo 130/2; y f 140/0; yo 296/2; juraria que he calculado bien jajaja/0; ahora que/1; no lo sabia/0; jajaj/0; que va/0; 5 5 no?/2; si 55/1; 5 5/1; cooperamos bien/0; que me quitan mi dinerito/1; que suerte has tenido de ser A jajajja/2; no se yo creo que aqui tiene que haber algo raro/1; mis amigos me dijeros si te toca A te forras/0; es eso/2; si no lo veo muy facil/1; si.../2; si sii/1; bueno al menos nos dan algo por haber participado jaja/2; jajaja eso es lo bueno/1; aunque sea 10 euros +/2; jaja ojala/1; porque creo que lo ganes +5 genial/2; de ahi en arriba/2; otro 5.. jajjaa/1; rayos juegan con nosotros jajaja/2; bueno.. jajaa poco a poco/1; si/1; se puede sber quienes son A jajaja porque no teclean XD/2; jajajajaj si???/2; no me he fijado/2; no veo mucho jajaa
1.0,0.0,1.0,1.0,1.0,1.0,1.0,0.5,1.0,1.0,0.0,1.0,1.0,0.0,0.0,0.0,"1; jajaja/2; venga va/2; siguiente jajjaa/2; bieeeen jajaja el 3/1; jajaja/1; sii ya era hora :)/1; solo quedan 5 rondas jajaja/2; que salga mas veces jjaja aunq sera aleatorio/2; aun... jajaja/1; si jajaja tres veces más el 3 jajaja/2; jajaja las que queden/2; el 5 si q se ha repetido ya/1; ufff los segundos pasan lentos/1; sii/2; sii si i tanto../1; a ver los siguientes/2; mas de lo mismo jajaja/1; veo pasar la vida ante mis ojos/1; ya/0; ya ni yo/1; se estaran contando sus vidas/2; lo importante es participar/1; eso jajajaja/1; se está haciendo super largo/2; cuanto falta?/1; 1 ronda/0; f3c3/0; jaja/2; pero porque? seguro? jajajaj/1; jajajaja par ano perder las costumbres/1; que siiiii/2; jajaja/2; f1c5 para cambiar un poco jajaja/1; no no/1; no me parece bien/1; yo mas imposible/1; JUEGO 2/1; Madre mia A ahahahah/1; 300puntos/1; ahora c2f2/2; la hoja esta se puede usar para escribir? jajajaja/2; por mi c2f2 tambien/0; si la mejor es 2 2/0; yo he escritoi/1; asi ganais mas/1; y yo dejo de ganar 3/0; pobre ÇF/0; F/2; ya/1; no pasa nada jajaja/2; a mi tambien me sabe un poco mal jajaja/1; en el juego 3 esta pla misma opcion pero para mi/1; yo creo que lo estamos haciendo bien/0; a mi mejor amiga le toco F tranquilo no eres el unico/1; porque tu y yo ganamos lo maximo/1; lo que no entiendo/0; instrucciones/2; juego 3/1; es por que la mejor opcion es siempre la que A gana 8/1; 3 3?/2; la 33/2; ya es que es eso, no son opciones niveladas/2; jajajaja/1; jaajaja/1; bueno el tiempo literalmente/2; va q ya va jajja/2; otra vez el 5.... timo jajaj/1; sii/1; que robo jajaja/2; nos ha salido en esta ronda ya 3 veces/1; es para pagar menos jajaja XD/2; los A q no puedenhablar con nadie se estaran muriendo del asco jajjaj/2; jajajaaja/1; se hace pesado/2; un poco/1; jajaja sii/2; y eso que aun puedes hablar con alguien/2; llevamos casi 1 hora/1; por lo menos se nos pasa rapido/2; sii/2; no podemos decir mucho/2; pero bueno/1; menos maal no cogi reloj jajaja/1; ya ves/2; jajaja son menos cuarto/1; nooooooo/1; jaja/2; jajajaj/2; he pensado una cosa/2; como aun quedan rondas/1; dime/2; en el juego 1 si pongo C5 i tu F5/2; ganas 38 y yo 10/2; y luego en el siguente lo hacemos al reves y gano yo m/2; te parece?/1; oh ya la siguiente cambiamos para que tu ganes mas sai/2; jajaj vale"
1.0,0.0,1.0,1.0,1.0,0.0,1.0,1.0,1.0,0.5,1.0,1.0,1.0,0.0,0.0,0.0,"1; si si bien :9/2; seria divertido perder todo asi jaja/1; jajaja/2; f3c3 esta bien jaja/0; f3c3/1; si claro, super guay/0; hola/2; hola/2; se puede decir el juego que es?/0; puede ser/0; decidme juego/2; nos ha tocado juego 5/0; pues 4 y 4 no?/2; vale/0; es lo máximo para todos/1; be/0; pero son 3/0; ya.../1; no te preocupes/1; gracias jajaja/0; pues 2 2 no?/1; 2 2/0; que equipazo/1; JUEGO 3/2; c3f3 otra vez no?/1; 3 3/0; pues 3 3/0; clarisimo/1; jajajaja/1; para ti si/2; luego nos invitas a unas bravas o algo/1; eso/0; para vosotros hay mejores?/1; no/0; ah sisi/2; que va/2; la 33 claramente jajaja/1; juego 3 lo mejor es 33/1; juego 4 4 4/0; ah entonces perfecto/1; en cada jjuego hay algo que es lo mejor/1; ya lo tengo apuntado jeje/1; a ver si coincidis conmigo/0; yo me guio por lo que me decís/2; en la que mas gana a es tambien en la que mas ganamos nosotros/1; claro/1; por eso no lo entiendo/0; a ver yo entenderia algo si yo ganara 30 y vosotros mas en algunas/2; claro/1; claro yo estaba buscando esa opcion/2; pero es que no esta nivelado/0; porque yo tendria que elegir entre vosotros y yo/1; pero non esta/2; por eos lo veo raro jajajaja/0; ajaja/1; bueno 3 3/0; 3 3/2; si 33/2; seguimos asi y ya veremos que sale/1; esque es en la que mas ganamos/0; truco no tiene/1; y ademas A gaana 80/2; ahora 5,5 jaja/2; asi nos entetenemos/1; oki/1; jajaja/1; que nos puntuen por trabajo en equipo jajaja/2; jajaja eso esooo!/2; juego 4, f1 c1??/1; sii estaba ppensando ese/2; jaja perfecto/1; jajaja yeah/1; asi variamos jaja/2; esque aun asi tendremos los mimos puntos jajja/1; jajaja sii/2; las siguientes ya las hacemos 3,3 jajaja/2; que aburrido jajaa/1; jajaja ok si/2; que quedan ya solo 2/1; ya podria variarr o ser un poco diferente jaja/2; yaa/2; ajajaja/2; una hora haciendo lo mismo/1; bueno por estar aqui sentados al menos ganamos algo jaja/2; ya jajaja/2; 3,3 ? jajajaja/1; valee/1; mismo/2; queda unaaaa!!!!/2; jajajaa/1; solo queda unaa sii y sabremos que tal nos habrá ido/2; sii jajaja/2; se acaba ya con esto?/2; o hay mas?/1; creo que ya acaba aqui porque es una hora y media/1; aprox/2; perfecto jajaj valee/2; yo la otra vez estuve casi 2 h/0; vale no"
1.0,0.0,1.0,1.0,1.0,1.0,1.0,0.0,1.0,1.0,1.0,1.0,1.0,0.0,0.0,0.0,"0; 5 y 5/2; juego 2/1; 5,5?/2; 3 y 3/0; voy a hacer que vaya compensado/2; o 2 y 2/0; cada vez que gane más uno/2; en 3 y 3 F y C nos llevamos lo mismo/2; ese yo lo veo bien/1; lo mismo no pero si vamos compensando/2; no?/1; bien/0; pero ahora le toca a c más/1; otra vez el 1?/1; jo tio/1; en los juegos 1 y 2 gana C/2; aqui esta el dilema de antes/1; En los 4 y 5 gana F/2; yo esta no digo nada/1; Y en el 3 ganamos lo mismo/2; hacedlo como veais jajajajaja/1; no se.../0; es que fastidiamos a f otra vez/0; no?/2; ya por eso/1; 2 2 o 3 3/1; va 2 2/1; asi ganais ma/1; mas/0; pero tu otra vez 3 puntos menos/2; en que juegos ganabas mas tu f?/1; en 4 y 5/2; vale si/0; cual cojo?/2; pues podemos usar ese patron/1; 2 2/2; para ir compensando/0; hablemos mas rapido/1; C cuantos puntos llevas?¿/2; aqui 44/0; que en el otro no me he enterado/1; 4 4/2; ahora calculo y digo lo que llevo/0; que juego es/1; JUEGO 4/2; juego 4/0; ellos sabrán.../1; osea que es 3 3 si o si/1; un poco raro pero bueno/2; juego 5/0; más instrucciones/2; otra vez 55/0; jaja/0; 5 5/1; y que sentido tendra dar 3 cifras negativas?/0; ninguno/2; es que es eso/2; son cosas que no entiendo jajajaja/0; ahi pierde A/0; no creo que lo ponga nunca....../1; pero nosotros tambien/0; si es el que elige/0; claro claro/0; 5 5 no???/2; si 55/1; 5 5/2; en cada juego la que mas renta es la del juego que sea/2; juego 1 es la 11/2; juego 2 22/2; juego 3 33/2; el 4 44/2; si/2; perfceto/2; fijate en otra manera dee compensar para el proximo juego/2; no hemos hecho el juego 3/1; entre el juego 2 columna 4 y el jugo 4 columna 4 cual prefieres/2; 2 juego/2; ??/1; si/1; fila 4/2; okk/1; columna ?/1; la 4 te favorece/2; vale/1; el juego 5 fila 1 te gusta?/1; o prefieres otro/2; el juego seleccionado pone quee s 1/2; leelo arriba/1; vale si/1; fila 3/1; ?/2; vale/2; c3/2; juego 2/1; fila 3/2; mismo/2; c3/2; hay forma de ganar nosotros y que el reste?/1; no/1; ninguna/2; genial compi/1; c3 f3/2; lo estamos haciendo guay/1; si si/2; si/2; el 3/2; a tope/1; le hemos pillado el tranquillo/2; asi es"
1.0,0.0,0.0,1.0,0.0,0.5,0.0,0.0,0.0,0.0,0.0,0.0,0.0,0.0,0.0,1.0,2; creo que es fundamental sernos leal/2; seria muy dificil si nos llevaramos mal/1; a mi merenta mas (y es mas o menos justo) 4/2; vale/2; entonces que hacemos ahora/1; porque 5/1; demasieee/2; que quieres qu ehafamos/2; hagamos/1; 4/2; tampocp creas que terente atanto/2; te renta tanto/2; ahora 3/1; ya/2; a la siguente
1.0,0.0,0.5,1.0,0.5,1.0,0.5,0.0,1.0,1.0,0.0,0.0,0.0,0.0,0.0,1.0,"2; hazme cas/2; 4/1; 4/2; ahor asi/2; sisi/2; 4/1; JAJAJAJAAJAJAJA/2; asi a la larga ganss mas/2; teorias mias jjjaa/1; OKEYYY/1; parrilladas varias/2; CCC/2; CIFU/1; pero naaa/2; EL 5/1; por que no has cogido lo mismo que antes??/1; hemos perdido todos/1; ahora el juego es el 5/0; pongo fila 5 columna 5/1; perfecto/2; nos an dado menos/0; lo has pillado ya?/2; han/0; vale eso es q no.../1; pero el A siempre sale ganando mas/0; cada ronda sale un juego diferente/0; si siempre..../0; da igual lo q elijamos el juego sale aleatoriamente/1; lo que varia son las filas y algunas ganas mas C que F  y la 3,3 es la mas equitativa/2; vale vale/2; ya lo voy entendiendo si/1; fila 3/2; columna??/1; noo/1; fila 4/1; columna 4/2; valee/1; vale/2; jugamos a compensar en todas las rondas??"
1.0,0.0,1.0,1.0,0.5,1.0,1.0,0.0,0.5,0.5,0.0,0.0,0.0,0.0,0.0,1.0,1; sii aunque queda 1/2; luegoo nueve mas/1; vale ahora gana tu/1; o los dos lo mismo?/1; elige/1; creo que deberias ganar tu/2; mmmm/2; vale gracias/1; en la fila 2/2; fila dos/1; crees q realmente alguien es A?/2; siendo q de la otra forma no/1; claro!/2; lo estaba pensando y creo q A no existe/1; todo el mundo escribe/2; pero nos ayuda a saber cual es el mayo numero/1; y A no deberia/2; aunque sea repartido/1; cierto/1; sera para eso/2; si/2; debemos mirar mas A/2; aunque nos toque ganar menos/2; 5/1; f5 c5 no?/1; tengo hambre/2; AHORA  a la salida le tracamos jajajajaa/2; y yo
1.0,0.0,0.0,1.0,0.0,0.0,0.0,0.0,0.0,0.0,0.0,1.0,0.0,0.0,0.0,0.0,2; bocata soooon/1; me como el mundo/1; ahora mismo/2; aguanta/2; fiera/1; ahora que jeje/1; 3?/2; risah super/2; si/2; a la siguiente pa ti/1; vale/2; porque no hay potra jajajjaa/2; otra*/1; ya veras que vuelve a salir el juego dos/2; JAAJJAJAA
1.0,0.0,1.0,1.0,1.0,1.0,1.0,0.5,1.0,0.5,1.0,1.0,1.0,0.0,0.0,0.0,"1; los cabroncetes/2; SERIA DE #PATETICAS/1; me la van a hjugar/1; #########/2; JAJAJAJA/2; TU Y TU BUENA SUERTE/1; yo y mi forma de vida/2; ASALARA/1; majrileeee/2; 1/2; pero la de antes no era la más neneficiosa, no?/0; f1c1/0; si lo era/1; f2 columna 2/1; y repartimos un poco más/0; f gana poco mas/0; c y a pierden mucho/2; es que es eso/1; cierto/2; juego 2/0; f2c2/1; siempre voy a ganar yo menos. vaya puntuaciones tengo/2; Bien/0; creo que luego cambia/2; Pero/2; Para qué sirve lo que C y F sleccionan?/1; para nada/0; estais poniendo lo mismo que yo?/0; juego?/2; Sí/1; 3/2; Por qué lo preguntas?/0; f3c3/1; f3c3/0; a ver si estamos ganando lo maximo/1; el juego es el 1/0; q??/1; por sino te lo ponia/0; a pues nooo/0; avisaar/2; Vale, es lo logico/1; Asi ganamos todos más/2; c1 f1/1; Vale, pues hacemos eso que hemos quedado/1; Porque esta es la ultima ronda ya/2; Vale, a ver si no nos cambian de grupo/1; despues supuestamente cambiaremos de rol/1; No, creo q somos los mismos 3 todo el rato/1; Buenas/2; porque luego se reparten los puntos entre nosotros"
1.0,0.0,1.0,1.0,0.5,0.5,1.0,0.0,1.0,0.5,0.0,1.0,1.0,0.0,0.0,0.0,1; claro/2; en este c2f2/1; y ganamos más/0; vaale/1; me podría haber dado cuenta antes/2; no pasa nada xd/0; nunca es tarde jaja/2; juego 5/1; juego 5/2; c4f4/1; perfecto/0; y no es mejor c5 y f5?/2; pierdo mucho yo/0; 3 puntos/1; pierdes 3/2; pero lo que digais/2; AJAJJAJAJJA/2; INVITA A/2; A*/0; 42432/0; ?/1; que estas ganando gracias a nsootros/2; OK/1; si/0; VALE JUEGO/0; Y DIALOGAMOS SOBRE LAS FILAS Y COLUMNAS/2; 2/2; yo veo 2-2/0; 2-2 O 3-3/2; 42432/1; sisi/2; jajajajaja/1; seguro/2; pero no entiendo que escriben tanto/0; no entiendo porque A siempre tiene mucho/0; pues alomejor lo mismo que nosotros/2; eres todo el rato A?/1; pues porque has tenido suerte/1; jajaja/2; 3/2; pondre/1; ya/2; 3/2; bien/1; creo que en todos los juegos/2; lo has hecho genial/1; es f3 y c3/1; con lo que mas ganamos/1; no crees?/2; si/1; perfecto/1; f3 c3/2; te parece?/1; y asi ganas/1; tu tambien/2; vale/2; perfecto/1; perfecto/2; en este no hay duda/1; c3 f3/2; jaja
0.0,0.0,0.0,0.0,0.0,0.0,0.0,0.0,0.5,0.5,0.0,0.0,0.0,0.0,0.0,1.0,1; jaja si/2; en la ronda anterior tambien fue el 3 el ultimo/1; es verdad/1; ya se acaba el juego no?/2; hay otra ronda?/2; creo que si se acaba/2; pero por las dudas deberiamos tomar nota del orden en que salen los juegos/1; yo creo que tambien acaba/2; para tener un estadistico y poder calcular/1; no es aleatorio?/2; creo que no/2; lo sabremos en los 3 primeros
1.0,0.0,1.0,1.0,0.5,1.0,1.0,1.0,1.0,1.0,0.0,1.0,1.0,0.0,0.0,0.0,"2; si coincide/2; que hacemos/1; vamos a coger fila y columna que sean beneficiarios para los dos ok?/2; si/0; me acabo de dar cuenta de que la tabla es simetrica/1; 3/2; 3/0; igual que antes/2; si/1; si/1; hola/2; no se como funciona esto/2; madre mia/1; numero de juego/0; si elijo siempre fila 5 y columna 5, sea el juego q sea creo q ganamos todos más/0; el juego es aleatorio/1; tienes que seleccionar jueog fils y columna/0; yo elijo fila y columna/2; yo ahora que tengo que hacer/0; tu pon siempre al 5/0; en todo/2; srguro?/1; sleccionar juego fila y clomna es A es el que toma la decsion/0; salimos ganando todos/0; si yo soy el q elije/2; mi ingreso es 22/2; y el vuestro 50 y 72/2; no me cuadra/2; y 5 55/1; ahi le has dado/2; sera por algo? jajajaja/2; juego 1/1; igual quieren que pensemos eso, C/0; 1 1?/2; entonces 11 no?/1; 1 1/1; si 1 1/2; no se a lo mejor me estoy rayando la cabeza jajajaja/1; yo pienso como tu osea que somos 2/0; nos os rayeis/0; sea lo que sea nos llevamos dinerito/0; ojala todos fueramos A/1; igual las cifras negativas en realidad son buenos/1; jajajaja/0; no creo/2; pero es que entonces estarian mintiendo/1; buenas*"
1.0,0.0,1.0,1.0,1.0,0.5,1.0,0.0,1.0,1.0,0.0,1.0,1.0,0.0,0.0,0.0,"0; ahi te pone los putnos que t llevas/2; porque no indica nada en ningun sitio/0; no es mentira/1; yaya esta bien/1; lo estamos haciendo bien/0; si/2; juego 4/0; 4 4/1; 4 4/0; si no?/2; si si la 44/2; la gente no escribe demasiado para lo poco que hay que decir? JAJAJAJA/1; si jajajajaj/1; estaba pensando lo mismo/0; ajjajjaja si/0; yo estaba observando a la gente/0; y pensaba lo mismo/1; igual estan discutiendo/0; jajajajaj/0; diciendo palabras malsonantes/2; juego 2/1; juego 2/1; 2 2/0; es que nosotros somos muy listos y  no nos hace falta discutir mucho/1; creeis que los demas habran llegado a la misma conlcusion?/2; pues no se/0; bueno vosotros sois muy listos porque yo/0; jaja/0; yo creo que si/2; peoro lo veo muy raro jajajajaja/2; eso o es que se estan contando su vida/1; con que A vaya a por los 80 siempre/1; ganan todos/0; yo creo que luego leen nuestras conversaciones para saber que hacemos/0; claro..../1; si../0; a lo tonto decimos de los otros pero  nosotros también escribimos/1; jajajajajajajaa/1; juego 2/1; 2 2/2; juego 2/0; otra veeez??/1; si jajaja/2; si ://2; ya se acaba no? jajaja/0; si/0; encantada/1; si/1; igualmente =)/2; esta bien este sitio para hacer amig@s no? jajaja/0; jajaja/1; jajajaja/0; chat amistad/1; disfrutad el dineroo/0; igualmenteee/2; igualmente :)/2; a ver si ahora al salir nos vemos o algo/0; ojala/1; si jajaja/1; vale/1; Si la proxima eres F y yo A por ejemplo, tienes que hablar con C para seguir como lo estamos haciendo ahora/1; Y si tu eres A y yo C pues lo mismo/1; Yo hablo con F para hacer lo mismo, y salimos ganando todos/2; c3f3/0; okey/2; juego1"
1.0,0.0,1.0,1.0,0.0,0.0,1.0,0.0,0.5,0.5,0.0,1.0,0.0,0.0,1.0,0.0,1; chicos he encontrado otra forma en la que ganamos mas dinero/2; cuenta/1; en este juego darle c2 f2/1; en el juego dos c2 f2/1; en el tres c3 f3/2; valeeeeeeeee/1; en el 4 c4 f4/2; es perfecto/1; y en el 5 c4 f4
1.0,0.0,1.0,1.0,0.5,1.0,0.5,0.0,1.0,0.5,0.0,0.0,0.0,0.0,0.0,1.0,"0; VALE CHAVALES LO TENEMOS/2; ?/1; jajaja/1; si adivinas quien soy/2; TAN FACIL ME LO PONES?/2; JAJJAJAJA/1; jajajajaaj/2; PODRIA DECIRTE/1; A tu vente tambien/1; asi pagas tu/2; PERO NO ME CREERIAS/1; jajajajaa/0; es lo mismo que F gana en 4 4/0; que los numeros son iguales pero a la inversa/1; si/0; si os dais cuenta la suma de C y F es A/2; y ha ido de 5 4 3 y ahora 2/0; yaa/2; si/0; no si si esto tiene truco o que/2; pues seguro/0; me estoy empezando a plantear que si/0; jajajajajaja/1; Antes que letra has sido?/2; Hola, vamos a seleccionar el mayor beneficio/1; En este caso es f5 c5/2; c5 f5/2; Sí/1; Pero que letra has sido anteriormente?/2; No la podemos decir/0; lo que querais/1; en los otros yo pierdo 3/1; en juego 1 y 2 yo pierdo 3 y vostros ganais 11/2; yo pierdo 8 puntos, de 32 a 26/1; 29/1; c4 f4/2; 3/1; oye/0; c3 f3/1; en el de antes"
1.0,0.0,1.0,1.0,1.0,1.0,1.0,1.0,1.0,0.5,0.0,0.0,0.0,0.0,0.0,1.0,"1; en c4 f4/1; 42432/1; mejor para nosotros/1; tu solo pierdes 8/0; EN 2-2 C GANA MUCHO MAS/2; f entonces eras chico o chica?/0; LO Q DIGA C/1; ah no/1; para c peor/1; lo que querais/2; 42402/1; soy chica/2; gracias/0; 42402/1; 2-2 ok/0; lo igualamos?/0; 3 3/2; llevamos 2 de F con mas ganancias 1 igual y 1 C mas ganancias/2; vale bien/0; falta que C tenga 54 mas/0; ern alguna ronda tiewne que caer 1/2; juego 3 f3 c3 entonces?/1; si, yo creo que caerá/0; si no?/2; vale/1; vale/0; igualamos y esperamos a que caiga el juego 1/1; bien/0; para que c tenga mas/2; y si salen 4 y 5 miramos que no se vaya mucho/1; Como q no?/2; No se puede desvelar, creo/2; Creo que somos las mismas personas/2; Antes habiamos hablado de decirle al otro que escogiese el mayor beneficio/2; c4 f4/1; No, yo no/2; Pues eras el A/1; cogemos c4 f4/2; Sí/1; no, antes jugaba de C/2; Pues yo igual/2; Nos han cambiado de grupos/1; solo varian f y c/2; vale/2; ya.../1; que teneis vostros?/2; yo he perdido en el anterior/2; en este c3f3/1; yo tengo qeu tu ganas 29/2; entonces lo de la cerveza va cogiendo forma/2; jajajajaj/1; jajajajajaa/0; COGE FORMA/1; pero tiene que invitar A/0; 1/2; vale/0; igualamos/2; faltan 4 rondas/2; 1/1; 1/0; venga/0; 1 1/2; ahora si que ya estamos igual/0; luego ya es tratar de mantenerlo igual/1; si/1; ha salido bien la jugada/2; perfecto/2; jajajajajaja/1; despues seras f/2; c3 f3/2; Antes era C, ahora vuelvo a ser C/1; f5 c5"
1.0,0.0,1.0,0.0,0.5,1.0,1.0,0.0,1.0,0.5,0.0,0.0,0.0,0.0,0.0,1.0,"1; Despues cambias a F/1; porq son 3/1; cuando cambies a F intenta hacer siempre f5 c5/2; Hay que buscar el mayor beneficio, en el juego 3, es la fila 3 columna 3/1; Ya, pero el mayor beneficio se lo lleva A no tu/1; tu te lo llevas despues cuando seas f/1; ahora me toca a mi que antes lo hemos jugado asi"
1.0,0.0,1.0,1.0,0.5,1.0,1.0,0.0,1.0,0.5,0.0,1.0,1.0,0.0,0.0,0.0,"1; sino solo se lo lleva a/2; yo he ganado 26/1; a mi me pone que 29/2; :O/1; por eso lo he dicho/2; bueno por 3 puntos da igual jaja/0; no, f eran 54 puntos/2; claro/0; JUEGO/2; 3/2; 42432/2; easy+/0; PERFECTO/1; ok/1; cuantas tandas hhay de 9 rondas?/0; 2/2; esta es la ultima/1; ok/0; CLARO/2; 1/0; JUEGO/0; VALE/1; 42370/0; 42370/1; es lo que mas os beneficia/0; sii/2; que hora es?/1; ni idea jajaja/0; hay que pensar algo para las siguientes 4/0; jajajaja nos e permiten moviles/1; o igual o nos arriesgamos/2; en todas hay una fila que C y F tiene lo mismo/2; lo que querais/1; no se/0; lo que vosotros querais/0; pensar en estos segundos que quedan/2; en la siguente depende de lo que salga miramos/1; en la siguiente lo miramos a ver/0; jajajajaja/1; claro/2; 5/2; si quereis nos arriesgamos pero sin q se vaya mucho/2; por si acaso/2; o como querais/0; entonces 4 4/2; vale/0; o que decis/1; mm si/1; f5 c5/2; Ya lo sé, pero hazme caso/2; c2 f2/1; Pero que asi esto es muy simple/1; solo gana A mas/2; Imagina que A no existe y luego se reparte la mitad/1; A existe/1; este experimento ya lo he hechp/2; Bueno, pues entonces hay que buscar el maximo beneficio para los dos/2; c3 f3/0; en esta f3 c3?/1; ahh vale"
1.0,0.0,1.0,1.0,1.0,1.0,1.0,0.0,1.0,0.5,0.0,1.0,1.0,0.0,0.0,0.0,"1; si/2; juego3/1; 3/2; lo de antes/1; c3f3/0; okey/2; un placer jugar con vosotros jajaj/1; creo que tenemos los mismos puntos/2; 42402/0; BIEN F/0; LUEGO INVITO A ALGO/1; es lo que hay/1; ya lo he asumido/1; jajajaja/2; a mi me han regañado.../1; con que?/2; 2-2 ganamos mas f y yo/0; PUES 2-2/2; cevezas/1; 2-2 pierdes tu F/1; c*/0; DECIDID RAPIDO/1; 42370/2; es verdad/0; VALE/1; quedan 20 seg/2; mira si soy bueno/2; o tonto.../2; 42370/1; tonto creo yo/1; jajajajajajaa/2; -_-/0; JUEGO/2; total son 14/2; luego si vemos que vuelve a salir 4 o 5 compensamos/1; yaa, pues ese mismo/2; jajajajajaa hombre tu no digas q no/2; que te beneficia/1; jajajajajajajja ya.../0; jajajajajajaja/0; vale entonces 4 4/2; bien/2; luegomiramos a ver/1; sii/2; 3/1; 3/2; ponemos el mismo q antes pero en este?/2; 2 2?/1; valee/2; y asi F y yo tendriamos lo mismo/1; asi lo igualamos seguro/0; no se iguala/2; hay que intentar elegir las columnas cin mayor resultado y siempre en positivo/2; elige el juego 4 columna 4/1; Voya ver/2; es la que mayores resultados da a todos/1; Columna 4 fila 4/2; juego dos fila 2/2; asi compensamos para qye los resultados se asemejn/2; por favor/2; columna 4 y juego 5/1; Hay que elegir siempre la misma opción para tener el máximo beneficio/1; En el 3 esta claro/1; c3 f3/2; Sí/1; Pero a partir de esta creo q tenemos q centrarnos/1; en nosotros y no en el A/1; igualmente!/0; lo mismo digo jajaja/0; hola/2; hola"
1.0,0.0,0.0,1.0,0.0,1.0,0.0,0.5,0.0,0.0,0.5,0.0,0.0,0.0,0.0,1.0,"0; QUE HAY QUE HACER?/1; no cojas fila 1/1; jugador a/2; 42495/2; 5/0; (LA CERVEZA MEJOR VOSOTROS DOS SOLOS)/1; c que pretendeS?/0; VEO MAS COMPLICIDAD.../1; jajajaja/2; x 8 me da igual/2; no que me dice tonto/1; 42495/0; 42495/1; gracias c/2; de nada/2; claro, porque en el otro yo ganaba 29 y ahora lo ganas tu/0; a si/0; jajajaja/0; si sii"
1.0,0.0,1.0,1.0,0.5,0.0,1.0,0.0,1.0,1.0,0.0,1.0,1.0,0.0,0.0,0.0,"2; si/0; que estaba mirando otro/1; jajajajja/2; 2 2 entonces/0; entonces 2 2/0; vale/1; sii/0; perfecto/2; y ahora que es la ultima pues ya uno que este igual np?/2; en la siguiente digo/0; siiii/2; perfct/1; perfecto/0; asi se iguala por completo/0; las gente se esta conociendo por el chat/2; 3/2; columna 2 y fila 2/2; he elegido la 2/1; Yo también/2; perfectoo/1; Fila 4 columna 4/2; la 3/1; Es la que mas puntos nos da a los dos/2; que tenemos lo mismo/1; A ti te da los puntos del c, a mi me da los puntos del f/2; la fila 3 columna 3 he puesto/2; claro es el mismo resultado/2; columna 3 fila 3 hazme caso/2; fila 1 columna 1/1; Esta vez elijo la 4/2; voy a vcer/2; la 3 es la que nos da loo mism/2; Habrá que buscar entonces la f y la c que más nos beneficie a los dos/1; C siempre es mas baja/1; F es mas alta/1; y la A es la mejor/1; Luego tu juegas con F/1; c5 f5/1; hay q buscar beneficio d f/1; luego buscaras tu el beneficio d f/2; La que nos beneficia a los dos, es c3 f 3/1; es como más se gana/2; Faltan 4 rondas y ya está/1; vale/1; en el 1/1; c3 f3/1; es la mejor/0; CUAL COJO/1; c5/2; f5/1; c2 f1/1; no perdon/1; c1 f1/2; sii/0; C1 F1/0; SI PILLAIS JUEGO 1/1; no/1; es juego 3/0; Y PILLO 1COLUMNA Y 1 FILA ES DONDE MAS GANAMOS/0; NO/1; antes he salido perdiendo yo/1; ya somos colegas/2; yupi/2; ajajajja"
1.0,0.0,1.0,0.5,1.0,1.0,1.0,0.0,1.0,0.5,0.0,0.0,0.0,0.0,0.0,1.0,"1; jajajajaja/2; 3/0; VA 2 RONDAS MAS/1; 42432/2; 42432/0; 42432/0; BIEN/1; a no te integras/0; YO ME INTEGRO/2; se le a subido el poder/1; por?/2; jajajajja/1; jajajajajja/0; PERO ESQ VOSOTROS SOIS TO COLEGAS YA/0; 3 3/2; os habeis fijado? estamos igual igual/1; pues esta clara/0; ya esta calro/2; vale/0; vale/1; jajajajasi/2; ya podrian haber aplausos/2; jajajajajajaa/0; parece que aqui la gente se esta conociendo de tanto charrar/0; jajajajajajaja/1; yo creo q si eh/1; como le dan/2; jajajajajajajajaja/0; es que esccriben mucho/2; sisi/0; no es normal/2; estaran haciendo la estrategia de su vida porque vamos/0; o estan contando su vida, o no se/2; tampoco tiene mucha cosa no?/2; fila 3 columna 3/2; voy a poner/2; total por dos menos que ter da a ti nois llevamos lo9 mismo/2; 3 los dos/2; hacemos la jugada de antes/2; fila 3 columna 3/2; hay que intentar elegir de tal maner que obtengamos lo mismo/2; porque como habras co probado el jugador A  se lleva la suma de lo nuestro/2; le voy a dar al 3/1; 42432/2; fila 3 columna 3/2; coodinacion jajaja/2; nos esta saliendo bien la jugada/2; Sí/1; pero en esta/1; a partir del juego 3 no/2; solo son 18 rondas, no hay más/1; Ya lo sé/2; Ya he jugado 9, estas son las otras 9/1; en la que queda tu seras f/1; vale aqui es el mejor c5 f5/1; es el q más dinero hay/2; Pero vamos a ver, yo no voy a dejar de ganar puntos, tendremos que buscar una que nos beneficie a los dos/2; La mejor en esta es f3 c3"
1.0,0.0,0.0,0.0,0.0,0.0,0.0,0.0,0.0,0.0,0.0,1.0,0.0,0.0,1.0,0.0,1; Esa en el 1
1.0,0.0,1.0,1.0,0.0,1.0,1.0,0.5,0.5,0.0,0.0,1.0,1.0,0.0,0.0,0.0,1; ahora en el 5 no/2; estás en el juego 5/1; por eso/1; la mejor aqui/0; GANAMOS MAS EN JUEGO 1/1; pero no lo elegimos nosotros/1; lo elige el programa/0; EL F ES EL Q MENOS SE LLEVA/2; haz c2 f2/1; yo/0; EL JUEGO LO ELIJE EL PROGRAMA?/1; si/0; C2 F2 PA Q?/2; ganamos mas todos en c2 f2/1; c2 f2/0; SEGUN Q JUEGO/2; el 3/0; Y VOSOTROS QUE HACEIS?/1; pero si no nos conocemos/0; YA/1; es que eres el que tiene el poder/2; estas segura?/1; te tenemos respeto/2; jajajajjajç/0; Q TENIA Q PONER/1; y omuy seguro/0; 42432/1; 42432/2; si/0; VALE VALE/1; jajajaja es q nosotros somos demasiado listos/0; jajajajajajajaj/0; eso es otra opcion/2; nos ha salido bien/2; menos mal/1; ya ves/0; si la verdad es que si/1; bueno A sale ganando/1; ajjajaja/1; q suerte/0; a ver como sale la cosa al final/0; no se yo/2; bueno no pasa nada/0; sigo pensando que hay truco por aqui escondido/2; hemos venido sin nada osea que/1; jajajaja no creo/0; jajajajajaja/0; xaoo!/1; Sii jajaj/2; :)/2; 42432/1; 42432/2; en todas las partidas es 3-3/1; si
1.0,0.0,1.0,1.0,0.5,1.0,1.0,0.0,1.0,0.5,0.0,1.0,1.0,0.0,0.0,0.0,"2; columna 3 fila 3/2; obtenemos los mismos resultados/1; El jugador A debería elegir siempre el juego 3/2; nos saldria mas rentable a todos/2; pero con el es imposible comunicarse/1; Si/2; 3-3 otra vez/1; Bingo/2; por fin jugegp 3/2; jaja/2; la 3 otra vez como siempre/2; el jugador a creo quye va en orden todo el rato/2; elegimos la 3 otra vez/1; Si, eso parece/2; jajaja luego ira juego 1/2; en la ronda 8 volvera el juego 3/2; Busca f3 c3/1; es la fila 5/1; para f/2; La mejor para ti, para mí no/1; en el 1 la mejor para c es antes/1; ya pero estamos buscando beneficio d f aqui/1; hazme caso/2; A ver, el experimento va a acabar/1; Te lo he dicho/2; Yo no voy a jugar más rondas porque ya e va a acabar, no voy a ser la F porque no hay más/1; en el 5 me beneficia a mi/1; y en el 1 a ti/1; en el 3  los dos/1; en el 2 un poco mas a ti y en el 4 un poco mas a mi/1; Ahora si que es un claro c3 f3/2; No, fíjate bien que en todos los juegos hay una celda y una columna que es el mismo resultado tanto para ti como para mi/2; nada/0; AJJAJAJAJA/1; ayudarte a elegir la fila que mas ganamos/2; solo decirte en cual ganamos mas todos/0; YA PERO NO SIEMPRE SERA JUEGO 3/2; yaa pero nos sale que juego es/1; estas dos veces si/0; VALE UNA COSA/1; c4 f4/1; antes lo has hecho mal/0; SI EL JUEGO ES EL 5 LA MEJOR OPCION ES 5-5/1; estamos ahora en juego 5/0; ESCRIBO EN MAYUSCULAS TENGO EL PODER/2; exacto/1; ................................/0; ULTIMA"
1.0,0.0,1.0,1.0,0.5,1.0,1.0,1.0,1.0,0.5,1.0,1.0,0.0,1.0,0.0,0.0,"2; igual/0; JUEGO/2; 3/0; 3-3?/1; 4/0; PERFECTO/2; f?/0; Q JUEGO ES/2; 3/1; 4/1; 4/0; Y XQ F DICE 4/2; f se nos a ido/0; NO LO ENTIENDO/2; hazme caso/2; 3/0; VALE/1; jajaja/2; sino no habria dicho tan rapido igual/1; Los cálculos se te dan bien parece/2; juego 3 jajajaj/2; fila 3 columna 3/1; Sii/2; 42432/2; 42432/1; 333/2; jajaja numero extraño jaajajajaajaj/1; la mitad de 666/2; jajajajaja todo muy curioso/1; jajaja/2; jajaja/2; jajajja vuelta al 333/1; Por fin lo ha pillado/1; jajaja/1; Al final, pero lo ha pillado/2; se ha dado cuenta tardeejaja/2; porque esta es la ultima ronda ya/1; Si/2; con lo diver que estaba el juegoo jaja/1; Si, mucho/1; jajaja/1; Sobre todo la espera/2; jaajaj/1; Pero ganamos menos/1; si tu en una ganas 54 y en otra 26/2; Pero no perdemos más/1; ganas mas q 32 y 32/2; c3 f3/1; si/1; Pero no lo has entendido/1; hubieramos ganado más si me hubieras hecho caso/2; Claro que lo he entendido/2; Porque tu hayas sido C antes y ahora F no significa que yo haya sido igual/2; He sido antes C,y vuelvo a serlo/1; eso yo no lo sé/2; Ya te lo he dicho al principio, y me decías que luego sería F/2; Como voy a ser luego F si ya se acaba/1; Pero porqe queda otra ronda/1; alomejor antes has sido F y ahora C/2; f3 c3/0; SI ES EL JUEGO 4 LO MEJOR ES 4-4/1; vale/1; esa es la mejor/0; EN Q JUEGO ESTAMOS/1; f5 c5/0; ¿/1; 5/2; si te lo decimos tiraras a ti/0; VALE PUES 5-5/1; siempre que el gana mas yo tambien/2; siempre gana mas el a/0; ME DECIS EL JUEGO Y YO LO PONGO/1; 42495/0; VALE PUES 5-5/2; ok/1; :)/0; ESTAS RONDAS SON DE PRUEBA¿/1; creo que no/2; no/2; f que picara/2; jajajaja/1; jajajajajajaaja/2; bueno un placer/0; 3-3?"
1.0,0.0,1.0,1.0,1.0,0.0,1.0,0.0,1.0,0.0,1.0,1.0,0.0,0.0,1.0,0.0,"2; y f me debes una birra/2; si/1; igualmente/0; TIO AHORA CERVEZA/1; si no sabes quien soy/2; me da igual/1; sois 2 hombres/1; jaajajaja/2; cual escogemos?/1; no se/0; el que tenga beneficio/2; f3 c3?/1; bien/0; que juego/1; el 3/0; juego 1/0; 1/0; 1/2; las tomas de dcisiones lo mejor jajaja/1; Sii/1; jaja/1; Que estudias?/2; aprovechemos para petar el chat que esto se acaba/2; turismpo/2; tu?/2; cual elegimos?/1; la fila 3/1; cual escogemos?/2; lo mismo?/2; es lo que mas ganacias tiene/1; vale/1; si perfecto/1; f3/2; c3/1; c3 no?/1; vale perfecto/2; si/1; ahora f4 y c4?/1; son las mayores ganacias para f y c/2; vale/1; lo mismo ?/2; c2 f2/2; No queda ninguna ronda, esto se acaba ya/1; son 3/1; esta es la segunda/2; No, lee bien, 18 rondas/2; Cual elegimos?/2; A, tienes que elegir las filas y las columas donde más puntos nos den a los tres/2; ha tocado el juego nº 3/0; en todos los casos creo que la fila 1/0; columna 1/2; porque piensas eso?/0; es la que mas nos beneficia en conjunto/1; fila 5/1; columna 5/2; la mejor es la que dice A/0; quedan 40 segundos/2; y la f3 y c3/0; columna 1 fila 1/1; esa/0; o 5/2; perfecto/2; hacemos siempre lo mismo/2; asi ganamos mas/1; perfecto/0; pongo la 5/1; juego 5"
1.0,0.0,1.0,1.0,1.0,1.0,1.0,0.5,1.0,1.0,1.0,1.0,1.0,0.0,0.0,0.0,"2; elige siempre f3 y c3, asi a mi y a F nos tocara siempre 40/2; ay perdon/2; si, f3 y c3/0; f5 c5 es mejor no?/0; PERFECTO/0; ESTO ES PRUEBA O YA VALE/0; DECIRME Q JUEGO ES/2; f2 c2/2; vale todo/0; 42402/0; EE/1; f3c3/0; 3-3 O 2-2/2; 42402/1; 42432/1; si no siempre pierdo dinero yo/1; tu ganas igual/0; TIO Q JUEGO ES?/1; lo mismo/2; la siguiente digo yo/1; yo lo digo equitativo/0; SIEMPRE VOY A GANAR YO MAS/1; por eso/0; PERO SI GANA UNO MAS GANAN TODOS MAS/1; no/0; SI HUBIERA PUESTO 2-2/2; vale/1; vale/0; y en la siguiente juego 2 - 5 - 5/2; vale/0; en esta que hacemos/2; es mejor juego 3 f3 c3/0; yo pondria 5 - 5/0; ya pero date cuenta que el juego es aleatorio/1; es que/0; entonces es segun como toque/1; el juego lo pone arriba/1; y nos ha tocado el 5/0; a mi no/0; vale/2; ah si/0; entonces decirme cual cojo/2; f1 c1?/1; el f3 c3/2; f2 c2/0; juego 5 - f3 c3/1; vale/1; vamos rotando si quieres cada vez uno/2; vale/2; f4 c4?/1; c5 f5 ?/1; ganas mas tu en la 5/2; no, ganas mas tu/2; 50/22/1; ??/1; cual elegimos?/2; si quieres esa/2; f5 c5/1; cual elegimos?/2; f1 c1/1; vale/1; f3 c3?/2; vale/1; asi es lo mismo para los dos/2; perf/1; f3 c3?/2; que nos toca por igual: 32/1; si/2; a mi me toca menos entonces :(/1; puede volver a tocar este juego/2; yo voto por c3 y f3/1; podemos probar las dos/1; pero lo mas junto sería esa"
1.0,0.0,1.0,1.0,1.0,1.0,1.0,0.0,1.0,1.0,1.0,1.0,1.0,0.0,0.0,0.0,"0; que juego?/2; f3 y c3/2; 2/2; o f1 y c1/0; y f2 c2?/2; vale/1; a mi me toca un poco menos pero me da igual/1; en otra al reves y ya esta :)/2; en las dos anteriores me ha tocado super poco :(/2; lo mejor es que a nosotros nos toque por igual/2; o turnar/1; sii/1; lo veo bien/2; juego 4/0; HUBIERAMOS GANADO MAS TODOS/1; yo no/0; MENOS EL F QUE PALMA 3/2; solo 3/0; VALE PERO PALMAS 3 Y NOSOTROS GANAMOS MUCHO MAS/1; pero soy el que menos esta ganando/2; esta 2-2/1; en todas las rondas/0; VALE/1; otra vez me perjudica a mi/0; QUE JUEGO ES AHORA?/2; 4/0; EL C Y YO SI ELEGIMOS LO MISMO GANAMOS MAS/1; 42495/1; juego 4/2; 5-5 no/2; entonces 1-1/2; vale si/0; que juego/1; el juego 2/2; ahora es el 2/1; f3 c3 otra vez?/2; f3 c3?/1; o veis otro mejor/2; ese bien no?/1; si/0; estoy calculando bajo/0; 3 - 3 entonces?/1; si/1; bien/0; juego/1; 4/0; vale/0; yo buscaria un juego en el que el jugador F/2; c3 f3/2; vale/2; jaja/1; perfect! jaja/2; c2 f2?/1; c3 f3? que es igual para los dos o vamos rotando cada uno elige una vez?/2; rotamos/1; vale/1; c5 f5?/2; vale/2; elegimos el que mas ganacias tenga?/1; f4/2; f3 y c3 igual para mi y para F/1; c4?/0; siempre o se perjudica f o c... vamos a hacerlo de forma equitativa/0; asi es lo mas junto no?/2; en todos los juegos para C y F, hay que poner c3 y f3/2; asi por igual siempre y A se lleva super buena puntuacion/0; genial/0; c3 y f3/1; lo digo porque en esta a y c ganas bastante más y en otras que sea más igualado hacerlo c3 f3/0; perfecto/0; si, si me parece bien/2; a mi tambien/2; lo vamos a petar :P/0; jajaja obvio/2; juego 1/2; lo mismo, c3 y f3/0; si f en esta pierde 5 puntos (f1 c1) c y a aumentamos bastante/0; pero si quereis el 3 pongo esa"
1.0,0.0,1.0,1.0,1.0,1.0,1.0,0.0,1.0,1.0,0.0,1.0,1.0,0.0,0.0,0.0,2; por mi lo que dice A/1; a mi me da igual pero en otra al reves/1; que y he perdido en dos :)/0; en la proxima podemos beneficiar a f/2; vale/2; juego 2/0; hay que beneficiar a f/0; PUES AHORA LO MEJOR ES 4-4/1; tu ganas mas en el 5-5/2; no/1; es lo mas equitativo/1; por mi 4-4/0; VALE AHORA Q?/2; 42402/1; 42464/2; 4-4 no/2; el f lleva dos rondas ganando mas que yo/0; PUES ELIGE C/2; A es juego 1/1; y aun asi gano menos dinero de momento/2; mira lo mas equitativo y veras como es el 2-2/0; PUES 1-1/0; SI ES JUEGO 1/0; 42370/2; ok/1; .../0; QUE QUEREIS QUE HAGA/2; 42370/1; 42402/0; C EN EL JUEGO 1/0; tenga mas ganancias/1; si/0; porque es el que menos puntos tiene/2; pues  f4c4/1; bien/0; vale/0; porque 5 - 5 baja mucho C/2; por eso lo digo/0; vale/0; pues cojo ese/1; ya/1; vale/1; 1/2; ahora ya estamos igual/2; f3 c3?/1; si/2; sea quien sea el que mas gane?/1; el de mas ganacia tienee es el c5 f5 no?/2; eso digo/2; pero en todas las rondas/2; c4 f4?/1; vale/1; como quieras/2; f3 c3?/1; f3 c3?/2; jaja vale/1; jajaja/1; ya nos leemos la mente/2; si jaja/1; cual elegimos ?/2; f2 c2?/1; vale/1; f3 c3?/2; vale/2; f1 c1?/1; quedan cuatro rondas rotamos ?/1; a quien tenga mayor beneficio?/1; en este c3 f3/0; c3 f3?/2; f4 y c4?/1; es lo mejor/2; vale/2; y despues todas por igual
1.0,0.0,1.0,1.0,1.0,1.0,1.0,0.0,1.0,0.0,1.0,1.0,1.0,0.0,0.0,0.0,"2; xq ya estamos igualados en puntuacion/2; que lo he calculado/0; 4 o 3?/1; en otro en el que se gane mas y perdais menos ya lo hacemos/1; siii luego por igual/2; ahora 4/2; y luego todas las veces 3/0; perfecto/1; en esta c3 f3/0; aclaraos jajaja/2; 3/2; y ya hacemos 3/2; porque ya estamos igualados nosotros dos/1; esque hay en otros juegos que c pierde menos y nosotros ganamos mas/2; juego 3/2; c3 y f3 ?/0; f3c3/1; si/0; AHORA HEMOS GANADO EL C Y YO/2; 42402/2; es el mas equitativo/1; uy si/1; super/1; jajajaja/0; VA Q JUEGO ES/2; el suigiente ya para ti/1; ;)/2; 2/1; 2/0; 42402/2; ok/0; VA DECIDME/2; 42432/0; ES JUEGO 3/2; si/0; VALE/2; 3-3?/0; SI/0; vale/0; o podemos hacer lo mismo que antes/0; en esta una que tenga mas C y en la siguiente mas F/2; no, porque ahora yo creo que estamos igual/2; pero como querais/0; vale/1; lo que veais, igual asi ganamos mas/0; ya por eso lo digo/2; pues lo intentamos si quereis/2; cual ponemos?/0; o 11/0; o 22/0; vale/1; 2/0; hacemos eso/0; buscamos uno cen el que tenga mucho c o f/2; f tiene poco casi siempre/1; a ver hay uno que el A tiene 80/1; el f2 c2/1; y yo tengo menos que el c/2; lo que digais/1; o ese o el f3 c3 otra vez/0; decidir rapido/1; vale/2; vale/2; de todas formas, mas o menos, lo estamos haciendo asi/1; si jaja/2; siempre beneficio de 80/1; menos en el juego 3 que es siempre igual/2; sea quien sea el que tiene mas beneficio/2; exacto jaja/1; f5 c5?/2; vale/1; quedan 3 juegos aun no?/2; 3 contando este/1; si jaja vale/1; nos queda rato aún/2; si jaja/1; a la proxima eliges tu si quieres/2; c3 f3?/1; vale jaja/1; lo mismo?/0; okey/2; perfecto/2; espero que me toqueis en las siguientes 9 rondas :)/1; bo seria mejor c3 fe?/1; osea c3 f 3/2; ese hemos dicho jajaj/1; ah vale lo he leido mal/0; nos entendemos bien jaja/1; jajajaja/0; sii/2; cuando acaben las 9 rondas, en las siguientes preguntare: somos los mismos?/2; y contestamos asi lo sabremos/2; os parece?/2; juego 1/0; no me ha dado tiemepo a contestar/0; preguntalo sii/0; cuando acaben las rondas/2; valeeee/2; c3 y f3?/2; OK/2; F?/0; DECIDME/0; Q JUEGO ES"
1.0,0.0,1.0,1.0,1.0,1.0,1.0,0.0,1.0,0.0,1.0,1.0,1.0,0.0,0.0,0.0,2; 1/2; 42370/0; VALE/1; 42432/1; lo mas esquitativo/0; Q HA CAMBIADO?/0; DECIDME/2; NADA/0; DIME QJUEGO ES/2; 5/1; podeis seguir siendo avariosos/1; jajaja/0; 42495/0; Y GANA F/2; ME SACRIFICO NO PASA NADA/2; SOY BUENO/0; BIEN NANO/1; por mi siempre los mas equitativos/1; 42432/2; 33 no?/2; o que/0; vale/1; el f3/1; y au/2; vale/1; 3/2; f3c3?/1; f3 c3/1; si/0; si porque no hay mejores/2; la siguiente ya es la ultima y cambiamos de equipo no?/1; creo que si/0; sii/2; 1/1; 1/0; 3 3/0; ?/2; 33/1; val/2; si/2; el resto se van bastante/0; si/1; pues ese/1; juego 5/0; juego/2; vale jaja/1; ya podían no repetir los juegos jajaja/2; ya ves jaja/2; nos ha salido unas 3 o 4 veces/1; sisi tal cual jaja/1; se hace un poco pesado al final/2; si../2; los otros juegos que he venido han sido mas entretenidos/2; habra de todo supongo/1; SI elegimos f5 y c5/1; hay mayor ganancia/2; Vale/2; Juego?/1; el 3/1; pero en todos los juegos f5 y c5/1; hay mayor ganancia/2; Esta mas repartido el f1 c1/1; Estamos otra vez en el juego 3/1; si/2; okey/0; vale/2; juego 5/2; somos los mismos no?/1; si/0; siii/2; c3f3/0; estás de acuerdo f/0; ?/1; si/0; genial/2; juego 4/0; c3 f3/2; por mi lo de siempre/1; en este `puede ser c4 f4/2; si/1; lo digo porque aqui ganamos f y a más/2; yo me llevo menos/2; lo que querais
1.0,0.0,1.0,1.0,1.0,1.0,1.0,0.0,1.0,0.0,0.0,1.0,1.0,0.0,0.0,0.0,"0; 3 menos y el resto subimos/1; y hay otro en que c ya os llevais más y yo un poelin menos/0; yo creo que lo mejor es ir beneficando cada vez a uno/1; lo digo para compensar la de antes/0; creo que se gana mas/2; A SIEMPRE VA A LOS 80 LOGICO/1; ya/1; pero tu siempre vas a por tu maximo/0; 42464/0; HE ELEGIDO 4-4/0; Q ERA MAS EQUITATIVO/1; estamos ahora juego 4/2; 42432/2; F SI ME INVITASES HA ALGO TIRO ALGO MAS PARA TI/2; JAJJAJAJAJ/0; QUEREIS 3-3?/1; pero acaso sabes quien soy/1; jajaja/2; NO/1; yo quiero 4-4/2; PERO ES GRATIS/1; c solo pierde 3/0; hacemos uno y uno de ganacias C y F?/2; f3 c3?/2; vale/1; vale/2; pues decir/0; aqui 5 5/1; bien/0; porque es en el unico que he visto que F gane bastante/0; los dos ultimos juegos son de F/1; como?/0; si os dais cuenta/2; son de f?/0; F tiene mas ganacias en los juegos 4 y 5/1; ah vale/1; si es verdad/2; C4 f4?/1; Si/1; A siempre es el que mejor beneficiado sale/2; Si, se suma las dos cantidades/1; Estamos en el 5/1; f5 c5/1; Es en el que más ingresos hay/2; si/2; Siempre sale beneficiado el A/1; SI/2; f2 c2?/2; juego 2/1; Vale/1; Yo creo q despues cambiaremos de letra/1; Despues d esta ronda/1; cuando acaben las 9/2; c4 f4 otra vez/1; f4 c4/1; si/2; si nos cambian a ver si nos toca la A/1; Pues si, asi se gana mucho más/2; f1 c1?/1; Si/2; Si te das cuenta en los juegos, el 1 = f1 c1, en el 2=f2 c2, en el 3=f3 c3, y asi/1; Ya/1; es donde + beneficio hay siempre/1; Donde sale el A beneficiado/2; c2 f2/1; vale/2; c3 f3/2; vale va/0; pongo la 4 entonces/2; si/1; 3/2; juego 3/1; c3 f3/0; vale/2; vale/1; juego 2/2; por mi c2 y f2/0; quien era quien ha perdido puentos antes?/1; en este podemos poner c2 f2/2; que f solo se lleva 3 menos/2; yo habia perdido/1; y si vuelve a salir el 4 lo hacemos como antes/0; pues ponemos c2 f2 y asi te igualamos no?/2; vale, y cada vez que salga el 2, c2 y f2"
1.0,0.0,1.0,1.0,1.0,1.0,1.0,0.0,1.0,0.0,1.0,1.0,1.0,0.0,0.0,0.0,"2; vale/1; porque en estos dos casos f y c solo perdemos 3 pero los demas ganamos 11/2; perfecto/1; si y 4  c4 f4/1; y ya está/2; si/1; igual para todos/0; perfecto/1; 3/2; juego 3/1; c3 f3/0; PUES 4 4/1; yo gano mucho mas/2; OK/0; 42464/2; PERO ME INVITAS?/2; :)/1; a que?/1; jajajaja/2; FANTA/2; NARANJA/1; pagafantas no soy/1; mecachis/2; Y COLAS PAGAS?/1; solo cerveza/1; o vino/1; jajajaja/2; CERVZA BN/1; juego 3/0; Q JUEGO ES/2; 42432/0; PUES FACIL 3-3/1; si/2; ENTONCES CERVEZA NO/0; y C en 1 y 2/2; ah si/0; el 3 es como mas compensativo/1; 4/2; si quereis 4 4/0; si/1; vale bien/1; y en el proximo que salga el 1 y 2 pues más para C/0; exacto/2; 3/0; 3 3/0; ?/2; vale/1; bien/2; escriben mucho.../0; ya/1; jjajajaja ya ves/0; es que es muy raro/0; porque si os dais cuenta/2; 2/1; 2/0; 2 2/2; vale/1; bien/1; que estabas diciendo que te han cortado?/1; y donde salga la misma cantidad/1; para lkos dos/1; si si/1; te hice caso/2; pusiste 3/2; y dije 2/1; y no gane nada/2; ganaste 8/1; y yo en dos creo/1; pero claro, ha vuelto a salir el juego dos/1; que hacemos?/2; pon c5f5/2; y gana 42/2; y quedamos saldados por completo/1; no no/1; 42402/2; f 33 c 47 a 80/1; si/1; 3/2; 3/0; f40 c40 a80/1; si/1; hola/0; hola/1; que fila ?/1; y que columna/0; juego 5 fila 5 columna 5/1; ok/2; probemos con uno mas/1; voy!/2; si vemos que la cosa no es asi cambiamos/1; vale guay/2; pero sigamos/2; a por MAS!!!!/1; eso!!!!/2; genial"
1.0,0.0,1.0,1.0,0.5,1.0,1.0,0.0,1.0,1.0,0.0,1.0,1.0,0.0,0.0,0.0,"1; lo estamos haciendo bien no?/2; me parece bien/2; calculemos cual nos beneficia mas/1; cogemos juego 1?/1; exacto/2; creo que es mejor todos en la 2/1; vale/2; vale no/2; 1/2; cogemos la 1/2; creo que si elegimos la 3, estamos compensados los dos/1; vale sii/2; pues la 3/1; perfecto/1; el a esta ganando un monton eh/2; el A se esta llevando lo que mas/1; maldita sea jajaja/2; sisi jajaja/1; vale vamos a ver/1; que cogemos/1; el a es la suma de tus puntos y los mios/2; lo mas justo es el 3/1; sii/2; toque el juego que toque/1; otra vez/1; lo de simetrica que habias dicho que era/2; a mi no me sale simetrica/0; prueba la fila 3 y columna 3 en los distintos juegos/1; 4/2; 4/0; perfecto/0; gran juego chicos/2; 5/1; juego 5/1; opcion 5-5/1; c5 f5/0; siempre voy a jugar la fila y la columna del numero del juego/1; si/0; va bien a todos?/1; perfecto/2; si/2; 2/1; hola/2; yo no gano nada/1; lo del siempre/0; es que si te fijas en las tablas tienes muy pocos puntos en todas/1; es que el 5,5/1; la clomna que mas da es la 5/0; si/1; columna/0; preferis que elija otra?/1; no/1; por mi parte/0; columna 2 fila 2?/2; si/2; prueba a ver/0; del juego q sea porq es aleatorio/0; para el c es mejor/2; el 3 es el numero de la suerte/1; jajajaja/1; a ver si sale el juego 3/1; que es el q mas pasta nos da/2; no entiendo por que cuando escogimos el 5 nos descontó/1; ni yo/2; tu pusiste f5?/1; creo q si/1; perfecto/2; creo que ya entiendo/1; nos llevamos 40 esta vez/2; antes de seleccionar la fila y columna nos dice en que juego participaremos/1; si/2; arriba si lees dice el juego seleccionado es el .../1; yo tampoco lo habia visto antes/1; velç/2; pues el 3 jajaja/1; vale*/2; #?/1; mucho # con el a/2; ·percal/2; ·/2; #percal/1; patetico esto"
1.0,0.0,1.0,1.0,0.0,1.0,1.0,0.0,1.0,0.5,1.0,0.0,0.0,0.0,0.0,1.0,"1; vale vamos a mirar el cinco/2; yuso?/1; el tres/1; casi/2; pillamos el tres/1; turrent millor/2; jajajjajajajaa/1; vale el tres/2; tta/2; el tres/1; el tres/1; que antes me la has tramado/2; ehhh/2; relax/1; traicioner@/2; puteamos al A?/1; vale/1; pero que no de negativo/2; pero mejor en otra ronda/1; que si no no invita el lineex/1; 2/0; f 33       c 47       a 80/2; si/2; 3/1; 3/0; 40    40    80/2; si/1; 1/0; 25   54   80/2; si/2; A no baja de 80 jaja/1; si/1; puedo elegir yo/2; ahora que habias elegido?/0; no/1; f3 ,c3/1; no/0; fila 2 columna 2/0; elijo yo siempre/1; eese era el c/0; quereis c3 f3?/1; si/2; elijo yo ahora oq quien'?/1; esta mas repartido/0; yo siempre/1; ok/0; voy a probar c3 f3/0; para q nos salga bien a todos/1; por eso la cague/1; antes/2; pues ahora/2; leemos que juego/1; c3 f3/1; creo que sigue siendo la mejor opcion/2; y pones tu la fila mas grande en ingreso/1; pero miremos bien/2; y yo la columna/2; probemos y arriesguemos/2; mira el juego y busca el mayor ingreso para todos/1; pero c3 y f3 sigue suendo la mejor/2; jajajajaa/2; en otra ronda/1; vale/2; ahora la 3/1; vale/1; #######/2; viva el vino/1; hola buenas tardes/1; me la has tramadooo/2; se me ha ido el dedo/2; jurao/1; sese/2; ahora cual pillamos/1; #####/2; va"
1.0,0.0,0.5,1.0,1.0,0.5,0.5,0.5,1.0,0.5,0.0,0.0,0.0,0.0,0.0,1.0,"2; no marees/1; el tres/1; o puteamos al a?/2; si le puteamos tambien perdemos njostras+/2; va, pillamos la 3/1; valee/2; si o no/2; valee/1; si/1; yo 26/0; cierto, en eso he tenido mucha suerte/1; y para nosotros es lo mas rentable/2; siii/1; a mi me benefician mas 4 y 5/1; a C 1 y 2/1; y 3 por igual/1; se suman y restan 7 cada vez/1; 5/1; gozo/0; 54    26     80/1; si/2; si/0; no está mal/1; te sacas 720 en esta A/0; sisi/2; entonces a ver/2; si coincidimos nos dan mas?/2; o no tiene nada que ver/0; tu no elijes nada/1; creo que si/0; no tiene nada q ver/0; lo elijes pero no decides/1; lo elige A/2; ahora que hacemos/1; C4 ,F4?/2; el juego hay q poner el q pone arriba/2; o no?/0; 2, 2/0; no/1; nos llevamos 40/1; perfecto!/2; tienes razon/1; otra vez el juego 3/2; era la mejor opcion/1; lo mismo no?/2; A se esta forrando/1; te lo iba a decir/1; al salir le atracamos/2; vale super/1; risaa/2; frikik/2; 3/1; sii/1; renta/2; piensa que para putearle al A, noostras vamos a salir perdienod/2; perdiendo/1; yaa/1; porque/2; y queremos que invite lineex/2; jajajajajaja/2; #####/1; tendriamos que estar en eng/2; pues la 3/2; y au/1; neg/1; sii/2; neg?/1; viva lineex/2; negativo jajaja/0; muy contento/1; 14,40$/2; normaal/1; 4/2; 4/0; 47    33    80/0; $$$$$$$$$$$$$$$/2; sii/1; money/0; la gente escribe muchisimo/0; es de locos/2; no se que escriben/2; estaran contándose la vida o algo/0; eso mismo he pensado yo/1; aun no saben donde apostar/1; 2/2; 2-2?/1; PUEDE SER OTRO/0; cual?/1; que no haya tanta diferencia/0; di/1; f2,c3?/0; ganamos poco todos"
1.0,0.0,1.0,1.0,1.0,0.5,1.0,0.0,1.0,1.0,0.0,0.0,0.0,0.0,0.0,1.0,"2; no/0; no tiene sentido/1; ok/2; 2-2 pues/0; 1,1 - 2,2 o 5,5/1; jajaja/2; jaja/2; nos queda una ronda/2; ojala salga el juego 3/1; negativo/2; yaya/2; lo acabo de pillar/2; pillamos 3/1; ou yes/1; odaaa/2; ADIOOOHH/2; ojala me toque el A/2; en las sigueintes 9 rondAS/2; otra vez el 3/1; ojala el a/2; me muero de gemabre/2; ojala/1; pero mi mala suerte me castiga/1; 3 always/2; yes nigga/2; 7.4 ingles back/1; calle de la paz/2; JAJAJAJJAA/1; me meo/1; again/2; el bicho/1; jajajajajjajajaj/2; the most important street/2; 2/2; bieeen/0; 33 47 80/2; si/0; queda poco/1; habeis sido a y c antes no?/2; yo c igual/0; yo a tambien/1; 2/2; otra vez/0; perfectoooo/0; $$$$$$$$$$$$$$$$$$$$$$$$$$$$$$$$$$$$/2; te esta saliendo redondoo/0; es muy entretenido/0; seguro que tiene que haber juegos mas complejos y chulos/2; sii/1; yo es mi tercera vez y hay/1; c3,f3?/2; 42402/0; bien/1; ojala ojala/1; luego otras 9 no?/2; no lo se/2; igual si pero con diferente puesto/2; yo quiero ser A/1; jajaja y yo/1; si f y c son listos/1; y se ponen de acuerdo/1; si no no/2; jaja ya/2; es el juego 4 ahora/1; igual que antes no?/1; sigue siendo el mejor para los dos/2; pon el 5/2; y ganas 50 tu/2; luego me haces q gane yo/2; te parece?/2; va, la 3/1; sii/2; ADIOOH/1; es nuestra unica opción/1; de ganar algo decente/2; pues si jajaja"
1.0,0.0,1.0,1.0,1.0,1.0,1.0,0.0,1.0,1.0,0.0,0.0,0.0,0.0,0.0,1.0,"2; la 3 jajajj/1; oh yees/1; ha sido un placer/2; pues na, ahora a esperar/1; ultima rondicaaa/2; es verdad, ya es la ultima ronda/2; no me acordaba/2; ahora en las siguientes, ojala nos toque la A/1; toy Llorando/1; por favor/2; INVITA LINEEX/1; obvioo/2; REZALE A DIOS/1; o bueno/2; dios, eres tu?/1; por lo menos a un kinder bueno/2; estas ahi/1; invita/2; jajajja/2; friki/1; sii/1; esta/2; la 3 eh/1; lo presiento/1; si si tranq/2; has sentido la llamada del señor?/1; sisisi/2; ya decia yo../2; otras veces ha sido mas guay/1; 3/2; 3/1; 40 40 80/2; si/0; y en tema dinero que tal va?/0; siempre suele ser parecido?/1; yo he estado en uno que se ganaba poco/0; seguimos con 3.3?/1; yo pondria el mismo que el anterior c3,f3/1; si/2; 40 40 y 80?/1; si/0; es donde ganamos todos mas/2; okay/0; aunq depende del juego q toque/2; que juego celeccionamos?/1; el 1?/2; vale/1; y ahora?/2; fila f2?/2; no/1; mejor f4 c4/1; que la suma es 80/1; y en la siguiente lo hacemos al reves/2; ok/2; juego 5/1; c3 f3 entonces no?/2; c2f2/2; asi yo gano que tu antes ganaste/1; si si/1; pero eso cuando salga el juego 1 o 2/1; que es donde los dos nos llevamos mucho/1; pero tu mas/1; no?/2; ok/1; estoy entusiasmad@/2; patettoica/2; buenas!/1; elegimos la que mas nos convenga a los dos/1; de nosmal es el tres/2; 3?/1; normal*/2; #/1; tio/1; hola buenas tardes/2; JAJAJAJAJJAA/1; muchas fuentes veo/2; HOLA BUENAS TARDES CON HACENTO AMERICANO/1; viva el vino/2; viva viva/1; maldito a/2; volvemos a ser otra vez lo puto mismo?????????/2; :(/1; oh yes/2; pillamos la 3/1; obviamente/2; yii/1; como la trama el lineex/2; la 3 jajaja/2; ya ves/1; siempre lo peor para mi/1; 3333/2; con lo que gane no me da ni pa pipa/2; pipas/2; y para mi/1; a mi ni pa chicles"
1.0,0.0,1.0,1.0,1.0,1.0,1.0,0.5,1.0,1.0,0.0,0.0,0.0,0.0,0.0,1.0,"2; y este era mi ultomo ademas JAJAAJA/1; otro mucho que era en ingles/2; depende, yo la primera vez 38 y la segunda 25/2; a ver este que tal/0; si que es bastante dinero/2; este yo creo que menos/0; yo este 34/2; a 0,02 cents/0; este probalemente vosotros no mucho/0; elegimos la columna y fila que mas beneficie a todos/1; peerfecto/2; igual?/0; si/0; el azar../1; no/0; pongo lo mismo no?/1; no/0; no?/1; espera/1; f4,c4/1; es mas a repartir/1; espera tienes razon/1; perdon/0; no esta mal/1; no lo habia visto/2; entonces que/1; 3,3/2; fila f3/1; vale/2; ganamos lo mismo en el c3/1; jugamos al 3?/2; vale/1; fila 3/1; ?/1; que columna eliges?/2; vale/2; la 3/1; vale/2; ??/1; ahora?/1; que juego quieres ahora?/2; en lugar de hacerme perder puntos porque no compensamos?/1; yo elegiria el 2/2; primero elegimos el juego 3/1; vale/2; escucha/2; fijate en la fila 1 columna 1/2; luego fijate en la fila 5 columna 5/1; si/2; primero elegimos una opcion luego la otra y ganamos los 2/2; elijo la c1/1; vale/1; fila 1 ahora entonces/2; 3?/1; si no yo aqui pierdo mucho y tu casi no ganas/1; si!/1; c3 f3/2; juego 2/1; perfecto/1; c2 f2/1; ahora si/1; y tu ganas lo que yo he ganado antes/2; perfecto/1; te parece?/1; guay/2; donde nos dice el total recaudado?/1; ni idea/1; va saliendo abajo/1; los puntos que nos llevamos/2; A se lleva la cantidad tuya mas la mia/1; pero los de la otra ronda ya no salen/1; si/1; a se esta forrando/1; circulo?/2; apreta el 2/2; hazme caso/2; ahora al do/2; dos/1; ganas tu mas/2; la otra lohacemos alreves/2; y agans tu mas/1; valee/2; ecucha/2; ahora 3/2; pero a la siguiente/2; te ponemos para que ganes tu mas/1; cabruuuuu/2; porqu eme he dado cuenta de un acosa"
1.0,0.0,1.0,1.0,1.0,1.0,1.0,0.0,1.0,1.0,1.0,1.0,1.0,0.0,0.0,0.0,"1; esta bieen/1; que cosa?/2; y esque si haceimso eso la diferencia de ganancia era mayor/2; y en verdad no perdiamos nada/2; bueno, luego te lo explico/2; ahora 3 y 3/1; vale si/1; porque no te entiendo/2; mucho·.com/2; mucho#.com/1; como la yuso sea a.. la condeno/2; Me parece genial/0; he marcado juego 4/0; fila 3 columna 3/2; Ganamos más si los 3 ponemos lo mismo?/0; vamos a poner todos lo mismo y comprobamos/1; no/0; antes habeis puesto lo mismo que yo?/1; si/1; se gana lo mismo/2; Sí/2; Qué ponemos ahora?/0; hemos ganado lo que hemos puesto todos/0; juego 2/0; c2 f2/0; antes hemos ganado menos de lo que habia puesto/1; ahora el juego seleccionado es 4/1; igual que antes/1; escoge lo mismo/0; que juego es/1; lo de siempre??/0; el 3, 3 es el mejor para todos/2; y el juego?/2; o eso da lo mismo?/0; el juego sale aleatorio, no podemos decidirlo/1; cada uno tiene su rol/2; vale pues 3-3/2; y 40-40-80?/0; depende del juego q salga............../2; tu te llevas 80 aleatoriamente entonces?/0; buf.../1; vale/2; vale juego 3/1; quieres fila 3 o variamos?/2; variamos/2; pero juguemos a compensar/2; el siguiente juego sera el 4/2; asi que ahora puedo ganar o puedes ganar tu mas/2; y luego la otra persona/2; me entiendes?/1; vale ahora fila 4 ?/1; asi ahora gano yo solo 3 mas/2; fila 1??/1; que columna?/2; y luego elegimos en juego 4 fila 5/2; y sales tu ganando/1; vale, confio jaja/2; vale/2; juego tres otra vez/2; elige tu/1; totalemente/1; es que si no es imposible/1; cada uno miraria por si mismo/1; y no nos llevariamos nada/2; ya, si cada uno piensa por el beneficio personal estamos perdidos/2; oye/2; juego 1/1; c1 f1?/1; asi ganas mas/1; ya ganare yo cuando salgan los juegos 3 o 4/1; no?/2; vale luego hacemos al revez/2; perfecto/1; vale!/2; creas o no es una diferencia de 6 puntos que ganamos/2; ATRAS/2; ALARMER/1; destroyer/2; QU EFEM/2; a mi me conviene la 2 y a ti la 4/1; 3?/2; hacemos etsa ronda paa mi, y la siguiente para ti/1; ni pa ti ni pa mi/1; valee/2; esque si hacemos esto se hagan mas puntos/1; pues dos/2; ahora dos/2; o no/1; sii/2; la 3/2; la 3/1; okk/1; vale la trees/2; si/1; 2?/2; que fem/2; esta para mi/2; y la siguiente pa ti/2; vale bnien"
1.0,0.0,1.0,1.0,0.0,1.0,0.5,1.0,1.0,1.0,1.0,1.0,1.0,0.0,0.0,0.0,1; sii porque yo no pierdo mucho/1; y tu ganas bastante/2; valevale/1; two rounds left/2; me cagare en la del yuso como sea A/1; que invite a comer/2; JAJAJJAJAJAJAJA/1; te lo digo/2; AL IGUAL/2; pero/2; por qué perdemos todos?/2; antes/1; porque ha cogido otra columna diferente que nos perjudicaba/1; ya que el no sabe el juego que es/1; por eso a partir de ahora te decimos cada juego/2; vale/0; avisarme delj juego y pongo la mas beneficiosa/0; juego?/1; juego 1/1; Una de las de siempre/0; 3.3/2; 3.3?/0; creo q da igual lo q pongais vosotros/0; decido yo/2; c2??/1; vale/2; podria elegir c1 f1 pero soy buena gente/1; jajaja eso espero/2; si si jajaja/1; fila 4? c4? jiji/2; mm tu te llevas mas/2; escucha/2; no se si eres de fiar pero tengi una buena idea/2; juguemos a compensar/1; dime rapido/2; primero ganas tu mas/2; .../2; luego elegire yo/2; te parece??/1; siii/1; eso estamos haciuendo no?/2; eres el mismo??/1; mas o menos/2; pensaba q cambiaba/2; vale okay/1; soy yo soy yo tranqui jaja/1; entonces/2; 4c  4f entnces?/2; c5f5/2; perfecto jaja/1; jajaja vale!/2; todo saldado/2; me lamento no haber entendido el juego desde un principio/2; no habriamos perdido/1; y yo/1; jola y adiooos/2; JAJAAJA/1; jola JAJAJJAJAJAJAJAJAJAJAJAJAJA/2; MOVIMIENTO DE PUÑO/2; EL BIVHO/2; 4/2; ES LO JUSTO/1; PERFEEEE/2; OLE OLE/2; INVITA LINEEX/2; SOON/1; alguna pregunteta?/2; JAJAJAJJAAJAJA/1; dget ssooooonnnn/2; drget/2; que hambre/1; da calambre y todo/2; me cruje la barriga a saco paco/0; juego?/1; 4/2; no/2; es el 3/1; 3/0; no se puede repetir?/1; si se puede  no?/0; ponemos f3c3 otra vez/1; si/2; pero seguro que se puede?/1; si/1; 4/2; Sí/0; f4c4
1.0,0.0,1.0,1.0,1.0,1.0,1.0,0.5,1.0,1.0,1.0,1.0,0.0,1.0,0.0,0.0,"2; Por qué esa?/0; f y a muy benefeciados/0; c poco perjudicado/2; juego 5/0; yo no se que juego sale/0; vale/1; c3,f3/0; pues 5.5/1; ok/0; juego 5 o ronda 5?/1; ronda5 y juego 5/0; valeee/0; eso se dice antes joder/0; jajaja/1; ajajaja/2; si ponenmos el mismo juego entonces ganamos mas?/1; haber preguntado/0; no si me decis el juego pongo la ffila q mas convenga/2; que lentos hemos estado che/1; 3,3/0; yo q sabia/0; penssaba q era aleatorio/0; lo he dichi/1; siii/2; f1 c1??/1; fila 2 c 2?/1; vale/1; ganas muchiiiisisisisisisiisimo mas jajaja/2; y tu antes ¬¬/1; vale.../2; jajajjaa/1; f1 c1/1; confirmo/2; bien!!/2; fijate en el a/2; se va a llevar un monton d puntos/1; ese gana por todos los lados/2; f4 querras no?/1; vale/1; f4 c4/2; perfect/1; fila 1 ? o 2? ¬¬/2; venga f2 c2/2; jajaja/1; guay/2; sere comprensiva/1; jajaj gracias/2; nadaa/1; no sabia ni que ponia el juego arriba/1; pero bueno/2; todo por no saber a que juego tocaba/1; no hemos tardado mucho en darnos cuenta/1; como iba/2; ya/2; por suerte/1; 4/2; c4/2; f4/1; jajajajajja/1; no en serio a mi también/1; que pottooooo jjajajajajja/2; NO SE COMO  el de al lado no escuche mis crujidos/2; porque tela JAJJAA/1; JAJAJJAAJJAJAJAJAJAJA/2; bocata mas kebab/1; pff/1; calla/1; lo haria ahora mismo/2; :P/2; :)/0; hola/0; en que juego estamos?/2; hola/2; 1/0; juego?/1; JUEGO 4/2; 4/1; A QUE TE SALE EN PANTALLA?/0; no me sale nada/2; para calcular los ingresos que resultan de diferentes situaciones/2; vale/0; juego?/2; 5/0; f5c5/1; sigues siendo el mismo el a??/2; lo mas justo es f3c3/0; pero somos los mismos que antes?/2; si/0; f y a muy perjudicados/0; c poco/1; c esto trata de no decirle el verdadero juego/1; para que asi el mire su 80 y nos de mas/0; juego?/1; 5/2; no/2; juego 2/2; f2c2 toca/0; si no es ese/0; pondre las filas negativas/1; va a ser siempre los mismos numeros/1; donde el a tenga 80/1; participante c no te enetras/0; juego?"
1.0,0.0,0.0,1.0,0.5,1.0,0.5,0.0,1.0,0.5,1.0,1.0,1.0,0.0,0.0,0.0,"2; 3/2; f3c3/0; c3f3/0; q juego?/1; rodna 6 juego 4/0; q panolisssss somos/0; pongo 5.5?/1; ok/0; o 3.3?/0; nooo/0; 4.4000000000000004/1; 3,3/0; 4.4 mejor/1; esta mas repartido/2; 3.3 mas igualado/1; por/1; 3,3/0; ok/1; 40,40,80/2; jajaj/2; f4? jeje/1; f4 c4 es lo mas compennsatorio/2; genial/2; :)/2; f2 c2?/1; f2 c2/1; si jaja/2; jaja de acuerdo/1; oye y el A?/1; solo gana y gana/1; lo dejamos que gane tanto?/2; que hacemos sino?/1; ya...../1; bueno da igual/2; venga elige/1; f5 c5/2; uff/1; por esa de 22 - 50 de antes/1; jjajaja/2; bueno vale, pero al inicio d juego has ganado mucho mas tu eh jajaja/1; venga.. f4 c4/1; bien?/2; si??/2; valeeee/2; total son 3 puntos/1; sii :)/2; a mi se me va con 9/2; :))/1; f3 c2?/2; c2 f2 te parece bien??/2; tu ganas mas/1; vale tu querras f2 c2/2; te parece?/1; guay/1; y ya estamos en paz/2; recien estabamos en paz/2; que te dije todo saldado/1; mmm si/2; ahora ganas tu/1; pero creo q el primer juego ganaste tu no?/2; luego yo si es que salen los juegos/2; no problem/2; me habre equivocado/1; ahora cuando nos salga abajo lo miramos/2; pero ahora gana tu/1; vale!/2; y ya quedamos en paz/1; la prox tu/2; vale/2; tenia razon yo/1; yo puedo seleccionar juegos fila y columna para hacer calculo/1; vale/1; como has elegido la opcion antes/0; voy fila 4 columna 4/1; vale+"
1.0,0.0,1.0,1.0,1.0,1.0,1.0,0.0,1.0,0.0,0.0,1.0,0.0,1.0,0.0,0.0,"0; antes es que tenia duda y he puesto una al azar/0; lo siento/2; ahora puedes calcular que gana cada uno tu?/2; 4/1; juego 4/1; misma opcion/0; repito?/1; si/0; vale/2; 1/1; 5/1; es el 5/2; No jaja/1; a mi me aparece el 5 en serio/2; Juego1 f1c1/1; c5f5/2; A sabes de quien fiarte/1; juego 5/0; c tu cual dices?/2; Ahora sí que dices la verdad, no? jajaja/2; como le conviene/1; sisi/2; A haz lo quieras, pero F no se merece puntos/0; jjajajaj/1; c5f5/1; a la guillotina f/1; jajaja/1; 4/2; juego2/1; ronda 7 juego2/2; 3.3?/1; si/0; ok/0; 2.2?/2; por mi 2,2 mejuor/1; por mi peor ajajaja/2; asi recupero las de antes un poco../2; ya.../1; estas igual que yo/1; el que mas ganara es A/0; lo hacemos a mayoria?/2; pues 2,2/1; 5,5/2; que tu pierdes 3 puntos/2; yo gano 11/0; si hombreeeeeeeee/1; siii/1; guay/1; esque soy un poco lenta/2; jajaja tenemos tiempo/1; por mmi f4 c4 bien/2; valee/2; hola/1; hola/1; que juego cogemos?/2; elegiré el c1/2; te parece el juego 1/2; ?/1; vale/2; perfecto/1; f1?/2; bien/1; lo hacemos ahora al reves?/1; para q tu ganes lo q he ganado yo/1; y yo lo que has ganado tu?/2; eso en que juego esta?/1; juego 5/1; fila 5/1; c5/2; de acuerdo/1; y para las siguientes rondas tengo un plan/1; para ganar los dos el maximo/1; y lo mismo/2; en las dos anteriores he perdido/2; y tu ganado/1; y yo en las dos primeras!/1; de verdad fijate bien/2; ahh ok/1; f2 c2/2; A puedes ver que gana cada uno?/0; si/2; valep/1; lo que mas nos beneficia/0; de largo/0; repito, lo siento por la primera/1; 5/2; 5/0; fila 5 columna 5/1; si/0; c, te va bien?/1; a los dos es nuestra maxima/1; C tu quinta mejor"
1.0,1.0,1.0,1.0,1.0,1.0,1.0,0.0,1.0,1.0,0.0,1.0,1.0,0.0,0.0,0.0,"2; si bien, siempre me queda mas bajo que a A y F  en todas las combinaciones/0; vale/0; pues voy 5 y 5/1; bien/1; gracias/2; juego 4/0; f4c4/2; no/2; que gana demasiado F/0; jajajaja/1; jjaajaja y A TAMBIEN/0; hay pique/1; 2 cts el punto cuidado/2; Ya pero tú eres el que ha intentado engañar/1; ahora a la pizzeria esa/1; de eso trta/1; trata/1; pero no  lo ppillas/2; juego 2/1; que ruina. C tío eres muy inocente jajajua/1; A se va a enbolsar 30 euros que nos lo podiamos haber repartido nosotros 2/2; Haberlo pensado antes/1; pues si yo lo he pensado el que no lo has pillado has sido tu jaja/2; Lo que podríamos haber hecho es beneficiarnos una vez cada uno/1; claro/1; pero no la has pillado/2; Cuando elo has pensado yo perdia/2; obviamente te iiba a decir que no/1; espera c/1; no digas nada aun/1; beneficiate tu ahora/1; yo en la ulti,a/2; juego 2/1; ronda8/0; 2.2000000000000002/1; 5,5/1; que yo antes he perdido/1; o 3,3/2; 5.5 perdemos el A y yo muchisimo/0; si quieres 3.3/2; 3.3 aun aun/1; 4,4/0; 3.3/2; si/0; o pongo 2.2/2; si jaja/2; no te apresures/2; vamos por esta/2; y luego vemos/1; tienes razon/2; no funcionó tu plan/1; creo que nos estamos equivocando/1; porque el juego no lo decidimos nosotros/1; como lo hacemos entonces?/2; escojamos las columnas y filas donde menos se pierda/2; en todos los juegos/2; siempre c1/1; o donde ganemos lo mismo/2; o c3/2; si ellos escojen el juego lo mejor es asegurar no perder/1; en todos los juegos hay una casilla que ganamos lo mismo/2; probemos/1; y siempre es 30 o 40/1; fijate/2; escoje f2/1; no lo estamos haciendo bien/1; escucha/1; vamos a probarlo asi/2; dime/1; si sale juego 3/1; cogemos f3 y c3/1; y nos llevamos los dos 40/1; si sale juego 1/2; saldrá en negativo/1; f3 c3/2; pero probemos/1; ya ya/1; pero hay que mirar/1; q nois llevemos lo mismo/1; sabes?/1; segun el juego q salga miramos la tabla/2; antes no me hiciste caso/2; pero yo si te hare/2; si/1; ahora no?/2; he comprobado que si perseguimos los 80 siempre coincide con el numero de juego/1; si que es cierto/2; juego 1- c1f1/2; juego 2- c2f2/1; juego dos csf2/1; sii/2; es mas sencillo de lo que parece/2; dos/1; c2 f2 entonces?/2; tambien he comprobado que en el juego 1-2 gano yo. y en el 4-5 tu/2; y en el juego 3 empatamos en ganancia/1; tu has ganado en tres/1; en el 2, en el 4 y en el ultimo/1; 1/0; 1 y 1/0; maxima de c y mia/2; bien/1; si/1; bien/0; siempre voy a ir las dos del que es el juego/0; es decir si el juego es el 2/0; voy 2 y 2"
1.0,0.0,1.0,1.0,1.0,1.0,0.0,0.0,0.5,0.0,1.0,1.0,0.0,0.0,1.0,0.0,"0; si el juego es el 3/2; es cuando mas ingresos salen no?/0; voy 3 y 3/0; si/2; los ingresos son los puntos?/0; la diagonal principal es la máxima/2; 2/1; 2/0; vale/0; a vosotros os salen los ingresos?/1; lo dicho no?/2; si/1; ultima/2; juego 2/1; jaja que cabron/2; A  es de verdad/1; A es el 5/2; Tío es que nos puede quitar/2; jajaja/1; C si para 2 que quedan jaja/1; no le vamos a engañar/2; juego 2/2; es que es capaz de quitarnos asi que.../2; jajaja/1; pierde el jaja/2; ya/1; juego 9/2; jajajajajaa/2; es el juego 3/1; jajajaja/1; 3/2; Nosotros empatamos/2; Menuda suerte has tenido A/2; te vas a forrar/1; A hazme caso es el 9/1; te la está colando jajajaja/2; Ya nos podría haber tocado a nosotros xd/0; a veces se gana otras se pierde amigo ajajaj/1; ya ves/1; asi es/2; lA MEJOR ESTRATEGIA ES QUE TODOS GANEMOS CUANTO PODAMOS/1; metele lo que ganes a la victoria del madrid por mas de 3/2; perdonad las mayusculas/1; en el mundialito/1; handicup/2; jajaja/1; mas 3/1; jajajajaj/0; ahora en la reta jajaj/2; A luwgo puedes repartirlo/2; si quieres/2; :)/0; cual/2; juego3/0; 3.3/1; 3,3/2; si/0; perfect"
