"","Session","Crosssect","Comp","Pair","Period","Subject","Groupe","ID","Inv","OtherInv","Payoff","OtherPayoff"
"1",2,182,1,191,26,18,9,2,22,22,40.6179999999999,40.6179999999999
"2",2,182,1,191,27,18,9,2,24,24,41.696,41.696
"3",2,182,1,191,28,18,9,2,26,26,41.914,41.914
"4",2,182,1,191,25,18,9,2,20,20,38.68,38.68
"5",2,182,1,191,20,18,9,2,14,13,25.2375,27.428
"6",2,182,1,191,8,18,9,2,18,12,17.012,35.258
"7",2,182,1,191,22,18,9,2,16,14,26.594,32.676
"8",2,182,1,191,19,18,9,2,14,12,22.78,26.594
"9",2,182,1,191,21,18,9,2,14,14,27.706,27.706
"10",2,182,1,191,15,18,9,2,11,10,17.376,17.8655
"11",2,182,1,191,2,18,9,2,10,16,26.908,15.466
"12",2,182,1,191,29,18,9,2,28,26,31.418,51.108
"13",2,182,1,191,7,18,9,2,20,26,60.058,14.596
"14",2,182,1,191,1,18,9,2,26,14,-12.326,58.186
"15",2,182,1,191,18,18,9,2,12,12,22.328,22.328
"16",2,182,1,191,9,18,9,2,20,10,3.93000000000003,34.34
"17",2,182,1,191,5,18,9,2,15,16,32.728,29.4035
"18",2,182,1,191,17,18,9,2,12,11,20.2115,21.268
"19",2,182,1,191,13,18,9,2,11,14,25.204,20.3335
"20",2,182,1,191,16,18,9,2,12,10,18.106,19.652
"21",2,182,1,191,4,18,9,2,10,28,49.732,-45.83
"22",2,182,1,191,10,18,9,2,10,8,12.572,11.85
"23",2,182,1,191,11,18,9,2,12,12,22.328,22.328
"24",2,182,1,191,14,18,9,2,11,11,19.3165,19.3165
"25",2,182,1,191,23,18,9,2,16,16,32.224,32.224
"26",2,182,1,191,24,18,9,2,18,18,35.882,35.882
"27",2,182,1,191,6,18,9,2,12,28,57.688,-36.328
"28",2,182,1,191,12,18,9,2,10,10,16.09,16.09
"29",2,182,1,191,3,18,9,2,5,18,9.232,-4.50249999999997
"30",2,182,1,191,30,18,9,2,18,18,35.882,35.882
"31",2,183,1,191,14,17,9,1,11,11,19.3165,19.3165
"32",2,183,1,191,28,17,9,1,26,26,41.914,41.914
"33",2,183,1,191,7,17,9,1,26,20,14.596,60.058
"34",2,183,1,191,9,17,9,1,10,20,34.34,3.93000000000003
"35",2,183,1,191,3,17,9,1,18,5,-4.50249999999997,9.232
"36",2,183,1,191,16,17,9,1,10,12,19.652,18.106
"37",2,183,1,191,23,17,9,1,16,16,32.224,32.224
"38",2,183,1,191,13,17,9,1,14,11,20.3335,25.204
"39",2,183,1,191,2,17,9,1,16,10,15.466,26.908
"40",2,183,1,191,15,17,9,1,10,11,17.8655,17.376
"41",2,183,1,191,22,17,9,1,14,16,32.676,26.594
"42",2,183,1,191,8,17,9,1,12,18,35.258,17.012
"43",2,183,1,191,27,17,9,1,24,24,41.696,41.696
"44",2,183,1,191,5,17,9,1,16,15,29.4035,32.728
"45",2,183,1,191,29,17,9,1,26,28,51.108,31.418
"46",2,183,1,191,25,17,9,1,20,20,38.68,38.68
"47",2,183,1,191,1,17,9,1,14,26,58.186,-12.326
"48",2,183,1,191,21,17,9,1,14,14,27.706,27.706
"49",2,183,1,191,18,17,9,1,12,12,22.328,22.328
"50",2,183,1,191,30,17,9,1,18,18,35.882,35.882
"51",2,183,1,191,24,17,9,1,18,18,35.882,35.882
"52",2,183,1,191,4,17,9,1,28,10,-45.83,49.732
"53",2,183,1,191,17,17,9,1,11,12,21.268,20.2115
"54",2,183,1,191,12,17,9,1,10,10,16.09,16.09
"55",2,183,1,191,19,17,9,1,12,14,26.594,22.78
"56",2,183,1,191,26,17,9,1,22,22,40.6179999999999,40.6179999999999
"57",2,183,1,191,6,17,9,1,28,12,-36.328,57.688
"58",2,183,1,191,11,17,9,1,12,12,22.328,22.328
"59",2,183,1,191,10,17,9,1,8,10,11.85,12.572
"60",2,183,1,191,20,17,9,1,13,14,27.428,25.2375
"61",2,184,1,192,3,16,8,2,14,20,42.748,17.698
"62",2,184,1,192,16,16,8,2,16,18,37.898,29.548
"63",2,184,1,192,9,16,8,2,16,14,26.594,32.676
"64",2,184,1,192,7,16,8,2,13,12,22.832,24.4555
"65",2,184,1,192,14,16,8,2,14,20,42.748,17.698
"66",2,184,1,192,23,16,8,2,13,16,32.068,23.7955
"67",2,184,1,192,8,16,8,2,14,16,32.676,26.594
"68",2,184,1,192,15,16,8,2,16,12,21.008,30.904
"69",2,184,1,192,28,16,8,2,16,15,29.4035,32.728
"70",2,184,1,192,22,16,8,2,12,20,39.656,10.792
"71",2,184,1,192,27,16,8,2,16,16,32.224,32.224
"72",2,184,1,192,13,16,8,2,10,16,26.908,15.466
"73",2,184,1,192,18,16,8,2,16,18,37.898,29.548
"74",2,184,1,192,19,16,8,2,18,24,55.148,16.49
"75",2,184,1,192,25,16,8,2,15,8,11.792,19.1875
"76",2,184,1,192,2,16,8,2,22,6,-20.0860000000001,19.498
"77",2,184,1,192,5,16,8,2,18,6,-1.46199999999996,14.618
"78",2,184,1,192,12,16,8,2,20,28,67.272,2.12000000000002
"79",2,184,1,192,26,16,8,2,15,16,32.728,29.4035
"80",2,184,1,192,21,16,8,2,10,28,49.732,-45.83
"81",2,184,1,192,6,16,8,2,16,10,15.466,26.908
"82",2,184,1,192,17,16,8,2,18,22,48.682,25.1779999999999
"83",2,184,1,192,29,16,8,2,12,11,20.2115,21.268
"84",2,184,1,192,1,16,8,2,18,2,-13.558,-10.262
"85",2,184,1,192,4,16,8,2,14,22,47.85,9.91399999999992
"86",2,184,1,192,10,16,8,2,16,20,43.616,24.648
"87",2,184,1,192,11,16,8,2,18,24,55.148,16.49
"88",2,184,1,192,20,16,8,2,20,0,-29.72,-25.6
"89",2,184,1,192,24,16,8,2,14,10,17.898,23.258
"90",2,184,1,192,30,16,8,2,14,27,60.7975,-19.2760000000001
"91",2,185,1,192,9,15,8,1,14,16,32.676,26.594
"92",2,185,1,192,23,15,8,1,16,13,23.7955,32.068
"93",2,185,1,192,7,15,8,1,12,13,24.4555,22.832
"94",2,185,1,192,28,15,8,1,15,16,32.728,29.4035
"95",2,185,1,192,27,15,8,1,16,16,32.224,32.224
"96",2,185,1,192,8,15,8,1,16,14,26.594,32.676
"97",2,185,1,192,14,15,8,1,20,14,17.698,42.748
"98",2,185,1,192,22,15,8,1,20,12,10.792,39.656
"99",2,185,1,192,25,15,8,1,8,15,19.1875,11.792
"100",2,185,1,192,21,15,8,1,28,10,-45.83,49.732
"101",2,185,1,192,3,15,8,1,20,14,17.698,42.748
"102",2,185,1,192,16,15,8,1,18,16,29.548,37.898
"103",2,185,1,192,26,15,8,1,16,15,29.4035,32.728
"104",2,185,1,192,1,15,8,1,2,18,-10.262,-13.558
"105",2,185,1,192,13,15,8,1,16,10,15.466,26.908
"106",2,185,1,192,15,15,8,1,12,16,30.904,21.008
"107",2,185,1,192,19,15,8,1,24,18,16.49,55.148
"108",2,185,1,192,20,15,8,1,0,20,-25.6,-29.72
"109",2,185,1,192,2,15,8,1,6,22,19.498,-20.0860000000001
"110",2,185,1,192,5,15,8,1,6,18,14.618,-1.46199999999996
"111",2,185,1,192,29,15,8,1,11,12,21.268,20.2115
"112",2,185,1,192,30,15,8,1,27,14,-19.2760000000001,60.7975
"113",2,185,1,192,6,15,8,1,10,16,26.908,15.466
"114",2,185,1,192,18,15,8,1,18,16,29.548,37.898
"115",2,185,1,192,12,15,8,1,28,20,2.12000000000002,67.272
"116",2,185,1,192,10,15,8,1,20,16,24.648,43.616
"117",2,185,1,192,4,15,8,1,22,14,9.91399999999992,47.85
"118",2,185,1,192,11,15,8,1,24,18,16.49,55.148
"119",2,185,1,192,17,15,8,1,22,18,25.1779999999999,48.682
"120",2,185,1,192,24,15,8,1,10,14,23.258,17.898
"121",2,186,1,193,2,14,7,2,28,22,11.842,64.1079999999999
"122",2,186,1,193,15,14,7,2,20,18,31.642,42.26
"123",2,186,1,193,12,14,7,2,18,20,42.26,31.642
"124",2,186,1,193,13,14,7,2,22,18,25.1779999999999,48.682
"125",2,186,1,193,1,14,7,2,18,15,26.3975,38.072
"126",2,186,1,193,5,14,7,2,20,22,45.762,32.8759999999999
"127",2,186,1,193,28,14,7,2,15,16,32.728,29.4035
"128",2,186,1,193,11,14,7,2,20,22,45.762,32.8759999999999
"129",2,186,1,193,6,14,7,2,20,20,38.68,38.68
"130",2,186,1,193,3,14,7,2,20,26,60.058,14.596
"131",2,186,1,193,8,14,7,2,20,18,31.642,42.26
"132",2,186,1,193,9,14,7,2,21,20,36.056,42.2155
"133",2,186,1,193,4,14,7,2,21,20,36.056,42.2155
"134",2,186,1,193,7,14,7,2,20,20,38.68,38.68
"135",2,186,1,193,16,14,7,2,14,18,37.69,23.258
"136",2,186,1,193,10,14,7,2,20,22,45.762,32.8759999999999
"137",2,186,1,193,22,14,7,2,14,16,32.676,26.594
"138",2,186,1,193,23,14,7,2,16,18,37.898,29.548
"139",2,186,1,193,14,14,7,2,16,20,43.616,24.648
"140",2,186,1,193,19,14,7,2,14,18,37.69,23.258
"141",2,186,1,193,26,14,7,2,14,16,32.676,26.594
"142",2,186,1,193,27,14,7,2,14,16,32.676,26.594
"143",2,186,1,193,21,14,7,2,16,18,37.898,29.548
"144",2,186,1,193,29,14,7,2,14,13,25.2375,27.428
"145",2,186,1,193,30,14,7,2,12,12,22.328,22.328
"146",2,186,1,193,25,14,7,2,16,16,32.224,32.224
"147",2,186,1,193,18,14,7,2,18,16,29.548,37.898
"148",2,186,1,193,17,14,7,2,16,18,37.898,29.548
"149",2,186,1,193,20,14,7,2,16,18,37.898,29.548
"150",2,186,1,193,24,14,7,2,16,18,37.898,29.548
"151",2,187,1,193,22,13,7,1,16,14,26.594,32.676
"152",2,187,1,193,27,13,7,1,16,14,26.594,32.676
"153",2,187,1,193,26,13,7,1,16,14,26.594,32.676
"154",2,187,1,193,14,13,7,1,20,16,24.648,43.616
"155",2,187,1,193,16,13,7,1,18,14,23.258,37.69
"156",2,187,1,193,21,13,7,1,18,16,29.548,37.898
"157",2,187,1,193,15,13,7,1,18,20,42.26,31.642
"158",2,187,1,193,2,13,7,1,22,28,64.1079999999999,11.842
"159",2,187,1,193,23,13,7,1,18,16,29.548,37.898
"160",2,187,1,193,25,13,7,1,16,16,32.224,32.224
"161",2,187,1,193,13,13,7,1,18,22,48.682,25.1779999999999
"162",2,187,1,193,12,13,7,1,20,18,31.642,42.26
"163",2,187,1,193,3,13,7,1,26,20,14.596,60.058
"164",2,187,1,193,17,13,7,1,18,16,29.548,37.898
"165",2,187,1,193,20,13,7,1,18,16,29.548,37.898
"166",2,187,1,193,1,13,7,1,15,18,38.072,26.3975
"167",2,187,1,193,7,13,7,1,20,20,38.68,38.68
"168",2,187,1,193,28,13,7,1,16,15,29.4035,32.728
"169",2,187,1,193,24,13,7,1,18,16,29.548,37.898
"170",2,187,1,193,11,13,7,1,22,20,32.8759999999999,45.762
"171",2,187,1,193,5,13,7,1,22,20,32.8759999999999,45.762
"172",2,187,1,193,30,13,7,1,12,12,22.328,22.328
"173",2,187,1,193,8,13,7,1,18,20,42.26,31.642
"174",2,187,1,193,18,13,7,1,16,18,37.898,29.548
"175",2,187,1,193,6,13,7,1,20,20,38.68,38.68
"176",2,187,1,193,19,13,7,1,18,14,23.258,37.69
"177",2,187,1,193,4,13,7,1,20,21,42.2155,36.056
"178",2,187,1,193,29,13,7,1,13,14,27.428,25.2375
"179",2,187,1,193,9,13,7,1,20,21,42.2155,36.056
"180",2,187,1,193,10,13,7,1,22,20,32.8759999999999,45.762
"181",2,188,1,194,23,12,6,2,22,12,2.34799999999993,44.098
"182",2,188,1,194,21,12,6,2,6,14,9.914,8.26600000000002
"183",2,188,1,194,16,12,6,2,6,14,9.914,8.26600000000002
"184",2,188,1,194,3,12,6,2,6,10,5.386,9.09799999999999
"185",2,188,1,194,22,12,6,2,4,12,-1.72,5.704
"186",2,188,1,194,14,12,6,2,18,12,17.012,35.258
"187",2,188,1,194,7,12,6,2,0,14,-26.782,-5.85199999999998
"188",2,188,1,194,26,12,6,2,12,12,22.328,22.328
"189",2,188,1,194,27,12,6,2,14,14,27.706,27.706
"190",2,188,1,194,15,12,6,2,10,14,23.258,17.898
"191",2,188,1,194,2,12,6,2,4,14,-0.0939999999999994,3.51600000000002
"192",2,188,1,194,5,12,6,2,22,14,9.91399999999992,47.85
"193",2,188,1,194,29,12,6,2,12,14,26.594,22.78
"194",2,188,1,194,25,12,6,2,4,14,-0.0939999999999994,3.51600000000002
"195",2,188,1,194,12,12,6,2,8,14,17.698,13.06
"196",2,188,1,194,6,12,6,2,10,14,23.258,17.898
"197",2,188,1,194,28,12,6,2,22,14,9.91399999999992,47.85
"198",2,188,1,194,20,12,6,2,22,14,9.91399999999992,47.85
"199",2,188,1,194,13,12,6,2,4,14,-0.0939999999999994,3.51600000000002
"200",2,188,1,194,1,12,6,2,2,24,-6.836,-48.79
"201",2,188,1,194,4,12,6,2,12,12,22.328,22.328
"202",2,188,1,194,30,12,6,2,14,12,22.78,26.594
"203",2,188,1,194,11,12,6,2,28,14,-26.782,63.42
"204",2,188,1,194,18,12,6,2,18,10,10.81,30.602
"205",2,188,1,194,9,12,6,2,8,14,17.698,13.06
"206",2,188,1,194,17,12,6,2,2,12,-13.292,1.658
"207",2,188,1,194,24,12,6,2,6,14,9.914,8.26600000000002
"208",2,188,1,194,10,12,6,2,20,14,17.698,42.748
"209",2,188,1,194,19,12,6,2,24,12,-8.32000000000004,48.584
"210",2,188,1,194,8,12,6,2,26,14,-12.326,58.186
"211",2,189,1,194,15,11,6,1,14,10,17.898,23.258
"212",2,189,1,194,16,11,6,1,14,6,8.26600000000002,9.914
"213",2,189,1,194,21,11,6,1,14,6,8.26600000000002,9.914
"214",2,189,1,194,11,11,6,1,14,28,63.42,-26.782
"215",2,189,1,194,23,11,6,1,12,22,44.098,2.34799999999993
"216",2,189,1,194,3,11,6,1,10,6,9.09799999999999,5.386
"217",2,189,1,194,20,11,6,1,14,22,47.85,9.91399999999992
"218",2,189,1,194,27,11,6,1,14,14,27.706,27.706
"219",2,189,1,194,12,11,6,1,14,8,13.06,17.698
"220",2,189,1,194,7,11,6,1,14,0,-5.85199999999998,-26.782
"221",2,189,1,194,26,11,6,1,12,12,22.328,22.328
"222",2,189,1,194,19,11,6,1,12,24,48.584,-8.32000000000004
"223",2,189,1,194,22,11,6,1,12,4,5.704,-1.72
"224",2,189,1,194,14,11,6,1,12,18,35.258,17.012
"225",2,189,1,194,2,11,6,1,14,4,3.51600000000002,-0.0939999999999994
"226",2,189,1,194,29,11,6,1,14,12,22.78,26.594
"227",2,189,1,194,5,11,6,1,14,22,47.85,9.91399999999992
"228",2,189,1,194,6,11,6,1,14,10,17.898,23.258
"229",2,189,1,194,13,11,6,1,14,4,3.51600000000002,-0.0939999999999994
"230",2,189,1,194,28,11,6,1,14,22,47.85,9.91399999999992
"231",2,189,1,194,30,11,6,1,12,14,26.594,22.78
"232",2,189,1,194,25,11,6,1,14,4,3.51600000000002,-0.0939999999999994
"233",2,189,1,194,18,11,6,1,10,18,30.602,10.81
"234",2,189,1,194,1,11,6,1,24,2,-48.79,-6.836
"235",2,189,1,194,10,11,6,1,14,20,42.748,17.698
"236",2,189,1,194,24,11,6,1,14,6,8.26600000000002,9.914
"237",2,189,1,194,9,11,6,1,14,8,13.06,17.698
"238",2,189,1,194,17,11,6,1,12,2,1.658,-13.292
"239",2,189,1,194,4,11,6,1,12,12,22.328,22.328
"240",2,189,1,194,8,11,6,1,14,26,58.186,-12.326
"241",2,190,1,195,7,10,5,2,12,12,22.328,22.328
"242",2,190,1,195,1,10,5,2,8,12,14.752,13.928
"243",2,190,1,195,8,10,5,2,14,14,27.706,27.706
"244",2,190,1,195,2,10,5,2,10,10,16.09,16.09
"245",2,190,1,195,9,10,5,2,16,16,32.224,32.224
"246",2,190,1,195,6,10,5,2,10,18,30.602,10.81
"247",2,190,1,195,4,10,5,2,16,8,9.96800000000001,20.688
"248",2,190,1,195,23,10,5,2,18,18,35.882,35.882
"249",2,190,1,195,5,10,5,2,18,12,17.012,35.258
"250",2,190,1,195,26,10,5,2,24,24,41.696,41.696
"251",2,190,1,195,20,10,5,2,12,12,22.328,22.328
"252",2,190,1,195,21,10,5,2,14,14,27.706,27.706
"253",2,190,1,195,15,10,5,2,18,20,42.26,31.642
"254",2,190,1,195,28,10,5,2,20,24,52.888,24.848
"255",2,190,1,195,27,10,5,2,24,24,41.696,41.696
"256",2,190,1,195,22,10,5,2,16,16,32.224,32.224
"257",2,190,1,195,25,10,5,2,22,22,40.6179999999999,40.6179999999999
"258",2,190,1,195,3,10,5,2,10,16,26.908,15.466
"259",2,190,1,195,29,10,5,2,12,12,22.328,22.328
"260",2,190,1,195,14,10,5,2,26,24,32.764,50.186
"261",2,190,1,195,24,10,5,2,20,20,38.68,38.68
"262",2,190,1,195,16,10,5,2,10,18,30.602,10.81
"263",2,190,1,195,10,10,5,2,18,18,35.882,35.882
"264",2,190,1,195,30,10,5,2,8,12,14.752,13.928
"265",2,190,1,195,13,10,5,2,24,24,41.696,41.696
"266",2,190,1,195,18,10,5,2,14,16,32.676,26.594
"267",2,190,1,195,12,10,5,2,22,22,40.6179999999999,40.6179999999999
"268",2,190,1,195,19,10,5,2,18,14,23.258,37.69
"269",2,190,1,195,11,10,5,2,20,20,38.68,38.68
"270",2,190,1,195,17,10,5,2,12,12,22.328,22.328
"271",2,191,1,195,14,9,5,1,24,26,50.186,32.764
"272",2,191,1,195,20,9,5,1,12,12,22.328,22.328
"273",2,191,1,195,12,9,5,1,22,22,40.6179999999999,40.6179999999999
"274",2,191,1,195,19,9,5,1,14,18,37.69,23.258
"275",2,191,1,195,13,9,5,1,24,24,41.696,41.696
"276",2,191,1,195,18,9,5,1,16,14,26.594,32.676
"277",2,191,1,195,1,9,5,1,12,8,13.928,14.752
"278",2,191,1,195,21,9,5,1,14,14,27.706,27.706
"279",2,191,1,195,15,9,5,1,20,18,31.642,42.26
"280",2,191,1,195,7,9,5,1,12,12,22.328,22.328
"281",2,191,1,195,17,9,5,1,12,12,22.328,22.328
"282",2,191,1,195,2,9,5,1,10,10,16.09,16.09
"283",2,191,1,195,28,9,5,1,24,20,24.848,52.888
"284",2,191,1,195,6,9,5,1,18,10,10.81,30.602
"285",2,191,1,195,9,9,5,1,16,16,32.224,32.224
"286",2,191,1,195,4,9,5,1,8,16,20.688,9.96800000000001
"287",2,191,1,195,3,9,5,1,16,10,15.466,26.908
"288",2,191,1,195,16,9,5,1,18,10,10.81,30.602
"289",2,191,1,195,10,9,5,1,18,18,35.882,35.882
"290",2,191,1,195,11,9,5,1,20,20,38.68,38.68
"291",2,191,1,195,5,9,5,1,12,18,35.258,17.012
"292",2,191,1,195,26,9,5,1,24,24,41.696,41.696
"293",2,191,1,195,8,9,5,1,14,14,27.706,27.706
"294",2,191,1,195,27,9,5,1,24,24,41.696,41.696
"295",2,191,1,195,25,9,5,1,22,22,40.6179999999999,40.6179999999999
"296",2,191,1,195,22,9,5,1,16,16,32.224,32.224
"297",2,191,1,195,29,9,5,1,12,12,22.328,22.328
"298",2,191,1,195,23,9,5,1,18,18,35.882,35.882
"299",2,191,1,195,30,9,5,1,12,8,13.928,14.752
"300",2,191,1,195,24,9,5,1,20,20,38.68,38.68
"301",2,192,1,196,23,8,4,2,12,16,30.904,21.008
"302",2,192,1,196,27,8,4,2,14,16,32.676,26.594
"303",2,192,1,196,14,8,4,2,16,14.8,28.84072,32.76208
"304",2,192,1,196,22,8,4,2,14,14,27.706,27.706
"305",2,192,1,196,7,8,4,2,18,18,35.882,35.882
"306",2,192,1,196,21,8,4,2,16,16,32.224,32.224
"307",2,192,1,196,30,8,4,2,14,11.6,21.80008,26.10472
"308",2,192,1,196,13,8,4,2,16,14,26.594,32.676
"309",2,192,1,196,6,8,4,2,22,18,25.1779999999999,48.682
"310",2,192,1,196,1,8,4,2,28,15,-21.9925,65.452
"311",2,192,1,196,3,8,4,2,10,18,30.602,10.81
"312",2,192,1,196,18,8,4,2,15,14,27.428,30.1855
"313",2,192,1,196,25,8,4,2,12,10,18.106,19.652
"314",2,192,1,196,26,8,4,2,13,13,25.1245,25.1245
"315",2,192,1,196,2,8,4,2,18,8,4.65200000000004,23.722
"316",2,192,1,196,29,8,4,2,13,28,60.832,-31.5605
"317",2,192,1,196,17,8,4,2,14,18,37.69,23.258
"318",2,192,1,196,9,8,4,2,18,14,23.258,37.69
"319",2,192,1,196,12,8,4,2,2,12,-13.292,1.658
"320",2,192,1,196,5,8,4,2,18,18,35.882,35.882
"321",2,192,1,196,24,8,4,2,13,18,36.752,20.1295
"322",2,192,1,196,19,8,4,2,15,16,32.728,29.4035
"323",2,192,1,196,4,8,4,2,18,28,68.212,-7.55799999999998
"324",2,192,1,196,11,8,4,2,18,12,17.012,35.258
"325",2,192,1,196,28,8,4,2,11,14,25.204,20.3335
"326",2,192,1,196,8,8,4,2,16,28,66.928,-17.192
"327",2,192,1,196,20,8,4,2,16,10,15.466,26.908
"328",2,192,1,196,10,8,4,2,16,10,15.466,26.908
"329",2,192,1,196,15,8,4,2,14,14,27.706,27.706
"330",2,192,1,196,16,8,4,2,15,28,65.452,-21.9925
"331",2,193,1,196,23,7,4,1,16,12,21.008,30.904
"332",2,193,1,196,12,7,4,1,12,2,1.658,-13.292
"333",2,193,1,196,21,7,4,1,16,16,32.224,32.224
"334",2,193,1,196,7,7,4,1,18,18,35.882,35.882
"335",2,193,1,196,14,7,4,1,14.8,16,32.76208,28.84072
"336",2,193,1,196,22,7,4,1,14,14,27.706,27.706
"337",2,193,1,196,13,7,4,1,14,16,32.676,26.594
"338",2,193,1,196,20,7,4,1,10,16,26.908,15.466
"339",2,193,1,196,1,7,4,1,15,28,65.452,-21.9925
"340",2,193,1,196,27,7,4,1,16,14,26.594,32.676
"341",2,193,1,196,30,7,4,1,11.6,14,26.10472,21.80008
"342",2,193,1,196,18,7,4,1,14,15,30.1855,27.428
"343",2,193,1,196,11,7,4,1,12,18,35.258,17.012
"344",2,193,1,196,3,7,4,1,18,10,10.81,30.602
"345",2,193,1,196,25,7,4,1,10,12,19.652,18.106
"346",2,193,1,196,19,7,4,1,16,15,29.4035,32.728
"347",2,193,1,196,6,7,4,1,18,22,48.682,25.1779999999999
"348",2,193,1,196,2,7,4,1,8,18,23.722,4.65200000000004
"349",2,193,1,196,26,7,4,1,13,13,25.1245,25.1245
"350",2,193,1,196,29,7,4,1,28,13,-31.5605,60.832
"351",2,193,1,196,16,7,4,1,28,15,-21.9925,65.452
"352",2,193,1,196,4,7,4,1,28,18,-7.55799999999998,68.212
"353",2,193,1,196,5,7,4,1,18,18,35.882,35.882
"354",2,193,1,196,24,7,4,1,18,13,20.1295,36.752
"355",2,193,1,196,17,7,4,1,18,14,23.258,37.69
"356",2,193,1,196,9,7,4,1,14,18,37.69,23.258
"357",2,193,1,196,28,7,4,1,14,11,20.3335,25.204
"358",2,193,1,196,15,7,4,1,14,14,27.706,27.706
"359",2,193,1,196,10,7,4,1,10,16,26.908,15.466
"360",2,193,1,196,8,7,4,1,28,16,-17.192,66.928
"361",2,194,1,197,21,6,3,2,14,18,37.69,23.258
"362",2,194,1,197,22,6,3,2,16,18,37.898,29.548
"363",2,194,1,197,2,6,3,2,28,18,-7.55799999999998,68.212
"364",2,194,1,197,27,6,3,2,6,14,9.914,8.26600000000002
"365",2,194,1,197,12,6,3,2,16,14,26.594,32.676
"366",2,194,1,197,25,6,3,2,8,16,20.688,9.96800000000001
"367",2,194,1,197,13,6,3,2,26,18,5.57799999999996,61.658
"368",2,194,1,197,23,6,3,2,16,16,32.224,32.224
"369",2,194,1,197,1,6,3,2,18,18,35.882,35.882
"370",2,194,1,197,26,6,3,2,12,12,22.328,22.328
"371",2,194,1,197,20,6,3,2,12,22,44.098,2.34799999999993
"372",2,194,1,197,7,6,3,2,16,18,37.898,29.548
"373",2,194,1,197,3,6,3,2,18,12,17.012,35.258
"374",2,194,1,197,24,6,3,2,6,18,14.618,-1.46199999999996
"375",2,194,1,197,30,6,3,2,18,18,35.882,35.882
"376",2,194,1,197,11,6,3,2,28,18,-7.55799999999998,68.212
"377",2,194,1,197,14,6,3,2,18,18,35.882,35.882
"378",2,194,1,197,28,6,3,2,10,12,19.652,18.106
"379",2,194,1,197,19,6,3,2,12,18,35.258,17.012
"380",2,194,1,197,18,6,3,2,8,12,14.752,13.928
"381",2,194,1,197,6,6,3,2,22,28,64.1079999999999,11.842
"382",2,194,1,197,8,6,3,2,20,12,10.792,39.656
"383",2,194,1,197,29,6,3,2,8,14,17.698,13.06
"384",2,194,1,197,16,6,3,2,6,18,14.618,-1.46199999999996
"385",2,194,1,197,10,6,3,2,18,28,68.212,-7.55799999999998
"386",2,194,1,197,15,6,3,2,28,18,-7.55799999999998,68.212
"387",2,194,1,197,17,6,3,2,6,18,14.618,-1.46199999999996
"388",2,194,1,197,5,6,3,2,22,18,25.1779999999999,48.682
"389",2,194,1,197,4,6,3,2,12,18,35.258,17.012
"390",2,194,1,197,9,6,3,2,18,18,35.882,35.882
"391",2,195,1,197,7,5,3,1,18,16,29.548,37.898
"392",2,195,1,197,11,5,3,1,18,28,68.212,-7.55799999999998
"393",2,195,1,197,14,5,3,1,18,18,35.882,35.882
"394",2,195,1,197,13,5,3,1,18,26,61.658,5.57799999999996
"395",2,195,1,197,6,5,3,1,28,22,11.842,64.1079999999999
"396",2,195,1,197,1,5,3,1,18,18,35.882,35.882
"397",2,195,1,197,2,5,3,1,18,28,68.212,-7.55799999999998
"398",2,195,1,197,10,5,3,1,28,18,-7.55799999999998,68.212
"399",2,195,1,197,4,5,3,1,18,12,17.012,35.258
"400",2,195,1,197,5,5,3,1,18,22,48.682,25.1779999999999
"401",2,195,1,197,12,5,3,1,14,16,32.676,26.594
"402",2,195,1,197,17,5,3,1,18,6,-1.46199999999996,14.618
"403",2,195,1,197,8,5,3,1,12,20,39.656,10.792
"404",2,195,1,197,9,5,3,1,18,18,35.882,35.882
"405",2,195,1,197,21,5,3,1,18,14,23.258,37.69
"406",2,195,1,197,15,5,3,1,18,28,68.212,-7.55799999999998
"407",2,195,1,197,24,5,3,1,18,6,-1.46199999999996,14.618
"408",2,195,1,197,27,5,3,1,14,6,8.26600000000002,9.914
"409",2,195,1,197,22,5,3,1,18,16,29.548,37.898
"410",2,195,1,197,23,5,3,1,16,16,32.224,32.224
"411",2,195,1,197,28,5,3,1,12,10,18.106,19.652
"412",2,195,1,197,25,5,3,1,16,8,9.96800000000001,20.688
"413",2,195,1,197,20,5,3,1,22,12,2.34799999999993,44.098
"414",2,195,1,197,3,5,3,1,12,18,35.258,17.012
"415",2,195,1,197,26,5,3,1,12,12,22.328,22.328
"416",2,195,1,197,30,5,3,1,18,18,35.882,35.882
"417",2,195,1,197,18,5,3,1,12,8,13.928,14.752
"418",2,195,1,197,19,5,3,1,18,12,17.012,35.258
"419",2,195,1,197,16,5,3,1,18,6,-1.46199999999996,14.618
"420",2,195,1,197,29,5,3,1,14,8,13.06,17.698
"421",2,196,1,198,7,4,2,2,2,22,-8.022,-34.8220000000001
"422",2,196,1,198,14,4,2,2,16,20.2,44.19022,24.03568
"423",2,196,1,198,20,4,2,2,16,14.6,28.27838,32.77392
"424",2,196,1,198,27,4,2,2,14.5,19.3,41.340445,21.572605
"425",2,196,1,198,21,4,2,2,14.6,16.6,34.3329,27.5705
"426",2,196,1,198,19,4,2,2,17,20,43.216,28.1395
"427",2,196,1,198,13,4,2,2,20.7,24,51.57158,27.7836949999999
"428",2,196,1,198,25,4,2,2,15.6,12.5,22.899695,30.65698
"429",2,196,1,198,1,4,2,2,2,0,-18.164,-27.958
"430",2,196,1,198,2,4,2,2,0,28,-23.408,-92.68
"431",2,196,1,198,26,4,2,2,23.8,12.5,-5.11724500000005,49.42842
"432",2,196,1,198,29,4,2,2,18.9,19,37.58122,37.053155
"433",2,196,1,198,11,4,2,2,24,0.8,-53.57248,-17.22272
"434",2,196,1,198,12,4,2,2,24.6,28,56.66992,24.54638
"435",2,196,1,198,16,4,2,2,19,0,-24.352,-25.8245
"436",2,196,1,198,18,4,2,2,18,14,23.258,37.69
"437",2,196,1,198,30,4,2,2,19,20,40.748,35.1555
"438",2,196,1,198,5,4,2,2,28,28,41.272,41.272
"439",2,196,1,198,15,4,2,2,14.5,0,-7.0765,-26.698625
"440",2,196,1,198,28,4,2,2,17,12.9,21.944755,34.29662
"441",2,196,1,198,10,4,2,2,16,10,15.466,26.908
"442",2,196,1,198,6,4,2,2,28,24,21.608,58.72
"443",2,196,1,198,9,4,2,2,28,20,2.12000000000002,67.272
"444",2,196,1,198,17,4,2,2,13.5,28,62.1955,-29.172625
"445",2,196,1,198,23,4,2,2,28,8.1,-54.816145,40.11382
"446",2,196,1,198,4,4,2,2,26,0,-73.604,-24.022
"447",2,196,1,198,3,4,2,2,0,24,-24.592,-56.752
"448",2,196,1,198,24,4,2,2,18.2,20.2,42.6489,31.8041
"449",2,196,1,198,8,4,2,2,28,28,41.272,41.272
"450",2,196,1,198,22,4,2,2,28,24.2,22.58702,58.05888
"451",2,197,1,198,1,3,2,1,0,2,-27.958,-18.164
"452",2,197,1,198,7,3,2,1,22,2,-34.8220000000001,-8.022
"453",2,197,1,198,11,3,2,1,0.8,24,-17.22272,-53.57248
"454",2,197,1,198,20,3,2,1,14.6,16,32.77392,28.27838
"455",2,197,1,198,21,3,2,1,16.6,14.6,27.5705,34.3329
"456",2,197,1,198,27,3,2,1,19.3,14.5,21.572605,41.340445
"457",2,197,1,198,30,3,2,1,20,19,35.1555,40.748
"458",2,197,1,198,2,3,2,1,28,0,-92.68,-23.408
"459",2,197,1,198,14,3,2,1,20.2,16,24.03568,44.19022
"460",2,197,1,198,25,3,2,1,12.5,15.6,30.65698,22.899695
"461",2,197,1,198,10,3,2,1,10,16,26.908,15.466
"462",2,197,1,198,5,3,2,1,28,28,41.272,41.272
"463",2,197,1,198,19,3,2,1,20,17,28.1395,43.216
"464",2,197,1,198,26,3,2,1,12.5,23.8,49.42842,-5.11724500000005
"465",2,197,1,198,29,3,2,1,19,18.9,37.053155,37.58122
"466",2,197,1,198,6,3,2,1,24,28,58.72,21.608
"467",2,197,1,198,12,3,2,1,28,24.6,24.54638,56.66992
"468",2,197,1,198,13,3,2,1,24,20.7,27.7836949999999,51.57158
"469",2,197,1,198,18,3,2,1,14,18,37.69,23.258
"470",2,197,1,198,4,3,2,1,0,26,-24.022,-73.604
"471",2,197,1,198,9,3,2,1,20,28,67.272,2.12000000000002
"472",2,197,1,198,3,3,2,1,24,0,-56.752,-24.592
"473",2,197,1,198,16,3,2,1,0,19,-25.8245,-24.352
"474",2,197,1,198,23,3,2,1,8.1,28,40.11382,-54.816145
"475",2,197,1,198,8,3,2,1,28,28,41.272,41.272
"476",2,197,1,198,17,3,2,1,28,13.5,-29.172625,62.1955
"477",2,197,1,198,24,3,2,1,20.2,18.2,31.8041,42.6489
"478",2,197,1,198,22,3,2,1,24.2,28,58.05888,22.58702
"479",2,197,1,198,15,3,2,1,0,14.5,-26.698625,-7.0765
"480",2,197,1,198,28,3,2,1,12.9,17,34.29662,21.944755
"481",2,198,1,199,11,2,1,2,12,10,18.106,19.652
"482",2,198,1,199,21,2,1,2,16,14,26.594,32.676
"483",2,198,1,199,20,2,1,2,16,16,32.224,32.224
"484",2,198,1,199,25,2,1,2,15,9.9,16.700555,24.83582
"485",2,198,1,199,5,2,1,2,10,20,34.34,3.93000000000003
"486",2,198,1,199,12,2,1,2,18,14,23.258,37.69
"487",2,198,1,199,19,2,1,2,16,16.8,34.48832,31.42048
"488",2,198,1,199,14,2,1,2,11,13.5,24.215875,20.5115
"489",2,198,1,199,27,2,1,2,13,12.5,23.976875,24.8595
"490",2,198,1,199,7,2,1,2,14,20,42.748,17.698
"491",2,198,1,199,1,2,1,2,20,0,-29.72,-25.6
"492",2,198,1,199,13,2,1,2,13,14,27.428,25.2375
"493",2,198,1,199,10,2,1,2,13,6,9.308,8.7655
"494",2,198,1,199,30,2,1,2,10,10,16.09,16.09
"495",2,198,1,199,6,2,1,2,7,14,14.084,10.6575
"496",2,198,1,199,2,2,1,2,14,28,63.42,-26.782
"497",2,198,1,199,26,2,1,2,14,10,17.898,23.258
"498",2,198,1,199,4,2,1,2,16,14,26.594,32.676
"499",2,198,1,199,23,2,1,2,13,15.8,31.60202,24.03978
"500",2,198,1,199,9,2,1,2,12,7,11.8555,11.468
"501",2,198,1,199,16,2,1,2,19,15,24.0605,40.7605
"502",2,198,1,199,29,2,1,2,11,12,21.268,20.2115
"503",2,198,1,199,18,2,1,2,16,14.5,27.997375,32.7715
"504",2,198,1,199,8,2,1,2,13,28,60.832,-31.5605
"505",2,198,1,199,15,2,1,2,13.9,11.9,22.566725,26.267325
"506",2,198,1,199,28,2,1,2,12,9,16.0115,17.48
"507",2,198,1,199,22,2,1,2,16,12,21.008,30.904
"508",2,198,1,199,24,2,1,2,15.7,8,10.57358,20.236695
"509",2,198,1,199,3,2,1,2,10,16,26.908,15.466
"510",2,198,1,199,17,2,1,2,16,15.5,30.812375,32.5455
"511",2,199,1,199,1,1,1,1,0,20,-25.6,-29.72
"512",2,199,1,199,28,1,1,1,9,12,17.48,16.0115
"513",2,199,1,199,19,1,1,1,16.8,16,31.42048,34.48832
"514",2,199,1,199,25,1,1,1,9.9,15,24.83582,16.700555
"515",2,199,1,199,7,1,1,1,20,14,17.698,42.748
"516",2,199,1,199,8,1,1,1,28,13,-31.5605,60.832
"517",2,199,1,199,17,1,1,1,15.5,16,32.5455,30.812375
"518",2,199,1,199,20,1,1,1,16,16,32.224,32.224
"519",2,199,1,199,21,1,1,1,14,16,32.676,26.594
"520",2,199,1,199,27,1,1,1,12.5,13,24.8595,23.976875
"521",2,199,1,199,15,1,1,1,11.9,13.9,26.267325,22.566725
"522",2,199,1,199,18,1,1,1,14.5,16,32.7715,27.997375
"523",2,199,1,199,14,1,1,1,13.5,11,20.5115,24.215875
"524",2,199,1,199,26,1,1,1,10,14,23.258,17.898
"525",2,199,1,199,22,1,1,1,12,16,30.904,21.008
"526",2,199,1,199,13,1,1,1,14,13,25.2375,27.428
"527",2,199,1,199,30,1,1,1,10,10,16.09,16.09
"528",2,199,1,199,24,1,1,1,8,15.7,20.236695,10.57358
"529",2,199,1,199,2,1,1,1,28,14,-26.782,63.42
"530",2,199,1,199,29,1,1,1,12,11,20.2115,21.268
"531",2,199,1,199,16,1,1,1,15,19,40.7605,24.0605
"532",2,199,1,199,10,1,1,1,6,13,8.7655,9.308
"533",2,199,1,199,12,1,1,1,14,18,37.69,23.258
"534",2,199,1,199,9,1,1,1,7,12,11.468,11.8555
"535",2,199,1,199,23,1,1,1,15.8,13,24.03978,31.60202
"536",2,199,1,199,11,1,1,1,10,12,19.652,18.106
"537",2,199,1,199,6,1,1,1,14,7,10.6575,14.084
"538",2,199,1,199,3,1,1,1,16,10,15.466,26.908
"539",2,199,1,199,4,1,1,1,14,16,32.676,26.594
"540",2,199,1,199,5,1,1,1,20,10,3.93000000000003,34.34
"541",5,484,0,492,8,16,8,2,6,26,60.1006398379504,2.25742208482978
"542",5,484,0,492,23,16,8,2,20,10,16.3958555212075,43.2266599594876
"543",5,484,0,492,15,16,8,2,0,18,24.6594551064652,-1.05530494901324
"544",5,484,0,492,1,16,8,2,2,28,63.1865480945135,-6.5735434450149
"545",5,484,0,492,10,16,8,2,24,10,11.9397758506928,55.3571544914695
"546",5,484,0,492,9,16,8,2,6,10,11.3892359125194,6.5111665643918
"547",5,484,0,492,5,16,8,2,26,0,-6.08545190548649,52.8024565549851
"548",5,484,0,492,24,16,8,2,18,12,21.9292114550411,38.0276941180092
"549",5,484,0,492,17,16,8,2,20,6,8.75802827787728,40.466902064285
"550",5,484,0,492,16,16,8,2,2,10,4.07223075132588,-2.33862084368105
"551",5,484,0,492,28,16,8,2,18,8,13.5386599594876,36.1878555212074
"552",5,484,0,492,2,16,8,2,16,2,2.13628070506175,22.1366496371006
"553",5,484,0,492,13,16,8,2,10,16,31.8252114550411,18.2356941180092
"554",5,484,0,492,6,16,8,2,18,4,5.87715449146952,31.7317758506928
"555",5,484,0,492,3,16,8,2,18,6,9.61677647203666,34.2868458201642
"556",5,484,0,492,25,16,8,2,16,4,5.88774179797285,25.539880494228
"557",5,484,0,492,20,16,8,2,18,12,21.9292114550411,38.0276941180092
"558",5,484,0,492,4,16,8,2,28,2,-6.5735434450149,63.1865480945135
"559",5,484,0,492,26,16,8,2,16,6,9.82146439776778,28.2890510829273
"560",5,484,0,492,21,16,8,2,18,6,9.61677647203666,34.2868458201642
"561",5,484,0,492,11,16,8,2,14,10,18.1745230137677,26.3978794631435
"562",5,484,0,492,27,16,8,2,26,10,8.73064561279314,61.6957940177862
"563",5,484,0,492,22,16,8,2,18,8,13.5386599594876,36.1878555212074
"564",5,484,0,492,12,16,8,2,2,10,4.07223075132588,-2.33862084368105
"565",5,484,0,492,18,16,8,2,18,24,51.4751421069135,27.8497634661367
"566",5,484,0,492,7,16,8,2,6,2,-8.59218988498406,-7.05940763810473
"567",5,484,0,492,29,16,8,2,8,2,-5.13837523011844,-1.58471919683134
"568",5,484,0,492,19,16,8,2,18,10,17.6428049538224,37.4348049538224
"569",5,484,0,492,14,16,8,2,14,12,22.8491307534419,27.3789698657859
"570",5,484,0,492,30,16,8,2,16,10,18.2356941180092,31.8252114550411
"571",5,485,0,492,11,15,8,1,10,14,26.3978794631435,18.1745230137677
"572",5,485,0,492,10,15,8,1,10,24,55.3571544914695,11.9397758506928
"573",5,485,0,492,18,15,8,1,24,18,27.8497634661367,51.4751421069135
"574",5,485,0,492,23,15,8,1,10,20,43.2266599594876,16.3958555212075
"575",5,485,0,492,8,15,8,1,26,6,2.25742208482978,60.1006398379504
"576",5,485,0,492,19,15,8,1,10,18,37.4348049538224,17.6428049538224
"577",5,485,0,492,12,15,8,1,10,2,-2.33862084368105,4.07223075132588
"578",5,485,0,492,9,15,8,1,10,6,6.5111665643918,11.3892359125194
"579",5,485,0,492,21,15,8,1,6,18,34.2868458201642,9.61677647203666
"580",5,485,0,492,20,15,8,1,12,18,38.0276941180092,21.9292114550411
"581",5,485,0,492,24,15,8,1,12,18,38.0276941180092,21.9292114550411
"582",5,485,0,492,1,15,8,1,28,2,-6.5735434450149,63.1865480945135
"583",5,485,0,492,6,15,8,1,4,18,31.7317758506928,5.87715449146952
"584",5,485,0,492,28,15,8,1,8,18,36.1878555212074,13.5386599594876
"585",5,485,0,492,13,15,8,1,16,10,18.2356941180092,31.8252114550411
"586",5,485,0,492,7,15,8,1,2,6,-7.05940763810473,-8.59218988498406
"587",5,485,0,492,29,15,8,1,2,8,-1.58471919683134,-5.13837523011844
"588",5,485,0,492,15,15,8,1,18,0,-1.05530494901324,24.6594551064652
"589",5,485,0,492,25,15,8,1,4,16,25.539880494228,5.88774179797285
"590",5,485,0,492,30,15,8,1,10,16,31.8252114550411,18.2356941180092
"591",5,485,0,492,16,15,8,1,10,2,-2.33862084368105,4.07223075132588
"592",5,485,0,492,26,15,8,1,6,16,28.2890510829273,9.82146439776778
"593",5,485,0,492,5,15,8,1,0,26,52.8024565549851,-6.08545190548649
"594",5,485,0,492,17,15,8,1,6,20,40.466902064285,8.75802827787728
"595",5,485,0,492,22,15,8,1,8,18,36.1878555212074,13.5386599594876
"596",5,485,0,492,4,15,8,1,2,28,63.1865480945135,-6.5735434450149
"597",5,485,0,492,14,15,8,1,12,14,27.3789698657859,22.8491307534419
"598",5,485,0,492,2,15,8,1,2,16,22.1366496371006,2.13628070506175
"599",5,485,0,492,27,15,8,1,10,26,61.6957940177862,8.73064561279314
"600",5,485,0,492,3,15,8,1,6,18,34.2868458201642,9.61677647203666
"601",5,486,0,493,9,14,7,2,20,2,1.84924706208246,35.0909030953695
"602",5,486,0,493,10,14,7,2,18,2,2.31979401778622,28.5226456127931
"603",5,486,0,493,11,14,7,2,28,2,-6.5735434450149,63.1865480945135
"604",5,486,0,493,13,14,7,2,28,2,-6.5735434450149,63.1865480945135
"605",5,486,0,493,2,14,7,2,10,2,-2.33862084368105,4.07223075132588
"606",5,486,0,493,14,14,7,2,14,2,1.29870712390905,15.9329151682918
"607",5,486,0,493,3,14,7,2,28,2,-6.5735434450149,63.1865480945135
"608",5,486,0,493,18,14,7,2,2,2,-17.462,-17.462
"609",5,486,0,493,4,14,7,2,18,2,2.31979401778622,28.5226456127931
"610",5,486,0,493,30,14,7,2,2,2,-17.462,-17.462
"611",5,486,0,493,29,14,7,2,2,2,-17.462,-17.462
"612",5,486,0,493,28,14,7,2,2,2,-17.462,-17.462
"613",5,486,0,493,12,14,7,2,0,2,-22.8779954601503,-22.3899039206219
"614",5,486,0,493,8,14,7,2,28,2,-6.5735434450149,63.1865480945135
"615",5,486,0,493,6,14,7,2,10,2,-2.33862084368105,4.07223075132588
"616",5,486,0,493,5,14,7,2,10,4,1.99514210691346,8.05776346613676
"617",5,486,0,493,15,14,7,2,0.2,2,-22.306963202056,-21.9053152963695
"618",5,486,0,493,7,14,7,2,0,2,-22.8779954601503,-22.3899039206219
"619",5,486,0,493,19,14,7,2,2,2,-17.462,-17.462
"620",5,486,0,493,23,14,7,2,18,2,2.31979401778622,28.5226456127931
"621",5,486,0,493,21,14,7,2,2,2,-17.462,-17.462
"622",5,486,0,493,20,14,7,2,2,28,63.1865480945135,-6.5735434450149
"623",5,486,0,493,1,14,7,2,10,2,-2.33862084368105,4.07223075132588
"624",5,486,0,493,22,14,7,2,2,2,-17.462,-17.462
"625",5,486,0,493,16,14,7,2,2,2,-17.462,-17.462
"626",5,486,0,493,26,14,7,2,28,2,-6.5735434450149,63.1865480945135
"627",5,486,0,493,25,14,7,2,2,2,-17.462,-17.462
"628",5,486,0,493,24,14,7,2,10,2,-2.33862084368105,4.07223075132588
"629",5,486,0,493,27,14,7,2,2,2,-17.462,-17.462
"630",5,486,0,493,17,14,7,2,10,2,-2.33862084368105,4.07223075132588
"631",5,487,0,493,10,13,7,1,2,18,28.5226456127931,2.31979401778622
"632",5,487,0,493,1,13,7,1,2,10,4.07223075132588,-2.33862084368105
"633",5,487,0,493,9,13,7,1,2,20,35.0909030953695,1.84924706208246
"634",5,487,0,493,13,13,7,1,2,28,63.1865480945135,-6.5735434450149
"635",5,487,0,493,7,13,7,1,2,0,-22.3899039206219,-22.8779954601503
"636",5,487,0,493,18,13,7,1,2,2,-17.462,-17.462
"637",5,487,0,493,14,13,7,1,2,14,15.9329151682918,1.29870712390905
"638",5,487,0,493,8,13,7,1,2,28,63.1865480945135,-6.5735434450149
"639",5,487,0,493,19,13,7,1,2,2,-17.462,-17.462
"640",5,487,0,493,4,13,7,1,2,18,28.5226456127931,2.31979401778622
"641",5,487,0,493,3,13,7,1,2,28,63.1865480945135,-6.5735434450149
"642",5,487,0,493,5,13,7,1,4,10,8.05776346613676,1.99514210691346
"643",5,487,0,493,11,13,7,1,2,28,63.1865480945135,-6.5735434450149
"644",5,487,0,493,16,13,7,1,2,2,-17.462,-17.462
"645",5,487,0,493,15,13,7,1,2,0.2,-21.9053152963695,-22.306963202056
"646",5,487,0,493,28,13,7,1,2,2,-17.462,-17.462
"647",5,487,0,493,2,13,7,1,2,10,4.07223075132588,-2.33862084368105
"648",5,487,0,493,22,13,7,1,2,2,-17.462,-17.462
"649",5,487,0,493,23,13,7,1,2,18,28.5226456127931,2.31979401778622
"650",5,487,0,493,6,13,7,1,2,10,4.07223075132588,-2.33862084368105
"651",5,487,0,493,20,13,7,1,28,2,-6.5735434450149,63.1865480945135
"652",5,487,0,493,24,13,7,1,2,10,4.07223075132588,-2.33862084368105
"653",5,487,0,493,29,13,7,1,2,2,-17.462,-17.462
"654",5,487,0,493,12,13,7,1,2,0,-22.3899039206219,-22.8779954601503
"655",5,487,0,493,30,13,7,1,2,2,-17.462,-17.462
"656",5,487,0,493,27,13,7,1,2,2,-17.462,-17.462
"657",5,487,0,493,21,13,7,1,2,2,-17.462,-17.462
"658",5,487,0,493,17,13,7,1,2,10,4.07223075132588,-2.33862084368105
"659",5,487,0,493,25,13,7,1,2,2,-17.462,-17.462
"660",5,487,0,493,26,13,7,1,2,28,63.1865480945135,-6.5735434450149
"661",5,488,0,494,4,12,6,2,10,16,31.8252114550411,18.2356941180092
"662",5,488,0,494,3,12,6,2,8,8,8.992,8.992
"663",5,488,0,494,13,12,6,2,28,10,4.86745510646527,68.2166950509867
"664",5,488,0,494,18,12,6,2,24,20,32.2829141372073,48.8694883397039
"665",5,488,0,494,5,12,6,2,12,14,27.3789698657859,22.8491307534419
"666",5,488,0,494,14,12,6,2,24,28,51.838131890328,31.9062705865832
"667",5,488,0,494,1,12,6,2,4,18,31.7317758506928,5.87715449146952
"668",5,488,0,494,29,12,6,2,28,14,11.6815234235084,66.807406918654
"669",5,488,0,494,23,12,6,2,28,20,23.2695872007018,59.7880227069431
"670",5,488,0,494,9,12,6,2,20,12,20.4881614031983,43.6254485044466
"671",5,488,0,494,8,12,6,2,18,12,21.9292114550411,38.0276941180092
"672",5,488,0,494,19,12,6,2,28,20,23.2695872007018,59.7880227069431
"673",5,488,0,494,10,12,6,2,22,12,18.3930510829273,49.4054643977678
"674",5,488,0,494,15,12,6,2,28,26,36.4980045398497,46.8820960793781
"675",5,488,0,494,30,12,6,2,26,14,15.9329151682918,60.674707123909
"676",5,488,0,494,11,12,6,2,24,12,15.643880494228,55.3677417979728
"677",5,488,0,494,6,12,6,2,14,14,27.706,27.706
"678",5,488,0,494,21,12,6,2,26,24,37.1281654275057,46.6759351917221
"679",5,488,0,494,2,12,6,2,6,4,-3.87022569593395,-2.68567368483825
"680",5,488,0,494,24,12,6,2,28,20,23.2695872007018,59.7880227069431
"681",5,488,0,494,22,12,6,2,24,20,32.2829141372073,48.8694883397039
"682",5,488,0,494,26,12,6,2,20,22,43.68361341641,35.8084872028178
"683",5,488,0,494,25,12,6,2,18,20,40.897452528754,33.8586480904738
"684",5,488,0,494,20,12,6,2,22,22,40.618,40.618
"685",5,488,0,494,27,12,6,2,16,18,37.251291641098,31.0488089781299
"686",5,488,0,494,16,12,6,2,20,24,48.8694883397039,32.2829141372073
"687",5,488,0,494,12,12,6,2,26,10,8.73064561279314,61.6957940177862
"688",5,488,0,494,7,12,6,2,16,14,27.3789698657859,32.7451307534419
"689",5,488,0,494,17,12,6,2,26,22,32.5245923618953,50.7838101150159
"690",5,488,0,494,28,12,6,2,14,18,37.9665230137677,26.3978794631435
"691",5,489,0,494,18,11,6,1,20,24,48.8694883397039,32.2829141372073
"692",5,489,0,494,3,11,6,1,8,8,8.992,8.992
"693",5,489,0,494,13,11,6,1,10,28,68.2166950509867,4.86745510646527
"694",5,489,0,494,23,11,6,1,20,28,59.7880227069431,23.2695872007018
"695",5,489,0,494,8,11,6,1,12,18,38.0276941180092,21.9292114550411
"696",5,489,0,494,19,11,6,1,20,28,59.7880227069431,23.2695872007018
"697",5,489,0,494,6,11,6,1,14,14,27.706,27.706
"698",5,489,0,494,9,11,6,1,12,20,43.6254485044466,20.4881614031983
"699",5,489,0,494,4,11,6,1,16,10,18.2356941180092,31.8252114550411
"700",5,489,0,494,24,11,6,1,20,28,59.7880227069431,23.2695872007018
"701",5,489,0,494,29,11,6,1,14,28,66.807406918654,11.6815234235084
"702",5,489,0,494,10,11,6,1,12,22,49.4054643977678,18.3930510829273
"703",5,489,0,494,25,11,6,1,20,18,33.8586480904738,40.897452528754
"704",5,489,0,494,14,11,6,1,28,24,31.9062705865832,51.838131890328
"705",5,489,0,494,1,11,6,1,18,4,5.87715449146952,31.7317758506928
"706",5,489,0,494,16,11,6,1,24,20,32.2829141372073,48.8694883397039
"707",5,489,0,494,5,11,6,1,14,12,22.8491307534419,27.3789698657859
"708",5,489,0,494,20,11,6,1,22,22,40.618,40.618
"709",5,489,0,494,7,11,6,1,14,16,32.7451307534419,27.3789698657859
"710",5,489,0,494,22,11,6,1,20,24,48.8694883397039,32.2829141372073
"711",5,489,0,494,28,11,6,1,18,14,26.3978794631435,37.9665230137677
"712",5,489,0,494,2,11,6,1,4,6,-2.68567368483825,-3.87022569593395
"713",5,489,0,494,30,11,6,1,14,26,60.674707123909,15.9329151682918
"714",5,489,0,494,11,11,6,1,12,24,55.3677417979728,15.643880494228
"715",5,489,0,494,26,11,6,1,22,20,35.8084872028178,43.68361341641
"716",5,489,0,494,15,11,6,1,26,28,46.8820960793781,36.4980045398497
"717",5,489,0,494,12,11,6,1,10,26,61.6957940177862,8.73064561279314
"718",5,489,0,494,17,11,6,1,22,26,50.7838101150159,32.5245923618953
"719",5,489,0,494,27,11,6,1,18,16,31.0488089781299,37.251291641098
"720",5,489,0,494,21,11,6,1,24,26,46.6759351917221,37.1281654275057
"721",5,490,0,495,26,10,5,2,11,18,37.8130070694693,19.7632255160713
"722",5,490,0,495,3,10,5,2,4,14,19.5302466446471,5.24426883604795
"723",5,490,0,495,13,10,5,2,14,10,18.1745230137677,26.3978794631435
"724",5,490,0,495,8,10,5,2,24,18,27.8497634661367,51.4751421069135
"725",5,490,0,495,27,10,5,2,12,16,32.6122012384556,22.7162012384556
"726",5,490,0,495,18,10,5,2,11,16,32.3004638803019,20.4531649898719
"727",5,490,0,495,30,10,5,2,10,14,26.3978794631435,18.1745230137677
"728",5,490,0,495,4,10,5,2,18,5,7.72418279339261,33.091068368982
"729",5,490,0,495,24,10,5,2,16,18,37.251291641098,31.0488089781299
"730",5,490,0,495,29,10,5,2,14,12,22.8491307534419,27.3789698657859
"731",5,490,0,495,9,10,5,2,24,16,23.59887430195,53.4267356056948
"732",5,490,0,495,25,10,5,2,18,17,33.4426218007045,36.6484033541025
"733",5,490,0,495,7,10,5,2,22,20,35.8084872028178,43.68361341641
"734",5,490,0,495,22,10,5,2,15,16,32.5663229102745,29.7787022445325
"735",5,490,0,495,10,10,5,2,12,14,27.3789698657859,22.8491307534419
"736",5,490,0,495,5,10,5,2,14,14,27.706,27.706
"737",5,490,0,495,14,10,5,2,11,14,26.9701821980182,20.4890441952443
"738",5,490,0,495,19,10,5,2,12,16,32.6122012384556,22.7162012384556
"739",5,490,0,495,6,10,5,2,18,18,35.882,35.882
"740",5,490,0,495,21,10,5,2,14,16,32.7451307534419,27.3789698657859
"741",5,490,0,495,28,10,5,2,10,14,26.3978794631435,18.1745230137677
"742",5,490,0,495,1,10,5,2,28,14,11.6815234235084,66.807406918654
"743",5,490,0,495,11,10,5,2,10,12,21.1528089781298,17.4592916410979
"744",5,490,0,495,16,10,5,2,12,10,17.4592916410979,21.1528089781298
"745",5,490,0,495,2,10,5,2,14,12,22.8491307534419,27.3789698657859
"746",5,490,0,495,23,10,5,2,16,16,32.224,32.224
"747",5,490,0,495,17,10,5,2,10,14,26.3978794631435,18.1745230137677
"748",5,490,0,495,15,10,5,2,10,16,31.8252114550411,18.2356941180092
"749",5,490,0,495,20,10,5,2,13,16,32.7604235295023,25.0248028637603
"750",5,490,0,495,12,10,5,2,10,12,21.1528089781298,17.4592916410979
"751",5,491,0,495,10,9,5,1,14,12,22.8491307534419,27.3789698657859
"752",5,491,0,495,29,9,5,1,12,14,27.3789698657859,22.8491307534419
"753",5,491,0,495,14,9,5,1,14,11,20.4890441952443,26.9701821980182
"754",5,491,0,495,3,9,5,1,14,4,5.24426883604795,19.5302466446471
"755",5,491,0,495,19,9,5,1,16,12,22.7162012384556,32.6122012384556
"756",5,491,0,495,9,9,5,1,16,24,53.4267356056948,23.59887430195
"757",5,491,0,495,30,9,5,1,14,10,18.1745230137677,26.3978794631435
"758",5,491,0,495,11,9,5,1,12,10,17.4592916410979,21.1528089781298
"759",5,491,0,495,26,9,5,1,18,11,19.7632255160713,37.8130070694693
"760",5,491,0,495,15,9,5,1,16,10,18.2356941180092,31.8252114550411
"761",5,491,0,495,4,9,5,1,5,18,33.091068368982,7.72418279339261
"762",5,491,0,495,24,9,5,1,18,16,31.0488089781299,37.251291641098
"763",5,491,0,495,6,9,5,1,18,18,35.882,35.882
"764",5,491,0,495,13,9,5,1,10,14,26.3978794631435,18.1745230137677
"765",5,491,0,495,25,9,5,1,17,18,36.6484033541025,33.4426218007045
"766",5,491,0,495,8,9,5,1,18,24,51.4751421069135,27.8497634661367
"767",5,491,0,495,27,9,5,1,16,12,22.7162012384556,32.6122012384556
"768",5,491,0,495,16,9,5,1,10,12,21.1528089781298,17.4592916410979
"769",5,491,0,495,5,9,5,1,14,14,27.706,27.706
"770",5,491,0,495,20,9,5,1,16,13,25.0248028637603,32.7604235295023
"771",5,491,0,495,1,9,5,1,14,28,66.807406918654,11.6815234235084
"772",5,491,0,495,22,9,5,1,16,15,29.7787022445325,32.5663229102745
"773",5,491,0,495,23,9,5,1,16,16,32.224,32.224
"774",5,491,0,495,12,9,5,1,12,10,17.4592916410979,21.1528089781298
"775",5,491,0,495,7,9,5,1,20,22,43.68361341641,35.8084872028178
"776",5,491,0,495,17,9,5,1,14,10,18.1745230137677,26.3978794631435
"777",5,491,0,495,2,9,5,1,12,14,27.3789698657859,22.8491307534419
"778",5,491,0,495,28,9,5,1,14,10,18.1745230137677,26.3978794631435
"779",5,491,0,495,21,9,5,1,16,14,27.3789698657859,32.7451307534419
"780",5,491,0,495,18,9,5,1,16,11,20.4531649898719,32.3004638803019
"781",5,492,0,496,13,8,4,2,0.5,0,-26.5361578299903,-26.7365858813079
"782",5,492,0,496,10,8,4,2,0,4,-17.5737294134168,-17.433868109672
"783",5,492,0,496,3,8,4,2,4,10,8.05776346613676,1.99514210691346
"784",5,492,0,496,29,8,4,2,5,0,-15.2011228048576,-14.8532483249686
"785",5,492,0,496,14,8,4,2,2,0,-22.3899039206219,-22.8779954601503
"786",5,492,0,496,24,8,4,2,2,0,-22.3899039206219,-22.8779954601503
"787",5,492,0,496,19,8,4,2,2,4,-12.3518345724943,-12.7000648082779
"788",5,492,0,496,8,8,4,2,1,18,26.6728078931827,0.609461846026012
"789",5,492,0,496,9,8,4,2,2,0,-22.3899039206219,-22.8779954601503
"790",5,492,0,496,30,8,4,2,2,0,-22.3899039206219,-22.8779954601503
"791",5,492,0,496,11,8,4,2,1,0,-25.1131944267574,-25.4617804184356
"792",5,492,0,496,26,8,4,2,3,0,-19.8301284815934,-20.248645125144
"793",5,492,0,496,15,8,4,2,2.5,0,-21.0895768177193,-21.5690159647373
"794",5,492,0,496,4,8,4,2,0,1,-25.4617804184356,-25.1131944267574
"795",5,492,0,496,23,8,4,2,2.5,0,-21.0895768177193,-21.5690159647373
"796",5,492,0,496,6,8,4,2,12,4,3.94673560569482,13.70287430195
"797",5,492,0,496,18,8,4,2,4,3,-10.2648150924994,-9.98615975269362
"798",5,492,0,496,25,8,4,2,0.5,0,-26.5361578299903,-26.7365858813079
"799",5,492,0,496,7,8,4,2,0,16,18.0793585115449,-1.43291888096552
"800",5,492,0,496,27,8,4,2,4,0,-17.433868109672,-17.5737294134168
"801",5,492,0,496,16,8,4,2,3,0,-19.8301284815934,-20.248645125144
"802",5,492,0,496,5,8,4,2,1,16,20.1897616078762,0.328898223687634
"803",5,492,0,496,20,8,4,2,1,2,-20.0882401965216,-19.9487346486714
"804",5,492,0,496,1,8,4,2,2,16,22.1366496371006,2.13628070506175
"805",5,492,0,496,22,8,4,2,0,1,-25.4617804184356,-25.1131944267574
"806",5,492,0,496,12,8,4,2,0,1,-25.4617804184356,-25.1131944267574
"807",5,492,0,496,28,8,4,2,3.5,0,-18.6115589122443,-18.9168829413705
"808",5,492,0,496,17,8,4,2,3.5,3,-11.3697181628613,-11.2565255484369
"809",5,492,0,496,2,8,4,2,0,18,24.6594551064652,-1.05530494901324
"810",5,492,0,496,21,8,4,2,0.5,28,61.078350687037,-8.3940773642806
"811",5,493,0,496,19,7,4,1,4,2,-12.7000648082779,-12.3518345724943
"812",5,493,0,496,11,7,4,1,0,1,-25.4617804184356,-25.1131944267574
"813",5,493,0,496,16,7,4,1,0,3,-20.248645125144,-19.8301284815934
"814",5,493,0,496,14,7,4,1,0,2,-22.8779954601503,-22.3899039206219
"815",5,493,0,496,8,7,4,1,18,1,0.609461846026012,26.6728078931827
"816",5,493,0,496,29,7,4,1,0,5,-14.8532483249686,-15.2011228048576
"817",5,493,0,496,15,7,4,1,0,2.5,-21.5690159647373,-21.0895768177193
"818",5,493,0,496,20,7,4,1,2,1,-19.9487346486714,-20.0882401965216
"819",5,493,0,496,30,7,4,1,0,2,-22.8779954601503,-22.3899039206219
"820",5,493,0,496,3,7,4,1,10,4,1.99514210691346,8.05776346613676
"821",5,493,0,496,10,7,4,1,4,0,-17.433868109672,-17.5737294134168
"822",5,493,0,496,25,7,4,1,0,0.5,-26.7365858813079,-26.5361578299903
"823",5,493,0,496,12,7,4,1,1,0,-25.1131944267574,-25.4617804184356
"824",5,493,0,496,17,7,4,1,3,3.5,-11.2565255484369,-11.3697181628613
"825",5,493,0,496,26,7,4,1,0,3,-20.248645125144,-19.8301284815934
"826",5,493,0,496,21,7,4,1,28,0.5,-8.3940773642806,61.078350687037
"827",5,493,0,496,9,7,4,1,0,2,-22.8779954601503,-22.3899039206219
"828",5,493,0,496,24,7,4,1,0,2,-22.8779954601503,-22.3899039206219
"829",5,493,0,496,6,7,4,1,4,12,13.70287430195,3.94673560569482
"830",5,493,0,496,22,7,4,1,1,0,-25.1131944267574,-25.4617804184356
"831",5,493,0,496,2,7,4,1,18,0,-1.05530494901324,24.6594551064652
"832",5,493,0,496,7,7,4,1,16,0,-1.43291888096552,18.0793585115449
"833",5,493,0,496,27,7,4,1,0,4,-17.5737294134168,-17.433868109672
"834",5,493,0,496,1,7,4,1,16,2,2.13628070506175,22.1366496371006
"835",5,493,0,496,13,7,4,1,0,0.5,-26.7365858813079,-26.5361578299903
"836",5,493,0,496,4,7,4,1,1,0,-25.1131944267574,-25.4617804184356
"837",5,493,0,496,23,7,4,1,0,2.5,-21.5690159647373,-21.0895768177193
"838",5,493,0,496,18,7,4,1,3,4,-9.98615975269362,-10.2648150924994
"839",5,493,0,496,28,7,4,1,0,3.5,-18.9168829413705,-18.6115589122443
"840",5,493,0,496,5,7,4,1,16,1,0.328898223687634,20.1897616078762
"841",5,494,0,497,10,6,3,2,18,0,-1.05530494901324,24.6594551064652
"842",5,494,0,497,4,6,3,2,14,18,37.9665230137677,26.3978794631435
"843",5,494,0,497,14,6,3,2,10,14,26.3978794631435,18.1745230137677
"844",5,494,0,497,19,6,3,2,10,14,26.3978794631435,18.1745230137677
"845",5,494,0,497,16,6,3,2,12,10,17.4592916410979,21.1528089781298
"846",5,494,0,497,5,6,3,2,14,14,27.706,27.706
"847",5,494,0,497,20,6,3,2,12,10,17.4592916410979,21.1528089781298
"848",5,494,0,497,1,6,3,2,14,28,66.807406918654,11.6815234235084
"849",5,494,0,497,29,6,3,2,12,10,17.4592916410979,21.1528089781298
"850",5,494,0,497,3,6,3,2,16,16,32.224,32.224
"851",5,494,0,497,9,6,3,2,16,16,32.224,32.224
"852",5,494,0,497,24,6,3,2,10,10,16.09,16.09
"853",5,494,0,497,11,6,3,2,10,18,37.4348049538224,17.6428049538224
"854",5,494,0,497,26,6,3,2,16,10,18.2356941180092,31.8252114550411
"855",5,494,0,497,15,6,3,2,10,10,16.09,16.09
"856",5,494,0,497,30,6,3,2,12,10,17.4592916410979,21.1528089781298
"857",5,494,0,497,17,6,3,2,12,10,17.4592916410979,21.1528089781298
"858",5,494,0,497,6,6,3,2,16,16,32.224,32.224
"859",5,494,0,497,21,6,3,2,10,10,16.09,16.09
"860",5,494,0,497,2,6,3,2,16,14,27.3789698657859,32.7451307534419
"861",5,494,0,497,7,6,3,2,16,12,22.7162012384556,32.6122012384556
"862",5,494,0,497,27,6,3,2,10,16,31.8252114550411,18.2356941180092
"863",5,494,0,497,22,6,3,2,8,10,14.0666480904738,11.209452528754
"864",5,494,0,497,25,6,3,2,10,10,16.09,16.09
"865",5,494,0,497,12,6,3,2,12,0,-4.15032755015476,5.46594984235564
"866",5,494,0,497,23,6,3,2,10,4,1.99514210691346,8.05776346613676
"867",5,494,0,497,8,6,3,2,14,16,32.7451307534419,27.3789698657859
"868",5,494,0,497,18,6,3,2,12,10,17.4592916410979,21.1528089781298
"869",5,494,0,497,28,6,3,2,14,10,18.1745230137677,26.3978794631435
"870",5,494,0,497,13,6,3,2,10,14,26.3978794631435,18.1745230137677
"871",5,495,0,497,3,5,3,1,16,16,32.224,32.224
"872",5,495,0,497,14,5,3,1,14,10,18.1745230137677,26.3978794631435
"873",5,495,0,497,24,5,3,1,10,10,16.09,16.09
"874",5,495,0,497,19,5,3,1,14,10,18.1745230137677,26.3978794631435
"875",5,495,0,497,15,5,3,1,10,10,16.09,16.09
"876",5,495,0,497,4,5,3,1,18,14,26.3978794631435,37.9665230137677
"877",5,495,0,497,11,5,3,1,18,10,17.6428049538224,37.4348049538224
"878",5,495,0,497,6,5,3,1,16,16,32.224,32.224
"879",5,495,0,497,5,5,3,1,14,14,27.706,27.706
"880",5,495,0,497,9,5,3,1,16,16,32.224,32.224
"881",5,495,0,497,7,5,3,1,12,16,32.6122012384556,22.7162012384556
"882",5,495,0,497,29,5,3,1,10,12,21.1528089781298,17.4592916410979
"883",5,495,0,497,10,5,3,1,0,18,24.6594551064652,-1.05530494901324
"884",5,495,0,497,25,5,3,1,10,10,16.09,16.09
"885",5,495,0,497,20,5,3,1,10,12,21.1528089781298,17.4592916410979
"886",5,495,0,497,1,5,3,1,28,14,11.6815234235084,66.807406918654
"887",5,495,0,497,16,5,3,1,10,12,21.1528089781298,17.4592916410979
"888",5,495,0,497,21,5,3,1,10,10,16.09,16.09
"889",5,495,0,497,12,5,3,1,0,12,5.46594984235564,-4.15032755015476
"890",5,495,0,497,23,5,3,1,4,10,8.05776346613676,1.99514210691346
"891",5,495,0,497,22,5,3,1,10,8,11.209452528754,14.0666480904738
"892",5,495,0,497,8,5,3,1,16,14,27.3789698657859,32.7451307534419
"893",5,495,0,497,2,5,3,1,14,16,32.7451307534419,27.3789698657859
"894",5,495,0,497,30,5,3,1,10,12,21.1528089781298,17.4592916410979
"895",5,495,0,497,17,5,3,1,10,12,21.1528089781298,17.4592916410979
"896",5,495,0,497,26,5,3,1,10,16,31.8252114550411,18.2356941180092
"897",5,495,0,497,13,5,3,1,14,10,18.1745230137677,26.3978794631435
"898",5,495,0,497,18,5,3,1,10,12,21.1528089781298,17.4592916410979
"899",5,495,0,497,28,5,3,1,10,14,26.3978794631435,18.1745230137677
"900",5,495,0,497,27,5,3,1,16,10,18.2356941180092,31.8252114550411
"901",5,496,0,498,5,4,2,2,8,4,-0.610511660296128,2.59491413720734
"902",5,496,0,498,6,4,2,2,7,22,47.667381580137,8.98927825142686
"903",5,496,0,498,14,4,2,2,7,8,7.63800113496242,6.52302401984453
"904",5,496,0,498,10,4,2,2,11,0.2,-4.84122403961981,2.91019809630252
"905",5,496,0,498,4,4,2,2,5,14,21.0836397821642,7.28539775719884
"906",5,496,0,498,1,4,2,2,10,25,58.5036915662674,10.4169682652965
"907",5,496,0,498,19,4,2,2,8.5,9.6,13.6139987103364,12.03104172698
"908",5,496,0,498,2,4,2,2,12,10,17.4592916410979,21.1528089781298
"909",5,496,0,498,7,4,2,2,8,22,48.3420282778773,10.778902064285
"910",5,496,0,498,11,4,2,2,10,11,18.5986218007044,16.8564033541025
"911",5,496,0,498,25,4,2,2,10,16,31.8252114550411,18.2356941180092
"912",5,496,0,498,8,4,2,2,12,22,49.4054643977678,18.3930510829273
"913",5,496,0,498,9,4,2,2,13,22,49.2625357599728,20.4105017793902
"914",5,496,0,498,29,4,2,2,10,12,21.1528089781298,17.4592916410979
"915",5,496,0,498,3,4,2,2,11,11,19.3165,19.3165
"916",5,496,0,498,16,4,2,2,6,6,1.034,1.034
"917",5,496,0,498,15,4,2,2,7,7,5.1205,5.1205
"918",5,496,0,498,20,4,2,2,10,15.5,30.4512914407963,18.2817194921139
"919",5,496,0,498,26,4,2,2,14,15.9,32.4888455049813,27.4108553038718
"920",5,496,0,498,28,4,2,2,12,13.5,26.099140383069,22.7801662152466
"921",5,496,0,498,27,4,2,2,14.1,13.9,27.4584955030961,27.9532955030961
"922",5,496,0,498,12,4,2,2,9,2.8,-1.90628658008891,2.93249353086809
"923",5,496,0,498,23,4,2,2,12,16,32.6122012384556,22.7162012384556
"924",5,496,0,498,17,4,2,2,9.9,10,16.0043663358989,15.8416439156492
"925",5,496,0,498,13,4,2,2,8,28,67.9402487145108,1.73381320826947
"926",5,496,0,498,24,4,2,2,11,16,32.3004638803019,20.4531649898719
"927",5,496,0,498,18,4,2,2,9.9,9.6,15.0117349149067,15.487357349026
"928",5,496,0,498,22,4,2,2,9,16,31.1864439626732,16.0637886228674
"929",5,496,0,498,30,4,2,2,10,9.8,15.5937434850656,15.9170975211266
"930",5,496,0,498,21,4,2,2,10,10,16.09,16.09
"931",5,497,0,498,14,3,2,1,8,7,6.52302401984453,7.63800113496242
"932",5,497,0,498,4,3,2,1,14,5,7.28539775719884,21.0836397821642
"933",5,497,0,498,7,3,2,1,22,8,10.778902064285,48.3420282778773
"934",5,497,0,498,6,3,2,1,22,7,8.98927825142686,47.667381580137
"935",5,497,0,498,5,3,2,1,4,8,2.59491413720734,-0.610511660296128
"936",5,497,0,498,15,3,2,1,7,7,5.1205,5.1205
"937",5,497,0,498,9,3,2,1,22,13,20.4105017793902,49.2625357599728
"938",5,497,0,498,30,3,2,1,9.8,10,15.9170975211266,15.5937434850656
"939",5,497,0,498,11,3,2,1,11,10,16.8564033541025,18.5986218007044
"940",5,497,0,498,10,3,2,1,0.2,11,2.91019809630252,-4.84122403961981
"941",5,497,0,498,8,3,2,1,22,12,18.3930510829273,49.4054643977678
"942",5,497,0,498,12,3,2,1,2.8,9,2.93249353086809,-1.90628658008891
"943",5,497,0,498,24,3,2,1,16,11,20.4531649898719,32.3004638803019
"944",5,497,0,498,16,3,2,1,6,6,1.034,1.034
"945",5,497,0,498,26,3,2,1,15.9,14,27.4108553038718,32.4888455049813
"946",5,497,0,498,25,3,2,1,16,10,18.2356941180092,31.8252114550411
"947",5,497,0,498,23,3,2,1,16,12,22.7162012384556,32.6122012384556
"948",5,497,0,498,19,3,2,1,9.6,8.5,12.03104172698,13.6139987103364
"949",5,497,0,498,3,3,2,1,11,11,19.3165,19.3165
"950",5,497,0,498,2,3,2,1,10,12,21.1528089781298,17.4592916410979
"951",5,497,0,498,1,3,2,1,25,10,10.4169682652965,58.5036915662674
"952",5,497,0,498,27,3,2,1,13.9,14.1,27.9532955030961,27.4584955030961
"953",5,497,0,498,13,3,2,1,28,8,1.73381320826947,67.9402487145108
"954",5,497,0,498,28,3,2,1,13.5,12,22.7801662152466,26.099140383069
"955",5,497,0,498,17,3,2,1,10,9.9,15.8416439156492,16.0043663358989
"956",5,497,0,498,29,3,2,1,12,10,17.4592916410979,21.1528089781298
"957",5,497,0,498,18,3,2,1,9.6,9.9,15.487357349026,15.0117349149067
"958",5,497,0,498,20,3,2,1,15.5,10,18.2817194921139,30.4512914407963
"959",5,497,0,498,21,3,2,1,10,10,16.09,16.09
"960",5,497,0,498,22,3,2,1,16,9,16.0637886228674,31.1864439626732
"961",5,498,0,499,28,2,1,2,22,22,40.618,40.618
"962",5,498,0,499,4,2,1,2,2,20,35.0909030953695,1.84924706208246
"963",5,498,0,499,29,2,1,2,24,24,41.696,41.696
"964",5,498,0,499,17,2,1,2,14,16,32.7451307534419,27.3789698657859
"965",5,498,0,499,27,2,1,2,18,20,40.897452528754,33.8586480904738
"966",5,498,0,499,9,2,1,2,6,22,46.8292198152897,7.24521981528965
"967",5,498,0,499,14,2,1,2,12,22,49.4054643977678,18.3930510829273
"968",5,498,0,499,26,2,1,2,20,18,33.8586480904738,40.897452528754
"969",5,498,0,499,5,2,1,2,16,0,-1.43291888096552,18.0793585115449
"970",5,498,0,499,15,2,1,2,16,18,37.251291641098,31.0488089781299
"971",5,498,0,499,1,2,1,2,4,18,31.7317758506928,5.87715449146952
"972",5,498,0,499,6,2,1,2,4,2,-12.7000648082779,-12.3518345724943
"973",5,498,0,499,16,2,1,2,20,16,29.2195576878315,42.4608447890797
"974",5,498,0,499,2,2,1,2,12,4,3.94673560569482,13.70287430195
"975",5,498,0,499,24,2,1,2,12,16,32.6122012384556,22.7162012384556
"976",5,498,0,499,18,2,1,2,24,18,27.8497634661367,51.4751421069135
"977",5,498,0,499,3,2,1,2,14,14,27.706,27.706
"978",5,498,0,499,25,2,1,2,18,16,31.0488089781299,37.251291641098
"979",5,498,0,499,30,2,1,2,26,26,41.914,41.914
"980",5,498,0,499,7,2,1,2,10,14,26.3978794631435,18.1745230137677
"981",5,498,0,499,11,2,1,2,18,24,51.4751421069135,27.8497634661367
"982",5,498,0,499,10,2,1,2,24,22,36.8983263151618,45.609774304066
"983",5,498,0,499,22,2,1,2,12,14,27.3789698657859,22.8491307534419
"984",5,498,0,499,19,2,1,2,10,22,49.2007764720366,14.4948458201642
"985",5,498,0,499,12,2,1,2,10,22,49.2007764720366,14.4948458201642
"986",5,498,0,499,23,2,1,2,16,10,18.2356941180092,31.8252114550411
"987",5,498,0,499,8,2,1,2,22,20,35.8084872028178,43.68361341641
"988",5,498,0,499,13,2,1,2,22,22,40.618,40.618
"989",5,498,0,499,21,2,1,2,24,12,15.643880494228,55.3677417979728
"990",5,498,0,499,20,2,1,2,18,10,17.6428049538224,37.4348049538224
"991",5,499,0,499,1,1,1,1,18,4,5.87715449146952,31.7317758506928
"992",5,499,0,499,17,1,1,1,16,14,27.3789698657859,32.7451307534419
"993",5,499,0,499,12,1,1,1,22,10,14.4948458201642,49.2007764720366
"994",5,499,0,499,2,1,1,1,4,12,13.70287430195,3.94673560569482
"995",5,499,0,499,24,1,1,1,16,12,22.7162012384556,32.6122012384556
"996",5,499,0,499,13,1,1,1,22,22,40.618,40.618
"997",5,499,0,499,19,1,1,1,22,10,14.4948458201642,49.2007764720366
"998",5,499,0,499,9,1,1,1,22,6,7.24521981528965,46.8292198152897
"999",5,499,0,499,4,1,1,1,20,2,1.84924706208246,35.0909030953695
"1000",5,499,0,499,20,1,1,1,10,18,37.4348049538224,17.6428049538224
"1001",5,499,0,499,10,1,1,1,22,24,45.609774304066,36.8983263151618
"1002",5,499,0,499,5,1,1,1,0,16,18.0793585115449,-1.43291888096552
"1003",5,499,0,499,27,1,1,1,20,18,33.8586480904738,40.897452528754
"1004",5,499,0,499,11,1,1,1,24,18,27.8497634661367,51.4751421069135
"1005",5,499,0,499,6,1,1,1,2,4,-12.3518345724943,-12.7000648082779
"1006",5,499,0,499,28,1,1,1,22,22,40.618,40.618
"1007",5,499,0,499,25,1,1,1,16,18,37.251291641098,31.0488089781299
"1008",5,499,0,499,18,1,1,1,18,24,51.4751421069135,27.8497634661367
"1009",5,499,0,499,29,1,1,1,24,24,41.696,41.696
"1010",5,499,0,499,3,1,1,1,14,14,27.706,27.706
"1011",5,499,0,499,15,1,1,1,18,16,31.0488089781299,37.251291641098
"1012",5,499,0,499,14,1,1,1,22,12,18.3930510829273,49.4054643977678
"1013",5,499,0,499,7,1,1,1,14,10,18.1745230137677,26.3978794631435
"1014",5,499,0,499,26,1,1,1,18,20,40.897452528754,33.8586480904738
"1015",5,499,0,499,22,1,1,1,14,12,22.8491307534419,27.3789698657859
"1016",5,499,0,499,21,1,1,1,12,24,55.3677417979728,15.643880494228
"1017",5,499,0,499,30,1,1,1,26,26,41.914,41.914
"1018",5,499,0,499,16,1,1,1,16,20,42.4608447890797,29.2195576878315
"1019",5,499,0,499,8,1,1,1,20,22,43.68361341641,35.8084872028178
"1020",5,499,0,499,23,1,1,1,10,16,31.8252114550411,18.2356941180092
"1021",7,686,1,693,6,14,7,2,14,18,37.69,23.258
"1022",7,686,1,693,28,14,7,2,26,26,41.914,41.914
"1023",7,686,1,693,7,14,7,2,14,18,37.69,23.258
"1024",7,686,1,693,5,14,7,2,16,18,37.898,29.548
"1025",7,686,1,693,2,14,7,2,26,28,51.108,31.418
"1026",7,686,1,693,13,14,7,2,20,16,24.648,43.616
"1027",7,686,1,693,14,14,7,2,18,18,35.882,35.882
"1028",7,686,1,693,16,14,7,2,12,14,26.594,22.78
"1029",7,686,1,693,10,14,7,2,12,16,30.904,21.008
"1030",7,686,1,693,19,14,7,2,26,26,41.914,41.914
"1031",7,686,1,693,22,14,7,2,26,26,41.914,41.914
"1032",7,686,1,693,23,14,7,2,26,26,41.914,41.914
"1033",7,686,1,693,25,14,7,2,26,26,41.914,41.914
"1034",7,686,1,693,26,14,7,2,26,26,41.914,41.914
"1035",7,686,1,693,3,14,7,2,26,18,5.57799999999996,61.658
"1036",7,686,1,693,29,14,7,2,26,26,41.914,41.914
"1037",7,686,1,693,8,14,7,2,14,18,37.69,23.258
"1038",7,686,1,693,9,14,7,2,14,12,22.78,26.594
"1039",7,686,1,693,11,14,7,2,12,28,57.688,-36.328
"1040",7,686,1,693,12,14,7,2,16,16,32.224,32.224
"1041",7,686,1,693,15,14,7,2,20,10,3.93000000000003,34.34
"1042",7,686,1,693,17,14,7,2,28,18,-7.55799999999998,68.212
"1043",7,686,1,693,18,14,7,2,26,26,41.914,41.914
"1044",7,686,1,693,20,14,7,2,26,26,41.914,41.914
"1045",7,686,1,693,21,14,7,2,26,26,41.914,41.914
"1046",7,686,1,693,24,14,7,2,26,26,41.914,41.914
"1047",7,686,1,693,1,14,7,2,20,18,31.642,42.26
"1048",7,686,1,693,27,14,7,2,26,26,41.914,41.914
"1049",7,686,1,693,4,14,7,2,26,18,5.57799999999996,61.658
"1050",7,686,1,693,30,14,7,2,22,26,56.2339999999999,23.658
"1051",7,687,1,693,29,13,7,1,26,26,41.914,41.914
"1052",7,687,1,693,28,13,7,1,26,26,41.914,41.914
"1053",7,687,1,693,27,13,7,1,26,26,41.914,41.914
"1054",7,687,1,693,6,13,7,1,18,14,23.258,37.69
"1055",7,687,1,693,4,13,7,1,18,26,61.658,5.57799999999996
"1056",7,687,1,693,7,13,7,1,18,14,23.258,37.69
"1057",7,687,1,693,30,13,7,1,26,22,23.658,56.2339999999999
"1058",7,687,1,693,5,13,7,1,18,16,29.548,37.898
"1059",7,687,1,693,14,13,7,1,18,18,35.882,35.882
"1060",7,687,1,693,15,13,7,1,10,20,34.34,3.93000000000003
"1061",7,687,1,693,2,13,7,1,28,26,31.418,51.108
"1062",7,687,1,693,13,13,7,1,16,20,43.616,24.648
"1063",7,687,1,693,22,13,7,1,26,26,41.914,41.914
"1064",7,687,1,693,23,13,7,1,26,26,41.914,41.914
"1065",7,687,1,693,24,13,7,1,26,26,41.914,41.914
"1066",7,687,1,693,1,13,7,1,18,20,42.26,31.642
"1067",7,687,1,693,3,13,7,1,18,26,61.658,5.57799999999996
"1068",7,687,1,693,11,13,7,1,28,12,-36.328,57.688
"1069",7,687,1,693,12,13,7,1,16,16,32.224,32.224
"1070",7,687,1,693,8,13,7,1,18,14,23.258,37.69
"1071",7,687,1,693,10,13,7,1,16,12,21.008,30.904
"1072",7,687,1,693,19,13,7,1,26,26,41.914,41.914
"1073",7,687,1,693,20,13,7,1,26,26,41.914,41.914
"1074",7,687,1,693,16,13,7,1,14,12,22.78,26.594
"1075",7,687,1,693,17,13,7,1,18,28,68.212,-7.55799999999998
"1076",7,687,1,693,26,13,7,1,26,26,41.914,41.914
"1077",7,687,1,693,18,13,7,1,26,26,41.914,41.914
"1078",7,687,1,693,21,13,7,1,26,26,41.914,41.914
"1079",7,687,1,693,25,13,7,1,26,26,41.914,41.914
"1080",7,687,1,693,9,13,7,1,12,14,26.594,22.78
"1081",7,688,1,694,7,12,6,2,12,2,1.658,-13.292
"1082",7,688,1,694,29,12,6,2,12,12,22.328,22.328
"1083",7,688,1,694,2,12,6,2,18,2,-13.558,-10.262
"1084",7,688,1,694,6,12,6,2,10,4,5.66799999999999,-3.302
"1085",7,688,1,694,28,12,6,2,12,28,57.688,-36.328
"1086",7,688,1,694,1,12,6,2,18,2,-13.558,-10.262
"1087",7,688,1,694,5,12,6,2,10,2,2.28199999999999,-14.214
"1088",7,688,1,694,27,12,6,2,14,14,27.706,27.706
"1089",7,688,1,694,9,12,6,2,14,0,-5.85199999999998,-26.782
"1090",7,688,1,694,30,12,6,2,14,0,-5.85199999999998,-26.782
"1091",7,688,1,694,8,12,6,2,14,6,8.26600000000002,9.914
"1092",7,688,1,694,4,12,6,2,20,2,-23.078,-9.164
"1093",7,688,1,694,16,12,6,2,12,28,57.688,-36.328
"1094",7,688,1,694,26,12,6,2,12,18,35.258,17.012
"1095",7,688,1,694,3,12,6,2,22,2,-34.8220000000001,-8.022
"1096",7,688,1,694,14,12,6,2,14,28,63.42,-26.782
"1097",7,688,1,694,23,12,6,2,12,28,57.688,-36.328
"1098",7,688,1,694,25,12,6,2,12,28,57.688,-36.328
"1099",7,688,1,694,10,12,6,2,10,0,-1.06000000000001,-27.35
"1100",7,688,1,694,13,12,6,2,10,28,49.732,-45.83
"1101",7,688,1,694,12,12,6,2,10,28,49.732,-45.83
"1102",7,688,1,694,15,12,6,2,14,14,27.706,27.706
"1103",7,688,1,694,17,12,6,2,12,28,57.688,-36.328
"1104",7,688,1,694,19,12,6,2,12,28,57.688,-36.328
"1105",7,688,1,694,22,12,6,2,10,14,23.258,17.898
"1106",7,688,1,694,21,12,6,2,12,28,57.688,-36.328
"1107",7,688,1,694,24,12,6,2,14,12,22.78,26.594
"1108",7,688,1,694,11,12,6,2,12,28,57.688,-36.328
"1109",7,688,1,694,20,12,6,2,12,12,22.328,22.328
"1110",7,688,1,694,18,12,6,2,12,22,44.098,2.34799999999993
"1111",7,689,1,694,30,11,6,1,0,14,-26.782,-5.85199999999998
"1112",7,689,1,694,6,11,6,1,4,10,-3.302,5.66799999999999
"1113",7,689,1,694,4,11,6,1,2,20,-9.164,-23.078
"1114",7,689,1,694,7,11,6,1,2,12,-13.292,1.658
"1115",7,689,1,694,5,11,6,1,2,10,-14.214,2.28199999999999
"1116",7,689,1,694,29,11,6,1,12,12,22.328,22.328
"1117",7,689,1,694,2,11,6,1,2,18,-10.262,-13.558
"1118",7,689,1,694,3,11,6,1,2,22,-8.022,-34.8220000000001
"1119",7,689,1,694,13,11,6,1,28,10,-45.83,49.732
"1120",7,689,1,694,28,11,6,1,28,12,-36.328,57.688
"1121",7,689,1,694,27,11,6,1,14,14,27.706,27.706
"1122",7,689,1,694,26,11,6,1,18,12,17.012,35.258
"1123",7,689,1,694,1,11,6,1,2,18,-10.262,-13.558
"1124",7,689,1,694,8,11,6,1,6,14,9.914,8.26600000000002
"1125",7,689,1,694,16,11,6,1,28,12,-36.328,57.688
"1126",7,689,1,694,9,11,6,1,0,14,-26.782,-5.85199999999998
"1127",7,689,1,694,17,11,6,1,28,12,-36.328,57.688
"1128",7,689,1,694,10,11,6,1,0,10,-27.35,-1.06000000000001
"1129",7,689,1,694,14,11,6,1,28,14,-26.782,63.42
"1130",7,689,1,694,25,11,6,1,28,12,-36.328,57.688
"1131",7,689,1,694,24,11,6,1,12,14,26.594,22.78
"1132",7,689,1,694,18,11,6,1,22,12,2.34799999999993,44.098
"1133",7,689,1,694,22,11,6,1,14,10,17.898,23.258
"1134",7,689,1,694,15,11,6,1,14,14,27.706,27.706
"1135",7,689,1,694,12,11,6,1,28,10,-45.83,49.732
"1136",7,689,1,694,21,11,6,1,28,12,-36.328,57.688
"1137",7,689,1,694,23,11,6,1,28,12,-36.328,57.688
"1138",7,689,1,694,20,11,6,1,12,12,22.328,22.328
"1139",7,689,1,694,11,11,6,1,28,12,-36.328,57.688
"1140",7,689,1,694,19,11,6,1,28,12,-36.328,57.688
"1141",7,690,1,695,9,10,5,2,18,14,23.258,37.69
"1142",7,690,1,695,7,10,5,2,16,14,26.594,32.676
"1143",7,690,1,695,6,10,5,2,12,14,26.594,22.78
"1144",7,690,1,695,8,10,5,2,14,16,32.676,26.594
"1145",7,690,1,695,30,10,5,2,14,12,22.78,26.594
"1146",7,690,1,695,29,10,5,2,12,14,26.594,22.78
"1147",7,690,1,695,10,10,5,2,10,18,30.602,10.81
"1148",7,690,1,695,4,10,5,2,10,12,19.652,18.106
"1149",7,690,1,695,28,10,5,2,14,14,27.706,27.706
"1150",7,690,1,695,3,10,5,2,6,12,7.628,9.794
"1151",7,690,1,695,26,10,5,2,10,14,23.258,17.898
"1152",7,690,1,695,5,10,5,2,8,12,14.752,13.928
"1153",7,690,1,695,11,10,5,2,8,12,14.752,13.928
"1154",7,690,1,695,1,10,5,2,8,2,0.682000000000007,-15.092
"1155",7,690,1,695,12,10,5,2,10,20,34.34,3.93000000000003
"1156",7,690,1,695,17,10,5,2,12,14,26.594,22.78
"1157",7,690,1,695,2,10,5,2,2,10,-14.214,2.28199999999999
"1158",7,690,1,695,14,10,5,2,16,12,21.008,30.904
"1159",7,690,1,695,27,10,5,2,12,12,22.328,22.328
"1160",7,690,1,695,25,10,5,2,10,28,49.732,-45.83
"1161",7,690,1,695,13,10,5,2,14,12,22.78,26.594
"1162",7,690,1,695,22,10,5,2,12,14,26.594,22.78
"1163",7,690,1,695,16,10,5,2,14,14,27.706,27.706
"1164",7,690,1,695,15,10,5,2,14,12,22.78,26.594
"1165",7,690,1,695,19,10,5,2,16,12,21.008,30.904
"1166",7,690,1,695,18,10,5,2,16,14,26.594,32.676
"1167",7,690,1,695,23,10,5,2,18,14,23.258,37.69
"1168",7,690,1,695,21,10,5,2,12,12,22.328,22.328
"1169",7,690,1,695,24,10,5,2,10,16,26.908,15.466
"1170",7,690,1,695,20,10,5,2,10,16,26.908,15.466
"1171",7,691,1,695,11,9,5,1,12,8,13.928,14.752
"1172",7,691,1,695,12,9,5,1,20,10,3.93000000000003,34.34
"1173",7,691,1,695,7,9,5,1,14,16,32.676,26.594
"1174",7,691,1,695,8,9,5,1,16,14,26.594,32.676
"1175",7,691,1,695,4,9,5,1,12,10,18.106,19.652
"1176",7,691,1,695,30,9,5,1,12,14,26.594,22.78
"1177",7,691,1,695,6,9,5,1,14,12,22.78,26.594
"1178",7,691,1,695,14,9,5,1,12,16,30.904,21.008
"1179",7,691,1,695,10,9,5,1,18,10,10.81,30.602
"1180",7,691,1,695,13,9,5,1,12,14,26.594,22.78
"1181",7,691,1,695,5,9,5,1,12,8,13.928,14.752
"1182",7,691,1,695,29,9,5,1,14,12,22.78,26.594
"1183",7,691,1,695,9,9,5,1,14,18,37.69,23.258
"1184",7,691,1,695,15,9,5,1,12,14,26.594,22.78
"1185",7,691,1,695,28,9,5,1,14,14,27.706,27.706
"1186",7,691,1,695,27,9,5,1,12,12,22.328,22.328
"1187",7,691,1,695,3,9,5,1,12,6,9.794,7.628
"1188",7,691,1,695,19,9,5,1,12,16,30.904,21.008
"1189",7,691,1,695,22,9,5,1,14,12,22.78,26.594
"1190",7,691,1,695,16,9,5,1,14,14,27.706,27.706
"1191",7,691,1,695,2,9,5,1,10,2,2.28199999999999,-14.214
"1192",7,691,1,695,26,9,5,1,14,10,17.898,23.258
"1193",7,691,1,695,18,9,5,1,14,16,32.676,26.594
"1194",7,691,1,695,23,9,5,1,14,18,37.69,23.258
"1195",7,691,1,695,25,9,5,1,28,10,-45.83,49.732
"1196",7,691,1,695,17,9,5,1,14,12,22.78,26.594
"1197",7,691,1,695,1,9,5,1,2,8,-15.092,0.682000000000007
"1198",7,691,1,695,20,9,5,1,16,10,15.466,26.908
"1199",7,691,1,695,21,9,5,1,12,12,22.328,22.328
"1200",7,691,1,695,24,9,5,1,16,10,15.466,26.908
"1201",7,692,1,696,11,8,4,2,26,26,41.914,41.914
"1202",7,692,1,696,10,8,4,2,26,26,41.914,41.914
"1203",7,692,1,696,6,8,4,2,26,26,41.914,41.914
"1204",7,692,1,696,9,8,4,2,26,26,41.914,41.914
"1205",7,692,1,696,12,8,4,2,26,26,41.914,41.914
"1206",7,692,1,696,13,8,4,2,26,26,41.914,41.914
"1207",7,692,1,696,8,8,4,2,26,26,41.914,41.914
"1208",7,692,1,696,4,8,4,2,26,26,41.914,41.914
"1209",7,692,1,696,5,8,4,2,26,26,41.914,41.914
"1210",7,692,1,696,30,8,4,2,26,18,5.57799999999996,61.658
"1211",7,692,1,696,14,8,4,2,26,26,41.914,41.914
"1212",7,692,1,696,7,8,4,2,26,26,41.914,41.914
"1213",7,692,1,696,28,8,4,2,26,26,41.914,41.914
"1214",7,692,1,696,29,8,4,2,26,26,41.914,41.914
"1215",7,692,1,696,3,8,4,2,26,18,5.57799999999996,61.658
"1216",7,692,1,696,26,8,4,2,26,26,41.914,41.914
"1217",7,692,1,696,15,8,4,2,26,26,41.914,41.914
"1218",7,692,1,696,27,8,4,2,26,26,41.914,41.914
"1219",7,692,1,696,2,8,4,2,26,28,51.108,31.418
"1220",7,692,1,696,1,8,4,2,26,0,-73.604,-24.022
"1221",7,692,1,696,22,8,4,2,26,26,41.914,41.914
"1222",7,692,1,696,23,8,4,2,26,26,41.914,41.914
"1223",7,692,1,696,16,8,4,2,26,26,41.914,41.914
"1224",7,692,1,696,21,8,4,2,26,26,41.914,41.914
"1225",7,692,1,696,17,8,4,2,26,26,41.914,41.914
"1226",7,692,1,696,19,8,4,2,26,26,41.914,41.914
"1227",7,692,1,696,24,8,4,2,26,26,41.914,41.914
"1228",7,692,1,696,25,8,4,2,26,26,41.914,41.914
"1229",7,692,1,696,20,8,4,2,26,26,41.914,41.914
"1230",7,692,1,696,18,8,4,2,26,26,41.914,41.914
"1231",7,693,1,696,13,7,4,1,26,26,41.914,41.914
"1232",7,693,1,696,11,7,4,1,26,26,41.914,41.914
"1233",7,693,1,696,6,7,4,1,26,26,41.914,41.914
"1234",7,693,1,696,7,7,4,1,26,26,41.914,41.914
"1235",7,693,1,696,12,7,4,1,26,26,41.914,41.914
"1236",7,693,1,696,14,7,4,1,26,26,41.914,41.914
"1237",7,693,1,696,10,7,4,1,26,26,41.914,41.914
"1238",7,693,1,696,15,7,4,1,26,26,41.914,41.914
"1239",7,693,1,696,8,7,4,1,26,26,41.914,41.914
"1240",7,693,1,696,9,7,4,1,26,26,41.914,41.914
"1241",7,693,1,696,30,7,4,1,18,26,61.658,5.57799999999996
"1242",7,693,1,696,29,7,4,1,26,26,41.914,41.914
"1243",7,693,1,696,4,7,4,1,26,26,41.914,41.914
"1244",7,693,1,696,16,7,4,1,26,26,41.914,41.914
"1245",7,693,1,696,5,7,4,1,26,26,41.914,41.914
"1246",7,693,1,696,28,7,4,1,26,26,41.914,41.914
"1247",7,693,1,696,2,7,4,1,28,26,31.418,51.108
"1248",7,693,1,696,3,7,4,1,18,26,61.658,5.57799999999996
"1249",7,693,1,696,24,7,4,1,26,26,41.914,41.914
"1250",7,693,1,696,17,7,4,1,26,26,41.914,41.914
"1251",7,693,1,696,1,7,4,1,0,26,-24.022,-73.604
"1252",7,693,1,696,26,7,4,1,26,26,41.914,41.914
"1253",7,693,1,696,27,7,4,1,26,26,41.914,41.914
"1254",7,693,1,696,23,7,4,1,26,26,41.914,41.914
"1255",7,693,1,696,18,7,4,1,26,26,41.914,41.914
"1256",7,693,1,696,19,7,4,1,26,26,41.914,41.914
"1257",7,693,1,696,22,7,4,1,26,26,41.914,41.914
"1258",7,693,1,696,25,7,4,1,26,26,41.914,41.914
"1259",7,693,1,696,21,7,4,1,26,26,41.914,41.914
"1260",7,693,1,696,20,7,4,1,26,26,41.914,41.914
"1261",7,694,1,697,7,6,3,2,8.5,16,22.4515,11.338375
"1262",7,694,1,697,10,6,3,2,11.5,15,28.0355,20.864875
"1263",7,694,1,697,11,6,3,2,8.5,11,14.6465,14.485875
"1264",7,694,1,697,30,6,3,2,13.5,12.5,24.061625,25.968625
"1265",7,694,1,697,14,6,3,2,14.5,9.5,16.243625,22.943625
"1266",7,694,1,697,6,6,3,2,16,9,12.7115,24.076
"1267",7,694,1,697,8,6,3,2,15,9,14.3705,22.4105
"1268",7,694,1,697,13,6,3,2,12.5,16.5,32.681125,21.651125
"1269",7,694,1,697,5,6,3,2,10.9,14,25.03442,20.089455
"1270",7,694,1,697,29,6,3,2,12.5,12.5,23.753125,23.753125
"1271",7,694,1,697,15,6,3,2,14.5,9.5,16.243625,22.943625
"1272",7,694,1,697,9,6,3,2,18.5,15,25.2985,39.414875
"1273",7,694,1,697,12,6,3,2,12.5,14,27.0805,24.007375
"1274",7,694,1,697,28,6,3,2,12.5,9.5,17.172625,19.491625
"1275",7,694,1,697,4,6,3,2,14,17,35.1775,25.204
"1276",7,694,1,697,3,6,3,2,20,15,21.1675,43.46
"1277",7,694,1,697,16,6,3,2,12.5,13,24.8595,23.976875
"1278",7,694,1,697,22,6,3,2,9.5,15,23.8135,15.663875
"1279",7,694,1,697,2,6,3,2,18,18,35.882,35.882
"1280",7,694,1,697,26,6,3,2,11.5,15,28.0355,20.864875
"1281",7,694,1,697,18,6,3,2,9.5,14,22.0765,16.684375
"1282",7,694,1,697,21,6,3,2,14.5,16,32.7715,27.997375
"1283",7,694,1,697,17,6,3,2,12,18,35.258,17.012
"1284",7,694,1,697,25,6,3,2,13.5,15,30.0335,26.109875
"1285",7,694,1,697,1,6,3,2,18,4,-7.53199999999996,3.29
"1286",7,694,1,697,27,6,3,2,13.5,10,18.1585,22.352375
"1287",7,694,1,697,23,6,3,2,12.5,15,29.3125,23.481875
"1288",7,694,1,697,24,6,3,2,11.5,18,34.3025,15.457375
"1289",7,694,1,697,19,6,3,2,12.5,10,18.2625,20.549375
"1290",7,694,1,697,20,6,3,2,14,12,22.78,26.594
"1291",7,695,1,697,11,5,3,1,11,8.5,14.485875,14.6465
"1292",7,695,1,697,7,5,3,1,16,8.5,11.338375,22.4515
"1293",7,695,1,697,10,5,3,1,15,11.5,20.864875,28.0355
"1294",7,695,1,697,8,5,3,1,9,15,22.4105,14.3705
"1295",7,695,1,697,13,5,3,1,16.5,12.5,21.651125,32.681125
"1296",7,695,1,697,12,5,3,1,14,12.5,24.007375,27.0805
"1297",7,695,1,697,16,5,3,1,13,12.5,23.976875,24.8595
"1298",7,695,1,697,15,5,3,1,9.5,14.5,22.943625,16.243625
"1299",7,695,1,697,9,5,3,1,15,18.5,39.414875,25.2985
"1300",7,695,1,697,18,5,3,1,14,9.5,16.684375,22.0765
"1301",7,695,1,697,6,5,3,1,9,16,24.076,12.7115
"1302",7,695,1,697,4,5,3,1,17,14,25.204,35.1775
"1303",7,695,1,697,17,5,3,1,18,12,17.012,35.258
"1304",7,695,1,697,29,5,3,1,12.5,12.5,23.753125,23.753125
"1305",7,695,1,697,14,5,3,1,9.5,14.5,22.943625,16.243625
"1306",7,695,1,697,19,5,3,1,10,12.5,20.549375,18.2625
"1307",7,695,1,697,30,5,3,1,12.5,13.5,25.968625,24.061625
"1308",7,695,1,697,20,5,3,1,12,14,26.594,22.78
"1309",7,695,1,697,26,5,3,1,15,11.5,20.864875,28.0355
"1310",7,695,1,697,5,5,3,1,14,10.9,20.089455,25.03442
"1311",7,695,1,697,28,5,3,1,9.5,12.5,19.491625,17.172625
"1312",7,695,1,697,3,5,3,1,15,20,43.46,21.1675
"1313",7,695,1,697,27,5,3,1,10,13.5,22.352375,18.1585
"1314",7,695,1,697,21,5,3,1,16,14.5,27.997375,32.7715
"1315",7,695,1,697,2,5,3,1,18,18,35.882,35.882
"1316",7,695,1,697,1,5,3,1,4,18,3.29,-7.53199999999996
"1317",7,695,1,697,23,5,3,1,15,12.5,23.481875,29.3125
"1318",7,695,1,697,25,5,3,1,15,13.5,26.109875,30.0335
"1319",7,695,1,697,24,5,3,1,18,11.5,15.457375,34.3025
"1320",7,695,1,697,22,5,3,1,15,9.5,15.663875,23.8135
"1321",7,696,1,698,12,4,2,2,1,2,-22.432,-17.8185
"1322",7,696,1,698,20,4,2,2,13,1,-1.6595,-19.5995
"1323",7,696,1,698,11,4,2,2,2,2,-17.462,-17.462
"1324",7,696,1,698,8,4,2,2,1,2,-22.432,-17.8185
"1325",7,696,1,698,10,4,2,2,1,1,-22.6235,-22.6235
"1326",7,696,1,698,19,4,2,2,15,2,-3.448,-11.8265
"1327",7,696,1,698,16,4,2,2,15,2,-3.448,-11.8265
"1328",7,696,1,698,9,4,2,2,1,2,-22.432,-17.8185
"1329",7,696,1,698,13,4,2,2,1,2,-22.432,-17.8185
"1330",7,696,1,698,7,4,2,2,2,2,-17.462,-17.462
"1331",7,696,1,698,6,4,2,2,1,2,-22.432,-17.8185
"1332",7,696,1,698,17,4,2,2,12,1,-0.348500000000003,-19.912
"1333",7,696,1,698,21,4,2,2,13,2,0.512000000000003,-12.8145
"1334",7,696,1,698,14,4,2,2,2,1,-17.8185,-22.432
"1335",7,696,1,698,22,4,2,2,15,1,-5.94950000000001,-18.9415
"1336",7,696,1,698,15,4,2,2,15,2,-3.448,-11.8265
"1337",7,696,1,698,23,4,2,2,13,15.8,31.60202,24.03978
"1338",7,696,1,698,30,4,2,2,18,24,55.148,16.49
"1339",7,696,1,698,5,4,2,2,5,2,-5.888,-16.3265
"1340",7,696,1,698,4,4,2,2,4,1,-9.8765,-22.016
"1341",7,696,1,698,3,4,2,2,4,1,-9.8765,-22.016
"1342",7,696,1,698,18,4,2,2,12,1,-0.348500000000003,-19.912
"1343",7,696,1,698,28,4,2,2,18,26,61.658,5.57799999999996
"1344",7,696,1,698,29,4,2,2,19,4,-11.684,4.1635
"1345",7,696,1,698,2,4,2,2,3,1,-13.5695,-22.2295
"1346",7,696,1,698,26,4,2,2,25,28,55.192,26.5075
"1347",7,696,1,698,24,4,2,2,25,18,11.312,58.3975
"1348",7,696,1,698,27,4,2,2,20,28,67.272,2.12000000000002
"1349",7,696,1,698,25,4,2,2,20,18,31.642,42.26
"1350",7,696,1,698,1,4,2,2,3,10,-8.48,3.96949999999999
"1351",7,697,1,698,13,3,2,1,2,1,-17.8185,-22.432
"1352",7,697,1,698,11,3,2,1,2,2,-17.462,-17.462
"1353",7,697,1,698,20,3,2,1,1,13,-19.5995,-1.6595
"1354",7,697,1,698,7,3,2,1,2,2,-17.462,-17.462
"1355",7,697,1,698,10,3,2,1,1,1,-22.6235,-22.6235
"1356",7,697,1,698,9,3,2,1,2,1,-17.8185,-22.432
"1357",7,697,1,698,12,3,2,1,2,1,-17.8185,-22.432
"1358",7,697,1,698,14,3,2,1,1,2,-22.432,-17.8185
"1359",7,697,1,698,16,3,2,1,2,15,-11.8265,-3.448
"1360",7,697,1,698,19,3,2,1,2,15,-11.8265,-3.448
"1361",7,697,1,698,18,3,2,1,1,12,-19.912,-0.348500000000003
"1362",7,697,1,698,21,3,2,1,2,13,-12.8145,0.512000000000003
"1363",7,697,1,698,6,3,2,1,2,1,-17.8185,-22.432
"1364",7,697,1,698,8,3,2,1,2,1,-17.8185,-22.432
"1365",7,697,1,698,17,3,2,1,1,12,-19.912,-0.348500000000003
"1366",7,697,1,698,28,3,2,1,26,18,5.57799999999996,61.658
"1367",7,697,1,698,5,3,2,1,2,5,-16.3265,-5.888
"1368",7,697,1,698,15,3,2,1,2,15,-11.8265,-3.448
"1369",7,697,1,698,27,3,2,1,28,20,2.12000000000002,67.272
"1370",7,697,1,698,23,3,2,1,15.8,13,24.03978,31.60202
"1371",7,697,1,698,1,3,2,1,10,3,3.96949999999999,-8.48
"1372",7,697,1,698,22,3,2,1,1,15,-18.9415,-5.94950000000001
"1373",7,697,1,698,4,3,2,1,1,4,-22.016,-9.8765
"1374",7,697,1,698,26,3,2,1,28,25,26.5075,55.192
"1375",7,697,1,698,30,3,2,1,24,18,16.49,55.148
"1376",7,697,1,698,3,3,2,1,1,4,-22.016,-9.8765
"1377",7,697,1,698,25,3,2,1,18,20,42.26,31.642
"1378",7,697,1,698,29,3,2,1,4,19,4.1635,-11.684
"1379",7,697,1,698,2,3,2,1,1,3,-22.2295,-13.5695
"1380",7,697,1,698,24,3,2,1,18,25,58.3975,11.312
"1381",7,698,1,699,22,2,1,2,13.6,10.5,19.300895,23.54278
"1382",7,698,1,699,6,2,1,2,8,10,11.85,12.572
"1383",7,698,1,699,10,2,1,2,14,15,30.1855,27.428
"1384",7,698,1,699,13,2,1,2,14,12.5,24.007375,27.0805
"1385",7,698,1,699,5,2,1,2,18,16,29.548,37.898
"1386",7,698,1,699,14,2,1,2,13.2,11,20.55158,23.62432
"1387",7,698,1,699,15,2,1,2,13,12.3,23.518595,24.71458
"1388",7,698,1,699,11,2,1,2,12.5,18.5,37.211125,17.264125
"1389",7,698,1,699,12,2,1,2,12.5,13,24.8595,23.976875
"1390",7,698,1,699,21,2,1,2,14,11,20.3335,25.204
"1391",7,698,1,699,23,2,1,2,9,12.4,18.13168,16.08182
"1392",7,698,1,699,19,2,1,2,14,11.9,22.534855,26.48002
"1393",7,698,1,699,20,2,1,2,11.9,13,24.35802,22.603355
"1394",7,698,1,699,28,2,1,2,14,16,32.676,26.594
"1395",7,698,1,699,30,2,1,2,6.9,11.5,10.470145,11.609105
"1396",7,698,1,699,7,2,1,2,11,14,25.204,20.3335
"1397",7,698,1,699,8,2,1,2,12,18,35.258,17.012
"1398",7,698,1,699,9,2,1,2,13,16,32.068,23.7955
"1399",7,698,1,699,18,2,1,2,13.9,10.5,19.169345,24.110905
"1400",7,698,1,699,29,2,1,2,13,11,20.5505,23.2305
"1401",7,698,1,699,16,2,1,2,12.3,12.5,23.624705,23.311345
"1402",7,698,1,699,17,2,1,2,14,13,25.2375,27.428
"1403",7,698,1,699,26,2,1,2,15,12,22.172,28.7435
"1404",7,698,1,699,1,2,1,2,14.2,10,17.75488,23.62102
"1405",7,698,1,699,24,2,1,2,13,10,18.28,21.4495
"1406",7,698,1,699,27,2,1,2,14,14,27.706,27.706
"1407",7,698,1,699,25,2,1,2,14,13.5,26.470375,27.6365
"1408",7,698,1,699,4,2,1,2,16,16,32.224,32.224
"1409",7,698,1,699,3,2,1,2,14,14,27.706,27.706
"1410",7,698,1,699,2,2,1,2,12.5,12,22.6495,23.390375
"1411",7,699,1,699,1,1,1,1,10,14.2,23.62102,17.75488
"1412",7,699,1,699,27,1,1,1,14,14,27.706,27.706
"1413",7,699,1,699,4,1,1,1,16,16,32.224,32.224
"1414",7,699,1,699,30,1,1,1,11.5,6.9,11.609105,10.470145
"1415",7,699,1,699,7,1,1,1,14,11,20.3335,25.204
"1416",7,699,1,699,10,1,1,1,15,14,27.428,30.1855
"1417",7,699,1,699,11,1,1,1,18.5,12.5,17.264125,37.211125
"1418",7,699,1,699,13,1,1,1,12.5,14,27.0805,24.007375
"1419",7,699,1,699,14,1,1,1,11,13.2,23.62432,20.55158
"1420",7,699,1,699,16,1,1,1,12.5,12.3,23.311345,23.624705
"1421",7,699,1,699,19,1,1,1,11.9,14,26.48002,22.534855
"1422",7,699,1,699,20,1,1,1,13,11.9,22.603355,24.35802
"1423",7,699,1,699,22,1,1,1,10.5,13.6,23.54278,19.300895
"1424",7,699,1,699,23,1,1,1,12.4,9,16.08182,18.13168
"1425",7,699,1,699,2,1,1,1,12,12.5,23.390375,22.6495
"1426",7,699,1,699,28,1,1,1,16,14,26.594,32.676
"1427",7,699,1,699,5,1,1,1,16,18,37.898,29.548
"1428",7,699,1,699,6,1,1,1,10,8,12.572,11.85
"1429",7,699,1,699,8,1,1,1,18,12,17.012,35.258
"1430",7,699,1,699,9,1,1,1,16,13,23.7955,32.068
"1431",7,699,1,699,12,1,1,1,13,12.5,23.976875,24.8595
"1432",7,699,1,699,21,1,1,1,11,14,25.204,20.3335
"1433",7,699,1,699,15,1,1,1,12.3,13,24.71458,23.518595
"1434",7,699,1,699,17,1,1,1,13,14,27.428,25.2375
"1435",7,699,1,699,18,1,1,1,10.5,13.9,24.110905,19.169345
"1436",7,699,1,699,29,1,1,1,11,13,23.2305,20.5505
"1437",7,699,1,699,26,1,1,1,12,15,28.7435,22.172
"1438",7,699,1,699,24,1,1,1,10,13,21.4495,18.28
"1439",7,699,1,699,3,1,1,1,14,14,27.706,27.706
"1440",7,699,1,699,25,1,1,1,13.5,14,27.6365,26.470375
"1441",8,786,0,793,6,14,7,2,20,16,29.2195576878315,42.4608447890797
"1442",8,786,0,793,28,14,7,2,14,11,20.4890441952443,26.9701821980182
"1443",8,786,0,793,7,14,7,2,14,11,20.4890441952443,26.9701821980182
"1444",8,786,0,793,5,14,7,2,14,25.5,59.1700105356734,16.8935661875458
"1445",8,786,0,793,2,14,7,2,16,16,32.224,32.224
"1446",8,786,0,793,13,14,7,2,16,11.5,21.5789874420736,32.4767719427671
"1447",8,786,0,793,14,14,7,2,12,14,27.3789698657859,22.8491307534419
"1448",8,786,0,793,16,14,7,2,22,15.5,25.6534770437018,48.1898357468919
"1449",8,786,0,793,10,14,7,2,14,17,35.3330441952443,26.9701821980182
"1450",8,786,0,793,19,14,7,2,13.5,14.3,28.4370898317851,26.4746162672913
"1451",8,786,0,793,22,14,7,2,9,12,20.3199408665342,15.0932855267284
"1452",8,786,0,793,23,14,7,2,12.5,12,22.5196008385256,23.5736554501761
"1453",8,786,0,793,25,14,7,2,11.5,13,24.6224852166335,21.4603213816821
"1454",8,786,0,793,26,14,7,2,10.5,13,24.0834148605054,19.074492357038
"1455",8,786,0,793,3,14,7,2,28,26,36.4980045398497,46.8820960793781
"1456",8,786,0,793,29,14,7,2,7.5,12,18.764047948315,11.6297114365258
"1457",8,786,0,793,8,14,7,2,18,16,31.0488089781299,37.251291641098
"1458",8,786,0,793,9,14,7,2,16,16,32.224,32.224
"1459",8,786,0,793,11,14,7,2,12,19,40.8037886228674,21.2904439626732
"1460",8,786,0,793,12,14,7,2,10,10.5,17.3386152282621,16.4936410604396
"1461",8,786,0,793,15,14,7,2,16,14.5,28.573140383069,32.6761662152466
"1462",8,786,0,793,17,14,7,2,16,17.7,36.4855787238694,31.2667839735227
"1463",8,786,0,793,18,14,7,2,10,17.5,36.0153195628567,17.8523453950342
"1464",8,786,0,793,20,14,7,2,10,13.6,25.3342844455901,18.083801560708
"1465",8,786,0,793,21,14,7,2,13,10.5,19.074492357038,24.0834148605054
"1466",8,786,0,793,24,14,7,2,14.5,12,22.8772165248605,28.670190692683
"1467",8,786,0,793,1,14,7,2,10,14,26.3978794631435,18.1745230137677
"1468",8,786,0,793,27,14,7,2,16,10,18.2356941180092,31.8252114550411
"1469",8,786,0,793,4,14,7,2,10,28,68.2166950509867,4.86745510646527
"1470",8,786,0,793,30,14,7,2,16,3,3.98922856315682,23.9200225992178
"1471",8,787,0,793,29,13,7,1,12,7.5,11.6297114365258,18.764047948315
"1472",8,787,0,793,28,13,7,1,11,14,26.9701821980182,20.4890441952443
"1473",8,787,0,793,27,13,7,1,10,16,31.8252114550411,18.2356941180092
"1474",8,787,0,793,6,13,7,1,16,20,42.4608447890797,29.2195576878315
"1475",8,787,0,793,4,13,7,1,28,10,4.86745510646527,68.2166950509867
"1476",8,787,0,793,7,13,7,1,11,14,26.9701821980182,20.4890441952443
"1477",8,787,0,793,30,13,7,1,3,16,23.9200225992178,3.98922856315682
"1478",8,787,0,793,5,13,7,1,25.5,14,16.8935661875458,59.1700105356734
"1479",8,787,0,793,14,13,7,1,14,12,22.8491307534419,27.3789698657859
"1480",8,787,0,793,15,13,7,1,14.5,16,32.6761662152466,28.573140383069
"1481",8,787,0,793,2,13,7,1,16,16,32.224,32.224
"1482",8,787,0,793,13,13,7,1,11.5,16,32.4767719427671,21.5789874420736
"1483",8,787,0,793,22,13,7,1,12,9,15.0932855267284,20.3199408665342
"1484",8,787,0,793,23,13,7,1,12,12.5,23.5736554501761,22.5196008385256
"1485",8,787,0,793,24,13,7,1,12,14.5,28.670190692683,22.8772165248605
"1486",8,787,0,793,1,13,7,1,14,10,18.1745230137677,26.3978794631435
"1487",8,787,0,793,3,13,7,1,26,28,46.8820960793781,36.4980045398497
"1488",8,787,0,793,11,13,7,1,19,12,21.2904439626732,40.8037886228674
"1489",8,787,0,793,12,13,7,1,10.5,10,16.4936410604396,17.3386152282621
"1490",8,787,0,793,8,13,7,1,16,18,37.251291641098,31.0488089781299
"1491",8,787,0,793,10,13,7,1,17,14,26.9701821980182,35.3330441952443
"1492",8,787,0,793,19,13,7,1,14.3,13.5,26.4746162672913,28.4370898317851
"1493",8,787,0,793,20,13,7,1,13.6,10,18.083801560708,25.3342844455901
"1494",8,787,0,793,16,13,7,1,15.5,22,48.1898357468919,25.6534770437018
"1495",8,787,0,793,17,13,7,1,17.7,16,31.2667839735227,36.4855787238694
"1496",8,787,0,793,26,13,7,1,13,10.5,19.074492357038,24.0834148605054
"1497",8,787,0,793,18,13,7,1,17.5,10,17.8523453950342,36.0153195628567
"1498",8,787,0,793,21,13,7,1,10.5,13,24.0834148605054,19.074492357038
"1499",8,787,0,793,25,13,7,1,13,11.5,21.4603213816821,24.6224852166335
"1500",8,787,0,793,9,13,7,1,16,16,32.224,32.224
"1501",8,788,0,794,7,12,6,2,16,28,65.1216724498452,15.3619498423557
"1502",8,788,0,794,29,12,6,2,10,10,16.09,16.09
"1503",8,788,0,794,2,12,6,2,24,12,15.643880494228,55.3677417979728
"1504",8,788,0,794,6,12,6,2,14,10,18.1745230137677,26.3978794631435
"1505",8,788,0,794,28,12,6,2,26,10,8.73064561279314,61.6957940177862
"1506",8,788,0,794,1,12,6,2,28,28,41.272,41.272
"1507",8,788,0,794,5,12,6,2,12,10,17.4592916410979,21.1528089781298
"1508",8,788,0,794,27,12,6,2,10,8,11.209452528754,14.0666480904738
"1509",8,788,0,794,9,12,6,2,10,10,16.09,16.09
"1510",8,788,0,794,30,12,6,2,20,10,16.3958555212075,43.2266599594876
"1511",8,788,0,794,8,12,6,2,12,10,17.4592916410979,21.1528089781298
"1512",8,788,0,794,4,12,6,2,22,10,14.4948458201642,49.2007764720366
"1513",8,788,0,794,16,12,6,2,6,10,11.3892359125194,6.5111665643918
"1514",8,788,0,794,26,12,6,2,18,10,17.6428049538224,37.4348049538224
"1515",8,788,0,794,3,12,6,2,26,28,46.8820960793781,36.4980045398497
"1516",8,788,0,794,14,12,6,2,12,10,17.4592916410979,21.1528089781298
"1517",8,788,0,794,23,12,6,2,10,10,16.09,16.09
"1518",8,788,0,794,25,12,6,2,24,10,11.9397758506928,55.3571544914695
"1519",8,788,0,794,10,12,6,2,2,10,4.07223075132588,-2.33862084368105
"1520",8,788,0,794,13,12,6,2,22,10,14.4948458201642,49.2007764720366
"1521",8,788,0,794,12,12,6,2,4,10,8.05776346613676,1.99514210691346
"1522",8,788,0,794,15,12,6,2,16,10,18.2356941180092,31.8252114550411
"1523",8,788,0,794,17,12,6,2,14,10,18.1745230137677,26.3978794631435
"1524",8,788,0,794,19,12,6,2,4,10,8.05776346613676,1.99514210691346
"1525",8,788,0,794,22,12,6,2,0,10,-0.567362231913221,-6.49012228739172
"1526",8,788,0,794,21,12,6,2,23,10,13.2990683689821,52.2561827933926
"1527",8,788,0,794,24,12,6,2,8,10,14.0666480904738,11.209452528754
"1528",8,788,0,794,11,12,6,2,20,28,59.7880227069431,23.2695872007018
"1529",8,788,0,794,20,12,6,2,20,10,16.3958555212075,43.2266599594876
"1530",8,788,0,794,18,12,6,2,8,25,57.9360943009497,6.99217543825903
"1531",8,789,0,794,30,11,6,1,10,20,43.2266599594876,16.3958555212075
"1532",8,789,0,794,6,11,6,1,10,14,26.3978794631435,18.1745230137677
"1533",8,789,0,794,4,11,6,1,10,22,49.2007764720366,14.4948458201642
"1534",8,789,0,794,7,11,6,1,28,16,15.3619498423557,65.1216724498452
"1535",8,789,0,794,5,11,6,1,10,12,21.1528089781298,17.4592916410979
"1536",8,789,0,794,29,11,6,1,10,10,16.09,16.09
"1537",8,789,0,794,2,11,6,1,12,24,55.3677417979728,15.643880494228
"1538",8,789,0,794,3,11,6,1,28,26,36.4980045398497,46.8820960793781
"1539",8,789,0,794,13,11,6,1,10,22,49.2007764720366,14.4948458201642
"1540",8,789,0,794,28,11,6,1,10,26,61.6957940177862,8.73064561279314
"1541",8,789,0,794,27,11,6,1,8,10,14.0666480904738,11.209452528754
"1542",8,789,0,794,26,11,6,1,10,18,37.4348049538224,17.6428049538224
"1543",8,789,0,794,1,11,6,1,28,28,41.272,41.272
"1544",8,789,0,794,8,11,6,1,10,12,21.1528089781298,17.4592916410979
"1545",8,789,0,794,16,11,6,1,10,6,6.5111665643918,11.3892359125194
"1546",8,789,0,794,9,11,6,1,10,10,16.09,16.09
"1547",8,789,0,794,17,11,6,1,10,14,26.3978794631435,18.1745230137677
"1548",8,789,0,794,10,11,6,1,10,2,-2.33862084368105,4.07223075132588
"1549",8,789,0,794,14,11,6,1,10,12,21.1528089781298,17.4592916410979
"1550",8,789,0,794,25,11,6,1,10,24,55.3571544914695,11.9397758506928
"1551",8,789,0,794,24,11,6,1,10,8,11.209452528754,14.0666480904738
"1552",8,789,0,794,18,11,6,1,25,8,6.99217543825903,57.9360943009497
"1553",8,789,0,794,22,11,6,1,10,0,-6.49012228739172,-0.567362231913221
"1554",8,789,0,794,15,11,6,1,10,16,31.8252114550411,18.2356941180092
"1555",8,789,0,794,12,11,6,1,10,4,1.99514210691346,8.05776346613676
"1556",8,789,0,794,21,11,6,1,10,23,52.2561827933926,13.2990683689821
"1557",8,789,0,794,23,11,6,1,10,10,16.09,16.09
"1558",8,789,0,794,20,11,6,1,10,20,43.2266599594876,16.3958555212075
"1559",8,789,0,794,11,11,6,1,28,20,23.2695872007018,59.7880227069431
"1560",8,789,0,794,19,11,6,1,10,4,1.99514210691346,8.05776346613676
"1561",8,790,0,795,9,10,5,2,15.7,10,18.2682147944852,30.9994924851926
"1562",8,790,0,795,7,10,5,2,16.8,10,18.0770256845458,34.0471774737275
"1563",8,790,0,795,6,10,5,2,10,10,16.09,16.09
"1564",8,790,0,795,8,10,5,2,10,10,16.09,16.09
"1565",8,790,0,795,30,10,5,2,9.5,22,49.047407573662,13.5487728649241
"1566",8,790,0,795,29,10,5,2,25,14,17.813338440023,57.676705291618
"1567",8,790,0,795,10,10,5,2,22,10.6,15.6451699407703,49.330859177941
"1568",8,790,0,795,4,10,5,2,10,12,21.1528089781298,17.4592916410979
"1569",8,790,0,795,28,10,5,2,10,14,26.3978794631435,18.1745230137677
"1570",8,790,0,795,3,10,5,2,26.4,10,8.01033233300182,62.9853933038756
"1571",8,790,0,795,26,10,5,2,20,12,20.4881614031983,43.6254485044466
"1572",8,790,0,795,5,10,5,2,0,10,-0.567362231913221,-6.49012228739172
"1573",8,790,0,795,11,10,5,2,10.9,11,19.2520703580903,19.0684398934578
"1574",8,790,0,795,1,10,5,2,18,28,62.7818777126083,19.2246377680868
"1575",8,790,0,795,12,10,5,2,13.4,11,20.3722662045125,25.4066386871755
"1576",8,790,0,795,17,10,5,2,13,10,17.8986648609863,23.7525615322762
"1577",8,790,0,795,2,10,5,2,28,22,27.4967981402006,56.1401074328496
"1578",8,790,0,795,14,10,5,2,8,13.6,23.660313650674,13.552635204072
"1579",8,790,0,795,27,10,5,2,8,13,22.0203605515917,13.309268318582
"1580",8,790,0,795,25,10,5,2,8.2,14,24.9556765712593,14.1232096364465
"1581",8,790,0,795,13,10,5,2,15,12,22.8644235295023,29.9728028637603
"1582",8,790,0,795,22,10,5,2,13.5,9,15.7638149386062,24.3094444462345
"1583",8,790,0,795,16,10,5,2,10,14,26.3978794631435,18.1745230137677
"1584",8,790,0,795,15,10,5,2,2,28,63.1865480945135,-6.5735434450149
"1585",8,790,0,795,19,10,5,2,8.5,10,14.6338042180205,12.4125023802951
"1586",8,790,0,795,18,10,5,2,10,10,16.09,16.09
"1587",8,790,0,795,23,10,5,2,7,16,29.4183637766163,11.8566737627467
"1588",8,790,0,795,21,10,5,2,5,10,9.80525722288161,4.23037164729215
"1589",8,790,0,795,24,10,5,2,10,11,18.5986218007044,16.8564033541025
"1590",8,790,0,795,20,10,5,2,9,14,25.6620616611618,15.905567209012
"1591",8,791,0,795,11,9,5,1,11,10.9,19.0684398934578,19.2520703580903
"1592",8,791,0,795,12,9,5,1,11,13.4,25.4066386871755,20.3722662045125
"1593",8,791,0,795,7,9,5,1,10,16.8,34.0471774737275,18.0770256845458
"1594",8,791,0,795,8,9,5,1,10,10,16.09,16.09
"1595",8,791,0,795,4,9,5,1,12,10,17.4592916410979,21.1528089781298
"1596",8,791,0,795,30,9,5,1,22,9.5,13.5487728649241,49.047407573662
"1597",8,791,0,795,6,9,5,1,10,10,16.09,16.09
"1598",8,791,0,795,14,9,5,1,13.6,8,13.552635204072,23.660313650674
"1599",8,791,0,795,10,9,5,1,10.6,22,49.330859177941,15.6451699407703
"1600",8,791,0,795,13,9,5,1,12,15,29.9728028637603,22.8644235295023
"1601",8,791,0,795,5,9,5,1,10,0,-6.49012228739172,-0.567362231913221
"1602",8,791,0,795,29,9,5,1,14,25,57.676705291618,17.813338440023
"1603",8,791,0,795,9,9,5,1,10,15.7,30.9994924851926,18.2682147944852
"1604",8,791,0,795,15,9,5,1,28,2,-6.5735434450149,63.1865480945135
"1605",8,791,0,795,28,9,5,1,14,10,18.1745230137677,26.3978794631435
"1606",8,791,0,795,27,9,5,1,13,8,13.309268318582,22.0203605515917
"1607",8,791,0,795,3,9,5,1,10,26.4,62.9853933038756,8.01033233300182
"1608",8,791,0,795,19,9,5,1,10,8.5,12.4125023802951,14.6338042180205
"1609",8,791,0,795,22,9,5,1,9,13.5,24.3094444462345,15.7638149386062
"1610",8,791,0,795,16,9,5,1,14,10,18.1745230137677,26.3978794631435
"1611",8,791,0,795,2,9,5,1,22,28,56.1401074328496,27.4967981402006
"1612",8,791,0,795,26,9,5,1,12,20,43.6254485044466,20.4881614031983
"1613",8,791,0,795,18,9,5,1,10,10,16.09,16.09
"1614",8,791,0,795,23,9,5,1,16,7,11.8566737627467,29.4183637766163
"1615",8,791,0,795,25,9,5,1,14,8.2,14.1232096364465,24.9556765712593
"1616",8,791,0,795,17,9,5,1,10,13,23.7525615322762,17.8986648609863
"1617",8,791,0,795,1,9,5,1,28,18,19.2246377680868,62.7818777126083
"1618",8,791,0,795,20,9,5,1,14,9,15.905567209012,25.6620616611618
"1619",8,791,0,795,21,9,5,1,10,5,4.23037164729215,9.80525722288161
"1620",8,791,0,795,24,9,5,1,11,10,16.8564033541025,18.5986218007044
"1621",8,792,0,796,11,8,4,2,10,14,26.3978794631435,18.1745230137677
"1622",8,792,0,796,10,8,4,2,20,10,16.3958555212075,43.2266599594876
"1623",8,792,0,796,6,8,4,2,20,15,26.9683605515918,42.997268318582
"1624",8,792,0,796,9,8,4,2,5,15,24.0171488637872,7.64036661690786
"1625",8,792,0,796,12,8,4,2,6,20,40.466902064285,8.75802827787728
"1626",8,792,0,796,13,8,4,2,14,23,51.8173977571988,21.0836397821642
"1627",8,792,0,796,8,8,4,2,14,12.5,24.0462610488111,27.5220455495046
"1628",8,792,0,796,4,8,4,2,20,25,51.5307738664322,30.2748550037415
"1629",8,792,0,796,5,8,4,2,18,10,17.6428049538224,37.4348049538224
"1630",8,792,0,796,30,8,4,2,12,25,58.4172285631568,14.0240225992179
"1631",8,792,0,796,14,8,4,2,14,25,57.676705291618,17.813338440023
"1632",8,792,0,796,7,8,4,2,8,20.1,42.4778932919008,12.4159996233848
"1633",8,792,0,796,28,8,4,2,18,12.5,23.0292914407963,38.0737194921139
"1634",8,792,0,796,29,8,4,2,10,16,31.8252114550411,18.2356941180092
"1635",8,792,0,796,3,8,4,2,18,25.5,55.6297328776972,24.9219320801938
"1636",8,792,0,796,26,8,4,2,10,22,49.2007764720366,14.4948458201642
"1637",8,792,0,796,15,8,4,2,10,25,58.5036915662674,10.4169682652965
"1638",8,792,0,796,27,8,4,2,12,15,29.9728028637603,22.8644235295023
"1639",8,792,0,796,2,8,4,2,18,6,9.61677647203666,34.2868458201642
"1640",8,792,0,796,1,8,4,2,28,4,-3.98668606747061,65.4251752362742
"1641",8,792,0,796,22,8,4,2,15,19,40.3211839014237,27.9162185754875
"1642",8,792,0,796,23,8,4,2,10,20,43.2266599594876,16.3958555212075
"1643",8,792,0,796,16,8,4,2,10,10,16.09,16.09
"1644",8,792,0,796,21,8,4,2,18,25,54.2334779432557,25.9387546422849
"1645",8,792,0,796,17,8,4,2,2,10,4.07223075132588,-2.33862084368105
"1646",8,792,0,796,19,8,4,2,12,15,29.9728028637603,22.8644235295023
"1647",8,792,0,796,24,8,4,2,11,28,68.1096456185641,6.5026241206446
"1648",8,792,0,796,25,8,4,2,10,24,55.3571544914695,11.9397758506928
"1649",8,792,0,796,20,8,4,2,13,28,67.4050015523977,9.90965827916614
"1650",8,792,0,796,18,8,4,2,8,18.9,38.8589806909324,13.1458179516814
"1651",8,793,0,796,13,7,4,1,23,14,21.0836397821642,51.8173977571988
"1652",8,793,0,796,11,7,4,1,14,10,18.1745230137677,26.3978794631435
"1653",8,793,0,796,6,7,4,1,15,20,42.997268318582,26.9683605515918
"1654",8,793,0,796,7,7,4,1,20.1,8,12.4159996233848,42.4778932919008
"1655",8,793,0,796,12,7,4,1,20,6,8.75802827787728,40.466902064285
"1656",8,793,0,796,14,7,4,1,25,14,17.813338440023,57.676705291618
"1657",8,793,0,796,10,7,4,1,10,20,43.2266599594876,16.3958555212075
"1658",8,793,0,796,15,7,4,1,25,10,10.4169682652965,58.5036915662674
"1659",8,793,0,796,8,7,4,1,12.5,14,27.5220455495046,24.0462610488111
"1660",8,793,0,796,9,7,4,1,15,5,7.64036661690786,24.0171488637872
"1661",8,793,0,796,30,7,4,1,25,12,14.0240225992179,58.4172285631568
"1662",8,793,0,796,29,7,4,1,16,10,18.2356941180092,31.8252114550411
"1663",8,793,0,796,4,7,4,1,25,20,30.2748550037415,51.5307738664322
"1664",8,793,0,796,16,7,4,1,10,10,16.09,16.09
"1665",8,793,0,796,5,7,4,1,10,18,37.4348049538224,17.6428049538224
"1666",8,793,0,796,28,7,4,1,12.5,18,38.0737194921139,23.0292914407963
"1667",8,793,0,796,2,7,4,1,6,18,34.2868458201642,9.61677647203666
"1668",8,793,0,796,3,7,4,1,25.5,18,24.9219320801938,55.6297328776972
"1669",8,793,0,796,24,7,4,1,28,11,6.5026241206446,68.1096456185641
"1670",8,793,0,796,17,7,4,1,10,2,-2.33862084368105,4.07223075132588
"1671",8,793,0,796,1,7,4,1,4,28,65.4251752362742,-3.98668606747061
"1672",8,793,0,796,26,7,4,1,22,10,14.4948458201642,49.2007764720366
"1673",8,793,0,796,27,7,4,1,15,12,22.8644235295023,29.9728028637603
"1674",8,793,0,796,23,7,4,1,20,10,16.3958555212075,43.2266599594876
"1675",8,793,0,796,18,7,4,1,18.9,8,13.1458179516814,38.8589806909324
"1676",8,793,0,796,19,7,4,1,15,12,22.8644235295023,29.9728028637603
"1677",8,793,0,796,22,7,4,1,19,15,27.9162185754875,40.3211839014237
"1678",8,793,0,796,25,7,4,1,24,10,11.9397758506928,55.3571544914695
"1679",8,793,0,796,21,7,4,1,25,18,25.9387546422849,54.2334779432557
"1680",8,793,0,796,20,7,4,1,28,13,9.90965827916614,67.4050015523977
"1681",8,794,0,797,7,6,3,2,10,2,-2.33862084368105,4.07223075132588
"1682",8,794,0,797,10,6,3,2,14,18,37.9665230137677,26.3978794631435
"1683",8,794,0,797,11,6,3,2,12,6,8.26865944394536,16.8402461291049
"1684",8,794,0,797,30,6,3,2,2,0,-22.3899039206219,-22.8779954601503
"1685",8,794,0,797,14,6,3,2,2,10,4.07223075132588,-2.33862084368105
"1686",8,794,0,797,6,6,3,2,4,18,31.7317758506928,5.87715449146952
"1687",8,794,0,797,8,6,3,2,0,16,18.0793585115449,-1.43291888096552
"1688",8,794,0,797,13,6,3,2,2,16,22.1366496371006,2.13628070506175
"1689",8,794,0,797,5,6,3,2,20,2,1.84924706208246,35.0909030953695
"1690",8,794,0,797,29,6,3,2,6,14,22.4735178525741,9.37209205507069
"1691",8,794,0,797,15,6,3,2,22,16,26.7362461291048,47.8526594439454
"1692",8,794,0,797,9,6,3,2,22,14,22.4735178525741,48.9560920550707
"1693",8,794,0,797,12,6,3,2,14,10,18.1745230137677,26.3978794631435
"1694",8,794,0,797,28,6,3,2,4,6,-2.68567368483825,-3.87022569593395
"1695",8,794,0,797,4,6,3,2,8,14,24.762728792073,13.6821767809773
"1696",8,794,0,797,3,6,3,2,12,12,22.328,22.328
"1697",8,794,0,797,16,6,3,2,16,18,37.251291641098,31.0488089781299
"1698",8,794,0,797,22,6,3,2,2,8,-1.58471919683134,-5.13837523011844
"1699",8,794,0,797,2,6,3,2,6,16,28.2890510829273,9.82146439776778
"1700",8,794,0,797,26,6,3,2,10,14,26.3978794631435,18.1745230137677
"1701",8,794,0,797,18,6,3,2,12,14,27.3789698657859,22.8491307534419
"1702",8,794,0,797,21,6,3,2,4,14,19.5302466446471,5.24426883604795
"1703",8,794,0,797,17,6,3,2,14,22,48.9560920550707,22.4735178525741
"1704",8,794,0,797,25,6,3,2,16,26,59.1830732743281,19.8074422063669
"1705",8,794,0,797,1,6,3,2,22,10,14.4948458201642,49.2007764720366
"1706",8,794,0,797,27,6,3,2,6,14,22.4735178525741,9.37209205507069
"1707",8,794,0,797,23,6,3,2,2,2,-17.462,-17.462
"1708",8,794,0,797,24,6,3,2,14,14,27.706,27.706
"1709",8,794,0,797,19,6,3,2,26,12,12.2406496371006,61.5122807050617
"1710",8,794,0,797,20,6,3,2,6,14,22.4735178525741,9.37209205507069
"1711",8,795,0,797,11,5,3,1,6,12,16.8402461291049,8.26865944394536
"1712",8,795,0,797,7,5,3,1,2,10,4.07223075132588,-2.33862084368105
"1713",8,795,0,797,10,5,3,1,18,14,26.3978794631435,37.9665230137677
"1714",8,795,0,797,8,5,3,1,16,0,-1.43291888096552,18.0793585115449
"1715",8,795,0,797,13,5,3,1,16,2,2.13628070506175,22.1366496371006
"1716",8,795,0,797,12,5,3,1,10,14,26.3978794631435,18.1745230137677
"1717",8,795,0,797,16,5,3,1,18,16,31.0488089781299,37.251291641098
"1718",8,795,0,797,15,5,3,1,16,22,47.8526594439454,26.7362461291048
"1719",8,795,0,797,9,5,3,1,14,22,48.9560920550707,22.4735178525741
"1720",8,795,0,797,18,5,3,1,14,12,22.8491307534419,27.3789698657859
"1721",8,795,0,797,6,5,3,1,18,4,5.87715449146952,31.7317758506928
"1722",8,795,0,797,4,5,3,1,14,8,13.6821767809773,24.762728792073
"1723",8,795,0,797,17,5,3,1,22,14,22.4735178525741,48.9560920550707
"1724",8,795,0,797,29,5,3,1,14,6,9.37209205507069,22.4735178525741
"1725",8,795,0,797,14,5,3,1,10,2,-2.33862084368105,4.07223075132588
"1726",8,795,0,797,19,5,3,1,12,26,61.5122807050617,12.2406496371006
"1727",8,795,0,797,30,5,3,1,0,2,-22.8779954601503,-22.3899039206219
"1728",8,795,0,797,20,5,3,1,14,6,9.37209205507069,22.4735178525741
"1729",8,795,0,797,26,5,3,1,14,10,18.1745230137677,26.3978794631435
"1730",8,795,0,797,5,5,3,1,2,20,35.0909030953695,1.84924706208246
"1731",8,795,0,797,28,5,3,1,6,4,-3.87022569593395,-2.68567368483825
"1732",8,795,0,797,3,5,3,1,12,12,22.328,22.328
"1733",8,795,0,797,27,5,3,1,14,6,9.37209205507069,22.4735178525741
"1734",8,795,0,797,21,5,3,1,14,4,5.24426883604795,19.5302466446471
"1735",8,795,0,797,2,5,3,1,16,6,9.82146439776778,28.2890510829273
"1736",8,795,0,797,1,5,3,1,10,22,49.2007764720366,14.4948458201642
"1737",8,795,0,797,23,5,3,1,2,2,-17.462,-17.462
"1738",8,795,0,797,25,5,3,1,26,16,19.8074422063669,59.1830732743281
"1739",8,795,0,797,24,5,3,1,14,14,27.706,27.706
"1740",8,795,0,797,22,5,3,1,8,2,-5.13837523011844,-1.58471919683134
"1741",8,796,0,798,12,4,2,2,8.2,6.6,5.81295694156482,7.56346745474096
"1742",8,796,0,798,20,4,2,2,10,7.5,10.0177940213931,13.4586131961504
"1743",8,796,0,798,11,4,2,2,14,10.6,19.5577678774471,26.7608829121212
"1744",8,796,0,798,8,4,2,2,14,16.2,33.2590682116647,27.3102935376009
"1745",8,796,0,798,10,4,2,2,14,18.2,38.4986866226789,26.2637971081157
"1746",8,796,0,798,19,4,2,2,11,14,26.9701821980182,20.4890441952443
"1747",8,796,0,798,16,4,2,2,11,7.6,11.13807814097,16.2085726485983
"1748",8,796,0,798,9,4,2,2,16,9.6,17.3614640747459,31.5893262661467
"1749",8,796,0,798,13,4,2,2,15,12.6,24.2732317523627,30.1104731393253
"1750",8,796,0,798,7,4,2,2,7,10.2,13.3368937579375,9.03300382728565
"1751",8,796,0,798,6,4,2,2,17,6.8,11.3865801064556,32.1428769996595
"1752",8,796,0,798,17,4,2,2,14,13.2,25.7413809205507,27.6536751785257
"1753",8,796,0,798,21,4,2,2,16,15.2,30.2641165654883,32.5109395335882
"1754",8,796,0,798,14,4,2,2,14,20.2,43.9205665405768,24.5632404102023
"1755",8,796,0,798,22,4,2,2,16,15.1,30.0211815781268,32.5394487972668
"1756",8,796,0,798,15,4,2,2,20,6.5,9.67288697866272,40.954947484904
"1757",8,796,0,798,23,4,2,2,16,15.3,30.507507206617,32.4807951192384
"1758",8,796,0,798,30,4,2,2,16,13.8,26.9044912352431,32.7612705140225
"1759",8,796,0,798,5,4,2,2,12,6.3,8.93266807465167,17.2544392050261
"1760",8,796,0,798,4,4,2,2,9,16.5,32.5960178985016,16.0011470593893
"1761",8,796,0,798,3,4,2,2,11,14.2,27.4950085984368,20.5148889867863
"1762",8,796,0,798,18,4,2,2,22,8.2,11.1422946720632,48.4573358093725
"1763",8,796,0,798,28,4,2,2,22,15.2,25.0092834376665,48.3725197206069
"1764",8,796,0,798,29,4,2,2,20,12.3,21.1177273404657,43.6288540880385
"1765",8,796,0,798,2,4,2,2,18,10.3,18.2741467579414,37.5654346705627
"1766",8,796,0,798,26,4,2,2,15,19,40.3211839014237,27.9162185754875
"1767",8,796,0,798,24,4,2,2,15.5,15,29.9460405056546,31.3137157830471
"1768",8,796,0,798,27,4,2,2,20,12,20.4881614031983,43.6254485044466
"1769",8,796,0,798,25,4,2,2,16,18,37.251291641098,31.0488089781299
"1770",8,796,0,798,1,4,2,2,12,15.2,30.4970373085617,22.8478602766615
"1771",8,797,0,798,13,3,2,1,12.6,15,30.1104731393253,24.2732317523627
"1772",8,797,0,798,11,3,2,1,10.6,14,26.7608829121212,19.5577678774471
"1773",8,797,0,798,20,3,2,1,7.5,10,13.4586131961504,10.0177940213931
"1774",8,797,0,798,7,3,2,1,10.2,7,9.03300382728565,13.3368937579375
"1775",8,797,0,798,10,3,2,1,18.2,14,26.2637971081157,38.4986866226789
"1776",8,797,0,798,9,3,2,1,9.6,16,31.5893262661467,17.3614640747459
"1777",8,797,0,798,12,3,2,1,6.6,8.2,7.56346745474096,5.81295694156482
"1778",8,797,0,798,14,3,2,1,20.2,14,24.5632404102023,43.9205665405768
"1779",8,797,0,798,16,3,2,1,7.6,11,16.2085726485983,11.13807814097
"1780",8,797,0,798,19,3,2,1,14,11,20.4890441952443,26.9701821980182
"1781",8,797,0,798,18,3,2,1,8.2,22,48.4573358093725,11.1422946720632
"1782",8,797,0,798,21,3,2,1,15.2,16,32.5109395335882,30.2641165654883
"1783",8,797,0,798,6,3,2,1,6.8,17,32.1428769996595,11.3865801064556
"1784",8,797,0,798,8,3,2,1,16.2,14,27.3102935376009,33.2590682116647
"1785",8,797,0,798,17,3,2,1,13.2,14,27.6536751785257,25.7413809205507
"1786",8,797,0,798,28,3,2,1,15.2,22,48.3725197206069,25.0092834376665
"1787",8,797,0,798,5,3,2,1,6.3,12,17.2544392050261,8.93266807465167
"1788",8,797,0,798,15,3,2,1,6.5,20,40.954947484904,9.67288697866272
"1789",8,797,0,798,27,3,2,1,12,20,43.6254485044466,20.4881614031983
"1790",8,797,0,798,23,3,2,1,15.3,16,32.4807951192384,30.507507206617
"1791",8,797,0,798,1,3,2,1,15.2,12,22.8478602766615,30.4970373085617
"1792",8,797,0,798,22,3,2,1,15.1,16,32.5394487972668,30.0211815781268
"1793",8,797,0,798,4,3,2,1,16.5,9,16.0011470593893,32.5960178985016
"1794",8,797,0,798,26,3,2,1,19,15,27.9162185754875,40.3211839014237
"1795",8,797,0,798,30,3,2,1,13.8,16,32.7612705140225,26.9044912352431
"1796",8,797,0,798,3,3,2,1,14.2,11,20.5148889867863,27.4950085984368
"1797",8,797,0,798,25,3,2,1,18,16,31.0488089781299,37.251291641098
"1798",8,797,0,798,29,3,2,1,12.3,20,43.6288540880385,21.1177273404657
"1799",8,797,0,798,2,3,2,1,10.3,18,37.5654346705627,18.2741467579414
"1800",8,797,0,798,24,3,2,1,15,15.5,31.3137157830471,29.9460405056546
"1801",8,798,0,799,22,2,1,2,2,18,28.5226456127931,2.31979401778622
"1802",8,798,0,799,6,2,1,2,12,12,22.328,22.328
"1803",8,798,0,799,10,2,1,2,22,20,35.8084872028178,43.68361341641
"1804",8,798,0,799,13,2,1,2,24,18,27.8497634661367,51.4751421069135
"1805",8,798,0,799,5,2,1,2,10,10,16.09,16.09
"1806",8,798,0,799,14,2,1,2,20,18,33.8586480904738,40.897452528754
"1807",8,798,0,799,15,2,1,2,18,18,35.882,35.882
"1808",8,798,0,799,11,2,1,2,0,18,24.6594551064652,-1.05530494901324
"1809",8,798,0,799,12,2,1,2,0,0,-28,-28
"1810",8,798,0,799,21,2,1,2,2,8,-1.58471919683134,-5.13837523011844
"1811",8,798,0,799,23,2,1,2,10,18,37.4348049538224,17.6428049538224
"1812",8,798,0,799,19,2,1,2,28,10,4.86745510646527,68.2166950509867
"1813",8,798,0,799,20,2,1,2,4,12,13.70287430195,3.94673560569482
"1814",8,798,0,799,28,2,1,2,28,18,19.2246377680868,62.7818777126083
"1815",8,798,0,799,30,2,1,2,25,18,25.9387546422849,54.2334779432557
"1816",8,798,0,799,7,2,1,2,14,14,27.706,27.706
"1817",8,798,0,799,8,2,1,2,28,16,15.3619498423557,65.1216724498452
"1818",8,798,0,799,9,2,1,2,20,18,33.8586480904738,40.897452528754
"1819",8,798,0,799,18,2,1,2,8,20,42.1738111461004,12.4858111461005
"1820",8,798,0,799,29,2,1,2,0,10,-0.567362231913221,-6.49012228739172
"1821",8,798,0,799,16,2,1,2,28,18,19.2246377680868,62.7818777126083
"1822",8,798,0,799,17,2,1,2,4,18,31.7317758506928,5.87715449146952
"1823",8,798,0,799,26,2,1,2,6,18,34.2868458201642,9.61677647203666
"1824",8,798,0,799,1,2,1,2,2,2,-17.462,-17.462
"1825",8,798,0,799,24,2,1,2,6,10,11.3892359125194,6.5111665643918
"1826",8,798,0,799,27,2,1,2,8,8,8.992,8.992
"1827",8,798,0,799,25,2,1,2,0,20,31.4218132082695,-1.3317512854892
"1828",8,798,0,799,4,2,1,2,8,28,67.9402487145108,1.73381320826947
"1829",8,798,0,799,3,2,1,2,6,8,6.12048720281778,4.09961341641002
"1830",8,798,0,799,2,2,1,2,4,28,65.4251752362742,-3.98668606747061
"1831",8,799,0,799,1,1,1,1,2,2,-17.462,-17.462
"1832",8,799,0,799,27,1,1,1,8,8,8.992,8.992
"1833",8,799,0,799,4,1,1,1,28,8,1.73381320826947,67.9402487145108
"1834",8,799,0,799,30,1,1,1,18,25,54.2334779432557,25.9387546422849
"1835",8,799,0,799,7,1,1,1,14,14,27.706,27.706
"1836",8,799,0,799,10,1,1,1,20,22,43.68361341641,35.8084872028178
"1837",8,799,0,799,11,1,1,1,18,0,-1.05530494901324,24.6594551064652
"1838",8,799,0,799,13,1,1,1,18,24,51.4751421069135,27.8497634661367
"1839",8,799,0,799,14,1,1,1,18,20,40.897452528754,33.8586480904738
"1840",8,799,0,799,16,1,1,1,18,28,62.7818777126083,19.2246377680868
"1841",8,799,0,799,19,1,1,1,10,28,68.2166950509867,4.86745510646527
"1842",8,799,0,799,20,1,1,1,12,4,3.94673560569482,13.70287430195
"1843",8,799,0,799,22,1,1,1,18,2,2.31979401778622,28.5226456127931
"1844",8,799,0,799,23,1,1,1,18,10,17.6428049538224,37.4348049538224
"1845",8,799,0,799,2,1,1,1,28,4,-3.98668606747061,65.4251752362742
"1846",8,799,0,799,28,1,1,1,18,28,62.7818777126083,19.2246377680868
"1847",8,799,0,799,5,1,1,1,10,10,16.09,16.09
"1848",8,799,0,799,6,1,1,1,12,12,22.328,22.328
"1849",8,799,0,799,8,1,1,1,16,28,65.1216724498452,15.3619498423557
"1850",8,799,0,799,9,1,1,1,18,20,40.897452528754,33.8586480904738
"1851",8,799,0,799,12,1,1,1,0,0,-28,-28
"1852",8,799,0,799,21,1,1,1,8,2,-5.13837523011844,-1.58471919683134
"1853",8,799,0,799,15,1,1,1,18,18,35.882,35.882
"1854",8,799,0,799,17,1,1,1,18,4,5.87715449146952,31.7317758506928
"1855",8,799,0,799,18,1,1,1,20,8,12.4858111461005,42.1738111461004
"1856",8,799,0,799,29,1,1,1,10,0,-6.49012228739172,-0.567362231913221
"1857",8,799,0,799,26,1,1,1,18,6,9.61677647203666,34.2868458201642
"1858",8,799,0,799,24,1,1,1,10,6,6.5111665643918,11.3892359125194
"1859",8,799,0,799,3,1,1,1,8,6,4.09961341641002,6.12048720281778
"1860",8,799,0,799,25,1,1,1,20,0,-1.3317512854892,31.4218132082695
"1861",11,1086,0,1093,6,14,7,2,2,12,9.91144220636694,-0.192926725671888
"1862",11,1086,0,1093,28,14,7,2,5,10,9.80525722288161,4.23037164729215
"1863",11,1086,0,1093,7,14,7,2,28,2.1,-6.44852928692618,63.3140133829767
"1864",11,1086,0,1093,5,14,7,2,5,1.5,-11.7406450772929,-10.948296776322
"1865",11,1086,0,1093,2,14,7,2,4,19.5,36.4953064819339,5.439986960436
"1866",11,1086,0,1093,13,14,7,2,0.5,2,-21.4626784449476,-21.1750149567368
"1867",11,1086,0,1093,14,14,7,2,5.5,2,-9.55784046564238,-8.39960138797248
"1868",11,1086,0,1093,16,14,7,2,1.2,2.8,-17.4966600625961,-17.4407155410982
"1869",11,1086,0,1093,10,14,7,2,12,2.2,0.21283773965501,10.3200181280045
"1870",11,1086,0,1093,19,14,7,2,5,4,-5.74535531441345,-5.2576195307796
"1871",11,1086,0,1093,22,14,7,2,1,4.5,-13.5507421646715,-13.9771996889433
"1872",11,1086,0,1093,23,14,7,2,3.5,0,-18.6115589122443,-18.9168829413705
"1873",11,1086,0,1093,25,14,7,2,3,1.7,-15.7355220833005,-15.6858454050758
"1874",11,1086,0,1093,26,14,7,2,0.3,10,0.170273057684945,-5.87901624189897
"1875",11,1086,0,1093,3,14,7,2,12,0,-4.15032755015476,5.46594984235564
"1876",11,1086,0,1093,29,14,7,2,9,0,-7.90529225667079,-3.51567020396622
"1877",11,1086,0,1093,8,14,7,2,2.2,3,-14.4337787743175,-14.506165126606
"1878",11,1086,0,1093,9,14,7,2,4.9,1.2,-12.6510357245004,-11.9681299061925
"1879",11,1086,0,1093,11,14,7,2,4,12,13.70287430195,3.94673560569482
"1880",11,1086,0,1093,12,14,7,2,3.9,2.2,-12.4382524203747,-12.1244848822332
"1881",11,1086,0,1093,15,14,7,2,3.5,3,-11.3697181628613,-11.2565255484369
"1882",11,1086,0,1093,17,14,7,2,1.3,1.8,-19.7909847370638,-19.7264589742344
"1883",11,1086,0,1093,18,14,7,2,4,2.8,-10.7555102657928,-10.4462135112852
"1884",11,1086,0,1093,20,14,7,2,5.7,4.5,-3.19934731849739,-2.46352645858061
"1885",11,1086,0,1093,21,14,7,2,5.6,5.5,-0.910458386708629,-0.839731361743306
"1886",11,1086,0,1093,24,14,7,2,0.2,2.9,-19.9513328703681,-19.6028937510893
"1887",11,1086,0,1093,1,14,7,2,2,18,28.5226456127931,2.31979401778622
"1888",11,1086,0,1093,27,14,7,2,5.8,10,11.0855213799604,6.05136235083419
"1889",11,1086,0,1093,4,14,7,2,2,2.5,-16.2015456593939,-16.2101980519043
"1890",11,1086,0,1093,30,14,7,2,9,0,-7.90529225667079,-3.51567020396622
"1891",11,1087,0,1093,29,13,7,1,0,9,-3.51567020396622,-7.90529225667079
"1892",11,1087,0,1093,28,13,7,1,10,5,4.23037164729215,9.80525722288161
"1893",11,1087,0,1093,27,13,7,1,10,5.8,6.05136235083419,11.0855213799604
"1894",11,1087,0,1093,6,13,7,1,12,2,-0.192926725671888,9.91144220636694
"1895",11,1087,0,1093,4,13,7,1,2.5,2,-16.2101980519043,-16.2015456593939
"1896",11,1087,0,1093,7,13,7,1,2.1,28,63.3140133829767,-6.44852928692618
"1897",11,1087,0,1093,30,13,7,1,0,9,-3.51567020396622,-7.90529225667079
"1898",11,1087,0,1093,5,13,7,1,1.5,5,-10.948296776322,-11.7406450772929
"1899",11,1087,0,1093,14,13,7,1,2,5.5,-8.39960138797248,-9.55784046564238
"1900",11,1087,0,1093,15,13,7,1,3,3.5,-11.2565255484369,-11.3697181628613
"1901",11,1087,0,1093,2,13,7,1,19.5,4,5.439986960436,36.4953064819339
"1902",11,1087,0,1093,13,13,7,1,2,0.5,-21.1750149567368,-21.4626784449476
"1903",11,1087,0,1093,22,13,7,1,4.5,1,-13.9771996889433,-13.5507421646715
"1904",11,1087,0,1093,23,13,7,1,0,3.5,-18.9168829413705,-18.6115589122443
"1905",11,1087,0,1093,24,13,7,1,2.9,0.2,-19.6028937510893,-19.9513328703681
"1906",11,1087,0,1093,1,13,7,1,18,2,2.31979401778622,28.5226456127931
"1907",11,1087,0,1093,3,13,7,1,0,12,5.46594984235564,-4.15032755015476
"1908",11,1087,0,1093,11,13,7,1,12,4,3.94673560569482,13.70287430195
"1909",11,1087,0,1093,12,13,7,1,2.2,3.9,-12.1244848822332,-12.4382524203747
"1910",11,1087,0,1093,8,13,7,1,3,2.2,-14.506165126606,-14.4337787743175
"1911",11,1087,0,1093,10,13,7,1,2.2,12,10.3200181280045,0.21283773965501
"1912",11,1087,0,1093,19,13,7,1,4,5,-5.2576195307796,-5.74535531441345
"1913",11,1087,0,1093,20,13,7,1,4.5,5.7,-2.46352645858061,-3.19934731849739
"1914",11,1087,0,1093,16,13,7,1,2.8,1.2,-17.4407155410982,-17.4966600625961
"1915",11,1087,0,1093,17,13,7,1,1.8,1.3,-19.7264589742344,-19.7909847370638
"1916",11,1087,0,1093,26,13,7,1,10,0.3,-5.87901624189897,0.170273057684945
"1917",11,1087,0,1093,18,13,7,1,2.8,4,-10.4462135112852,-10.7555102657928
"1918",11,1087,0,1093,21,13,7,1,5.5,5.6,-0.839731361743306,-0.910458386708629
"1919",11,1087,0,1093,25,13,7,1,1.7,3,-15.6858454050758,-15.7355220833005
"1920",11,1087,0,1093,9,13,7,1,1.2,4.9,-11.9681299061925,-12.6510357245004
"1921",11,1088,0,1094,7,12,6,2,4,18,31.7317758506928,5.87715449146952
"1922",11,1088,0,1094,29,12,6,2,6,12,16.8402461291049,8.26865944394536
"1923",11,1088,0,1094,2,12,6,2,8,10,14.0666480904738,11.209452528754
"1924",11,1088,0,1094,6,12,6,2,0,4.5,-16.2191845412828,-16.2970560738764
"1925",11,1088,0,1094,28,12,6,2,10,16,31.8252114550411,18.2356941180092
"1926",11,1088,0,1094,1,12,6,2,5,10,9.80525722288161,4.23037164729215
"1927",11,1088,0,1094,5,12,6,2,15,0,-1.86699844760225,14.8576582791661
"1928",11,1088,0,1094,27,12,6,2,13,20,43.5795701762654,22.6026624092752
"1929",11,1088,0,1094,9,12,6,2,5,20,39.3681749227167,6.96248490884714
"1930",11,1088,0,1094,30,12,6,2,2,6,-7.05940763810473,-8.59218988498406
"1931",11,1088,0,1094,8,12,6,2,4.1,9,5.49051618248656,1.00039778442831
"1932",11,1088,0,1094,4,12,6,2,9.8,28,68.2184831294184,4.54588914883591
"1933",11,1088,0,1094,16,12,6,2,12,9,15.0932855267284,20.3199408665342
"1934",11,1088,0,1094,26,12,6,2,11,12,21.8221620226184,19.8708631321885
"1935",11,1088,0,1094,3,12,6,2,9,28,68.1602294163023,3.27785146900689
"1936",11,1088,0,1094,14,12,6,2,12,10,17.4592916410979,21.1528089781298
"1937",11,1088,0,1094,23,12,6,2,16,10,18.2356941180092,31.8252114550411
"1938",11,1088,0,1094,25,12,6,2,12,11,19.8708631321885,21.8221620226184
"1939",11,1088,0,1094,10,12,6,2,6,16,28.2890510829273,9.82146439776778
"1940",11,1088,0,1094,13,12,6,2,9,9,12.6485,12.6485
"1941",11,1088,0,1094,12,12,6,2,8,10,14.0666480904738,11.209452528754
"1942",11,1088,0,1094,15,12,6,2,10,14,26.3978794631435,18.1745230137677
"1943",11,1088,0,1094,17,12,6,2,9,16.9,33.7318788149742,15.9216010965276
"1944",11,1088,0,1094,19,12,6,2,10,14.1,26.6649173519499,18.1931155003549
"1945",11,1088,0,1094,22,12,6,2,10,14,26.3978794631435,18.1745230137677
"1946",11,1088,0,1094,21,12,6,2,14,12,22.8491307534419,27.3789698657859
"1947",11,1088,0,1094,24,12,6,2,10,10,16.09,16.09
"1948",11,1088,0,1094,11,12,6,2,7,12,18.1636594420217,10.4979694281521
"1949",11,1088,0,1094,20,12,6,2,12,22.2,49.9934903699785,18.1475667361366
"1950",11,1088,0,1094,18,12,6,2,17,3.5,5.03351596618004,27.8478184973867
"1951",11,1089,0,1094,30,11,6,1,6,2,-8.59218988498406,-7.05940763810473
"1952",11,1089,0,1094,6,11,6,1,4.5,0,-16.2970560738764,-16.2191845412828
"1953",11,1089,0,1094,4,11,6,1,28,9.8,4.54588914883591,68.2184831294184
"1954",11,1089,0,1094,7,11,6,1,18,4,5.87715449146952,31.7317758506928
"1955",11,1089,0,1094,5,11,6,1,0,15,14.8576582791661,-1.86699844760225
"1956",11,1089,0,1094,29,11,6,1,12,6,8.26865944394536,16.8402461291049
"1957",11,1089,0,1094,2,11,6,1,10,8,11.209452528754,14.0666480904738
"1958",11,1089,0,1094,3,11,6,1,28,9,3.27785146900689,68.1602294163023
"1959",11,1089,0,1094,13,11,6,1,9,9,12.6485,12.6485
"1960",11,1089,0,1094,28,11,6,1,16,10,18.2356941180092,31.8252114550411
"1961",11,1089,0,1094,27,11,6,1,20,13,22.6026624092752,43.5795701762654
"1962",11,1089,0,1094,26,11,6,1,12,11,19.8708631321885,21.8221620226184
"1963",11,1089,0,1094,1,11,6,1,10,5,4.23037164729215,9.80525722288161
"1964",11,1089,0,1094,8,11,6,1,9,4.1,1.00039778442831,5.49051618248656
"1965",11,1089,0,1094,16,11,6,1,9,12,20.3199408665342,15.0932855267284
"1966",11,1089,0,1094,9,11,6,1,20,5,6.96248490884714,39.3681749227167
"1967",11,1089,0,1094,17,11,6,1,16.9,9,15.9216010965276,33.7318788149742
"1968",11,1089,0,1094,10,11,6,1,16,6,9.82146439776778,28.2890510829273
"1969",11,1089,0,1094,14,11,6,1,10,12,21.1528089781298,17.4592916410979
"1970",11,1089,0,1094,25,11,6,1,11,12,21.8221620226184,19.8708631321885
"1971",11,1089,0,1094,24,11,6,1,10,10,16.09,16.09
"1972",11,1089,0,1094,18,11,6,1,3.5,17,27.8478184973867,5.03351596618004
"1973",11,1089,0,1094,22,11,6,1,14,10,18.1745230137677,26.3978794631435
"1974",11,1089,0,1094,15,11,6,1,14,10,18.1745230137677,26.3978794631435
"1975",11,1089,0,1094,12,11,6,1,10,8,11.209452528754,14.0666480904738
"1976",11,1089,0,1094,21,11,6,1,12,14,27.3789698657859,22.8491307534419
"1977",11,1089,0,1094,23,11,6,1,10,16,31.8252114550411,18.2356941180092
"1978",11,1089,0,1094,20,11,6,1,22.2,12,18.1475667361366,49.9934903699785
"1979",11,1089,0,1094,11,11,6,1,12,7,10.4979694281521,18.1636594420217
"1980",11,1089,0,1094,19,11,6,1,14.1,10,18.1931155003549,26.6649173519499
"1981",11,1090,0,1095,9,10,5,2,26,12,12.2406496371006,61.5122807050617
"1982",11,1090,0,1095,7,10,5,2,26,12,12.2406496371006,61.5122807050617
"1983",11,1090,0,1095,6,10,5,2,26,22,32.5245923618953,50.7838101150159
"1984",11,1090,0,1095,8,10,5,2,0,12,5.46594984235564,-4.15032755015476
"1985",11,1090,0,1095,30,10,5,2,24.5,10,11.198811441383,56.9247273567783
"1986",11,1090,0,1095,29,10,5,2,22,24.5,46.8861962405332,35.8662109770103
"1987",11,1090,0,1095,10,10,5,2,12,10,17.4592916410979,21.1528089781298
"1988",11,1090,0,1095,4,10,5,2,26,10,8.73064561279314,61.6957940177862
"1989",11,1090,0,1095,28,10,5,2,22,22,40.618,40.618
"1990",11,1090,0,1095,3,10,5,2,10,16,31.8252114550411,18.2356941180092
"1991",11,1090,0,1095,26,10,5,2,22,24,45.609774304066,36.8983263151618
"1992",11,1090,0,1095,5,10,5,2,26,12,12.2406496371006,61.5122807050617
"1993",11,1090,0,1095,11,10,5,2,0,12,5.46594984235564,-4.15032755015476
"1994",11,1090,0,1095,1,10,5,2,28,16,15.3619498423557,65.1216724498452
"1995",11,1090,0,1095,12,10,5,2,0,12,5.46594984235564,-4.15032755015476
"1996",11,1090,0,1095,17,10,5,2,0,24,45.4933139325294,-3.84682476372583
"1997",11,1090,0,1095,2,10,5,2,14,16,32.7451307534419,27.3789698657859
"1998",11,1090,0,1095,14,10,5,2,26,4,-0.705797418826141,58.3219723453902
"1999",11,1090,0,1095,27,10,5,2,26,22,32.5245923618953,50.7838101150159
"2000",11,1090,0,1095,25,10,5,2,24,22,36.8983263151618,45.609774304066
"2001",11,1090,0,1095,13,10,5,2,0,24,45.4933139325294,-3.84682476372583
"2002",11,1090,0,1095,22,10,5,2,26,20,28.1032808031687,54.2376247698816
"2003",11,1090,0,1095,16,10,5,2,0,4,-17.5737294134168,-17.433868109672
"2004",11,1090,0,1095,15,10,5,2,0,12,5.46594984235564,-4.15032755015476
"2005",11,1090,0,1095,19,10,5,2,26,24,37.1281654275057,46.6759351917221
"2006",11,1090,0,1095,18,10,5,2,26,24,37.1281654275057,46.6759351917221
"2007",11,1090,0,1095,23,10,5,2,0,24,45.4933139325294,-3.84682476372583
"2008",11,1090,0,1095,21,10,5,2,24,20,32.2829141372073,48.8694883397039
"2009",11,1090,0,1095,24,10,5,2,24,14,19.5302466446471,54.7242688360479
"2010",11,1090,0,1095,20,10,5,2,24,24,41.696,41.696
"2011",11,1091,0,1095,11,9,5,1,12,0,-4.15032755015476,5.46594984235564
"2012",11,1091,0,1095,12,9,5,1,12,0,-4.15032755015476,5.46594984235564
"2013",11,1091,0,1095,7,9,5,1,12,26,61.5122807050617,12.2406496371006
"2014",11,1091,0,1095,8,9,5,1,12,0,-4.15032755015476,5.46594984235564
"2015",11,1091,0,1095,4,9,5,1,10,26,61.6957940177862,8.73064561279314
"2016",11,1091,0,1095,30,9,5,1,10,24.5,56.9247273567783,11.198811441383
"2017",11,1091,0,1095,6,9,5,1,22,26,50.7838101150159,32.5245923618953
"2018",11,1091,0,1095,14,9,5,1,4,26,58.3219723453902,-0.705797418826141
"2019",11,1091,0,1095,10,9,5,1,10,12,21.1528089781298,17.4592916410979
"2020",11,1091,0,1095,13,9,5,1,24,0,-3.84682476372583,45.4933139325294
"2021",11,1091,0,1095,5,9,5,1,12,26,61.5122807050617,12.2406496371006
"2022",11,1091,0,1095,29,9,5,1,24.5,22,35.8662109770103,46.8861962405332
"2023",11,1091,0,1095,9,9,5,1,12,26,61.5122807050617,12.2406496371006
"2024",11,1091,0,1095,15,9,5,1,12,0,-4.15032755015476,5.46594984235564
"2025",11,1091,0,1095,28,9,5,1,22,22,40.618,40.618
"2026",11,1091,0,1095,27,9,5,1,22,26,50.7838101150159,32.5245923618953
"2027",11,1091,0,1095,3,9,5,1,16,10,18.2356941180092,31.8252114550411
"2028",11,1091,0,1095,19,9,5,1,24,26,46.6759351917221,37.1281654275057
"2029",11,1091,0,1095,22,9,5,1,20,26,54.2376247698816,28.1032808031687
"2030",11,1091,0,1095,16,9,5,1,4,0,-17.433868109672,-17.5737294134168
"2031",11,1091,0,1095,2,9,5,1,16,14,27.3789698657859,32.7451307534419
"2032",11,1091,0,1095,26,9,5,1,24,22,36.8983263151618,45.609774304066
"2033",11,1091,0,1095,18,9,5,1,24,26,46.6759351917221,37.1281654275057
"2034",11,1091,0,1095,23,9,5,1,24,0,-3.84682476372583,45.4933139325294
"2035",11,1091,0,1095,25,9,5,1,22,24,45.609774304066,36.8983263151618
"2036",11,1091,0,1095,17,9,5,1,24,0,-3.84682476372583,45.4933139325294
"2037",11,1091,0,1095,1,9,5,1,16,28,65.1216724498452,15.3619498423557
"2038",11,1091,0,1095,20,9,5,1,24,24,41.696,41.696
"2039",11,1091,0,1095,21,9,5,1,20,24,48.8694883397039,32.2829141372073
"2040",11,1091,0,1095,24,9,5,1,14,24,54.7242688360479,19.5302466446471
"2041",11,1092,0,1096,11,8,4,2,0.5,0.9,-24.275646968198,-24.1529390070329
"2042",11,1092,0,1096,10,8,4,2,0.1,0.8,-25.6809128419267,-25.4295848322179
"2043",11,1092,0,1096,6,8,4,2,16,16,32.224,32.224
"2044",11,1092,0,1096,9,8,4,2,6,0.2,-12.6861240667435,-11.5549897255507
"2045",11,1092,0,1096,12,8,4,2,1.1,0.8,-22.8492788992403,-22.925628836827
"2046",11,1092,0,1096,13,8,4,2,2,0.9,-20.1949020178189,-20.3598575448647
"2047",11,1092,0,1096,8,8,4,2,0.1,0.6,-26.1894088702122,-25.999434841086
"2048",11,1092,0,1096,4,8,4,2,6,-1,-15.333395843152,-14.8463715713074
"2049",11,1092,0,1096,5,8,4,2,1,0.8,-23.1250841154892,-23.1780748783186
"2050",11,1092,0,1096,30,8,4,2,2.5,8,-0.478492713156524,-4.02349635393322
"2051",11,1092,0,1096,14,8,4,2,2.5,0.5,-19.8868191425359,-20.1658302382363
"2052",11,1092,0,1096,7,8,4,2,18,0.1,-0.890878711461758,24.8681485631568
"2053",11,1092,0,1096,28,8,4,2,2.9,0.6,-18.6457177131084,-18.8463592179628
"2054",11,1092,0,1096,29,8,4,2,2.5,7,-3.21435704475022,-5.64438357040903
"2055",11,1092,0,1096,3,8,4,2,10,6,6.5111665643918,11.3892359125194
"2056",11,1092,0,1096,26,8,4,2,2.7,0.7,-18.9006352313015,-19.0960141494707
"2057",11,1092,0,1096,15,8,4,2,2.5,0.6,-19.6449006461976,-19.8900985449493
"2058",11,1092,0,1096,27,8,4,2,2.8,0.9,-18.1689385726886,-18.2949606184583
"2059",11,1092,0,1096,2,8,4,2,10,0.4,-5.6744029192003,0.412881186208859
"2060",11,1092,0,1096,1,8,4,2,28,2,-6.5735434450149,63.1865480945135
"2061",11,1092,0,1096,22,8,4,2,2.9,0.1,-19.8410486261665,-20.231664160147
"2062",11,1092,0,1096,23,8,4,2,2.7,0.2,-20.1030969286763,-20.4779958537803
"2063",11,1092,0,1096,16,8,4,2,4,0.9,-15.3262114855215,-15.1429367767837
"2064",11,1092,0,1096,21,8,4,2,2.5,0.4,-20.128281985107,-20.4431970821944
"2065",11,1092,0,1096,17,8,4,2,2.5,0.5,-19.8868191425359,-20.1658302382363
"2066",11,1092,0,1096,19,8,4,2,2.5,6,-5.90465599962296,-7.4287858539919
"2067",11,1092,0,1096,24,8,4,2,2.5,0.4,-20.128281985107,-20.4431970821944
"2068",11,1092,0,1096,25,8,4,2,3,0.6,-18.4000098565138,-18.5842852517981
"2069",11,1092,0,1096,20,8,4,2,3.9,0.6,-16.2622209273605,-16.2051151367918
"2070",11,1092,0,1096,18,8,4,2,3,0.4,-18.8785386799425,-19.1325312735625
"2071",11,1093,0,1096,13,7,4,1,0.9,2,-20.3598575448647,-20.1949020178189
"2072",11,1093,0,1096,11,7,4,1,0.9,0.5,-24.1529390070329,-24.275646968198
"2073",11,1093,0,1096,6,7,4,1,16,16,32.224,32.224
"2074",11,1093,0,1096,7,7,4,1,0.1,18,24.8681485631568,-0.890878711461758
"2075",11,1093,0,1096,12,7,4,1,0.8,1.1,-22.925628836827,-22.8492788992403
"2076",11,1093,0,1096,14,7,4,1,0.5,2.5,-20.1658302382363,-19.8868191425359
"2077",11,1093,0,1096,10,7,4,1,0.8,0.1,-25.4295848322179,-25.6809128419267
"2078",11,1093,0,1096,15,7,4,1,0.6,2.5,-19.8900985449493,-19.6449006461976
"2079",11,1093,0,1096,8,7,4,1,0.6,0.1,-25.999434841086,-26.1894088702122
"2080",11,1093,0,1096,9,7,4,1,0.2,6,-11.5549897255507,-12.6861240667435
"2081",11,1093,0,1096,30,7,4,1,8,2.5,-4.02349635393322,-0.478492713156524
"2082",11,1093,0,1096,29,7,4,1,7,2.5,-5.64438357040903,-3.21435704475022
"2083",11,1093,0,1096,4,7,4,1,-1,6,-14.8463715713074,-15.333395843152
"2084",11,1093,0,1096,16,7,4,1,0.9,4,-15.1429367767837,-15.3262114855215
"2085",11,1093,0,1096,5,7,4,1,0.8,1,-23.1780748783186,-23.1250841154892
"2086",11,1093,0,1096,28,7,4,1,0.6,2.9,-18.8463592179628,-18.6457177131084
"2087",11,1093,0,1096,2,7,4,1,0.4,10,0.412881186208859,-5.6744029192003
"2088",11,1093,0,1096,3,7,4,1,6,10,11.3892359125194,6.5111665643918
"2089",11,1093,0,1096,24,7,4,1,0.4,2.5,-20.4431970821944,-20.128281985107
"2090",11,1093,0,1096,17,7,4,1,0.5,2.5,-20.1658302382363,-19.8868191425359
"2091",11,1093,0,1096,1,7,4,1,2,28,63.1865480945135,-6.5735434450149
"2092",11,1093,0,1096,26,7,4,1,0.7,2.7,-19.0960141494707,-18.9006352313015
"2093",11,1093,0,1096,27,7,4,1,0.9,2.8,-18.2949606184583,-18.1689385726886
"2094",11,1093,0,1096,23,7,4,1,0.2,2.7,-20.4779958537803,-20.1030969286763
"2095",11,1093,0,1096,18,7,4,1,0.4,3,-19.1325312735625,-18.8785386799425
"2096",11,1093,0,1096,19,7,4,1,6,2.5,-7.4287858539919,-5.90465599962296
"2097",11,1093,0,1096,22,7,4,1,0.1,2.9,-20.231664160147,-19.8410486261665
"2098",11,1093,0,1096,25,7,4,1,0.6,3,-18.5842852517981,-18.4000098565138
"2099",11,1093,0,1096,21,7,4,1,0.4,2.5,-20.4431970821944,-20.128281985107
"2100",11,1093,0,1096,20,7,4,1,0.6,3.9,-16.2051151367918,-16.2622209273605
"2101",11,1094,0,1097,7,6,3,2,18,0,-1.05530494901324,24.6594551064652
"2102",11,1094,0,1097,10,6,3,2,8,12,19.3235576878315,12.7728447890797
"2103",11,1094,0,1097,11,6,3,2,8,10,14.0666480904738,11.209452528754
"2104",11,1094,0,1097,30,6,3,2,14,14,27.706,27.706
"2105",11,1094,0,1097,14,6,3,2,12,12,22.328,22.328
"2106",11,1094,0,1097,6,6,3,2,16,18,37.251291641098,31.0488089781299
"2107",11,1094,0,1097,8,6,3,2,14,16,32.7451307534419,27.3789698657859
"2108",11,1094,0,1097,13,6,3,2,18,22,46.0951665643918,31.1812359125194
"2109",11,1094,0,1097,5,6,3,2,6,18,34.2868458201642,9.61677647203666
"2110",11,1094,0,1097,29,6,3,2,18,14,26.3978794631435,37.9665230137677
"2111",11,1094,0,1097,15,6,3,2,16,6,9.82146439776778,28.2890510829273
"2112",11,1094,0,1097,9,6,3,2,18,22,46.0951665643918,31.1812359125194
"2113",11,1094,0,1097,12,6,3,2,0,12,5.46594984235564,-4.15032755015476
"2114",11,1094,0,1097,28,6,3,2,18,16,31.0488089781299,37.251291641098
"2115",11,1094,0,1097,4,6,3,2,18,11,19.7632255160713,37.8130070694693
"2116",11,1094,0,1097,3,6,3,2,12,16,32.6122012384556,22.7162012384556
"2117",11,1094,0,1097,16,6,3,2,2,8,-1.58471919683134,-5.13837523011844
"2118",11,1094,0,1097,22,6,3,2,18,16,31.0488089781299,37.251291641098
"2119",11,1094,0,1097,2,6,3,2,28,28,41.272,41.272
"2120",11,1094,0,1097,26,6,3,2,14,12,22.8491307534419,27.3789698657859
"2121",11,1094,0,1097,18,6,3,2,18,20,40.897452528754,33.8586480904738
"2122",11,1094,0,1097,21,6,3,2,14,14,27.706,27.706
"2123",11,1094,0,1097,17,6,3,2,20,16,29.2195576878315,42.4608447890797
"2124",11,1094,0,1097,25,6,3,2,12,16,32.6122012384556,22.7162012384556
"2125",11,1094,0,1097,1,6,3,2,0,22,38.3664328169575,-2.26225789039343
"2126",11,1094,0,1097,27,6,3,2,14,12,22.8491307534419,27.3789698657859
"2127",11,1094,0,1097,23,6,3,2,12,14,27.3789698657859,22.8491307534419
"2128",11,1094,0,1097,24,6,3,2,16,14,27.3789698657859,32.7451307534419
"2129",11,1094,0,1097,19,6,3,2,12,18,38.0276941180092,21.9292114550411
"2130",11,1094,0,1097,20,6,3,2,14,20,43.3701767809773,24.762728792073
"2131",11,1095,0,1097,11,5,3,1,10,8,11.209452528754,14.0666480904738
"2132",11,1095,0,1097,7,5,3,1,0,18,24.6594551064652,-1.05530494901324
"2133",11,1095,0,1097,10,5,3,1,12,8,12.7728447890797,19.3235576878315
"2134",11,1095,0,1097,8,5,3,1,16,14,27.3789698657859,32.7451307534419
"2135",11,1095,0,1097,13,5,3,1,22,18,31.1812359125194,46.0951665643918
"2136",11,1095,0,1097,12,5,3,1,12,0,-4.15032755015476,5.46594984235564
"2137",11,1095,0,1097,16,5,3,1,8,2,-5.13837523011844,-1.58471919683134
"2138",11,1095,0,1097,15,5,3,1,6,16,28.2890510829273,9.82146439776778
"2139",11,1095,0,1097,9,5,3,1,22,18,31.1812359125194,46.0951665643918
"2140",11,1095,0,1097,18,5,3,1,20,18,33.8586480904738,40.897452528754
"2141",11,1095,0,1097,6,5,3,1,18,16,31.0488089781299,37.251291641098
"2142",11,1095,0,1097,4,5,3,1,11,18,37.8130070694693,19.7632255160713
"2143",11,1095,0,1097,17,5,3,1,16,20,42.4608447890797,29.2195576878315
"2144",11,1095,0,1097,29,5,3,1,14,18,37.9665230137677,26.3978794631435
"2145",11,1095,0,1097,14,5,3,1,12,12,22.328,22.328
"2146",11,1095,0,1097,19,5,3,1,18,12,21.9292114550411,38.0276941180092
"2147",11,1095,0,1097,30,5,3,1,14,14,27.706,27.706
"2148",11,1095,0,1097,20,5,3,1,20,14,24.762728792073,43.3701767809773
"2149",11,1095,0,1097,26,5,3,1,12,14,27.3789698657859,22.8491307534419
"2150",11,1095,0,1097,5,5,3,1,18,6,9.61677647203666,34.2868458201642
"2151",11,1095,0,1097,28,5,3,1,16,18,37.251291641098,31.0488089781299
"2152",11,1095,0,1097,3,5,3,1,16,12,22.7162012384556,32.6122012384556
"2153",11,1095,0,1097,27,5,3,1,12,14,27.3789698657859,22.8491307534419
"2154",11,1095,0,1097,21,5,3,1,14,14,27.706,27.706
"2155",11,1095,0,1097,2,5,3,1,28,28,41.272,41.272
"2156",11,1095,0,1097,1,5,3,1,22,0,-2.26225789039343,38.3664328169575
"2157",11,1095,0,1097,23,5,3,1,14,12,22.8491307534419,27.3789698657859
"2158",11,1095,0,1097,25,5,3,1,16,12,22.7162012384556,32.6122012384556
"2159",11,1095,0,1097,24,5,3,1,14,16,32.7451307534419,27.3789698657859
"2160",11,1095,0,1097,22,5,3,1,16,18,37.251291641098,31.0488089781299
"2161",11,1096,0,1098,12,4,2,2,10,3,-0.194522056744278,6.14675464228485
"2162",11,1096,0,1098,20,4,2,2,2,7,-4.34484610582852,-6.78352502399772
"2163",11,1096,0,1098,11,4,2,2,18,6,9.61677647203666,34.2868458201642
"2164",11,1096,0,1098,8,4,2,2,22,10,14.4948458201642,49.2007764720366
"2165",11,1096,0,1098,10,4,2,2,4,5,-5.2576195307796,-5.74535531441345
"2166",11,1096,0,1098,19,4,2,2,6,9,8.73207886930811,5.38714752395444
"2167",11,1096,0,1098,16,4,2,2,2,6,-7.05940763810473,-8.59218988498406
"2168",11,1096,0,1098,9,4,2,2,8,12,19.3235576878315,12.7728447890797
"2169",11,1096,0,1098,13,4,2,2,0,7,-9.27559001790932,-11.2261773965501
"2170",11,1096,0,1098,7,4,2,2,16,9,16.0637886228674,31.1864439626732
"2171",11,1096,0,1098,6,4,2,2,10,14,26.3978794631435,18.1745230137677
"2172",11,1096,0,1098,17,4,2,2,4,11,10.8575361956829,3.05269638985766
"2173",11,1096,0,1098,21,4,2,2,12,8,12.7728447890797,19.3235576878315
"2174",11,1096,0,1098,14,4,2,2,18,10,17.6428049538224,37.4348049538224
"2175",11,1096,0,1098,22,4,2,2,8,6,4.09961341641002,6.12048720281778
"2176",11,1096,0,1098,15,4,2,2,10,9,13.6269435760165,15.1600815787904
"2177",11,1096,0,1098,23,4,2,2,4,9,5.30355611331157,0.774072756862193
"2178",11,1096,0,1098,30,4,2,2,2,9,1.22097308888679,-3.65674050334622
"2179",11,1096,0,1098,5,4,2,2,18,12,21.9292114550411,38.0276941180092
"2180",11,1096,0,1098,4,4,2,2,26,10,8.73064561279314,61.6957940177862
"2181",11,1096,0,1098,3,4,2,2,14,15,30.2027826883605,27.6242424664465
"2182",11,1096,0,1098,18,4,2,2,20,8,12.4858111461005,42.1738111461004
"2183",11,1096,0,1098,28,4,2,2,2,6,-7.05940763810473,-8.59218988498406
"2184",11,1096,0,1098,29,4,2,2,2,4,-12.3518345724943,-12.7000648082779
"2185",11,1096,0,1098,2,4,2,2,12,10,17.4592916410979,21.1528089781298
"2186",11,1096,0,1098,26,4,2,2,20,12,20.4881614031983,43.6254485044466
"2187",11,1096,0,1098,24,4,2,2,0,10,-0.567362231913221,-6.49012228739172
"2188",11,1096,0,1098,27,4,2,2,4,11,10.8575361956829,3.05269638985766
"2189",11,1096,0,1098,25,4,2,2,16,11,20.4531649898719,32.3004638803019
"2190",11,1096,0,1098,1,4,2,2,10,8,11.209452528754,14.0666480904738
"2191",11,1097,0,1098,13,3,2,1,7,0,-11.2261773965501,-9.27559001790932
"2192",11,1097,0,1098,11,3,2,1,6,18,34.2868458201642,9.61677647203666
"2193",11,1097,0,1098,20,3,2,1,7,2,-6.78352502399772,-4.34484610582852
"2194",11,1097,0,1098,7,3,2,1,9,16,31.1864439626732,16.0637886228674
"2195",11,1097,0,1098,10,3,2,1,5,4,-5.74535531441345,-5.2576195307796
"2196",11,1097,0,1098,9,3,2,1,12,8,12.7728447890797,19.3235576878315
"2197",11,1097,0,1098,12,3,2,1,3,10,6.14675464228485,-0.194522056744278
"2198",11,1097,0,1098,14,3,2,1,10,18,37.4348049538224,17.6428049538224
"2199",11,1097,0,1098,16,3,2,1,6,2,-8.59218988498406,-7.05940763810473
"2200",11,1097,0,1098,19,3,2,1,9,6,5.38714752395444,8.73207886930811
"2201",11,1097,0,1098,18,3,2,1,8,20,42.1738111461004,12.4858111461005
"2202",11,1097,0,1098,21,3,2,1,8,12,19.3235576878315,12.7728447890797
"2203",11,1097,0,1098,6,3,2,1,14,10,18.1745230137677,26.3978794631435
"2204",11,1097,0,1098,8,3,2,1,10,22,49.2007764720366,14.4948458201642
"2205",11,1097,0,1098,17,3,2,1,11,4,3.05269638985766,10.8575361956829
"2206",11,1097,0,1098,28,3,2,1,6,2,-8.59218988498406,-7.05940763810473
"2207",11,1097,0,1098,5,3,2,1,12,18,38.0276941180092,21.9292114550411
"2208",11,1097,0,1098,15,3,2,1,9,10,15.1600815787904,13.6269435760165
"2209",11,1097,0,1098,27,3,2,1,11,4,3.05269638985766,10.8575361956829
"2210",11,1097,0,1098,23,3,2,1,9,4,0.774072756862193,5.30355611331157
"2211",11,1097,0,1098,1,3,2,1,8,10,14.0666480904738,11.209452528754
"2212",11,1097,0,1098,22,3,2,1,6,8,6.12048720281778,4.09961341641002
"2213",11,1097,0,1098,4,3,2,1,10,26,61.6957940177862,8.73064561279314
"2214",11,1097,0,1098,26,3,2,1,12,20,43.6254485044466,20.4881614031983
"2215",11,1097,0,1098,30,3,2,1,9,2,-3.65674050334622,1.22097308888679
"2216",11,1097,0,1098,3,3,2,1,15,14,27.6242424664465,30.2027826883605
"2217",11,1097,0,1098,25,3,2,1,11,16,32.3004638803019,20.4531649898719
"2218",11,1097,0,1098,29,3,2,1,4,2,-12.7000648082779,-12.3518345724943
"2219",11,1097,0,1098,2,3,2,1,10,12,21.1528089781298,17.4592916410979
"2220",11,1097,0,1098,24,3,2,1,10,0,-6.49012228739172,-0.567362231913221
"2221",11,1098,0,1099,22,2,1,2,26,26,41.914,41.914
"2222",11,1098,0,1099,6,2,1,2,18,18,35.882,35.882
"2223",11,1098,0,1099,10,2,1,2,20,0,-1.3317512854892,31.4218132082695
"2224",11,1098,0,1099,13,2,1,2,10,0,-6.49012228739172,-0.567362231913221
"2225",11,1098,0,1099,5,2,1,2,18,28,62.7818777126083,19.2246377680868
"2226",11,1098,0,1099,14,2,1,2,20,18,33.8586480904738,40.897452528754
"2227",11,1098,0,1099,15,2,1,2,20,22,43.68361341641,35.8084872028178
"2228",11,1098,0,1099,11,2,1,2,20,2,1.84924706208246,35.0909030953695
"2229",11,1098,0,1099,12,2,1,2,6,16,28.2890510829273,9.82146439776778
"2230",11,1098,0,1099,21,2,1,2,26,28,46.8820960793781,36.4980045398497
"2231",11,1098,0,1099,23,2,1,2,26,2,-3.48675541559823,55.8892445844018
"2232",11,1098,0,1099,19,2,1,2,24,24,41.696,41.696
"2233",11,1098,0,1099,20,2,1,2,24,28,51.838131890328,31.9062705865832
"2234",11,1098,0,1099,28,2,1,2,20,14,24.762728792073,43.3701767809773
"2235",11,1098,0,1099,30,2,1,2,14,0,-2.46459308134602,11.6815234235083
"2236",11,1098,0,1099,7,2,1,2,22,6,7.24521981528965,46.8292198152897
"2237",11,1098,0,1099,8,2,1,2,18,24,51.4751421069135,27.8497634661367
"2238",11,1098,0,1099,9,2,1,2,24,14,19.5302466446471,54.7242688360479
"2239",11,1098,0,1099,18,2,1,2,24,24,41.696,41.696
"2240",11,1098,0,1099,29,2,1,2,18,24,51.4751421069135,27.8497634661367
"2241",11,1098,0,1099,16,2,1,2,20,24,48.8694883397039,32.2829141372073
"2242",11,1098,0,1099,17,2,1,2,24,20,32.2829141372073,48.8694883397039
"2243",11,1098,0,1099,26,2,1,2,26,8,5.40290309536954,61.2252470620825
"2244",11,1098,0,1099,1,2,1,2,28,0,-8.97813931567535,60.2938606843246
"2245",11,1098,0,1099,24,2,1,2,26,26,41.914,41.914
"2246",11,1098,0,1099,27,2,1,2,10,24,55.3571544914695,11.9397758506928
"2247",11,1098,0,1099,25,2,1,2,26,28,46.8820960793781,36.4980045398497
"2248",11,1098,0,1099,4,2,1,2,18,10,17.6428049538224,37.4348049538224
"2249",11,1098,0,1099,3,2,1,2,16,2,2.13628070506175,22.1366496371006
"2250",11,1098,0,1099,2,2,1,2,0,14,11.6815234235083,-2.46459308134602
"2251",11,1099,0,1099,1,1,1,1,0,28,60.2938606843246,-8.97813931567535
"2252",11,1099,0,1099,27,1,1,1,24,10,11.9397758506928,55.3571544914695
"2253",11,1099,0,1099,4,1,1,1,10,18,37.4348049538224,17.6428049538224
"2254",11,1099,0,1099,30,1,1,1,0,14,11.6815234235083,-2.46459308134602
"2255",11,1099,0,1099,7,1,1,1,6,22,46.8292198152897,7.24521981528965
"2256",11,1099,0,1099,10,1,1,1,0,20,31.4218132082695,-1.3317512854892
"2257",11,1099,0,1099,11,1,1,1,2,20,35.0909030953695,1.84924706208246
"2258",11,1099,0,1099,13,1,1,1,0,10,-0.567362231913221,-6.49012228739172
"2259",11,1099,0,1099,14,1,1,1,18,20,40.897452528754,33.8586480904738
"2260",11,1099,0,1099,16,1,1,1,24,20,32.2829141372073,48.8694883397039
"2261",11,1099,0,1099,19,1,1,1,24,24,41.696,41.696
"2262",11,1099,0,1099,20,1,1,1,28,24,31.9062705865832,51.838131890328
"2263",11,1099,0,1099,22,1,1,1,26,26,41.914,41.914
"2264",11,1099,0,1099,23,1,1,1,2,26,55.8892445844018,-3.48675541559823
"2265",11,1099,0,1099,2,1,1,1,14,0,-2.46459308134602,11.6815234235083
"2266",11,1099,0,1099,28,1,1,1,14,20,43.3701767809773,24.762728792073
"2267",11,1099,0,1099,5,1,1,1,28,18,19.2246377680868,62.7818777126083
"2268",11,1099,0,1099,6,1,1,1,18,18,35.882,35.882
"2269",11,1099,0,1099,8,1,1,1,24,18,27.8497634661367,51.4751421069135
"2270",11,1099,0,1099,9,1,1,1,14,24,54.7242688360479,19.5302466446471
"2271",11,1099,0,1099,12,1,1,1,16,6,9.82146439776778,28.2890510829273
"2272",11,1099,0,1099,21,1,1,1,28,26,36.4980045398497,46.8820960793781
"2273",11,1099,0,1099,15,1,1,1,22,20,35.8084872028178,43.68361341641
"2274",11,1099,0,1099,17,1,1,1,20,24,48.8694883397039,32.2829141372073
"2275",11,1099,0,1099,18,1,1,1,24,24,41.696,41.696
"2276",11,1099,0,1099,29,1,1,1,24,18,27.8497634661367,51.4751421069135
"2277",11,1099,0,1099,26,1,1,1,8,26,61.2252470620825,5.40290309536954
"2278",11,1099,0,1099,24,1,1,1,26,26,41.914,41.914
"2279",11,1099,0,1099,3,1,1,1,2,16,22.1366496371006,2.13628070506175
"2280",11,1099,0,1099,25,1,1,1,28,26,36.4980045398497,46.8820960793781
"2281",12,1188,1,1194,27,12,6,2,12,16,30.904,21.008
"2282",12,1188,1,1194,24,12,6,2,10,16,26.908,15.466
"2283",12,1188,1,1194,21,12,6,2,10,12.5,20.549375,18.2625
"2284",12,1188,1,1194,20,12,6,2,20,16,24.648,43.616
"2285",12,1188,1,1194,10,12,6,2,8,12,14.752,13.928
"2286",12,1188,1,1194,28,12,6,2,12,14,26.594,22.78
"2287",12,1188,1,1194,18,12,6,2,10,14.5,24.166375,17.4985
"2288",12,1188,1,1194,17,12,6,2,10,14,23.258,17.898
"2289",12,1188,1,1194,7,12,6,2,22,18,25.1779999999999,48.682
"2290",12,1188,1,1194,25,12,6,2,14,16,32.676,26.594
"2291",12,1188,1,1194,15,12,6,2,20,12.8,13.54912,41.15968
"2292",12,1188,1,1194,14,12,6,2,23,21.9,36.807355,44.79902
"2293",12,1188,1,1194,4,12,6,2,9,9,12.6485,12.6485
"2294",12,1188,1,1194,22,12,6,2,16,18,37.898,29.548
"2295",12,1188,1,1194,12,12,6,2,17,18,37.168,32.7095
"2296",12,1188,1,1194,11,12,6,2,12,18,35.258,17.012
"2297",12,1188,1,1194,1,12,6,2,24,3,-44.7925,1.208
"2298",12,1188,1,1194,29,12,6,2,16,16,32.224,32.224
"2299",12,1188,1,1194,19,12,6,2,16,18,37.898,29.548
"2300",12,1188,1,1194,9,12,6,2,8,14,17.698,13.06
"2301",12,1188,1,1194,8,12,6,2,20,12,10.792,39.656
"2302",12,1188,1,1194,26,12,6,2,15,10.8,19.03952,26.81078
"2303",12,1188,1,1194,16,12,6,2,10,16,26.908,15.466
"2304",12,1188,1,1194,6,12,6,2,12,20,39.656,10.792
"2305",12,1188,1,1194,5,12,6,2,10,10,16.09,16.09
"2306",12,1188,1,1194,23,12,6,2,16,12,21.008,30.904
"2307",12,1188,1,1194,13,12,6,2,20,19.5,36.916375,39.7835000000001
"2308",12,1188,1,1194,3,12,6,2,18,6,-1.46199999999996,14.618
"2309",12,1188,1,1194,2,12,6,2,18,1,-16.5545,-17.872
"2310",12,1188,1,1194,30,12,6,2,19,16,27.376,40.7515
"2311",12,1189,1,1194,18,11,6,1,14.5,10,17.4985,24.166375
"2312",12,1189,1,1194,15,11,6,1,12.8,20,41.15968,13.54912
"2313",12,1189,1,1194,14,11,6,1,21.9,23,44.79902,36.807355
"2314",12,1189,1,1194,12,11,6,1,18,17,32.7095,37.168
"2315",12,1189,1,1194,11,11,6,1,18,12,17.012,35.258
"2316",12,1189,1,1194,10,11,6,1,12,8,13.928,14.752
"2317",12,1189,1,1194,19,11,6,1,18,16,29.548,37.898
"2318",12,1189,1,1194,9,11,6,1,14,8,13.06,17.698
"2319",12,1189,1,1194,17,11,6,1,14,10,17.898,23.258
"2320",12,1189,1,1194,7,11,6,1,18,22,48.682,25.1779999999999
"2321",12,1189,1,1194,16,11,6,1,16,10,15.466,26.908
"2322",12,1189,1,1194,6,11,6,1,20,12,10.792,39.656
"2323",12,1189,1,1194,5,11,6,1,10,10,16.09,16.09
"2324",12,1189,1,1194,4,11,6,1,9,9,12.6485,12.6485
"2325",12,1189,1,1194,13,11,6,1,19.5,20,39.7835000000001,36.916375
"2326",12,1189,1,1194,3,11,6,1,6,18,14.618,-1.46199999999996
"2327",12,1189,1,1194,2,11,6,1,1,18,-17.872,-16.5545
"2328",12,1189,1,1194,1,11,6,1,3,24,1.208,-44.7925
"2329",12,1189,1,1194,20,11,6,1,16,20,43.616,24.648
"2330",12,1189,1,1194,30,11,6,1,16,19,40.7515,27.376
"2331",12,1189,1,1194,29,11,6,1,16,16,32.224,32.224
"2332",12,1189,1,1194,8,11,6,1,12,20,39.656,10.792
"2333",12,1189,1,1194,27,11,6,1,16,12,21.008,30.904
"2334",12,1189,1,1194,26,11,6,1,10.8,15,26.81078,19.03952
"2335",12,1189,1,1194,25,11,6,1,16,14,26.594,32.676
"2336",12,1189,1,1194,24,11,6,1,16,10,15.466,26.908
"2337",12,1189,1,1194,23,11,6,1,12,16,30.904,21.008
"2338",12,1189,1,1194,22,11,6,1,18,16,29.548,37.898
"2339",12,1189,1,1194,21,11,6,1,12.5,10,18.2625,20.549375
"2340",12,1189,1,1194,28,11,6,1,14,12,22.78,26.594
"2341",12,1190,1,1195,8,10,5,2,25,25,41.9125,41.9125
"2342",12,1190,1,1195,6,10,5,2,25,26,46.328,37.3335
"2343",12,1190,1,1195,5,10,5,2,26,24,32.764,50.186
"2344",12,1190,1,1195,4,10,5,2,24,26,50.186,32.764
"2345",12,1190,1,1195,3,10,5,2,24,16,8.17599999999996,55.184
"2346",12,1190,1,1195,2,10,5,2,20,28,67.272,2.12000000000002
"2347",12,1190,1,1195,1,10,5,2,16,28,66.928,-17.192
"2348",12,1190,1,1195,10,10,5,2,25,25,41.9125,41.9125
"2349",12,1190,1,1195,9,10,5,2,25,25,41.9125,41.9125
"2350",12,1190,1,1195,19,10,5,2,25,25,41.9125,41.9125
"2351",12,1190,1,1195,7,10,5,2,25,26,46.328,37.3335
"2352",12,1190,1,1195,17,10,5,2,25,25,41.9125,41.9125
"2353",12,1190,1,1195,16,10,5,2,25,25,41.9125,41.9125
"2354",12,1190,1,1195,15,10,5,2,25,25,41.9125,41.9125
"2355",12,1190,1,1195,14,10,5,2,25,25,41.9125,41.9125
"2356",12,1190,1,1195,24,10,5,2,25,25,41.9125,41.9125
"2357",12,1190,1,1195,13,10,5,2,25,25,41.9125,41.9125
"2358",12,1190,1,1195,12,10,5,2,25,25,41.9125,41.9125
"2359",12,1190,1,1195,11,10,5,2,25,25,41.9125,41.9125
"2360",12,1190,1,1195,21,10,5,2,25,25,41.9125,41.9125
"2361",12,1190,1,1195,20,10,5,2,25,25,41.9125,41.9125
"2362",12,1190,1,1195,30,10,5,2,18,14,23.258,37.69
"2363",12,1190,1,1195,18,10,5,2,25,25,41.9125,41.9125
"2364",12,1190,1,1195,28,10,5,2,25,25.5,44.118875,39.6925000000001
"2365",12,1190,1,1195,27,10,5,2,25,25,41.9125,41.9125
"2366",12,1190,1,1195,26,10,5,2,25,25,41.9125,41.9125
"2367",12,1190,1,1195,25,10,5,2,25,25,41.9125,41.9125
"2368",12,1190,1,1195,23,10,5,2,25,25,41.9125,41.9125
"2369",12,1190,1,1195,22,10,5,2,25,25,41.9125,41.9125
"2370",12,1190,1,1195,29,10,5,2,25,25.5,44.118875,39.6925000000001
"2371",12,1191,1,1195,7,9,5,1,26,25,37.3335,46.328
"2372",12,1191,1,1195,4,9,5,1,26,24,32.764,50.186
"2373",12,1191,1,1195,1,9,5,1,28,16,-17.192,66.928
"2374",12,1191,1,1195,8,9,5,1,25,25,41.9125,41.9125
"2375",12,1191,1,1195,18,9,5,1,25,25,41.9125,41.9125
"2376",12,1191,1,1195,5,9,5,1,24,26,50.186,32.764
"2377",12,1191,1,1195,15,9,5,1,25,25,41.9125,41.9125
"2378",12,1191,1,1195,14,9,5,1,25,25,41.9125,41.9125
"2379",12,1191,1,1195,2,9,5,1,28,20,2.12000000000002,67.272
"2380",12,1191,1,1195,12,9,5,1,25,25,41.9125,41.9125
"2381",12,1191,1,1195,11,9,5,1,25,25,41.9125,41.9125
"2382",12,1191,1,1195,9,9,5,1,25,25,41.9125,41.9125
"2383",12,1191,1,1195,19,9,5,1,25,25,41.9125,41.9125
"2384",12,1191,1,1195,29,9,5,1,25.5,25,39.6925000000001,44.118875
"2385",12,1191,1,1195,6,9,5,1,26,25,37.3335,46.328
"2386",12,1191,1,1195,16,9,5,1,25,25,41.9125,41.9125
"2387",12,1191,1,1195,26,9,5,1,25,25,41.9125,41.9125
"2388",12,1191,1,1195,25,9,5,1,25,25,41.9125,41.9125
"2389",12,1191,1,1195,3,9,5,1,16,24,55.184,8.17599999999996
"2390",12,1191,1,1195,13,9,5,1,25,25,41.9125,41.9125
"2391",12,1191,1,1195,23,9,5,1,25,25,41.9125,41.9125
"2392",12,1191,1,1195,22,9,5,1,25,25,41.9125,41.9125
"2393",12,1191,1,1195,10,9,5,1,25,25,41.9125,41.9125
"2394",12,1191,1,1195,20,9,5,1,25,25,41.9125,41.9125
"2395",12,1191,1,1195,30,9,5,1,14,18,37.69,23.258
"2396",12,1191,1,1195,17,9,5,1,25,25,41.9125,41.9125
"2397",12,1191,1,1195,27,9,5,1,25,25,41.9125,41.9125
"2398",12,1191,1,1195,24,9,5,1,25,25,41.9125,41.9125
"2399",12,1191,1,1195,21,9,5,1,25,25,41.9125,41.9125
"2400",12,1191,1,1195,28,9,5,1,25.5,25,39.6925000000001,44.118875
"2401",12,1192,1,1196,6,8,4,2,17,12,19.288,33.0755
"2402",12,1192,1,1196,3,8,4,2,12,26,53.114,-21.212
"2403",12,1192,1,1196,10,8,4,2,26,26.5,44.208375,39.4985
"2404",12,1192,1,1196,7,8,4,2,10.9,12,21.13142,20.000455
"2405",12,1192,1,1196,17,8,4,2,24.5,25.5,46.1586249999999,37.4476250000001
"2406",12,1192,1,1196,4,8,4,2,12.2,14,26.80528,23.27062
"2407",12,1192,1,1196,14,8,4,2,10,26.5,46.792375,-33.7895
"2408",12,1192,1,1196,24,8,4,2,6.8,9.5,7.618855,9.89481999999999
"2409",12,1192,1,1196,2,8,4,2,16,19,40.7515,27.376
"2410",12,1192,1,1196,1,8,4,2,10,18,30.602,10.81
"2411",12,1192,1,1196,11,8,4,2,23.2,26.5,54.9354549999999,26.46982
"2412",12,1192,1,1196,21,8,4,2,10,12,19.652,18.106
"2413",12,1192,1,1196,9,8,4,2,18.5,26.5,63.142125,4.79412499999998
"2414",12,1192,1,1196,8,8,4,2,18,26.5,63.292375,2.50249999999998
"2415",12,1192,1,1196,18,8,4,2,24.4,24.5,42.238895,41.3989799999999
"2416",12,1192,1,1196,28,8,4,2,9.6,9.5,14.569295,14.56438
"2417",12,1192,1,1196,5,8,4,2,14.8,16,32.76208,28.84072
"2418",12,1192,1,1196,15,8,4,2,28,25.5,28.961375,53.2195000000001
"2419",12,1192,1,1196,25,8,4,2,9.5,9.5,14.396125,14.396125
"2420",12,1192,1,1196,13,8,4,2,23.9,2,-48.03878,-6.896345
"2421",12,1192,1,1196,12,8,4,2,18.5,26.5,63.142125,4.79412499999998
"2422",12,1192,1,1196,22,8,4,2,18.5,9.5,7.71362500000004,29.979625
"2423",12,1192,1,1196,20,8,4,2,24.7,4,-45.96722,9.352495
"2424",12,1192,1,1196,19,8,4,2,18,24.5,56.771375,13.9704999999999
"2425",12,1192,1,1196,29,8,4,2,9.7,16,26.11678,14.638495
"2426",12,1192,1,1196,16,8,4,2,24.5,25.5,46.1586249999999,37.4476250000001
"2427",12,1192,1,1196,26,8,4,2,9.5,9.5,14.396125,14.396125
"2428",12,1192,1,1196,23,8,4,2,16,9.5,14.087375,25.5615
"2429",12,1192,1,1196,30,8,4,2,9.7,11,17.32178,16.795995
"2430",12,1192,1,1196,27,8,4,2,9.5,9.5,14.396125,14.396125
"2431",12,1193,1,1196,5,7,4,1,16,14.8,28.84072,32.76208
"2432",12,1193,1,1196,2,7,4,1,19,16,27.376,40.7515
"2433",12,1193,1,1196,1,7,4,1,18,10,10.81,30.602
"2434",12,1193,1,1196,9,7,4,1,26.5,18.5,4.79412499999998,63.142125
"2435",12,1193,1,1196,8,7,4,1,26.5,18,2.50249999999998,63.292375
"2436",12,1193,1,1196,7,7,4,1,12,10.9,20.000455,21.13142
"2437",12,1193,1,1196,6,7,4,1,12,17,33.0755,19.288
"2438",12,1193,1,1196,16,7,4,1,25.5,24.5,37.4476250000001,46.1586249999999
"2439",12,1193,1,1196,4,7,4,1,14,12.2,23.27062,26.80528
"2440",12,1193,1,1196,14,7,4,1,26.5,10,-33.7895,46.792375
"2441",12,1193,1,1196,3,7,4,1,26,12,-21.212,53.114
"2442",12,1193,1,1196,13,7,4,1,2,23.9,-6.896345,-48.03878
"2443",12,1193,1,1196,12,7,4,1,26.5,18.5,4.79412499999998,63.142125
"2444",12,1193,1,1196,11,7,4,1,26.5,23.2,26.46982,54.9354549999999
"2445",12,1193,1,1196,10,7,4,1,26.5,26,39.4985,44.208375
"2446",12,1193,1,1196,20,7,4,1,4,24.7,9.352495,-45.96722
"2447",12,1193,1,1196,19,7,4,1,24.5,18,13.9704999999999,56.771375
"2448",12,1193,1,1196,18,7,4,1,24.5,24.4,41.3989799999999,42.238895
"2449",12,1193,1,1196,17,7,4,1,25.5,24.5,37.4476250000001,46.1586249999999
"2450",12,1193,1,1196,27,7,4,1,9.5,9.5,14.396125,14.396125
"2451",12,1193,1,1196,15,7,4,1,25.5,28,53.2195000000001,28.961375
"2452",12,1193,1,1196,25,7,4,1,9.5,9.5,14.396125,14.396125
"2453",12,1193,1,1196,24,7,4,1,9.5,6.8,9.89481999999999,7.618855
"2454",12,1193,1,1196,23,7,4,1,9.5,16,25.5615,14.087375
"2455",12,1193,1,1196,22,7,4,1,9.5,18.5,29.979625,7.71362500000004
"2456",12,1193,1,1196,21,7,4,1,12,10,18.106,19.652
"2457",12,1193,1,1196,30,7,4,1,11,9.7,16.795995,17.32178
"2458",12,1193,1,1196,29,7,4,1,16,9.7,14.638495,26.11678
"2459",12,1193,1,1196,28,7,4,1,9.5,9.6,14.56438,14.569295
"2460",12,1193,1,1196,26,7,4,1,9.5,9.5,14.396125,14.396125
"2461",12,1194,1,1197,5,6,3,2,18,10,10.81,30.602
"2462",12,1194,1,1197,3,6,3,2,20,20,38.68,38.68
"2463",12,1194,1,1197,2,6,3,2,28,18,-7.55799999999998,68.212
"2464",12,1194,1,1197,1,6,3,2,26,28,51.108,31.418
"2465",12,1194,1,1197,10,6,3,2,18,19,39.0655,34.04
"2466",12,1194,1,1197,9,6,3,2,16,16.3,33.072295,31.96438
"2467",12,1194,1,1197,8,6,3,2,10.8,18,32.73128,13.28552
"2468",12,1194,1,1197,7,6,3,2,18,14,23.258,37.69
"2469",12,1194,1,1197,6,6,3,2,20,24,52.888,24.848
"2470",12,1194,1,1197,16,6,3,2,11.3,13.7,25.071325,21.174925
"2471",12,1194,1,1197,4,6,3,2,24,18,16.49,55.148
"2472",12,1194,1,1197,14,6,3,2,20,14,17.698,42.748
"2473",12,1194,1,1197,13,6,3,2,15.5,12.8,23.82262,30.732055
"2474",12,1194,1,1197,12,6,3,2,18.7,9.5,7.05360499999999,30.336045
"2475",12,1194,1,1197,11,6,3,2,17.5,20,42.8075,29.889375
"2476",12,1194,1,1197,21,6,3,2,16,14.1,26.874455,32.70622
"2477",12,1194,1,1197,20,6,3,2,15.7,12.3,22.235825,30.647425
"2478",12,1194,1,1197,19,6,3,2,15,15.9,32.461955,29.49542
"2479",12,1194,1,1197,18,6,3,2,14.5,16.5,34.062125,27.413125
"2480",12,1194,1,1197,28,6,3,2,16.7,14.1,25.971385,34.467665
"2481",12,1194,1,1197,17,6,3,2,13,10,18.28,21.4495
"2482",12,1194,1,1197,27,6,3,2,16,19.1,41.037455,27.12822
"2483",12,1194,1,1197,15,6,3,2,12,17.5,34.165375,18.2195
"2484",12,1194,1,1197,25,6,3,2,17.6,18,36.46312,34.61168
"2485",12,1194,1,1197,24,6,3,2,17.5,15.7,29.503945,36.610705
"2486",12,1194,1,1197,23,6,3,2,16.7,16.6,33.30726,33.704915
"2487",12,1194,1,1197,22,6,3,2,16.1,16,32.14302,32.506655
"2488",12,1194,1,1197,30,6,3,2,9.4,14,21.82352,16.44198
"2489",12,1194,1,1197,29,6,3,2,14,15.5,31.429375,27.0805
"2490",12,1194,1,1197,26,6,3,2,18.4,17.7,34.239215,37.57846
"2491",12,1195,1,1197,4,5,3,1,18,24,55.148,16.49
"2492",12,1195,1,1197,1,5,3,1,28,26,31.418,51.108
"2493",12,1195,1,1197,8,5,3,1,18,10.8,13.28552,32.73128
"2494",12,1195,1,1197,5,5,3,1,10,18,30.602,10.81
"2495",12,1195,1,1197,15,5,3,1,17.5,12,18.2195,34.165375
"2496",12,1195,1,1197,2,5,3,1,18,28,68.212,-7.55799999999998
"2497",12,1195,1,1197,12,5,3,1,9.5,18.7,30.336045,7.05360499999999
"2498",12,1195,1,1197,11,5,3,1,20,17.5,29.889375,42.8075
"2499",12,1195,1,1197,9,5,3,1,16.3,16,31.96438,33.072295
"2500",12,1195,1,1197,19,5,3,1,15.9,15,29.49542,32.461955
"2501",12,1195,1,1197,18,5,3,1,16.5,14.5,27.413125,34.062125
"2502",12,1195,1,1197,6,5,3,1,24,20,24.848,52.888
"2503",12,1195,1,1197,16,5,3,1,13.7,11.3,21.174925,25.071325
"2504",12,1195,1,1197,26,5,3,1,17.7,18.4,37.57846,34.239215
"2505",12,1195,1,1197,3,5,3,1,20,20,38.68,38.68
"2506",12,1195,1,1197,13,5,3,1,12.8,15.5,30.732055,23.82262
"2507",12,1195,1,1197,23,5,3,1,16.6,16.7,33.704915,33.30726
"2508",12,1195,1,1197,22,5,3,1,16,16.1,32.506655,32.14302
"2509",12,1195,1,1197,10,5,3,1,19,18,34.04,39.0655
"2510",12,1195,1,1197,20,5,3,1,12.3,15.7,30.647425,22.235825
"2511",12,1195,1,1197,30,5,3,1,14,9.4,16.44198,21.82352
"2512",12,1195,1,1197,29,5,3,1,15.5,14,27.0805,31.429375
"2513",12,1195,1,1197,7,5,3,1,14,18,37.69,23.258
"2514",12,1195,1,1197,17,5,3,1,10,13,21.4495,18.28
"2515",12,1195,1,1197,27,5,3,1,19.1,16,27.12822,41.037455
"2516",12,1195,1,1197,14,5,3,1,14,20,42.748,17.698
"2517",12,1195,1,1197,24,5,3,1,15.7,17.5,36.610705,29.503945
"2518",12,1195,1,1197,21,5,3,1,14.1,16,32.70622,26.874455
"2519",12,1195,1,1197,28,5,3,1,14.1,16.7,34.467665,25.971385
"2520",12,1195,1,1197,25,5,3,1,18,17.6,34.61168,36.46312
"2521",12,1196,1,1198,3,4,2,2,17,2,-9.63200000000002,-10.7945
"2522",12,1196,1,1198,10,4,2,2,18,10.2,11.42822,31.16768
"2523",12,1196,1,1198,7,4,2,2,19.5,10,5.85850000000005,33.401375
"2524",12,1196,1,1198,4,4,2,2,15,2,-3.448,-11.8265
"2525",12,1196,1,1198,14,4,2,2,26.7,10.3,-33.964475,48.453725
"2526",12,1196,1,1198,1,4,2,2,22,4,-27.4760000000001,6.85
"2527",12,1196,1,1198,11,4,2,2,28,10,-45.83,49.732
"2528",12,1196,1,1198,21,4,2,2,10.3,10,16.53418,16.621495
"2529",12,1196,1,1198,9,4,2,2,20,10.4,5.29888000000004,35.58112
"2530",12,1196,1,1198,8,4,2,2,24,10,-16.502,41.948
"2531",12,1196,1,1198,18,4,2,2,10.8,9.9,16.973135,17.33714
"2532",12,1196,1,1198,28,4,2,2,10.8,9.9,16.973135,17.33714
"2533",12,1196,1,1198,6,4,2,2,11,18,33.208,13.9055
"2534",12,1196,1,1198,5,4,2,2,16,15,29.4035,32.728
"2535",12,1196,1,1198,15,4,2,2,10.3,10,16.53418,16.621495
"2536",12,1196,1,1198,25,4,2,2,10.4,9.9,16.487575,16.6331
"2537",12,1196,1,1198,2,4,2,2,12,28,57.688,-36.328
"2538",12,1196,1,1198,12,4,2,2,9.8,12,19.26208,17.68622
"2539",12,1196,1,1198,22,4,2,2,10.8,9.9,16.973135,17.33714
"2540",12,1196,1,1198,20,4,2,2,10.9,9.5,16.314545,16.761705
"2541",12,1196,1,1198,19,4,2,2,12,9.8,17.68622,19.26208
"2542",12,1196,1,1198,29,4,2,2,10.6,9.9,16.741475,16.9849
"2543",12,1196,1,1198,17,4,2,2,9.4,10,15.05152,15.02998
"2544",12,1196,1,1198,16,4,2,2,10.8,9.9,16.973135,17.33714
"2545",12,1196,1,1198,26,4,2,2,9.9,10,15.93082,15.913055
"2546",12,1196,1,1198,13,4,2,2,14,9.9,17.655055,23.03282
"2547",12,1196,1,1198,23,4,2,2,8.9,9.8,13.71574,13.862035
"2548",12,1196,1,1198,30,4,2,2,16.2,9.8,14.5421,26.7469
"2549",12,1196,1,1198,27,4,2,2,27.6,9.9,-42.9642250000001,48.4961
"2550",12,1196,1,1198,24,4,2,2,10.9,9.8,16.88894,17.333835
"2551",12,1197,1,1198,2,3,2,1,28,12,-36.328,57.688
"2552",12,1197,1,1198,9,3,2,1,10.4,20,35.58112,5.29888000000004
"2553",12,1197,1,1198,8,3,2,1,10,24,41.948,-16.502
"2554",12,1197,1,1198,6,3,2,1,18,11,13.9055,33.208
"2555",12,1197,1,1198,5,3,2,1,15,16,32.728,29.4035
"2556",12,1197,1,1198,4,3,2,1,2,15,-11.8265,-3.448
"2557",12,1197,1,1198,3,3,2,1,2,17,-10.7945,-9.63200000000002
"2558",12,1197,1,1198,13,3,2,1,9.9,14,23.03282,17.655055
"2559",12,1197,1,1198,1,3,2,1,4,22,6.85,-27.4760000000001
"2560",12,1197,1,1198,11,3,2,1,10,28,49.732,-45.83
"2561",12,1197,1,1198,10,3,2,1,10.2,18,31.16768,11.42822
"2562",12,1197,1,1198,20,3,2,1,9.5,10.9,16.761705,16.314545
"2563",12,1197,1,1198,19,3,2,1,9.8,12,19.26208,17.68622
"2564",12,1197,1,1198,18,3,2,1,9.9,10.8,17.33714,16.973135
"2565",12,1197,1,1198,7,3,2,1,10,19.5,33.401375,5.85850000000005
"2566",12,1197,1,1198,17,3,2,1,10,9.4,15.02998,15.05152
"2567",12,1197,1,1198,16,3,2,1,9.9,10.8,17.33714,16.973135
"2568",12,1197,1,1198,15,3,2,1,10,10.3,16.621495,16.53418
"2569",12,1197,1,1198,14,3,2,1,10.3,26.7,48.453725,-33.964475
"2570",12,1197,1,1198,24,3,2,1,9.8,10.9,17.333835,16.88894
"2571",12,1197,1,1198,12,3,2,1,12,9.8,17.68622,19.26208
"2572",12,1197,1,1198,22,3,2,1,9.9,10.8,17.33714,16.973135
"2573",12,1197,1,1198,21,3,2,1,10,10.3,16.621495,16.53418
"2574",12,1197,1,1198,30,3,2,1,9.8,16.2,26.7469,14.5421
"2575",12,1197,1,1198,29,3,2,1,9.9,10.6,16.9849,16.741475
"2576",12,1197,1,1198,28,3,2,1,9.9,10.8,17.33714,16.973135
"2577",12,1197,1,1198,27,3,2,1,9.9,27.6,48.4961,-42.9642250000001
"2578",12,1197,1,1198,26,3,2,1,10,9.9,15.913055,15.93082
"2579",12,1197,1,1198,25,3,2,1,9.9,10.4,16.6331,16.487575
"2580",12,1197,1,1198,23,3,2,1,9.8,8.9,13.862035,13.71574
"2581",12,1198,1,1199,3,2,1,2,14,15,30.1855,27.428
"2582",12,1198,1,1199,10,2,1,2,10,18,30.602,10.81
"2583",12,1198,1,1199,9,2,1,2,18,16,29.548,37.898
"2584",12,1198,1,1199,8,2,1,2,28,15,-21.9925,65.452
"2585",12,1198,1,1199,7,2,1,2,15,18,38.072,26.3975
"2586",12,1198,1,1199,6,2,1,2,28,15,-21.9925,65.452
"2587",12,1198,1,1199,5,2,1,2,14,16,32.676,26.594
"2588",12,1198,1,1199,4,2,1,2,15,14,27.428,30.1855
"2589",12,1198,1,1199,23,2,1,2,13,16,32.068,23.7955
"2590",12,1198,1,1199,2,2,1,2,14,15,30.1855,27.428
"2591",12,1198,1,1199,1,2,1,2,14,16,32.676,26.594
"2592",12,1198,1,1199,11,2,1,2,13,16,32.068,23.7955
"2593",12,1198,1,1199,30,2,1,2,15,14,27.428,30.1855
"2594",12,1198,1,1199,29,2,1,2,14,18,37.69,23.258
"2595",12,1198,1,1199,28,2,1,2,16,18,37.898,29.548
"2596",12,1198,1,1199,18,2,1,2,10,16,26.908,15.466
"2597",12,1198,1,1199,27,2,1,2,14,18,37.69,23.258
"2598",12,1198,1,1199,26,2,1,2,14,14,27.706,27.706
"2599",12,1198,1,1199,25,2,1,2,13,14,27.428,25.2375
"2600",12,1198,1,1199,15,2,1,2,14,18,37.69,23.258
"2601",12,1198,1,1199,24,2,1,2,12,15,28.7435,22.172
"2602",12,1198,1,1199,14,2,1,2,15,16,32.728,29.4035
"2603",12,1198,1,1199,22,2,1,2,14,14,27.706,27.706
"2604",12,1198,1,1199,12,2,1,2,15,15,30.0725,30.0725
"2605",12,1198,1,1199,21,2,1,2,13,16,32.068,23.7955
"2606",12,1198,1,1199,20,2,1,2,14,15,30.1855,27.428
"2607",12,1198,1,1199,19,2,1,2,13,15,29.7425,24.7945
"2608",12,1198,1,1199,17,2,1,2,14,15,30.1855,27.428
"2609",12,1198,1,1199,16,2,1,2,13,17,34.4045,22.2405
"2610",12,1198,1,1199,13,2,1,2,14,16,32.676,26.594
"2611",12,1199,1,1199,1,1,1,1,16,14,26.594,32.676
"2612",12,1199,1,1199,29,1,1,1,18,14,23.258,37.69
"2613",12,1199,1,1199,28,1,1,1,18,16,29.548,37.898
"2614",12,1199,1,1199,18,1,1,1,16,10,15.466,26.908
"2615",12,1199,1,1199,8,1,1,1,15,28,65.452,-21.9925
"2616",12,1199,1,1199,26,1,1,1,14,14,27.706,27.706
"2617",12,1199,1,1199,25,1,1,1,14,13,25.2375,27.428
"2618",12,1199,1,1199,15,1,1,1,18,14,23.258,37.69
"2619",12,1199,1,1199,5,1,1,1,16,14,26.594,32.676
"2620",12,1199,1,1199,23,1,1,1,16,13,23.7955,32.068
"2621",12,1199,1,1199,22,1,1,1,14,14,27.706,27.706
"2622",12,1199,1,1199,12,1,1,1,15,15,30.0725,30.0725
"2623",12,1199,1,1199,2,1,1,1,15,14,27.428,30.1855
"2624",12,1199,1,1199,30,1,1,1,14,15,30.1855,27.428
"2625",12,1199,1,1199,20,1,1,1,15,14,27.428,30.1855
"2626",12,1199,1,1199,19,1,1,1,15,13,24.7945,29.7425
"2627",12,1199,1,1199,9,1,1,1,16,18,37.898,29.548
"2628",12,1199,1,1199,27,1,1,1,18,14,23.258,37.69
"2629",12,1199,1,1199,17,1,1,1,15,14,27.428,30.1855
"2630",12,1199,1,1199,16,1,1,1,17,13,22.2405,34.4045
"2631",12,1199,1,1199,6,1,1,1,15,28,65.452,-21.9925
"2632",12,1199,1,1199,24,1,1,1,15,12,22.172,28.7435
"2633",12,1199,1,1199,14,1,1,1,16,15,29.4035,32.728
"2634",12,1199,1,1199,13,1,1,1,16,14,26.594,32.676
"2635",12,1199,1,1199,3,1,1,1,15,14,27.428,30.1855
"2636",12,1199,1,1199,21,1,1,1,16,13,23.7955,32.068
"2637",12,1199,1,1199,11,1,1,1,16,13,23.7955,32.068
"2638",12,1199,1,1199,10,1,1,1,18,10,10.81,30.602
"2639",12,1199,1,1199,7,1,1,1,18,15,26.3975,38.072
"2640",12,1199,1,1199,4,1,1,1,14,15,30.1855,27.428
"2641",16,1590,0,1595,20,10,5,2,19,16,30.2159408665342,39.8332855267284
"2642",16,1590,0,1595,6,10,5,2,4,2,-12.7000648082779,-12.3518345724943
"2643",16,1590,0,1595,7,10,5,2,27,0,-7.4500380770274,56.5253759312944
"2644",16,1590,0,1595,8,10,5,2,15,22,48.4861332830616,24.582099302479
"2645",16,1590,0,1595,21,10,5,2,16,15,29.7787022445325,32.5663229102745
"2646",16,1590,0,1595,9,10,5,2,15,10,18.2868660994419,29.0887627707318
"2647",16,1590,0,1595,13,10,5,2,0,15,14.8576582791661,-1.86699844760225
"2648",16,1590,0,1595,1,10,5,2,26,22,32.5245923618953,50.7838101150159
"2649",16,1590,0,1595,24,10,5,2,1.1,14,14.1007288413573,-0.417332829932607
"2650",16,1590,0,1595,12,10,5,2,0,0,-28,-28
"2651",16,1590,0,1595,19,10,5,2,28,10,4.86745510646527,68.2166950509867
"2652",16,1590,0,1595,23,10,5,2,12,14,27.3789698657859,22.8491307534419
"2653",16,1590,0,1595,11,10,5,2,22,17,28.9359583324516,47.0556705377221
"2654",16,1590,0,1595,18,10,5,2,19,28,61.3667077433292,21.2243297960338
"2655",16,1590,0,1595,22,10,5,2,14,16,32.7451307534419,27.3789698657859
"2656",16,1590,0,1595,10,10,5,2,16,7,11.8566737627467,29.4183637766163
"2657",16,1590,0,1595,14,10,5,2,18,0,-1.05530494901324,24.6594551064652
"2658",16,1590,0,1595,2,10,5,2,24,28,51.838131890328,31.9062705865832
"2659",16,1590,0,1595,25,10,5,2,10.5,25,58.5433939656549,11.3016448325065
"2660",16,1590,0,1595,29,10,5,2,27.5,28,42.7358421700097,40.0614141186921
"2661",16,1590,0,1595,17,10,5,2,7,0,-11.2261773965501,-9.27559001790932
"2662",16,1590,0,1595,5,10,5,2,6,26,60.1006398379504,2.25742208482978
"2663",16,1590,0,1595,28,10,5,2,7,10,12.8096995350501,8.83752685821241
"2664",16,1590,0,1595,16,10,5,2,0,17,21.3466241206446,-1.16235438143586
"2665",16,1590,0,1595,4,10,5,2,0,23,41.907090686383,-2.97278379350608
"2666",16,1590,0,1595,27,10,5,2,9.5,5,3.66453893305837,8.44672045178237
"2667",16,1590,0,1595,15,10,5,2,18,20,40.897452528754,33.8586480904738
"2668",16,1590,0,1595,3,10,5,2,28,0,-8.97813931567535,60.2938606843246
"2669",16,1590,0,1595,26,10,5,2,16.5,9,16.0011470593893,32.5960178985016
"2670",16,1590,0,1595,30,10,5,2,0.5,10,0.653854164061703,-5.46933394273442
"2671",16,1591,0,1595,11,9,5,1,17,22,47.0556705377221,28.9359583324516
"2672",16,1591,0,1595,7,9,5,1,0,27,56.5253759312944,-7.4500380770274
"2673",16,1591,0,1595,14,9,5,1,0,18,24.6594551064652,-1.05530494901324
"2674",16,1591,0,1595,15,9,5,1,20,18,33.8586480904738,40.897452528754
"2675",16,1591,0,1595,6,9,5,1,2,4,-12.3518345724943,-12.7000648082779
"2676",16,1591,0,1595,13,9,5,1,15,0,-1.86699844760225,14.8576582791661
"2677",16,1591,0,1595,1,9,5,1,22,26,50.7838101150159,32.5245923618953
"2678",16,1591,0,1595,8,9,5,1,22,15,24.582099302479,48.4861332830616
"2679",16,1591,0,1595,12,9,5,1,0,0,-28,-28
"2680",16,1591,0,1595,16,9,5,1,17,0,-1.16235438143586,21.3466241206446
"2681",16,1591,0,1595,4,9,5,1,23,0,-2.97278379350608,41.907090686383
"2682",16,1591,0,1595,24,9,5,1,14,1.1,-0.417332829932607,14.1007288413573
"2683",16,1591,0,1595,28,9,5,1,10,7,8.83752685821241,12.8096995350501
"2684",16,1591,0,1595,3,9,5,1,0,28,60.2938606843246,-8.97813931567535
"2685",16,1591,0,1595,10,9,5,1,7,16,29.4183637766163,11.8566737627467
"2686",16,1591,0,1595,27,9,5,1,5,9.5,8.44672045178237,3.66453893305837
"2687",16,1591,0,1595,2,9,5,1,28,24,31.9062705865832,51.838131890328
"2688",16,1591,0,1595,9,9,5,1,10,15,29.0887627707318,18.2868660994419
"2689",16,1591,0,1595,26,9,5,1,9,16.5,32.5960178985016,16.0011470593893
"2690",16,1591,0,1595,17,9,5,1,0,7,-9.27559001790932,-11.2261773965501
"2691",16,1591,0,1595,5,9,5,1,26,6,2.25742208482978,60.1006398379504
"2692",16,1591,0,1595,25,9,5,1,25,10.5,11.3016448325065,58.5433939656549
"2693",16,1591,0,1595,29,9,5,1,28,27.5,40.0614141186921,42.7358421700097
"2694",16,1591,0,1595,20,9,5,1,16,19,39.8332855267284,30.2159408665342
"2695",16,1591,0,1595,30,9,5,1,10,0.5,-5.46933394273442,0.653854164061703
"2696",16,1591,0,1595,18,9,5,1,28,19,21.2243297960338,61.3667077433292
"2697",16,1591,0,1595,19,9,5,1,10,28,68.2166950509867,4.86745510646527
"2698",16,1591,0,1595,23,9,5,1,14,12,22.8491307534419,27.3789698657859
"2699",16,1591,0,1595,21,9,5,1,15,16,32.5663229102745,29.7787022445325
"2700",16,1591,0,1595,22,9,5,1,16,14,27.3789698657859,32.7451307534419
"2701",16,1592,0,1596,2,8,4,2,18.5,17.8,34.9508118182675,37.2899905075879
"2702",16,1592,0,1596,11,8,4,2,28,10,4.86745510646527,68.2166950509867
"2703",16,1592,0,1596,15,8,4,2,25,25,41.9125,41.9125
"2704",16,1592,0,1596,3,8,4,2,0,4,-17.5737294134168,-17.433868109672
"2705",16,1592,0,1596,4,8,4,2,8,18.3,37.0741296938776,13.4224289795918
"2706",16,1592,0,1596,1,8,4,2,19,0,-1.11177058369769,28.0178514690069
"2707",16,1592,0,1596,5,8,4,2,19.6,10,16.6975702292047,42.0537080378039
"2708",16,1592,0,1596,6,8,4,2,18,7,11.5549355274017,35.3191082042394
"2709",16,1592,0,1596,10,8,4,2,10.5,28,68.1836097181638,5.67934394146482
"2710",16,1592,0,1596,17,8,4,2,25,25,41.9125,41.9125
"2711",16,1592,0,1596,8,8,4,2,10,28,68.2166950509867,4.86745510646527
"2712",16,1592,0,1596,12,8,4,2,25,24,39.4938402473064,44.1631849075005
"2713",16,1592,0,1596,16,8,4,2,25,25,41.9125,41.9125
"2714",16,1592,0,1596,7,8,4,2,10,18,37.4348049538224,17.6428049538224
"2715",16,1592,0,1596,24,8,4,2,10,28,68.2166950509867,4.86745510646527
"2716",16,1592,0,1596,28,8,4,2,10,28,68.2166950509867,4.86745510646527
"2717",16,1592,0,1596,19,8,4,2,25.5,25.5,41.940125,41.940125
"2718",16,1592,0,1596,23,8,4,2,28,10,4.86745510646527,68.2166950509867
"2719",16,1592,0,1596,14,8,4,2,25,24,39.4938402473064,44.1631849075005
"2720",16,1592,0,1596,18,8,4,2,25,25,41.9125,41.9125
"2721",16,1592,0,1596,9,8,4,2,28,10,4.86745510646527,68.2166950509867
"2722",16,1592,0,1596,13,8,4,2,24,25,44.1631849075005,39.4938402473064
"2723",16,1592,0,1596,30,8,4,2,0,25,49.1251025553967,-4.88438080105261
"2724",16,1592,0,1596,21,8,4,2,28,10,4.86745510646527,68.2166950509867
"2725",16,1592,0,1596,25,8,4,2,28,10,4.86745510646527,68.2166950509867
"2726",16,1592,0,1596,29,8,4,2,25,0,-4.88438080105261,49.1251025553967
"2727",16,1592,0,1596,20,8,4,2,10,28,68.2166950509867,4.86745510646527
"2728",16,1592,0,1596,27,8,4,2,28,10,4.86745510646527,68.2166950509867
"2729",16,1592,0,1596,22,8,4,2,10,28,68.2166950509867,4.86745510646527
"2730",16,1592,0,1596,26,8,4,2,10,28,68.2166950509867,4.86745510646527
"2731",16,1593,0,1596,2,7,4,1,17.8,18.5,37.2899905075879,34.9508118182675
"2732",16,1593,0,1596,6,7,4,1,7,18,35.3191082042394,11.5549355274017
"2733",16,1593,0,1596,3,7,4,1,4,0,-17.433868109672,-17.5737294134168
"2734",16,1593,0,1596,1,7,4,1,0,19,28.0178514690069,-1.11177058369769
"2735",16,1593,0,1596,8,7,4,1,28,10,4.86745510646527,68.2166950509867
"2736",16,1593,0,1596,15,7,4,1,25,25,41.9125,41.9125
"2737",16,1593,0,1596,19,7,4,1,25.5,25.5,41.940125,41.940125
"2738",16,1593,0,1596,7,7,4,1,18,10,17.6428049538224,37.4348049538224
"2739",16,1593,0,1596,14,7,4,1,24,25,44.1631849075005,39.4938402473064
"2740",16,1593,0,1596,5,7,4,1,10,19.6,42.0537080378039,16.6975702292047
"2741",16,1593,0,1596,9,7,4,1,10,28,68.2166950509867,4.86745510646527
"2742",16,1593,0,1596,10,7,4,1,28,10.5,5.67934394146482,68.1836097181638
"2743",16,1593,0,1596,4,7,4,1,18.3,8,13.4224289795918,37.0741296938776
"2744",16,1593,0,1596,21,7,4,1,10,28,68.2166950509867,4.86745510646527
"2745",16,1593,0,1596,12,7,4,1,24,25,44.1631849075005,39.4938402473064
"2746",16,1593,0,1596,16,7,4,1,25,25,41.9125,41.9125
"2747",16,1593,0,1596,20,7,4,1,28,10,4.86745510646527,68.2166950509867
"2748",16,1593,0,1596,11,7,4,1,10,28,68.2166950509867,4.86745510646527
"2749",16,1593,0,1596,28,7,4,1,28,10,4.86745510646527,68.2166950509867
"2750",16,1593,0,1596,22,7,4,1,28,10,4.86745510646527,68.2166950509867
"2751",16,1593,0,1596,23,7,4,1,10,28,68.2166950509867,4.86745510646527
"2752",16,1593,0,1596,27,7,4,1,10,28,68.2166950509867,4.86745510646527
"2753",16,1593,0,1596,18,7,4,1,25,25,41.9125,41.9125
"2754",16,1593,0,1596,25,7,4,1,10,28,68.2166950509867,4.86745510646527
"2755",16,1593,0,1596,13,7,4,1,25,24,39.4938402473064,44.1631849075005
"2756",16,1593,0,1596,17,7,4,1,25,25,41.9125,41.9125
"2757",16,1593,0,1596,24,7,4,1,28,10,4.86745510646527,68.2166950509867
"2758",16,1593,0,1596,29,7,4,1,0,25,49.1251025553967,-4.88438080105261
"2759",16,1593,0,1596,26,7,4,1,28,10,4.86745510646527,68.2166950509867
"2760",16,1593,0,1596,30,7,4,1,25,0,-4.88438080105261,49.1251025553967
"2761",16,1594,0,1597,6,6,3,2,16,14,27.3789698657859,32.7451307534419
"2762",16,1594,0,1597,10,6,3,2,2,12,9.91144220636694,-0.192926725671888
"2763",16,1594,0,1597,1,6,3,2,12,28,67.8390811190345,8.18335851154489
"2764",16,1594,0,1597,5,6,3,2,12,12,22.328,22.328
"2765",16,1594,0,1597,12,6,3,2,4,10,8.05776346613676,1.99514210691346
"2766",16,1594,0,1597,3,6,3,2,10,22,49.2007764720366,14.4948458201642
"2767",16,1594,0,1597,7,6,3,2,12,16,32.6122012384556,22.7162012384556
"2768",16,1594,0,1597,11,6,3,2,5,18,33.091068368982,7.72418279339261
"2769",16,1594,0,1597,2,6,3,2,16,20,42.4608447890797,29.2195576878315
"2770",16,1594,0,1597,19,6,3,2,4,12,13.70287430195,3.94673560569482
"2771",16,1594,0,1597,23,6,3,2,5,5,-3.2675,-3.2675
"2772",16,1594,0,1597,14,6,3,2,10,10,16.09,16.09
"2773",16,1594,0,1597,18,6,3,2,10,8,11.209452528754,14.0666480904738
"2774",16,1594,0,1597,9,6,3,2,2,13,12.8993959989689,0.634647732672108
"2775",16,1594,0,1597,13,6,3,2,4,8,2.59491413720734,-0.610511660296128
"2776",16,1594,0,1597,4,6,3,2,12,10,17.4592916410979,21.1528089781298
"2777",16,1594,0,1597,8,6,3,2,8,18,36.1878555212074,13.5386599594876
"2778",16,1594,0,1597,25,6,3,2,2,14,15.9329151682918,1.29870712390905
"2779",16,1594,0,1597,16,6,3,2,10,14,26.3978794631435,18.1745230137677
"2780",16,1594,0,1597,20,6,3,2,10,22,49.2007764720366,14.4948458201642
"2781",16,1594,0,1597,24,6,3,2,10,6,6.5111665643918,11.3892359125194
"2782",16,1594,0,1597,15,6,3,2,16,12,22.7162012384556,32.6122012384556
"2783",16,1594,0,1597,22,6,3,2,10,8,11.209452528754,14.0666480904738
"2784",16,1594,0,1597,26,6,3,2,6,6,1.034,1.034
"2785",16,1594,0,1597,27,6,3,2,10,10,16.09,16.09
"2786",16,1594,0,1597,21,6,3,2,10,24,55.3571544914695,11.9397758506928
"2787",16,1594,0,1597,28,6,3,2,2,6,-7.05940763810473,-8.59218988498406
"2788",16,1594,0,1597,29,6,3,2,10,12,21.1528089781298,17.4592916410979
"2789",16,1594,0,1597,17,6,3,2,2,12,9.91144220636694,-0.192926725671888
"2790",16,1594,0,1597,30,6,3,2,0,6,-12.0872018597994,-13.1318925671503
"2791",16,1595,0,1597,1,5,3,1,28,12,8.18335851154489,67.8390811190345
"2792",16,1595,0,1597,14,5,3,1,10,10,16.09,16.09
"2793",16,1595,0,1597,2,5,3,1,20,16,29.2195576878315,42.4608447890797
"2794",16,1595,0,1597,3,5,3,1,22,10,14.4948458201642,49.2007764720366
"2795",16,1595,0,1597,10,5,3,1,12,2,-0.192926725671888,9.91144220636694
"2796",16,1595,0,1597,4,5,3,1,10,12,21.1528089781298,17.4592916410979
"2797",16,1595,0,1597,5,5,3,1,12,12,22.328,22.328
"2798",16,1595,0,1597,9,5,3,1,13,2,0.634647732672108,12.8993959989689
"2799",16,1595,0,1597,16,5,3,1,14,10,18.1745230137677,26.3978794631435
"2800",16,1595,0,1597,7,5,3,1,16,12,22.7162012384556,32.6122012384556
"2801",16,1595,0,1597,11,5,3,1,18,5,7.72418279339261,33.091068368982
"2802",16,1595,0,1597,15,5,3,1,12,16,32.6122012384556,22.7162012384556
"2803",16,1595,0,1597,6,5,3,1,14,16,32.7451307534419,27.3789698657859
"2804",16,1595,0,1597,23,5,3,1,5,5,-3.2675,-3.2675
"2805",16,1595,0,1597,27,5,3,1,10,10,16.09,16.09
"2806",16,1595,0,1597,18,5,3,1,8,10,14.0666480904738,11.209452528754
"2807",16,1595,0,1597,22,5,3,1,8,10,14.0666480904738,11.209452528754
"2808",16,1595,0,1597,13,5,3,1,8,4,-0.610511660296128,2.59491413720734
"2809",16,1595,0,1597,17,5,3,1,12,2,-0.192926725671888,9.91144220636694
"2810",16,1595,0,1597,8,5,3,1,18,8,13.5386599594876,36.1878555212074
"2811",16,1595,0,1597,12,5,3,1,10,4,1.99514210691346,8.05776346613676
"2812",16,1595,0,1597,29,5,3,1,12,10,17.4592916410979,21.1528089781298
"2813",16,1595,0,1597,20,5,3,1,22,10,14.4948458201642,49.2007764720366
"2814",16,1595,0,1597,24,5,3,1,6,10,11.3892359125194,6.5111665643918
"2815",16,1595,0,1597,28,5,3,1,6,2,-8.59218988498406,-7.05940763810473
"2816",16,1595,0,1597,19,5,3,1,12,4,3.94673560569482,13.70287430195
"2817",16,1595,0,1597,26,5,3,1,6,6,1.034,1.034
"2818",16,1595,0,1597,30,5,3,1,6,0,-13.1318925671503,-12.0872018597994
"2819",16,1595,0,1597,21,5,3,1,24,10,11.9397758506928,55.3571544914695
"2820",16,1595,0,1597,25,5,3,1,14,2,1.29870712390905,15.9329151682918
"2821",16,1596,0,1598,1,4,2,2,12,5,6.08491483645961,15.353317749081
"2822",16,1596,0,1598,5,4,2,2,17,1.4,1.24901265383069,24.1874690199888
"2823",16,1596,0,1598,2,4,2,2,2,20,35.0909030953695,1.84924706208246
"2824",16,1596,0,1598,7,4,2,2,27,0.1,-7.32928447880218,56.6903967486597
"2825",16,1596,0,1598,14,4,2,2,16,28,65.1216724498452,15.3619498423557
"2826",16,1596,0,1598,18,4,2,2,12,1.2,-1.7977584362911,8.21173249297381
"2827",16,1596,0,1598,6,4,2,2,5,5.5,-2.01148532652292,-2.33375838477535
"2828",16,1596,0,1598,13,4,2,2,18,28,62.7818777126083,19.2246377680868
"2829",16,1596,0,1598,4,4,2,2,8,8.4,9.99234869754406,9.48781532722505
"2830",16,1596,0,1598,8,4,2,2,10,8,11.209452528754,14.0666480904738
"2831",16,1596,0,1598,9,4,2,2,8.5,20,42.4983414996124,13.4462352236069
"2832",16,1596,0,1598,3,4,2,2,14.5,2,1.56941866936237,17.4667617692237
"2833",16,1596,0,1598,20,4,2,2,13.2,0.1,-2.87268132479932,9.4054081412201
"2834",16,1596,0,1598,11,4,2,2,16,28,65.1216724498452,15.3619498423557
"2835",16,1596,0,1598,15,4,2,2,12,28,67.8390811190345,8.18335851154489
"2836",16,1596,0,1598,19,4,2,2,13.5,0.8,-1.32184978518431,11.9089970039974
"2837",16,1596,0,1598,10,4,2,2,18,20,40.897452528754,33.8586480904738
"2838",16,1596,0,1598,27,4,2,2,12,20,43.6254485044466,20.4881614031983
"2839",16,1596,0,1598,21,4,2,2,0.6,0.1,-25.999434841086,-26.1894088702122
"2840",16,1596,0,1598,22,4,2,2,16,2,2.13628070506175,22.1366496371006
"2841",16,1596,0,1598,26,4,2,2,12,20,43.6254485044466,20.4881614031983
"2842",16,1596,0,1598,17,4,2,2,10.5,28,68.1836097181638,5.67934394146482
"2843",16,1596,0,1598,24,4,2,2,14,13,25.2547826883605,27.6242424664465
"2844",16,1596,0,1598,12,4,2,2,14.5,28,66.4472914516169,12.5845430119498
"2845",16,1596,0,1598,16,4,2,2,11,28,68.1096456185641,6.5026241206446
"2846",16,1596,0,1598,23,4,2,2,2,0.1,-22.1478374353793,-22.5916617557676
"2847",16,1596,0,1598,30,4,2,2,18,0.1,-0.890878711461758,24.8681485631568
"2848",16,1596,0,1598,28,4,2,2,12,20,43.6254485044466,20.4881614031983
"2849",16,1596,0,1598,25,4,2,2,18,13,24.1407627707318,38.0788660994419
"2850",16,1596,0,1598,29,4,2,2,12,2,-0.192926725671888,9.91144220636694
"2851",16,1597,0,1598,5,3,2,1,1.4,17,24.1874690199888,1.24901265383069
"2852",16,1597,0,1598,9,3,2,1,20,8.5,13.4462352236069,42.4983414996124
"2853",16,1597,0,1598,4,3,2,1,8.4,8,9.48781532722505,9.99234869754406
"2854",16,1597,0,1598,11,3,2,1,28,16,15.3619498423557,65.1216724498452
"2855",16,1597,0,1598,2,3,2,1,20,2,1.84924706208246,35.0909030953695
"2856",16,1597,0,1598,6,3,2,1,5.5,5,-2.33375838477535,-2.01148532652292
"2857",16,1597,0,1598,10,3,2,1,20,18,33.8586480904738,40.897452528754
"2858",16,1597,0,1598,1,3,2,1,5,12,15.353317749081,6.08491483645961
"2859",16,1597,0,1598,18,3,2,1,1.2,12,8.21173249297381,-1.7977584362911
"2860",16,1597,0,1598,22,3,2,1,2,16,22.1366496371006,2.13628070506175
"2861",16,1597,0,1598,13,3,2,1,28,18,19.2246377680868,62.7818777126083
"2862",16,1597,0,1598,17,3,2,1,28,10.5,5.67934394146482,68.1836097181638
"2863",16,1597,0,1598,8,3,2,1,8,10,14.0666480904738,11.209452528754
"2864",16,1597,0,1598,12,3,2,1,28,14.5,12.5845430119498,66.4472914516169
"2865",16,1597,0,1598,3,3,2,1,2,14.5,17.4667617692237,1.56941866936237
"2866",16,1597,0,1598,7,3,2,1,0.1,27,56.6903967486597,-7.32928447880218
"2867",16,1597,0,1598,24,3,2,1,13,14,27.6242424664465,25.2547826883605
"2868",16,1597,0,1598,15,3,2,1,28,12,8.18335851154489,67.8390811190345
"2869",16,1597,0,1598,19,3,2,1,0.8,13.5,11.9089970039974,-1.32184978518431
"2870",16,1597,0,1598,23,3,2,1,0.1,2,-22.5916617557676,-22.1478374353793
"2871",16,1597,0,1598,14,3,2,1,28,16,15.3619498423557,65.1216724498452
"2872",16,1597,0,1598,21,3,2,1,0.1,0.6,-26.1894088702122,-25.999434841086
"2873",16,1597,0,1598,25,3,2,1,13,18,38.0788660994419,24.1407627707318
"2874",16,1597,0,1598,26,3,2,1,20,12,20.4881614031983,43.6254485044466
"2875",16,1597,0,1598,30,3,2,1,0.1,18,24.8681485631568,-0.890878711461758
"2876",16,1597,0,1598,27,3,2,1,20,12,20.4881614031983,43.6254485044466
"2877",16,1597,0,1598,28,3,2,1,20,12,20.4881614031983,43.6254485044466
"2878",16,1597,0,1598,16,3,2,1,28,11,6.5026241206446,68.1096456185641
"2879",16,1597,0,1598,20,3,2,1,0.1,13.2,9.4054081412201,-2.87268132479932
"2880",16,1597,0,1598,29,3,2,1,2,12,9.91144220636694,-0.192926725671888
"2881",16,1598,0,1599,9,2,1,2,2.3,9.2,2.43875167772453,-2.72994405736562
"2882",16,1598,0,1599,10,2,1,2,1.5,7,-5.51621393368357,-7.91127513340618
"2883",16,1598,0,1599,8,2,1,2,18.6,9.5,16.3088307338109,38.9173623357527
"2884",16,1598,0,1599,12,2,1,2,11.1,1,-3.12270486048618,5.07658090234321
"2885",16,1598,0,1599,13,2,1,2,5.6,6.2,0.84671904936317,0.378450006367328
"2886",16,1598,0,1599,1,2,1,2,16,10.1,18.455390763243,31.880094875587
"2887",16,1598,0,1599,11,2,1,2,14.4,15,30.1702914210691,28.5980776346614
"2888",16,1598,0,1599,2,2,1,2,22,9.8,14.1150496767665,49.1443343647
"2889",16,1598,0,1599,6,2,1,2,12.5,13.5,26.2543473554895,23.9894277993175
"2890",16,1598,0,1599,26,2,1,2,5.2,9.9,9.8634860075196,4.57395966216593
"2891",16,1598,0,1599,14,2,1,2,9.8,7,8.63550928645489,12.2843279272316
"2892",16,1598,0,1599,5,2,1,2,13,1.9,0.437301496140169,12.6975078276242
"2893",16,1598,0,1599,22,2,1,2,9.6,5.9,5.84910981641502,10.1679245528921
"2894",16,1598,0,1599,29,2,1,2,6.6,9.8,11.7318822738876,7.69561531133558
"2895",16,1598,0,1599,4,2,1,2,13.5,8.9,15.53699919611,24.2244430796051
"2896",16,1598,0,1599,21,2,1,2,7.9,4,-0.757963430702854,2.32655603531657
"2897",16,1598,0,1599,28,2,1,2,13,8,13.309268318582,22.0203605515917
"2898",16,1598,0,1599,3,2,1,2,6.4,12,17.3892332623244,9.15491559242153
"2899",16,1598,0,1599,7,2,1,2,8.3,5.5,3.31570321849373,6.08638399519276
"2900",16,1598,0,1599,27,2,1,2,4.5,6.1,-1.4371626908901,-2.48516291280411
"2901",16,1598,0,1599,15,2,1,2,19.7,6.9,10.5965860701349,40.3904252934359
"2902",16,1598,0,1599,19,2,1,2,10.1,8.6,12.745271347008,14.9979352513076
"2903",16,1598,0,1599,23,2,1,2,3.4,8.9,3.87163138531782,-0.708320452407564
"2904",16,1598,0,1599,30,2,1,2,1.2,12.5,9.71942377910745,-1.34412176180794
"2905",16,1598,0,1599,18,2,1,2,2.3,7.9,-1.19268523282119,-4.62651591243284
"2906",16,1598,0,1599,25,2,1,2,8.9,7,7.64549025532807,9.94271055352502
"2907",16,1598,0,1599,16,2,1,2,8,8.5,10.2435750063481,9.60768128235364
"2908",16,1598,0,1599,17,2,1,2,8,7.6,7.9989417627313,8.47002226203782
"2909",16,1598,0,1599,24,2,1,2,12,7,10.4979694281521,18.1636594420217
"2910",16,1598,0,1599,20,2,1,2,22,6.5,8.11155336126814,47.2687400811017
"2911",16,1599,0,1599,1,1,1,1,10.1,16,31.880094875587,18.455390763243
"2912",16,1599,0,1599,5,1,1,1,1.9,13,12.6975078276242,0.437301496140169
"2913",16,1599,0,1599,28,1,1,1,8,13,22.0203605515917,13.309268318582
"2914",16,1599,0,1599,16,1,1,1,8.5,8,9.60768128235364,10.2435750063481
"2915",16,1599,0,1599,4,1,1,1,8.9,13.5,24.2244430796051,15.53699919611
"2916",16,1599,0,1599,27,1,1,1,6.1,4.5,-2.48516291280411,-1.4371626908901
"2917",16,1599,0,1599,15,1,1,1,6.9,19.7,40.3904252934359,10.5965860701349
"2918",16,1599,0,1599,3,1,1,1,12,6.4,9.15491559242153,17.3892332623244
"2919",16,1599,0,1599,26,1,1,1,9.9,5.2,4.57395966216593,9.8634860075196
"2920",16,1599,0,1599,14,1,1,1,7,9.8,12.2843279272316,8.63550928645489
"2921",16,1599,0,1599,2,1,1,1,9.8,22,49.1443343647,14.1150496767665
"2922",16,1599,0,1599,6,1,1,1,13.5,12.5,23.9894277993175,26.2543473554895
"2923",16,1599,0,1599,29,1,1,1,9.8,6.6,7.69561531133558,11.7318822738876
"2924",16,1599,0,1599,17,1,1,1,7.6,8,8.47002226203782,7.9989417627313
"2925",16,1599,0,1599,21,1,1,1,4,7.9,2.32655603531657,-0.757963430702854
"2926",16,1599,0,1599,9,1,1,1,9.2,2.3,-2.72994405736562,2.43875167772453
"2927",16,1599,0,1599,13,1,1,1,6.2,5.6,0.378450006367328,0.84671904936317
"2928",16,1599,0,1599,20,1,1,1,6.5,22,47.2687400811017,8.11155336126814
"2929",16,1599,0,1599,8,1,1,1,9.5,18.6,38.9173623357527,16.3088307338109
"2930",16,1599,0,1599,12,1,1,1,1,11.1,5.07658090234321,-3.12270486048618
"2931",16,1599,0,1599,19,1,1,1,8.6,10.1,14.9979352513076,12.745271347008
"2932",16,1599,0,1599,7,1,1,1,5.5,8.3,6.08638399519276,3.31570321849373
"2933",16,1599,0,1599,30,1,1,1,12.5,1.2,-1.34412176180794,9.71942377910745
"2934",16,1599,0,1599,18,1,1,1,7.9,2.3,-4.62651591243284,-1.19268523282119
"2935",16,1599,0,1599,22,1,1,1,5.9,9.6,10.1679245528921,5.84910981641502
"2936",16,1599,0,1599,10,1,1,1,7,1.5,-7.91127513340618,-5.51621393368357
"2937",16,1599,0,1599,23,1,1,1,8.9,3.4,-0.708320452407564,3.87163138531782
"2938",16,1599,0,1599,24,1,1,1,7,12,18.1636594420217,10.4979694281521
"2939",16,1599,0,1599,25,1,1,1,7,8.9,9.94271055352502,7.64549025532807
"2940",16,1599,0,1599,11,1,1,1,15,14.4,28.5980776346614,30.1702914210691
"2941",18,1786,1,1793,6,14,7,2,20,20,38.68,38.68
"2942",18,1786,1,1793,28,14,7,2,18,20,42.26,31.642
"2943",18,1786,1,1793,7,14,7,2,24,22,33.25,48.4039999999999
"2944",18,1786,1,1793,5,14,7,2,18,20,42.26,31.642
"2945",18,1786,1,1793,2,14,7,2,8,12,14.752,13.928
"2946",18,1786,1,1793,13,14,7,2,16,16,32.224,32.224
"2947",18,1786,1,1793,14,14,7,2,14,14,27.706,27.706
"2948",18,1786,1,1793,16,14,7,2,16,22,49.378,17.5239999999999
"2949",18,1786,1,1793,10,14,7,2,16,14,26.594,32.676
"2950",18,1786,1,1793,19,14,7,2,20,18,31.642,42.26
"2951",18,1786,1,1793,22,14,7,2,12,20,39.656,10.792
"2952",18,1786,1,1793,23,14,7,2,14,14,27.706,27.706
"2953",18,1786,1,1793,25,14,7,2,16,20,43.616,24.648
"2954",18,1786,1,1793,26,14,7,2,12,16,30.904,21.008
"2955",18,1786,1,1793,3,14,7,2,12,14,26.594,22.78
"2956",18,1786,1,1793,29,14,7,2,14,20,42.748,17.698
"2957",18,1786,1,1793,8,14,7,2,12,24,48.584,-8.32000000000004
"2958",18,1786,1,1793,9,14,7,2,10,22,38.122,-5.17400000000008
"2959",18,1786,1,1793,11,14,7,2,20,18,31.642,42.26
"2960",18,1786,1,1793,12,14,7,2,22,20,32.8759999999999,45.762
"2961",18,1786,1,1793,15,14,7,2,18,18,35.882,35.882
"2962",18,1786,1,1793,17,14,7,2,12,20,39.656,10.792
"2963",18,1786,1,1793,18,14,7,2,16,16,32.224,32.224
"2964",18,1786,1,1793,20,14,7,2,22,20,32.8759999999999,45.762
"2965",18,1786,1,1793,21,14,7,2,20,16,24.648,43.616
"2966",18,1786,1,1793,24,14,7,2,18,18,35.882,35.882
"2967",18,1786,1,1793,1,14,7,2,10,8,12.572,11.85
"2968",18,1786,1,1793,27,14,7,2,14,14,27.706,27.706
"2969",18,1786,1,1793,4,14,7,2,16,16,32.224,32.224
"2970",18,1786,1,1793,30,14,7,2,16,14,26.594,32.676
"2971",18,1787,1,1793,29,13,7,1,20,14,17.698,42.748
"2972",18,1787,1,1793,28,13,7,1,20,18,31.642,42.26
"2973",18,1787,1,1793,27,13,7,1,14,14,27.706,27.706
"2974",18,1787,1,1793,6,13,7,1,20,20,38.68,38.68
"2975",18,1787,1,1793,4,13,7,1,16,16,32.224,32.224
"2976",18,1787,1,1793,7,13,7,1,22,24,48.4039999999999,33.25
"2977",18,1787,1,1793,30,13,7,1,14,16,32.676,26.594
"2978",18,1787,1,1793,5,13,7,1,20,18,31.642,42.26
"2979",18,1787,1,1793,14,13,7,1,14,14,27.706,27.706
"2980",18,1787,1,1793,15,13,7,1,18,18,35.882,35.882
"2981",18,1787,1,1793,2,13,7,1,12,8,13.928,14.752
"2982",18,1787,1,1793,13,13,7,1,16,16,32.224,32.224
"2983",18,1787,1,1793,22,13,7,1,20,12,10.792,39.656
"2984",18,1787,1,1793,23,13,7,1,14,14,27.706,27.706
"2985",18,1787,1,1793,24,13,7,1,18,18,35.882,35.882
"2986",18,1787,1,1793,1,13,7,1,8,10,11.85,12.572
"2987",18,1787,1,1793,3,13,7,1,14,12,22.78,26.594
"2988",18,1787,1,1793,11,13,7,1,18,20,42.26,31.642
"2989",18,1787,1,1793,12,13,7,1,20,22,45.762,32.8759999999999
"2990",18,1787,1,1793,8,13,7,1,24,12,-8.32000000000004,48.584
"2991",18,1787,1,1793,10,13,7,1,14,16,32.676,26.594
"2992",18,1787,1,1793,19,13,7,1,18,20,42.26,31.642
"2993",18,1787,1,1793,20,13,7,1,20,22,45.762,32.8759999999999
"2994",18,1787,1,1793,16,13,7,1,22,16,17.5239999999999,49.378
"2995",18,1787,1,1793,17,13,7,1,20,12,10.792,39.656
"2996",18,1787,1,1793,26,13,7,1,16,12,21.008,30.904
"2997",18,1787,1,1793,18,13,7,1,16,16,32.224,32.224
"2998",18,1787,1,1793,21,13,7,1,16,20,43.616,24.648
"2999",18,1787,1,1793,25,13,7,1,20,16,24.648,43.616
"3000",18,1787,1,1793,9,13,7,1,22,10,-5.17400000000008,38.122
"3001",18,1788,1,1794,7,12,6,2,16,13.5,25.193375,32.4415
"3002",18,1788,1,1794,29,12,6,2,14.1,13.8,27.20534,27.939035
"3003",18,1788,1,1794,2,12,6,2,14.5,14,27.6365,28.944375
"3004",18,1788,1,1794,6,12,6,2,14,17.5,36.432375,24.3005
"3005",18,1788,1,1794,28,12,6,2,14,15.6,31.67848,26.99432
"3006",18,1788,1,1794,1,12,6,2,12,18,35.258,17.012
"3007",18,1788,1,1794,5,12,6,2,13.5,16,32.4415,25.193375
"3008",18,1788,1,1794,27,12,6,2,12.5,14,27.0805,24.007375
"3009",18,1788,1,1794,9,12,6,2,16,10,15.466,26.908
"3010",18,1788,1,1794,30,12,6,2,13.8,9.1,15.866035,20.69834
"3011",18,1788,1,1794,8,12,6,2,13,14.5,28.583875,25.0855
"3012",18,1788,1,1794,4,12,6,2,16,19,40.7515,27.376
"3013",18,1788,1,1794,16,12,6,2,12.5,14,27.0805,24.007375
"3014",18,1788,1,1794,26,12,6,2,12.5,11,20.4505,22.247875
"3015",18,1788,1,1794,3,12,6,2,16,17,35.0555,31.164
"3016",18,1788,1,1794,14,12,6,2,14,25,55.5855,-5.93199999999996
"3017",18,1788,1,1794,23,12,6,2,14,14,27.706,27.706
"3018",18,1788,1,1794,25,12,6,2,14,10,17.898,23.258
"3019",18,1788,1,1794,10,12,6,2,13.5,11.5,21.692125,24.939125
"3020",18,1788,1,1794,13,12,6,2,15,23,51.6245,9.1525
"3021",18,1788,1,1794,12,12,6,2,14,21,45.2935,14.084
"3022",18,1788,1,1794,15,12,6,2,14.5,16,32.7715,27.997375
"3023",18,1788,1,1794,17,12,6,2,14,9,15.4735,20.756
"3024",18,1788,1,1794,19,12,6,2,14.5,10,17.4985,24.166375
"3025",18,1788,1,1794,22,12,6,2,13.5,14,27.6365,26.470375
"3026",18,1788,1,1794,21,12,6,2,12.5,14,27.0805,24.007375
"3027",18,1788,1,1794,24,12,6,2,9.5,16,25.5615,14.087375
"3028",18,1788,1,1794,11,12,6,2,15,19,40.7605,24.0605
"3029",18,1788,1,1794,20,12,6,2,12,14,26.594,22.78
"3030",18,1788,1,1794,18,12,6,2,9.5,12,18.6355,17.057375
"3031",18,1789,1,1794,30,11,6,1,9.1,13.8,20.69834,15.866035
"3032",18,1789,1,1794,6,11,6,1,17.5,14,24.3005,36.432375
"3033",18,1789,1,1794,4,11,6,1,19,16,27.376,40.7515
"3034",18,1789,1,1794,7,11,6,1,13.5,16,32.4415,25.193375
"3035",18,1789,1,1794,5,11,6,1,16,13.5,25.193375,32.4415
"3036",18,1789,1,1794,29,11,6,1,13.8,14.1,27.939035,27.20534
"3037",18,1789,1,1794,2,11,6,1,14,14.5,28.944375,27.6365
"3038",18,1789,1,1794,3,11,6,1,17,16,31.164,35.0555
"3039",18,1789,1,1794,13,11,6,1,23,15,9.1525,51.6245
"3040",18,1789,1,1794,28,11,6,1,15.6,14,26.99432,31.67848
"3041",18,1789,1,1794,27,11,6,1,14,12.5,24.007375,27.0805
"3042",18,1789,1,1794,26,11,6,1,11,12.5,22.247875,20.4505
"3043",18,1789,1,1794,1,11,6,1,18,12,17.012,35.258
"3044",18,1789,1,1794,8,11,6,1,14.5,13,25.0855,28.583875
"3045",18,1789,1,1794,16,11,6,1,14,12.5,24.007375,27.0805
"3046",18,1789,1,1794,9,11,6,1,10,16,26.908,15.466
"3047",18,1789,1,1794,17,11,6,1,9,14,20.756,15.4735
"3048",18,1789,1,1794,10,11,6,1,11.5,13.5,24.939125,21.692125
"3049",18,1789,1,1794,14,11,6,1,25,14,-5.93199999999996,55.5855
"3050",18,1789,1,1794,25,11,6,1,10,14,23.258,17.898
"3051",18,1789,1,1794,24,11,6,1,16,9.5,14.087375,25.5615
"3052",18,1789,1,1794,18,11,6,1,12,9.5,17.057375,18.6355
"3053",18,1789,1,1794,22,11,6,1,14,13.5,26.470375,27.6365
"3054",18,1789,1,1794,15,11,6,1,16,14.5,27.997375,32.7715
"3055",18,1789,1,1794,12,11,6,1,21,14,14.084,45.2935
"3056",18,1789,1,1794,21,11,6,1,14,12.5,24.007375,27.0805
"3057",18,1789,1,1794,23,11,6,1,14,14,27.706,27.706
"3058",18,1789,1,1794,20,11,6,1,14,12,22.78,26.594
"3059",18,1789,1,1794,11,11,6,1,19,15,24.0605,40.7605
"3060",18,1789,1,1794,19,11,6,1,10,14.5,24.166375,17.4985
"3061",18,1790,1,1795,9,10,5,2,22,28,64.1079999999999,11.842
"3062",18,1790,1,1795,7,10,5,2,20,26,60.058,14.596
"3063",18,1790,1,1795,6,10,5,2,24,6,-32.734,22.004
"3064",18,1790,1,1795,8,10,5,2,24,24,41.696,41.696
"3065",18,1790,1,1795,30,10,5,2,10,12,19.652,18.106
"3066",18,1790,1,1795,29,10,5,2,10,16,26.908,15.466
"3067",18,1790,1,1795,10,10,5,2,22,8,-12.6520000000001,29.922
"3068",18,1790,1,1795,4,10,5,2,20,28,67.272,2.12000000000002
"3069",18,1790,1,1795,28,10,5,2,16,8,9.96800000000001,20.688
"3070",18,1790,1,1795,3,10,5,2,22,28,64.1079999999999,11.842
"3071",18,1790,1,1795,26,10,5,2,14,4,3.51600000000002,-0.0939999999999994
"3072",18,1790,1,1795,5,10,5,2,16,16,32.224,32.224
"3073",18,1790,1,1795,11,10,5,2,26,0,-73.604,-24.022
"3074",18,1790,1,1795,1,10,5,2,3,14,-5.932,1.15750000000002
"3075",18,1790,1,1795,12,10,5,2,10,2,2.28199999999999,-14.214
"3076",18,1790,1,1795,17,10,5,2,26,16,-3.39600000000004,61.034
"3077",18,1790,1,1795,2,10,5,2,18,26,61.658,5.57799999999996
"3078",18,1790,1,1795,14,10,5,2,20,20,38.68,38.68
"3079",18,1790,1,1795,27,10,5,2,10,16,26.908,15.466
"3080",18,1790,1,1795,25,10,5,2,12,16,30.904,21.008
"3081",18,1790,1,1795,13,10,5,2,14,28,63.42,-26.782
"3082",18,1790,1,1795,22,10,5,2,20,12,10.792,39.656
"3083",18,1790,1,1795,16,10,5,2,24,28,58.72,21.608
"3084",18,1790,1,1795,15,10,5,2,22,22,40.6179999999999,40.6179999999999
"3085",18,1790,1,1795,19,10,5,2,16,16,32.224,32.224
"3086",18,1790,1,1795,18,10,5,2,18,18,35.882,35.882
"3087",18,1790,1,1795,23,10,5,2,10,10,16.09,16.09
"3088",18,1790,1,1795,21,10,5,2,20,14,17.698,42.748
"3089",18,1790,1,1795,24,10,5,2,8,6,6.17800000000001,3.188
"3090",18,1790,1,1795,20,10,5,2,14,12,22.78,26.594
"3091",18,1791,1,1795,11,9,5,1,0,26,-24.022,-73.604
"3092",18,1791,1,1795,12,9,5,1,2,10,-14.214,2.28199999999999
"3093",18,1791,1,1795,7,9,5,1,26,20,14.596,60.058
"3094",18,1791,1,1795,8,9,5,1,24,24,41.696,41.696
"3095",18,1791,1,1795,4,9,5,1,28,20,2.12000000000002,67.272
"3096",18,1791,1,1795,30,9,5,1,12,10,18.106,19.652
"3097",18,1791,1,1795,6,9,5,1,6,24,22.004,-32.734
"3098",18,1791,1,1795,14,9,5,1,20,20,38.68,38.68
"3099",18,1791,1,1795,10,9,5,1,8,22,29.922,-12.6520000000001
"3100",18,1791,1,1795,13,9,5,1,28,14,-26.782,63.42
"3101",18,1791,1,1795,5,9,5,1,16,16,32.224,32.224
"3102",18,1791,1,1795,29,9,5,1,16,10,15.466,26.908
"3103",18,1791,1,1795,9,9,5,1,28,22,11.842,64.1079999999999
"3104",18,1791,1,1795,15,9,5,1,22,22,40.6179999999999,40.6179999999999
"3105",18,1791,1,1795,28,9,5,1,8,16,20.688,9.96800000000001
"3106",18,1791,1,1795,27,9,5,1,16,10,15.466,26.908
"3107",18,1791,1,1795,3,9,5,1,28,22,11.842,64.1079999999999
"3108",18,1791,1,1795,19,9,5,1,16,16,32.224,32.224
"3109",18,1791,1,1795,22,9,5,1,12,20,39.656,10.792
"3110",18,1791,1,1795,16,9,5,1,28,24,21.608,58.72
"3111",18,1791,1,1795,2,9,5,1,26,18,5.57799999999996,61.658
"3112",18,1791,1,1795,26,9,5,1,4,14,-0.0939999999999994,3.51600000000002
"3113",18,1791,1,1795,18,9,5,1,18,18,35.882,35.882
"3114",18,1791,1,1795,23,9,5,1,10,10,16.09,16.09
"3115",18,1791,1,1795,25,9,5,1,16,12,21.008,30.904
"3116",18,1791,1,1795,17,9,5,1,16,26,61.034,-3.39600000000004
"3117",18,1791,1,1795,1,9,5,1,14,3,1.15750000000002,-5.932
"3118",18,1791,1,1795,20,9,5,1,12,14,26.594,22.78
"3119",18,1791,1,1795,21,9,5,1,14,20,42.748,17.698
"3120",18,1791,1,1795,24,9,5,1,6,8,3.188,6.17800000000001
"3121",18,1792,1,1796,11,8,4,2,5,12.5,3.716875,7.48749999999997
"3122",18,1792,1,1796,10,8,4,2,3,12.5,-6.908125,3.25449999999998
"3123",18,1792,1,1796,6,8,4,2,16,10,15.466,26.908
"3124",18,1792,1,1796,9,8,4,2,6,10,5.386,9.09799999999999
"3125",18,1792,1,1796,12,8,4,2,5,10,1.32,7.37749999999999
"3126",18,1792,1,1796,13,8,4,2,5,12,3.232,7.7435
"3127",18,1792,1,1796,8,8,4,2,2,15,-11.8265,-3.448
"3128",18,1792,1,1796,4,8,4,2,2,8,-15.092,0.682000000000007
"3129",18,1792,1,1796,5,8,4,2,10,8,12.572,11.85
"3130",18,1792,1,1796,30,8,4,2,4,16,1.576,-0.895999999999983
"3131",18,1792,1,1796,14,8,4,2,10,11.5,18.757375,17.8105
"3132",18,1792,1,1796,7,8,4,2,20,12,10.792,39.656
"3133",18,1792,1,1796,28,8,4,2,4,15,0.735500000000004,1.58799999999999
"3134",18,1792,1,1796,29,8,4,2,10,15,25.0775,16.96
"3135",18,1792,1,1796,3,8,4,2,5,6,-2.372,-0.0264999999999986
"3136",18,1792,1,1796,26,8,4,2,10,8,12.572,11.85
"3137",18,1792,1,1796,15,8,4,2,14,12,22.78,26.594
"3138",18,1792,1,1796,27,8,4,2,14,12.5,24.007375,27.0805
"3139",18,1792,1,1796,2,8,4,2,4,20,5.048,-16.392
"3140",18,1792,1,1796,1,8,4,2,2,20,-9.164,-23.078
"3141",18,1792,1,1796,22,8,4,2,5,15,6.1825,4.12249999999999
"3142",18,1792,1,1796,23,8,4,2,4,15,0.735500000000004,1.58799999999999
"3143",18,1792,1,1796,16,8,4,2,8,14,17.698,13.06
"3144",18,1792,1,1796,21,8,4,2,8,12,14.752,13.928
"3145",18,1792,1,1796,17,8,4,2,8,12,14.752,13.928
"3146",18,1792,1,1796,19,8,4,2,4,13,-0.9125,4.888
"3147",18,1792,1,1796,24,8,4,2,8,12,14.752,13.928
"3148",18,1792,1,1796,25,8,4,2,12,8,13.928,14.752
"3149",18,1792,1,1796,20,8,4,2,8,11.5,14.022375,13.7975
"3150",18,1792,1,1796,18,8,4,2,5,12,3.232,7.7435
"3151",18,1793,1,1796,13,7,4,1,12,5,7.7435,3.232
"3152",18,1793,1,1796,11,7,4,1,12.5,5,7.48749999999997,3.716875
"3153",18,1793,1,1796,6,7,4,1,10,16,26.908,15.466
"3154",18,1793,1,1796,7,7,4,1,12,20,39.656,10.792
"3155",18,1793,1,1796,12,7,4,1,10,5,7.37749999999999,1.32
"3156",18,1793,1,1796,14,7,4,1,11.5,10,17.8105,18.757375
"3157",18,1793,1,1796,10,7,4,1,12.5,3,3.25449999999998,-6.908125
"3158",18,1793,1,1796,15,7,4,1,12,14,26.594,22.78
"3159",18,1793,1,1796,8,7,4,1,15,2,-3.448,-11.8265
"3160",18,1793,1,1796,9,7,4,1,10,6,9.09799999999999,5.386
"3161",18,1793,1,1796,30,7,4,1,16,4,-0.895999999999983,1.576
"3162",18,1793,1,1796,29,7,4,1,15,10,16.96,25.0775
"3163",18,1793,1,1796,4,7,4,1,8,2,0.682000000000007,-15.092
"3164",18,1793,1,1796,16,7,4,1,14,8,13.06,17.698
"3165",18,1793,1,1796,5,7,4,1,8,10,11.85,12.572
"3166",18,1793,1,1796,28,7,4,1,15,4,1.58799999999999,0.735500000000004
"3167",18,1793,1,1796,2,7,4,1,20,4,-16.392,5.048
"3168",18,1793,1,1796,3,7,4,1,6,5,-0.0264999999999986,-2.372
"3169",18,1793,1,1796,24,7,4,1,12,8,13.928,14.752
"3170",18,1793,1,1796,17,7,4,1,12,8,13.928,14.752
"3171",18,1793,1,1796,1,7,4,1,20,2,-23.078,-9.164
"3172",18,1793,1,1796,26,7,4,1,8,10,11.85,12.572
"3173",18,1793,1,1796,27,7,4,1,12.5,14,27.0805,24.007375
"3174",18,1793,1,1796,23,7,4,1,15,4,1.58799999999999,0.735500000000004
"3175",18,1793,1,1796,18,7,4,1,12,5,7.7435,3.232
"3176",18,1793,1,1796,19,7,4,1,13,4,4.888,-0.9125
"3177",18,1793,1,1796,22,7,4,1,15,5,4.12249999999999,6.1825
"3178",18,1793,1,1796,25,7,4,1,8,12,14.752,13.928
"3179",18,1793,1,1796,21,7,4,1,12,8,13.928,14.752
"3180",18,1793,1,1796,20,7,4,1,11.5,8,13.7975,14.022375
"3181",18,1794,1,1797,7,6,3,2,28,8.7,-51.982705,43.36798
"3182",18,1794,1,1797,10,6,3,2,28,18,-7.55799999999998,68.212
"3183",18,1794,1,1797,11,6,3,2,18,18.1,36.199855,35.72282
"3184",18,1794,1,1797,30,6,3,2,14,13.8,27.21142,27.69488
"3185",18,1794,1,1797,14,6,3,2,16,14.5,27.997375,32.7715
"3186",18,1794,1,1797,6,6,3,2,28,15.2,-21.03328,65.79168
"3187",18,1794,1,1797,8,6,3,2,28,14,-26.782,63.42
"3188",18,1794,1,1797,13,6,3,2,13.7,12,22.85398,25.951295
"3189",18,1794,1,1797,5,6,3,2,17.8,10.1,11.681435,30.51294
"3190",18,1794,1,1797,29,6,3,2,14,14.2,28.20102,27.69488
"3191",18,1794,1,1797,15,6,3,2,14.5,11.8,22.03882,27.417355
"3192",18,1794,1,1797,9,6,3,2,28,13,-31.5605,60.832
"3193",18,1794,1,1797,12,6,3,2,18,13.7,22.318295,37.46698
"3194",18,1794,1,1797,28,6,3,2,14,14,27.706,27.706
"3195",18,1794,1,1797,4,6,3,2,10.1,17.8,30.51294,11.681435
"3196",18,1794,1,1797,3,6,3,2,14,10.1,18.141055,23.47762
"3197",18,1794,1,1797,16,6,3,2,18,12,17.012,35.258
"3198",18,1794,1,1797,22,6,3,2,13,9.6,17.37488,20.58142
"3199",18,1794,1,1797,2,6,3,2,16.4,18,37.67272,30.81128
"3200",18,1794,1,1797,26,6,3,2,13,12,22.832,24.4555
"3201",18,1794,1,1797,18,6,3,2,18,16,29.548,37.898
"3202",18,1794,1,1797,21,6,3,2,1,15.5,-18.770125,-7.36949999999999
"3203",18,1794,1,1797,17,6,3,2,18,14.7,25.454495,38.01578
"3204",18,1794,1,1797,25,6,3,2,13,11.5,21.689875,23.9125
"3205",18,1794,1,1797,1,6,3,2,14,16.4,33.67528,26.10472
"3206",18,1794,1,1797,27,6,3,2,14,12.3,23.516095,26.90258
"3207",18,1794,1,1797,23,6,3,2,13,11.7,22.146395,24.14638
"3208",18,1794,1,1797,24,6,3,2,13,14,27.428,25.2375
"3209",18,1794,1,1797,19,6,3,2,18,15,26.3975,38.072
"3210",18,1794,1,1797,20,6,3,2,18,15.2,27.02672,38.08168
"3211",18,1795,1,1797,11,5,3,1,18.1,18,35.72282,36.199855
"3212",18,1795,1,1797,7,5,3,1,8.7,28,43.36798,-51.982705
"3213",18,1795,1,1797,10,5,3,1,18,28,68.212,-7.55799999999998
"3214",18,1795,1,1797,8,5,3,1,14,28,63.42,-26.782
"3215",18,1795,1,1797,13,5,3,1,12,13.7,25.951295,22.85398
"3216",18,1795,1,1797,12,5,3,1,13.7,18,37.46698,22.318295
"3217",18,1795,1,1797,16,5,3,1,12,18,35.258,17.012
"3218",18,1795,1,1797,15,5,3,1,11.8,14.5,27.417355,22.03882
"3219",18,1795,1,1797,9,5,3,1,13,28,60.832,-31.5605
"3220",18,1795,1,1797,18,5,3,1,16,18,37.898,29.548
"3221",18,1795,1,1797,6,5,3,1,15.2,28,65.79168,-21.03328
"3222",18,1795,1,1797,4,5,3,1,17.8,10.1,11.681435,30.51294
"3223",18,1795,1,1797,17,5,3,1,14.7,18,38.01578,25.454495
"3224",18,1795,1,1797,29,5,3,1,14.2,14,27.69488,28.20102
"3225",18,1795,1,1797,14,5,3,1,14.5,16,32.7715,27.997375
"3226",18,1795,1,1797,19,5,3,1,15,18,38.072,26.3975
"3227",18,1795,1,1797,30,5,3,1,13.8,14,27.69488,27.21142
"3228",18,1795,1,1797,20,5,3,1,15.2,18,38.08168,27.02672
"3229",18,1795,1,1797,26,5,3,1,12,13,24.4555,22.832
"3230",18,1795,1,1797,5,5,3,1,10.1,17.8,30.51294,11.681435
"3231",18,1795,1,1797,28,5,3,1,14,14,27.706,27.706
"3232",18,1795,1,1797,3,5,3,1,10.1,14,23.47762,18.141055
"3233",18,1795,1,1797,27,5,3,1,12.3,14,26.90258,23.516095
"3234",18,1795,1,1797,21,5,3,1,15.5,1,-7.36949999999999,-18.770125
"3235",18,1795,1,1797,2,5,3,1,18,16.4,30.81128,37.67272
"3236",18,1795,1,1797,1,5,3,1,16.4,14,26.10472,33.67528
"3237",18,1795,1,1797,23,5,3,1,11.7,13,24.14638,22.146395
"3238",18,1795,1,1797,25,5,3,1,11.5,13,23.9125,21.689875
"3239",18,1795,1,1797,24,5,3,1,14,13,25.2375,27.428
"3240",18,1795,1,1797,22,5,3,1,9.6,13,20.58142,17.37488
"3241",18,1796,1,1798,12,4,2,2,28,18,-7.55799999999998,68.212
"3242",18,1796,1,1798,20,4,2,2,12,18,35.258,17.012
"3243",18,1796,1,1798,11,4,2,2,10,18,30.602,10.81
"3244",18,1796,1,1798,8,4,2,2,10,14,23.258,17.898
"3245",18,1796,1,1798,10,4,2,2,12,18,35.258,17.012
"3246",18,1796,1,1798,19,4,2,2,10,14,23.258,17.898
"3247",18,1796,1,1798,16,4,2,2,16,12,21.008,30.904
"3248",18,1796,1,1798,9,4,2,2,8,16,20.688,9.96800000000001
"3249",18,1796,1,1798,13,4,2,2,18,18,35.882,35.882
"3250",18,1796,1,1798,7,4,2,2,20,16,24.648,43.616
"3251",18,1796,1,1798,6,4,2,2,18,18,35.882,35.882
"3252",18,1796,1,1798,17,4,2,2,14,16,32.676,26.594
"3253",18,1796,1,1798,21,4,2,2,10,14,23.258,17.898
"3254",18,1796,1,1798,14,4,2,2,16,16,32.224,32.224
"3255",18,1796,1,1798,22,4,2,2,14,16,32.676,26.594
"3256",18,1796,1,1798,15,4,2,2,10,20,34.34,3.93000000000003
"3257",18,1796,1,1798,23,4,2,2,14,18,37.69,23.258
"3258",18,1796,1,1798,30,4,2,2,14,12,22.78,26.594
"3259",18,1796,1,1798,5,4,2,2,28,10,-45.83,49.732
"3260",18,1796,1,1798,4,4,2,2,20,22,45.762,32.8759999999999
"3261",18,1796,1,1798,3,4,2,2,18,14,23.258,37.69
"3262",18,1796,1,1798,18,4,2,2,18,12,17.012,35.258
"3263",18,1796,1,1798,28,4,2,2,16,14,26.594,32.676
"3264",18,1796,1,1798,29,4,2,2,12,14,26.594,22.78
"3265",18,1796,1,1798,2,4,2,2,28,20,2.12000000000002,67.272
"3266",18,1796,1,1798,26,4,2,2,16,12,21.008,30.904
"3267",18,1796,1,1798,24,4,2,2,16,16,32.224,32.224
"3268",18,1796,1,1798,27,4,2,2,14,14,27.706,27.706
"3269",18,1796,1,1798,25,4,2,2,10,18,30.602,10.81
"3270",18,1796,1,1798,1,4,2,2,18,18,35.882,35.882
"3271",18,1797,1,1798,13,3,2,1,18,18,35.882,35.882
"3272",18,1797,1,1798,11,3,2,1,18,10,10.81,30.602
"3273",18,1797,1,1798,20,3,2,1,18,12,17.012,35.258
"3274",18,1797,1,1798,7,3,2,1,16,20,43.616,24.648
"3275",18,1797,1,1798,10,3,2,1,18,12,17.012,35.258
"3276",18,1797,1,1798,9,3,2,1,16,8,9.96800000000001,20.688
"3277",18,1797,1,1798,12,3,2,1,18,28,68.212,-7.55799999999998
"3278",18,1797,1,1798,14,3,2,1,16,16,32.224,32.224
"3279",18,1797,1,1798,16,3,2,1,12,16,30.904,21.008
"3280",18,1797,1,1798,19,3,2,1,14,10,17.898,23.258
"3281",18,1797,1,1798,18,3,2,1,12,18,35.258,17.012
"3282",18,1797,1,1798,21,3,2,1,14,10,17.898,23.258
"3283",18,1797,1,1798,6,3,2,1,18,18,35.882,35.882
"3284",18,1797,1,1798,8,3,2,1,14,10,17.898,23.258
"3285",18,1797,1,1798,17,3,2,1,16,14,26.594,32.676
"3286",18,1797,1,1798,28,3,2,1,14,16,32.676,26.594
"3287",18,1797,1,1798,5,3,2,1,10,28,49.732,-45.83
"3288",18,1797,1,1798,15,3,2,1,20,10,3.93000000000003,34.34
"3289",18,1797,1,1798,27,3,2,1,14,14,27.706,27.706
"3290",18,1797,1,1798,23,3,2,1,18,14,23.258,37.69
"3291",18,1797,1,1798,1,3,2,1,18,18,35.882,35.882
"3292",18,1797,1,1798,22,3,2,1,16,14,26.594,32.676
"3293",18,1797,1,1798,4,3,2,1,22,20,32.8759999999999,45.762
"3294",18,1797,1,1798,26,3,2,1,12,16,30.904,21.008
"3295",18,1797,1,1798,30,3,2,1,12,14,26.594,22.78
"3296",18,1797,1,1798,3,3,2,1,14,18,37.69,23.258
"3297",18,1797,1,1798,25,3,2,1,18,10,10.81,30.602
"3298",18,1797,1,1798,29,3,2,1,14,12,22.78,26.594
"3299",18,1797,1,1798,2,3,2,1,20,28,67.272,2.12000000000002
"3300",18,1797,1,1798,24,3,2,1,16,16,32.224,32.224
"3301",18,1798,1,1799,22,2,1,2,18.1,15,26.18882,38.340355
"3302",18,1798,1,1799,6,2,1,2,24.5,12.9,-7.56399500000008,52.047245
"3303",18,1798,1,1799,10,2,1,2,22.4,16,15.83232,50.53568
"3304",18,1798,1,1799,13,2,1,2,10,11,17.8655,17.376
"3305",18,1798,1,1799,5,2,1,2,11.5,14.5,27.000625,21.279625
"3306",18,1798,1,1799,14,2,1,2,10.9,17.2,31.37074,15.605935
"3307",18,1798,1,1799,15,2,1,2,16,14,26.594,32.676
"3308",18,1798,1,1799,11,2,1,2,26.1,10,-30.78998,46.012655
"3309",18,1798,1,1799,12,2,1,2,10.8,11.9,20.796935,19.72834
"3310",18,1798,1,1799,21,2,1,2,20,14,17.698,42.748
"3311",18,1798,1,1799,23,2,1,2,14,14,27.706,27.706
"3312",18,1798,1,1799,19,2,1,2,12.8,9.9,18.066535,20.88374
"3313",18,1798,1,1799,20,2,1,2,16,12,21.008,30.904
"3314",18,1798,1,1799,28,2,1,2,12,10.6,19.36798,20.68832
"3315",18,1798,1,1799,30,2,1,2,12.2,12.4,23.33616,23.03414
"3316",18,1798,1,1799,7,2,1,2,13.4,13.8,27.13114,26.23226
"3317",18,1798,1,1799,8,2,1,2,11.1,10.7,18.842765,19.129285
"3318",18,1798,1,1799,9,2,1,2,0.9,13.9,-20.032775,-3.546175
"3319",18,1798,1,1799,18,2,1,2,10.6,11.9,20.499275,19.3101
"3320",18,1798,1,1799,29,2,1,2,12.1,17,33.23342,19.582755
"3321",18,1798,1,1799,16,2,1,2,18,9.9,10.501055,30.31082
"3322",18,1798,1,1799,17,2,1,2,18.3,10,9.91977999999996,31.159895
"3323",18,1798,1,1799,26,2,1,2,13.8,14.5,28.916755,27.12542
"3324",18,1798,1,1799,1,2,1,2,10,2,2.28199999999999,-14.214
"3325",18,1798,1,1799,24,2,1,2,14,12.9,24.991255,27.36962
"3326",18,1798,1,1799,27,2,1,2,10.5,12,20.5295,19.157375
"3327",18,1798,1,1799,25,2,1,2,13.9,13,25.25122,27.197155
"3328",18,1798,1,1799,4,2,1,2,5,6.5,-1.920125,1.3855
"3329",18,1798,1,1799,3,2,1,2,4,6,-6.334,-1.076
"3330",18,1798,1,1799,2,2,1,2,3,4,-11.972,-8.4925
"3331",18,1799,1,1799,1,1,1,1,2,10,-14.214,2.28199999999999
"3332",18,1799,1,1799,27,1,1,1,12,10.5,19.157375,20.5295
"3333",18,1799,1,1799,4,1,1,1,6.5,5,1.3855,-1.920125
"3334",18,1799,1,1799,30,1,1,1,12.4,12.2,23.03414,23.33616
"3335",18,1799,1,1799,7,1,1,1,13.8,13.4,26.23226,27.13114
"3336",18,1799,1,1799,10,1,1,1,16,22.4,50.53568,15.83232
"3337",18,1799,1,1799,11,1,1,1,10,26.1,46.012655,-30.78998
"3338",18,1799,1,1799,13,1,1,1,11,10,17.376,17.8655
"3339",18,1799,1,1799,14,1,1,1,17.2,10.9,15.605935,31.37074
"3340",18,1799,1,1799,16,1,1,1,9.9,18,30.31082,10.501055
"3341",18,1799,1,1799,19,1,1,1,9.9,12.8,20.88374,18.066535
"3342",18,1799,1,1799,20,1,1,1,12,16,30.904,21.008
"3343",18,1799,1,1799,22,1,1,1,15,18.1,38.340355,26.18882
"3344",18,1799,1,1799,23,1,1,1,14,14,27.706,27.706
"3345",18,1799,1,1799,2,1,1,1,4,3,-8.4925,-11.972
"3346",18,1799,1,1799,28,1,1,1,10.6,12,20.68832,19.36798
"3347",18,1799,1,1799,5,1,1,1,14.5,11.5,21.279625,27.000625
"3348",18,1799,1,1799,6,1,1,1,12.9,24.5,52.047245,-7.56399500000008
"3349",18,1799,1,1799,8,1,1,1,10.7,11.1,19.129285,18.842765
"3350",18,1799,1,1799,9,1,1,1,13.9,0.9,-3.546175,-20.032775
"3351",18,1799,1,1799,12,1,1,1,11.9,10.8,19.72834,20.796935
"3352",18,1799,1,1799,21,1,1,1,14,20,42.748,17.698
"3353",18,1799,1,1799,15,1,1,1,14,16,32.676,26.594
"3354",18,1799,1,1799,17,1,1,1,10,18.3,31.159895,9.91977999999996
"3355",18,1799,1,1799,18,1,1,1,11.9,10.6,19.3101,20.499275
"3356",18,1799,1,1799,29,1,1,1,17,12.1,19.582755,33.23342
"3357",18,1799,1,1799,26,1,1,1,14.5,13.8,27.12542,28.916755
"3358",18,1799,1,1799,24,1,1,1,12.9,14,27.36962,24.991255
"3359",18,1799,1,1799,3,1,1,1,6,4,-1.076,-6.334
"3360",18,1799,1,1799,25,1,1,1,13,13.9,27.197155,25.25122
"3361",22,2190,0,2195,20,10,5,2,7.1,8.7,9.56672463227217,7.64894976403362
"3362",22,2190,0,2195,6,10,5,2,4.7,4.5,-5.09926887970552,-4.9975401141022
"3363",22,2190,0,2195,7,10,5,2,6,5.8,0.53537566259683,0.691465343595443
"3364",22,2190,0,2195,8,10,5,2,3,6.1,-4.52622993212348,-6.07061833018173
"3365",22,2190,0,2195,21,10,5,2,9.2,8.7,12.1155922046837,12.824664084018
"3366",22,2190,0,2195,9,10,5,2,8.3,6.1,4.74187759446638,7.05683415479926
"3367",22,2190,0,2195,13,10,5,2,7.2,10.1,13.3365692329674,9.40585231895907
"3368",22,2190,0,2195,1,10,5,2,28,5.4,-2.06744030659372,66.6030483757918
"3369",22,2190,0,2195,24,10,5,2,5.3,8.8,7.07373817513432,3.50061997125082
"3370",22,2190,0,2195,12,10,5,2,8,10.1,14.3251648595532,11.3031560731454
"3371",22,2190,0,2195,19,10,5,2,8.7,7.3,8.13321751578848,9.84054178763314
"3372",22,2190,0,2195,23,10,5,2,7.7,9,11.1320683258535,9.45156418577026
"3373",22,2190,0,2195,11,10,5,2,13.2,8.3,14.070810017438,22.8638039494768
"3374",22,2190,0,2195,18,10,5,2,7.3,2.8,-4.45636286999294,-1.74407774516632
"3375",22,2190,0,2195,22,10,5,2,8.8,8.8,11.9344,11.9344
"3376",22,2190,0,2195,10,10,5,2,16.3,6.6,11.039380796936,29.86557601885
"3377",22,2190,0,2195,14,10,5,2,7.1,4.1,-1.76089821113572,0.392274604398266
"3378",22,2190,0,2195,2,10,5,2,6.2,1.8,-8.67760673725235,-6.99154626568509
"3379",22,2190,0,2195,25,10,5,2,16.1,4.4,6.67296895723886,26.4453644842846
"3380",22,2190,0,2195,29,10,5,2,6.9,9.1,10.3208249453679,7.63788680389773
"3381",22,2190,0,2195,17,10,5,2,4.2,6.2,-1.76635759607265,-3.03454178469956
"3382",22,2190,0,2195,5,10,5,2,2.1,1,-19.6902514422294,-19.8322081204541
"3383",22,2190,0,2195,28,10,5,2,5.1,6.3,0.205542501197477,-0.680816278275473
"3384",22,2190,0,2195,16,10,5,2,5.3,6.4,0.822817129199119,-0.0241766918827135
"3385",22,2190,0,2195,4,10,5,2,16.7,2.1,2.45475730306959,24.53331469558
"3386",22,2190,0,2195,27,10,5,2,10.5,7.3,10.0134702142482,14.518077370975
"3387",22,2190,0,2195,15,10,5,2,6.8,5.1,0.144214285589242,1.48874841180283
"3388",22,2190,0,2195,3,10,5,2,2.7,2.3,-14.976207966811,-14.9483780084199
"3389",22,2190,0,2195,26,10,5,2,8.2,5.8,3.89292817399935,6.31797671768867
"3390",22,2190,0,2195,30,10,5,2,5.3,9.1,7.8735572834482,3.87499595196416
"3391",22,2191,0,2195,11,9,5,1,8.3,13.2,22.8638039494768,14.070810017438
"3392",22,2191,0,2195,7,9,5,1,5.8,6,0.691465343595443,0.53537566259683
"3393",22,2191,0,2195,14,9,5,1,4.1,7.1,0.392274604398266,-1.76089821113572
"3394",22,2191,0,2195,15,9,5,1,5.1,6.8,1.48874841180283,0.144214285589242
"3395",22,2191,0,2195,6,9,5,1,4.5,4.7,-4.9975401141022,-5.09926887970552
"3396",22,2191,0,2195,13,9,5,1,10.1,7.2,9.40585231895907,13.3365692329674
"3397",22,2191,0,2195,1,9,5,1,5.4,28,66.6030483757918,-2.06744030659372
"3398",22,2191,0,2195,8,9,5,1,6.1,3,-6.07061833018173,-4.52622993212348
"3399",22,2191,0,2195,12,9,5,1,10.1,8,11.3031560731454,14.3251648595532
"3400",22,2191,0,2195,16,9,5,1,6.4,5.3,-0.0241766918827135,0.822817129199119
"3401",22,2191,0,2195,4,9,5,1,2.1,16.7,24.53331469558,2.45475730306959
"3402",22,2191,0,2195,24,9,5,1,8.8,5.3,3.50061997125082,7.07373817513432
"3403",22,2191,0,2195,28,9,5,1,6.3,5.1,-0.680816278275473,0.205542501197477
"3404",22,2191,0,2195,3,9,5,1,2.3,2.7,-14.9483780084199,-14.976207966811
"3405",22,2191,0,2195,10,9,5,1,6.6,16.3,29.86557601885,11.039380796936
"3406",22,2191,0,2195,27,9,5,1,7.3,10.5,14.518077370975,10.0134702142482
"3407",22,2191,0,2195,2,9,5,1,1.8,6.2,-6.99154626568509,-8.67760673725235
"3408",22,2191,0,2195,9,9,5,1,6.1,8.3,7.05683415479926,4.74187759446638
"3409",22,2191,0,2195,26,9,5,1,5.8,8.2,6.31797671768867,3.89292817399935
"3410",22,2191,0,2195,17,9,5,1,6.2,4.2,-3.03454178469956,-1.76635759607265
"3411",22,2191,0,2195,5,9,5,1,1,2.1,-19.8322081204541,-19.6902514422294
"3412",22,2191,0,2195,25,9,5,1,4.4,16.1,26.4453644842846,6.67296895723886
"3413",22,2191,0,2195,29,9,5,1,9.1,6.9,7.63788680389773,10.3208249453679
"3414",22,2191,0,2195,20,9,5,1,8.7,7.1,7.64894976403362,9.56672463227217
"3415",22,2191,0,2195,30,9,5,1,9.1,5.3,3.87499595196416,7.8735572834482
"3416",22,2191,0,2195,18,9,5,1,2.8,7.3,-1.74407774516632,-4.45636286999294
"3417",22,2191,0,2195,19,9,5,1,7.3,8.7,9.84054178763314,8.13321751578848
"3418",22,2191,0,2195,23,9,5,1,9,7.7,9.45156418577026,11.1320683258535
"3419",22,2191,0,2195,21,9,5,1,8.7,9.2,12.824664084018,12.1155922046837
"3420",22,2191,0,2195,22,9,5,1,8.8,8.8,11.9344,11.9344
"3421",22,2192,0,2196,2,8,4,2,9,10,15.1600815787904,13.6269435760165
"3422",22,2192,0,2196,11,8,4,2,10,16,31.8252114550411,18.2356941180092
"3423",22,2192,0,2196,15,8,4,2,16,11,20.4531649898719,32.3004638803019
"3424",22,2192,0,2196,3,8,4,2,16,8,13.9374485044466,30.3841614031983
"3425",22,2192,0,2196,4,8,4,2,16,13,25.0248028637603,32.7604235295023
"3426",22,2192,0,2196,1,8,4,2,10,16,31.8252114550411,18.2356941180092
"3427",22,2192,0,2196,5,8,4,2,16,22,47.8526594439454,26.7362461291048
"3428",22,2192,0,2196,6,8,4,2,18,15,28.7005615322762,37.6906648609863
"3429",22,2192,0,2196,10,8,4,2,14,10,18.1745230137677,26.3978794631435
"3430",22,2192,0,2196,17,8,4,2,24,18,27.8497634661367,51.4751421069135
"3431",22,2192,0,2196,8,8,4,2,13,16,32.7604235295023,25.0248028637603
"3432",22,2192,0,2196,12,8,4,2,14,15,30.2027826883605,27.6242424664465
"3433",22,2192,0,2196,16,8,4,2,24,12,15.643880494228,55.3677417979728
"3434",22,2192,0,2196,7,8,4,2,17,10,18.0210070694693,34.6072255160713
"3435",22,2192,0,2196,24,8,4,2,25,25,41.9125,41.9125
"3436",22,2192,0,2196,28,8,4,2,15,17,35.1057111972699,29.3213894219579
"3437",22,2192,0,2196,19,8,4,2,22,21,38.1904609130484,42.2325642417585
"3438",22,2192,0,2196,23,8,4,2,24,24,41.696,41.696
"3439",22,2192,0,2196,14,8,4,2,12,14,27.3789698657859,22.8491307534419
"3440",22,2192,0,2196,18,8,4,2,22,22,40.618,40.618
"3441",22,2192,0,2196,9,8,4,2,12,13,24.8307022445325,22.6703229102745
"3442",22,2192,0,2196,13,8,4,2,10,17,34.6072255160713,18.0210070694693
"3443",22,2192,0,2196,30,8,4,2,14,22,48.9560920550707,22.4735178525741
"3444",22,2192,0,2196,21,8,4,2,23,22,38.8399206911344,43.0911044636725
"3445",22,2192,0,2196,25,8,4,2,26,12,12.2406496371006,61.5122807050617
"3446",22,2192,0,2196,29,8,4,2,12,14,27.3789698657859,22.8491307534419
"3447",22,2192,0,2196,20,8,4,2,21,23,44.754193860238,36.4609067589898
"3448",22,2192,0,2196,27,8,4,2,16,16,32.224,32.224
"3449",22,2192,0,2196,22,8,4,2,23,23,41.2645,41.2645
"3450",22,2192,0,2196,26,8,4,2,20,14,24.762728792073,43.3701767809773
"3451",22,2193,0,2196,2,7,4,1,10,9,13.6269435760165,15.1600815787904
"3452",22,2193,0,2196,6,7,4,1,15,18,37.6906648609863,28.7005615322762
"3453",22,2193,0,2196,3,7,4,1,8,16,30.3841614031983,13.9374485044466
"3454",22,2193,0,2196,1,7,4,1,16,10,18.2356941180092,31.8252114550411
"3455",22,2193,0,2196,8,7,4,1,16,13,25.0248028637603,32.7604235295023
"3456",22,2193,0,2196,15,7,4,1,11,16,32.3004638803019,20.4531649898719
"3457",22,2193,0,2196,19,7,4,1,21,22,42.2325642417585,38.1904609130484
"3458",22,2193,0,2196,7,7,4,1,10,17,34.6072255160713,18.0210070694693
"3459",22,2193,0,2196,14,7,4,1,14,12,22.8491307534419,27.3789698657859
"3460",22,2193,0,2196,5,7,4,1,22,16,26.7362461291048,47.8526594439454
"3461",22,2193,0,2196,9,7,4,1,13,12,22.6703229102745,24.8307022445325
"3462",22,2193,0,2196,10,7,4,1,10,14,26.3978794631435,18.1745230137677
"3463",22,2193,0,2196,4,7,4,1,13,16,32.7604235295023,25.0248028637603
"3464",22,2193,0,2196,21,7,4,1,22,23,43.0911044636725,38.8399206911344
"3465",22,2193,0,2196,12,7,4,1,15,14,27.6242424664465,30.2027826883605
"3466",22,2193,0,2196,16,7,4,1,12,24,55.3677417979728,15.643880494228
"3467",22,2193,0,2196,20,7,4,1,23,21,36.4609067589898,44.754193860238
"3468",22,2193,0,2196,11,7,4,1,16,10,18.2356941180092,31.8252114550411
"3469",22,2193,0,2196,28,7,4,1,17,15,29.3213894219579,35.1057111972699
"3470",22,2193,0,2196,22,7,4,1,23,23,41.2645,41.2645
"3471",22,2193,0,2196,23,7,4,1,24,24,41.696,41.696
"3472",22,2193,0,2196,27,7,4,1,16,16,32.224,32.224
"3473",22,2193,0,2196,18,7,4,1,22,22,40.618,40.618
"3474",22,2193,0,2196,25,7,4,1,12,26,61.5122807050617,12.2406496371006
"3475",22,2193,0,2196,13,7,4,1,17,10,18.0210070694693,34.6072255160713
"3476",22,2193,0,2196,17,7,4,1,18,24,51.4751421069135,27.8497634661367
"3477",22,2193,0,2196,24,7,4,1,25,25,41.9125,41.9125
"3478",22,2193,0,2196,29,7,4,1,14,12,22.8491307534419,27.3789698657859
"3479",22,2193,0,2196,26,7,4,1,14,20,43.3701767809773,24.762728792073
"3480",22,2193,0,2196,30,7,4,1,22,14,22.4735178525741,48.9560920550707
"3481",22,2194,0,2197,6,6,3,2,3,10,6.14675464228485,-0.194522056744278
"3482",22,2194,0,2197,10,6,3,2,1,3,-17.5074150163223,-17.4374843644499
"3483",22,2194,0,2197,1,6,3,2,1,3,-17.5074150163223,-17.4374843644499
"3484",22,2194,0,2197,5,6,3,2,28,10,4.86745510646527,68.2166950509867
"3485",22,2194,0,2197,12,6,3,2,1,1,-22.6235,-22.6235
"3486",22,2194,0,2197,3,6,3,2,8,1,-7.33395894994815,-3.91980846451127
"3487",22,2194,0,2197,7,6,3,2,3,5,-7.41125412866627,-8.17764525210593
"3488",22,2194,0,2197,11,6,3,2,1,1,-22.6235,-22.6235
"3489",22,2194,0,2197,2,6,3,2,28,1,-7.7986240687056,61.8219619229726
"3490",22,2194,0,2197,19,6,3,2,15,14,27.6242424664465,30.2027826883605
"3491",22,2194,0,2197,23,6,3,2,15,13,25.2215503096139,30.1695503096139
"3492",22,2194,0,2197,14,6,3,2,1,16,20.1897616078762,0.328898223687634
"3493",22,2194,0,2197,18,6,3,2,18,14,26.3978794631435,37.9665230137677
"3494",22,2194,0,2197,9,6,3,2,3,0.1,-19.5929145118315,-19.967163936242
"3495",22,2194,0,2197,13,6,3,2,1,1,-22.6235,-22.6235
"3496",22,2194,0,2197,4,6,3,2,23,28,54.0708771951424,29.6787516750314
"3497",22,2194,0,2197,8,6,3,2,16,3,3.98922856315682,23.9200225992178
"3498",22,2194,0,2197,25,6,3,2,15,10,18.2868660994419,29.0887627707318
"3499",22,2194,0,2197,16,6,3,2,16,20,42.4608447890797,29.2195576878315
"3500",22,2194,0,2197,20,6,3,2,13,14,27.6242424664465,25.2547826883605
"3501",22,2194,0,2197,24,6,3,2,11,15,29.6125403507996,20.5528621261116
"3502",22,2194,0,2197,15,6,3,2,17,1,0.550937568410342,23.408502062169
"3503",22,2194,0,2197,22,6,3,2,13,10,17.8986648609863,23.7525615322762
"3504",22,2194,0,2197,26,6,3,2,16,10,18.2356941180092,31.8252114550411
"3505",22,2194,0,2197,27,6,3,2,15,10,18.2868660994419,29.0887627707318
"3506",22,2194,0,2197,21,6,3,2,10,11.5,19.870019717327,17.1782868809886
"3507",22,2194,0,2197,28,6,3,2,16,10,18.2356941180092,31.8252114550411
"3508",22,2194,0,2197,29,6,3,2,16,10,18.2356941180092,31.8252114550411
"3509",22,2194,0,2197,17,6,3,2,16,17,34.7148631321885,31.7181620226185
"3510",22,2194,0,2197,30,6,3,2,1,1,-22.6235,-22.6235
"3511",22,2195,0,2197,1,5,3,1,3,1,-17.4374843644499,-17.5074150163223
"3512",22,2195,0,2197,14,5,3,1,16,1,0.328898223687634,20.1897616078762
"3513",22,2195,0,2197,2,5,3,1,1,28,61.8219619229726,-7.7986240687056
"3514",22,2195,0,2197,3,5,3,1,1,8,-3.91980846451127,-7.33395894994815
"3515",22,2195,0,2197,10,5,3,1,3,1,-17.4374843644499,-17.5074150163223
"3516",22,2195,0,2197,4,5,3,1,28,23,29.6787516750314,54.0708771951424
"3517",22,2195,0,2197,5,5,3,1,10,28,68.2166950509867,4.86745510646527
"3518",22,2195,0,2197,9,5,3,1,0.1,3,-19.967163936242,-19.5929145118315
"3519",22,2195,0,2197,16,5,3,1,20,16,29.2195576878315,42.4608447890797
"3520",22,2195,0,2197,7,5,3,1,5,3,-8.17764525210593,-7.41125412866627
"3521",22,2195,0,2197,11,5,3,1,1,1,-22.6235,-22.6235
"3522",22,2195,0,2197,15,5,3,1,1,17,23.408502062169,0.550937568410342
"3523",22,2195,0,2197,6,5,3,1,10,3,-0.194522056744278,6.14675464228485
"3524",22,2195,0,2197,23,5,3,1,13,15,30.1695503096139,25.2215503096139
"3525",22,2195,0,2197,27,5,3,1,10,15,29.0887627707318,18.2868660994419
"3526",22,2195,0,2197,18,5,3,1,14,18,37.9665230137677,26.3978794631435
"3527",22,2195,0,2197,22,5,3,1,10,13,23.7525615322762,17.8986648609863
"3528",22,2195,0,2197,13,5,3,1,1,1,-22.6235,-22.6235
"3529",22,2195,0,2197,17,5,3,1,17,16,31.7181620226185,34.7148631321885
"3530",22,2195,0,2197,8,5,3,1,3,16,23.9200225992178,3.98922856315682
"3531",22,2195,0,2197,12,5,3,1,1,1,-22.6235,-22.6235
"3532",22,2195,0,2197,29,5,3,1,10,16,31.8252114550411,18.2356941180092
"3533",22,2195,0,2197,20,5,3,1,14,13,25.2547826883605,27.6242424664465
"3534",22,2195,0,2197,24,5,3,1,15,11,20.5528621261116,29.6125403507996
"3535",22,2195,0,2197,28,5,3,1,10,16,31.8252114550411,18.2356941180092
"3536",22,2195,0,2197,19,5,3,1,14,15,30.2027826883605,27.6242424664465
"3537",22,2195,0,2197,26,5,3,1,10,16,31.8252114550411,18.2356941180092
"3538",22,2195,0,2197,30,5,3,1,1,1,-22.6235,-22.6235
"3539",22,2195,0,2197,21,5,3,1,11.5,10,17.1782868809886,19.870019717327
"3540",22,2195,0,2197,25,5,3,1,10,15,29.0887627707318,18.2868660994419
"3541",22,2196,0,2198,1,4,2,2,2,0,-22.3899039206219,-22.8779954601503
"3542",22,2196,0,2198,5,4,2,2,28,14,11.6815234235084,66.807406918654
"3543",22,2196,0,2198,2,4,2,2,23,10,13.2990683689821,52.2561827933926
"3544",22,2196,0,2198,7,4,2,2,26,16,19.8074422063669,59.1830732743281
"3545",22,2196,0,2198,14,4,2,2,26,18,23.8642307513259,57.037379156319
"3546",22,2196,0,2198,18,4,2,2,28,16,15.3619498423557,65.1216724498452
"3547",22,2196,0,2198,6,4,2,2,14,14,27.706,27.706
"3548",22,2196,0,2198,13,4,2,2,28,16,15.3619498423557,65.1216724498452
"3549",22,2196,0,2198,4,4,2,2,25,12,14.0240225992179,58.4172285631568
"3550",22,2196,0,2198,8,4,2,2,27,18,21.6261917932599,59.8868457461031
"3551",22,2196,0,2198,9,4,2,2,17,20,41.7609061924704,31.5163202007922
"3552",22,2196,0,2198,3,4,2,2,13,16,32.7604235295023,25.0248028637603
"3553",22,2196,0,2198,20,4,2,2,28,18,19.2246377680868,62.7818777126083
"3554",22,2196,0,2198,11,4,2,2,27,10,6.88080789318272,64.933461846026
"3555",22,2196,0,2198,15,4,2,2,20,20,38.68,38.68
"3556",22,2196,0,2198,19,4,2,2,0,16,18.0793585115449,-1.43291888096552
"3557",22,2196,0,2198,10,4,2,2,2,22,41.8414220848298,0.724639837950431
"3558",22,2196,0,2198,27,4,2,2,16,18,37.251291641098,31.0488089781299
"3559",22,2196,0,2198,21,4,2,2,0,18,24.6594551064652,-1.05530494901324
"3560",22,2196,0,2198,22,4,2,2,26,18,23.8642307513259,57.037379156319
"3561",22,2196,0,2198,26,4,2,2,18,20,40.897452528754,33.8586480904738
"3562",22,2196,0,2198,17,4,2,2,0,22,38.3664328169575,-2.26225789039343
"3563",22,2196,0,2198,24,4,2,2,20,18,33.8586480904738,40.897452528754
"3564",22,2196,0,2198,12,4,2,2,25,14,17.813338440023,57.676705291618
"3565",22,2196,0,2198,16,4,2,2,28,22,27.4967981402006,56.1401074328496
"3566",22,2196,0,2198,23,4,2,2,21,16,28.0596594420217,45.1339694281521
"3567",22,2196,0,2198,30,4,2,2,25,18,25.9387546422849,54.2334779432557
"3568",22,2196,0,2198,28,4,2,2,25,16,21.784915787712,56.282121751651
"3569",22,2196,0,2198,25,4,2,2,27,18,21.6261917932599,59.8868457461031
"3570",22,2196,0,2198,29,4,2,2,23,18,29.5972572228816,48.7623716472922
"3571",22,2197,0,2198,5,3,2,1,14,28,66.807406918654,11.6815234235084
"3572",22,2197,0,2198,9,3,2,1,20,17,31.5163202007922,41.7609061924704
"3573",22,2197,0,2198,4,3,2,1,12,25,58.4172285631568,14.0240225992179
"3574",22,2197,0,2198,11,3,2,1,10,27,64.933461846026,6.88080789318272
"3575",22,2197,0,2198,2,3,2,1,10,23,52.2561827933926,13.2990683689821
"3576",22,2197,0,2198,6,3,2,1,14,14,27.706,27.706
"3577",22,2197,0,2198,10,3,2,1,22,2,0.724639837950431,41.8414220848298
"3578",22,2197,0,2198,1,3,2,1,0,2,-22.8779954601503,-22.3899039206219
"3579",22,2197,0,2198,18,3,2,1,16,28,65.1216724498452,15.3619498423557
"3580",22,2197,0,2198,22,3,2,1,18,26,57.037379156319,23.8642307513259
"3581",22,2197,0,2198,13,3,2,1,16,28,65.1216724498452,15.3619498423557
"3582",22,2197,0,2198,17,3,2,1,22,0,-2.26225789039343,38.3664328169575
"3583",22,2197,0,2198,8,3,2,1,18,27,59.8868457461031,21.6261917932599
"3584",22,2197,0,2198,12,3,2,1,14,25,57.676705291618,17.813338440023
"3585",22,2197,0,2198,3,3,2,1,16,13,25.0248028637603,32.7604235295023
"3586",22,2197,0,2198,7,3,2,1,16,26,59.1830732743281,19.8074422063669
"3587",22,2197,0,2198,24,3,2,1,18,20,40.897452528754,33.8586480904738
"3588",22,2197,0,2198,15,3,2,1,20,20,38.68,38.68
"3589",22,2197,0,2198,19,3,2,1,16,0,-1.43291888096552,18.0793585115449
"3590",22,2197,0,2198,23,3,2,1,16,21,45.1339694281521,28.0596594420217
"3591",22,2197,0,2198,14,3,2,1,18,26,57.037379156319,23.8642307513259
"3592",22,2197,0,2198,21,3,2,1,18,0,-1.05530494901324,24.6594551064652
"3593",22,2197,0,2198,25,3,2,1,18,27,59.8868457461031,21.6261917932599
"3594",22,2197,0,2198,26,3,2,1,20,18,33.8586480904738,40.897452528754
"3595",22,2197,0,2198,30,3,2,1,18,25,54.2334779432557,25.9387546422849
"3596",22,2197,0,2198,27,3,2,1,18,16,31.0488089781299,37.251291641098
"3597",22,2197,0,2198,28,3,2,1,16,25,56.282121751651,21.784915787712
"3598",22,2197,0,2198,16,3,2,1,22,28,56.1401074328496,27.4967981402006
"3599",22,2197,0,2198,20,3,2,1,18,28,62.7818777126083,19.2246377680868
"3600",22,2197,0,2198,29,3,2,1,18,23,48.7623716472922,29.5972572228816
"3601",22,2198,0,2199,9,2,1,2,18,10,17.6428049538224,37.4348049538224
"3602",22,2198,0,2199,10,2,1,2,12,12,22.328,22.328
"3603",22,2198,0,2199,8,2,1,2,24,0,-3.84682476372583,45.4933139325294
"3604",22,2198,0,2199,12,2,1,2,2,16,22.1366496371006,2.13628070506175
"3605",22,2198,0,2199,13,2,1,2,8,27,64.5599651999361,3.65011568537302
"3606",22,2198,0,2199,1,2,1,2,12,22,49.4054643977678,18.3930510829273
"3607",22,2198,0,2199,11,2,1,2,16,15,29.7787022445325,32.5663229102745
"3608",22,2198,0,2199,2,2,1,2,24,12,15.643880494228,55.3677417979728
"3609",22,2198,0,2199,6,2,1,2,0,24,45.4933139325294,-3.84682476372583
"3610",22,2198,0,2199,26,2,1,2,12,18,38.0276941180092,21.9292114550411
"3611",22,2198,0,2199,14,2,1,2,12,0,-4.15032755015476,5.46594984235564
"3612",22,2198,0,2199,5,2,1,2,14,18,37.9665230137677,26.3978794631435
"3613",22,2198,0,2199,22,2,1,2,4,20,38.1059327140414,5.21250691653795
"3614",22,2198,0,2199,29,2,1,2,8,10,14.0666480904738,11.209452528754
"3615",22,2198,0,2199,4,2,1,2,16,12,22.7162012384556,32.6122012384556
"3616",22,2198,0,2199,21,2,1,2,12,0,-4.15032755015476,5.46594984235564
"3617",22,2198,0,2199,28,2,1,2,10,28,68.2166950509867,4.86745510646527
"3618",22,2198,0,2199,3,2,1,2,12,22,49.4054643977678,18.3930510829273
"3619",22,2198,0,2199,7,2,1,2,26,12,12.2406496371006,61.5122807050617
"3620",22,2198,0,2199,27,2,1,2,14,12,22.8491307534419,27.3789698657859
"3621",22,2198,0,2199,15,2,1,2,14,0,-2.46459308134602,11.6815234235083
"3622",22,2198,0,2199,19,2,1,2,5,9,7.09957502486337,3.05782745204784
"3623",22,2198,0,2199,23,2,1,2,8,4,-0.610511660296128,2.59491413720734
"3624",22,2198,0,2199,30,2,1,2,10,12,21.1528089781298,17.4592916410979
"3625",22,2198,0,2199,18,2,1,2,11,16,32.3004638803019,20.4531649898719
"3626",22,2198,0,2199,25,2,1,2,18,18,35.882,35.882
"3627",22,2198,0,2199,16,2,1,2,8,12,19.3235576878315,12.7728447890797
"3628",22,2198,0,2199,17,2,1,2,9,28,68.1602294163023,3.27785146900689
"3629",22,2198,0,2199,24,2,1,2,2,6,-7.05940763810473,-8.59218988498406
"3630",22,2198,0,2199,20,2,1,2,19,7,11.1587938090686,38.3378284831323
"3631",22,2199,0,2199,1,1,1,1,22,12,18.3930510829273,49.4054643977678
"3632",22,2199,0,2199,5,1,1,1,18,14,26.3978794631435,37.9665230137677
"3633",22,2199,0,2199,28,1,1,1,28,10,4.86745510646527,68.2166950509867
"3634",22,2199,0,2199,16,1,1,1,12,8,12.7728447890797,19.3235576878315
"3635",22,2199,0,2199,4,1,1,1,12,16,32.6122012384556,22.7162012384556
"3636",22,2199,0,2199,27,1,1,1,12,14,27.3789698657859,22.8491307534419
"3637",22,2199,0,2199,15,1,1,1,0,14,11.6815234235083,-2.46459308134602
"3638",22,2199,0,2199,3,1,1,1,22,12,18.3930510829273,49.4054643977678
"3639",22,2199,0,2199,26,1,1,1,18,12,21.9292114550411,38.0276941180092
"3640",22,2199,0,2199,14,1,1,1,0,12,5.46594984235564,-4.15032755015476
"3641",22,2199,0,2199,2,1,1,1,12,24,55.3677417979728,15.643880494228
"3642",22,2199,0,2199,6,1,1,1,24,0,-3.84682476372583,45.4933139325294
"3643",22,2199,0,2199,29,1,1,1,10,8,11.209452528754,14.0666480904738
"3644",22,2199,0,2199,17,1,1,1,28,9,3.27785146900689,68.1602294163023
"3645",22,2199,0,2199,21,1,1,1,0,12,5.46594984235564,-4.15032755015476
"3646",22,2199,0,2199,9,1,1,1,10,18,37.4348049538224,17.6428049538224
"3647",22,2199,0,2199,13,1,1,1,27,8,3.65011568537302,64.5599651999361
"3648",22,2199,0,2199,20,1,1,1,7,19,38.3378284831323,11.1587938090686
"3649",22,2199,0,2199,8,1,1,1,0,24,45.4933139325294,-3.84682476372583
"3650",22,2199,0,2199,12,1,1,1,16,2,2.13628070506175,22.1366496371006
"3651",22,2199,0,2199,19,1,1,1,9,5,3.05782745204784,7.09957502486337
"3652",22,2199,0,2199,7,1,1,1,12,26,61.5122807050617,12.2406496371006
"3653",22,2199,0,2199,30,1,1,1,12,10,17.4592916410979,21.1528089781298
"3654",22,2199,0,2199,18,1,1,1,16,11,20.4531649898719,32.3004638803019
"3655",22,2199,0,2199,22,1,1,1,20,4,5.21250691653795,38.1059327140414
"3656",22,2199,0,2199,10,1,1,1,12,12,22.328,22.328
"3657",22,2199,0,2199,23,1,1,1,4,8,2.59491413720734,-0.610511660296128
"3658",22,2199,0,2199,24,1,1,1,6,2,-8.59218988498406,-7.05940763810473
"3659",22,2199,0,2199,25,1,1,1,18,18,35.882,35.882
"3660",22,2199,0,2199,11,1,1,1,15,16,32.5663229102745,29.7787022445325
"3661",23,2292,0,2296,1,8,4,2,18,28,62.7818777126083,19.2246377680868
"3662",23,2292,0,2296,16,8,4,2,19.1,16,30.1236607266837,40.0939910110111
"3663",23,2292,0,2296,15,8,4,2,16,14,27.3789698657859,32.7451307534419
"3664",23,2292,0,2296,17,8,4,2,14.7,19.1,40.702681730154,27.1492152669085
"3665",23,2292,0,2296,2,8,4,2,20,15,26.9683605515918,42.997268318582
"3666",23,2292,0,2296,7,8,4,2,5,27,62.7733572274984,-0.854182300934325
"3667",23,2292,0,2296,19,8,4,2,16.5,14.6,28.6148294508898,33.9311713579633
"3668",23,2292,0,2296,4,8,4,2,12,2.5,0.824901840899429,10.9206183804279
"3669",23,2292,0,2296,9,8,4,2,10,16.5,33.210522813466,18.1487899771276
"3670",23,2292,0,2296,21,8,4,2,16.4,7.5,12.8736376049503,31.0775649073082
"3671",23,2292,0,2296,6,8,4,2,8.7,9.6,13.8332971190422,12.5193332563515
"3672",23,2292,0,2296,18,8,4,2,13.6,19.1,41.0018878346937,24.6925230982166
"3673",23,2292,0,2296,3,8,4,2,28,8.7,2.80985562622996,68.1114042878111
"3674",23,2292,0,2296,8,8,4,2,16.3,12,22.6398491130557,33.4129059993248
"3675",23,2292,0,2296,20,8,4,2,9.1,16.5,32.6648265680179,16.2138609092107
"3676",23,2292,0,2296,5,8,4,2,1.6,4.8,-11.2332612767365,-11.9242411380403
"3677",23,2292,0,2296,10,8,4,2,10,14.7,28.2767134138996,18.2703322557859
"3678",23,2292,0,2296,22,8,4,2,10,14.7,28.2767134138996,18.2703322557859
"3679",23,2292,0,2296,27,8,4,2,12,22,49.4054643977678,18.3930510829273
"3680",23,2292,0,2296,12,8,4,2,14.8,13.4,26.2007690206429,29.6936402827788
"3681",23,2292,0,2296,24,8,4,2,16.8,19.5,40.6139098758178,31.5913635027249
"3682",23,2292,0,2296,29,8,4,2,18,18.5,37.1187761159182,35.4374801727836
"3683",23,2292,0,2296,14,8,4,2,14,17.5,36.6440879324159,26.7044702139693
"3684",23,2292,0,2296,26,8,4,2,25.9,13.8,15.7499168494598,60.4850760658259
"3685",23,2292,0,2296,11,8,4,2,13.4,10,18.0286299301517,24.8052208594166
"3686",23,2292,0,2296,23,8,4,2,18.7,15.5,29.3201347912246,39.3110127939985
"3687",23,2292,0,2296,28,8,4,2,17,19,39.181872084926,32.5612285343018
"3688",23,2292,0,2296,13,8,4,2,14,14.8,29.6997809205507,27.6536751785257
"3689",23,2292,0,2296,25,8,4,2,15.2,17,35.0406227896222,29.7970987119523
"3690",23,2292,0,2296,30,8,4,2,18,4.5,6.79497297034094,32.4318614932258
"3691",23,2293,0,2296,1,7,4,1,28,18,19.2246377680868,62.7818777126083
"3692",23,2293,0,2296,8,7,4,1,12,16.3,33.4129059993248,22.6398491130557
"3693",23,2293,0,2296,13,7,4,1,14.8,14,27.6536751785257,29.6997809205507
"3694",23,2293,0,2296,3,7,4,1,8.7,28,68.1114042878111,2.80985562622996
"3695",23,2293,0,2296,2,7,4,1,15,20,42.997268318582,26.9683605515918
"3696",23,2293,0,2296,7,7,4,1,27,5,-0.854182300934325,62.7733572274984
"3697",23,2293,0,2296,4,7,4,1,2.5,12,10.9206183804279,0.824901840899429
"3698",23,2293,0,2296,9,7,4,1,16.5,10,18.1487899771276,33.210522813466
"3699",23,2293,0,2296,14,7,4,1,17.5,14,26.7044702139693,36.6440879324159
"3700",23,2293,0,2296,6,7,4,1,9.6,8.7,12.5193332563515,13.8332971190422
"3701",23,2293,0,2296,11,7,4,1,10,13.4,24.8052208594166,18.0286299301517
"3702",23,2293,0,2296,16,7,4,1,16,19.1,40.0939910110111,30.1236607266837
"3703",23,2293,0,2296,21,7,4,1,7.5,16.4,31.0775649073082,12.8736376049503
"3704",23,2293,0,2296,26,7,4,1,13.8,25.9,60.4850760658259,15.7499168494598
"3705",23,2293,0,2296,5,7,4,1,4.8,1.6,-11.9242411380403,-11.2332612767365
"3706",23,2293,0,2296,10,7,4,1,14.7,10,18.2703322557859,28.2767134138996
"3707",23,2293,0,2296,15,7,4,1,14,16,32.7451307534419,27.3789698657859
"3708",23,2293,0,2296,20,7,4,1,16.5,9.1,16.2138609092107,32.6648265680179
"3709",23,2293,0,2296,12,7,4,1,13.4,14.8,29.6936402827788,26.2007690206429
"3710",23,2293,0,2296,17,7,4,1,19.1,14.7,27.1492152669085,40.702681730154
"3711",23,2293,0,2296,22,7,4,1,14.7,10,18.2703322557859,28.2767134138996
"3712",23,2293,0,2296,27,7,4,1,22,12,18.3930510829273,49.4054643977678
"3713",23,2293,0,2296,19,7,4,1,14.6,16.5,33.9311713579633,28.6148294508898
"3714",23,2293,0,2296,24,7,4,1,19.5,16.8,31.5913635027249,40.6139098758178
"3715",23,2293,0,2296,29,7,4,1,18.5,18,35.4374801727836,37.1187761159182
"3716",23,2293,0,2296,28,7,4,1,19,17,32.5612285343018,39.181872084926
"3717",23,2293,0,2296,18,7,4,1,19.1,13.6,24.6925230982166,41.0018878346937
"3718",23,2293,0,2296,23,7,4,1,15.5,18.7,39.3110127939985,29.3201347912246
"3719",23,2293,0,2296,25,7,4,1,17,15.2,29.7970987119523,35.0406227896222
"3720",23,2293,0,2296,30,7,4,1,4.5,18,32.4318614932258,6.79497297034094
"3721",23,2294,0,2297,1,6,3,2,3,10,6.14675464228485,-0.194522056744278
"3722",23,2294,0,2297,6,6,3,2,4,1,-15.0897491473354,-14.881024459402
"3723",23,2294,0,2297,8,6,3,2,1,1,-22.6235,-22.6235
"3724",23,2294,0,2297,13,6,3,2,1,1,-22.6235,-22.6235
"3725",23,2294,0,2297,5,6,3,2,1,18,26.6728078931827,0.609461846026012
"3726",23,2294,0,2297,3,6,3,2,1,10,1.83419179325986,-4.43715425389687
"3727",23,2294,0,2297,2,6,3,2,3,20,36.680175438259,3.50809430094973
"3728",23,2294,0,2297,7,6,3,2,3,1,-17.4374843644499,-17.5074150163223
"3729",23,2294,0,2297,12,6,3,2,4,1,-15.0897491473354,-14.881024459402
"3730",23,2294,0,2297,4,6,3,2,2,3,-14.9296999746076,-14.9992748705854
"3731",23,2294,0,2297,9,6,3,2,4,1,-15.0897491473354,-14.881024459402
"3732",23,2294,0,2297,14,6,3,2,5,1,-12.905528997328,-12.2090685257608
"3733",23,2294,0,2297,19,6,3,2,3,1,-17.4374843644499,-17.5074150163223
"3734",23,2294,0,2297,11,6,3,2,1,1,-22.6235,-22.6235
"3735",23,2294,0,2297,16,6,3,2,1,1,-22.6235,-22.6235
"3736",23,2294,0,2297,21,6,3,2,2,1,-19.9487346486714,-20.0882401965216
"3737",23,2294,0,2297,26,6,3,2,12,1,-2.1944098262738,7.77045355791482
"3738",23,2294,0,2297,18,6,3,2,1,2,-20.0882401965216,-19.9487346486714
"3739",23,2294,0,2297,10,6,3,2,2,1,-19.9487346486714,-20.0882401965216
"3740",23,2294,0,2297,15,6,3,2,2,1,-19.9487346486714,-20.0882401965216
"3741",23,2294,0,2297,20,6,3,2,1,1,-22.6235,-22.6235
"3742",23,2294,0,2297,25,6,3,2,5,1,-12.905528997328,-12.2090685257608
"3743",23,2294,0,2297,17,6,3,2,10,1,-4.43715425389687,1.83419179325986
"3744",23,2294,0,2297,22,6,3,2,1,1,-22.6235,-22.6235
"3745",23,2294,0,2297,27,6,3,2,1,1,-22.6235,-22.6235
"3746",23,2294,0,2297,24,6,3,2,1,1,-22.6235,-22.6235
"3747",23,2294,0,2297,29,6,3,2,1,1,-22.6235,-22.6235
"3748",23,2294,0,2297,28,6,3,2,1,1,-22.6235,-22.6235
"3749",23,2294,0,2297,23,6,3,2,1,1,-22.6235,-22.6235
"3750",23,2294,0,2297,30,6,3,2,3,1,-17.4374843644499,-17.5074150163223
"3751",23,2295,0,2297,4,5,3,1,3,2,-14.9992748705854,-14.9296999746076
"3752",23,2295,0,2297,1,5,3,1,10,3,-0.194522056744278,6.14675464228485
"3753",23,2295,0,2297,6,5,3,1,1,4,-14.881024459402,-15.0897491473354
"3754",23,2295,0,2297,11,5,3,1,1,1,-22.6235,-22.6235
"3755",23,2295,0,2297,3,5,3,1,10,1,-4.43715425389687,1.83419179325986
"3756",23,2295,0,2297,8,5,3,1,1,1,-22.6235,-22.6235
"3757",23,2295,0,2297,13,5,3,1,1,1,-22.6235,-22.6235
"3758",23,2295,0,2297,5,5,3,1,18,1,0.609461846026012,26.6728078931827
"3759",23,2295,0,2297,10,5,3,1,1,2,-20.0882401965216,-19.9487346486714
"3760",23,2295,0,2297,2,5,3,1,20,3,3.50809430094973,36.680175438259
"3761",23,2295,0,2297,7,5,3,1,1,3,-17.5074150163223,-17.4374843644499
"3762",23,2295,0,2297,12,5,3,1,1,4,-14.881024459402,-15.0897491473354
"3763",23,2295,0,2297,17,5,3,1,1,10,1.83419179325986,-4.43715425389687
"3764",23,2295,0,2297,9,5,3,1,1,4,-14.881024459402,-15.0897491473354
"3765",23,2295,0,2297,14,5,3,1,1,5,-12.2090685257608,-12.905528997328
"3766",23,2295,0,2297,19,5,3,1,1,3,-17.5074150163223,-17.4374843644499
"3767",23,2295,0,2297,24,5,3,1,1,1,-22.6235,-22.6235
"3768",23,2295,0,2297,16,5,3,1,1,1,-22.6235,-22.6235
"3769",23,2295,0,2297,21,5,3,1,1,2,-20.0882401965216,-19.9487346486714
"3770",23,2295,0,2297,26,5,3,1,1,12,7.77045355791482,-2.1944098262738
"3771",23,2295,0,2297,18,5,3,1,2,1,-19.9487346486714,-20.0882401965216
"3772",23,2295,0,2297,23,5,3,1,1,1,-22.6235,-22.6235
"3773",23,2295,0,2297,15,5,3,1,1,2,-20.0882401965216,-19.9487346486714
"3774",23,2295,0,2297,20,5,3,1,1,1,-22.6235,-22.6235
"3775",23,2295,0,2297,25,5,3,1,1,5,-12.2090685257608,-12.905528997328
"3776",23,2295,0,2297,30,5,3,1,1,3,-17.5074150163223,-17.4374843644499
"3777",23,2295,0,2297,22,5,3,1,1,1,-22.6235,-22.6235
"3778",23,2295,0,2297,27,5,3,1,1,1,-22.6235,-22.6235
"3779",23,2295,0,2297,29,5,3,1,1,1,-22.6235,-22.6235
"3780",23,2295,0,2297,28,5,3,1,1,1,-22.6235,-22.6235
"3781",23,2296,0,2298,3,4,2,2,12,18,38.0276941180092,21.9292114550411
"3782",23,2296,0,2298,2,4,2,2,8,10,14.0666480904738,11.209452528754
"3783",23,2296,0,2298,4,4,2,2,2,22,41.8414220848298,0.724639837950431
"3784",23,2296,0,2298,9,4,2,2,16,10,18.2356941180092,31.8252114550411
"3785",23,2296,0,2298,1,4,2,2,4,28,65.4251752362742,-3.98668606747061
"3786",23,2296,0,2298,6,4,2,2,10,12,21.1528089781298,17.4592916410979
"3787",23,2296,0,2298,11,4,2,2,16,4,5.88774179797285,25.539880494228
"3788",23,2296,0,2298,16,4,2,2,14,16,32.7451307534419,27.3789698657859
"3789",23,2296,0,2298,8,4,2,2,8,18,36.1878555212074,13.5386599594876
"3790",23,2296,0,2298,13,4,2,2,2,16,22.1366496371006,2.13628070506175
"3791",23,2296,0,2298,5,4,2,2,0,16,18.0793585115449,-1.43291888096552
"3792",23,2296,0,2298,10,4,2,2,16,20,42.4608447890797,29.2195576878315
"3793",23,2296,0,2298,15,4,2,2,16,4,5.88774179797285,25.539880494228
"3794",23,2296,0,2298,7,4,2,2,2,14,15.9329151682918,1.29870712390905
"3795",23,2296,0,2298,12,4,2,2,4,16,25.539880494228,5.88774179797285
"3796",23,2296,0,2298,17,4,2,2,4,12,13.70287430195,3.94673560569482
"3797",23,2296,0,2298,22,4,2,2,16,16,32.224,32.224
"3798",23,2296,0,2298,14,4,2,2,10,6,6.5111665643918,11.3892359125194
"3799",23,2296,0,2298,19,4,2,2,2,10,4.07223075132588,-2.33862084368105
"3800",23,2296,0,2298,24,4,2,2,12,18,38.0276941180092,21.9292114550411
"3801",23,2296,0,2298,29,4,2,2,12,28,67.8390811190345,8.18335851154489
"3802",23,2296,0,2298,21,4,2,2,16,16,32.224,32.224
"3803",23,2296,0,2298,26,4,2,2,12,12,22.328,22.328
"3804",23,2296,0,2298,18,4,2,2,20,10,16.3958555212075,43.2266599594876
"3805",23,2296,0,2298,23,4,2,2,14,14,27.706,27.706
"3806",23,2296,0,2298,28,4,2,2,10,18,37.4348049538224,17.6428049538224
"3807",23,2296,0,2298,20,4,2,2,6,10,11.3892359125194,6.5111665643918
"3808",23,2296,0,2298,25,4,2,2,12,20,43.6254485044466,20.4881614031983
"3809",23,2296,0,2298,30,4,2,2,10,26,61.6957940177862,8.73064561279314
"3810",23,2296,0,2298,27,4,2,2,16,16,32.224,32.224
"3811",23,2297,0,2298,1,3,2,1,28,4,-3.98668606747061,65.4251752362742
"3812",23,2297,0,2298,8,3,2,1,18,8,13.5386599594876,36.1878555212074
"3813",23,2297,0,2298,3,3,2,1,18,12,21.9292114550411,38.0276941180092
"3814",23,2297,0,2298,2,3,2,1,10,8,11.209452528754,14.0666480904738
"3815",23,2297,0,2298,7,3,2,1,14,2,1.29870712390905,15.9329151682918
"3816",23,2297,0,2298,4,3,2,1,22,2,0.724639837950431,41.8414220848298
"3817",23,2297,0,2298,9,3,2,1,10,16,31.8252114550411,18.2356941180092
"3818",23,2297,0,2298,14,3,2,1,6,10,11.3892359125194,6.5111665643918
"3819",23,2297,0,2298,6,3,2,1,12,10,17.4592916410979,21.1528089781298
"3820",23,2297,0,2298,11,3,2,1,4,16,25.539880494228,5.88774179797285
"3821",23,2297,0,2298,16,3,2,1,16,14,27.3789698657859,32.7451307534419
"3822",23,2297,0,2298,21,3,2,1,16,16,32.224,32.224
"3823",23,2297,0,2298,13,3,2,1,16,2,2.13628070506175,22.1366496371006
"3824",23,2297,0,2298,5,3,2,1,16,0,-1.43291888096552,18.0793585115449
"3825",23,2297,0,2298,10,3,2,1,20,16,29.2195576878315,42.4608447890797
"3826",23,2297,0,2298,15,3,2,1,4,16,25.539880494228,5.88774179797285
"3827",23,2297,0,2298,20,3,2,1,10,6,6.5111665643918,11.3892359125194
"3828",23,2297,0,2298,12,3,2,1,16,4,5.88774179797285,25.539880494228
"3829",23,2297,0,2298,17,3,2,1,12,4,3.94673560569482,13.70287430195
"3830",23,2297,0,2298,22,3,2,1,16,16,32.224,32.224
"3831",23,2297,0,2298,27,3,2,1,16,16,32.224,32.224
"3832",23,2297,0,2298,19,3,2,1,10,2,-2.33862084368105,4.07223075132588
"3833",23,2297,0,2298,24,3,2,1,18,12,21.9292114550411,38.0276941180092
"3834",23,2297,0,2298,29,3,2,1,28,12,8.18335851154489,67.8390811190345
"3835",23,2297,0,2298,28,3,2,1,18,10,17.6428049538224,37.4348049538224
"3836",23,2297,0,2298,26,3,2,1,12,12,22.328,22.328
"3837",23,2297,0,2298,18,3,2,1,10,20,43.2266599594876,16.3958555212075
"3838",23,2297,0,2298,23,3,2,1,14,14,27.706,27.706
"3839",23,2297,0,2298,25,3,2,1,20,12,20.4881614031983,43.6254485044466
"3840",23,2297,0,2298,30,3,2,1,26,10,8.73064561279314,61.6957940177862
"3841",23,2298,0,2299,1,2,1,2,28,5,-2.62490931361703,66.2992162064939
"3842",23,2298,0,2299,6,2,1,2,20,2,1.84924706208246,35.0909030953695
"3843",23,2298,0,2299,8,2,1,2,15,3,3.70072446094094,20.8438978312599
"3844",23,2298,0,2299,13,2,1,2,16,3,3.98922856315682,23.9200225992178
"3845",23,2298,0,2299,3,2,1,2,17,8,13.8198117655206,33.2632257738424
"3846",23,2298,0,2299,2,2,1,2,16,7,11.8566737627467,29.4183637766163
"3847",23,2298,0,2299,7,2,1,2,12,5,6.08491483645961,15.353317749081
"3848",23,2298,0,2299,12,2,1,2,7,0,-11.2261773965501,-9.27559001790932
"3849",23,2298,0,2299,4,2,1,2,14,10,18.1745230137677,26.3978794631435
"3850",23,2298,0,2299,9,2,1,2,10,4,1.99514210691346,8.05776346613676
"3851",23,2298,0,2299,14,2,1,2,21,5,6.33636336591381,42.5750762646655
"3852",23,2298,0,2299,19,2,1,2,1,14,13.8889768294536,-0.605725667078966
"3853",23,2298,0,2299,11,2,1,2,6,6,1.034,1.034
"3854",23,2298,0,2299,16,2,1,2,6,2,-8.59218988498406,-7.05940763810473
"3855",23,2298,0,2299,21,2,1,2,3,20,36.680175438259,3.50809430094973
"3856",23,2298,0,2299,26,2,1,2,4,14,19.5302466446471,5.24426883604795
"3857",23,2298,0,2299,5,2,1,2,15,12,22.8644235295023,29.9728028637603
"3858",23,2298,0,2299,10,2,1,2,22,1,-0.791591714581978,40.1856849844472
"3859",23,2298,0,2299,15,2,1,2,5,25,55.8583353996703,2.19672652310997
"3860",23,2298,0,2299,20,2,1,2,7,16,29.4183637766163,11.8566737627467
"3861",23,2298,0,2299,25,2,1,2,3,16,23.9200225992178,3.98922856315682
"3862",23,2298,0,2299,17,2,1,2,16,1,0.328898223687634,20.1897616078762
"3863",23,2298,0,2299,22,2,1,2,10,1,-4.43715425389687,1.83419179325986
"3864",23,2298,0,2299,27,2,1,2,11,1,-3.23402450653181,4.77953998722687
"3865",23,2298,0,2299,24,2,1,2,8,2,-5.13837523011844,-1.58471919683134
"3866",23,2298,0,2299,29,2,1,2,7,22,47.667381580137,8.98927825142686
"3867",23,2298,0,2299,28,2,1,2,6,8,6.12048720281778,4.09961341641002
"3868",23,2298,0,2299,18,2,1,2,2,12,9.91144220636694,-0.192926725671888
"3869",23,2298,0,2299,23,2,1,2,4,1,-15.0897491473354,-14.881024459402
"3870",23,2298,0,2299,30,2,1,2,3,0,-19.8301284815934,-20.248645125144
"3871",23,2299,0,2299,1,1,1,1,5,28,66.2992162064939,-2.62490931361703
"3872",23,2299,0,2299,6,1,1,1,2,20,35.0909030953695,1.84924706208246
"3873",23,2299,0,2299,18,1,1,1,12,2,-0.192926725671888,9.91144220636694
"3874",23,2299,0,2299,3,1,1,1,8,17,33.2632257738424,13.8198117655206
"3875",23,2299,0,2299,8,1,1,1,3,15,20.8438978312599,3.70072446094094
"3876",23,2299,0,2299,20,1,1,1,16,7,11.8566737627467,29.4183637766163
"3877",23,2299,0,2299,5,1,1,1,12,15,29.9728028637603,22.8644235295023
"3878",23,2299,0,2299,17,1,1,1,1,16,20.1897616078762,0.328898223687634
"3879",23,2299,0,2299,2,1,1,1,7,16,29.4183637766163,11.8566737627467
"3880",23,2299,0,2299,7,1,1,1,5,12,15.353317749081,6.08491483645961
"3881",23,2299,0,2299,19,1,1,1,14,1,-0.605725667078966,13.8889768294536
"3882",23,2299,0,2299,4,1,1,1,10,14,26.3978794631435,18.1745230137677
"3883",23,2299,0,2299,9,1,1,1,4,10,8.05776346613676,1.99514210691346
"3884",23,2299,0,2299,21,1,1,1,20,3,3.50809430094973,36.680175438259
"3885",23,2299,0,2299,26,1,1,1,14,4,5.24426883604795,19.5302466446471
"3886",23,2299,0,2299,11,1,1,1,6,6,1.034,1.034
"3887",23,2299,0,2299,23,1,1,1,1,4,-14.881024459402,-15.0897491473354
"3888",23,2299,0,2299,28,1,1,1,8,6,4.09961341641002,6.12048720281778
"3889",23,2299,0,2299,13,1,1,1,3,16,23.9200225992178,3.98922856315682
"3890",23,2299,0,2299,25,1,1,1,16,3,3.98922856315682,23.9200225992178
"3891",23,2299,0,2299,10,1,1,1,1,22,40.1856849844472,-0.791591714581978
"3892",23,2299,0,2299,22,1,1,1,1,10,1.83419179325986,-4.43715425389687
"3893",23,2299,0,2299,27,1,1,1,1,11,4.77953998722687,-3.23402450653181
"3894",23,2299,0,2299,12,1,1,1,0,7,-9.27559001790932,-11.2261773965501
"3895",23,2299,0,2299,24,1,1,1,2,8,-1.58471919683134,-5.13837523011844
"3896",23,2299,0,2299,29,1,1,1,22,7,8.98927825142686,47.667381580137
"3897",23,2299,0,2299,14,1,1,1,5,21,42.5750762646655,6.33636336591381
"3898",23,2299,0,2299,16,1,1,1,2,6,-7.05940763810473,-8.59218988498406
"3899",23,2299,0,2299,15,1,1,1,25,5,2.19672652310997,55.8583353996703
"3900",23,2299,0,2299,30,1,1,1,0,3,-20.248645125144,-19.8301284815934
"3901",24,2386,1,2393,6,14,7,2,12,14,26.594,22.78
"3902",24,2386,1,2393,28,14,7,2,16,20,43.616,24.648
"3903",24,2386,1,2393,7,14,7,2,12,17,33.0755,19.288
"3904",24,2386,1,2393,5,14,7,2,12,16,30.904,21.008
"3905",24,2386,1,2393,2,14,7,2,12,12,22.328,22.328
"3906",24,2386,1,2393,13,14,7,2,24,24,41.696,41.696
"3907",24,2386,1,2393,14,14,7,2,26,26,41.914,41.914
"3908",24,2386,1,2393,16,14,7,2,26,26,41.914,41.914
"3909",24,2386,1,2393,10,14,7,2,18,18,35.882,35.882
"3910",24,2386,1,2393,19,14,7,2,25,20,20,56.4675
"3911",24,2386,1,2393,22,14,7,2,24,20,24.848,52.888
"3912",24,2386,1,2393,23,14,7,2,24,22,33.25,48.4039999999999
"3913",24,2386,1,2393,25,14,7,2,24,22,33.25,48.4039999999999
"3914",24,2386,1,2393,26,14,7,2,16,20,43.616,24.648
"3915",24,2386,1,2393,3,14,7,2,28,12,-36.328,57.688
"3916",24,2386,1,2393,29,14,7,2,16,18,37.898,29.548
"3917",24,2386,1,2393,8,14,7,2,14,12,22.78,26.594
"3918",24,2386,1,2393,9,14,7,2,16,15,29.4035,32.728
"3919",24,2386,1,2393,11,14,7,2,20,20,38.68,38.68
"3920",24,2386,1,2393,12,14,7,2,22,22,40.6179999999999,40.6179999999999
"3921",24,2386,1,2393,15,14,7,2,26,28,51.108,31.418
"3922",24,2386,1,2393,17,14,7,2,26,24,32.764,50.186
"3923",24,2386,1,2393,18,14,7,2,26,25,37.3335,46.328
"3924",24,2386,1,2393,20,14,7,2,25,20,20,56.4675
"3925",24,2386,1,2393,21,14,7,2,20,24,52.888,24.848
"3926",24,2386,1,2393,24,14,7,2,24,24,41.696,41.696
"3927",24,2386,1,2393,1,14,7,2,12,28,57.688,-36.328
"3928",24,2386,1,2393,27,14,7,2,18,18,35.882,35.882
"3929",24,2386,1,2393,4,14,7,2,28,18,-7.55799999999998,68.212
"3930",24,2386,1,2393,30,14,7,2,16,18,37.898,29.548
"3931",24,2387,1,2393,29,13,7,1,18,16,29.548,37.898
"3932",24,2387,1,2393,28,13,7,1,20,16,24.648,43.616
"3933",24,2387,1,2393,27,13,7,1,18,18,35.882,35.882
"3934",24,2387,1,2393,6,13,7,1,14,12,22.78,26.594
"3935",24,2387,1,2393,4,13,7,1,18,28,68.212,-7.55799999999998
"3936",24,2387,1,2393,7,13,7,1,17,12,19.288,33.0755
"3937",24,2387,1,2393,30,13,7,1,18,16,29.548,37.898
"3938",24,2387,1,2393,5,13,7,1,16,12,21.008,30.904
"3939",24,2387,1,2393,14,13,7,1,26,26,41.914,41.914
"3940",24,2387,1,2393,15,13,7,1,28,26,31.418,51.108
"3941",24,2387,1,2393,2,13,7,1,12,12,22.328,22.328
"3942",24,2387,1,2393,13,13,7,1,24,24,41.696,41.696
"3943",24,2387,1,2393,22,13,7,1,20,24,52.888,24.848
"3944",24,2387,1,2393,23,13,7,1,22,24,48.4039999999999,33.25
"3945",24,2387,1,2393,24,13,7,1,24,24,41.696,41.696
"3946",24,2387,1,2393,1,13,7,1,28,12,-36.328,57.688
"3947",24,2387,1,2393,3,13,7,1,12,28,57.688,-36.328
"3948",24,2387,1,2393,11,13,7,1,20,20,38.68,38.68
"3949",24,2387,1,2393,12,13,7,1,22,22,40.6179999999999,40.6179999999999
"3950",24,2387,1,2393,8,13,7,1,12,14,26.594,22.78
"3951",24,2387,1,2393,10,13,7,1,18,18,35.882,35.882
"3952",24,2387,1,2393,19,13,7,1,20,25,56.4675,20
"3953",24,2387,1,2393,20,13,7,1,20,25,56.4675,20
"3954",24,2387,1,2393,16,13,7,1,26,26,41.914,41.914
"3955",24,2387,1,2393,17,13,7,1,24,26,50.186,32.764
"3956",24,2387,1,2393,26,13,7,1,20,16,24.648,43.616
"3957",24,2387,1,2393,18,13,7,1,25,26,46.328,37.3335
"3958",24,2387,1,2393,21,13,7,1,24,20,24.848,52.888
"3959",24,2387,1,2393,25,13,7,1,22,24,48.4039999999999,33.25
"3960",24,2387,1,2393,9,13,7,1,15,16,32.728,29.4035
"3961",24,2388,1,2394,7,12,6,2,18,18,35.882,35.882
"3962",24,2388,1,2394,29,12,6,2,12,14,26.594,22.78
"3963",24,2388,1,2394,2,12,6,2,18,15,26.3975,38.072
"3964",24,2388,1,2394,6,12,6,2,18,26,61.658,5.57799999999996
"3965",24,2388,1,2394,28,12,6,2,13,12,22.832,24.4555
"3966",24,2388,1,2394,1,12,6,2,20,10,3.93000000000003,34.34
"3967",24,2388,1,2394,5,12,6,2,28,18,-7.55799999999998,68.212
"3968",24,2388,1,2394,27,12,6,2,10,12,19.652,18.106
"3969",24,2388,1,2394,9,12,6,2,16,15,29.4035,32.728
"3970",24,2388,1,2394,30,12,6,2,12,12,22.328,22.328
"3971",24,2388,1,2394,8,12,6,2,16,18,37.898,29.548
"3972",24,2388,1,2394,4,12,6,2,18,17,32.7095,37.168
"3973",24,2388,1,2394,16,12,6,2,16,10,15.466,26.908
"3974",24,2388,1,2394,26,12,6,2,10,10,16.09,16.09
"3975",24,2388,1,2394,3,12,6,2,18,16,29.548,37.898
"3976",24,2388,1,2394,14,12,6,2,14,16,32.676,26.594
"3977",24,2388,1,2394,23,12,6,2,14,18,37.69,23.258
"3978",24,2388,1,2394,25,12,6,2,10,10,16.09,16.09
"3979",24,2388,1,2394,10,12,6,2,16,20,43.616,24.648
"3980",24,2388,1,2394,13,12,6,2,17,14,25.204,35.1775
"3981",24,2388,1,2394,12,12,6,2,15,20,43.46,21.1675
"3982",24,2388,1,2394,15,12,6,2,13,10,18.28,21.4495
"3983",24,2388,1,2394,17,12,6,2,10,16,26.908,15.466
"3984",24,2388,1,2394,19,12,6,2,16,10,15.466,26.908
"3985",24,2388,1,2394,22,12,6,2,16,18,37.898,29.548
"3986",24,2388,1,2394,21,12,6,2,15,18,38.072,26.3975
"3987",24,2388,1,2394,24,12,6,2,16,10,15.466,26.908
"3988",24,2388,1,2394,11,12,6,2,17,20,43.216,28.1395
"3989",24,2388,1,2394,20,12,6,2,10,18,30.602,10.81
"3990",24,2388,1,2394,18,12,6,2,12,10,18.106,19.652
"3991",24,2389,1,2394,30,11,6,1,12,12,22.328,22.328
"3992",24,2389,1,2394,6,11,6,1,26,18,5.57799999999996,61.658
"3993",24,2389,1,2394,4,11,6,1,17,18,37.168,32.7095
"3994",24,2389,1,2394,7,11,6,1,18,18,35.882,35.882
"3995",24,2389,1,2394,5,11,6,1,18,28,68.212,-7.55799999999998
"3996",24,2389,1,2394,29,11,6,1,14,12,22.78,26.594
"3997",24,2389,1,2394,2,11,6,1,15,18,38.072,26.3975
"3998",24,2389,1,2394,3,11,6,1,16,18,37.898,29.548
"3999",24,2389,1,2394,13,11,6,1,14,17,35.1775,25.204
"4000",24,2389,1,2394,28,11,6,1,12,13,24.4555,22.832
"4001",24,2389,1,2394,27,11,6,1,12,10,18.106,19.652
"4002",24,2389,1,2394,26,11,6,1,10,10,16.09,16.09
"4003",24,2389,1,2394,1,11,6,1,10,20,34.34,3.93000000000003
"4004",24,2389,1,2394,8,11,6,1,18,16,29.548,37.898
"4005",24,2389,1,2394,16,11,6,1,10,16,26.908,15.466
"4006",24,2389,1,2394,9,11,6,1,15,16,32.728,29.4035
"4007",24,2389,1,2394,17,11,6,1,16,10,15.466,26.908
"4008",24,2389,1,2394,10,11,6,1,20,16,24.648,43.616
"4009",24,2389,1,2394,14,11,6,1,16,14,26.594,32.676
"4010",24,2389,1,2394,25,11,6,1,10,10,16.09,16.09
"4011",24,2389,1,2394,24,11,6,1,10,16,26.908,15.466
"4012",24,2389,1,2394,18,11,6,1,10,12,19.652,18.106
"4013",24,2389,1,2394,22,11,6,1,18,16,29.548,37.898
"4014",24,2389,1,2394,15,11,6,1,10,13,21.4495,18.28
"4015",24,2389,1,2394,12,11,6,1,20,15,21.1675,43.46
"4016",24,2389,1,2394,21,11,6,1,18,15,26.3975,38.072
"4017",24,2389,1,2394,23,11,6,1,18,14,23.258,37.69
"4018",24,2389,1,2394,20,11,6,1,18,10,10.81,30.602
"4019",24,2389,1,2394,11,11,6,1,20,17,28.1395,43.216
"4020",24,2389,1,2394,19,11,6,1,10,16,26.908,15.466
"4021",24,2390,1,2395,9,10,5,2,12,10,18.106,19.652
"4022",24,2390,1,2395,7,10,5,2,10,12,19.652,18.106
"4023",24,2390,1,2395,6,10,5,2,14,10,17.898,23.258
"4024",24,2390,1,2395,8,10,5,2,11.8,10,18.00448,19.29382
"4025",24,2390,1,2395,30,10,5,2,10,12,19.652,18.106
"4026",24,2390,1,2395,29,10,5,2,19,15,24.0605,40.7605
"4027",24,2390,1,2395,10,10,5,2,11.9,11,20.14702,21.072355
"4028",24,2390,1,2395,4,10,5,2,17.1,10,13.18042,28.934255
"4029",24,2390,1,2395,28,10,5,2,18,18,35.882,35.882
"4030",24,2390,1,2395,3,10,5,2,21.6,3,-28.69378,-0.605920000000001
"4031",24,2390,1,2395,26,10,5,2,16,16,32.224,32.224
"4032",24,2390,1,2395,5,10,5,2,15.5,10,16.2825,25.991375
"4033",24,2390,1,2395,11,10,5,2,10.9,11.1,19.389425,19.234825
"4034",24,2390,1,2395,1,10,5,2,5.5,10,3.4225,8.23637499999999
"4035",24,2390,1,2395,12,10,5,2,11.3,10,17.65338,18.400295
"4036",24,2390,1,2395,17,10,5,2,12,10,18.106,19.652
"4037",24,2390,1,2395,2,10,5,2,17.8,24,55.25168,15.65662
"4038",24,2390,1,2395,14,10,5,2,10.2,10,16.39168,16.44422
"4039",24,2390,1,2395,27,10,5,2,17,17,34.1605,34.1605
"4040",24,2390,1,2395,25,10,5,2,15,15,30.0725,30.0725
"4041",24,2390,1,2395,13,10,5,2,10.8,10.1,17.353535,17.67634
"4042",24,2390,1,2395,22,10,5,2,13,12,22.832,24.4555
"4043",24,2390,1,2395,16,10,5,2,11,10,17.376,17.8655
"4044",24,2390,1,2395,15,10,5,2,10,10,16.09,16.09
"4045",24,2390,1,2395,19,10,5,2,12,10,18.106,19.652
"4046",24,2390,1,2395,18,10,5,2,12,10.1,18.316055,19.83862
"4047",24,2390,1,2395,23,10,5,2,13,13,25.1245,25.1245
"4048",24,2390,1,2395,21,10,5,2,12,13,24.4555,22.832
"4049",24,2390,1,2395,24,10,5,2,14,14,27.706,27.706
"4050",24,2390,1,2395,20,10,5,2,12,12,22.328,22.328
"4051",24,2391,1,2395,11,9,5,1,11.1,10.9,19.234825,19.389425
"4052",24,2391,1,2395,12,9,5,1,10,11.3,18.400295,17.65338
"4053",24,2391,1,2395,7,9,5,1,12,10,18.106,19.652
"4054",24,2391,1,2395,8,9,5,1,10,11.8,19.29382,18.00448
"4055",24,2391,1,2395,4,9,5,1,10,17.1,28.934255,13.18042
"4056",24,2391,1,2395,30,9,5,1,12,10,18.106,19.652
"4057",24,2391,1,2395,6,9,5,1,10,14,23.258,17.898
"4058",24,2391,1,2395,14,9,5,1,10,10.2,16.44422,16.39168
"4059",24,2391,1,2395,10,9,5,1,11,11.9,21.072355,20.14702
"4060",24,2391,1,2395,13,9,5,1,10.1,10.8,17.67634,17.353535
"4061",24,2391,1,2395,5,9,5,1,10,15.5,25.991375,16.2825
"4062",24,2391,1,2395,29,9,5,1,15,19,40.7605,24.0605
"4063",24,2391,1,2395,9,9,5,1,10,12,19.652,18.106
"4064",24,2391,1,2395,15,9,5,1,10,10,16.09,16.09
"4065",24,2391,1,2395,28,9,5,1,18,18,35.882,35.882
"4066",24,2391,1,2395,27,9,5,1,17,17,34.1605,34.1605
"4067",24,2391,1,2395,3,9,5,1,3,21.6,-0.605920000000001,-28.69378
"4068",24,2391,1,2395,19,9,5,1,10,12,19.652,18.106
"4069",24,2391,1,2395,22,9,5,1,12,13,24.4555,22.832
"4070",24,2391,1,2395,16,9,5,1,10,11,17.8655,17.376
"4071",24,2391,1,2395,2,9,5,1,24,17.8,15.65662,55.25168
"4072",24,2391,1,2395,26,9,5,1,16,16,32.224,32.224
"4073",24,2391,1,2395,18,9,5,1,10.1,12,19.83862,18.316055
"4074",24,2391,1,2395,23,9,5,1,13,13,25.1245,25.1245
"4075",24,2391,1,2395,25,9,5,1,15,15,30.0725,30.0725
"4076",24,2391,1,2395,17,9,5,1,10,12,19.652,18.106
"4077",24,2391,1,2395,1,9,5,1,10,5.5,8.23637499999999,3.4225
"4078",24,2391,1,2395,20,9,5,1,12,12,22.328,22.328
"4079",24,2391,1,2395,21,9,5,1,13,12,22.832,24.4555
"4080",24,2391,1,2395,24,9,5,1,14,14,27.706,27.706
"4081",24,2392,1,2396,11,8,4,2,18,18,35.882,35.882
"4082",24,2392,1,2396,10,8,4,2,18,27,64.9295,-0.71200000000006
"4083",24,2392,1,2396,6,8,4,2,12,18,35.258,17.012
"4084",24,2392,1,2396,9,8,4,2,15,20,43.46,21.1675
"4085",24,2392,1,2396,12,8,4,2,18,17,32.7095,37.168
"4086",24,2392,1,2396,13,8,4,2,17,16,31.164,35.0555
"4087",24,2392,1,2396,8,8,4,2,16,14,26.594,32.676
"4088",24,2392,1,2396,4,8,4,2,26,28,51.108,31.418
"4089",24,2392,1,2396,5,8,4,2,28,12,-36.328,57.688
"4090",24,2392,1,2396,30,8,4,2,14,16,32.676,26.594
"4091",24,2392,1,2396,14,8,4,2,18,14,23.258,37.69
"4092",24,2392,1,2396,7,8,4,2,12,14,26.594,22.78
"4093",24,2392,1,2396,28,8,4,2,14,14,27.706,27.706
"4094",24,2392,1,2396,29,8,4,2,14,16,32.676,26.594
"4095",24,2392,1,2396,3,8,4,2,16,24,55.184,8.17599999999996
"4096",24,2392,1,2396,26,8,4,2,12,14,26.594,22.78
"4097",24,2392,1,2396,15,8,4,2,14,16,32.676,26.594
"4098",24,2392,1,2396,27,8,4,2,13,14,27.428,25.2375
"4099",24,2392,1,2396,2,8,4,2,26,20,14.596,60.058
"4100",24,2392,1,2396,1,8,4,2,28,18,-7.55799999999998,68.212
"4101",24,2392,1,2396,22,8,4,2,12,16,30.904,21.008
"4102",24,2392,1,2396,23,8,4,2,14,11,20.3335,25.204
"4103",24,2392,1,2396,16,8,4,2,15,15,30.0725,30.0725
"4104",24,2392,1,2396,21,8,4,2,15,16,32.728,29.4035
"4105",24,2392,1,2396,17,8,4,2,14,13,25.2375,27.428
"4106",24,2392,1,2396,19,8,4,2,13,13,25.1245,25.1245
"4107",24,2392,1,2396,24,8,4,2,14,12,22.78,26.594
"4108",24,2392,1,2396,25,8,4,2,16,13,23.7955,32.068
"4109",24,2392,1,2396,20,8,4,2,14,14,27.706,27.706
"4110",24,2392,1,2396,18,8,4,2,12,12,22.328,22.328
"4111",24,2393,1,2396,13,7,4,1,16,17,35.0555,31.164
"4112",24,2393,1,2396,11,7,4,1,18,18,35.882,35.882
"4113",24,2393,1,2396,6,7,4,1,18,12,17.012,35.258
"4114",24,2393,1,2396,7,7,4,1,14,12,22.78,26.594
"4115",24,2393,1,2396,12,7,4,1,17,18,37.168,32.7095
"4116",24,2393,1,2396,14,7,4,1,14,18,37.69,23.258
"4117",24,2393,1,2396,10,7,4,1,27,18,-0.71200000000006,64.9295
"4118",24,2393,1,2396,15,7,4,1,16,14,26.594,32.676
"4119",24,2393,1,2396,8,7,4,1,14,16,32.676,26.594
"4120",24,2393,1,2396,9,7,4,1,20,15,21.1675,43.46
"4121",24,2393,1,2396,30,7,4,1,16,14,26.594,32.676
"4122",24,2393,1,2396,29,7,4,1,16,14,26.594,32.676
"4123",24,2393,1,2396,4,7,4,1,28,26,31.418,51.108
"4124",24,2393,1,2396,16,7,4,1,15,15,30.0725,30.0725
"4125",24,2393,1,2396,5,7,4,1,12,28,57.688,-36.328
"4126",24,2393,1,2396,28,7,4,1,14,14,27.706,27.706
"4127",24,2393,1,2396,2,7,4,1,20,26,60.058,14.596
"4128",24,2393,1,2396,3,7,4,1,24,16,8.17599999999996,55.184
"4129",24,2393,1,2396,24,7,4,1,12,14,26.594,22.78
"4130",24,2393,1,2396,17,7,4,1,13,14,27.428,25.2375
"4131",24,2393,1,2396,1,7,4,1,18,28,68.212,-7.55799999999998
"4132",24,2393,1,2396,26,7,4,1,14,12,22.78,26.594
"4133",24,2393,1,2396,27,7,4,1,14,13,25.2375,27.428
"4134",24,2393,1,2396,23,7,4,1,11,14,25.204,20.3335
"4135",24,2393,1,2396,18,7,4,1,12,12,22.328,22.328
"4136",24,2393,1,2396,19,7,4,1,13,13,25.1245,25.1245
"4137",24,2393,1,2396,22,7,4,1,16,12,21.008,30.904
"4138",24,2393,1,2396,25,7,4,1,13,16,32.068,23.7955
"4139",24,2393,1,2396,21,7,4,1,16,15,29.4035,32.728
"4140",24,2393,1,2396,20,7,4,1,14,14,27.706,27.706
"4141",24,2394,1,2397,7,6,3,2,13.9,13,25.25122,27.197155
"4142",24,2394,1,2397,10,6,3,2,28,17.9,-8.04074499999999,68.2006200000001
"4143",24,2394,1,2397,11,6,3,2,18,15,26.3975,38.072
"4144",24,2394,1,2397,30,6,3,2,14.9,14.2,28.00554,29.955635
"4145",24,2394,1,2397,14,6,3,2,14.9,15,30.10882,29.807555
"4146",24,2394,1,2397,6,6,3,2,13.7,18,37.46698,22.318295
"4147",24,2394,1,2397,8,6,3,2,19.7,18.9,35.536885,39.920165
"4148",24,2394,1,2397,13,6,3,2,28,14.9,-22.471945,65.27382
"4149",24,2394,1,2397,5,6,3,2,20.7,18,29.63258,44.502695
"4150",24,2394,1,2397,29,6,3,2,14.9,14.9,29.845525,29.845525
"4151",24,2394,1,2397,15,6,3,2,14.9,14.9,29.845525,29.845525
"4152",24,2394,1,2397,9,6,3,2,18,19.9,41.940055,31.90682
"4153",24,2394,1,2397,12,6,3,2,14.9,28,65.27382,-22.471945
"4154",24,2394,1,2397,28,6,3,2,18,14.9,26.083055,38.05882
"4155",24,2394,1,2397,4,6,3,2,6.9,18.9,20.206325,-1.99727500000002
"4156",24,2394,1,2397,3,6,3,2,18.9,28,68.06422,-3.20834499999999
"4157",24,2394,1,2397,16,6,3,2,17,14.9,27.880555,35.39782
"4158",24,2394,1,2397,22,6,3,2,18,14.9,26.083055,38.05882
"4159",24,2394,1,2397,2,6,3,2,15.9,15,29.49542,32.461955
"4160",24,2394,1,2397,26,6,3,2,14.5,14.9,29.941805,28.793445
"4161",24,2394,1,2397,18,6,3,2,18.7,14.9,24.493985,39.928065
"4162",24,2394,1,2397,21,6,3,2,14.9,14.9,29.845525,29.845525
"4163",24,2394,1,2397,17,6,3,2,15.6,10,16.13032,26.17448
"4164",24,2394,1,2397,25,6,3,2,14.3,14.9,29.956585,28.268065
"4165",24,2394,1,2397,1,6,3,2,18,28,68.212,-7.55799999999998
"4166",24,2394,1,2397,27,6,3,2,14.5,14.3,28.403945,28.944105
"4167",24,2394,1,2397,23,6,3,2,25,14.9,-2.06744499999995,56.99382
"4168",24,2394,1,2397,24,6,3,2,14.9,14.9,29.845525,29.845525
"4169",24,2394,1,2397,19,6,3,2,18.7,21.9,47.579285,28.231765
"4170",24,2394,1,2397,20,6,3,2,18.7,14.9,24.493985,39.928065
"4171",24,2395,1,2397,11,5,3,1,15,18,38.072,26.3975
"4172",24,2395,1,2397,7,5,3,1,13,13.9,27.197155,25.25122
"4173",24,2395,1,2397,10,5,3,1,17.9,28,68.2006200000001,-8.04074499999999
"4174",24,2395,1,2397,8,5,3,1,18.9,19.7,39.920165,35.536885
"4175",24,2395,1,2397,13,5,3,1,14.9,28,65.27382,-22.471945
"4176",24,2395,1,2397,12,5,3,1,28,14.9,-22.471945,65.27382
"4177",24,2395,1,2397,16,5,3,1,14.9,17,35.39782,27.880555
"4178",24,2395,1,2397,15,5,3,1,14.9,14.9,29.845525,29.845525
"4179",24,2395,1,2397,9,5,3,1,19.9,18,31.90682,41.940055
"4180",24,2395,1,2397,18,5,3,1,14.9,18.7,39.928065,24.493985
"4181",24,2395,1,2397,6,5,3,1,18,13.7,22.318295,37.46698
"4182",24,2395,1,2397,4,5,3,1,18.9,6.9,-1.99727500000002,20.206325
"4183",24,2395,1,2397,17,5,3,1,10,15.6,26.17448,16.13032
"4184",24,2395,1,2397,29,5,3,1,14.9,14.9,29.845525,29.845525
"4185",24,2395,1,2397,14,5,3,1,15,14.9,29.807555,30.10882
"4186",24,2395,1,2397,19,5,3,1,21.9,18.7,28.231765,47.579285
"4187",24,2395,1,2397,30,5,3,1,14.2,14.9,29.955635,28.00554
"4188",24,2395,1,2397,20,5,3,1,14.9,18.7,39.928065,24.493985
"4189",24,2395,1,2397,26,5,3,1,14.9,14.5,28.793445,29.941805
"4190",24,2395,1,2397,5,5,3,1,18,20.7,44.502695,29.63258
"4191",24,2395,1,2397,28,5,3,1,14.9,18,38.05882,26.083055
"4192",24,2395,1,2397,3,5,3,1,28,18.9,-3.20834499999999,68.06422
"4193",24,2395,1,2397,27,5,3,1,14.3,14.5,28.944105,28.403945
"4194",24,2395,1,2397,21,5,3,1,14.9,14.9,29.845525,29.845525
"4195",24,2395,1,2397,2,5,3,1,15,15.9,32.461955,29.49542
"4196",24,2395,1,2397,1,5,3,1,28,18,-7.55799999999998,68.212
"4197",24,2395,1,2397,23,5,3,1,14.9,25,56.99382,-2.06744499999995
"4198",24,2395,1,2397,25,5,3,1,14.9,14.3,28.268065,29.956585
"4199",24,2395,1,2397,24,5,3,1,14.9,14.9,29.845525,29.845525
"4200",24,2395,1,2397,22,5,3,1,14.9,18,38.05882,26.083055
"4201",24,2396,1,2398,12,4,2,2,14,16,32.676,26.594
"4202",24,2396,1,2398,20,4,2,2,18,20,42.26,31.642
"4203",24,2396,1,2398,11,4,2,2,14,12,22.78,26.594
"4204",24,2396,1,2398,8,4,2,2,16,26,61.034,-3.39600000000004
"4205",24,2396,1,2398,10,4,2,2,28,14,-26.782,63.42
"4206",24,2396,1,2398,19,4,2,2,20,16,24.648,43.616
"4207",24,2396,1,2398,16,4,2,2,13,16,32.068,23.7955
"4208",24,2396,1,2398,9,4,2,2,14,20,42.748,17.698
"4209",24,2396,1,2398,13,4,2,2,15,22,48.892,13.7134999999999
"4210",24,2396,1,2398,7,4,2,2,24,18,16.49,55.148
"4211",24,2396,1,2398,6,4,2,2,12,24,48.584,-8.32000000000004
"4212",24,2396,1,2398,17,4,2,2,10,16,26.908,15.466
"4213",24,2396,1,2398,21,4,2,2,20,26,60.058,14.596
"4214",24,2396,1,2398,14,4,2,2,22,4,-27.4760000000001,6.85
"4215",24,2396,1,2398,22,4,2,2,20,20,38.68,38.68
"4216",24,2396,1,2398,15,4,2,2,8,10,11.85,12.572
"4217",24,2396,1,2398,23,4,2,2,20,14,17.698,42.748
"4218",24,2396,1,2398,30,4,2,2,22,18,25.1779999999999,48.682
"4219",24,2396,1,2398,5,4,2,2,24.6,12,-11.95408,49.93838
"4220",24,2396,1,2398,4,4,2,2,22,16,17.5239999999999,49.378
"4221",24,2396,1,2398,3,4,2,2,10,10,16.09,16.09
"4222",24,2396,1,2398,18,4,2,2,26,24,32.764,50.186
"4223",24,2396,1,2398,28,4,2,2,20,16,24.648,43.616
"4224",24,2396,1,2398,29,4,2,2,16,26,61.034,-3.39600000000004
"4225",24,2396,1,2398,2,4,2,2,28,28,41.272,41.272
"4226",24,2396,1,2398,26,4,2,2,14,22,47.85,9.91399999999992
"4227",24,2396,1,2398,24,4,2,2,28,16,-17.192,66.928
"4228",24,2396,1,2398,27,4,2,2,16,24,55.184,8.17599999999996
"4229",24,2396,1,2398,25,4,2,2,10,16,26.908,15.466
"4230",24,2396,1,2398,1,4,2,2,0.4,2,-25.68088,-18.02712
"4231",24,2397,1,2398,13,3,2,1,22,15,13.7134999999999,48.892
"4232",24,2397,1,2398,11,3,2,1,12,14,26.594,22.78
"4233",24,2397,1,2398,20,3,2,1,20,18,31.642,42.26
"4234",24,2397,1,2398,7,3,2,1,18,24,55.148,16.49
"4235",24,2397,1,2398,10,3,2,1,14,28,63.42,-26.782
"4236",24,2397,1,2398,9,3,2,1,20,14,17.698,42.748
"4237",24,2397,1,2398,12,3,2,1,16,14,26.594,32.676
"4238",24,2397,1,2398,14,3,2,1,4,22,6.85,-27.4760000000001
"4239",24,2397,1,2398,16,3,2,1,16,13,23.7955,32.068
"4240",24,2397,1,2398,19,3,2,1,16,20,43.616,24.648
"4241",24,2397,1,2398,18,3,2,1,24,26,50.186,32.764
"4242",24,2397,1,2398,21,3,2,1,26,20,14.596,60.058
"4243",24,2397,1,2398,6,3,2,1,24,12,-8.32000000000004,48.584
"4244",24,2397,1,2398,8,3,2,1,26,16,-3.39600000000004,61.034
"4245",24,2397,1,2398,17,3,2,1,16,10,15.466,26.908
"4246",24,2397,1,2398,28,3,2,1,16,20,43.616,24.648
"4247",24,2397,1,2398,5,3,2,1,12,24.6,49.93838,-11.95408
"4248",24,2397,1,2398,15,3,2,1,10,8,12.572,11.85
"4249",24,2397,1,2398,27,3,2,1,24,16,8.17599999999996,55.184
"4250",24,2397,1,2398,23,3,2,1,14,20,42.748,17.698
"4251",24,2397,1,2398,1,3,2,1,2,0.4,-18.02712,-25.68088
"4252",24,2397,1,2398,22,3,2,1,20,20,38.68,38.68
"4253",24,2397,1,2398,4,3,2,1,16,22,49.378,17.5239999999999
"4254",24,2397,1,2398,26,3,2,1,22,14,9.91399999999992,47.85
"4255",24,2397,1,2398,30,3,2,1,18,22,48.682,25.1779999999999
"4256",24,2397,1,2398,3,3,2,1,10,10,16.09,16.09
"4257",24,2397,1,2398,25,3,2,1,16,10,15.466,26.908
"4258",24,2397,1,2398,29,3,2,1,26,16,-3.39600000000004,61.034
"4259",24,2397,1,2398,2,3,2,1,28,28,41.272,41.272
"4260",24,2397,1,2398,24,3,2,1,16,28,66.928,-17.192
"4261",24,2398,1,2399,22,2,1,2,6.7,13,11.62738,10.865395
"4262",24,2398,1,2399,6,2,1,2,14,17,35.1775,25.204
"4263",24,2398,1,2399,10,2,1,2,14,14,27.706,27.706
"4264",24,2398,1,2399,13,2,1,2,6,13.9,9.798655,8.39522000000001
"4265",24,2398,1,2399,5,2,1,2,28,16,-17.192,66.928
"4266",24,2398,1,2399,14,2,1,2,14,10,17.898,23.258
"4267",24,2398,1,2399,15,2,1,2,6.7,16,15.45238,6.41789500000001
"4268",24,2398,1,2399,11,2,1,2,10,22,38.122,-5.17400000000008
"4269",24,2398,1,2399,12,2,1,2,8,18,23.722,4.65200000000004
"4270",24,2398,1,2399,21,2,1,2,9.5,18,29.0905,9.26637500000004
"4271",24,2398,1,2399,23,2,1,2,6.4,11,8.03822,10.48128
"4272",24,2398,1,2399,19,2,1,2,12.5,17.8,35.62062,19.052555
"4273",24,2398,1,2399,20,2,1,2,10.7,15,26.61358,18.779195
"4274",24,2398,1,2399,28,2,1,2,9,12,17.48,16.0115
"4275",24,2398,1,2399,30,2,1,2,3,12,-7.228,3.6755
"4276",24,2398,1,2399,7,2,1,2,6,21.5,18.878375,-17.2715
"4277",24,2398,1,2399,8,2,1,2,10,13.9,23.076655,17.96122
"4278",24,2398,1,2399,9,2,1,2,26,8.9,-34.898345,40.85722
"4279",24,2398,1,2399,18,2,1,2,4,13.8,-0.258579999999997,3.83487999999999
"4280",24,2398,1,2399,29,2,1,2,7,14,14.084,10.6575
"4281",24,2398,1,2399,16,2,1,2,8.9,12,17.23222,15.802655
"4282",24,2398,1,2399,17,2,1,2,18.5,12,15.6655,36.353375
"4283",24,2398,1,2399,26,2,1,2,8.9,12,17.23222,15.802655
"4284",24,2398,1,2399,1,2,1,2,4,11.5,-2.119625,5.9035
"4285",24,2398,1,2399,24,2,1,2,11.5,12.4,22.68418,21.503695
"4286",24,2398,1,2399,27,2,1,2,14.2,12,22.70288,27.02302
"4287",24,2398,1,2399,25,2,1,2,11,12,21.268,20.2115
"4288",24,2398,1,2399,4,2,1,2,28,18,-7.55799999999998,68.212
"4289",24,2398,1,2399,3,2,1,2,20,18,31.642,42.26
"4290",24,2398,1,2399,2,2,1,2,18,14.6,25.14038,37.98592
"4291",24,2399,1,2399,1,1,1,1,11.5,4,5.9035,-2.119625
"4292",24,2399,1,2399,27,1,1,1,12,14.2,27.02302,22.70288
"4293",24,2399,1,2399,4,1,1,1,18,28,68.212,-7.55799999999998
"4294",24,2399,1,2399,30,1,1,1,12,3,3.6755,-7.228
"4295",24,2399,1,2399,7,1,1,1,21.5,6,-17.2715,18.878375
"4296",24,2399,1,2399,10,1,1,1,14,14,27.706,27.706
"4297",24,2399,1,2399,11,1,1,1,22,10,-5.17400000000008,38.122
"4298",24,2399,1,2399,13,1,1,1,13.9,6,8.39522000000001,9.798655
"4299",24,2399,1,2399,14,1,1,1,10,14,23.258,17.898
"4300",24,2399,1,2399,16,1,1,1,12,8.9,15.802655,17.23222
"4301",24,2399,1,2399,19,1,1,1,17.8,12.5,19.052555,35.62062
"4302",24,2399,1,2399,20,1,1,1,15,10.7,18.779195,26.61358
"4303",24,2399,1,2399,22,1,1,1,13,6.7,10.865395,11.62738
"4304",24,2399,1,2399,23,1,1,1,11,6.4,10.48128,8.03822
"4305",24,2399,1,2399,2,1,1,1,14.6,18,37.98592,25.14038
"4306",24,2399,1,2399,28,1,1,1,12,9,16.0115,17.48
"4307",24,2399,1,2399,5,1,1,1,16,28,66.928,-17.192
"4308",24,2399,1,2399,6,1,1,1,17,14,25.204,35.1775
"4309",24,2399,1,2399,8,1,1,1,13.9,10,17.96122,23.076655
"4310",24,2399,1,2399,9,1,1,1,8.9,26,40.85722,-34.898345
"4311",24,2399,1,2399,12,1,1,1,18,8,4.65200000000004,23.722
"4312",24,2399,1,2399,21,1,1,1,18,9.5,9.26637500000004,29.0905
"4313",24,2399,1,2399,15,1,1,1,16,6.7,6.41789500000001,15.45238
"4314",24,2399,1,2399,17,1,1,1,12,18.5,36.353375,15.6655
"4315",24,2399,1,2399,18,1,1,1,13.8,4,3.83487999999999,-0.258579999999997
"4316",24,2399,1,2399,29,1,1,1,14,7,10.6575,14.084
"4317",24,2399,1,2399,26,1,1,1,12,8.9,15.802655,17.23222
"4318",24,2399,1,2399,24,1,1,1,12.4,11.5,21.503695,22.68418
"4319",24,2399,1,2399,3,1,1,1,18,20,42.26,31.642
"4320",24,2399,1,2399,25,1,1,1,12,11,20.2115,21.268
"4321",25,2484,1,2492,8,16,8,2,17,15,28.1785,35.3945
"4322",25,2484,1,2492,23,16,8,2,12,10,18.106,19.652
"4323",25,2484,1,2492,15,16,8,2,18,19,39.0655,34.04
"4324",25,2484,1,2492,1,16,8,2,10,22,38.122,-5.17400000000008
"4325",25,2484,1,2492,10,16,8,2,17,17,34.1605,34.1605
"4326",25,2484,1,2492,9,16,8,2,17,17,34.1605,34.1605
"4327",25,2484,1,2492,5,16,8,2,10.6,17,30.28082,15.17298
"4328",25,2484,1,2492,24,16,8,2,16,10,15.466,26.908
"4329",25,2484,1,2492,17,16,8,2,19,21,44.1185,32.3665
"4330",25,2484,1,2492,16,16,8,2,20,19,35.1555,40.748
"4331",25,2484,1,2492,28,16,8,2,12,10,18.106,19.652
"4332",25,2484,1,2492,2,16,8,2,12,15,28.7435,22.172
"4333",25,2484,1,2492,13,16,8,2,19,14,20.756,40.2135
"4334",25,2484,1,2492,6,16,8,2,18.6,15,25.06202,39.68378
"4335",25,2484,1,2492,3,16,8,2,20,12,10.792,39.656
"4336",25,2484,1,2492,25,16,8,2,12,13,24.4555,22.832
"4337",25,2484,1,2492,20,16,8,2,18,21,45.4655,28.688
"4338",25,2484,1,2492,4,16,8,2,8,17,22.1995,7.58799999999998
"4339",25,2484,1,2492,26,16,8,2,14,10,17.898,23.258
"4340",25,2484,1,2492,21,16,8,2,16,19,40.7515,27.376
"4341",25,2484,1,2492,11,16,8,2,17,19,40.1865,30.7025
"4342",25,2484,1,2492,27,16,8,2,10,10,16.09,16.09
"4343",25,2484,1,2492,22,16,8,2,16.5,10,14.5105,27.827375
"4344",25,2484,1,2492,12,16,8,2,14,19,40.2135,20.756
"4345",25,2484,1,2492,18,16,8,2,21,21,39.7565,39.7565
"4346",25,2484,1,2492,7,16,8,2,14.1,17,35.22422,25.500955
"4347",25,2484,1,2492,29,16,8,2,12,10,18.106,19.652
"4348",25,2484,1,2492,19,16,8,2,17,21,46.2565,25.0205
"4349",25,2484,1,2492,14,16,8,2,14,19,40.2135,20.756
"4350",25,2484,1,2492,30,16,8,2,12,10,18.106,19.652
"4351",25,2485,1,2492,11,15,8,1,19,17,30.7025,40.1865
"4352",25,2485,1,2492,10,15,8,1,17,17,34.1605,34.1605
"4353",25,2485,1,2492,18,15,8,1,21,21,39.7565,39.7565
"4354",25,2485,1,2492,23,15,8,1,10,12,19.652,18.106
"4355",25,2485,1,2492,8,15,8,1,15,17,35.3945,28.1785
"4356",25,2485,1,2492,19,15,8,1,21,17,25.0205,46.2565
"4357",25,2485,1,2492,12,15,8,1,19,14,20.756,40.2135
"4358",25,2485,1,2492,9,15,8,1,17,17,34.1605,34.1605
"4359",25,2485,1,2492,21,15,8,1,19,16,27.376,40.7515
"4360",25,2485,1,2492,20,15,8,1,21,18,28.688,45.4655
"4361",25,2485,1,2492,24,15,8,1,10,16,26.908,15.466
"4362",25,2485,1,2492,1,15,8,1,22,10,-5.17400000000008,38.122
"4363",25,2485,1,2492,6,15,8,1,15,18.6,39.68378,25.06202
"4364",25,2485,1,2492,28,15,8,1,10,12,19.652,18.106
"4365",25,2485,1,2492,13,15,8,1,14,19,40.2135,20.756
"4366",25,2485,1,2492,7,15,8,1,17,14.1,25.500955,35.22422
"4367",25,2485,1,2492,29,15,8,1,10,12,19.652,18.106
"4368",25,2485,1,2492,15,15,8,1,19,18,34.04,39.0655
"4369",25,2485,1,2492,25,15,8,1,13,12,22.832,24.4555
"4370",25,2485,1,2492,30,15,8,1,10,12,19.652,18.106
"4371",25,2485,1,2492,16,15,8,1,19,20,40.748,35.1555
"4372",25,2485,1,2492,26,15,8,1,10,14,23.258,17.898
"4373",25,2485,1,2492,5,15,8,1,17,10.6,15.17298,30.28082
"4374",25,2485,1,2492,17,15,8,1,21,19,32.3665,44.1185
"4375",25,2485,1,2492,22,15,8,1,10,16.5,27.827375,14.5105
"4376",25,2485,1,2492,4,15,8,1,17,8,7.58799999999998,22.1995
"4377",25,2485,1,2492,14,15,8,1,19,14,20.756,40.2135
"4378",25,2485,1,2492,2,15,8,1,15,12,22.172,28.7435
"4379",25,2485,1,2492,27,15,8,1,10,10,16.09,16.09
"4380",25,2485,1,2492,3,15,8,1,12,20,39.656,10.792
"4381",25,2486,1,2493,9,14,7,2,16,15,29.4035,32.728
"4382",25,2486,1,2493,10,14,7,2,17,15.5,29.669875,35.2945
"4383",25,2486,1,2493,11,14,7,2,15.5,16,32.5455,30.812375
"4384",25,2486,1,2493,13,14,7,2,17,17,34.1605,34.1605
"4385",25,2486,1,2493,2,14,7,2,16,15,29.4035,32.728
"4386",25,2486,1,2493,14,14,7,2,18,18,35.882,35.882
"4387",25,2486,1,2493,3,14,7,2,15.5,16,32.5455,30.812375
"4388",25,2486,1,2493,18,14,7,2,22,22,40.6179999999999,40.6179999999999
"4389",25,2486,1,2493,4,14,7,2,14,16,32.676,26.594
"4390",25,2486,1,2493,30,14,7,2,14,15,30.1855,27.428
"4391",25,2486,1,2493,29,14,7,2,13.5,15,30.0335,26.109875
"4392",25,2486,1,2493,28,14,7,2,14,15,30.1855,27.428
"4393",25,2486,1,2493,12,14,7,2,16,16,32.224,32.224
"4394",25,2486,1,2493,8,14,7,2,14,15,30.1855,27.428
"4395",25,2486,1,2493,6,14,7,2,15.5,14.7,28.988245,31.466405
"4396",25,2486,1,2493,5,14,7,2,14.7,14,27.56978,29.440495
"4397",25,2486,1,2493,15,14,7,2,19,19,37.3885,37.3885
"4398",25,2486,1,2493,7,14,7,2,14.5,15.5,31.483625,28.442625
"4399",25,2486,1,2493,19,14,7,2,23,23,41.2645,41.2645
"4400",25,2486,1,2493,23,14,7,2,25,25,41.9125,41.9125
"4401",25,2486,1,2493,21,14,7,2,25,25,41.9125,41.9125
"4402",25,2486,1,2493,20,14,7,2,24,24,41.696,41.696
"4403",25,2486,1,2493,1,14,7,2,14,18,37.69,23.258
"4404",25,2486,1,2493,22,14,7,2,25,26,46.328,37.3335
"4405",25,2486,1,2493,16,14,7,2,20,20,38.68,38.68
"4406",25,2486,1,2493,26,14,7,2,14,14.5,28.944375,27.6365
"4407",25,2486,1,2493,25,14,7,2,14,14,27.706,27.706
"4408",25,2486,1,2493,24,14,7,2,25,16,2.66800000000005,58.1035
"4409",25,2486,1,2493,27,14,7,2,14.5,14,27.6365,28.944375
"4410",25,2486,1,2493,17,14,7,2,21,21,39.7565,39.7565
"4411",25,2487,1,2493,10,13,7,1,15.5,17,35.2945,29.669875
"4412",25,2487,1,2493,1,13,7,1,18,14,23.258,37.69
"4413",25,2487,1,2493,9,13,7,1,15,16,32.728,29.4035
"4414",25,2487,1,2493,13,13,7,1,17,17,34.1605,34.1605
"4415",25,2487,1,2493,7,13,7,1,15.5,14.5,28.442625,31.483625
"4416",25,2487,1,2493,18,13,7,1,22,22,40.6179999999999,40.6179999999999
"4417",25,2487,1,2493,14,13,7,1,18,18,35.882,35.882
"4418",25,2487,1,2493,8,13,7,1,15,14,27.428,30.1855
"4419",25,2487,1,2493,19,13,7,1,23,23,41.2645,41.2645
"4420",25,2487,1,2493,4,13,7,1,16,14,26.594,32.676
"4421",25,2487,1,2493,3,13,7,1,16,15.5,30.812375,32.5455
"4422",25,2487,1,2493,5,13,7,1,14,14.7,29.440495,27.56978
"4423",25,2487,1,2493,11,13,7,1,16,15.5,30.812375,32.5455
"4424",25,2487,1,2493,16,13,7,1,20,20,38.68,38.68
"4425",25,2487,1,2493,15,13,7,1,19,19,37.3885,37.3885
"4426",25,2487,1,2493,28,13,7,1,15,14,27.428,30.1855
"4427",25,2487,1,2493,2,13,7,1,15,16,32.728,29.4035
"4428",25,2487,1,2493,22,13,7,1,26,25,37.3335,46.328
"4429",25,2487,1,2493,23,13,7,1,25,25,41.9125,41.9125
"4430",25,2487,1,2493,6,13,7,1,14.7,15.5,31.466405,28.988245
"4431",25,2487,1,2493,20,13,7,1,24,24,41.696,41.696
"4432",25,2487,1,2493,24,13,7,1,16,25,58.1035,2.66800000000005
"4433",25,2487,1,2493,29,13,7,1,15,13.5,26.109875,30.0335
"4434",25,2487,1,2493,12,13,7,1,16,16,32.224,32.224
"4435",25,2487,1,2493,30,13,7,1,15,14,27.428,30.1855
"4436",25,2487,1,2493,27,13,7,1,14,14.5,28.944375,27.6365
"4437",25,2487,1,2493,21,13,7,1,25,25,41.9125,41.9125
"4438",25,2487,1,2493,17,13,7,1,21,21,39.7565,39.7565
"4439",25,2487,1,2493,25,13,7,1,14,14,27.706,27.706
"4440",25,2487,1,2493,26,13,7,1,14.5,14,27.6365,28.944375
"4441",25,2488,1,2494,4,12,6,2,25.5,26.1,44.6409050000001,39.142145
"4442",25,2488,1,2494,3,12,6,2,25.5,21.6,24.4815800000001,55.248095
"4443",25,2488,1,2494,13,12,6,2,21,25.5,56.544875,21.8105000000001
"4444",25,2488,1,2494,18,12,6,2,25.5,25.5,41.940125,41.940125
"4445",25,2488,1,2494,5,12,6,2,25.5,22.5,28.4956250000001,52.927625
"4446",25,2488,1,2494,14,12,6,2,25.5,21,21.8105000000001,56.544875
"4447",25,2488,1,2494,1,12,6,2,25.7,28,52.39158,29.943695
"4448",25,2488,1,2494,29,12,6,2,4.5,25.5,13.768625,-50.092375
"4449",25,2488,1,2494,23,12,6,2,25.5,25.5,41.940125,41.940125
"4450",25,2488,1,2494,9,12,6,2,16,19.9,43.329055,24.94582
"4451",25,2488,1,2494,8,12,6,2,23,18.6,23.51578,51.36602
"4452",25,2488,1,2494,19,12,6,2,25.5,25.5,41.940125,41.940125
"4453",25,2488,1,2494,10,12,6,2,25.5,18.2,9.39782000000005,59.949955
"4454",25,2488,1,2494,15,12,6,2,25.5,25.5,41.940125,41.940125
"4455",25,2488,1,2494,30,12,6,2,17,25.5,60.074875,4.10450000000004
"4456",25,2488,1,2494,11,12,6,2,25.5,22.1,26.7105050000001,54.014545
"4457",25,2488,1,2494,6,12,6,2,18,27.9,67.883255,-6.84838000000001
"4458",25,2488,1,2494,21,12,6,2,25.5,16,-0.294499999999942,59.567375
"4459",25,2488,1,2494,2,12,6,2,25.5,26.8,47.7968200000001,35.624855
"4460",25,2488,1,2494,24,12,6,2,25.5,25.5,41.940125,41.940125
"4461",25,2488,1,2494,22,12,6,2,25.5,25.5,41.940125,41.940125
"4462",25,2488,1,2494,26,12,6,2,25.5,25.5,41.940125,41.940125
"4463",25,2488,1,2494,25,12,6,2,25.5,25.5,41.940125,41.940125
"4464",25,2488,1,2494,20,12,6,2,25.5,25.5,41.940125,41.940125
"4465",25,2488,1,2494,27,12,6,2,25.5,16,-0.294499999999942,59.567375
"4466",25,2488,1,2494,16,12,6,2,25.5,25.5,41.940125,41.940125
"4467",25,2488,1,2494,12,12,6,2,25.5,21,21.8105000000001,56.544875
"4468",25,2488,1,2494,7,12,6,2,25.5,20.5,19.5876250000001,57.472625
"4469",25,2488,1,2494,17,12,6,2,25.5,25.5,41.940125,41.940125
"4470",25,2488,1,2494,28,12,6,2,25.5,25.5,41.940125,41.940125
"4471",25,2489,1,2494,18,11,6,1,25.5,25.5,41.940125,41.940125
"4472",25,2489,1,2494,3,11,6,1,21.6,25.5,55.248095,24.4815800000001
"4473",25,2489,1,2494,13,11,6,1,25.5,21,21.8105000000001,56.544875
"4474",25,2489,1,2494,23,11,6,1,25.5,25.5,41.940125,41.940125
"4475",25,2489,1,2494,8,11,6,1,18.6,23,51.36602,23.51578
"4476",25,2489,1,2494,19,11,6,1,25.5,25.5,41.940125,41.940125
"4477",25,2489,1,2494,6,11,6,1,27.9,18,-6.84838000000001,67.883255
"4478",25,2489,1,2494,9,11,6,1,19.9,16,24.94582,43.329055
"4479",25,2489,1,2494,4,11,6,1,26.1,25.5,39.142145,44.6409050000001
"4480",25,2489,1,2494,24,11,6,1,25.5,25.5,41.940125,41.940125
"4481",25,2489,1,2494,29,11,6,1,25.5,4.5,-50.092375,13.768625
"4482",25,2489,1,2494,10,11,6,1,18.2,25.5,59.949955,9.39782000000005
"4483",25,2489,1,2494,25,11,6,1,25.5,25.5,41.940125,41.940125
"4484",25,2489,1,2494,14,11,6,1,21,25.5,56.544875,21.8105000000001
"4485",25,2489,1,2494,1,11,6,1,28,25.7,29.943695,52.39158
"4486",25,2489,1,2494,16,11,6,1,25.5,25.5,41.940125,41.940125
"4487",25,2489,1,2494,5,11,6,1,22.5,25.5,52.927625,28.4956250000001
"4488",25,2489,1,2494,20,11,6,1,25.5,25.5,41.940125,41.940125
"4489",25,2489,1,2494,7,11,6,1,20.5,25.5,57.472625,19.5876250000001
"4490",25,2489,1,2494,22,11,6,1,25.5,25.5,41.940125,41.940125
"4491",25,2489,1,2494,28,11,6,1,25.5,25.5,41.940125,41.940125
"4492",25,2489,1,2494,2,11,6,1,26.8,25.5,35.624855,47.7968200000001
"4493",25,2489,1,2494,30,11,6,1,25.5,17,4.10450000000004,60.074875
"4494",25,2489,1,2494,11,11,6,1,22.1,25.5,54.014545,26.7105050000001
"4495",25,2489,1,2494,26,11,6,1,25.5,25.5,41.940125,41.940125
"4496",25,2489,1,2494,15,11,6,1,25.5,25.5,41.940125,41.940125
"4497",25,2489,1,2494,12,11,6,1,21,25.5,56.544875,21.8105000000001
"4498",25,2489,1,2494,17,11,6,1,25.5,25.5,41.940125,41.940125
"4499",25,2489,1,2494,27,11,6,1,16,25.5,59.567375,-0.294499999999942
"4500",25,2489,1,2494,21,11,6,1,16,25.5,59.567375,-0.294499999999942
"4501",25,2490,1,2495,26,10,5,2,16,17,35.0555,31.164
"4502",25,2490,1,2495,3,10,5,2,10,18,30.602,10.81
"4503",25,2490,1,2495,13,10,5,2,16,14,26.594,32.676
"4504",25,2490,1,2495,8,10,5,2,22,18,25.1779999999999,48.682
"4505",25,2490,1,2495,27,10,5,2,18,16,29.548,37.898
"4506",25,2490,1,2495,18,10,5,2,16,16,32.224,32.224
"4507",25,2490,1,2495,30,10,5,2,14.9,16,32.74782,29.122055
"4508",25,2490,1,2495,4,10,5,2,18,18,35.882,35.882
"4509",25,2490,1,2495,24,10,5,2,18,18,35.882,35.882
"4510",25,2490,1,2495,29,10,5,2,18,16,29.548,37.898
"4511",25,2490,1,2495,9,10,5,2,16,18,37.898,29.548
"4512",25,2490,1,2495,25,10,5,2,15,18,38.072,26.3975
"4513",25,2490,1,2495,7,10,5,2,16,20,43.616,24.648
"4514",25,2490,1,2495,22,10,5,2,18,18,35.882,35.882
"4515",25,2490,1,2495,10,10,5,2,16,15,29.4035,32.728
"4516",25,2490,1,2495,5,10,5,2,20,18,31.642,42.26
"4517",25,2490,1,2495,14,10,5,2,18,20,42.26,31.642
"4518",25,2490,1,2495,19,10,5,2,18,16,29.548,37.898
"4519",25,2490,1,2495,6,10,5,2,16,18,37.898,29.548
"4520",25,2490,1,2495,21,10,5,2,10,27,47.7695,-37.6640000000001
"4521",25,2490,1,2495,28,10,5,2,16,16,32.224,32.224
"4522",25,2490,1,2495,1,10,5,2,18,28,68.212,-7.55799999999998
"4523",25,2490,1,2495,11,10,5,2,16,19,40.7515,27.376
"4524",25,2490,1,2495,16,10,5,2,28,18,-7.55799999999998,68.212
"4525",25,2490,1,2495,2,10,5,2,12,18,35.258,17.012
"4526",25,2490,1,2495,23,10,5,2,16,16,32.224,32.224
"4527",25,2490,1,2495,17,10,5,2,18,18,35.882,35.882
"4528",25,2490,1,2495,15,10,5,2,13,20,41.48,14.2395
"4529",25,2490,1,2495,20,10,5,2,16,18,37.898,29.548
"4530",25,2490,1,2495,12,10,5,2,14,18,37.69,23.258
"4531",25,2491,1,2495,10,9,5,1,15,16,32.728,29.4035
"4532",25,2491,1,2495,29,9,5,1,16,18,37.898,29.548
"4533",25,2491,1,2495,14,9,5,1,20,18,31.642,42.26
"4534",25,2491,1,2495,3,9,5,1,18,10,10.81,30.602
"4535",25,2491,1,2495,19,9,5,1,16,18,37.898,29.548
"4536",25,2491,1,2495,9,9,5,1,18,16,29.548,37.898
"4537",25,2491,1,2495,30,9,5,1,16,14.9,29.122055,32.74782
"4538",25,2491,1,2495,11,9,5,1,19,16,27.376,40.7515
"4539",25,2491,1,2495,26,9,5,1,17,16,31.164,35.0555
"4540",25,2491,1,2495,15,9,5,1,20,13,14.2395,41.48
"4541",25,2491,1,2495,4,9,5,1,18,18,35.882,35.882
"4542",25,2491,1,2495,24,9,5,1,18,18,35.882,35.882
"4543",25,2491,1,2495,6,9,5,1,18,16,29.548,37.898
"4544",25,2491,1,2495,13,9,5,1,14,16,32.676,26.594
"4545",25,2491,1,2495,25,9,5,1,18,15,26.3975,38.072
"4546",25,2491,1,2495,8,9,5,1,18,22,48.682,25.1779999999999
"4547",25,2491,1,2495,27,9,5,1,16,18,37.898,29.548
"4548",25,2491,1,2495,16,9,5,1,18,28,68.212,-7.55799999999998
"4549",25,2491,1,2495,5,9,5,1,18,20,42.26,31.642
"4550",25,2491,1,2495,20,9,5,1,18,16,29.548,37.898
"4551",25,2491,1,2495,1,9,5,1,28,18,-7.55799999999998,68.212
"4552",25,2491,1,2495,22,9,5,1,18,18,35.882,35.882
"4553",25,2491,1,2495,23,9,5,1,16,16,32.224,32.224
"4554",25,2491,1,2495,12,9,5,1,18,14,23.258,37.69
"4555",25,2491,1,2495,7,9,5,1,20,16,24.648,43.616
"4556",25,2491,1,2495,17,9,5,1,18,18,35.882,35.882
"4557",25,2491,1,2495,2,9,5,1,18,12,17.012,35.258
"4558",25,2491,1,2495,28,9,5,1,16,16,32.224,32.224
"4559",25,2491,1,2495,21,9,5,1,27,10,-37.6640000000001,47.7695
"4560",25,2491,1,2495,18,9,5,1,16,16,32.224,32.224
"4561",25,2492,1,2496,13,8,4,2,20,18,31.642,42.26
"4562",25,2492,1,2496,10,8,4,2,22,20,32.8759999999999,45.762
"4563",25,2492,1,2496,3,8,4,2,18,22,48.682,25.1779999999999
"4564",25,2492,1,2496,29,8,4,2,14,15,30.1855,27.428
"4565",25,2492,1,2496,14,8,4,2,18,21.7,47.715895,26.28938
"4566",25,2492,1,2496,24,8,4,2,20,18,31.642,42.26
"4567",25,2492,1,2496,19,8,4,2,20,22,45.762,32.8759999999999
"4568",25,2492,1,2496,8,8,4,2,14,20,42.748,17.698
"4569",25,2492,1,2496,9,8,4,2,20,23,49.3195,29.14
"4570",25,2492,1,2496,30,8,4,2,14,13,25.2375,27.428
"4571",25,2492,1,2496,11,8,4,2,23,22.4,38.83168,43.27582
"4572",25,2492,1,2496,26,8,4,2,18.5,17.5,33.401625,38.143625
"4573",25,2492,1,2496,15,8,4,2,26,20,14.596,60.058
"4574",25,2492,1,2496,4,8,4,2,23,18,21.112,51.9095
"4575",25,2492,1,2496,23,8,4,2,16,20,43.616,24.648
"4576",25,2492,1,2496,6,8,4,2,20,26,60.058,14.596
"4577",25,2492,1,2496,18,8,4,2,18,18,35.882,35.882
"4578",25,2492,1,2496,25,8,4,2,16,19,40.7515,27.376
"4579",25,2492,1,2496,7,8,4,2,28,23,16.7195,61.692
"4580",25,2492,1,2496,27,8,4,2,16,18,37.898,29.548
"4581",25,2492,1,2496,16,8,4,2,22,23,44.5054999999999,37.212
"4582",25,2492,1,2496,5,8,4,2,20,23,49.3195,29.14
"4583",25,2492,1,2496,20,8,4,2,16,20,43.616,24.648
"4584",25,2492,1,2496,1,8,4,2,18,15,26.3975,38.072
"4585",25,2492,1,2496,22,8,4,2,15,14,27.428,30.1855
"4586",25,2492,1,2496,12,8,4,2,16,20,43.616,24.648
"4587",25,2492,1,2496,28,8,4,2,14,16,32.676,26.594
"4588",25,2492,1,2496,17,8,4,2,16,25,58.1035,2.66800000000005
"4589",25,2492,1,2496,2,8,4,2,28,18,-7.55799999999998,68.212
"4590",25,2492,1,2496,21,8,4,2,17,20,43.216,28.1395
"4591",25,2493,1,2496,19,7,4,1,22,20,32.8759999999999,45.762
"4592",25,2493,1,2496,11,7,4,1,22.4,23,43.27582,38.83168
"4593",25,2493,1,2496,16,7,4,1,23,22,37.212,44.5054999999999
"4594",25,2493,1,2496,14,7,4,1,21.7,18,26.28938,47.715895
"4595",25,2493,1,2496,8,7,4,1,20,14,17.698,42.748
"4596",25,2493,1,2496,29,7,4,1,15,14,27.428,30.1855
"4597",25,2493,1,2496,15,7,4,1,20,26,60.058,14.596
"4598",25,2493,1,2496,20,7,4,1,20,16,24.648,43.616
"4599",25,2493,1,2496,30,7,4,1,13,14,27.428,25.2375
"4600",25,2493,1,2496,3,7,4,1,22,18,25.1779999999999,48.682
"4601",25,2493,1,2496,10,7,4,1,20,22,45.762,32.8759999999999
"4602",25,2493,1,2496,25,7,4,1,19,16,27.376,40.7515
"4603",25,2493,1,2496,12,7,4,1,20,16,24.648,43.616
"4604",25,2493,1,2496,17,7,4,1,25,16,2.66800000000005,58.1035
"4605",25,2493,1,2496,26,7,4,1,17.5,18.5,38.143625,33.401625
"4606",25,2493,1,2496,21,7,4,1,20,17,28.1395,43.216
"4607",25,2493,1,2496,9,7,4,1,23,20,29.14,49.3195
"4608",25,2493,1,2496,24,7,4,1,18,20,42.26,31.642
"4609",25,2493,1,2496,6,7,4,1,26,20,14.596,60.058
"4610",25,2493,1,2496,22,7,4,1,14,15,30.1855,27.428
"4611",25,2493,1,2496,2,7,4,1,18,28,68.212,-7.55799999999998
"4612",25,2493,1,2496,7,7,4,1,23,28,61.692,16.7195
"4613",25,2493,1,2496,27,7,4,1,18,16,29.548,37.898
"4614",25,2493,1,2496,1,7,4,1,15,18,38.072,26.3975
"4615",25,2493,1,2496,13,7,4,1,18,20,42.26,31.642
"4616",25,2493,1,2496,4,7,4,1,18,23,51.9095,21.112
"4617",25,2493,1,2496,23,7,4,1,20,16,24.648,43.616
"4618",25,2493,1,2496,18,7,4,1,18,18,35.882,35.882
"4619",25,2493,1,2496,28,7,4,1,16,14,26.594,32.676
"4620",25,2493,1,2496,5,7,4,1,23,20,29.14,49.3195
"4621",25,2494,1,2497,10,6,3,2,20,15,21.1675,43.46
"4622",25,2494,1,2497,4,6,3,2,16,14,26.594,32.676
"4623",25,2494,1,2497,14,6,3,2,10,8,12.572,11.85
"4624",25,2494,1,2497,19,6,3,2,14,15,30.1855,27.428
"4625",25,2494,1,2497,16,6,3,2,20,14,17.698,42.748
"4626",25,2494,1,2497,5,6,3,2,14,18,37.69,23.258
"4627",25,2494,1,2497,20,6,3,2,14,13,25.2375,27.428
"4628",25,2494,1,2497,1,6,3,2,18,8,4.65200000000004,23.722
"4629",25,2494,1,2497,29,6,3,2,10,10,16.09,16.09
"4630",25,2494,1,2497,3,6,3,2,14,15,30.1855,27.428
"4631",25,2494,1,2497,9,6,3,2,20,20,38.68,38.68
"4632",25,2494,1,2497,24,6,3,2,11,15,27.1885,19.5605
"4633",25,2494,1,2497,11,6,3,2,20,15,21.1675,43.46
"4634",25,2494,1,2497,26,6,3,2,28,20,2.12000000000002,67.272
"4635",25,2494,1,2497,15,6,3,2,14,10,17.898,23.258
"4636",25,2494,1,2497,30,6,3,2,10,5,7.37749999999999,1.32
"4637",25,2494,1,2497,17,6,3,2,20,14,17.698,42.748
"4638",25,2494,1,2497,6,6,3,2,19,14,20.756,40.2135
"4639",25,2494,1,2497,21,6,3,2,12,14,26.594,22.78
"4640",25,2494,1,2497,2,6,3,2,18,10,10.81,30.602
"4641",25,2494,1,2497,7,6,3,2,14,19,40.2135,20.756
"4642",25,2494,1,2497,27,6,3,2,20,19,35.1555,40.748
"4643",25,2494,1,2497,22,6,3,2,14,10,17.898,23.258
"4644",25,2494,1,2497,25,6,3,2,11,10,17.376,17.8655
"4645",25,2494,1,2497,12,6,3,2,14,20,42.748,17.698
"4646",25,2494,1,2497,23,6,3,2,13,10,18.28,21.4495
"4647",25,2494,1,2497,8,6,3,2,20,20,38.68,38.68
"4648",25,2494,1,2497,18,6,3,2,20,14,17.698,42.748
"4649",25,2494,1,2497,28,6,3,2,12,18,35.258,17.012
"4650",25,2494,1,2497,13,6,3,2,20,10,3.93000000000003,34.34
"4651",25,2495,1,2497,3,5,3,1,15,14,27.428,30.1855
"4652",25,2495,1,2497,14,5,3,1,8,10,11.85,12.572
"4653",25,2495,1,2497,24,5,3,1,15,11,19.5605,27.1885
"4654",25,2495,1,2497,19,5,3,1,15,14,27.428,30.1855
"4655",25,2495,1,2497,15,5,3,1,10,14,23.258,17.898
"4656",25,2495,1,2497,4,5,3,1,14,16,32.676,26.594
"4657",25,2495,1,2497,11,5,3,1,15,20,43.46,21.1675
"4658",25,2495,1,2497,6,5,3,1,14,19,40.2135,20.756
"4659",25,2495,1,2497,5,5,3,1,18,14,23.258,37.69
"4660",25,2495,1,2497,9,5,3,1,20,20,38.68,38.68
"4661",25,2495,1,2497,7,5,3,1,19,14,20.756,40.2135
"4662",25,2495,1,2497,29,5,3,1,10,10,16.09,16.09
"4663",25,2495,1,2497,10,5,3,1,15,20,43.46,21.1675
"4664",25,2495,1,2497,25,5,3,1,10,11,17.8655,17.376
"4665",25,2495,1,2497,20,5,3,1,13,14,27.428,25.2375
"4666",25,2495,1,2497,1,5,3,1,8,18,23.722,4.65200000000004
"4667",25,2495,1,2497,16,5,3,1,14,20,42.748,17.698
"4668",25,2495,1,2497,21,5,3,1,14,12,22.78,26.594
"4669",25,2495,1,2497,12,5,3,1,20,14,17.698,42.748
"4670",25,2495,1,2497,23,5,3,1,10,13,21.4495,18.28
"4671",25,2495,1,2497,22,5,3,1,10,14,23.258,17.898
"4672",25,2495,1,2497,8,5,3,1,20,20,38.68,38.68
"4673",25,2495,1,2497,2,5,3,1,10,18,30.602,10.81
"4674",25,2495,1,2497,30,5,3,1,5,10,1.32,7.37749999999999
"4675",25,2495,1,2497,17,5,3,1,14,20,42.748,17.698
"4676",25,2495,1,2497,26,5,3,1,20,28,67.272,2.12000000000002
"4677",25,2495,1,2497,13,5,3,1,10,20,34.34,3.93000000000003
"4678",25,2495,1,2497,18,5,3,1,14,20,42.748,17.698
"4679",25,2495,1,2497,28,5,3,1,18,12,17.012,35.258
"4680",25,2495,1,2497,27,5,3,1,19,20,40.748,35.1555
"4681",25,2496,1,2498,5,4,2,2,20,18,31.642,42.26
"4682",25,2496,1,2498,6,4,2,2,16,28,66.928,-17.192
"4683",25,2496,1,2498,14,4,2,2,18,18,35.882,35.882
"4684",25,2496,1,2498,10,4,2,2,16,28,66.928,-17.192
"4685",25,2496,1,2498,4,4,2,2,18,28,68.212,-7.55799999999998
"4686",25,2496,1,2498,1,4,2,2,18,28,68.212,-7.55799999999998
"4687",25,2496,1,2498,19,4,2,2,24,16,8.17599999999996,55.184
"4688",25,2496,1,2498,2,4,2,2,22,28,64.1079999999999,11.842
"4689",25,2496,1,2498,7,4,2,2,18,18,35.882,35.882
"4690",25,2496,1,2498,11,4,2,2,16,18,37.898,29.548
"4691",25,2496,1,2498,25,4,2,2,16,20,43.616,24.648
"4692",25,2496,1,2498,8,4,2,2,16,28,66.928,-17.192
"4693",25,2496,1,2498,9,4,2,2,28,18,-7.55799999999998,68.212
"4694",25,2496,1,2498,29,4,2,2,18,16,29.548,37.898
"4695",25,2496,1,2498,3,4,2,2,28,18,-7.55799999999998,68.212
"4696",25,2496,1,2498,16,4,2,2,20,16.5,26.392375,43.4855
"4697",25,2496,1,2498,15,4,2,2,20,16.5,26.392375,43.4855
"4698",25,2496,1,2498,20,4,2,2,14,24,52.996,-0.0940000000000509
"4699",25,2496,1,2498,26,4,2,2,18,16,29.548,37.898
"4700",25,2496,1,2498,28,4,2,2,18,14,23.258,37.69
"4701",25,2496,1,2498,27,4,2,2,16.9,16,31.29502,34.771855
"4702",25,2496,1,2498,12,4,2,2,18,14,23.258,37.69
"4703",25,2496,1,2498,23,4,2,2,16.5,16,31.7635,33.638375
"4704",25,2496,1,2498,17,4,2,2,16,18,37.898,29.548
"4705",25,2496,1,2498,13,4,2,2,18,16,29.548,37.898
"4706",25,2496,1,2498,24,4,2,2,12,16,30.904,21.008
"4707",25,2496,1,2498,18,4,2,2,18,16,29.548,37.898
"4708",25,2496,1,2498,22,4,2,2,20,24,52.888,24.848
"4709",25,2496,1,2498,30,4,2,2,16,18,37.898,29.548
"4710",25,2496,1,2498,21,4,2,2,18,24,55.148,16.49
"4711",25,2497,1,2498,14,3,2,1,18,18,35.882,35.882
"4712",25,2497,1,2498,4,3,2,1,28,18,-7.55799999999998,68.212
"4713",25,2497,1,2498,7,3,2,1,18,18,35.882,35.882
"4714",25,2497,1,2498,6,3,2,1,28,16,-17.192,66.928
"4715",25,2497,1,2498,5,3,2,1,18,20,42.26,31.642
"4716",25,2497,1,2498,15,3,2,1,16.5,20,43.4855,26.392375
"4717",25,2497,1,2498,9,3,2,1,18,28,68.212,-7.55799999999998
"4718",25,2497,1,2498,30,3,2,1,18,16,29.548,37.898
"4719",25,2497,1,2498,11,3,2,1,18,16,29.548,37.898
"4720",25,2497,1,2498,10,3,2,1,28,16,-17.192,66.928
"4721",25,2497,1,2498,8,3,2,1,28,16,-17.192,66.928
"4722",25,2497,1,2498,12,3,2,1,14,18,37.69,23.258
"4723",25,2497,1,2498,24,3,2,1,16,12,21.008,30.904
"4724",25,2497,1,2498,16,3,2,1,16.5,20,43.4855,26.392375
"4725",25,2497,1,2498,26,3,2,1,16,18,37.898,29.548
"4726",25,2497,1,2498,25,3,2,1,20,16,24.648,43.616
"4727",25,2497,1,2498,23,3,2,1,16,16.5,33.638375,31.7635
"4728",25,2497,1,2498,19,3,2,1,16,24,55.184,8.17599999999996
"4729",25,2497,1,2498,3,3,2,1,18,28,68.212,-7.55799999999998
"4730",25,2497,1,2498,2,3,2,1,28,22,11.842,64.1079999999999
"4731",25,2497,1,2498,1,3,2,1,28,18,-7.55799999999998,68.212
"4732",25,2497,1,2498,27,3,2,1,16,16.9,34.771855,31.29502
"4733",25,2497,1,2498,13,3,2,1,16,18,37.898,29.548
"4734",25,2497,1,2498,28,3,2,1,14,18,37.69,23.258
"4735",25,2497,1,2498,17,3,2,1,18,16,29.548,37.898
"4736",25,2497,1,2498,29,3,2,1,16,18,37.898,29.548
"4737",25,2497,1,2498,18,3,2,1,16,18,37.898,29.548
"4738",25,2497,1,2498,20,3,2,1,24,14,-0.0940000000000509,52.996
"4739",25,2497,1,2498,21,3,2,1,24,18,16.49,55.148
"4740",25,2497,1,2498,22,3,2,1,24,20,24.848,52.888
"4741",25,2498,1,2499,28,2,1,2,10,12,19.652,18.106
"4742",25,2498,1,2499,4,2,1,2,10.7,20,36.45358,6.32669500000003
"4743",25,2498,1,2499,29,2,1,2,11,12.6,22.44418,20.48162
"4744",25,2498,1,2499,17,2,1,2,21.5,21,38.3185,41.610875
"4745",25,2498,1,2499,27,2,1,2,6,10,5.386,9.09799999999999
"4746",25,2498,1,2499,9,2,1,2,16.5,18,37.6025,31.127375
"4747",25,2498,1,2499,14,2,1,2,20,19.5,36.916375,39.7835000000001
"4748",25,2498,1,2499,26,2,1,2,10,10,16.09,16.09
"4749",25,2498,1,2499,5,2,1,2,16.3,12,20.55038,31.554295
"4750",25,2498,1,2499,15,2,1,2,20.5,20,37.4375,40.446375
"4751",25,2498,1,2499,1,2,1,2,18,14,23.258,37.69
"4752",25,2498,1,2499,6,2,1,2,16.9,13.5,23.893145,34.618105
"4753",25,2498,1,2499,16,2,1,2,21,20.5,37.904875,41.0555
"4754",25,2498,1,2499,2,2,1,2,20,8,-2.88799999999997,26.8
"4755",25,2498,1,2499,24,2,1,2,22,18,25.1779999999999,48.682
"4756",25,2498,1,2499,18,2,1,2,22,21.5,38.6783749999999,42.1125
"4757",25,2498,1,2499,3,2,1,2,12,8.5,14.968375,16.1855
"4758",25,2498,1,2499,25,2,1,2,18,14,23.258,37.69
"4759",25,2498,1,2499,30,2,1,2,13,13,25.1245,25.1245
"4760",25,2498,1,2499,7,2,1,2,17.5,14.5,25.827625,36.651625
"4761",25,2498,1,2499,11,2,1,2,18.5,18,35.0305000000001,37.472375
"4762",25,2498,1,2499,10,2,1,2,18.5,17,31.7755,38.675875
"4763",25,2498,1,2499,22,2,1,2,22,22,40.6179999999999,40.6179999999999
"4764",25,2498,1,2499,19,2,1,2,22,22,40.6179999999999,40.6179999999999
"4765",25,2498,1,2499,12,2,1,2,19,18.5,35.712875,38.2965
"4766",25,2498,1,2499,23,2,1,2,22,22,40.6179999999999,40.6179999999999
"4767",25,2498,1,2499,8,2,1,2,18,15.5,27.971375,38.0545
"4768",25,2498,1,2499,13,2,1,2,19.5,19,36.3415000000001,39.066875
"4769",25,2498,1,2499,21,2,1,2,22,22.5,42.5603749999999,38.9845000000001
"4770",25,2498,1,2499,20,2,1,2,22.5,22,38.9845000000001,42.5603749999999
"4771",25,2499,1,2499,1,1,1,1,14,18,37.69,23.258
"4772",25,2499,1,2499,17,1,1,1,21,21.5,41.610875,38.3185
"4773",25,2499,1,2499,12,1,1,1,18.5,19,38.2965,35.712875
"4774",25,2499,1,2499,2,1,1,1,8,20,26.8,-2.88799999999997
"4775",25,2499,1,2499,24,1,1,1,18,22,48.682,25.1779999999999
"4776",25,2499,1,2499,13,1,1,1,19,19.5,39.066875,36.3415000000001
"4777",25,2499,1,2499,19,1,1,1,22,22,40.6179999999999,40.6179999999999
"4778",25,2499,1,2499,9,1,1,1,18,16.5,31.127375,37.6025
"4779",25,2499,1,2499,4,1,1,1,20,10.7,6.32669500000003,36.45358
"4780",25,2499,1,2499,20,1,1,1,22,22.5,42.5603749999999,38.9845000000001
"4781",25,2499,1,2499,10,1,1,1,17,18.5,38.675875,31.7755
"4782",25,2499,1,2499,5,1,1,1,12,16.3,31.554295,20.55038
"4783",25,2499,1,2499,27,1,1,1,10,6,9.09799999999999,5.386
"4784",25,2499,1,2499,11,1,1,1,18,18.5,37.472375,35.0305000000001
"4785",25,2499,1,2499,6,1,1,1,13.5,16.9,34.618105,23.893145
"4786",25,2499,1,2499,28,1,1,1,12,10,18.106,19.652
"4787",25,2499,1,2499,25,1,1,1,14,18,37.69,23.258
"4788",25,2499,1,2499,18,1,1,1,21.5,22,42.1125,38.6783749999999
"4789",25,2499,1,2499,29,1,1,1,12.6,11,20.48162,22.44418
"4790",25,2499,1,2499,3,1,1,1,8.5,12,16.1855,14.968375
"4791",25,2499,1,2499,15,1,1,1,20,20.5,40.446375,37.4375
"4792",25,2499,1,2499,14,1,1,1,19.5,20,39.7835000000001,36.916375
"4793",25,2499,1,2499,7,1,1,1,14.5,17.5,36.651625,25.827625
"4794",25,2499,1,2499,26,1,1,1,10,10,16.09,16.09
"4795",25,2499,1,2499,22,1,1,1,22,22,40.6179999999999,40.6179999999999
"4796",25,2499,1,2499,21,1,1,1,22.5,22,38.9845000000001,42.5603749999999
"4797",25,2499,1,2499,30,1,1,1,13,13,25.1245,25.1245
"4798",25,2499,1,2499,16,1,1,1,20.5,21,41.0555,37.904875
"4799",25,2499,1,2499,8,1,1,1,15.5,18,38.0545,27.971375
"4800",25,2499,1,2499,23,1,1,1,22,22,40.6179999999999,40.6179999999999
"4801",26,2590,0,2595,20,10,5,2,23,21,36.4609067589898,44.754193860238
"4802",26,2590,0,2595,6,10,5,2,16,12.5,23.8648063790178,32.7067517673673
"4803",26,2590,0,2595,7,10,5,2,10,15,29.0887627707318,18.2868660994419
"4804",26,2590,0,2595,8,10,5,2,14,14,27.706,27.706
"4805",26,2590,0,2595,21,10,5,2,19,23,47.5898274520478,31.8395750248634
"4806",26,2590,0,2595,9,10,5,2,10,18.1,37.7200689933172,17.5959914135668
"4807",26,2590,0,2595,13,10,5,2,10,11.5,19.870019717327,17.1782868809886
"4808",26,2590,0,2595,1,10,5,2,2,28,63.1865480945135,-6.5735434450149
"4809",26,2590,0,2595,24,10,5,2,20,10.7,17.8074303334962,43.4406353057569
"4810",26,2590,0,2595,12,10,5,2,10.5,10.6,17.9787887492137,17.8035215023344
"4811",26,2590,0,2595,19,10,5,2,22,24,45.609774304066,36.8983263151618
"4812",26,2590,0,2595,23,10,5,2,14,18.6,39.5684816857078,25.9760105900073
"4813",26,2590,0,2595,11,10,5,2,20,5.2,7.31794835251549,39.601001556399
"4814",26,2590,0,2595,18,10,5,2,21,22,42.2325642417585,38.1904609130484
"4815",26,2590,0,2595,22,10,5,2,20,17.9,33.6223648595532,40.9911560731454
"4816",26,2590,0,2595,10,10,5,2,12.5,10,17.6994176344305,22.4469895831129
"4817",26,2590,0,2595,14,10,5,2,12,13,24.8307022445325,22.6703229102745
"4818",26,2590,0,2595,2,10,5,2,28,1,-7.7986240687056,61.8219619229726
"4819",26,2590,0,2595,25,10,5,2,16,12.7,24.3274380116132,32.7331259242345
"4820",26,2590,0,2595,29,10,5,2,10,15.5,30.4512914407963,18.2817194921139
"4821",26,2590,0,2595,17,10,5,2,20,19,36.2465413568764,39.8704837979305
"4822",26,2590,0,2595,5,10,5,2,10,24,55.3571544914695,11.9397758506928
"4823",26,2590,0,2595,28,10,5,2,14,16.7,34.5518857981479,27.1099875803948
"4824",26,2590,0,2595,16,10,5,2,17,17,34.1605,34.1605
"4825",26,2590,0,2595,4,10,5,2,10,28,68.2166950509867,4.86745510646527
"4826",26,2590,0,2595,27,10,5,2,16,13.7,26.6679354006225,32.7668876683063
"4827",26,2590,0,2595,15,10,5,2,15,15,30.0725,30.0725
"4828",26,2590,0,2595,3,10,5,2,28,14,11.6815234235084,66.807406918654
"4829",26,2590,0,2595,26,10,5,2,10.5,15.7,31.2648368544324,19.3785333315475
"4830",26,2590,0,2595,30,10,5,2,14,11.7,22.1363204214269,27.2735026475018
"4831",26,2591,0,2595,11,9,5,1,5.2,20,39.601001556399,7.31794835251549
"4832",26,2591,0,2595,7,9,5,1,15,10,18.2868660994419,29.0887627707318
"4833",26,2591,0,2595,14,9,5,1,13,12,22.6703229102745,24.8307022445325
"4834",26,2591,0,2595,15,9,5,1,15,15,30.0725,30.0725
"4835",26,2591,0,2595,6,9,5,1,12.5,16,32.7067517673673,23.8648063790178
"4836",26,2591,0,2595,13,9,5,1,11.5,10,17.1782868809886,19.870019717327
"4837",26,2591,0,2595,1,9,5,1,28,2,-6.5735434450149,63.1865480945135
"4838",26,2591,0,2595,8,9,5,1,14,14,27.706,27.706
"4839",26,2591,0,2595,12,9,5,1,10.6,10.5,17.8035215023344,17.9787887492137
"4840",26,2591,0,2595,16,9,5,1,17,17,34.1605,34.1605
"4841",26,2591,0,2595,4,9,5,1,28,10,4.86745510646527,68.2166950509867
"4842",26,2591,0,2595,24,9,5,1,10.7,20,43.4406353057569,17.8074303334962
"4843",26,2591,0,2595,28,9,5,1,16.7,14,27.1099875803948,34.5518857981479
"4844",26,2591,0,2595,3,9,5,1,14,28,66.807406918654,11.6815234235084
"4845",26,2591,0,2595,10,9,5,1,10,12.5,22.4469895831129,17.6994176344305
"4846",26,2591,0,2595,27,9,5,1,13.7,16,32.7668876683063,26.6679354006225
"4847",26,2591,0,2595,2,9,5,1,1,28,61.8219619229726,-7.7986240687056
"4848",26,2591,0,2595,9,9,5,1,18.1,10,17.5959914135668,37.7200689933172
"4849",26,2591,0,2595,26,9,5,1,15.7,10.5,19.3785333315475,31.2648368544324
"4850",26,2591,0,2595,17,9,5,1,19,20,39.8704837979305,36.2465413568764
"4851",26,2591,0,2595,5,9,5,1,24,10,11.9397758506928,55.3571544914695
"4852",26,2591,0,2595,25,9,5,1,12.7,16,32.7331259242345,24.3274380116132
"4853",26,2591,0,2595,29,9,5,1,15.5,10,18.2817194921139,30.4512914407963
"4854",26,2591,0,2595,20,9,5,1,21,23,44.754193860238,36.4609067589898
"4855",26,2591,0,2595,30,9,5,1,11.7,14,27.2735026475018,22.1363204214269
"4856",26,2591,0,2595,18,9,5,1,22,21,38.1904609130484,42.2325642417585
"4857",26,2591,0,2595,19,9,5,1,24,22,36.8983263151618,45.609774304066
"4858",26,2591,0,2595,23,9,5,1,18.6,14,25.9760105900073,39.5684816857078
"4859",26,2591,0,2595,21,9,5,1,23,19,31.8395750248634,47.5898274520478
"4860",26,2591,0,2595,22,9,5,1,17.9,20,40.9911560731454,33.6223648595532
"4861",26,2592,0,2596,2,8,4,2,6,26,60.1006398379504,2.25742208482978
"4862",26,2592,0,2596,11,8,4,2,14,9,15.905567209012,25.6620616611618
"4863",26,2592,0,2596,15,8,4,2,3,9,3.34402213465271,-1.46411656160249
"4864",26,2592,0,2596,3,8,4,2,18,6,9.61677647203666,34.2868458201642
"4865",26,2592,0,2596,4,8,4,2,14,2,1.29870712390905,15.9329151682918
"4866",26,2592,0,2596,1,8,4,2,14,22,48.9560920550707,22.4735178525741
"4867",26,2592,0,2596,5,8,4,2,6.5,0.2,-11.7176796135357,-10.1597319921765
"4868",26,2592,0,2596,6,8,4,2,22,4,3.89379907317813,44.6623510842738
"4869",26,2592,0,2596,10,8,4,2,14,7,11.5043517296635,23.6998808558771
"4870",26,2592,0,2596,17,8,4,2,22.5,5,5.09059030068812,47.4708633589405
"4871",26,2592,0,2596,8,8,4,2,4,5,-5.2576195307796,-5.74535531441345
"4872",26,2592,0,2596,12,8,4,2,11,8,12.0729061924704,16.6723202007922
"4873",26,2592,0,2596,16,8,4,2,4.5,1,-13.9771996889433,-13.5507421646715
"4874",26,2592,0,2596,7,8,4,2,26,3,-2.11905910557267,57.1873659984495
"4875",26,2592,0,2596,24,8,4,2,10,8.5,12.4125023802951,14.6338042180205
"4876",26,2592,0,2596,28,8,4,2,4,0,-17.433868109672,-17.5737294134168
"4877",26,2592,0,2596,19,8,4,2,2,0,-22.3899039206219,-22.8779954601503
"4878",26,2592,0,2596,23,8,4,2,5,11,12.5565047976208,5.23940077542941
"4879",26,2592,0,2596,14,8,4,2,3,3.3,-11.7614822903638,-11.8231254457036
"4880",26,2592,0,2596,18,8,4,2,2,6,-7.05940763810473,-8.59218988498406
"4881",26,2592,0,2596,9,8,4,2,4,10,8.05776346613676,1.99514210691346
"4882",26,2592,0,2596,13,8,4,2,9,4,0.774072756862193,5.30355611331157
"4883",26,2592,0,2596,30,8,4,2,2,3,-14.9296999746076,-14.9992748705854
"4884",26,2592,0,2596,21,8,4,2,0.5,5,-13.5107190419763,-14.059021573183
"4885",26,2592,0,2596,25,8,4,2,14,7,11.5043517296635,23.6998808558771
"4886",26,2592,0,2596,29,8,4,2,4,3,-10.2648150924994,-9.98615975269362
"4887",26,2592,0,2596,20,8,4,2,14,1,-0.605725667078966,13.8889768294536
"4888",26,2592,0,2596,27,8,4,2,8,7,6.52302401984453,7.63800113496242
"4889",26,2592,0,2596,22,8,4,2,0.8,5,-12.7248232802338,-13.3682929889716
"4890",26,2592,0,2596,26,8,4,2,5,6,-0.744079308865597,-1.44089553632745
"4891",26,2593,0,2596,2,7,4,1,26,6,2.25742208482978,60.1006398379504
"4892",26,2593,0,2596,6,7,4,1,4,22,44.6623510842738,3.89379907317813
"4893",26,2593,0,2596,3,7,4,1,6,18,34.2868458201642,9.61677647203666
"4894",26,2593,0,2596,1,7,4,1,22,14,22.4735178525741,48.9560920550707
"4895",26,2593,0,2596,8,7,4,1,5,4,-5.74535531441345,-5.2576195307796
"4896",26,2593,0,2596,15,7,4,1,9,3,-1.46411656160249,3.34402213465271
"4897",26,2593,0,2596,19,7,4,1,0,2,-22.8779954601503,-22.3899039206219
"4898",26,2593,0,2596,7,7,4,1,3,26,57.1873659984495,-2.11905910557267
"4899",26,2593,0,2596,14,7,4,1,3.3,3,-11.8231254457036,-11.7614822903638
"4900",26,2593,0,2596,5,7,4,1,0.2,6.5,-10.1597319921765,-11.7176796135357
"4901",26,2593,0,2596,9,7,4,1,10,4,1.99514210691346,8.05776346613676
"4902",26,2593,0,2596,10,7,4,1,7,14,23.6998808558771,11.5043517296635
"4903",26,2593,0,2596,4,7,4,1,2,14,15.9329151682918,1.29870712390905
"4904",26,2593,0,2596,21,7,4,1,5,0.5,-14.059021573183,-13.5107190419763
"4905",26,2593,0,2596,12,7,4,1,8,11,16.6723202007922,12.0729061924704
"4906",26,2593,0,2596,16,7,4,1,1,4.5,-13.5507421646715,-13.9771996889433
"4907",26,2593,0,2596,20,7,4,1,1,14,13.8889768294536,-0.605725667078966
"4908",26,2593,0,2596,11,7,4,1,9,14,25.6620616611618,15.905567209012
"4909",26,2593,0,2596,28,7,4,1,0,4,-17.5737294134168,-17.433868109672
"4910",26,2593,0,2596,22,7,4,1,5,0.8,-13.3682929889716,-12.7248232802338
"4911",26,2593,0,2596,23,7,4,1,11,5,5.23940077542941,12.5565047976208
"4912",26,2593,0,2596,27,7,4,1,7,8,7.63800113496242,6.52302401984453
"4913",26,2593,0,2596,18,7,4,1,6,2,-8.59218988498406,-7.05940763810473
"4914",26,2593,0,2596,25,7,4,1,7,14,23.6998808558771,11.5043517296635
"4915",26,2593,0,2596,13,7,4,1,4,9,5.30355611331157,0.774072756862193
"4916",26,2593,0,2596,17,7,4,1,5,22.5,47.4708633589405,5.09059030068812
"4917",26,2593,0,2596,24,7,4,1,8.5,10,14.6338042180205,12.4125023802951
"4918",26,2593,0,2596,29,7,4,1,3,4,-9.98615975269362,-10.2648150924994
"4919",26,2593,0,2596,26,7,4,1,6,5,-1.44089553632745,-0.744079308865597
"4920",26,2593,0,2596,30,7,4,1,3,2,-14.9992748705854,-14.9296999746076
"4921",26,2594,0,2597,6,6,3,2,6,14,22.4735178525741,9.37209205507069
"4922",26,2594,0,2597,10,6,3,2,20,18,33.8586480904738,40.897452528754
"4923",26,2594,0,2597,1,6,3,2,20,0,-1.3317512854892,31.4218132082695
"4924",26,2594,0,2597,5,6,3,2,22.5,12,17.7670765859176,50.8789467315487
"4925",26,2594,0,2597,12,6,3,2,3,14,17.813338440023,3.24870529161802
"4926",26,2594,0,2597,3,6,3,2,19,16,30.2159408665342,39.8332855267284
"4927",26,2594,0,2597,7,6,3,2,2,18,28.5226456127931,2.31979401778622
"4928",26,2594,0,2597,11,6,3,2,27,16,17.6664535579148,62.1295901737262
"4929",26,2594,0,2597,2,6,3,2,15,0,-1.86699844760225,14.8576582791661
"4930",26,2594,0,2597,19,6,3,2,10,16.2,32.3779690371094,18.2058379136698
"4931",26,2594,0,2597,23,6,3,2,10,18,37.4348049538224,17.6428049538224
"4932",26,2594,0,2597,14,6,3,2,20,21.5,42.4156230460372,36.5876835522785
"4933",26,2594,0,2597,18,6,3,2,10,15.7,30.9994924851926,18.2682147944852
"4934",26,2594,0,2597,9,6,3,2,8,0,-9.48397729305691,-6.41841279929825
"4935",26,2594,0,2597,13,6,3,2,12,17,35.2971649898719,22.4044638803019
"4936",26,2594,0,2597,4,6,3,2,28,10,4.86745510646527,68.2166950509867
"4937",26,2594,0,2597,8,6,3,2,0,21,34.871340324253,-1.71524705438778
"4938",26,2594,0,2597,25,6,3,2,8,21,45.2351370236284,11.7141141387463
"4939",26,2594,0,2597,16,6,3,2,3.5,9.3,5.17298512188342,0.0400510858223952
"4940",26,2594,0,2597,20,6,3,2,16,16,32.224,32.224
"4941",26,2594,0,2597,24,6,3,2,6,15,25.3585017793902,9.67853575997276
"4942",26,2594,0,2597,15,6,3,2,25,14.2,18.2022944069822,57.5666796497006
"4943",26,2594,0,2597,22,6,3,2,8,7,6.52302401984453,7.63800113496242
"4944",26,2594,0,2597,26,6,3,2,9,11,17.7172285343018,14.441872084926
"4945",26,2594,0,2597,27,6,3,2,8,12.5,20.6662634476215,13.0614959372193
"4946",26,2594,0,2597,21,6,3,2,18,11,19.7632255160713,37.8130070694693
"4947",26,2594,0,2597,28,6,3,2,10,19,40.3079497682945,17.1010877710685
"4948",26,2594,0,2597,29,6,3,2,12,13.7,26.6097052148542,22.8126574825379
"4949",26,2594,0,2597,17,6,3,2,7,18.1,35.6189297901762,11.5226795335882
"4950",26,2594,0,2597,30,6,3,2,14,15,30.2027826883605,27.6242424664465
"4951",26,2595,0,2597,1,5,3,1,0,20,31.4218132082695,-1.3317512854892
"4952",26,2595,0,2597,14,5,3,1,21.5,20,36.5876835522785,42.4156230460372
"4953",26,2595,0,2597,2,5,3,1,0,15,14.8576582791661,-1.86699844760225
"4954",26,2595,0,2597,3,5,3,1,16,19,39.8332855267284,30.2159408665342
"4955",26,2595,0,2597,10,5,3,1,18,20,40.897452528754,33.8586480904738
"4956",26,2595,0,2597,4,5,3,1,10,28,68.2166950509867,4.86745510646527
"4957",26,2595,0,2597,5,5,3,1,12,22.5,50.8789467315487,17.7670765859176
"4958",26,2595,0,2597,9,5,3,1,0,8,-6.41841279929825,-9.48397729305691
"4959",26,2595,0,2597,16,5,3,1,9.3,3.5,0.0400510858223952,5.17298512188342
"4960",26,2595,0,2597,7,5,3,1,18,2,2.31979401778622,28.5226456127931
"4961",26,2595,0,2597,11,5,3,1,16,27,62.1295901737262,17.6664535579148
"4962",26,2595,0,2597,15,5,3,1,14.2,25,57.5666796497006,18.2022944069822
"4963",26,2595,0,2597,6,5,3,1,14,6,9.37209205507069,22.4735178525741
"4964",26,2595,0,2597,23,5,3,1,18,10,17.6428049538224,37.4348049538224
"4965",26,2595,0,2597,27,5,3,1,12.5,8,13.0614959372193,20.6662634476215
"4966",26,2595,0,2597,18,5,3,1,15.7,10,18.2682147944852,30.9994924851926
"4967",26,2595,0,2597,22,5,3,1,7,8,7.63800113496242,6.52302401984453
"4968",26,2595,0,2597,13,5,3,1,17,12,22.4044638803019,35.2971649898719
"4969",26,2595,0,2597,17,5,3,1,18.1,7,11.5226795335882,35.6189297901762
"4970",26,2595,0,2597,8,5,3,1,21,0,-1.71524705438778,34.871340324253
"4971",26,2595,0,2597,12,5,3,1,14,3,3.24870529161802,17.813338440023
"4972",26,2595,0,2597,29,5,3,1,13.7,12,22.8126574825379,26.6097052148542
"4973",26,2595,0,2597,20,5,3,1,16,16,32.224,32.224
"4974",26,2595,0,2597,24,5,3,1,15,6,9.67853575997276,25.3585017793902
"4975",26,2595,0,2597,28,5,3,1,19,10,17.1010877710685,40.3079497682945
"4976",26,2595,0,2597,19,5,3,1,16.2,10,18.2058379136698,32.3779690371094
"4977",26,2595,0,2597,26,5,3,1,11,9,14.441872084926,17.7172285343018
"4978",26,2595,0,2597,30,5,3,1,15,14,27.6242424664465,30.2027826883605
"4979",26,2595,0,2597,21,5,3,1,11,18,37.8130070694693,19.7632255160713
"4980",26,2595,0,2597,25,5,3,1,21,8,11.7141141387463,45.2351370236284
"4981",26,2596,0,2598,1,4,2,2,18,4,5.87715449146952,31.7317758506928
"4982",26,2596,0,2598,5,4,2,2,5,12,15.353317749081,6.08491483645961
"4983",26,2596,0,2598,2,4,2,2,10.5,8,11.6616187440006,15.3637884735429
"4984",26,2596,0,2598,7,4,2,2,14.5,9,16.006440712641,27.0260702202693
"4985",26,2596,0,2598,14,4,2,2,23,22,38.8399206911344,43.0911044636725
"4986",26,2596,0,2598,18,4,2,2,10,20,43.2266599594876,16.3958555212075
"4987",26,2596,0,2598,6,4,2,2,9.5,20,43.024765906306,15.4012574111603
"4988",26,2596,0,2598,13,4,2,2,23,20,34.1274582035661,46.2537681896965
"4989",26,2596,0,2598,4,4,2,2,8,8,8.992,8.992
"4990",26,2596,0,2598,8,4,2,2,11,16,32.3004638803019,20.4531649898719
"4991",26,2596,0,2598,9,4,2,2,16,16,32.224,32.224
"4992",26,2596,0,2598,3,4,2,2,10,5,4.23037164729215,9.80525722288161
"4993",26,2596,0,2598,20,4,2,2,20,20,38.68,38.68
"4994",26,2596,0,2598,11,4,2,2,22,28,56.1401074328496,27.4967981402006
"4995",26,2596,0,2598,15,4,2,2,23,21,36.4609067589898,44.754193860238
"4996",26,2596,0,2598,19,4,2,2,20,14,24.762728792073,43.3701767809773
"4997",26,2596,0,2598,10,4,2,2,18,18,35.882,35.882
"4998",26,2596,0,2598,27,4,2,2,5,2,-10.5643698130775,-9.72840379365999
"4999",26,2596,0,2598,21,4,2,2,22,20,35.8084872028178,43.68361341641
"5000",26,2596,0,2598,22,4,2,2,22,16,26.7362461291048,47.8526594439454
"5001",26,2596,0,2598,26,4,2,2,22,5,5.54672675587341,45.8275429833353
"5002",26,2596,0,2598,17,4,2,2,9,10,15.1600815787904,13.6269435760165
"5003",26,2596,0,2598,24,4,2,2,8,22,48.3420282778773,10.778902064285
"5004",26,2596,0,2598,12,4,2,2,22.5,25,47.2326215179257,35.9512856996178
"5005",26,2596,0,2598,16,4,2,2,10,15,29.0887627707318,18.2868660994419
"5006",26,2596,0,2598,23,4,2,2,9.5,10,15.6454801727836,14.8527761159181
"5007",26,2596,0,2598,30,4,2,2,9.5,15,28.7655558305328,17.1709551023775
"5008",26,2596,0,2598,28,4,2,2,8,28,67.9402487145108,1.73381320826947
"5009",26,2596,0,2598,25,4,2,2,22,8,10.778902064285,48.3420282778773
"5010",26,2596,0,2598,29,4,2,2,10,5,4.23037164729215,9.80525722288161
"5011",26,2597,0,2598,5,3,2,1,12,5,6.08491483645961,15.353317749081
"5012",26,2597,0,2598,9,3,2,1,16,16,32.224,32.224
"5013",26,2597,0,2598,4,3,2,1,8,8,8.992,8.992
"5014",26,2597,0,2598,11,3,2,1,28,22,27.4967981402006,56.1401074328496
"5015",26,2597,0,2598,2,3,2,1,8,10.5,15.3637884735429,11.6616187440006
"5016",26,2597,0,2598,6,3,2,1,20,9.5,15.4012574111603,43.024765906306
"5017",26,2597,0,2598,10,3,2,1,18,18,35.882,35.882
"5018",26,2597,0,2598,1,3,2,1,4,18,31.7317758506928,5.87715449146952
"5019",26,2597,0,2598,18,3,2,1,20,10,16.3958555212075,43.2266599594876
"5020",26,2597,0,2598,22,3,2,1,16,22,47.8526594439454,26.7362461291048
"5021",26,2597,0,2598,13,3,2,1,20,23,46.2537681896965,34.1274582035661
"5022",26,2597,0,2598,17,3,2,1,10,9,13.6269435760165,15.1600815787904
"5023",26,2597,0,2598,8,3,2,1,16,11,20.4531649898719,32.3004638803019
"5024",26,2597,0,2598,12,3,2,1,25,22.5,35.9512856996178,47.2326215179257
"5025",26,2597,0,2598,3,3,2,1,5,10,9.80525722288161,4.23037164729215
"5026",26,2597,0,2598,7,3,2,1,9,14.5,27.0260702202693,16.006440712641
"5027",26,2597,0,2598,24,3,2,1,22,8,10.778902064285,48.3420282778773
"5028",26,2597,0,2598,15,3,2,1,21,23,44.754193860238,36.4609067589898
"5029",26,2597,0,2598,19,3,2,1,14,20,43.3701767809773,24.762728792073
"5030",26,2597,0,2598,23,3,2,1,10,9.5,14.8527761159181,15.6454801727836
"5031",26,2597,0,2598,14,3,2,1,22,23,43.0911044636725,38.8399206911344
"5032",26,2597,0,2598,21,3,2,1,20,22,43.68361341641,35.8084872028178
"5033",26,2597,0,2598,25,3,2,1,8,22,48.3420282778773,10.778902064285
"5034",26,2597,0,2598,26,3,2,1,5,22,45.8275429833353,5.54672675587341
"5035",26,2597,0,2598,30,3,2,1,15,9.5,17.1709551023775,28.7655558305328
"5036",26,2597,0,2598,27,3,2,1,2,5,-9.72840379365999,-10.5643698130775
"5037",26,2597,0,2598,28,3,2,1,28,8,1.73381320826947,67.9402487145108
"5038",26,2597,0,2598,16,3,2,1,15,10,18.2868660994419,29.0887627707318
"5039",26,2597,0,2598,20,3,2,1,20,20,38.68,38.68
"5040",26,2597,0,2598,29,3,2,1,5,10,9.80525722288161,4.23037164729215
"5041",26,2598,0,2599,9,2,1,2,5,20,39.3681749227167,6.96248490884714
"5042",26,2598,0,2599,10,2,1,2,18,6,9.61677647203666,34.2868458201642
"5043",26,2598,0,2599,8,2,1,2,18,18,35.882,35.882
"5044",26,2598,0,2599,12,2,1,2,5,12,15.353317749081,6.08491483645961
"5045",26,2598,0,2599,13,2,1,2,11,8,12.0729061924704,16.6723202007922
"5046",26,2598,0,2599,1,2,1,2,7,1,-9.02763389863439,-6.72846052831539
"5047",26,2598,0,2599,11,2,1,2,6,12,16.8402461291049,8.26865944394536
"5048",26,2598,0,2599,2,2,1,2,11,7,9.74950567673576,15.4638968001754
"5049",26,2598,0,2599,6,2,1,2,15,17,35.1057111972699,29.3213894219579
"5050",26,2598,0,2599,26,2,1,2,1,6,-9.49154721539856,-10.8848239144277
"5051",26,2598,0,2599,14,2,1,2,20,17,31.5163202007922,41.7609061924704
"5052",26,2598,0,2599,5,2,1,2,15,6,9.67853575997276,25.3585017793902
"5053",26,2598,0,2599,22,2,1,2,3,16,23.9200225992178,3.98922856315682
"5054",26,2598,0,2599,29,2,1,2,21,4,4.63491052841158,41.3613592107971
"5055",26,2598,0,2599,4,2,1,2,5,26,59.2930636252239,0.753029644641342
"5056",26,2598,0,2599,21,2,1,2,9,11,17.7172285343018,14.441872084926
"5057",26,2598,0,2599,28,2,1,2,7,24,54.1149105284116,6.72535921079714
"5058",26,2598,0,2599,3,2,1,2,7,10,12.8096995350501,8.83752685821241
"5059",26,2598,0,2599,7,2,1,2,18,5,7.72418279339261,33.091068368982
"5060",26,2598,0,2599,27,2,1,2,5,20,39.3681749227167,6.96248490884714
"5061",26,2598,0,2599,15,2,1,2,17,18,36.6484033541025,33.4426218007045
"5062",26,2598,0,2599,19,2,1,2,17,10,18.0210070694693,34.6072255160713
"5063",26,2598,0,2599,23,2,1,2,10,1,-4.43715425389687,1.83419179325986
"5064",26,2598,0,2599,30,2,1,2,1,5,-12.2090685257608,-12.905528997328
"5065",26,2598,0,2599,18,2,1,2,14,25,57.676705291618,17.813338440023
"5066",26,2598,0,2599,25,2,1,2,1,10,1.83419179325986,-4.43715425389687
"5067",26,2598,0,2599,16,2,1,2,5,17,30.0208631571961,7.85975913500474
"5068",26,2598,0,2599,17,2,1,2,6,14,22.4735178525741,9.37209205507069
"5069",26,2598,0,2599,24,2,1,2,10,28,68.2166950509867,4.86745510646527
"5070",26,2598,0,2599,20,2,1,2,9,9,12.6485,12.6485
"5071",26,2599,0,2599,1,1,1,1,1,7,-6.72846052831539,-9.02763389863439
"5072",26,2599,0,2599,5,1,1,1,6,15,25.3585017793902,9.67853575997276
"5073",26,2599,0,2599,28,1,1,1,24,7,6.72535921079714,54.1149105284116
"5074",26,2599,0,2599,16,1,1,1,17,5,7.85975913500474,30.0208631571961
"5075",26,2599,0,2599,4,1,1,1,26,5,0.753029644641342,59.2930636252239
"5076",26,2599,0,2599,27,1,1,1,20,5,6.96248490884714,39.3681749227167
"5077",26,2599,0,2599,15,1,1,1,18,17,33.4426218007045,36.6484033541025
"5078",26,2599,0,2599,3,1,1,1,10,7,8.83752685821241,12.8096995350501
"5079",26,2599,0,2599,26,1,1,1,6,1,-10.8848239144277,-9.49154721539856
"5080",26,2599,0,2599,14,1,1,1,17,20,41.7609061924704,31.5163202007922
"5081",26,2599,0,2599,2,1,1,1,7,11,15.4638968001754,9.74950567673576
"5082",26,2599,0,2599,6,1,1,1,17,15,29.3213894219579,35.1057111972699
"5083",26,2599,0,2599,29,1,1,1,4,21,41.3613592107971,4.63491052841158
"5084",26,2599,0,2599,17,1,1,1,14,6,9.37209205507069,22.4735178525741
"5085",26,2599,0,2599,21,1,1,1,11,9,14.441872084926,17.7172285343018
"5086",26,2599,0,2599,9,1,1,1,20,5,6.96248490884714,39.3681749227167
"5087",26,2599,0,2599,13,1,1,1,8,11,16.6723202007922,12.0729061924704
"5088",26,2599,0,2599,20,1,1,1,9,9,12.6485,12.6485
"5089",26,2599,0,2599,8,1,1,1,18,18,35.882,35.882
"5090",26,2599,0,2599,12,1,1,1,12,5,6.08491483645961,15.353317749081
"5091",26,2599,0,2599,19,1,1,1,10,17,34.6072255160713,18.0210070694693
"5092",26,2599,0,2599,7,1,1,1,5,18,33.091068368982,7.72418279339261
"5093",26,2599,0,2599,30,1,1,1,5,1,-12.905528997328,-12.2090685257608
"5094",26,2599,0,2599,18,1,1,1,25,14,17.813338440023,57.676705291618
"5095",26,2599,0,2599,22,1,1,1,16,3,3.98922856315682,23.9200225992178
"5096",26,2599,0,2599,10,1,1,1,6,18,34.2868458201642,9.61677647203666
"5097",26,2599,0,2599,23,1,1,1,1,10,1.83419179325986,-4.43715425389687
"5098",26,2599,0,2599,24,1,1,1,28,10,4.86745510646527,68.2166950509867
"5099",26,2599,0,2599,25,1,1,1,10,1,-4.43715425389687,1.83419179325986
"5100",26,2599,0,2599,11,1,1,1,12,6,8.26865944394536,16.8402461291049
"5101",27,2686,1,2693,6,14,7,2,14,14.4,28.69648,27.66152
"5102",27,2686,1,2693,28,14,7,2,14,12,22.78,26.594
"5103",27,2686,1,2693,7,14,7,2,16,17,35.0555,31.164
"5104",27,2686,1,2693,5,14,7,2,12,10,18.106,19.652
"5105",27,2686,1,2693,2,14,7,2,16,16,32.224,32.224
"5106",27,2686,1,2693,13,14,7,2,17,8,7.58799999999998,22.1995
"5107",27,2686,1,2693,14,14,7,2,13,10,18.28,21.4495
"5108",27,2686,1,2693,16,14,7,2,13,20,41.48,14.2395
"5109",27,2686,1,2693,10,14,7,2,18,12,17.012,35.258
"5110",27,2686,1,2693,19,14,7,2,12,16,30.904,21.008
"5111",27,2686,1,2693,22,14,7,2,14,18,37.69,23.258
"5112",27,2686,1,2693,23,14,7,2,14,14,27.706,27.706
"5113",27,2686,1,2693,25,14,7,2,14,13,25.2375,27.428
"5114",27,2686,1,2693,26,14,7,2,14,11.5,21.555375,25.9685
"5115",27,2686,1,2693,3,14,7,2,17,12,19.288,33.0755
"5116",27,2686,1,2693,29,14,7,2,15,11.8,21.64882,28.47698
"5117",27,2686,1,2693,8,14,7,2,19,13,17.4625,39.1105
"5118",27,2686,1,2693,9,14,7,2,16,20,43.616,24.648
"5119",27,2686,1,2693,11,14,7,2,13,10,18.28,21.4495
"5120",27,2686,1,2693,12,14,7,2,16,16,32.224,32.224
"5121",27,2686,1,2693,15,14,7,2,12,13,24.4555,22.832
"5122",27,2686,1,2693,17,14,7,2,14,10,17.898,23.258
"5123",27,2686,1,2693,18,14,7,2,13,11,20.5505,23.2305
"5124",27,2686,1,2693,20,14,7,2,11,10,17.376,17.8655
"5125",27,2686,1,2693,21,14,7,2,13,14,27.428,25.2375
"5126",27,2686,1,2693,24,14,7,2,15,12.6,23.74418,29.40962
"5127",27,2686,1,2693,1,14,7,2,18,12,17.012,35.258
"5128",27,2686,1,2693,27,14,7,2,13,18,36.752,20.1295
"5129",27,2686,1,2693,4,14,7,2,13,18,36.752,20.1295
"5130",27,2686,1,2693,30,14,7,2,16,10.7,17.400695,28.55958
"5131",27,2687,1,2693,29,13,7,1,11.8,15,28.47698,21.64882
"5132",27,2687,1,2693,28,13,7,1,12,14,26.594,22.78
"5133",27,2687,1,2693,27,13,7,1,18,13,20.1295,36.752
"5134",27,2687,1,2693,6,13,7,1,14.4,14,27.66152,28.69648
"5135",27,2687,1,2693,4,13,7,1,18,13,20.1295,36.752
"5136",27,2687,1,2693,7,13,7,1,17,16,31.164,35.0555
"5137",27,2687,1,2693,30,13,7,1,10.7,16,28.55958,17.400695
"5138",27,2687,1,2693,5,13,7,1,10,12,19.652,18.106
"5139",27,2687,1,2693,14,13,7,1,10,13,21.4495,18.28
"5140",27,2687,1,2693,15,13,7,1,13,12,22.832,24.4555
"5141",27,2687,1,2693,2,13,7,1,16,16,32.224,32.224
"5142",27,2687,1,2693,13,13,7,1,8,17,22.1995,7.58799999999998
"5143",27,2687,1,2693,22,13,7,1,18,14,23.258,37.69
"5144",27,2687,1,2693,23,13,7,1,14,14,27.706,27.706
"5145",27,2687,1,2693,24,13,7,1,12.6,15,29.40962,23.74418
"5146",27,2687,1,2693,1,13,7,1,12,18,35.258,17.012
"5147",27,2687,1,2693,3,13,7,1,12,17,33.0755,19.288
"5148",27,2687,1,2693,11,13,7,1,10,13,21.4495,18.28
"5149",27,2687,1,2693,12,13,7,1,16,16,32.224,32.224
"5150",27,2687,1,2693,8,13,7,1,13,19,39.1105,17.4625
"5151",27,2687,1,2693,10,13,7,1,12,18,35.258,17.012
"5152",27,2687,1,2693,19,13,7,1,16,12,21.008,30.904
"5153",27,2687,1,2693,20,13,7,1,10,11,17.8655,17.376
"5154",27,2687,1,2693,16,13,7,1,20,13,14.2395,41.48
"5155",27,2687,1,2693,17,13,7,1,10,14,23.258,17.898
"5156",27,2687,1,2693,26,13,7,1,11.5,14,25.9685,21.555375
"5157",27,2687,1,2693,18,13,7,1,11,13,23.2305,20.5505
"5158",27,2687,1,2693,21,13,7,1,14,13,25.2375,27.428
"5159",27,2687,1,2693,25,13,7,1,13,14,27.428,25.2375
"5160",27,2687,1,2693,9,13,7,1,20,16,24.648,43.616
"5161",27,2688,1,2694,7,12,6,2,12,10.1,18.316055,19.83862
"5162",27,2688,1,2694,29,12,6,2,16,18.5,39.323375,28.5315
"5163",27,2688,1,2694,2,12,6,2,14,18.4,38.69808,22.32392
"5164",27,2688,1,2694,6,12,6,2,12,12.9,24.242255,22.80662
"5165",27,2688,1,2694,28,12,6,2,16,10.9,17.954455,28.98142
"5166",27,2688,1,2694,1,12,6,2,8,26.9,37.756855,-45.9729799999999
"5167",27,2688,1,2694,5,12,6,2,12,4.9,7.539055,2.76182
"5168",27,2688,1,2694,27,12,6,2,16,19.3,41.609695,26.61598
"5169",27,2688,1,2694,9,12,6,2,16,18.5,39.323375,28.5315
"5170",27,2688,1,2694,30,12,6,2,16,12.8,23.23712,31.87968
"5171",27,2688,1,2694,8,12,6,2,14,14.8,29.68872,27.52808
"5172",27,2688,1,2694,4,12,6,2,8,22.5,30.709375,-15.4404999999999
"5173",27,2688,1,2694,16,12,6,2,16,14.8,28.84072,32.76208
"5174",27,2688,1,2694,26,12,6,2,10,18.7,31.905295,8.65497999999998
"5175",27,2688,1,2694,3,12,6,2,16,10.9,17.954455,28.98142
"5176",27,2688,1,2694,14,12,6,2,16,11.8,20.45182,30.60448
"5177",27,2688,1,2694,23,12,6,2,16,16.8,34.48832,31.42048
"5178",27,2688,1,2694,25,12,6,2,18,22.5,50.294375,23.2145000000001
"5179",27,2688,1,2694,10,12,6,2,18,24.7,57.421495,12.92378
"5180",27,2688,1,2694,13,12,6,2,16,12.7,22.958095,31.77718
"5181",27,2688,1,2694,12,12,6,2,14,18.2,38.19382,22.80208
"5182",27,2688,1,2694,15,12,6,2,16,18.9,40.465655,27.61822
"5183",27,2688,1,2694,17,12,6,2,16,16.8,34.48832,31.42048
"5184",27,2688,1,2694,19,12,6,2,16,16.4,33.35528,31.86672
"5185",27,2688,1,2694,22,12,6,2,14,13.5,26.470375,27.6365
"5186",27,2688,1,2694,21,12,6,2,10,17.9,30.416255,11.09562
"5187",27,2688,1,2694,24,12,6,2,16,18.6,39.60878,28.31152
"5188",27,2688,1,2694,11,12,6,2,16,15.8,31.65902,32.36928
"5189",27,2688,1,2694,20,12,6,2,16,24.1,55.475455,7.65021999999999
"5190",27,2688,1,2694,18,12,6,2,16,14.5,27.997375,32.7715
"5191",27,2689,1,2694,30,11,6,1,12.8,16,31.87968,23.23712
"5192",27,2689,1,2694,6,11,6,1,12.9,12,22.80662,24.242255
"5193",27,2689,1,2694,4,11,6,1,22.5,8,-15.4404999999999,30.709375
"5194",27,2689,1,2694,7,11,6,1,10.1,12,19.83862,18.316055
"5195",27,2689,1,2694,5,11,6,1,4.9,12,2.76182,7.539055
"5196",27,2689,1,2694,29,11,6,1,18.5,16,28.5315,39.323375
"5197",27,2689,1,2694,2,11,6,1,18.4,14,22.32392,38.69808
"5198",27,2689,1,2694,3,11,6,1,10.9,16,28.98142,17.954455
"5199",27,2689,1,2694,13,11,6,1,12.7,16,31.77718,22.958095
"5200",27,2689,1,2694,28,11,6,1,10.9,16,28.98142,17.954455
"5201",27,2689,1,2694,27,11,6,1,19.3,16,26.61598,41.609695
"5202",27,2689,1,2694,26,11,6,1,18.7,10,8.65497999999998,31.905295
"5203",27,2689,1,2694,1,11,6,1,26.9,8,-45.9729799999999,37.756855
"5204",27,2689,1,2694,8,11,6,1,14.8,14,27.52808,29.68872
"5205",27,2689,1,2694,16,11,6,1,14.8,16,32.76208,28.84072
"5206",27,2689,1,2694,9,11,6,1,18.5,16,28.5315,39.323375
"5207",27,2689,1,2694,17,11,6,1,16.8,16,31.42048,34.48832
"5208",27,2689,1,2694,10,11,6,1,24.7,18,12.92378,57.421495
"5209",27,2689,1,2694,14,11,6,1,11.8,16,30.60448,20.45182
"5210",27,2689,1,2694,25,11,6,1,22.5,18,23.2145000000001,50.294375
"5211",27,2689,1,2694,24,11,6,1,18.6,16,28.31152,39.60878
"5212",27,2689,1,2694,18,11,6,1,14.5,16,32.7715,27.997375
"5213",27,2689,1,2694,22,11,6,1,13.5,14,27.6365,26.470375
"5214",27,2689,1,2694,15,11,6,1,18.9,16,27.61822,40.465655
"5215",27,2689,1,2694,12,11,6,1,18.2,14,22.80208,38.19382
"5216",27,2689,1,2694,21,11,6,1,17.9,10,11.09562,30.416255
"5217",27,2689,1,2694,23,11,6,1,16.8,16,31.42048,34.48832
"5218",27,2689,1,2694,20,11,6,1,24.1,16,7.65021999999999,55.475455
"5219",27,2689,1,2694,11,11,6,1,15.8,16,32.36928,31.65902
"5220",27,2689,1,2694,19,11,6,1,16.4,16,31.86672,33.35528
"5221",27,2690,1,2695,9,10,5,2,8,18,23.722,4.65200000000004
"5222",27,2690,1,2695,7,10,5,2,16,18,37.898,29.548
"5223",27,2690,1,2695,6,10,5,2,14,28,63.42,-26.782
"5224",27,2690,1,2695,8,10,5,2,16,18,37.898,29.548
"5225",27,2690,1,2695,30,10,5,2,11.9,12,22.24702,22.115855
"5226",27,2690,1,2695,29,10,5,2,14,11,20.3335,25.204
"5227",27,2690,1,2695,10,10,5,2,12,18,35.258,17.012
"5228",27,2690,1,2695,4,10,5,2,24,18,16.49,55.148
"5229",27,2690,1,2695,28,10,5,2,11.9,27.2,55.52134,-30.4776649999999
"5230",27,2690,1,2695,3,10,5,2,20,28,67.272,2.12000000000002
"5231",27,2690,1,2695,26,10,5,2,11.8,14.7,27.840875,21.8995
"5232",27,2690,1,2695,5,10,5,2,12,16,30.904,21.008
"5233",27,2690,1,2695,11,10,5,2,12.1,12,22.40342,22.540255
"5234",27,2690,1,2695,1,10,5,2,8,2,0.682000000000007,-15.092
"5235",27,2690,1,2695,12,10,5,2,14,18,37.69,23.258
"5236",27,2690,1,2695,17,10,5,2,27.9,11,-40.25938,53.774755
"5237",27,2690,1,2695,2,10,5,2,10,2,2.28199999999999,-14.214
"5238",27,2690,1,2695,14,10,5,2,13,14,27.428,25.2375
"5239",27,2690,1,2695,27,10,5,2,7.5,14,15.9605,11.857375
"5240",27,2690,1,2695,25,10,5,2,11.9,14.2,26.90574,22.454435
"5241",27,2690,1,2695,13,10,5,2,14.8,14,27.52808,29.68872
"5242",27,2690,1,2695,22,10,5,2,9.6,13,20.58142,17.37488
"5243",27,2690,1,2695,16,10,5,2,11.9,22,43.85202,1.97085499999992
"5244",27,2690,1,2695,15,10,5,2,9,13,19.1125,16.0205
"5245",27,2690,1,2695,19,10,5,2,10,13,21.4495,18.28
"5246",27,2690,1,2695,18,10,5,2,11.9,11,20.14702,21.072355
"5247",27,2690,1,2695,23,10,5,2,11.8,14,26.36048,22.28982
"5248",27,2690,1,2695,21,10,5,2,13,14.6,28.81538,25.03842
"5249",27,2690,1,2695,24,10,5,2,13,11.8,22.37482,24.25498
"5250",27,2690,1,2695,20,10,5,2,11.9,18,35.07802,16.700855
"5251",27,2691,1,2695,11,9,5,1,12,12.1,22.540255,22.40342
"5252",27,2691,1,2695,12,9,5,1,18,14,23.258,37.69
"5253",27,2691,1,2695,7,9,5,1,18,16,29.548,37.898
"5254",27,2691,1,2695,8,9,5,1,18,16,29.548,37.898
"5255",27,2691,1,2695,4,9,5,1,18,24,55.148,16.49
"5256",27,2691,1,2695,30,9,5,1,12,11.9,22.115855,22.24702
"5257",27,2691,1,2695,6,9,5,1,28,14,-26.782,63.42
"5258",27,2691,1,2695,14,9,5,1,14,13,25.2375,27.428
"5259",27,2691,1,2695,10,9,5,1,18,12,17.012,35.258
"5260",27,2691,1,2695,13,9,5,1,14,14.8,29.68872,27.52808
"5261",27,2691,1,2695,5,9,5,1,16,12,21.008,30.904
"5262",27,2691,1,2695,29,9,5,1,11,14,25.204,20.3335
"5263",27,2691,1,2695,9,9,5,1,18,8,4.65200000000004,23.722
"5264",27,2691,1,2695,15,9,5,1,13,9,16.0205,19.1125
"5265",27,2691,1,2695,28,9,5,1,27.2,11.9,-30.4776649999999,55.52134
"5266",27,2691,1,2695,27,9,5,1,14,7.5,11.857375,15.9605
"5267",27,2691,1,2695,3,9,5,1,28,20,2.12000000000002,67.272
"5268",27,2691,1,2695,19,9,5,1,13,10,18.28,21.4495
"5269",27,2691,1,2695,22,9,5,1,13,9.6,17.37488,20.58142
"5270",27,2691,1,2695,16,9,5,1,22,11.9,1.97085499999992,43.85202
"5271",27,2691,1,2695,2,9,5,1,2,10,-14.214,2.28199999999999
"5272",27,2691,1,2695,26,9,5,1,14.7,11.8,21.8995,27.840875
"5273",27,2691,1,2695,18,9,5,1,11,11.9,21.072355,20.14702
"5274",27,2691,1,2695,23,9,5,1,14,11.8,22.28982,26.36048
"5275",27,2691,1,2695,25,9,5,1,14.2,11.9,22.454435,26.90574
"5276",27,2691,1,2695,17,9,5,1,11,27.9,53.774755,-40.25938
"5277",27,2691,1,2695,1,9,5,1,2,8,-15.092,0.682000000000007
"5278",27,2691,1,2695,20,9,5,1,18,11.9,16.700855,35.07802
"5279",27,2691,1,2695,21,9,5,1,14.6,13,25.03842,28.81538
"5280",27,2691,1,2695,24,9,5,1,11.8,13,24.25498,22.37482
"5281",27,2692,1,2696,11,8,4,2,26,18,5.57799999999996,61.658
"5282",27,2692,1,2696,10,8,4,2,22,19,29.0214999999999,47.5
"5283",27,2692,1,2696,6,8,4,2,24,18,16.49,55.148
"5284",27,2692,1,2696,9,8,4,2,20,10,3.93000000000003,34.34
"5285",27,2692,1,2696,12,8,4,2,8,22,29.922,-12.6520000000001
"5286",27,2692,1,2696,13,8,4,2,10,12,19.652,18.106
"5287",27,2692,1,2696,8,8,4,2,12,22,44.098,2.34799999999993
"5288",27,2692,1,2696,4,8,4,2,28,26,31.418,51.108
"5289",27,2692,1,2696,5,8,4,2,20,28,67.272,2.12000000000002
"5290",27,2692,1,2696,30,8,4,2,6,16,12.244,4.51400000000001
"5291",27,2692,1,2696,14,8,4,2,10,26,45.818,-30.054
"5292",27,2692,1,2696,7,8,4,2,10,19,32.4655,7.64800000000004
"5293",27,2692,1,2696,28,8,4,2,24,24,41.696,41.696
"5294",27,2692,1,2696,29,8,4,2,16,24,55.184,8.17599999999996
"5295",27,2692,1,2696,3,8,4,2,26,20,14.596,60.058
"5296",27,2692,1,2696,26,8,4,2,24,24,41.696,41.696
"5297",27,2692,1,2696,15,8,4,2,18,26,61.658,5.57799999999996
"5298",27,2692,1,2696,27,8,4,2,24,24,41.696,41.696
"5299",27,2692,1,2696,2,8,4,2,26,28,51.108,31.418
"5300",27,2692,1,2696,1,8,4,2,26,26,41.914,41.914
"5301",27,2692,1,2696,22,8,4,2,24,24,41.696,41.696
"5302",27,2692,1,2696,23,8,4,2,24,24,41.696,41.696
"5303",27,2692,1,2696,16,8,4,2,22,26,56.2339999999999,23.658
"5304",27,2692,1,2696,21,8,4,2,24,26,50.186,32.764
"5305",27,2692,1,2696,17,8,4,2,26,24,32.764,50.186
"5306",27,2692,1,2696,19,8,4,2,26,24,32.764,50.186
"5307",27,2692,1,2696,24,8,4,2,24,24,41.696,41.696
"5308",27,2692,1,2696,25,8,4,2,24,24,41.696,41.696
"5309",27,2692,1,2696,20,8,4,2,28,26,31.418,51.108
"5310",27,2692,1,2696,18,8,4,2,22,26,56.2339999999999,23.658
"5311",27,2693,1,2696,13,7,4,1,12,10,18.106,19.652
"5312",27,2693,1,2696,11,7,4,1,18,26,61.658,5.57799999999996
"5313",27,2693,1,2696,6,7,4,1,18,24,55.148,16.49
"5314",27,2693,1,2696,7,7,4,1,19,10,7.64800000000004,32.4655
"5315",27,2693,1,2696,12,7,4,1,22,8,-12.6520000000001,29.922
"5316",27,2693,1,2696,14,7,4,1,26,10,-30.054,45.818
"5317",27,2693,1,2696,10,7,4,1,19,22,47.5,29.0214999999999
"5318",27,2693,1,2696,15,7,4,1,26,18,5.57799999999996,61.658
"5319",27,2693,1,2696,8,7,4,1,22,12,2.34799999999993,44.098
"5320",27,2693,1,2696,9,7,4,1,10,20,34.34,3.93000000000003
"5321",27,2693,1,2696,30,7,4,1,16,6,4.51400000000001,12.244
"5322",27,2693,1,2696,29,7,4,1,24,16,8.17599999999996,55.184
"5323",27,2693,1,2696,4,7,4,1,26,28,51.108,31.418
"5324",27,2693,1,2696,16,7,4,1,26,22,23.658,56.2339999999999
"5325",27,2693,1,2696,5,7,4,1,28,20,2.12000000000002,67.272
"5326",27,2693,1,2696,28,7,4,1,24,24,41.696,41.696
"5327",27,2693,1,2696,2,7,4,1,28,26,31.418,51.108
"5328",27,2693,1,2696,3,7,4,1,20,26,60.058,14.596
"5329",27,2693,1,2696,24,7,4,1,24,24,41.696,41.696
"5330",27,2693,1,2696,17,7,4,1,24,26,50.186,32.764
"5331",27,2693,1,2696,1,7,4,1,26,26,41.914,41.914
"5332",27,2693,1,2696,26,7,4,1,24,24,41.696,41.696
"5333",27,2693,1,2696,27,7,4,1,24,24,41.696,41.696
"5334",27,2693,1,2696,23,7,4,1,24,24,41.696,41.696
"5335",27,2693,1,2696,18,7,4,1,26,22,23.658,56.2339999999999
"5336",27,2693,1,2696,19,7,4,1,24,26,50.186,32.764
"5337",27,2693,1,2696,22,7,4,1,24,24,41.696,41.696
"5338",27,2693,1,2696,25,7,4,1,24,24,41.696,41.696
"5339",27,2693,1,2696,21,7,4,1,26,24,32.764,50.186
"5340",27,2693,1,2696,20,7,4,1,26,28,51.108,31.418
"5341",27,2694,1,2697,7,6,3,2,18,11,13.9055,33.208
"5342",27,2694,1,2697,10,6,3,2,16,14,26.594,32.676
"5343",27,2694,1,2697,11,6,3,2,9,14,20.756,15.4735
"5344",27,2694,1,2697,30,6,3,2,0,9.9,-27.361945,-1.05418
"5345",27,2694,1,2697,14,6,3,2,10,10,16.09,16.09
"5346",27,2694,1,2697,6,6,3,2,14,10,17.898,23.258
"5347",27,2694,1,2697,8,6,3,2,10,14,23.258,17.898
"5348",27,2694,1,2697,13,6,3,2,12,11,20.2115,21.268
"5349",27,2694,1,2697,5,6,3,2,10,16,26.908,15.466
"5350",27,2694,1,2697,29,6,3,2,0,9.9,-27.361945,-1.05418
"5351",27,2694,1,2697,15,6,3,2,12,10,18.106,19.652
"5352",27,2694,1,2697,9,6,3,2,13,14,27.428,25.2375
"5353",27,2694,1,2697,12,6,3,2,16,10.5,16.847375,28.1155
"5354",27,2694,1,2697,28,6,3,2,0,9.9,-27.361945,-1.05418
"5355",27,2694,1,2697,4,6,3,2,20,14,17.698,42.748
"5356",27,2694,1,2697,3,6,3,2,18,11,13.9055,33.208
"5357",27,2694,1,2697,16,6,3,2,10,11,17.8655,17.376
"5358",27,2694,1,2697,22,6,3,2,0,10,-27.35,-1.06000000000001
"5359",27,2694,1,2697,2,6,3,2,12,26,53.114,-21.212
"5360",27,2694,1,2697,26,6,3,2,0,9.9,-27.361945,-1.05418
"5361",27,2694,1,2697,18,6,3,2,12,10,18.106,19.652
"5362",27,2694,1,2697,21,6,3,2,0,11,-27.2245,-1.42400000000001
"5363",27,2694,1,2697,17,6,3,2,8,10,11.85,12.572
"5364",27,2694,1,2697,25,6,3,2,0,9.9,-27.361945,-1.05418
"5365",27,2694,1,2697,1,6,3,2,22,26,56.2339999999999,23.658
"5366",27,2694,1,2697,27,6,3,2,0,9.9,-27.361945,-1.05418
"5367",27,2694,1,2697,23,6,3,2,0,10,-27.35,-1.06000000000001
"5368",27,2694,1,2697,24,6,3,2,0,10,-27.35,-1.06000000000001
"5369",27,2694,1,2697,19,6,3,2,12,11,20.2115,21.268
"5370",27,2694,1,2697,20,6,3,2,0,11,-27.2245,-1.42400000000001
"5371",27,2695,1,2697,11,5,3,1,14,9,15.4735,20.756
"5372",27,2695,1,2697,7,5,3,1,11,18,33.208,13.9055
"5373",27,2695,1,2697,10,5,3,1,14,16,32.676,26.594
"5374",27,2695,1,2697,8,5,3,1,14,10,17.898,23.258
"5375",27,2695,1,2697,13,5,3,1,11,12,21.268,20.2115
"5376",27,2695,1,2697,12,5,3,1,10.5,16,28.1155,16.847375
"5377",27,2695,1,2697,16,5,3,1,11,10,17.376,17.8655
"5378",27,2695,1,2697,15,5,3,1,10,12,19.652,18.106
"5379",27,2695,1,2697,9,5,3,1,14,13,25.2375,27.428
"5380",27,2695,1,2697,18,5,3,1,10,12,19.652,18.106
"5381",27,2695,1,2697,6,5,3,1,10,14,23.258,17.898
"5382",27,2695,1,2697,4,5,3,1,14,20,42.748,17.698
"5383",27,2695,1,2697,17,5,3,1,10,8,12.572,11.85
"5384",27,2695,1,2697,29,5,3,1,9.9,0,-1.05418,-27.361945
"5385",27,2695,1,2697,14,5,3,1,10,10,16.09,16.09
"5386",27,2695,1,2697,19,5,3,1,11,12,21.268,20.2115
"5387",27,2695,1,2697,30,5,3,1,9.9,0,-1.05418,-27.361945
"5388",27,2695,1,2697,20,5,3,1,11,0,-1.42400000000001,-27.2245
"5389",27,2695,1,2697,26,5,3,1,9.9,0,-1.05418,-27.361945
"5390",27,2695,1,2697,5,5,3,1,16,10,15.466,26.908
"5391",27,2695,1,2697,28,5,3,1,9.9,0,-1.05418,-27.361945
"5392",27,2695,1,2697,3,5,3,1,11,18,33.208,13.9055
"5393",27,2695,1,2697,27,5,3,1,9.9,0,-1.05418,-27.361945
"5394",27,2695,1,2697,21,5,3,1,11,0,-1.42400000000001,-27.2245
"5395",27,2695,1,2697,2,5,3,1,26,12,-21.212,53.114
"5396",27,2695,1,2697,1,5,3,1,26,22,23.658,56.2339999999999
"5397",27,2695,1,2697,23,5,3,1,10,0,-1.06000000000001,-27.35
"5398",27,2695,1,2697,25,5,3,1,9.9,0,-1.05418,-27.361945
"5399",27,2695,1,2697,24,5,3,1,10,0,-1.06000000000001,-27.35
"5400",27,2695,1,2697,22,5,3,1,10,0,-1.06000000000001,-27.35
"5401",27,2696,1,2698,12,4,2,2,18,22,48.682,25.1779999999999
"5402",27,2696,1,2698,20,4,2,2,16,28,66.928,-17.192
"5403",27,2696,1,2698,11,4,2,2,22,28,64.1079999999999,11.842
"5404",27,2696,1,2698,8,4,2,2,20,20,38.68,38.68
"5405",27,2696,1,2698,10,4,2,2,20,22,45.762,32.8759999999999
"5406",27,2696,1,2698,19,4,2,2,14,20,42.748,17.698
"5407",27,2696,1,2698,16,4,2,2,20,16,24.648,43.616
"5408",27,2696,1,2698,9,4,2,2,14,20,42.748,17.698
"5409",27,2696,1,2698,13,4,2,2,22,20,32.8759999999999,45.762
"5410",27,2696,1,2698,7,4,2,2,22,20,32.8759999999999,45.762
"5411",27,2696,1,2698,6,4,2,2,22,12,2.34799999999993,44.098
"5412",27,2696,1,2698,17,4,2,2,14,6,8.26600000000002,9.914
"5413",27,2696,1,2698,21,4,2,2,16,16,32.224,32.224
"5414",27,2696,1,2698,14,4,2,2,22,22,40.6179999999999,40.6179999999999
"5415",27,2696,1,2698,22,4,2,2,18,18,35.882,35.882
"5416",27,2696,1,2698,15,4,2,2,16,18,37.898,29.548
"5417",27,2696,1,2698,23,4,2,2,20,20,38.68,38.68
"5418",27,2696,1,2698,30,4,2,2,16,20,43.616,24.648
"5419",27,2696,1,2698,5,4,2,2,14,22,47.85,9.91399999999992
"5420",27,2696,1,2698,4,4,2,2,14,18,37.69,23.258
"5421",27,2696,1,2698,3,4,2,2,18,12,17.012,35.258
"5422",27,2696,1,2698,18,4,2,2,16,18,37.898,29.548
"5423",27,2696,1,2698,28,4,2,2,16,26,61.034,-3.39600000000004
"5424",27,2696,1,2698,29,4,2,2,14,20,42.748,17.698
"5425",27,2696,1,2698,2,4,2,2,28,16,-17.192,66.928
"5426",27,2696,1,2698,26,4,2,2,14,14,27.706,27.706
"5427",27,2696,1,2698,24,4,2,2,22,24,48.4039999999999,33.25
"5428",27,2696,1,2698,27,4,2,2,14,18,37.69,23.258
"5429",27,2696,1,2698,25,4,2,2,24,16,8.17599999999996,55.184
"5430",27,2696,1,2698,1,4,2,2,28,16,-17.192,66.928
"5431",27,2697,1,2698,13,3,2,1,20,22,45.762,32.8759999999999
"5432",27,2697,1,2698,11,3,2,1,28,22,11.842,64.1079999999999
"5433",27,2697,1,2698,20,3,2,1,28,16,-17.192,66.928
"5434",27,2697,1,2698,7,3,2,1,20,22,45.762,32.8759999999999
"5435",27,2697,1,2698,10,3,2,1,22,20,32.8759999999999,45.762
"5436",27,2697,1,2698,9,3,2,1,20,14,17.698,42.748
"5437",27,2697,1,2698,12,3,2,1,22,18,25.1779999999999,48.682
"5438",27,2697,1,2698,14,3,2,1,22,22,40.6179999999999,40.6179999999999
"5439",27,2697,1,2698,16,3,2,1,16,20,43.616,24.648
"5440",27,2697,1,2698,19,3,2,1,20,14,17.698,42.748
"5441",27,2697,1,2698,18,3,2,1,18,16,29.548,37.898
"5442",27,2697,1,2698,21,3,2,1,16,16,32.224,32.224
"5443",27,2697,1,2698,6,3,2,1,12,22,44.098,2.34799999999993
"5444",27,2697,1,2698,8,3,2,1,20,20,38.68,38.68
"5445",27,2697,1,2698,17,3,2,1,6,14,9.914,8.26600000000002
"5446",27,2697,1,2698,28,3,2,1,26,16,-3.39600000000004,61.034
"5447",27,2697,1,2698,5,3,2,1,22,14,9.91399999999992,47.85
"5448",27,2697,1,2698,15,3,2,1,18,16,29.548,37.898
"5449",27,2697,1,2698,27,3,2,1,18,14,23.258,37.69
"5450",27,2697,1,2698,23,3,2,1,20,20,38.68,38.68
"5451",27,2697,1,2698,1,3,2,1,16,28,66.928,-17.192
"5452",27,2697,1,2698,22,3,2,1,18,18,35.882,35.882
"5453",27,2697,1,2698,4,3,2,1,18,14,23.258,37.69
"5454",27,2697,1,2698,26,3,2,1,14,14,27.706,27.706
"5455",27,2697,1,2698,30,3,2,1,20,16,24.648,43.616
"5456",27,2697,1,2698,3,3,2,1,12,18,35.258,17.012
"5457",27,2697,1,2698,25,3,2,1,16,24,55.184,8.17599999999996
"5458",27,2697,1,2698,29,3,2,1,20,14,17.698,42.748
"5459",27,2697,1,2698,2,3,2,1,16,28,66.928,-17.192
"5460",27,2697,1,2698,24,3,2,1,24,22,33.25,48.4039999999999
"5461",27,2698,1,2699,22,2,1,2,9,13,19.1125,16.0205
"5462",27,2698,1,2699,6,2,1,2,19.1,15,23.79622,41.029955
"5463",27,2698,1,2699,10,2,1,2,11.9,13,24.35802,22.603355
"5464",27,2698,1,2699,13,2,1,2,8.5,14,19.2965,14.265375
"5465",27,2698,1,2699,5,2,1,2,16.7,13,22.76538,33.702395
"5466",27,2698,1,2699,14,2,1,2,11.2,14,25.52648,20.82192
"5467",27,2698,1,2699,15,2,1,2,8.9,14,20.47522,15.231655
"5468",27,2698,1,2699,11,2,1,2,17,13,22.2405,34.4045
"5469",27,2698,1,2699,12,2,1,2,10.3,14,23.90018,18.627495
"5470",27,2698,1,2699,21,2,1,2,8.4,9,11.37542,11.69408
"5471",27,2698,1,2699,23,2,1,2,11.1,14,25.36802,20.577655
"5472",27,2698,1,2699,19,2,1,2,10,15,25.0775,16.96
"5473",27,2698,1,2699,20,2,1,2,10,12,19.652,18.106
"5474",27,2698,1,2699,28,2,1,2,9.6,14,22.32392,16.92688
"5475",27,2698,1,2699,30,2,1,2,8.7,14,19.89698,14.748295
"5476",27,2698,1,2699,7,2,1,2,0.2,21,-23.58782,-34.94878
"5477",27,2698,1,2699,8,2,1,2,12,13,24.4555,22.832
"5478",27,2698,1,2699,9,2,1,2,6.7,13,11.62738,10.865395
"5479",27,2698,1,2699,18,2,1,2,14,14,27.706,27.706
"5480",27,2698,1,2699,29,2,1,2,9.6,14,22.32392,16.92688
"5481",27,2698,1,2699,16,2,1,2,12,14,26.594,22.78
"5482",27,2698,1,2699,17,2,1,2,10,14,23.258,17.898
"5483",27,2698,1,2699,26,2,1,2,9.4,14,21.82352,16.44198
"5484",27,2698,1,2699,1,2,1,2,14,14,27.706,27.706
"5485",27,2698,1,2699,24,2,1,2,12.6,14,27.16112,24.25318
"5486",27,2698,1,2699,27,2,1,2,9.5,14,22.0765,16.684375
"5487",27,2698,1,2699,25,2,1,2,8.8,14,20.18888,14.98992
"5488",27,2698,1,2699,4,2,1,2,2.4,22,-4.86968,-33.3563200000001
"5489",27,2698,1,2699,3,2,1,2,28,18,-7.55799999999998,68.212
"5490",27,2698,1,2699,2,2,1,2,20,14.5,19.431375,43.1735
"5491",27,2699,1,2699,1,1,1,1,14,14,27.706,27.706
"5492",27,2699,1,2699,27,1,1,1,14,9.5,16.684375,22.0765
"5493",27,2699,1,2699,4,1,1,1,22,2.4,-33.3563200000001,-4.86968
"5494",27,2699,1,2699,30,1,1,1,14,8.7,14.748295,19.89698
"5495",27,2699,1,2699,7,1,1,1,21,0.2,-34.94878,-23.58782
"5496",27,2699,1,2699,10,1,1,1,13,11.9,22.603355,24.35802
"5497",27,2699,1,2699,11,1,1,1,13,17,34.4045,22.2405
"5498",27,2699,1,2699,13,1,1,1,14,8.5,14.265375,19.2965
"5499",27,2699,1,2699,14,1,1,1,14,11.2,20.82192,25.52648
"5500",27,2699,1,2699,16,1,1,1,14,12,22.78,26.594
"5501",27,2699,1,2699,19,1,1,1,15,10,16.96,25.0775
"5502",27,2699,1,2699,20,1,1,1,12,10,18.106,19.652
"5503",27,2699,1,2699,22,1,1,1,13,9,16.0205,19.1125
"5504",27,2699,1,2699,23,1,1,1,14,11.1,20.577655,25.36802
"5505",27,2699,1,2699,2,1,1,1,14.5,20,43.1735,19.431375
"5506",27,2699,1,2699,28,1,1,1,14,9.6,16.92688,22.32392
"5507",27,2699,1,2699,5,1,1,1,13,16.7,33.702395,22.76538
"5508",27,2699,1,2699,6,1,1,1,15,19.1,41.029955,23.79622
"5509",27,2699,1,2699,8,1,1,1,13,12,22.832,24.4555
"5510",27,2699,1,2699,9,1,1,1,13,6.7,10.865395,11.62738
"5511",27,2699,1,2699,12,1,1,1,14,10.3,18.627495,23.90018
"5512",27,2699,1,2699,21,1,1,1,9,8.4,11.69408,11.37542
"5513",27,2699,1,2699,15,1,1,1,14,8.9,15.231655,20.47522
"5514",27,2699,1,2699,17,1,1,1,14,10,17.898,23.258
"5515",27,2699,1,2699,18,1,1,1,14,14,27.706,27.706
"5516",27,2699,1,2699,29,1,1,1,14,9.6,16.92688,22.32392
"5517",27,2699,1,2699,26,1,1,1,14,9.4,16.44198,21.82352
"5518",27,2699,1,2699,24,1,1,1,14,12.6,24.25318,27.16112
"5519",27,2699,1,2699,3,1,1,1,18,28,68.212,-7.55799999999998
"5520",27,2699,1,2699,25,1,1,1,14,8.8,14.98992,20.18888
"5521",28,2778,0,2789,8,22,11,2,15,12,22.8644235295023,29.9728028637603
"5522",28,2778,0,2789,10,22,11,2,17,10,18.0210070694693,34.6072255160713
"5523",28,2778,0,2789,14,22,11,2,14,18,37.9665230137677,26.3978794631435
"5524",28,2778,0,2789,1,22,11,2,24,0.5,-3.16571250271718,46.3748542448556
"5525",28,2778,0,2789,2,22,11,2,18.5,18.5,36.662125,36.662125
"5526",28,2778,0,2789,21,22,11,2,14,9.5,17.0343494392997,26.050409945541
"5527",28,2778,0,2789,16,22,11,2,21,15,25.8569874605889,45.7189181124613
"5528",28,2778,0,2789,29,22,11,2,22,12,18.3930510829273,49.4054643977678
"5529",28,2778,0,2789,7,22,11,2,13,24.5,56.6225479836623,16.7505287395569
"5530",28,2778,0,2789,23,22,11,2,17,10.5,19.0997842559071,34.8410285346866
"5531",28,2778,0,2789,18,22,11,2,17,11,20.1899527865251,35.0339527865251
"5532",28,2778,0,2789,9,22,11,2,11,14,26.9701821980182,20.4890441952443
"5533",28,2778,0,2789,25,22,11,2,14,8.5,14.7881763229045,25.2328346100057
"5534",28,2778,0,2789,3,22,11,2,18.5,6.5,10.4146601405526,36.3392121516483
"5535",28,2778,0,2789,12,22,11,2,13,16.5,34.0729471557168,24.8651109906683
"5536",28,2778,0,2789,11,22,11,2,18.5,8,13.336765906306,37.6672574111603
"5537",28,2778,0,2789,27,22,11,2,16,9.8,17.7976677888431,31.710539161936
"5538",28,2778,0,2789,5,22,11,2,16,8,13.9374485044466,30.3841614031983
"5539",28,2778,0,2789,24,22,11,2,13,12.5,23.8917157830471,24.9980405056546
"5540",28,2778,0,2789,13,22,11,2,16,11,20.4531649898719,32.3004638803019
"5541",28,2778,0,2789,15,22,11,2,22,9.5,13.5487728649241,49.047407573662
"5542",28,2778,0,2789,26,22,11,2,14,15.5,31.4682610488111,27.5220455495046
"5543",28,2778,0,2789,4,22,11,2,4,26,58.3219723453902,-0.705797418826141
"5544",28,2778,0,2789,20,22,11,2,18,13.5,25.2636254448476,38.0431339399932
"5545",28,2778,0,2789,17,22,11,2,14,10.5,19.3260879324159,26.7044702139693
"5546",28,2778,0,2789,28,22,11,2,24,14.5,20.5303165427025,54.4612036786248
"5547",28,2778,0,2789,6,22,11,2,22,15,24.582099302479,48.4861332830616
"5548",28,2778,0,2789,22,22,11,2,11,12,21.8221620226184,19.8708631321885
"5549",28,2778,0,2789,19,22,11,2,13,8,13.309268318582,22.0203605515917
"5550",28,2778,0,2789,30,22,11,2,13,11,20.2617111972699,24.3733894219579
"5551",28,2779,0,2789,29,21,11,1,12,22,49.4054643977678,18.3930510829273
"5552",28,2779,0,2789,25,21,11,1,8.5,14,25.2328346100057,14.7881763229045
"5553",28,2779,0,2789,4,21,11,1,26,4,-0.705797418826141,58.3219723453902
"5554",28,2779,0,2789,7,21,11,1,24.5,13,16.7505287395569,56.6225479836623
"5555",28,2779,0,2789,14,21,11,1,18,14,26.3978794631435,37.9665230137677
"5556",28,2779,0,2789,27,21,11,1,9.8,16,31.710539161936,17.7976677888431
"5557",28,2779,0,2789,3,21,11,1,6.5,18.5,36.3392121516483,10.4146601405526
"5558",28,2779,0,2789,9,21,11,1,14,11,20.4890441952443,26.9701821980182
"5559",28,2779,0,2789,5,21,11,1,8,16,30.3841614031983,13.9374485044466
"5560",28,2779,0,2789,15,21,11,1,9.5,22,49.047407573662,13.5487728649241
"5561",28,2779,0,2789,26,21,11,1,15.5,14,27.5220455495046,31.4682610488111
"5562",28,2779,0,2789,10,21,11,1,10,17,34.6072255160713,18.0210070694693
"5563",28,2779,0,2789,21,21,11,1,9.5,14,26.050409945541,17.0343494392997
"5564",28,2779,0,2789,6,21,11,1,15,22,48.4861332830616,24.582099302479
"5565",28,2779,0,2789,28,21,11,1,14.5,24,54.4612036786248,20.5303165427025
"5566",28,2779,0,2789,12,21,11,1,16.5,13,24.8651109906683,34.0729471557168
"5567",28,2779,0,2789,23,21,11,1,10.5,17,34.8410285346866,19.0997842559071
"5568",28,2779,0,2789,8,21,11,1,12,15,29.9728028637603,22.8644235295023
"5569",28,2779,0,2789,30,21,11,1,11,13,24.3733894219579,20.2617111972699
"5570",28,2779,0,2789,17,21,11,1,10.5,14,26.7044702139693,19.3260879324159
"5571",28,2779,0,2789,13,21,11,1,11,16,32.3004638803019,20.4531649898719
"5572",28,2779,0,2789,24,21,11,1,12.5,13,24.9980405056546,23.8917157830471
"5573",28,2779,0,2789,18,21,11,1,11,17,35.0339527865251,20.1899527865251
"5574",28,2779,0,2789,16,21,11,1,15,21,45.7189181124613,25.8569874605889
"5575",28,2779,0,2789,1,21,11,1,0.5,24,46.3748542448556,-3.16571250271718
"5576",28,2779,0,2789,11,21,11,1,8,18.5,37.6672574111603,13.336765906306
"5577",28,2779,0,2789,20,21,11,1,13.5,18,38.0431339399932,25.2636254448476
"5578",28,2779,0,2789,19,21,11,1,8,13,22.0203605515917,13.309268318582
"5579",28,2779,0,2789,2,21,11,1,18.5,18.5,36.662125,36.662125
"5580",28,2779,0,2789,22,21,11,1,12,11,19.8708631321885,21.8221620226184
"5581",28,2780,0,2790,28,20,10,2,14,13,25.2547826883605,27.6242424664465
"5582",28,2780,0,2790,29,20,10,2,14,13,25.2547826883605,27.6242424664465
"5583",28,2780,0,2790,27,20,10,2,14,12,22.8491307534419,27.3789698657859
"5584",28,2780,0,2790,17,20,10,2,14,14,27.706,27.706
"5585",28,2780,0,2790,26,20,10,2,14,12,22.8491307534419,27.3789698657859
"5586",28,2780,0,2790,25,20,10,2,14,15,30.2027826883605,27.6242424664465
"5587",28,2780,0,2790,15,20,10,2,14,12,22.8491307534419,27.3789698657859
"5588",28,2780,0,2790,30,20,10,2,15,12,22.8644235295023,29.9728028637603
"5589",28,2780,0,2790,12,20,10,2,14,12,22.8491307534419,27.3789698657859
"5590",28,2780,0,2790,4,20,10,2,10,10,16.09,16.09
"5591",28,2780,0,2790,14,20,10,2,13,14,27.6242424664465,25.2547826883605
"5592",28,2780,0,2790,18,20,10,2,13,15,30.1695503096139,25.2215503096139
"5593",28,2780,0,2790,16,20,10,2,14,13,25.2547826883605,27.6242424664465
"5594",28,2780,0,2790,3,20,10,2,5,4,-5.74535531441345,-5.2576195307796
"5595",28,2780,0,2790,7,20,10,2,15,11,20.5528621261116,29.6125403507996
"5596",28,2780,0,2790,6,20,10,2,19,12,21.2904439626732,40.8037886228674
"5597",28,2780,0,2790,21,20,10,2,14,11,20.4890441952443,26.9701821980182
"5598",28,2780,0,2790,13,20,10,2,14,13,25.2547826883605,27.6242424664465
"5599",28,2780,0,2790,9,20,10,2,13,15,30.1695503096139,25.2215503096139
"5600",28,2780,0,2790,5,20,10,2,11,12,21.8221620226184,19.8708631321885
"5601",28,2780,0,2790,20,20,10,2,14,13,25.2547826883605,27.6242424664465
"5602",28,2780,0,2790,1,20,10,2,9,12,20.3199408665342,15.0932855267284
"5603",28,2780,0,2790,2,20,10,2,1,12,7.77045355791482,-2.1944098262738
"5604",28,2780,0,2790,10,20,10,2,14,10,18.1745230137677,26.3978794631435
"5605",28,2780,0,2790,8,20,10,2,14,14,27.706,27.706
"5606",28,2780,0,2790,19,20,10,2,16,13,25.0248028637603,32.7604235295023
"5607",28,2780,0,2790,22,20,10,2,14,12,22.8491307534419,27.3789698657859
"5608",28,2780,0,2790,23,20,10,2,15,13,25.2215503096139,30.1695503096139
"5609",28,2780,0,2790,24,20,10,2,15,14,27.6242424664465,30.2027826883605
"5610",28,2780,0,2790,11,20,10,2,14,11,20.4890441952443,26.9701821980182
"5611",28,2781,0,2790,28,19,10,1,13,14,27.6242424664465,25.2547826883605
"5612",28,2781,0,2790,14,19,10,1,14,13,25.2547826883605,27.6242424664465
"5613",28,2781,0,2790,12,19,10,1,12,14,27.3789698657859,22.8491307534419
"5614",28,2781,0,2790,29,19,10,1,13,14,27.6242424664465,25.2547826883605
"5615",28,2781,0,2790,27,19,10,1,12,14,27.3789698657859,22.8491307534419
"5616",28,2781,0,2790,15,19,10,1,12,14,27.3789698657859,22.8491307534419
"5617",28,2781,0,2790,26,19,10,1,12,14,27.3789698657859,22.8491307534419
"5618",28,2781,0,2790,25,19,10,1,15,14,27.6242424664465,30.2027826883605
"5619",28,2781,0,2790,4,19,10,1,10,10,16.09,16.09
"5620",28,2781,0,2790,6,19,10,1,12,19,40.8037886228674,21.2904439626732
"5621",28,2781,0,2790,17,19,10,1,14,14,27.706,27.706
"5622",28,2781,0,2790,13,19,10,1,13,14,27.6242424664465,25.2547826883605
"5623",28,2781,0,2790,3,19,10,1,4,5,-5.2576195307796,-5.74535531441345
"5624",28,2781,0,2790,30,19,10,1,12,15,29.9728028637603,22.8644235295023
"5625",28,2781,0,2790,18,19,10,1,15,13,25.2215503096139,30.1695503096139
"5626",28,2781,0,2790,16,19,10,1,13,14,27.6242424664465,25.2547826883605
"5627",28,2781,0,2790,23,19,10,1,13,15,30.1695503096139,25.2215503096139
"5628",28,2781,0,2790,7,19,10,1,11,15,29.6125403507996,20.5528621261116
"5629",28,2781,0,2790,20,19,10,1,13,14,27.6242424664465,25.2547826883605
"5630",28,2781,0,2790,8,19,10,1,14,14,27.706,27.706
"5631",28,2781,0,2790,19,19,10,1,13,16,32.7604235295023,25.0248028637603
"5632",28,2781,0,2790,9,19,10,1,15,13,25.2215503096139,30.1695503096139
"5633",28,2781,0,2790,5,19,10,1,12,11,19.8708631321885,21.8221620226184
"5634",28,2781,0,2790,11,19,10,1,11,14,26.9701821980182,20.4890441952443
"5635",28,2781,0,2790,22,19,10,1,12,14,27.3789698657859,22.8491307534419
"5636",28,2781,0,2790,10,19,10,1,10,14,26.3978794631435,18.1745230137677
"5637",28,2781,0,2790,21,19,10,1,11,14,26.9701821980182,20.4890441952443
"5638",28,2781,0,2790,2,19,10,1,12,1,-2.1944098262738,7.77045355791482
"5639",28,2781,0,2790,1,19,10,1,12,9,15.0932855267284,20.3199408665342
"5640",28,2781,0,2790,24,19,10,1,14,15,30.2027826883605,27.6242424664465
"5641",28,2782,0,2791,3,18,9,2,24,14,19.5302466446471,54.7242688360479
"5642",28,2782,0,2791,4,18,9,2,18,12,21.9292114550411,38.0276941180092
"5643",28,2782,0,2791,26,18,9,2,14,18,37.9665230137677,26.3978794631435
"5644",28,2782,0,2791,28,18,9,2,16,18,37.251291641098,31.0488089781299
"5645",28,2782,0,2791,17,18,9,2,18,10,17.6428049538224,37.4348049538224
"5646",28,2782,0,2791,9,18,9,2,14,14,27.706,27.706
"5647",28,2782,0,2791,25,18,9,2,12,12,22.328,22.328
"5648",28,2782,0,2791,29,18,9,2,24,14,19.5302466446471,54.7242688360479
"5649",28,2782,0,2791,27,18,9,2,10,12,21.1528089781298,17.4592916410979
"5650",28,2782,0,2791,12,18,9,2,16,18,37.251291641098,31.0488089781299
"5651",28,2782,0,2791,7,18,9,2,22,20,35.8084872028178,43.68361341641
"5652",28,2782,0,2791,14,18,9,2,12,16,32.6122012384556,22.7162012384556
"5653",28,2782,0,2791,15,18,9,2,16,26,59.1830732743281,19.8074422063669
"5654",28,2782,0,2791,30,18,9,2,12,16,32.6122012384556,22.7162012384556
"5655",28,2782,0,2791,23,18,9,2,16,22,47.8526594439454,26.7362461291048
"5656",28,2782,0,2791,5,18,9,2,10,22,49.2007764720366,14.4948458201642
"5657",28,2782,0,2791,6,18,9,2,12,18,38.0276941180092,21.9292114550411
"5658",28,2782,0,2791,18,18,9,2,10,22,49.2007764720366,14.4948458201642
"5659",28,2782,0,2791,1,18,9,2,18,22,46.0951665643918,31.1812359125194
"5660",28,2782,0,2791,10,18,9,2,20,24,48.8694883397039,32.2829141372073
"5661",28,2782,0,2791,8,18,9,2,18,20,40.897452528754,33.8586480904738
"5662",28,2782,0,2791,20,18,9,2,12,18,38.0276941180092,21.9292114550411
"5663",28,2782,0,2791,16,18,9,2,16,14,27.3789698657859,32.7451307534419
"5664",28,2782,0,2791,13,18,9,2,24,18,27.8497634661367,51.4751421069135
"5665",28,2782,0,2791,24,18,9,2,14,16,32.7451307534419,27.3789698657859
"5666",28,2782,0,2791,11,18,9,2,18,22,46.0951665643918,31.1812359125194
"5667",28,2782,0,2791,21,18,9,2,20,20,38.68,38.68
"5668",28,2782,0,2791,19,18,9,2,16,10,18.2356941180092,31.8252114550411
"5669",28,2782,0,2791,2,18,9,2,28,24,31.9062705865832,51.838131890328
"5670",28,2782,0,2791,22,18,9,2,12,10,17.4592916410979,21.1528089781298
"5671",28,2783,0,2791,3,17,9,1,14,24,54.7242688360479,19.5302466446471
"5672",28,2783,0,2791,26,17,9,1,18,14,26.3978794631435,37.9665230137677
"5673",28,2783,0,2791,28,17,9,1,18,16,31.0488089781299,37.251291641098
"5674",28,2783,0,2791,25,17,9,1,12,12,22.328,22.328
"5675",28,2783,0,2791,14,17,9,1,16,12,22.7162012384556,32.6122012384556
"5676",28,2783,0,2791,29,17,9,1,14,24,54.7242688360479,19.5302466446471
"5677",28,2783,0,2791,6,17,9,1,18,12,21.9292114550411,38.0276941180092
"5678",28,2783,0,2791,4,17,9,1,12,18,38.0276941180092,21.9292114550411
"5679",28,2783,0,2791,16,17,9,1,14,16,32.7451307534419,27.3789698657859
"5680",28,2783,0,2791,17,17,9,1,10,18,37.4348049538224,17.6428049538224
"5681",28,2783,0,2791,27,17,9,1,12,10,17.4592916410979,21.1528089781298
"5682",28,2783,0,2791,9,17,9,1,14,14,27.706,27.706
"5683",28,2783,0,2791,7,17,9,1,20,22,43.68361341641,35.8084872028178
"5684",28,2783,0,2791,8,17,9,1,20,18,33.8586480904738,40.897452528754
"5685",28,2783,0,2791,15,17,9,1,26,16,19.8074422063669,59.1830732743281
"5686",28,2783,0,2791,12,17,9,1,18,16,31.0488089781299,37.251291641098
"5687",28,2783,0,2791,23,17,9,1,22,16,26.7362461291048,47.8526594439454
"5688",28,2783,0,2791,10,17,9,1,24,20,32.2829141372073,48.8694883397039
"5689",28,2783,0,2791,20,17,9,1,18,12,21.9292114550411,38.0276941180092
"5690",28,2783,0,2791,30,17,9,1,16,12,22.7162012384556,32.6122012384556
"5691",28,2783,0,2791,5,17,9,1,22,10,14.4948458201642,49.2007764720366
"5692",28,2783,0,2791,1,17,9,1,22,18,31.1812359125194,46.0951665643918
"5693",28,2783,0,2791,11,17,9,1,22,18,31.1812359125194,46.0951665643918
"5694",28,2783,0,2791,18,17,9,1,22,10,14.4948458201642,49.2007764720366
"5695",28,2783,0,2791,19,17,9,1,10,16,31.8252114550411,18.2356941180092
"5696",28,2783,0,2791,13,17,9,1,18,24,51.4751421069135,27.8497634661367
"5697",28,2783,0,2791,24,17,9,1,16,14,27.3789698657859,32.7451307534419
"5698",28,2783,0,2791,2,17,9,1,24,28,51.838131890328,31.9062705865832
"5699",28,2783,0,2791,21,17,9,1,20,20,38.68,38.68
"5700",28,2783,0,2791,22,17,9,1,10,12,21.1528089781298,17.4592916410979
"5701",28,2784,0,2792,14,16,8,2,10.5,25.5,60.1216182306224,10.4667916009415
"5702",28,2784,0,2792,25,16,8,2,16,2,2.13628070506175,22.1366496371006
"5703",28,2784,0,2792,29,16,8,2,18.5,2,2.26347542902543,30.1476229671669
"5704",28,2784,0,2792,30,16,8,2,10.5,2,-1.74087916401361,5.51494659881579
"5705",28,2784,0,2792,28,16,8,2,10.5,18,37.6443453950343,18.6973195628567
"5706",28,2784,0,2792,26,16,8,2,10.5,28,68.1836097181638,5.67934394146482
"5707",28,2784,0,2792,17,16,8,2,18.5,6.5,10.4146601405526,36.3392121516483
"5708",28,2784,0,2792,4,16,8,2,17,25.5,56.7600748928518,22.8464925419504
"5709",28,2784,0,2792,15,16,8,2,10.5,14,26.7044702139693,19.3260879324159
"5710",28,2784,0,2792,3,16,8,2,16,25.5,57.7269018408994,20.8166183804279
"5711",28,2784,0,2792,27,16,8,2,10.5,2,-1.74087916401361,5.51494659881579
"5712",28,2784,0,2792,20,16,8,2,10.5,2,-1.74087916401361,5.51494659881579
"5713",28,2784,0,2792,19,16,8,2,6.5,2,-7.66741807110251,-5.70782254405674
"5714",28,2784,0,2792,6,16,8,2,18.5,25.5,55.0032437199548,25.9767388655859
"5715",28,2784,0,2792,9,16,8,2,10.5,25.5,60.1216182306224,10.4667916009415
"5716",28,2784,0,2792,16,16,8,2,12,10.5,18.6593817145531,21.5079248837625
"5717",28,2784,0,2792,18,16,8,2,20,4,5.21250691653795,38.1059327140414
"5718",28,2784,0,2792,22,16,8,2,18,10,17.6428049538224,37.4348049538224
"5719",28,2784,0,2792,5,16,8,2,15,25.5,58.5302137218399,18.8323095956264
"5720",28,2784,0,2792,7,16,8,2,18.5,25.5,55.0032437199548,25.9767388655859
"5721",28,2784,0,2792,23,16,8,2,14,28,66.807406918654,11.6815234235084
"5722",28,2784,0,2792,21,16,8,2,18,14,26.3978794631435,37.9665230137677
"5723",28,2784,0,2792,24,16,8,2,10.5,10,16.4936410604396,17.3386152282621
"5724",28,2784,0,2792,12,16,8,2,20,16,29.2195576878315,42.4608447890797
"5725",28,2784,0,2792,8,16,8,2,10.5,25.5,60.1216182306224,10.4667916009415
"5726",28,2784,0,2792,11,16,8,2,18.5,18,35.4374801727836,37.1187761159182
"5727",28,2784,0,2792,2,16,8,2,20,25.5,52.8785036460668,29.2095072868435
"5728",28,2784,0,2792,10,16,8,2,10.5,14,26.7044702139693,19.3260879324159
"5729",28,2784,0,2792,13,16,8,2,18,25.5,55.6297328776972,24.9219320801938
"5730",28,2784,0,2792,1,16,8,2,18,20,40.897452528754,33.8586480904738
"5731",28,2785,0,2792,26,15,8,1,28,10.5,5.67934394146482,68.1836097181638
"5732",28,2785,0,2792,17,15,8,1,6.5,18.5,36.3392121516483,10.4146601405526
"5733",28,2785,0,2792,28,15,8,1,18,10.5,18.6973195628567,37.6443453950343
"5734",28,2785,0,2792,25,15,8,1,2,16,22.1366496371006,2.13628070506175
"5735",28,2785,0,2792,14,15,8,1,25.5,10.5,10.4667916009415,60.1216182306224
"5736",28,2785,0,2792,16,15,8,1,10.5,12,21.5079248837625,18.6593817145531
"5737",28,2785,0,2792,19,15,8,1,2,6.5,-5.70782254405674,-7.66741807110251
"5738",28,2785,0,2792,3,15,8,1,25.5,16,20.8166183804279,57.7269018408994
"5739",28,2785,0,2792,30,15,8,1,2,10.5,5.51494659881579,-1.74087916401361
"5740",28,2785,0,2792,4,15,8,1,25.5,17,22.8464925419504,56.7600748928518
"5741",28,2785,0,2792,15,15,8,1,14,10.5,19.3260879324159,26.7044702139693
"5742",28,2785,0,2792,22,15,8,1,10,18,37.4348049538224,17.6428049538224
"5743",28,2785,0,2792,29,15,8,1,2,18.5,30.1476229671669,2.26347542902543
"5744",28,2785,0,2792,9,15,8,1,25.5,10.5,10.4667916009415,60.1216182306224
"5745",28,2785,0,2792,20,15,8,1,2,10.5,5.51494659881579,-1.74087916401361
"5746",28,2785,0,2792,18,15,8,1,4,20,38.1059327140414,5.21250691653795
"5747",28,2785,0,2792,6,15,8,1,25.5,18.5,25.9767388655859,55.0032437199548
"5748",28,2785,0,2792,27,15,8,1,2,10.5,5.51494659881579,-1.74087916401361
"5749",28,2785,0,2792,8,15,8,1,25.5,10.5,10.4667916009415,60.1216182306224
"5750",28,2785,0,2792,11,15,8,1,18,18.5,37.1187761159182,35.4374801727836
"5751",28,2785,0,2792,21,15,8,1,14,18,37.9665230137677,26.3978794631435
"5752",28,2785,0,2792,12,15,8,1,16,20,42.4608447890797,29.2195576878315
"5753",28,2785,0,2792,7,15,8,1,25.5,18.5,25.9767388655859,55.0032437199548
"5754",28,2785,0,2792,10,15,8,1,14,10.5,19.3260879324159,26.7044702139693
"5755",28,2785,0,2792,24,15,8,1,10,10.5,17.3386152282621,16.4936410604396
"5756",28,2785,0,2792,2,15,8,1,25.5,20,29.2095072868435,52.8785036460668
"5757",28,2785,0,2792,23,15,8,1,28,14,11.6815234235084,66.807406918654
"5758",28,2785,0,2792,1,15,8,1,20,18,33.8586480904738,40.897452528754
"5759",28,2785,0,2792,5,15,8,1,25.5,15,18.8323095956264,58.5302137218399
"5760",28,2785,0,2792,13,15,8,1,25.5,18,24.9219320801938,55.6297328776972
"5761",28,2786,0,2793,14,14,7,2,21.7,14.2,23.279578404743,48.028586553148
"5762",28,2786,0,2793,25,14,7,2,17.5,6.5,10.7047817479287,33.3190119837123
"5763",28,2786,0,2793,28,14,7,2,16.3,12.4,23.5519988993942,33.4859937052195
"5764",28,2786,0,2793,26,14,7,2,6,12.2,17.395371533642,8.40843541713716
"5765",28,2786,0,2793,30,14,7,2,6.1,6.3,1.95271275691028,1.78407824928199
"5766",28,2786,0,2793,6,14,7,2,22.6,12.5,18.6254483642017,51.1094276776553
"5767",28,2786,0,2793,27,14,7,2,11.9,14,27.3454492770289,22.6110716556697
"5768",28,2786,0,2793,3,14,7,2,10.5,11.6,20.4904871985472,18.4475532387692
"5769",28,2786,0,2793,29,14,7,2,12,10.1,17.6983983482546,21.2271024605985
"5770",28,2786,0,2793,15,14,7,2,5.8,17.8,33.4508492875706,9.28257300463026
"5771",28,2786,0,2793,9,14,7,2,19.5,11.8,20.4874571948346,42.1936242336695
"5772",28,2786,0,2793,16,14,7,2,11.9,17.8,37.4628620323137,21.8177236065162
"5773",28,2786,0,2793,17,14,7,2,20.3,12.8,21.8919007348401,44.4455642230509
"5774",28,2786,0,2793,19,14,7,2,11.8,12.2,22.7387498348533,21.9164141899158
"5775",28,2786,0,2793,5,14,7,2,12.5,22,49.3544394622586,19.3960807590686
"5776",28,2786,0,2793,7,14,7,2,20.8,18.5,34.0350113506918,42.4422117182369
"5777",28,2786,0,2793,8,14,7,2,21.9,17.5,30.199879732928,46.3292172641346
"5778",28,2786,0,2793,4,14,7,2,15,12.5,24.037291247468,30.0916159700754
"5779",28,2786,0,2793,22,14,7,2,21,15.7,27.3940734830362,45.3266231154911
"5780",28,2786,0,2793,12,14,7,2,22.6,17.6,29.3585376667096,48.1054912034641
"5781",28,2786,0,2793,10,14,7,2,6.2,18.5,36.029454031627,9.84254163911659
"5782",28,2786,0,2793,20,14,7,2,12.3,20.3,44.4798700370402,20.8407898706047
"5783",28,2786,0,2793,18,14,7,2,16.8,12.6,23.8362936129701,34.8417901178245
"5784",28,2786,0,2793,21,14,7,2,16.8,11.8,22.0314041022159,34.7150247679579
"5785",28,2786,0,2793,1,14,7,2,17.5,0,-1.08839028183618,22.9973439414648
"5786",28,2786,0,2793,11,14,7,2,16.3,18,37.0875942370456,31.7621684603465
"5787",28,2786,0,2793,23,14,7,2,21.1,16.1,28.1569643310647,45.3358145391091
"5788",28,2786,0,2793,24,14,7,2,6.9,18.1,35.5235469813366,11.3272984376473
"5789",28,2786,0,2793,13,14,7,2,11,20.6,45.2517941681783,17.8884840988302
"5790",28,2786,0,2793,2,14,7,2,3.5,10,7.12269843759919,0.89461435299447
"5791",28,2787,0,2793,27,13,7,1,14,11.9,22.6110716556697,27.3454492770289
"5792",28,2787,0,2793,28,13,7,1,12.4,16.3,33.4859937052195,23.5519988993942
"5793",28,2787,0,2793,25,13,7,1,6.5,17.5,33.3190119837123,10.7047817479287
"5794",28,2787,0,2793,6,13,7,1,12.5,22.6,51.1094276776553,18.6254483642017
"5795",28,2787,0,2793,16,13,7,1,17.8,11.9,21.8177236065162,37.4628620323137
"5796",28,2787,0,2793,3,13,7,1,11.6,10.5,18.4475532387692,20.4904871985472
"5797",28,2787,0,2793,14,13,7,1,14.2,21.7,48.028586553148,23.279578404743
"5798",28,2787,0,2793,5,13,7,1,22,12.5,19.3960807590686,49.3544394622586
"5799",28,2787,0,2793,18,13,7,1,12.6,16.8,34.8417901178245,23.8362936129701
"5800",28,2787,0,2793,19,13,7,1,12.2,11.8,21.9164141899158,22.7387498348533
"5801",28,2787,0,2793,30,13,7,1,6.3,6.1,1.78407824928199,1.95271275691028
"5802",28,2787,0,2793,26,13,7,1,12.2,6,8.40843541713716,17.395371533642
"5803",28,2787,0,2793,9,13,7,1,11.8,19.5,42.1936242336695,20.4874571948346
"5804",28,2787,0,2793,10,13,7,1,18.5,6.2,9.84254163911659,36.029454031627
"5805",28,2787,0,2793,29,13,7,1,10.1,12,21.2271024605985,17.6983983482546
"5806",28,2787,0,2793,22,13,7,1,15.7,21,45.3266231154911,27.3940734830362
"5807",28,2787,0,2793,8,13,7,1,17.5,21.9,46.3292172641346,30.199879732928
"5808",28,2787,0,2793,12,13,7,1,17.6,22.6,48.1054912034641,29.3585376667096
"5809",28,2787,0,2793,17,13,7,1,12.8,20.3,44.4455642230509,21.8919007348401
"5810",28,2787,0,2793,4,13,7,1,12.5,15,30.0916159700754,24.037291247468
"5811",28,2787,0,2793,15,13,7,1,17.8,5.8,9.28257300463026,33.4508492875706
"5812",28,2787,0,2793,7,13,7,1,18.5,20.8,42.4422117182369,34.0350113506918
"5813",28,2787,0,2793,11,13,7,1,18,16.3,31.7621684603465,37.0875942370456
"5814",28,2787,0,2793,20,13,7,1,20.3,12.3,20.8407898706047,44.4798700370402
"5815",28,2787,0,2793,21,13,7,1,11.8,16.8,34.7150247679579,22.0314041022159
"5816",28,2787,0,2793,24,13,7,1,18.1,6.9,11.3272984376473,35.5235469813366
"5817",28,2787,0,2793,13,13,7,1,20.6,11,17.8884840988302,45.2517941681783
"5818",28,2787,0,2793,2,13,7,1,10,3.5,0.89461435299447,7.12269843759919
"5819",28,2787,0,2793,23,13,7,1,16.1,21.1,45.3358145391091,28.1569643310647
"5820",28,2787,0,2793,1,13,7,1,0,17.5,22.9973439414648,-1.08839028183618
"5821",28,2788,0,2794,3,12,6,2,10,5,4.23037164729215,9.80525722288161
"5822",28,2788,0,2794,29,12,6,2,15,7,11.7622702797586,26.5363396278862
"5823",28,2788,0,2794,30,12,6,2,7,4,-2.15861114456151,-0.0681624621759362
"5824",28,2788,0,2794,16,12,6,2,2,5,-9.72840379365999,-10.5643698130775
"5825",28,2788,0,2794,27,12,6,2,8,8,8.992,8.992
"5826",28,2788,0,2794,18,12,6,2,7,9,10.2010676466458,7.762032972582
"5827",28,2788,0,2794,5,12,6,2,5,7,1.82490675898977,0.222193860238031
"5828",28,2788,0,2794,6,12,6,2,10,3,-0.194522056744278,6.14675464228485
"5829",28,2788,0,2794,17,12,6,2,4,5,-5.2576195307796,-5.74535531441345
"5830",28,2788,0,2794,14,12,6,2,12,6,8.26865944394536,16.8402461291049
"5831",28,2788,0,2794,19,12,6,2,9,4,0.774072756862193,5.30355611331157
"5832",28,2788,0,2794,8,12,6,2,20,9,14.4180506452935,42.7819930863475
"5833",28,2788,0,2794,11,12,6,2,8,5,1.72176818969647,4.43945820356609
"5834",28,2788,0,2794,4,12,6,2,4,12,13.70287430195,3.94673560569482
"5835",28,2788,0,2794,21,12,6,2,5,3,-8.17764525210593,-7.41125412866627
"5836",28,2788,0,2794,7,12,6,2,10,5,4.23037164729215,9.80525722288161
"5837",28,2788,0,2794,10,12,6,2,2,12,9.91144220636694,-0.192926725671888
"5838",28,2788,0,2794,13,12,6,2,12,3,1.85412175165098,11.888915787712
"5839",28,2788,0,2794,28,12,6,2,10,9,13.6269435760165,15.1600815787904
"5840",28,2788,0,2794,22,12,6,2,4,5,-5.2576195307796,-5.74535531441345
"5841",28,2788,0,2794,9,12,6,2,15,3,3.70072446094094,20.8438978312599
"5842",28,2788,0,2794,12,12,6,2,15,5,7.64036661690786,24.0171488637872
"5843",28,2788,0,2794,2,12,6,2,20,4,5.21250691653795,38.1059327140414
"5844",28,2788,0,2794,20,12,6,2,5,6,-0.744079308865597,-1.44089553632745
"5845",28,2788,0,2794,24,12,6,2,7,5,0.222193860238031,1.82490675898977
"5846",28,2788,0,2794,26,12,6,2,8,7,6.52302401984453,7.63800113496242
"5847",28,2788,0,2794,1,12,6,2,15,26,60.0106477326721,17.8473959989689
"5848",28,2788,0,2794,15,12,6,2,12,4.8,5.65363376016897,15.0363102650233
"5849",28,2788,0,2794,23,12,6,2,4,10,8.05776346613676,1.99514210691346
"5850",28,2788,0,2794,25,12,6,2,7,7,5.1205,5.1205
"5851",28,2789,0,2794,6,11,6,1,3,10,6.14675464228485,-0.194522056744278
"5852",28,2789,0,2794,8,11,6,1,9,20,42.7819930863475,14.4180506452935
"5853",28,2789,0,2794,16,11,6,1,5,2,-10.5643698130775,-9.72840379365999
"5854",28,2789,0,2794,30,11,6,1,4,7,-0.0681624621759362,-2.15861114456151
"5855",28,2789,0,2794,5,11,6,1,7,5,0.222193860238031,1.82490675898977
"5856",28,2789,0,2794,7,11,6,1,5,10,9.80525722288161,4.23037164729215
"5857",28,2789,0,2794,11,11,6,1,5,8,4.43945820356609,1.72176818969647
"5858",28,2789,0,2794,29,11,6,1,7,15,26.5363396278862,11.7622702797586
"5859",28,2789,0,2794,19,11,6,1,4,9,5.30355611331157,0.774072756862193
"5860",28,2789,0,2794,22,11,6,1,5,4,-5.74535531441345,-5.2576195307796
"5861",28,2789,0,2794,9,11,6,1,3,15,20.8438978312599,3.70072446094094
"5862",28,2789,0,2794,3,11,6,1,5,10,9.80525722288161,4.23037164729215
"5863",28,2789,0,2794,18,11,6,1,9,7,7.762032972582,10.2010676466458
"5864",28,2789,0,2794,21,11,6,1,3,5,-7.41125412866627,-8.17764525210593
"5865",28,2789,0,2794,24,11,6,1,5,7,1.82490675898977,0.222193860238031
"5866",28,2789,0,2794,10,11,6,1,12,2,-0.192926725671888,9.91144220636694
"5867",28,2789,0,2794,27,11,6,1,8,8,8.992,8.992
"5868",28,2789,0,2794,20,11,6,1,6,5,-1.44089553632745,-0.744079308865597
"5869",28,2789,0,2794,23,11,6,1,10,4,1.99514210691346,8.05776346613676
"5870",28,2789,0,2794,12,11,6,1,5,15,24.0171488637872,7.64036661690786
"5871",28,2789,0,2794,17,11,6,1,5,4,-5.74535531441345,-5.2576195307796
"5872",28,2789,0,2794,14,11,6,1,6,12,16.8402461291049,8.26865944394536
"5873",28,2789,0,2794,25,11,6,1,7,7,5.1205,5.1205
"5874",28,2789,0,2794,26,11,6,1,7,8,7.63800113496242,6.52302401984453
"5875",28,2789,0,2794,13,11,6,1,3,12,11.888915787712,1.85412175165098
"5876",28,2789,0,2794,4,11,6,1,12,4,3.94673560569482,13.70287430195
"5877",28,2789,0,2794,15,11,6,1,4.8,12,15.0363102650233,5.65363376016897
"5878",28,2789,0,2794,1,11,6,1,26,15,17.8473959989689,60.0106477326721
"5879",28,2789,0,2794,2,11,6,1,4,20,38.1059327140414,5.21250691653795
"5880",28,2789,0,2794,28,11,6,1,9,10,15.1600815787904,13.6269435760165
"5881",28,2790,0,2795,30,10,5,2,1,13,10.8069325053237,-1.31831021312286
"5882",28,2790,0,2795,8,10,5,2,1,13,10.8069325053237,-1.31831021312286
"5883",28,2790,0,2795,29,10,5,2,1,5,-12.2090685257608,-12.905528997328
"5884",28,2790,0,2795,18,10,5,2,2,13,12.8993959989689,0.634647732672108
"5885",28,2790,0,2795,7,10,5,2,13,13,25.1245,25.1245
"5886",28,2790,0,2795,10,10,5,2,4.6,13,17.5745505683853,5.9255843547931
"5887",28,2790,0,2795,11,10,5,2,4.5,13,17.4151763144885,5.71639112031371
"5888",28,2790,0,2795,20,10,5,2,28,13,9.90965827916614,67.4050015523977
"5889",28,2790,0,2795,24,10,5,2,10,13,23.7525615322762,17.8986648609863
"5890",28,2790,0,2795,16,10,5,2,12,11,19.8708631321885,21.8221620226184
"5891",28,2790,0,2795,27,10,5,2,3,13,14.828344425507,2.63317105518803
"5892",28,2790,0,2795,14,10,5,2,12,13,24.8307022445325,22.6703229102745
"5893",28,2790,0,2795,19,10,5,2,12,28,67.8390811190345,8.18335851154489
"5894",28,2790,0,2795,23,10,5,2,11,13,24.3733894219579,20.2617111972699
"5895",28,2790,0,2795,9,10,5,2,11,4.6,4.35925117599419,11.8965391648985
"5896",28,2790,0,2795,2,10,5,2,27,13,12.0685865303045,64.2673438118579
"5897",28,2790,0,2795,21,10,5,2,11,4,3.05269638985766,10.8575361956829
"5898",28,2790,0,2795,22,10,5,2,1,13,10.8069325053237,-1.31831021312286
"5899",28,2790,0,2795,5,10,5,2,13,13,25.1245,25.1245
"5900",28,2790,0,2795,1,10,5,2,13,28,67.4050015523977,9.90965827916614
"5901",28,2790,0,2795,12,10,5,2,7,13,20.9089874605889,11.0829181124613
"5902",28,2790,0,2795,13,10,5,2,10,17,34.6072255160713,18.0210070694693
"5903",28,2790,0,2795,26,10,5,2,1,11,4.77953998722687,-3.23402450653181
"5904",28,2790,0,2795,17,10,5,2,1,11,4.77953998722687,-3.23402450653181
"5905",28,2790,0,2795,28,10,5,2,11,5,5.23940077542941,12.5565047976208
"5906",28,2790,0,2795,15,10,5,2,11,13,24.3733894219579,20.2617111972699
"5907",28,2790,0,2795,25,10,5,2,11,5,5.23940077542941,12.5565047976208
"5908",28,2790,0,2795,6,10,5,2,13,13,25.1245,25.1245
"5909",28,2790,0,2795,3,10,5,2,13.7,13,25.2328669638986,26.8695353619568
"5910",28,2790,0,2795,4,10,5,2,24,13,17.5642808810771,55.1277628505639
"5911",28,2791,0,2795,29,9,5,1,5,1,-12.905528997328,-12.2090685257608
"5912",28,2791,0,2795,18,9,5,1,13,2,0.634647732672108,12.8993959989689
"5913",28,2791,0,2795,7,9,5,1,13,13,25.1245,25.1245
"5914",28,2791,0,2795,8,9,5,1,13,1,-1.31831021312286,10.8069325053237
"5915",28,2791,0,2795,20,9,5,1,13,28,67.4050015523977,9.90965827916614
"5916",28,2791,0,2795,30,9,5,1,13,1,-1.31831021312286,10.8069325053237
"5917",28,2791,0,2795,10,9,5,1,13,4.6,5.9255843547931,17.5745505683853
"5918",28,2791,0,2795,13,9,5,1,17,10,18.0210070694693,34.6072255160713
"5919",28,2791,0,2795,11,9,5,1,13,4.5,5.71639112031371,17.4151763144885
"5920",28,2791,0,2795,21,9,5,1,4,11,10.8575361956829,3.05269638985766
"5921",28,2791,0,2795,19,9,5,1,28,12,8.18335851154489,67.8390811190345
"5922",28,2791,0,2795,9,9,5,1,4.6,11,11.8965391648985,4.35925117599419
"5923",28,2791,0,2795,27,9,5,1,13,3,2.63317105518803,14.828344425507
"5924",28,2791,0,2795,23,9,5,1,13,11,20.2617111972699,24.3733894219579
"5925",28,2791,0,2795,24,9,5,1,13,10,17.8986648609863,23.7525615322762
"5926",28,2791,0,2795,26,9,5,1,11,1,-3.23402450653181,4.77953998722687
"5927",28,2791,0,2795,12,9,5,1,13,7,11.0829181124613,20.9089874605889
"5928",28,2791,0,2795,14,9,5,1,13,12,22.6703229102745,24.8307022445325
"5929",28,2791,0,2795,15,9,5,1,13,11,20.2617111972699,24.3733894219579
"5930",28,2791,0,2795,22,9,5,1,13,1,-1.31831021312286,10.8069325053237
"5931",28,2791,0,2795,16,9,5,1,11,12,21.8221620226184,19.8708631321885
"5932",28,2791,0,2795,2,9,5,1,13,27,64.2673438118579,12.0685865303045
"5933",28,2791,0,2795,28,9,5,1,5,11,12.5565047976208,5.23940077542941
"5934",28,2791,0,2795,4,9,5,1,13,24,55.1277628505639,17.5642808810771
"5935",28,2791,0,2795,25,9,5,1,5,11,12.5565047976208,5.23940077542941
"5936",28,2791,0,2795,1,9,5,1,28,13,9.90965827916614,67.4050015523977
"5937",28,2791,0,2795,5,9,5,1,13,13,25.1245,25.1245
"5938",28,2791,0,2795,3,9,5,1,13,13.7,26.8695353619568,25.2328669638986
"5939",28,2791,0,2795,6,9,5,1,13,13,25.1245,25.1245
"5940",28,2791,0,2795,17,9,5,1,11,1,-3.23402450653181,4.77953998722687
"5941",28,2792,0,2796,18,8,4,2,19.8,22,43.9542014432875,35.3375603059782
"5942",28,2792,0,2796,26,8,4,2,6,14,22.4735178525741,9.37209205507069
"5943",28,2792,0,2796,30,8,4,2,26,18,23.8642307513259,57.037379156319
"5944",28,2792,0,2796,8,8,4,2,9.5,14,26.050409945541,17.0343494392997
"5945",28,2792,0,2796,29,8,4,2,12,14,27.3789698657859,22.8491307534419
"5946",28,2792,0,2796,7,8,4,2,22,14,22.4735178525741,48.9560920550707
"5947",28,2792,0,2796,21,8,4,2,0,26,52.8024565549851,-6.08545190548649
"5948",28,2792,0,2796,24,8,4,2,15.9,18,37.3025871411066,30.8119337915921
"5949",28,2792,0,2796,19,8,4,2,10,20,43.2266599594876,16.3958555212075
"5950",28,2792,0,2796,10,8,4,2,0,14,11.6815234235083,-2.46459308134602
"5951",28,2792,0,2796,20,8,4,2,22,24,45.609774304066,36.8983263151618
"5952",28,2792,0,2796,23,8,4,2,18.9,18,35.0524315989312,38.1163987764624
"5953",28,2792,0,2796,4,8,4,2,18,18,35.882,35.882
"5954",28,2792,0,2796,25,8,4,2,5.7,19,37.0270846469978,8.71115498680367
"5955",28,2792,0,2796,13,8,4,2,18,20,40.897452528754,33.8586480904738
"5956",28,2792,0,2796,11,8,4,2,10,28,68.2166950509867,4.86745510646527
"5957",28,2792,0,2796,22,8,4,2,0,2,-22.8779954601503,-22.3899039206219
"5958",28,2792,0,2796,2,8,4,2,10,18,37.4348049538224,17.6428049538224
"5959",28,2792,0,2796,9,8,4,2,12,18,38.0276941180092,21.9292114550411
"5960",28,2792,0,2796,16,8,4,2,10,2,-2.33862084368105,4.07223075132588
"5961",28,2792,0,2796,27,8,4,2,12.6,28,67.5982551871053,9.21367052691113
"5962",28,2792,0,2796,1,8,4,2,18,16,31.0488089781299,37.251291641098
"5963",28,2792,0,2796,28,8,4,2,12,10,17.4592916410979,21.1528089781298
"5964",28,2792,0,2796,12,8,4,2,28,18,19.2246377680868,62.7818777126083
"5965",28,2792,0,2796,15,8,4,2,8.3,10,14.411847219015,11.929915478377
"5966",28,2792,0,2796,17,8,4,2,24,20,32.2829141372073,48.8694883397039
"5967",28,2792,0,2796,6,8,4,2,18,20,40.897452528754,33.8586480904738
"5968",28,2792,0,2796,3,8,4,2,28,16,15.3619498423557,65.1216724498452
"5969",28,2792,0,2796,14,8,4,2,6.5,22,47.2687400811017,8.11155336126814
"5970",28,2792,0,2796,5,8,4,2,16,18,37.251291641098,31.0488089781299
"5971",28,2793,0,2796,30,7,4,1,18,26,57.037379156319,23.8642307513259
"5972",28,2793,0,2796,18,7,4,1,22,19.8,35.3375603059782,43.9542014432875
"5973",28,2793,0,2796,21,7,4,1,26,0,-6.08545190548649,52.8024565549851
"5974",28,2793,0,2796,29,7,4,1,14,12,22.8491307534419,27.3789698657859
"5975",28,2793,0,2796,20,7,4,1,24,22,36.8983263151618,45.609774304066
"5976",28,2793,0,2796,23,7,4,1,18,18.9,38.1163987764624,35.0524315989312
"5977",28,2793,0,2796,19,7,4,1,20,10,16.3958555212075,43.2266599594876
"5978",28,2793,0,2796,7,7,4,1,14,22,48.9560920550707,22.4735178525741
"5979",28,2793,0,2796,10,7,4,1,14,0,-2.46459308134602,11.6815234235083
"5980",28,2793,0,2796,8,7,4,1,14,9.5,17.0343494392997,26.050409945541
"5981",28,2793,0,2796,24,7,4,1,18,15.9,30.8119337915921,37.3025871411066
"5982",28,2793,0,2796,26,7,4,1,14,6,9.37209205507069,22.4735178525741
"5983",28,2793,0,2796,9,7,4,1,18,12,21.9292114550411,38.0276941180092
"5984",28,2793,0,2796,13,7,4,1,20,18,33.8586480904738,40.897452528754
"5985",28,2793,0,2796,15,7,4,1,10,8.3,11.929915478377,14.411847219015
"5986",28,2793,0,2796,22,7,4,1,2,0,-22.3899039206219,-22.8779954601503
"5987",28,2793,0,2796,25,7,4,1,19,5.7,8.71115498680367,37.0270846469978
"5988",28,2793,0,2796,12,7,4,1,18,28,62.7818777126083,19.2246377680868
"5989",28,2793,0,2796,11,7,4,1,28,10,4.86745510646527,68.2166950509867
"5990",28,2793,0,2796,4,7,4,1,18,18,35.882,35.882
"5991",28,2793,0,2796,28,7,4,1,10,12,21.1528089781298,17.4592916410979
"5992",28,2793,0,2796,16,7,4,1,2,10,4.07223075132588,-2.33862084368105
"5993",28,2793,0,2796,27,7,4,1,28,12.6,9.21367052691113,67.5982551871053
"5994",28,2793,0,2796,14,7,4,1,22,6.5,8.11155336126814,47.2687400811017
"5995",28,2793,0,2796,5,7,4,1,18,16,31.0488089781299,37.251291641098
"5996",28,2793,0,2796,3,7,4,1,16,28,65.1216724498452,15.3619498423557
"5997",28,2793,0,2796,1,7,4,1,16,18,37.251291641098,31.0488089781299
"5998",28,2793,0,2796,2,7,4,1,18,10,17.6428049538224,37.4348049538224
"5999",28,2793,0,2796,6,7,4,1,20,18,33.8586480904738,40.897452528754
"6000",28,2793,0,2796,17,7,4,1,20,24,48.8694883397039,32.2829141372073
"6001",28,2794,0,2797,9,6,3,2,14,14,27.706,27.706
"6002",28,2794,0,2797,10,6,3,2,20,16,29.2195576878315,42.4608447890797
"6003",28,2794,0,2797,29,6,3,2,14,25,57.676705291618,17.813338440023
"6004",28,2794,0,2797,7,6,3,2,14,16.5,34.033391802253,27.1950154152904
"6005",28,2794,0,2797,18,6,3,2,27,26,39.2877598034784,44.3752653513286
"6006",28,2794,0,2797,12,6,3,2,16,16,32.224,32.224
"6007",28,2794,0,2797,13,6,3,2,18,18,35.882,35.882
"6008",28,2794,0,2797,20,6,3,2,26,26,41.914,41.914
"6009",28,2794,0,2797,30,6,3,2,25,14,17.813338440023,57.676705291618
"6010",28,2794,0,2797,26,6,3,2,25,25.5,43.1389168926172,40.7258393960846
"6011",28,2794,0,2797,1,6,3,2,14,18,37.9665230137677,26.3978794631435
"6012",28,2794,0,2797,11,6,3,2,12,16,32.6122012384556,22.7162012384556
"6013",28,2794,0,2797,21,6,3,2,26,26,41.914,41.914
"6014",28,2794,0,2797,8,6,3,2,17,12,22.4044638803019,35.2971649898719
"6015",28,2794,0,2797,19,6,3,2,26,26,41.914,41.914
"6016",28,2794,0,2797,16,6,3,2,24,24,41.696,41.696
"6017",28,2794,0,2797,23,6,3,2,26,25,39.4983000253924,44.3767251294146
"6018",28,2794,0,2797,24,6,3,2,25,25.5,43.1389168926172,40.7258393960846
"6019",28,2794,0,2797,22,6,3,2,25,26,44.3767251294146,39.4983000253924
"6020",28,2794,0,2797,4,6,3,2,20,21,41.1590240198445,37.3260011349624
"6021",28,2794,0,2797,14,6,3,2,20,20,38.68,38.68
"6022",28,2794,0,2797,15,6,3,2,22,22,40.618,40.618
"6023",28,2794,0,2797,27,6,3,2,25,25,41.9125,41.9125
"6024",28,2794,0,2797,25,6,3,2,25,25.5,43.1389168926172,40.7258393960846
"6025",28,2794,0,2797,2,6,3,2,20,15,26.9683605515918,42.997268318582
"6026",28,2794,0,2797,17,6,3,2,26,26,41.914,41.914
"6027",28,2794,0,2797,6,6,3,2,18,15,28.7005615322762,37.6906648609863
"6028",28,2794,0,2797,3,6,3,2,18,18,35.882,35.882
"6029",28,2794,0,2797,5,6,3,2,16,20,42.4608447890797,29.2195576878315
"6030",28,2794,0,2797,28,6,3,2,25,25,41.9125,41.9125
"6031",28,2795,0,2797,9,5,3,1,14,14,27.706,27.706
"6032",28,2795,0,2797,29,5,3,1,25,14,17.813338440023,57.676705291618
"6033",28,2795,0,2797,12,5,3,1,16,16,32.224,32.224
"6034",28,2795,0,2797,10,5,3,1,16,20,42.4608447890797,29.2195576878315
"6035",28,2795,0,2797,20,5,3,1,26,26,41.914,41.914
"6036",28,2795,0,2797,7,5,3,1,16.5,14,27.1950154152904,34.033391802253
"6037",28,2795,0,2797,18,5,3,1,26,27,44.3752653513286,39.2877598034784
"6038",28,2795,0,2797,15,5,3,1,22,22,40.618,40.618
"6039",28,2795,0,2797,11,5,3,1,16,12,22.7162012384556,32.6122012384556
"6040",28,2795,0,2797,23,5,3,1,25,26,44.3767251294146,39.4983000253924
"6041",28,2795,0,2797,21,5,3,1,26,26,41.914,41.914
"6042",28,2795,0,2797,30,5,3,1,14,25,57.676705291618,17.813338440023
"6043",28,2795,0,2797,13,5,3,1,18,18,35.882,35.882
"6044",28,2795,0,2797,25,5,3,1,25.5,25,40.7258393960846,43.1389168926172
"6045",28,2795,0,2797,26,5,3,1,25.5,25,40.7258393960846,43.1389168926172
"6046",28,2795,0,2797,8,5,3,1,12,17,35.2971649898719,22.4044638803019
"6047",28,2795,0,2797,1,5,3,1,18,14,26.3978794631435,37.9665230137677
"6048",28,2795,0,2797,16,5,3,1,24,24,41.696,41.696
"6049",28,2795,0,2797,17,5,3,1,26,26,41.914,41.914
"6050",28,2795,0,2797,24,5,3,1,25.5,25,40.7258393960846,43.1389168926172
"6051",28,2795,0,2797,19,5,3,1,26,26,41.914,41.914
"6052",28,2795,0,2797,4,5,3,1,21,20,37.3260011349624,41.1590240198445
"6053",28,2795,0,2797,2,5,3,1,15,20,42.997268318582,26.9683605515918
"6054",28,2795,0,2797,6,5,3,1,15,18,37.6906648609863,28.7005615322762
"6055",28,2795,0,2797,22,5,3,1,26,25,39.4983000253924,44.3767251294146
"6056",28,2795,0,2797,14,5,3,1,20,20,38.68,38.68
"6057",28,2795,0,2797,3,5,3,1,18,18,35.882,35.882
"6058",28,2795,0,2797,5,5,3,1,20,16,29.2195576878315,42.4608447890797
"6059",28,2795,0,2797,27,5,3,1,25,25,41.9125,41.9125
"6060",28,2795,0,2797,28,5,3,1,25,25,41.9125,41.9125
"6061",28,2796,0,2798,7,4,2,2,25,10,10.4169682652965,58.5036915662674
"6062",28,2796,0,2798,30,4,2,2,0,13,8.55095394457151,-3.22570278219686
"6063",28,2796,0,2798,29,4,2,2,15,16,32.5663229102745,29.7787022445325
"6064",28,2796,0,2798,10,4,2,2,18,26,57.037379156319,23.8642307513259
"6065",28,2796,0,2798,21,4,2,2,26,26,41.914,41.914
"6066",28,2796,0,2798,9,4,2,2,10,18,37.4348049538224,17.6428049538224
"6067",28,2796,0,2798,20,4,2,2,26,26,41.914,41.914
"6068",28,2796,0,2798,26,4,2,2,10,26,61.6957940177862,8.73064561279314
"6069",28,2796,0,2798,22,4,2,2,26,26,41.914,41.914
"6070",28,2796,0,2798,12,4,2,2,26,26,41.914,41.914
"6071",28,2796,0,2798,23,4,2,2,26,26,41.914,41.914
"6072",28,2796,0,2798,11,4,2,2,24,26,46.6759351917221,37.1281654275057
"6073",28,2796,0,2798,24,4,2,2,26,26,41.914,41.914
"6074",28,2796,0,2798,8,4,2,2,25,28,49.4418715184066,34.179354874856
"6075",28,2796,0,2798,15,4,2,2,26,26,41.914,41.914
"6076",28,2796,0,2798,13,4,2,2,26,26,41.914,41.914
"6077",28,2796,0,2798,1,4,2,2,10,28,68.2166950509867,4.86745510646527
"6078",28,2796,0,2798,28,4,2,2,10,26,61.6957940177862,8.73064561279314
"6079",28,2796,0,2798,18,4,2,2,26,26,41.914,41.914
"6080",28,2796,0,2798,14,4,2,2,26,26,41.914,41.914
"6081",28,2796,0,2798,25,4,2,2,26,10,8.73064561279314,61.6957940177862
"6082",28,2796,0,2798,27,4,2,2,10,10,16.09,16.09
"6083",28,2796,0,2798,6,4,2,2,12,28,67.8390811190345,8.18335851154489
"6084",28,2796,0,2798,5,4,2,2,10,10,16.09,16.09
"6085",28,2796,0,2798,16,4,2,2,26,26,41.914,41.914
"6086",28,2796,0,2798,4,4,2,2,25,10,10.4169682652965,58.5036915662674
"6087",28,2796,0,2798,2,4,2,2,25,10,10.4169682652965,58.5036915662674
"6088",28,2796,0,2798,19,4,2,2,26,26,41.914,41.914
"6089",28,2796,0,2798,17,4,2,2,26,26,41.914,41.914
"6090",28,2796,0,2798,3,4,2,2,26,25,39.4983000253924,44.3767251294146
"6091",28,2797,0,2798,20,3,2,1,26,26,41.914,41.914
"6092",28,2797,0,2798,7,3,2,1,10,25,58.5036915662674,10.4169682652965
"6093",28,2797,0,2798,8,3,2,1,28,25,34.179354874856,49.4418715184066
"6094",28,2797,0,2798,9,3,2,1,18,10,17.6428049538224,37.4348049538224
"6095",28,2797,0,2798,12,3,2,1,26,26,41.914,41.914
"6096",28,2797,0,2798,23,3,2,1,26,26,41.914,41.914
"6097",28,2797,0,2798,21,3,2,1,26,26,41.914,41.914
"6098",28,2797,0,2798,29,3,2,1,16,15,29.7787022445325,32.5663229102745
"6099",28,2797,0,2798,30,3,2,1,13,0,-3.22570278219686,8.55095394457151
"6100",28,2797,0,2798,11,3,2,1,26,24,37.1281654275057,46.6759351917221
"6101",28,2797,0,2798,26,3,2,1,26,10,8.73064561279314,61.6957940177862
"6102",28,2797,0,2798,22,3,2,1,26,26,41.914,41.914
"6103",28,2797,0,2798,18,3,2,1,26,26,41.914,41.914
"6104",28,2797,0,2798,10,3,2,1,26,18,23.8642307513259,57.037379156319
"6105",28,2797,0,2798,25,3,2,1,10,26,61.6957940177862,8.73064561279314
"6106",28,2797,0,2798,24,3,2,1,26,26,41.914,41.914
"6107",28,2797,0,2798,28,3,2,1,26,10,8.73064561279314,61.6957940177862
"6108",28,2797,0,2798,15,3,2,1,26,26,41.914,41.914
"6109",28,2797,0,2798,13,3,2,1,26,26,41.914,41.914
"6110",28,2797,0,2798,17,3,2,1,26,26,41.914,41.914
"6111",28,2797,0,2798,27,3,2,1,10,10,16.09,16.09
"6112",28,2797,0,2798,19,3,2,1,26,26,41.914,41.914
"6113",28,2797,0,2798,1,3,2,1,28,10,4.86745510646527,68.2166950509867
"6114",28,2797,0,2798,16,3,2,1,26,26,41.914,41.914
"6115",28,2797,0,2798,6,3,2,1,28,12,8.18335851154489,67.8390811190345
"6116",28,2797,0,2798,5,3,2,1,10,10,16.09,16.09
"6117",28,2797,0,2798,14,3,2,1,26,26,41.914,41.914
"6118",28,2797,0,2798,4,3,2,1,10,25,58.5036915662674,10.4169682652965
"6119",28,2797,0,2798,2,3,2,1,10,25,58.5036915662674,10.4169682652965
"6120",28,2797,0,2798,3,3,2,1,25,26,44.3767251294146,39.4983000253924
"6121",28,2798,0,2799,9,2,1,2,15.5,20,42.7494959372193,28.0882634476215
"6122",28,2798,0,2799,29,2,1,2,11,10,16.8564033541025,18.5986218007044
"6123",28,2798,0,2799,12,2,1,2,15,10,18.2868660994419,29.0887627707318
"6124",28,2798,0,2799,11,2,1,2,15.4,15,29.9746027058658,31.0645613189033
"6125",28,2798,0,2799,20,2,1,2,18,10,17.6428049538224,37.4348049538224
"6126",28,2798,0,2799,30,2,1,2,10,10,16.09,16.09
"6127",28,2798,0,2799,15,2,1,2,0.2,10,-0.0739702215100397,-6.08317391083043
"6128",28,2798,0,2799,13,2,1,2,13.8,10,18.13243258858,25.8651706468324
"6129",28,2798,0,2799,7,2,1,2,18.7,10,17.2807720079409,39.4412219593972
"6130",28,2798,0,2799,18,2,1,2,17.8,20,41.0832244668658,33.3865372823998
"6131",28,2798,0,2799,14,2,1,2,22,10,14.4948458201642,49.2007764720366
"6132",28,2798,0,2799,1,2,1,2,10,10,16.09,16.09
"6133",28,2798,0,2799,23,2,1,2,13.6,15,30.2091115449147,26.6576977585069
"6134",28,2798,0,2799,8,2,1,2,15,18,37.6906648609863,28.7005615322762
"6135",28,2798,0,2799,19,2,1,2,18,18,35.882,35.882
"6136",28,2798,0,2799,3,2,1,2,22,28,56.1401074328496,27.4967981402006
"6137",28,2798,0,2799,25,2,1,2,0.9,13.5,12.1264455749835,-1.13194199783203
"6138",28,2798,0,2799,10,2,1,2,16.2,15,29.7003208853861,33.0705553375359
"6139",28,2798,0,2799,21,2,1,2,12,15,29.9728028637603,22.8644235295023
"6140",28,2798,0,2799,5,2,1,2,28,18,19.2246377680868,62.7818777126083
"6141",28,2798,0,2799,16,2,1,2,0,9,-3.51567020396622,-7.90529225667079
"6142",28,2798,0,2799,26,2,1,2,12.6,14,27.5457552342351,24.2870540691865
"6143",28,2798,0,2799,22,2,1,2,18,10,17.6428049538224,37.4348049538224
"6144",28,2798,0,2799,28,2,1,2,11.5,10,17.1782868809886,19.870019717327
"6145",28,2798,0,2799,4,2,1,2,26,10,8.73064561279314,61.6957940177862
"6146",28,2798,0,2799,17,2,1,2,18,20,40.897452528754,33.8586480904738
"6147",28,2798,0,2799,24,2,1,2,14.3,10,18.2253950215162,27.2003600908643
"6148",28,2798,0,2799,27,2,1,2,13.3,10,17.998591388867,24.5413725469807
"6149",28,2798,0,2799,6,2,1,2,18.9,20,39.9805388490327,36.0057015882837
"6150",28,2798,0,2799,2,2,1,2,22,20,35.8084872028178,43.68361341641
"6151",28,2799,0,2799,1,1,1,1,10,10,16.09,16.09
"6152",28,2799,0,2799,12,1,1,1,10,15,29.0887627707318,18.2868660994419
"6153",28,2799,0,2799,9,1,1,1,20,15.5,28.0882634476215,42.7494959372193
"6154",28,2799,0,2799,25,1,1,1,13.5,0.9,-1.13194199783203,12.1264455749835
"6155",28,2799,0,2799,3,1,1,1,28,22,27.4967981402006,56.1401074328496
"6156",28,2799,0,2799,14,1,1,1,10,22,49.2007764720366,14.4948458201642
"6157",28,2799,0,2799,11,1,1,1,15,15.4,31.0645613189033,29.9746027058658
"6158",28,2799,0,2799,27,1,1,1,10,13.3,24.5413725469807,17.998591388867
"6159",28,2799,0,2799,5,1,1,1,18,28,62.7818777126083,19.2246377680868
"6160",28,2799,0,2799,16,1,1,1,9,0,-7.90529225667079,-3.51567020396622
"6161",28,2799,0,2799,18,1,1,1,20,17.8,33.3865372823998,41.0832244668658
"6162",28,2799,0,2799,7,1,1,1,10,18.7,39.4412219593972,17.2807720079409
"6163",28,2799,0,2799,26,1,1,1,14,12.6,24.2870540691865,27.5457552342351
"6164",28,2799,0,2799,4,1,1,1,10,26,61.6957940177862,8.73064561279314
"6165",28,2799,0,2799,20,1,1,1,10,18,37.4348049538224,17.6428049538224
"6166",28,2799,0,2799,19,1,1,1,18,18,35.882,35.882
"6167",28,2799,0,2799,28,1,1,1,10,11.5,19.870019717327,17.1782868809886
"6168",28,2799,0,2799,6,1,1,1,20,18.9,36.0057015882837,39.9805388490327
"6169",28,2799,0,2799,22,1,1,1,10,18,37.4348049538224,17.6428049538224
"6170",28,2799,0,2799,13,1,1,1,10,13.8,25.8651706468324,18.13243258858
"6171",28,2799,0,2799,8,1,1,1,18,15,28.7005615322762,37.6906648609863
"6172",28,2799,0,2799,24,1,1,1,10,14.3,27.2003600908643,18.2253950215162
"6173",28,2799,0,2799,2,1,1,1,20,22,43.68361341641,35.8084872028178
"6174",28,2799,0,2799,15,1,1,1,10,0.2,-6.08317391083043,-0.0739702215100397
"6175",28,2799,0,2799,10,1,1,1,15,16.2,33.0705553375359,29.7003208853861
"6176",28,2799,0,2799,29,1,1,1,10,11,18.5986218007044,16.8564033541025
"6177",28,2799,0,2799,30,1,1,1,10,10,16.09,16.09
"6178",28,2799,0,2799,17,1,1,1,20,18,33.8586480904738,40.897452528754
"6179",28,2799,0,2799,21,1,1,1,15,12,22.8644235295023,29.9728028637603
"6180",28,2799,0,2799,23,1,1,1,15,13.6,26.6576977585069,30.2091115449147
"6181",29,2892,0,2896,1,8,4,2,18,26,57.037379156319,23.8642307513259
"6182",29,2892,0,2896,16,8,4,2,15,18.8,39.7914348631986,28.0861683722138
"6183",29,2892,0,2896,15,8,4,2,26,16.1,20.0059529228264,59.0913224998028
"6184",29,2892,0,2896,17,8,4,2,0,13.1,8.86196045051274,-3.14223363409196
"6185",29,2892,0,2896,2,8,4,2,22,0,-2.26225789039343,38.3664328169575
"6186",29,2892,0,2896,7,8,4,2,18,20,40.897452528754,33.8586480904738
"6187",29,2892,0,2896,19,8,4,2,14.5,19,40.5038149386062,26.7834444462345
"6188",29,2892,0,2896,4,8,4,2,20,8,12.4858111461005,42.1738111461004
"6189",29,2892,0,2896,9,8,4,2,14,0,-2.46459308134602,11.6815234235083
"6190",29,2892,0,2896,21,8,4,2,12,14.5,28.670190692683,22.8772165248605
"6191",29,2892,0,2896,6,8,4,2,20,22,43.68361341641,35.8084872028178
"6192",29,2892,0,2896,18,8,4,2,26,18,23.8642307513259,57.037379156319
"6193",29,2892,0,2896,3,8,4,2,8,19,39.1580506452935,13.0939930863476
"6194",29,2892,0,2896,8,8,4,2,8,19,39.1580506452935,13.0939930863476
"6195",29,2892,0,2896,20,8,4,2,22.5,0,-2.59708145856134,40.1310660795801
"6196",29,2892,0,2896,5,8,4,2,12,14,27.3789698657859,22.8491307534419
"6197",29,2892,0,2896,10,8,4,2,18,16.5,32.240019717327,36.9702868809886
"6198",29,2892,0,2896,22,8,4,2,5,15.5,25.5009904208691,7.75653289659723
"6199",29,2892,0,2896,27,8,4,2,22,0,-2.26225789039343,38.3664328169575
"6200",29,2892,0,2896,12,8,4,2,15.1,16.6,34.0547024149692,29.7635041833464
"6201",29,2892,0,2896,24,8,4,2,16,12,22.7162012384556,32.6122012384556
"6202",29,2892,0,2896,29,8,4,2,15.5,0,-1.6295192808955,16.4628127232654
"6203",29,2892,0,2896,14,8,4,2,19.5,0,-1.20132155120506,29.714136666548
"6204",29,2892,0,2896,26,8,4,2,14,18.9,40.3756123475351,25.7430016193798
"6205",29,2892,0,2896,11,8,4,2,26,15.1,18.0413501777563,59.9352484648575
"6206",29,2892,0,2896,23,8,4,2,14.5,17,35.2398170796455,28.1400901378979
"6207",29,2892,0,2896,28,8,4,2,0,18,24.6594551064652,-1.05530494901324
"6208",29,2892,0,2896,13,8,4,2,12,14,27.3789698657859,22.8491307534419
"6209",29,2892,0,2896,25,8,4,2,28,8,1.73381320826947,67.9402487145108
"6210",29,2892,0,2896,30,8,4,2,12,0,-4.15032755015476,5.46594984235564
"6211",29,2893,0,2896,1,7,4,1,26,18,23.8642307513259,57.037379156319
"6212",29,2893,0,2896,8,7,4,1,19,8,13.0939930863476,39.1580506452935
"6213",29,2893,0,2896,13,7,4,1,14,12,22.8491307534419,27.3789698657859
"6214",29,2893,0,2896,3,7,4,1,19,8,13.0939930863476,39.1580506452935
"6215",29,2893,0,2896,2,7,4,1,0,22,38.3664328169575,-2.26225789039343
"6216",29,2893,0,2896,7,7,4,1,20,18,33.8586480904738,40.897452528754
"6217",29,2893,0,2896,4,7,4,1,8,20,42.1738111461004,12.4858111461005
"6218",29,2893,0,2896,9,7,4,1,0,14,11.6815234235083,-2.46459308134602
"6219",29,2893,0,2896,14,7,4,1,0,19.5,29.714136666548,-1.20132155120506
"6220",29,2893,0,2896,6,7,4,1,22,20,35.8084872028178,43.68361341641
"6221",29,2893,0,2896,11,7,4,1,15.1,26,59.9352484648575,18.0413501777563
"6222",29,2893,0,2896,16,7,4,1,18.8,15,28.0861683722138,39.7914348631986
"6223",29,2893,0,2896,21,7,4,1,14.5,12,22.8772165248605,28.670190692683
"6224",29,2893,0,2896,26,7,4,1,18.9,14,25.7430016193798,40.3756123475351
"6225",29,2893,0,2896,5,7,4,1,14,12,22.8491307534419,27.3789698657859
"6226",29,2893,0,2896,10,7,4,1,16.5,18,36.9702868809886,32.240019717327
"6227",29,2893,0,2896,15,7,4,1,16.1,26,59.0913224998028,20.0059529228264
"6228",29,2893,0,2896,20,7,4,1,0,22.5,40.1310660795801,-2.59708145856134
"6229",29,2893,0,2896,12,7,4,1,16.6,15.1,29.7635041833464,34.0547024149692
"6230",29,2893,0,2896,17,7,4,1,13.1,0,-3.14223363409196,8.86196045051274
"6231",29,2893,0,2896,22,7,4,1,15.5,5,7.75653289659723,25.5009904208691
"6232",29,2893,0,2896,27,7,4,1,0,22,38.3664328169575,-2.26225789039343
"6233",29,2893,0,2896,19,7,4,1,19,14.5,26.7834444462345,40.5038149386062
"6234",29,2893,0,2896,24,7,4,1,12,16,32.6122012384556,22.7162012384556
"6235",29,2893,0,2896,29,7,4,1,0,15.5,16.4628127232654,-1.6295192808955
"6236",29,2893,0,2896,28,7,4,1,18,0,-1.05530494901324,24.6594551064652
"6237",29,2893,0,2896,18,7,4,1,18,26,57.037379156319,23.8642307513259
"6238",29,2893,0,2896,23,7,4,1,17,14.5,28.1400901378979,35.2398170796455
"6239",29,2893,0,2896,25,7,4,1,8,28,67.9402487145108,1.73381320826947
"6240",29,2893,0,2896,30,7,4,1,0,12,5.46594984235564,-4.15032755015476
"6241",29,2894,0,2897,1,6,3,2,28,28,41.272,41.272
"6242",29,2894,0,2897,6,6,3,2,2,26,55.8892445844018,-3.48675541559823
"6243",29,2894,0,2897,8,6,3,2,12,26,61.5122807050617,12.2406496371006
"6244",29,2894,0,2897,13,6,3,2,28,15,13.4989539445715,66.0462972178031
"6245",29,2894,0,2897,5,6,3,2,26,10,8.73064561279314,61.6957940177862
"6246",29,2894,0,2897,3,6,3,2,28,24,31.9062705865832,51.838131890328
"6247",29,2894,0,2897,2,6,3,2,26,26,41.914,41.914
"6248",29,2894,0,2897,7,6,3,2,26,12,12.2406496371006,61.5122807050617
"6249",29,2894,0,2897,12,6,3,2,12,28,67.8390811190345,8.18335851154489
"6250",29,2894,0,2897,4,6,3,2,26,28,46.8820960793781,36.4980045398497
"6251",29,2894,0,2897,9,6,3,2,26,12,12.2406496371006,61.5122807050617
"6252",29,2894,0,2897,14,6,3,2,15,28,66.0462972178031,13.4989539445715
"6253",29,2894,0,2897,19,6,3,2,28,15,13.4989539445715,66.0462972178031
"6254",29,2894,0,2897,11,6,3,2,26,12,12.2406496371006,61.5122807050617
"6255",29,2894,0,2897,16,6,3,2,15,28,66.0462972178031,13.4989539445715
"6256",29,2894,0,2897,21,6,3,2,28,28,41.272,41.272
"6257",29,2894,0,2897,26,6,3,2,26,26,41.914,41.914
"6258",29,2894,0,2897,18,6,3,2,15,28,66.0462972178031,13.4989539445715
"6259",29,2894,0,2897,10,6,3,2,12,26,61.5122807050617,12.2406496371006
"6260",29,2894,0,2897,15,6,3,2,28,15,13.4989539445715,66.0462972178031
"6261",29,2894,0,2897,20,6,3,2,15,28,66.0462972178031,13.4989539445715
"6262",29,2894,0,2897,25,6,3,2,26,26,41.914,41.914
"6263",29,2894,0,2897,17,6,3,2,28,15,13.4989539445715,66.0462972178031
"6264",29,2894,0,2897,22,6,3,2,28,28,41.272,41.272
"6265",29,2894,0,2897,27,6,3,2,25.9,26,42.1676306909613,41.6703795605868
"6266",29,2894,0,2897,24,6,3,2,26,26,41.914,41.914
"6267",29,2894,0,2897,29,6,3,2,25.9,25.9,41.923525,41.923525
"6268",29,2894,0,2897,28,6,3,2,25.9,25.9,41.923525,41.923525
"6269",29,2894,0,2897,23,6,3,2,26,28,46.8820960793781,36.4980045398497
"6270",29,2894,0,2897,30,6,3,2,25.9,25.9,41.923525,41.923525
"6271",29,2895,0,2897,4,5,3,1,28,26,36.4980045398497,46.8820960793781
"6272",29,2895,0,2897,1,5,3,1,28,28,41.272,41.272
"6273",29,2895,0,2897,6,5,3,1,26,2,-3.48675541559823,55.8892445844018
"6274",29,2895,0,2897,11,5,3,1,12,26,61.5122807050617,12.2406496371006
"6275",29,2895,0,2897,3,5,3,1,24,28,51.838131890328,31.9062705865832
"6276",29,2895,0,2897,8,5,3,1,26,12,12.2406496371006,61.5122807050617
"6277",29,2895,0,2897,13,5,3,1,15,28,66.0462972178031,13.4989539445715
"6278",29,2895,0,2897,5,5,3,1,10,26,61.6957940177862,8.73064561279314
"6279",29,2895,0,2897,10,5,3,1,26,12,12.2406496371006,61.5122807050617
"6280",29,2895,0,2897,2,5,3,1,26,26,41.914,41.914
"6281",29,2895,0,2897,7,5,3,1,12,26,61.5122807050617,12.2406496371006
"6282",29,2895,0,2897,12,5,3,1,28,12,8.18335851154489,67.8390811190345
"6283",29,2895,0,2897,17,5,3,1,15,28,66.0462972178031,13.4989539445715
"6284",29,2895,0,2897,9,5,3,1,12,26,61.5122807050617,12.2406496371006
"6285",29,2895,0,2897,14,5,3,1,28,15,13.4989539445715,66.0462972178031
"6286",29,2895,0,2897,19,5,3,1,15,28,66.0462972178031,13.4989539445715
"6287",29,2895,0,2897,24,5,3,1,26,26,41.914,41.914
"6288",29,2895,0,2897,16,5,3,1,28,15,13.4989539445715,66.0462972178031
"6289",29,2895,0,2897,21,5,3,1,28,28,41.272,41.272
"6290",29,2895,0,2897,26,5,3,1,26,26,41.914,41.914
"6291",29,2895,0,2897,18,5,3,1,28,15,13.4989539445715,66.0462972178031
"6292",29,2895,0,2897,23,5,3,1,28,26,36.4980045398497,46.8820960793781
"6293",29,2895,0,2897,15,5,3,1,15,28,66.0462972178031,13.4989539445715
"6294",29,2895,0,2897,20,5,3,1,28,15,13.4989539445715,66.0462972178031
"6295",29,2895,0,2897,25,5,3,1,26,26,41.914,41.914
"6296",29,2895,0,2897,30,5,3,1,25.9,25.9,41.923525,41.923525
"6297",29,2895,0,2897,22,5,3,1,28,28,41.272,41.272
"6298",29,2895,0,2897,27,5,3,1,26,25.9,41.6703795605868,42.1676306909613
"6299",29,2895,0,2897,29,5,3,1,25.9,25.9,41.923525,41.923525
"6300",29,2895,0,2897,28,5,3,1,25.9,25.9,41.923525,41.923525
"6301",29,2896,0,2898,3,4,2,2,26,28,46.8820960793781,36.4980045398497
"6302",29,2896,0,2898,2,4,2,2,18,12,21.9292114550411,38.0276941180092
"6303",29,2896,0,2898,4,4,2,2,22,28,56.1401074328496,27.4967981402006
"6304",29,2896,0,2898,9,4,2,2,12,0,-4.15032755015476,5.46594984235564
"6305",29,2896,0,2898,1,4,2,2,28,28,41.272,41.272
"6306",29,2896,0,2898,6,4,2,2,18,28,62.7818777126083,19.2246377680868
"6307",29,2896,0,2898,11,4,2,2,28,0,-8.97813931567535,60.2938606843246
"6308",29,2896,0,2898,16,4,2,2,15,3,3.70072446094094,20.8438978312599
"6309",29,2896,0,2898,8,4,2,2,12,28,67.8390811190345,8.18335851154489
"6310",29,2896,0,2898,13,4,2,2,14,1,-0.605725667078966,13.8889768294536
"6311",29,2896,0,2898,5,4,2,2,20,28,59.7880227069431,23.2695872007018
"6312",29,2896,0,2898,10,4,2,2,14,4,5.24426883604795,19.5302466446471
"6313",29,2896,0,2898,15,4,2,2,14,0,-2.46459308134602,11.6815234235083
"6314",29,2896,0,2898,7,4,2,2,10,28,68.2166950509867,4.86745510646527
"6315",29,2896,0,2898,12,4,2,2,16,28,65.1216724498452,15.3619498423557
"6316",29,2896,0,2898,17,4,2,2,14,11,20.4890441952443,26.9701821980182
"6317",29,2896,0,2898,22,4,2,2,15,0,-1.86699844760225,14.8576582791661
"6318",29,2896,0,2898,14,4,2,2,16,20,42.4608447890797,29.2195576878315
"6319",29,2896,0,2898,19,4,2,2,18,28,62.7818777126083,19.2246377680868
"6320",29,2896,0,2898,24,4,2,2,22,4,3.89379907317813,44.6623510842738
"6321",29,2896,0,2898,29,4,2,2,8,18,36.1878555212074,13.5386599594876
"6322",29,2896,0,2898,21,4,2,2,15,2,1.79925144803892,19.0119997143357
"6323",29,2896,0,2898,26,4,2,2,8,4,-0.610511660296128,2.59491413720734
"6324",29,2896,0,2898,18,4,2,2,14,14,27.706,27.706
"6325",29,2896,0,2898,23,4,2,2,14,15,30.2027826883605,27.6242424664465
"6326",29,2896,0,2898,28,4,2,2,8,0,-9.48397729305691,-6.41841279929825
"6327",29,2896,0,2898,20,4,2,2,15,0,-1.86699844760225,14.8576582791661
"6328",29,2896,0,2898,25,4,2,2,15,0,-1.86699844760225,14.8576582791661
"6329",29,2896,0,2898,30,4,2,2,10,1,-4.43715425389687,1.83419179325986
"6330",29,2896,0,2898,27,4,2,2,14,28,66.807406918654,11.6815234235084
"6331",29,2897,0,2898,1,3,2,1,28,28,41.272,41.272
"6332",29,2897,0,2898,8,3,2,1,28,12,8.18335851154489,67.8390811190345
"6333",29,2897,0,2898,3,3,2,1,28,26,36.4980045398497,46.8820960793781
"6334",29,2897,0,2898,2,3,2,1,12,18,38.0276941180092,21.9292114550411
"6335",29,2897,0,2898,7,3,2,1,28,10,4.86745510646527,68.2166950509867
"6336",29,2897,0,2898,4,3,2,1,28,22,27.4967981402006,56.1401074328496
"6337",29,2897,0,2898,9,3,2,1,0,12,5.46594984235564,-4.15032755015476
"6338",29,2897,0,2898,14,3,2,1,20,16,29.2195576878315,42.4608447890797
"6339",29,2897,0,2898,6,3,2,1,28,18,19.2246377680868,62.7818777126083
"6340",29,2897,0,2898,11,3,2,1,0,28,60.2938606843246,-8.97813931567535
"6341",29,2897,0,2898,16,3,2,1,3,15,20.8438978312599,3.70072446094094
"6342",29,2897,0,2898,21,3,2,1,2,15,19.0119997143357,1.79925144803892
"6343",29,2897,0,2898,13,3,2,1,1,14,13.8889768294536,-0.605725667078966
"6344",29,2897,0,2898,5,3,2,1,28,20,23.2695872007018,59.7880227069431
"6345",29,2897,0,2898,10,3,2,1,4,14,19.5302466446471,5.24426883604795
"6346",29,2897,0,2898,15,3,2,1,0,14,11.6815234235083,-2.46459308134602
"6347",29,2897,0,2898,20,3,2,1,0,15,14.8576582791661,-1.86699844760225
"6348",29,2897,0,2898,12,3,2,1,28,16,15.3619498423557,65.1216724498452
"6349",29,2897,0,2898,17,3,2,1,11,14,26.9701821980182,20.4890441952443
"6350",29,2897,0,2898,22,3,2,1,0,15,14.8576582791661,-1.86699844760225
"6351",29,2897,0,2898,27,3,2,1,28,14,11.6815234235084,66.807406918654
"6352",29,2897,0,2898,19,3,2,1,28,18,19.2246377680868,62.7818777126083
"6353",29,2897,0,2898,24,3,2,1,4,22,44.6623510842738,3.89379907317813
"6354",29,2897,0,2898,29,3,2,1,18,8,13.5386599594876,36.1878555212074
"6355",29,2897,0,2898,28,3,2,1,0,8,-6.41841279929825,-9.48397729305691
"6356",29,2897,0,2898,26,3,2,1,4,8,2.59491413720734,-0.610511660296128
"6357",29,2897,0,2898,18,3,2,1,14,14,27.706,27.706
"6358",29,2897,0,2898,23,3,2,1,15,14,27.6242424664465,30.2027826883605
"6359",29,2897,0,2898,25,3,2,1,0,15,14.8576582791661,-1.86699844760225
"6360",29,2897,0,2898,30,3,2,1,1,10,1.83419179325986,-4.43715425389687
"6361",29,2898,0,2899,1,2,1,2,28,9,3.27785146900689,68.1602294163023
"6362",29,2898,0,2899,6,2,1,2,28,14,11.6815234235084,66.807406918654
"6363",29,2898,0,2899,8,2,1,2,10.5,14,26.7044702139693,19.3260879324159
"6364",29,2898,0,2899,13,2,1,2,0,14,11.6815234235083,-2.46459308134602
"6365",29,2898,0,2899,3,2,1,2,18,10,17.6428049538224,37.4348049538224
"6366",29,2898,0,2899,2,2,1,2,28,10,4.86745510646527,68.2166950509867
"6367",29,2898,0,2899,7,2,1,2,12.5,16,32.7067517673673,23.8648063790178
"6368",29,2898,0,2899,12,2,1,2,6.5,13,20.2919827649223,9.98683002567131
"6369",29,2898,0,2899,4,2,1,2,4,11,10.8575361956829,3.05269638985766
"6370",29,2898,0,2899,9,2,1,2,16,12,22.7162012384556,32.6122012384556
"6371",29,2898,0,2899,14,2,1,2,0,15,14.8576582791661,-1.86699844760225
"6372",29,2898,0,2899,19,2,1,2,0,18,24.6594551064652,-1.05530494901324
"6373",29,2898,0,2899,11,2,1,2,14,12.5,24.0462610488111,27.5220455495046
"6374",29,2898,0,2899,16,2,1,2,14,0,-2.46459308134602,11.6815234235083
"6375",29,2898,0,2899,21,2,1,2,14.5,10,18.2511339399932,27.7376254448475
"6376",29,2898,0,2899,26,2,1,2,14.5,18,37.8490333207654,27.5435248256198
"6377",29,2898,0,2899,5,2,1,2,13,12,22.6703229102745,24.8307022445325
"6378",29,2898,0,2899,10,2,1,2,10.5,13,24.0834148605054,19.074492357038
"6379",29,2898,0,2899,15,2,1,2,0,16,18.0793585115449,-1.43291888096552
"6380",29,2898,0,2899,20,2,1,2,6,17.5,32.7703101195846,9.72926660363456
"6381",29,2898,0,2899,25,2,1,2,15,18,37.6906648609863,28.7005615322762
"6382",29,2898,0,2899,17,2,1,2,28,0,-8.97813931567535,60.2938606843246
"6383",29,2898,0,2899,22,2,1,2,14,12,22.8491307534419,27.3789698657859
"6384",29,2898,0,2899,27,2,1,2,12.5,12,22.5196008385256,23.5736554501761
"6385",29,2898,0,2899,24,2,1,2,16.1,16,32.1807743802817,32.4710358712664
"6386",29,2898,0,2899,29,2,1,2,0,0,-28,-28
"6387",29,2898,0,2899,28,2,1,2,14,11.5,21.663391802253,27.1950154152904
"6388",29,2898,0,2899,18,2,1,2,18,0,-1.05530494901324,24.6594551064652
"6389",29,2898,0,2899,23,2,1,2,12.7,14,27.5678297682945,24.5283027433292
"6390",29,2898,0,2899,30,2,1,2,12,0,-4.15032755015476,5.46594984235564
"6391",29,2899,0,2899,1,1,1,1,9,28,68.1602294163023,3.27785146900689
"6392",29,2899,0,2899,6,1,1,1,14,28,66.807406918654,11.6815234235084
"6393",29,2899,0,2899,18,1,1,1,0,18,24.6594551064652,-1.05530494901324
"6394",29,2899,0,2899,3,1,1,1,10,18,37.4348049538224,17.6428049538224
"6395",29,2899,0,2899,8,1,1,1,14,10.5,19.3260879324159,26.7044702139693
"6396",29,2899,0,2899,20,1,1,1,17.5,6,9.72926660363456,32.7703101195846
"6397",29,2899,0,2899,5,1,1,1,12,13,24.8307022445325,22.6703229102745
"6398",29,2899,0,2899,17,1,1,1,0,28,60.2938606843246,-8.97813931567535
"6399",29,2899,0,2899,2,1,1,1,10,28,68.2166950509867,4.86745510646527
"6400",29,2899,0,2899,7,1,1,1,16,12.5,23.8648063790178,32.7067517673673
"6401",29,2899,0,2899,19,1,1,1,18,0,-1.05530494901324,24.6594551064652
"6402",29,2899,0,2899,4,1,1,1,11,4,3.05269638985766,10.8575361956829
"6403",29,2899,0,2899,9,1,1,1,12,16,32.6122012384556,22.7162012384556
"6404",29,2899,0,2899,21,1,1,1,10,14.5,27.7376254448475,18.2511339399932
"6405",29,2899,0,2899,26,1,1,1,18,14.5,27.5435248256198,37.8490333207654
"6406",29,2899,0,2899,11,1,1,1,12.5,14,27.5220455495046,24.0462610488111
"6407",29,2899,0,2899,23,1,1,1,14,12.7,24.5283027433292,27.5678297682945
"6408",29,2899,0,2899,28,1,1,1,11.5,14,27.1950154152904,21.663391802253
"6409",29,2899,0,2899,13,1,1,1,14,0,-2.46459308134602,11.6815234235083
"6410",29,2899,0,2899,25,1,1,1,18,15,28.7005615322762,37.6906648609863
"6411",29,2899,0,2899,10,1,1,1,13,10.5,19.074492357038,24.0834148605054
"6412",29,2899,0,2899,22,1,1,1,12,14,27.3789698657859,22.8491307534419
"6413",29,2899,0,2899,27,1,1,1,12,12.5,23.5736554501761,22.5196008385256
"6414",29,2899,0,2899,12,1,1,1,13,6.5,9.98683002567131,20.2919827649223
"6415",29,2899,0,2899,24,1,1,1,16,16.1,32.4710358712664,32.1807743802817
"6416",29,2899,0,2899,29,1,1,1,0,0,-28,-28
"6417",29,2899,0,2899,14,1,1,1,15,0,-1.86699844760225,14.8576582791661
"6418",29,2899,0,2899,16,1,1,1,0,14,11.6815234235083,-2.46459308134602
"6419",29,2899,0,2899,15,1,1,1,16,0,-1.43291888096552,18.0793585115449
"6420",29,2899,0,2899,30,1,1,1,0,12,5.46594984235564,-4.15032755015476
