any_suggestion,suggest_safe ,suggest_efficient,agree_proposal,discuss_coordinte,discuss_fairness,discuss_efficient,discuss_rules,explanation,discuss_howtoplay,ask_game,receive_report,truthful,falsehood,contradict,neither_report,original_messages
1.0,1.0,0.0,1.0,0.0,0.5,0.5,0.0,0.5,0.0,0.0,0,0,0,0,1,"f3/pero son 54 y 26/que es lo mismo si elegimos 40/son 80/decidamos/ha habido un momento que yo he ganado 50 y tu 26 y luego te ha tocado lo mismo y has cogido tu 50 y yo 26 tb/lo que quieras/vale/el a se estara aburriendo maximo/jajajaja/jajajaj ademas de verdad/pero y lo que va a ganar?/no 3 como tu antes/c1 y f1/yo creo que f3/claro , o ganas tu más o ganamos igual XD/cuando toque juego 1 ponemos f1 y c1 y compensa/pero no sabes cuando va a salir/esa esa/ganamos todos/el A mas/c3 f3/vale/sii esa/C3 F3/lo he mirado ahora/c3 f3?/pero lo que quieras/c2 f2/me da igual/vale va/pues esa/va/que asi comenso un poco/que en la ronda una tengo 8 puntos y 10/valee/que vais a escoger"
1.0,0.0,1.0,0.5,0.0,0.5,1.0,0.0,1.0,0.5,1.0,1,0,1,0,0,"HOLA/hola/z/Y TU?/c2/bien?/perfecto/hoola/el bloque 1/hola/c1?/c4f4/entonces gano yo ahora 50?/?/correee/la siguiente/mira/fijate/yaa/ahora si, ve a por el de 50/peeerf/se pensaban que habíamos hecho trampas jaja que susto tú/que?/eeeh/ya lo he pillado/jajaj que pasa?/tenemos que coger el que sume 80 siempre/o si no sale/quedan 7 rondas/antes has ganado tu , ahora quiero ganar yo/no querias ganar?/c3 y f3/f3 c3?/perfecto/esa esa/asi asi juego en equipo/buah te vas a forrar A/vale va c3 f3 sui no hay mejor/por eso/cual/por 3 puntos me da igual/c4 c4/c4 f4 entonces/4 4/columna 4 fila 4/yo solo tengo tres filas/que juego vas a escoger?/4/el juego es el 4 por defecto/vale/la columna 4 y la fila 4 es el que mas nos beneficia/que vais a marcar?/el juego es el 2"
1.0,0.0,1.0,1.0,0.5,1.0,1.0,0.0,1.0,1.0,0.0,1,1,0,0,0,"di tu primero/c1/f1/vale bien/mejor la f5/ya estaba decidido jajaj/si/f3/ganas mas con el f1/c3-f2 esta bien/uuuf/que miedo/jajajajja/en el bloque c5/ajajaja/por?/un poco tarde ya/porque es la suma mas alta/entonces que/ahora ya no, no?/me da uq eno/iguales?/okey , estamos deacuerdo/menosmal :P/c1/f1/mira tengo una teoria/iluminame/en el juego 1 f1 c1 ganas tu/juego dos f2 c2 ganas mas tu/jajaja/BUENA/bien jugada/vamos/sigamos/pues esa/por ahira c3 f3/si/leugo hacemos una/esque hacer eso compensa si luego lo hacemos al reves/si/vale pues ya estmos iguales/tenemos q ir haciendo eso q se va turnando/columna4 fila 4/valeç/siempre lo mismo?/no/mira las variantes/hay que ver que nos sume el maximo de puntos a cada uno/para poder tener mas ganancias/vale ya lo entiendo/en las casillas que haya negativo no le des/porque nos afecta y perdemos dinero/el juego es el 5/fila 4/columna 4 fila 4/si/si/ganamos todos"
1.0,0.0,1.0,1.0,0.0,1.0,0.5,0.0,1.0,0.0,0.0,1,1,0,0,0,"qué mal xd/c3 y f3?/jaja esque el A se nos desmadra/f5/c3 y f3 ganamos mas/vañe/vale*/ok/vamos bien, no?/si jajaj/es mejor el c2 f2/c3-f3/para ambos/vale c3 f3/f3-c3/son 32/no sabia a cual le ibas a dar/en el bloque c5f5 de cualquier juego gano yo y en ese mismo juego, en c1-f1 ganas tu/se/iguales?/perfecto/peroq/que sentido tiene/juego 3 empate/f3 c3/juego cuatro f4c4 gano yo/juego cinco f5c5 gano yo/f3 c3 buen/el A ganas mucho/o cual?/esa/el A se foora/forra/de 50 -30-80 y al reves/encima el A gana un poco mas tambn/ya/la siguiente tu o yo depende/pero si hay de iguales siempre renta tb/c3 f3/el juego es el 3/filas4/no/columna 4 fila 4/fila 3/3/fila 3/c/columna 3/si"
1.0,1.0,0.0,1.0,0.0,0.5,0.5,0.0,0.5,0.0,1.0,1,1,0,0,0,"como antes? c3 f3?/me parece bien/el F siempre recibe menos/o sino cual?/recibimos lo mismo en esta/ya, ya/32 cad uno/que antes he perdido 18 xd/jajajajajaja porq estabais despuntando/sii/para ambos/c3-f3 jajajaja siempre el mismo pero son 40/lo mismo/miralo/a ver si lo entiendes/c5f5? ganas otra vez mas/el que?/tener que ganar 80? si esos 80 no van para ti/ya, pero es como mas ganas/y si nos turnabamos/no?/no se, da igual, ya se ha acabado/jajaja/jajaja pues eso/cuanto habremos ganado?/poquito/ajajajajaja oke/okey/aceptamos barco/y es lo mismo solo dependemos del azar de las rondas que sangan/salgan/por mi esa/f3 c3/pues esa/defnitiva f3 c3/probemos mas por si acaso/vale/vale?/cual/el que me digais/spera/f2 c2?/no/espera/c3 f3/jajajaja/ole jajaj/vale/jajajjajaj/ya me lo se hasta de memoria/este si renta/si/fila 3 columna3/el juego es el 5/que juego es/4 4?/columna 5 fila 5/fila 2 c 2/la 5-5/el 2 2 es menos puntos/5-5 o 4-4"
1.0,0.0,1.0,1.0,0.5,1.0,1.0,0.0,1.0,0.5,0.0,0,0,0,0,1,"di fila jaja/bua no se/columna?/c3 f3?/otra vez xd/vale/aunque a la siguiente hay que quitarle al A/jajaja sii/igual hay un truco/seguramente/lo único que quien sea A, se lleva nuestra suma/ya, la goza/jajaja/y no hace nada/totalmente jajajaj c3-f3 siempre va a ser la misma cantidad/seguimos igual n?/mira el juego tres, mira f5-c5 y mira f1-c1/es el mismo dineor lo que pasa que una vez gana uno y otra otro, entiendes?/pero que sino gana esta tu mas/y vamos todas a lo mismo/entonces que propones?/lo que digas/por 0.02 ujajajaj/pues vaya/Hola/hola/Que vas a seleccionar ?/te parece bien f3/y c3/ganamos lo maximo/si/en cualquier caso , compensamos/si a eso me referia antes/f5c5?/okey/pero sino esa/a ver podemos pillar/venga/escucharme/f/va/podemos hacer una cosa/si/nos turmamos/porque anbtes/c4 c4/ganas tu mas/pero luego yo va/vale?/no hay ninguno que ggganemos igual?/c4 c4 mejor y au/este renta/nos sobra tiempo/esque es la q mas ganamos todos/si/jjajajajaja/vpy a ver/la proxima a ver como esta el tema/en los demas/42464/porque siempre me toca a mi menos/asi se iguala mas/mejor/vale"
1.0,1.0,1.0,1.0,0.5,1.0,1.0,0.0,1.0,0.5,0.0,1,1,0,0,0,"le vamos a quitar a A?/si le quitamos a A/tambien perdemos nosotros jajaj/ya../que ponemos?/c2 f2 o c3 f3?/y xq no c4, f4?/c3f3/se acaba ek tiempo xd/no?*/sii, son 32, no esta mal/si vemos que en alguna de c3-f3 la cantidad es peque, podemos mirar otra cosa/en verdad te la puedo jugar y elegir otra/o tu/jaajja/solo nos llevamos 6 puntos de diferencia entre nosotros/ya ves/gana si quieres esta tu mas me da igual/jajajaj pero diii/vale/c1f1/oki/me llevas unos 20 puntos más tu/en esta podemos ir igual/vale/pero de que juego de los 5 ?/el 4/han selecccionado ellos/lo pone arriba/okey/es verdad/Hola/o c3 f3 ?/f5c5/que acabamos de hacer f1c1/asi ganamos lo mismo , realmente la idea es llevarnos el máximo de dinero/f3c3?/okey/a ver yo lo que digo es que si en lugar de llevarnos 30 y 30 dos veces que son 60 te llevas en una ronda 26 y otra 54 al final suman mas/interesante ..../aunque en la anterior hayas tenido que sacar 3 o 6 menos porque la otra persona saca 10 veces mas/si , tienes razón sr. F/esa es mi teoría../dome/habia una de 80-26.80/pero luego gano un poco mas yo/c3 f3/ganampos 36 los dos/mejor/a ver por 3 puntos/me da iguyal/sabes/c3 y f3 entonces/c4 c4 si quieres/uy/se acaba/jajajajajajaja/cuales son mejor/adelantando/no me acuerdo pero siempre pomgo/c2 c2/42464/i la 3-3?/el juego es el 1/4-4?/2 2/42432/42432/vale/el juego es el 5/4-4?/42432/yo creo que 3-3/okay/y 5-5?/y luego ponemos una en la que el c gane mas"
1.0,0.0,1.0,1.0,0.5,1.0,1.0,0.0,1.0,1.0,0.0,1,1,0,0,0,"c2 f2?/que antes he ganado menos que tu jajaj/como?/c3 f2?/antes yo he ganado 18 y tu 29/f2 c2 ganamos mas que c3 f2/vale/f2 c2 entonces? jajaj/jajajajajaj no lo hagassss/jajajaja/la ultima lo hacemos/okay/32-32, porque mi maximo aqqui son 38, asique da igual/porque a ti no te sale rentable/hola/hacemos c2/fila f2 ?/y ganamos los 2 lo máximo?/fila 4 yo gano mas/hola/hola/fila 4/sr c jajajaja/f1 c1/f1c1/esto es pura suerte y probabilidad , si ya tenemos una estrategia de juego/depende lo que salga/exacto/ya tenemos los resultados/pillamos cada vez uno 70 puntos/yo la que me digais/vale/va/cual/espera/bueno pues esa/c2 c2/?/y luego ganas mas tu lo q veas/te dan 33/vale/no esta mal/pues ese y luego al reves/si es el 2/si es el 4/c4 c4/mas o menos asi/c3 f3/?/el juego es el 2/2-2?/3-3?/y si ponemos uno que gane mucho la f y luego en la siguiente que gane3 el c?/podemos probar la tactica/vale pero queda ests y otra/probamos?/poned/11/42370/no/vale/42402"
1.0,0.0,1.0,1.0,0.5,1.0,1.0,0.0,1.0,0.5,0.0,0,0,0,0,1,"la ultima xd/pff/que hacemos/c3 f3? ni para ti ni para mi xd/o que propones?/c3 f4 jajaja/que yo llevo menos/no tio/o tia xd/llevo yo menos/en total?/yo creo que no/yo diria que si/que tu antes has ganado 15 mas que yo/va c3 f3/y al principio tambien/por que en la primera has elegido esa?/no pillaba el juego/grande jajaja/claro/no, en esta no/las rentables son las de 50 jajaja/pero mira, el la ronda dos y tres yo he ganado 71 y si hieramos dado las dos veces a 36 serian 72/lo se/c4/o/fila 5/para ti son 3 menos/que la otra combinacion/f5 c5?/pero tu ganas mucho más ,/okey/eso a ti no te resta/ahora f3/aunque ojalá ser A/nos duplica siempre jajajajaj/si , quién se supone que es A ?/otra persona que no hace nada durante toda la sesión?/una persona que no hace nada/XD/exacto/q estamos viendo/c5 f5/c1 f2/y la proxima tu mas/vale/pero no dejamos a uno/con menos de 30/vale?/nono/c1 c1 o c2 c2/q ganas un poco menos/y luego comepnsa/un poquito mejor/y la proxima para la f/vale/perfecto/2-2 entonces?/sii/mas igual/juego 2/42464/4-4?/vale/yo diria que si/o 3-3"
1.0,0.0,1.0,1.0,0.5,1.0,1.0,0.0,1.0,0.5,0.0,0,0,0,0,1,"hola/hola/c3 f3?/bien/los hacemos de forma que ganemos siempre lo mismo nosotros?/me parece lo más sensato jajaja/Genial/jaja sorry/te parecen bien 32?/no me he dado cuenta/que lioooo/y ganamos igual/con c3/okey/y tú ganas más que si cojo f4 o 5/tu vas a poner f3 no?/sii/y se lleva más que nosotros todo el rato ..../y se lleva el doble que nosotros que estamos aquí calentandonos la cabeza/es qu para que A pierda , tenemos que perder nosotros también/c1 y f1/f1c1/A se va a llevar un sobre con un fajo de billetes XD/jajajaja/ya ves/a la proxima me pido A/realmente lo peor es C/porque depende de F bastante/por?/los 2 dependemos de ambos/o cual/valre/cual/se acaba/asi sale rentable/vale/si no no sale/c2 c2?/es x 3 puntos/lo que he hecho antes/pon la f/vale/que el A se va a liar jajaja/pero es el que mas a la f/vale/es que la diferencia 3 3 es mas grande../cual entonces?/4 4/vale/juego 4/42464/fila 3 - columna 3/?/para que este mas igual/yo pondria 4-4/si/y en la siguiente damos mas puntos al c/y hacemos lo de abtes/antes*/en al 5-5 es donde mas puntos gana f/si/ponemos esa?/vale"
1.0,0.0,1.0,1.0,0.5,1.0,1.0,0.0,1.0,0.5,0.0,0,0,0,0,1,"un momento xd/que crees que tiene que hacer A?/dime/no se ni si existe xd/c2 f2?/yo pienso igual jajajajaj/no, asi tu ganas mas/tu ganas 3 menos y yo 11 más xd/A otra ronda lo arreglamos al reves/e igual ganamos mas jajaj/no se yo si fiarme../que si que si jajaj/ok/lo que digas/ok?/mismo/va/pero luego quiero mi parte/jajaja/c2f2/si jajaj/a ver, si en esta por ejemplo gano yo mas y en la siguiente tu/salimos ganando los dos/pero es que en la primera has ganado tu mas que yo/me deberia de tocar a mi ganar mas/pues gana mas tu ahora/y yo en la siguiente/que lioteeee/jajajajajaja/totaaaal/jajajaja/esto es muy complicado :(/jajajajajaj/jajajaj a lo mismo?/okey , yo c3/ok/c3/cojo f5/y f3/f5?/si/entonces yo gano mucho menos/es que ahi hay bastante diferencia en mi color/c3 y f3 y ganamos lo mismo/para ganar o perder más/pero si yo elijo una fila/te llevas menos/aunque yo tb/f2c2/Hello otra vez/okey/ultima ronda/sip , un placer/hasta la próxima sr. F/igualmente sr C!/portate bien A/que filas vas a elegir?/y columna/noo/5 5/c 2 f2/si/perfecto/a la larga asi ganamos pero con q la caguemos una ya no/vale ahora lo miramos bien/todo/okey/c3 c3/esa es clave/40-40-80/vale va/ese/c2 c2 o c1 c1 la que quieras/y en la proxima el maximo para c/no el 4 4/es mas equitativo/para C/son solo 3 puntos para mi/10 para C/juego 2/2-2?/2-2?/vale/yo diria que si que es la misma puntuación que la anterior pero al reves la c y la f/sii/el A es el que gana siempre"
1.0,1.0,1.0,1.0,0.5,1.0,1.0,0.0,0.5,0.0,0.0,0,0,0,0,1,"mmmm/f5 c5?/no tio/yo ahi gano mucho menos/c4 f4/esta que son 40 hacemos c3 f3?/pero te juro que me acuerdo de lo tuyo para las siguientes jajaj/gano mas en c4 f4/ok/pero solo 3 mas/yo pierdo 11/sino, me lo tomare por mi cuenta/los que he ganado antes jaja/jajaja va/c3f3 ok?/ok/jajajajajaj/si es que lo mejor es lo mismo/o 54-26 y en la proxima ganas mas tu?/vale/en otros juegos pasa lo mismo con tu color/asi ninguno gana poco no?/ponemos c3 y f3/f3 c3?/si/o c1 y f1/la que todos ganamos más/la 4/decidme/8 puntos tio/antes no me a dado tiempo/jajaja/lo siento/esa/no/f/pero no me rreferia a dejar a uno con 10/vale ahora uno que ganes tu mas/me referia a uno con 20/o x ahi/c3 f3/sisi/es la mejor/perfecto/os habeis dado cuenta/siempre la mejor es c3 c3/c2 f2/gano 11 mas/no hay tanta diferencia/pero tu 3 menos/el que mas putnos suma/el F y C siempre son menos/te vas a forrar jajaja/jajaja si quereis ponemos uno de menos"
1.0,0.0,1.0,1.0,0.0,1.0,0.5,0.0,1.0,0.5,0.0,1,1,0,0,0,"hacemos una cosa/c3 y f3 ahora/cuando toque juego 5 c4 f4/si mas que nada porque el resto no me compresa/y recuperamos lo tuyo/compresa no jajaj compensa/AJAJAJJAA/ok/va pues 3/pero sino toca el 5 me lo pienso sobrar iguale n otro/jajajja/que lo sepas/vale jajaja/cobrar*/es que yo en el uno podia ganar 54, y tu cmo mucho 38/ya/jajajaj/pillamos ahora el c5f5/entonces que? seguimos esta ronda y la siguiente igual y en la ultima ya cada uno lo que quiera?/nooo/vale/cogemos el c5f5 y a la siguiente gano yo mas/okay/mientras que no reste/perfect/c5f5/ok esta vez te toca a ti/f1 c1/por la d antes/gracias/f5/c3 y f3/va/espera/73/c3/f3/perfecto/no/mo/se acaba el tiempo/21/y yo gane 10/ya pero no me ha dado tiemmpo a ver mas/va/se acaba el tiempo/mirad/c2 c2/c4 c4/pero ahora C3 C3/si/a veces si/cual quieres/c2 f2 diria yo/va pues esa/mas igualado/uno/la penultima/pero vosotras ganas menos aun/juego 3/3-3?/3-3?/si/juego 1/3 3/si"
1.0,0.0,1.0,1.0,0.5,1.0,1.0,0.0,1.0,0.5,0.0,0,0,0,0,1,"ui mira, el 5/jajajajajjajajajajjaja/jajaja/c3 f3 entonces/c4 f4 era/jajaja si/c4f4/valee/no me la trames ahora ¬¬/no no jajaja/soy de fiar/me lo creeré jajaja/ya veras/:)/c1f1/c2-f2 esta bien/ostras tu jajaja menuda diferencia/yo prefiero c1f1, que llevas ganando tu dos/bueno vale/y el proximo iguales/si nos toca el juego tres perfecto/ya ves/jajajajaja haz fuerza/jajajaja valee/que hacemos? yo ya me he perdido/jajajaj aqui en realidad nos renta ir iguales porque son 40, tu aqui tu maximop ara llevarte son 46/f3c3?/y ganamos los 2 lo mismo/pero si se trata de ganar lo max/no sabemos en la siguiente ronda que nos va a salir+/vamos compensando cada ronda/ya pero los numeros son los mismos en todas las tablas/solo cambia el orden/buscamos las combinaciones/okey , en la siguiente ronda , gano yo y pierdes más tu entonces/f2 c2?/pierdo 3 ganas 11/c1 y f1/ahi pierdo yo mas de 10/c2/f2/c2/f2/va/c1 f 1/c3 f3/sii eso A/ENCIMA TAMBN ES LA Q UE MAS LE DAN AL a/esa definitiva/al A le dan mucho/que suerte/flipas/jajaja/que me compense ahora/no?/creo q no hay/si/que eficacia jajaja/si jajaja/o mejor 22"
1.0,0.0,1.0,1.0,1.0,1.0,1.0,0.0,1.0,0.5,0.0,1,1,0,0,0,"aqui si c3f3 es donde mas ganamos/c3 f3?/si/vamooooos/el juego 4 y 5 te pueden beneficiar/y el 1 y 2 a mí/si volvemos a repetir lo de antes xd/jajajaja/lo miraremos../ok jaja/crees que vamos a sacar pasta?/pues en esta ronda contigo/algo mas que con quien me ha tocado en la anterior xd/como a mi../que no nos coordinabamos para nada jajaja/oooh/bueno jajaj son 36, el otro eran 40/bueno, f3c3/por cuatro puntillos/sep/bien bien/sabes que es una miseria no? jajajajaj son 0.02 por punto/jajajajaja/ya/creo que llevamos los mismos puntos/lo has calculado?/nou jajaj me sacas 6 pero da igual/ah si?/si/sii/en la siguiente si tienes no de 50 para ti, ve/cuanto nos llevamos ahora?/cada uno 40 no?/de diferencia digo/en las otras combinaciones solo perdias 6/igual que antes he perdido yo más de 10/32-26 son 6/antes te he dejado ganar a ti , ahora quiero ganar yo/es el doble/no es ganar, es ganas más o menosc/compensar/c1/es la ultima ronda/perdon/porfa/ahora mejor/gracias/jajajaj/va/donde todos ganemos/espera vamos a ver/q me lia esto/hay que calcular/muchas opciones/y ganas tu 38 y yo 10/y estmos igual ya/vale/no hay mejor/pero escucha/vale/no tenemos q hacerlo asi/asi perdemos/ya/hay que buscar de mas/me refiero/vale a ver/me estaoy portando bien/sisii/que miro por todos/vamoss/claro/va/cual/c3 c 3?/c3 f3?/esque no hay ninguna com antes/bien/ganamos lo mismo/se queda c3 f3/espera/vale/vamos a ver/2 2/y luego que tenga yo mas/?/juego 5/5 5?/42464/42464/4-4 es como antes/i es el mismo de antes/okay"
1.0,0.0,1.0,1.0,0.5,1.0,1.0,0.0,1.0,0.5,0.0,0,0,0,0,1,"mmmm/qué dices? jajaj/hacemos como antes/luego gano yo/f2 c2?/y la ultima hacemos tablas/te parece?/vale/f2 c2?/sip/confirmame jajaj/vale/asi me quedo tranquilo xd/confirmado/relax/respira/jajajajajajaja/ups, el primero ha sido el fallo/pero no pasa nah/claro/da igual/es lo mismo, no?/eso parece/seguimos igual?/son 36/vale/o dices de diferencia?/ah/c3 y f3/vale/la que mas nos de/a ver cual/claro/F di tu/c1 f1/esa no me da casi/iguales lo he dejado/ahora si/c1 c2 una opcion/y luego tu/espera vamos a ver/c2 f2 mejor/sisi/esa esta bien/entonces c2 f2/si/si/esta es buena/c2 f2 gano yo mas pero tu 3 puntos menos/los comepnsamos/en la siguiente?/esq es la de antes/porque 5-5 es mucha diferencia, no?/para c solo son 3 puntos/podiamos a la siguiente hacer la fila que a se lleva 80 y f  y C 26 o 54/yo lo dejaria asi/y luegos hacemos la fila esa/okay/y nos llevamos siempre lo maximo/esta 4-4 y a la siguiente la de 54/turnandonos f y c/no?/juego 3/maximo a quien?/hacemos el 3 3?/es el mas equitativo en este"
1.0,0.0,1.0,1.0,0.5,1.0,1.0,0.0,1.0,0.5,0.0,1,1,0,0,0,"ups/he aquí un dilema jajaj/hacemos lo que digas xd/pfffffffffffffffffffffffffffffffffffffffff/jajjaja/c3f3/va/me parece bien/y a la siguiente mi/mia*/sea lo que sea jajaja/a no ser que salga el 1 otra vez xd/bueno pues si sale uno de neuvo tambien ganare yo/jajajaja/bueno, eso ya lo debatimos xd/mm no/venga va/no da lugar/jajaj/escuchame/podemos ganar más dineor y más rapido/escucho/hay que turnarnos/como?/las proporciones son siempre las mismas/entre 12-15/el de antes/jajajaja/ahora coges tu el de 50/esta a medias igual/Okey/f4/c4/o c3 y f2 y ganamos lo mismo?/c3 y f3 y ganamos lo mismo/para ti son 3 menos y para mi 11 mas/y ganamos más los 2/vamosa verlo rapido/vavava/va/a ver si vemos una q nos de a ti o a mi f mucho/o sino c3 f3, pero me da igual ganar menos esta vez/pero qno se quede uno con 10/c3 f3, los dos ganamos 36/c2 f2/y luego tu mas/un poco as/o da igual/es que antes ya he ganado menos yo/yaya/jo/cual/o sino/c3 f3/ya/no prefieres q te compense la ultima?/son 3 puntos/soo/vale/si/el tres no hayla opcion esa/es que hay otros con mas diferencia/este el 3 3 esta bien/si, 3-3/pues ese entonces/juego 1"
1.0,0.0,0.0,1.0,0.0,1.0,0.5,0.0,1.0,0.0,0.0,0,0,0,0,1,"mierda xd/qué hacemos?/c4f4/pero yo pierdo 11 :(/yo gano los 3 que he operdido antes y tu pierdes los 11 que has ganadi/ei, como yo antes../va jajaja/ni pa tu ni pa mi/jajajajjaja/pero no me engañes xd/no te he engañado en 9 rondas../te voy a engañar ahora?/bueno, no te compensa otra opción xd/jajaj/por eso/Pues un placer :)/si yo gano en una 50 y tu 24, en la siguiente ganas tu 50 y yo 24/y asi ganas más dinero y más rapido/entiendes?/y nos ponemos iguales/vale/y luego pasara o mismo en otros cn tu color/yo iria compensando por ronda/f3/c1/ahora me toca a mi ganar más/que ahi yo pierdo 14/a ver/vavavav/que nos quedamos sin tiempo/c2 f2 no esta mal/f3/pero a ver si hay mejor/c4/si c2 f2/lo veo bien/c3 f3/mas/vamos a buscar que ganemos lo mismo y ya/era mejor c2 f2 ganbas 80 tu tmabn A/si va/porque estan los puntos igualados/ya/pero uno se quedaba con menos/va/yaa pero antes he tenido 10/estaba hablado/c3 f3??/yo tambien he tenido en uno 10/es verdad pero son 3 menos/a ver/c4 c4 va/gaanas tu mas ahora/c3 f 3/me da igual/por 3 puntos/solo/cual/c3 f3/por mi c2 c2 pero elije tu f va/yo pondria la que ganamos lo mismo y au/va pues esa/si?/vale/cual/pues c3 f3 para el A/vale/c3 f3?/ganamos lo mismo/o que/que es la ultima/me dejas c2 f2? que tenog una ronda con 8 puntos y otra con 10/lo q veas/ganas 3 menos/solo/3-3 esta igualado/no 1 1"
1.0,0.0,0.5,0.5,0.0,1.0,0.0,0.0,0.5,0.0,0.0,0,0,0,0,1,que hacemos 3-3?/o maximo a f?/5 5/porfa/y el 4-4?/es que si no he perdido puntos con la de antes../pues  la 5-5/gracias :)/que con lo del c de antes es casi lo mismo/y se acabo/si/hola/hola/hola/Qué juego hacemos?/hay que buscar uno/donde mas o menos ganemos todos igual
1.0,0.0,1.0,0.5,0.5,1.0,0.5,0.5,0.5,0.0,0.0,0,0,0,0,1,"si F quieres que en los que son extremistas ganemos lo mismo, pues el c3 f3/quiero/el que ganamos lo mismo/lo hacemos así o queréis jugarosla a cada uno el que sea?/vale/asi bien/que hay que hacer ahi abajo?/que pone nose que de ingresos/ir mirando y me vais diciendo/abajo es para calcular/vale/tanto c como yo/entonc4es en este?/pues coge juego 1 f3 y c3/bueno grupo/ultima ronda/sii/buen trabajo chicxs, me gusta el compañerismo/que quereis que elija?/y a mi jaja/a mi si salimos todos bien parados tb jajaja/algo equitativo/pues decirme/o pongo 4 4/pues entonces c3 f3 del juego 2?/lo que veais/F, bien?/buenas/seguís con los mismos roles?/ya te vale/porque te estás portando muy bien la verdad/y coger en esta el mío de 47 y el suyo de 33/nop, voy a por vuestros maximos/que en la anterior ha sido al revés/ves a por nuestros maximos/siii"
1.0,0.0,1.0,1.0,0.5,0.5,0.5,0.0,1.0,0.5,0.0,0,0,0,0,1,"nah, jajaj no soy tan cabron/la verdad es que te estas portando bien/juego 2 f2 y c2, bien?/decirme cual pillar en esta y cada vez que uno palme un poco/vale/por mi vale/creo que vas a sacar tu máximo en la mayoría/he palmado yo/por eso/por coincide con uno nuestro/q lo sepais/en la anterior yo/me ha dado a mi 33/suele coincidir con el max de uno de vosotors"
1.0,0.0,1.0,1.0,0.5,1.0,1.0,1.0,1.0,1.0,0.0,1,1,0,0,0,"y a ti F 47/sin calculadora nuse lo maximo que se puede ganar en la prueba de hoy/no se por qué pero en esta creo que va a ser el juego 1 la f3 y c3/pero han habido algunas que la peña se ha llevado 40€ o mas/pues espera que te digo lo otuyo si fueras todo 80/un amigo ayer 40/sooo/ojala 40 pavetes/una amiga de una amiga XD/juego 3 f3 c3?/por lo que he visto es:/si/ese/j1 f1 c1/j2 f2 c2/j3 f3 c3/j4 f4 c4/j5 f4 c4/coinciden sí/en este pon el del juego 3 f3 y c3/si/son los maximos de todos mas o menos/de acuerdo/lo malo es que en unos hay mucha diferencia y en otros menos/pero vamos apañándonos/hace mucho tiempo se llevo 150 pavos/en serio?/si quieres ganar más tú coge el c5 f5 del juego 5/la segunda parte será igual pero con diferentes roles no?/por 8 puntos os perdono/vale, alguien sabe seguro/si las siguientes 9 rondas/sii/habra más experimetno/si luego seguimos juntos, y va de lo mimsmo/lo hacemos a maximos/hacemos 1-1 y cuando toque juego 5  5-5 ??/y a la siguiente vamos a por mi maximo/eso/vale/1-1 en esta ronda entonces?/si/y cuando salga juego 5 hacemos 5-5/si/por/lo máximo tuyo creo que son 15 o por ahi/vaya telajajajajajaja/me lo juro mucho/ceba yo quiero eso/y lo nuestro c/?"
1.0,0.0,1.0,1.0,0.0,0.0,0.5,0.0,0.5,0.0,0.0,0,0,0,0,1,lo que me lleve va para gasolina asi que.. jjajaja/tal cual me lo den se me irá/si/vale/y si no sale pues en la ultima el maximo de F/ahora vemos/vale perfecto/eso/cmo digasis/j3 f3 y c3/dale ese q te hemos dicho/okey/dime cuanto nos estaremos llevando C
1.0,0.0,1.0,1.0,0.5,1.0,1.0,0.0,1.0,0.5,0.0,1,1,0,0,0,"?/nuestro máximo depende porque el suyo es 80 en todas/bueno, pos ahora si que si es la despedida/juego 1/3 3'/?/el maximo de f es el 5-5 no?/creo que va/en el 1 y 2 gano yo/jajaja/ula ultima sugerencia?/A VER  2 3 3/pues f3 c3 del j2/SI VEIS UNA MEJOR DECIR/o si F quiere perder 3 puintos/veo una mejor/o lo hacemos equitativo?/pero para ganar 38 prefiero los 32 equitativo/hacemos esta equitativa y la ultima el maximo a f?/y al siguiente si sale mas ese/f de diferencia son 6 puntos, esperamos a la siguiente a ver si puede tener mas/si/mejor/vale pues 3-3/juego 2/en el 4 y 5 gana F/y en el 3 ganamos lo mismo/yo veo un pooc exagenrado el c1 f1 del juego 1/juego 1 c3 f3/pues vosotros direis que cojo en este/pero si queréis hacerlo a máximos/ganamos lo mismo yo y c/así/lo que querais/si f palma 3/XD/yo gano 11/jajajjae/YO VEO MEJOR/sa he pensado también/2/3/hay sacrificio? :(/3/VAAA ENROLLAROS/3/f2 c2 j2?/jajajajjaja/vamos otto rico/C3 F3/que son 3 puntos/a jugarte el tipo/si haces este"
1.0,0.0,1.0,1.0,0.0,0.0,1.0,0.0,1.0,0.5,1.0,1,1,0,0,0,"pero es el experimento ya?/nan/no ha ido mal, no? XD/a ver qué tal esta/no voy a elegir c5 porque hay muchos negativos/hacerme ricx/c4 y c5 son los qu emás/ni c4 de las primeras filas/mirad la c2 y c3 en todos los juegos son positivos/ni c1 de las ultimas filas/menos alguna cosilla/si mi idea es escoger/filas 2,3 o 4/y columnas  2 3 o 4/f3 y c3?/si/okey/no me digais la j por si despues comprueban el chat XD/pues auí igual no? juego 5 f3 y c3/decirme a priori cual pillarais jajaz/hombre nosotros no te estamos diciendo que es ese el indicado, te ponemos solamente lo que haríamos/yo en esta ronda me la jugaría al 5/jajajaj/ahi ahi/que te sale que gans c¿/c/como lo veis?/eso es/muy bien/vale, he estado mirando los juegos/y depende de cada uno/pero las mejores son/f2 y c2/f3 y c3/f4 y c4/me acabi o de fijar que arriba nos pone que el juego seleccionado es el 5/donde te pone eso?"
1.0,0.0,1.0,1.0,0.5,1.0,1.0,0.0,1.0,0.5,0.0,1,1,0,0,0,"que te sale que ganas?/tiene lag/he sumado los máximos/y para C y F son 200/estaria bien que sumasen puntos de los 3/y que tal/y se repartiera/haciendolo para ganar más o menos lo mismo, estamos palmando todos/todos 3?/suma unos 180/si es individual, el que mas gana siempre es A/porque si es asi/cojo f4 y c4/cual quereis que eleja?/elija*/jaajajaj/lo has clavado/cual te pone ahora?/el 3/no podia decir nada antes, acabo de leer las intrucciones. llo siento me callo jajajaj/coge el c3 f3 del juego 3/se/que no tiene mala pinta/nada mala/me da miedo la siguiente parte del experimento/por ser un poco equitativos.. f3 c3 del juego 5?/lo que veais/por mi ok/lo malo es que teníamos que haberlo hecho desde el principìo a máximos de 2 e ir tunándonos cuándo palmamos nosotros/ahora ya seguimos aasi o que?/que me sugeris coger en este?/me la juego al juego 3 f3 y c3/lo que querais/si/si por mi vale/apuesto todo a ese jajaja/juego 1 f3 c3/os parece?/es lo mismo cambiando roles?/lo pone abajo/seguimos siendo las mismas personas/y empezará un nuevo periodo de 9 rondas/okey/juego 1?/por lo que supongo que se cambiarán roles, haremos lo mismo, y seremos los mismos/y quereis c3 y f3?/pero me la estoy jugando/seguro?/cfual propones si no?/ese/ese/akakjaja/ese el c2 y f2/vale, acabo de leer enteras las instrucciones/la segunda ronda es igual tienes razon/que me proponeis coger en esta?/repetimos f3 c3 del juego 5?/repartimos?/sisi/porque yo me la juego al 1 y la f3 y c3 entonces/si queréis ganar más, a mi no me importa/y coge el f4 c4 del juego 5/que osn 3 punto s de diferencia para mi solamente/F que dices?/y para vosotros más/vale bien/de acuerdo/vale/vale, quedan dos rondas/a ver/f3 c3 juego 3?/JUEGO 2 PERDON/o f2 c2 juego 2"
0.0,0.0,0.0,0.0,0.0,0.5,0.0,0.0,0.0,0.0,0.0,0,0,0,0,1,"por mi esa/y asi ganamos todos mas/vale/mirar otra mejor/que ahi ganamos poco/esa es la mejor/nada dejalo/asi/sii/nan/decirme/de acuerdo/bien/A me das envidia jajajaj llevarás ya casi 10 pavos/más los 5/el que mas se va a llevar siempre es A/sana, siempre sana/si/que tal ha ido la primera ronda?/joe macho jajajajaj"
1.0,0.0,1.0,1.0,0.5,1.0,1.0,0.0,1.0,0.5,0.0,1,1,0,0,0,"pero que no somos los mismo?/que me aconsejais pillar?/la ultima vez era mas facil/podrías haber sido egoísta y haber buscado tu beneficio solo/si no?/no lo se/somos diferentes?/juego 4 f3 c3/se supone que si, no?/jajaja/no se/A tenemos un esquirol, si duda es que no es el mismo jajaja/que esquirol?/?/??/has dicho antes que te gustaba el compañerismo?/o no eras tu?/siiii/bueno, que a ti también/por el compañerismo/y avaricia tb/que es navidad.../y hay mucho gasto/vas a ir a por tu máximo todo el rato?/po ir compensando en las rondas nuestros números/exacto/y nos llevamos todos los de mi grupo 23/muchas gracias :D/jajaja/y tanto/se va pagar la carrera con lo que saque/ajajajaj/vale escuchame/dime si te parece bien/ahora elijo yo, y las dos siguientes tu/lo que quieras/ejie esta y las siguiente dos uo/yo/juego 2?/si/fila f/y fila 1 y columna 5?/nooo/fila 5/columna 5/vale/juego 1 no?/sisi/si/es suerte participante a/f/antes te has llevado tu mas F/Solo tienes que leer/que nos llevamos lo mism/yaya/Que si primero le das mas a uno y luego mas a otro/Es que ganamos todos/f3 c3"
1.0,0.0,1.0,1.0,0.0,0.0,1.0,0.0,1.0,1.0,0.0,1,1,0,0,0,"juego3 otra vez/pues c3f3/juego 3/Si, el tema es no repetir los juegos excepto el 3/Si el 5 se volviese a repetir/C, entonces cada partida, se pone la diagonal con el numero del juego que toque no?/exaaacto/vale/pues igual f1 c1/buah que lastima/aqui no te puedes llevar casi puntos"
1.0,0.0,1.0,1.0,0.5,1.0,1.0,0.5,1.0,1.0,1.0,1,1,0,0,0,asi tu y yo ganamos lo mismo no?/entre los juegos si/vale/el juego es el 5/si/que fila coges?/fila 5 columna 5/?/no?/si/sii/que juego es grupo?/lo mismo/vamos a hacer ahora juego 5 fila 5 columna 5/juego 5 entonces?/vale/y porque no hacemos todo el rato juego 3 fila 3 columna 3/?/en las anteriores rondas/no te enojes/yo lo veo justo asi/el num de juego solo os lo dicen a vosotros/Ahora mismo A estas teniendo mucho beneficio/juego 1/por eso yo no se que combinacion ager/hacer*/Sigue haciendo caso/coge la f3c3/Que vamos bien/que es la mas justo/f1 c1/Seria c/ahora f3 c3/Hay que buscar el 80 para A todo el rato beneficiandonos/si/Yo me he apuntado los juegos/Juego 3/lo ultimo que habeis dicho antes/otra vez rl 3/nno me ha dado tiempo/a leerle/leerlo*/Ahora mismo A tiene el mayor beneficio/tu ganas 80 en el juego 1 11 juego2 22 juego3 33/Despues F/y asi todo el rato/pero di/f3 c3/perfe/thanks
1.0,0.0,1.0,1.0,0.5,0.0,1.0,0.0,1.0,0.5,0.0,1,1,0,0,0,f5 c5/no?/f5 c5/escogeré c3/yo habia pensado columna 3/pero ganamos menos los dos/no?/no/si/porque aunque cojamos el mismo numero de filas y columnas el numero de lacelda es diferente/ya/por eso/el juego es el 3/si/1 y 1?/en la f4 y c4 es mas/cierto/va 4 y 4/ok/es lo mismo/vale sa la siguiente/vamos a poner todoe el rato/juego 3 columna 3 fila 3/si/vale?/deberíamos elegir el juego 1
1.0,0.0,1.0,1.0,0.5,1.0,1.0,0.0,1.0,0.5,0.0,0,0,0,0,1,"no/asi ganamos todos mas que en los demas juegos/todo 1/pequeños míos, paz/todo 1/yo podria decirte 55/A escucha/IMPORTANTE/y despues c/entonces segun el juego que toque/coges ese numero/Pero si se repite el juego hay que cambiar el ciclo/y estadisticamente tu siempre ganas el max/y los otros dos acabaremos repartiendo/pq cambiar el ciclo?/Para que sea mas justo/ahh vale vale/no lo cambies/al final van a salir los mismos juegos/y es en el que tu ganas mas/siempre/No porque hay 5 juegos/9 rondas/que c5 vas a elejir??/yo f3/f5/si coges otra fila ganariamos mas puntos/por ejemplo f3 con c3/cual/vale/f3 y c3?/ok/f3 y c3?/es siempre igual si queremos ganar igual :)/ya jajaja/espera/3 y 3/es mas/nada no dejalo/si/3 3/ok/3 y 3/el 3/nono el 3 ganamos todos/no/si/tu ganas 80 en los dos/exacto/joder jajaja/igual/todo 1/esta clara/la jugada digo"
1.0,0.0,1.0,0.0,0.5,1.0,1.0,0.0,1.0,0.5,0.0,1,1,0,0,0,"sii/desde que lo hemos pillado si/solo quedan dos/animo!/pequeños mios/vamos/pequeñines/si lo hubiesemos pillado desde la primera ronda, podriamos haber elegido conforme, que ganeis loos dos por igual y me daria lo mismo ganar menos de 80/dime/Esto se trata de que tu obtengas el mayor beneficio/Que siempre esta en la columna c1 f1/A, No ves que te esta engañando todo el rato, te esta diciendo el1-1 porque es el que mas gana el, que se me quita a mi. yo podria decirte 5-5/Miralo en todos compruebalo/juego 2/Juego 2/elige la 22/F2 c2/valep/Una pena no darnos cuenta antes/Juego 1/cual cojo?/f1 c1"
1.0,0.0,1.0,1.0,0.5,1.0,1.0,0.0,1.0,0.5,0.0,1,1,0,0,0,"si/vale pues 11/hacemos todo el rato eso y ya esta/a lo tonto a va a sacar dinero/el maximo cada ronda/Juego 1/c1 f1/otra vez.. :(/valee/Juego 1/c1 f1/juego4/juego 1 otra vez jajajaja/el ultimo ya/pero si ha salido el 4/Como que 4?/como me estas rateando por 40 centimos/Porque te beneficia mas a ti?/si ha salido el 4/que dices/3/ok/yo f3/podemos elejir en esta ronda tu o yo el mas alto/y en la siguiente el otro para compensar los beneficios que se lleva a no/si eligimos en una ronda los putnos mas alto para ti y en la siguiente los puntos mas alto para mi, es peor?/no se, el que mas gana es A siempre/bueno ahora eligimos 3/el 4/3 y 3/pues fila 5 columna 5/?/?/bueno vale/o si quieres gana tu un poco mas ahora y en la siguiente yo?/me parece bien/pkey/pues 5 y 5?/si/vale el 3/tu ganas lo mismo en todas/vamos a coger el 3/asi el grupo A gana siempre 80/jejeje vale/o almenos yo no lo pille en las primeras :(/tranquiii/no pasa nada/muy amable/es unhonor trabajar asi/tu te ibas a llevar siempre el doble que nosotros/todo 4/yessss/valee/te has forrado A/y es la que mas ganaria yo y a/Y si tu ganas mas los demas al final tambien/que mentira/f1 c1 todo el rato"
1.0,0.0,0.5,1.0,0.5,1.0,0.5,0.0,0.5,0.0,0.0,1,0,1,0,0,1-1 2-2 las que benefician al c/Ya estas viendo que los datos el que mas ganas eres tu/No te miento/te esra engañando/ahora pongo c5f5/alaaaa/Enserio?/aclaraos/Que dices tu/que liada/juego 1/lleva todo el rato saliendo el 1 y no me he quejado/Lo que pasa es que te estas rayando/Por eso/nos has engañado al principio/Porque sale mas el 1/Es suerte/y dices que sale el 1 ahora?/Que he engañado de que/por 40 centimos/??/sisi/elijes tu la cantidad mas alta de c/y en la siguiente yo la de f/vale
1.0,0.0,1.0,1.0,0.0,1.0,0.5,0.0,1.0,0.5,0.0,1,1,0,0,0,"escoge la fila 1/ok/yo f1/di/vale/en la siguiente los punto mas alto para ti/vale/1?/pues cogemos f1 y c1 y en la siguiente eliges tu/okey/3/2 y 2?/si/vale/ynosotros 40/jajajaja/xd/igual no? juego 3/igual todo el rato/sisi/vale/se los echará de menos pequeños :'( un placer!/no porque?/de todas formas te ibas a llevar el doble siempre/aaah/lei otra cosa, lei \qborrado\q/jejeje/jajaja/un placer A!/A siempre te llevabas 80/esoooo/un placer/Enserio aun no lo has entendido?/para compensar/si/si estoy bucando lo mejor/madre mia/ahora decidme cual hay/que elija/Desde el principio/ha salido el 4/juego 1/o pongo 33 y a callar/el 4/vale vale/yo f5 y tu c5/perfecto"
1.0,0.0,0.0,0.5,0.5,0.0,0.0,0.0,0.0,0.0,0.0,0,0,0,0,1,cual/vale/5/5?/vlae/vale/mejor volver a eligir la misma ;)/que opinas?/es lo mismo
1.0,0.0,1.0,1.0,0.5,1.0,1.0,0.0,1.0,0.5,0.0,1,0,1,0,0,"al final hemos ganado los mismos puntos tu y yo/perfect/el otro se esta forrando eh/jajajaj/ya ves/xD/asi de gratis/y no hace nada no?/nada/ahora en la siguiente te toca ganar a ti mas/5 5?/si quieres en esta ganas tu mas/dale al juego 3/coge el 3/claro/RECUERDA TODO 4/compañeros/un placer c y f :(/xd/No/claro que si/le has engañado dos rondas/c3f3/aa/44/juego 1/ha salido el 4/f1 c1/Eres muy ruin tio/eh/flipo/buenas/hola/hola/el A coges ls que mas puntos nos de a todos no?/en la columna dos es donde menos en negativo hay, solo unn -4/buena/asique voy a darle ahi todo el rato/intentando compensar f y c/Correct/pero claro, no te podemos decir el juego no?/Ni idea/ah ni idea/f1/ok/bueno/3?/ya seguimos asi entonces si te parece/pero si lo hacemos por separado creo que conseguimos mas/que en este en ningunoo hay una grande/gracias/1 y 1/te debo dos entonces no?/si si/no/seria en la siguiente yo/y en la ultima los dos repartidos/xd/okey/1 y 1 entonces/yo le di al juego 3/que es el que mas nos favorece a todos/cogiendo el 4 nos llevamos menos todos/nono mira la hoja/ya, pero que le di al 3/nos pone que le has dado al 4/sigue con el 3 fila 3 columna 3/que te favorece a ti mas tambien/el 3 fila 3 y columna 3 es el que mas favorece a todos/TODO 4 PEQUEÑOSSS/siii motess/vamoossss/JAJAJAJAJA/es el juego 5/claro que si/con c3f3/ganais lo mismo los dos/dos rondas haciendonos el lio para que ganara los dos+/es lo que te he dicho desde el principio"
1.0,0.0,1.0,1.0,0.5,0.5,0.5,0.0,0.0,0.5,0.0,1,1,0,0,0,"pues pillala igual/vale/alguna propuesta?/si que se puede/temnemos el juego cinco/2.2000000000000002/o 3.3/para equilibrar/jueg?/tres/Si coincidimos se supone que ganamos mas?/puede/ni idea, posiblemente/Que decis?/3.3?/ok/ok/el rojo se va pero nosotros igual/es dnd mas podeis ganar vosotros no?/si/ok/Si/f3/q esta mas equilibrado"
1.0,0.0,1.0,1.0,0.5,1.0,1.0,0.5,1.0,0.5,0.0,0,0,0,0,1,"pero lo que quieras/mejor seguir asi para mi ;)/eligimos 3?/como?/vale/seguimos con 3?/entonces la cogemos igual?/que opinas?/si/42495/sep/no?/okey/tenemos que quitarle al otro con negativo sin perder nostross mucho jajjajajajajjaajaj/he pensado lo mismo/xd/pero seria cruel/ya/pero es que sino.../que mas dara/jajjajajajajaj/igual/lo mismo/nan/todo 3/me di cuenta que pocos segundos antes de que se acabe el chat, se cambia solo de juego. Yo antes si pulsé todo 3/yaya/Habria que hablar mas/A, deberias elegir la fila 1 columna 1/que se supone que hay que hablar?/El lio no F/Aqui vamos a ir a buenas todos/no os peleeis/hago c3f3/cuatro/3.3?/si/sip/Perfecto/para que estaran las negativas/Para restar a los demás, pero supongo que a ninguno de los 3 nos interesa que nos resten/jajajaja/nan/claro/jajajajaj/lo que veas/f3/por 6 puntos ya ves/si eliges f3 me haces un favor/vele/vale/solo pierdes 6 puntos de lo maximo que te puedes llevar/yo 22 puntos/okey?/grande/XD/elige tu ahora lo maximo/y la siguiente yo/o si no esta ronda yo y la proxima tu/creo que ganamos mas haciendo una tu unz yo pero lo que quieras/vale/ok/pues esta tu/5?/vale/ok/vale/xd/42495/entocnes"
1.0,0.0,1.0,0.5,0.0,0.0,1.0,0.5,0.5,0.5,1.0,0,0,0,0,1,"si/ok/te toca ganar mas no?/esq tu en ningun cuadro ganas mucho la verdad/42495/?/vale gracias/okey/y el otro 80 como no.../solo gana eso/o 72/80 y 72/xd/excepto en las dos primeras que la he liado yo jajaja/xd jaj/42495/a mi tmabie se me cambio/y esta vez me di cuenta a tiempo y dije, uy, porque se cambió, y lo cambié rápido/tiene razon/estas atentos equipo/estad atentos/vale/bien!/sigamosa asi xd/mote/que no se os cambie e juego/estuve atenta y no se cambió :(/Sobre eso, intentar maximizar ganancias/elige mejor f3c3/es que yo no se el juego"
1.0,0.0,1.0,1.0,1.0,1.0,1.0,1.0,1.0,0.5,0.0,1,1,0,0,0,"nod llrvsmod 40 y 40 los dos/y a 80/Tu tienes que elegir para obtener ganancias/Que nos tenemos que poner de acuerdo/y asi/teneis lo mismo/o q?/Vale A/33 desde el principio hubiera sido lo mas justo/Vamos a ponernos de acuerdo F/Hay que compensarse y así todos ganamos/tres/TRES/3.3/3.3?/3.3/ok/jajaja la de siempre/Siempre es la que nos iguala a C y F/si te fijas la 3.3 es siempre lo mismop y el rojo el doble/sI/uno/3.3/?/f5 y c5/bien/elie/f1/ok/f5 c5?/ok/c1 y f1/ahora 1/perfecto/mira si sumas 26 + 38 de las de antes y ahora da lo mismo que tu 54+10/si pero da igual que 32 +32/per ote tocaa/y luego en la siguiente gano yo mas?/vale/asi lo haciamos antes/sisi/con el otro componente/okey/tu antes eras el a no?/el mio tampoco/c estate atento nats/ni el mio/pues no lo entiendo/sigamos igual/da igual/dale/coge juego 5/que pasa/fila 5/columna 5/porque/se selecciona un juego/que nos pone a f y mi/prueba a ver/por eso, el juego 3 que ganamos todos mas que en ningun otro juego/y ahora es el 5/no/hazme caso"
1.0,1.0,1.0,0.5,0.0,0.5,1.0,0.0,0.5,0.0,0.0,0,0,0,0,1,juego 5 entonces?/da igual probamos juego 5 fila 5 columna 5/todo 5 agora/vale va/nos llevamos*/sisi/Y segun tu eleccion se divide para nosotros/pero decidme uno que no perdamos ninguno/con la f1 c1/Y realmente maximizar beneficio/con 33 creo que esta bien/Vale A/3.3/mismamente/cincoo/3.3/Siempre es igual
1.0,0.0,1.0,1.0,0.0,0.5,1.0,0.0,1.0,0.5,0.0,1,1,0,0,0,Jajajajaja/jajaja/nan/nan/nan/nan/jajajajajajajaja/La gente escribe mucho/didi/jajajajajaja/no entiendo/estan haciendo cahnchullos/cinco/1.5/o f3 y c3 ques esta mas compensado/pero cmo tu me dejaste elejir/elijo el c1 f1/nono/tienes razon/ok/pero hazme el favor si la siguiente sale juego n1 elijo yo y luego tu porfavor/ya/(si eligiamos siempre el numero 3)/nan/=)/pues elegimos 3 porque si da lo mismo../seguimos siempre con el 3?/vale perfecto/no/seguimos siendo los mismos/ahhh/yo soy f/pensaba que iba rodando/de antes/vale/te sale mas rentable a/A ganas 80 igualmente/ahora que/porque no jugamos con el juego 3?/no entiendo el cambio/sigue con el 5/sigue con 5/te viene bien/pero porque ? si elegiendo el juego 3 ganais mas los dos/ganas 80/si lo digo por vosotros/es el juego 3/ganamos todos/f3c3/Tu el que mas/ahora que?/las diagonales son en las que mas ganamos/f1c1 f2c2 f3c3 f4c4 f5c5/f1 c1/sigo con c3f3?/No/En el juego 1 y 2/como que no/Tienes que poner f1 c1/en el 3/jajaja es broma/jajajajajaajaj/33/Jajajajja
0.0,0.0,0.0,0.0,0.0,0.0,1.0,0.5,0.0,0.0,0.0,1,1,0,0,0,de 32 en 32/sisi/El bueno para todos es el juego 3/ya ves/hay es donde mas nos dan/es clave jajaja/100 puntos es un euro?
1.0,0.0,1.0,1.0,0.5,0.0,1.0,1.0,1.0,0.5,1.0,1,1,0,0,0,"creo q 50/ah ostras claro/llevamos c y f unos 6 pavos/5/vuelta a empezar/que pateo jajajajaja/perfecto/otra igual/vale/3? te lo pregunto solo para asegurarme ;)/pues 3 otra vez :)/jajajaj ya/3/el jugador A es lo que mas gana sin hacer nada!!/si si 3/ya :(/nono/okey/5/5 entoncces/si/perfect/1/1?/si/porque tu maximo tambien es 46/sino cogias tu/asi esta bien/okey/y todo esto cuantas veces mas hay que repeitrlo?/tranqui tranqui/jugando al juego 3 ganareis 40 cada uno/porque el juego se escoge por sorteo/dale al 5/vale/y como sabeis que es el juego 5 ?/nos lo pone/ahh/ahora el 3/ahora 3/todo 3/sii/en todos los juegos/con fila y columna mismo num/salen mas gamancias/exacto/Pero hay que intentar sacar el mayor beneficio/madre mia/F3 c3/y en el 4 y 5/3.3/Si porque va muy lento/sisi/media hora cada pantalla jajajaj/en el punto 12 de las instrucciones pone lo qe vale cada punto/A?/sisi, 3.3 a tope/la gente que escribe tanto ajajajjajaaj/Entonces ganamos 5€ más lo que sumemos aquí?/eso creo/o alomejor al acabar nos asignan tantos puntos segun lo hayamos hecho/si, tambien puede ser/Ni idea/33/Este es el juego bueno/jajajajaja/sisi/jajaja/todo al 3/pues hay sueño/Es un poco aburrido/va muy lento, no le dan al ok rapido/vale/igual no/otra no?/o quieres elejir la mas alta/que va por 6 puntos no me importa"
1.0,0.0,1.0,1.0,0.0,0.5,0.5,0.0,0.5,0.0,0.0,0,0,0,0,1,en dos juegos no hemos ganado ni lo que ha ganado el en uno../jajajaj ya!!/pero creo que si lo haciamos uno tu y otro yo A ganaba aun mas/3/si jajaja/3/;)/3 =)/perf/3/pues son  18 rondas en total/y llevamos 11/5/5?/si quieres f4 y c4/porq asi ganas tu 10 mas/y yo solo pierdo 3 opuntos/okey/como quieras/4/4 entonces?/si/gracias/xd/de nada/xD
1.0,1.0,0.0,1.0,0.5,0.5,0.0,0.0,0.5,0.0,0.0,0,0,0,0,1,juego 3 fila 3 columna 3/mi idolo jajaja/jajajjaj/? guaita/??/nada nada/todo 3 ahora participante a/sisi/entendido/cuidado/fijaros si cambia/no se cambie/eso/todo 3/todo 3/3/vale/con cual ganamos mas?/la 11 22 gana mas el f y 44 55 gano mas yo/el c*/la 33 es la mas igualada/pero cual cojo ahora?/en todos creo/la c1 f1/Es la mas repartida/Dentro de que todos ganamos/decidme que cojo ahora/f5c5/fa c4 y c5 l5/y eso?/con lo facil q es poner 3.3/con lo rapido que se hace/Exacto/Dan mucho tiempo creo yo/y despues de esto que habra/En un minuto se puede/y la gente escribe hasta el final/que bien ahora/Que suerte/el 3/manteca/3.3/ahora ha ido mas rapido/jajaja que no pare/sisi/Jajajajaja/pero si toca el juego 1 o 2 dejame elegir es lo unico/vale/eso si el jugadorA se va llevar 500 millones/yes/;)/no entiendo porque los otros se escriban tanto :)/ya ves jajaja/se estaran contando su vida o algo -.-/jajajaj/pero no se puede =)/ya jajaja/bueno 3/2/2?/podemos coger la 3/3/y la siguiente ganas tu/vale/entonces 3/3?/es q lo unico q pierdes son unos puntilos/si si me parece bien/entonces hacemos 18 y acabamos todo lo del lineex?/a esperar/que no cambie/atentos/todo 3/siii/A te estas llevando buen botin eh nats jajaja/que suerte jajaja/jejejeje  :P/ojala me hubiera tocado a/jajaja ya ves
1.0,0.0,1.0,0.0,0.5,1.0,1.0,0.0,0.0,0.0,0.0,0,0,0,0,1,todo 3/valee/eso/Vale espera/Lo mas justo es repartir ganancias/aunque lo mejor seria f3c3/decidme el que mas ganemos todos
1.0,1.0,1.0,1.0,0.5,1.0,1.0,0.5,1.0,0.5,0.0,1,1,0,0,0,y con c3 f3/tu 72/nosotros 36 36/Pero si quieres igualar porque tengo un poco menos seria justo/Y empezar a repartir totalmente/Y salir ganando todos/La la f1/Seria esa opcion/estamos en el juego 5/ahoar/ahora/Porque asis e reparte/Aunque en unas yo gane menos/Como en esta/en la 4 y 5 yo gano menos/en la 3 igual/y en la 1 y en la 2/Yo mas/por 3 puntos entonces/el 3 las 6 que quedan/aqui me faltan los emoticonos/No entiendo de que habla la gente/Todo el rato es lo mismo/estaran ligando/o discuten pq restan/Jjajajajjaja/jajaja/jajajaja/Tan malos son?/el A los esta poniendo mal todo el rato/Porque se trata de que ganemos todos/claro/a mi me la jugaron la ultima vez jaja/nuestro A si que mola jajajajaj/si o q?/Creo yo vamos/oh yeah/SI?/ahoera cuentas jaja/madre mia/lo estamos haciendo de oro/ya estaba mirando si podemos ponerle una cantidad negativa/elije/vale a ver/o c1 f1/o c2 f2/por tres puntos ya ves/c2 f2 mejor no/ajaja/por eso te digo/si/3..y ya acabamos/sii/hola/hola/que fila vas a coger?/pero q juego seleccionamos/donde se selecciona/?/creo q si/ah/2/2?/si/okey/porque si cogemos la 1 pierdes mucho tu/aa es verdad/lo q quieras/no no la 2 por que yo pierdo 3 y tu ganas 11/me parece bien/:)/te parece bien lña 1?/que no se cambiee/va que dentro de nada acabamos/vamos equipo
1.0,0.0,1.0,1.0,0.5,1.0,1.0,0.0,1.0,0.5,0.0,1,1,0,0,0,weee!!!/jjajjajajajajja/todo 2/eso/y si elegimos c3 y fila 3/asi los dos ganais por =/todo 2/c1/decidme/Vale es muy sencillo/o c1 f1 como antes para seguir repartiendo/es que yo no se que juego hay en cada caso entonces no se como elegir una buena combinacion/o f3 c3/a como que para seguir repartiendo/Respecto a F/ahora f5 c5/Asi es lo mas equilibrado/f3 c3/Juego 3/pues f3c3/Porque es donde mas se reparte
1.0,0.0,0.0,1.0,0.0,1.0,0.5,0.0,0.5,0.0,0.0,0,0,0,0,1,"y ganamos todos/ole ole/Bien/el 3 jajajaja/cuenta eso A/Ya nos queda poco/pues habia que repartir dinero, parecido a ahora/nos dimos lo mismo todo el rato/en la ultima ronda me resto/que liante/Ehh no nos hagas eso ehh!! Que aquí ganamos todos/lo malo esque no sabes quien es jajajajaj/Te resto mucho?/jajajajaja/si, si.. me resto bastante/aun asi gane mucho/si no la peña saldria de aqui a golpes jajaja/Como son así/sisi/c2 f2/vale ahora si/nan/cual/f1 c1/jajaja/vale/abajo/3?/vale/la*/que es la unica que gano 54?/y luego tu/vale entonces me tocan dos seguidas tambien/si si/bien/gracias/la uno uno/si/elige/pf/yo q se/3/3?/la 55/a vale/lo que quieras/y yo aunque gane menos, pero ya llevo ganado mucho/antes el se ha llevado mas/y ahora yo mas/vale/es lo justo/todo 2/sisi/es lo justo/todo 1/hoy ganas mucho participante A/jajajaja sisi/yo ganare poco/si estas ganando tu el doble que yo en las ultimas/tio entiende el juego/tu 80 nosotros 40/serian 80+40+40/era diferente, el ganaba mas"
0.0,0.0,0.0,0.0,0.5,0.0,0.0,0.0,0.5,0.0,0.0,0,0,0,0,1,Yo la otra vez que vine el juego no se parecia mucho/yo empiezo hoy jaja/3.3/2/3.3/el A es siempre la suma de los dos/lO TÍPICO/si/nan/sí/yo creo que al igualar c y f nos daran algo/No creo yo jajajaja/nan/seguro q luego hacen una compensacion/jajajajajajajajajjaaja/No tendremos esa suerte/a eso me refiero/es trabajo en equipo en teoria
1.0,0.0,1.0,0.5,0.0,0.5,1.0,0.0,1.0,0.5,0.0,1,1,0,0,0,"graciassss/nan/el que tiene q dar gracia es A/fila uno/ci/si/3/3 entonces?/si/joder/xd/jajajjaja/elige/la 33/oki/gracias/nan/42495/en la 44/vale/que hacemos?/juego 1/fila/1/columna 1/igual/juego 1?/el ganara el doble que nosotros/ya/pero esta hecho asi el juego/todo 1/jejeje pues si :(/claro rula y au/vale, todo 1/jajajaja/a doblar en la ruleta esa es buena jaja/todo 1/que pesaos jajaja/me llevo to poco/ajajajaj/pero bueno/jajjajajaja/Elige f1 c1/tendriamos que coger f3c3/entonces juego 1 f1c1 juego 3f3c3 (este caso) 5 f5c5/SI/y en el 2 y 4?/el 22 y el 44?/Al menos este bloque hemos estado mas atentos/nan/En el y en el 2/Lo explico otra vez/en c3f3 siempre reparte bn/Si, pero no se saca mas beneficio/no estaria el chat/claro/Ya eso es verdad/Y lo de hacer 2 rondas será por algo no?/aunque es una investigacion , les da igual quien s elo quede/ni idea jajaja/hay mas rondas?/me muero/nose/podrian cambiar el juego/jajaja/que calor hace/1/siis/yo al principio no había pillado el juego/jajajajajajaaj/si esque en verdad no tiene demasiado sentido"
1.0,0.0,0.5,1.0,0.5,0.5,0.0,0.0,0.0,0.0,0.0,0,0,0,0,1,"yo c3/vale pues hasta la cinco ganamos igual/una cosa/empieza a escoger ahora/tu escoges 4,5,6/y yo 7,8,9/6 y 7 pa ti 8 y 9 pa mi?/a siiii/okey/cual/mejor ahora/venga vale el 4 y 4"
1.0,1.0,1.0,1.0,0.0,1.0,0.5,0.0,0.5,0.0,0.0,1,1,0,0,0,"o 3 y 3?/fila tres columna 3/si mas igualado/perfecto/juego 1/3 y 3?/juego 1/sii/c 1 y 1/columna 2/fila 2/ya queda menosssss/perdooooon/habiamos dicho 2 y 2/por eso eres C/ahi si que me corrompo/jaja/jajajajajajaja/exacto/jajajajajaja/jajjjajjaja/pos si suertee/mas money/3/3 3/3 3?/valeee/que bien estamos de acuerdo siempre jajaja/si tio, y oigo a la gente escribir mucho/c3, f3 ganamos ambos otra vez/ok/hacemos 4 y 4 ?/y la siguiente si se puede tu gasnas mas asi/elige f5 yo c5 y ganas 50 y yo 26/asi ganas tu mas aun/la siguiento yo el que mas/ok/2 y 2 ?/vale si, es la maxima para c/5 y 5 y la proxima al reves para favorecerte a ti/vale va"
0.0,0.0,0.0,0.0,0.0,0.0,0.0,0.0,0.0,0.0,0.0,0,0,0,0,1,"1, 1/1 y 1/5 y 5/juego 4/1 y 1/no puede ser que te ponga juego 2/jajajaj/por tres monedillas de na/jajaja/decir/pensaba que ya habia terminado"
1.0,0.0,0.0,0.5,0.0,0.0,0.0,0.0,0.0,0.0,0.5,1,1,0,0,0,juego 3/verdad?/aahhhhh/eso no se dice/juego 3/3 y 3?
1.0,1.0,0.0,1.0,0.0,0.0,0.0,0.5,0.0,0.0,0.0,0,0,0,0,1,"pues 3 y 3/siii/otras vez/y yau/genial/se acaban enseguida/imagino que sera eso si, si quien decide prefiere quedarse todo dandole igual lo que le digan jaja/siempre esta lleno esto/si/claro pero no se quienj sera tan cabron/ya/valee/valeps/1/1/3 3/no?/sii/si/oka/4/4/iguales?/3 3?/y la siguiente tambien y au/vale como querais/a mi me da igual/3.3/ya, yo pensaba que no podia saber el juego/asi no tiene mucho sentido/jajaja/Jajajaja/Me refería antes a que en teoria hay 18 rondas pero se hacen en plan 2 sesiones de 9 y 9/Que será por algo alomejor/ah ni idea, igual ponderan difernte/esta gente se esta contando sus vidas/pero me lo estoy inventando/Porque si es lo mismo porque no las hacen seguidas?/en la segunda ronda la gente se pune chunga/jajaja/Ellos sabran!/pone*/jajajajajaajaj"
0.0,0.0,0.0,0.0,0.0,0.0,0.0,0.0,0.0,0.0,0.0,0,0,0,0,1,"Nos queda poco ya/3 ronditas/van a decir, esta tia no mira ni la tabla jajaja/Jajajajaja"
0.0,0.0,0.0,0.0,0.0,0.0,0.0,0.0,0.0,0.0,0.0,0,0,0,0,1,"jajajajajajaj/En general la gente ni la mira/con lo que me den me voy a comprar medio consum/Supongo que la mayoría estarán haciendo lo mismo que nosotros/que hambre/Yo también tengo mucha hambre/seguro que hay un A codicioso por ahi/mi hermana ayer se llevo 16, a ver si hay suerte y se estiran mas/Y se me está haciendo un poco largo/que los tiene en negativoa todos jajaja/Yo la última vez me lleve 23/otra ronda mas y me da un parraque"
1.0,0.0,0.0,0.0,0.0,0.0,0.0,0.0,0.5,0.0,0.0,0,0,0,0,1,"Hoy no creo que tanto/yo 41/Ostras que bien!!/un colega el otro dia 46/sisi, flipe/la 1 no para/tendria que salir la 3/En realidad nos lo estarán leyendo todo/si/No estaría mal la verdad/seguro/Jajajajaj/la gente esta concretada a tope eh/jajaja/Si si/diran estos que hacen que bo hablan del juego jajaj/Se les va la vida ne ello/jajajaja/les puede el dinero/Nos queda unaaa!!!!!/menosmal jajaja/Qué ganas de verdad/no sabemos ni la hora que es/0.51458333333333295/ya es de noche?/jajajaja/ya pa casa o hya mas cosas?/Jjajaja/Esperar a que nos paguen/jajajajaja/que rapido/esto ya es la despedida/jajaja/un placer equipo jajajaj/os habeis portao/A no nos falles en esta eh/jajajaja/jajajaajjajaaja/jajajajajaja/Yo al principio he marcado por marcar/la tabla de abajo es super util eh/Después lo he pillado/jajajajaja/Si/jajaja no la habia ni leido jajaja/ajjajajajajaaj/me tomare algo al salir a vuestra salud/Vamos aquí la gente dandolo todo en la última/y yo!! un placer jajaja/Nerviosos/sisi, no paran/Igualmente!!!/apurandooo/agonizando hasta el final/3,2,1/auuu equipo/que cobreis mucho/Adios!/Eso digo yo/quieres/dime/perfe voy/c4 f4"
1.0,0.0,1.0,1.0,0.5,0.0,0.5,0.0,0.5,0.0,0.0,0,0,0,0,1,y poque no c5f5/ganas mas/juego 4/siii no la vi/esaa/5 5/ok/fila 5/columna 5/fila 1/propongo 3 y 3/si/vale mirar/todos los 3 y 3/de todos los juegos
1.0,0.0,0.0,0.0,0.0,0.0,0.0,0.0,0.5,0.0,0.0,1,1,0,0,0,dos y dos tmb esta bien eh/pongo siempre 3 y 3?/lo que querais/eh/liada mia/perdonarme/es que al final habia leido el 1 y 1/ahora es el juego 4/y se me habia ido la cabeza
1.0,0.0,1.0,1.0,0.0,1.0,0.5,1.0,0.5,0.0,0.0,0,0,0,0,1,"igualmente si te fijas/tampoco es que te lleves mucho mas/a ver no creo k fuera cabrona/la verdad/xk me sabria mal que venga la gente  yo jodiendo/eso espero porque como haya tercera ronda y cambiemos de rol.../jajajajajaja/prefiero ser buena xD/jajaja/no creo que haya ya/congeniamos muy bien jaja/jaja yo igual digo que escribeen.../quiero saber quin soooois/y yoo/jope/igual,no?/muy bien sigaMOS DOS MAS AMIGO@/SII/ok/5 Y 5/c5f5, no/??/siii/igual que antes/perfecto/okais/ahora te tocara a ti/en la siguiente ya/?/columna 1/lo vamos viendo/3 y 3/ahora cual?/dos dos/3 y 3/eliges tu ahora f/pues mi mayor beneficio por la liada del anterior jjajaj/5 y 5/perfecto/4 y 4 no/perdona!/por solo tres monedas yo subo 11/rneta/renta*/ya pero yo acabo de perder 11/en el naterior/asi compoenso/ahora estamos igualados c/voy a ganar pasta por poner todo el rato 3/jajajajajaj/volvemos al c3 f3/ajjaja/jajajjajjjja/si la verdad que asi da gusto/habrá otra ronda más o que?/ya no se/YO HARIA LO QUE ME DIJERAIS JAJAJA/al final de las intrucciones lo pone/pero es que hemos estado poco tiempo/bueno va en esta hemos ganado un poco más/no no hay otra/sii/a las 5 haran los 90 minutos/no?/jou/esta ya es la ultima creo/si/eso pone"
1.0,0.0,1.0,1.0,0.0,0.0,1.0,0.5,0.0,0.0,0.0,0,0,0,0,1,viva el c3f3/es que es maximo 90 min/vivaaa/cena gratis/jajajajaja/No se puede decir nada de nada por aqui no?/no/Pos vaya/nope/yaa/eso es dsps lo k diga usted/diga/c1f1/perfe/igual
1.0,0.0,1.0,1.0,0.5,1.0,0.5,0.0,0.5,0.0,0.0,0,0,0,0,1,"c1f1/okey/c1f1/1/hagamos una cosa/dime/en esta primera escogemos la que ganemos lo mismo ambos/es decir la c3f3/y en la rondas 2,3,4 y 5 Elijo yo/vale si xk crea desigualdad esto/vale"
1.0,1.0,1.0,1.0,0.5,1.0,1.0,0.0,0.5,0.5,0.0,0,0,0,0,1,"fila 1/columna 1/fila 1/fila 1 coluna 1/bueno como querais/hemos dicho/asi nos llevamos lo mismo/que por tres moneditas es lo mismo/c no seas avaricioso/y en la proxima te lo llevas tu/juego?/4/que elija el f ahora/y en la ultima el c/vale/ahora si/a partir de ahora 2 y 2 o 4 y 4/juego 4/otra vez/buas/elegir/yo pense que iba a venir y que no me iba a enterar de nada/no te rompes mucho la cabeza y a cobrar jaja/yo igual la verdad/este es el mas facil de los que he estado la verdad/me espere fuera mas de media hora/pensaba que esto seria to difivil/tu ya has ido a mas?/yo soy debutante/si esta es la 4 vez que vengo creo/jajajaj/joder te habras sacao ya bastante no?/jaja/jajjajajja bueno un placer xikos/xikas/igualmente/staba mirando a ver si habia alguna que vosotros ganarais más pero no c3 f3 es la más compensada/igualmente/un placer/claro si es la mejor en cualquier juego/tranki si/bueno pues ya me he pagado una buena cena o un festival/jajajaja/encantado/jjajajajja igual/1/3/3 3/4 4/lo mismo,/siii/joder eso/y en la 6,7,8 y 9 eliges tu/que te parece/?/haha  okeey vale tambien/sisi/vale, pues la c3f3 ahora, qye ganamos lo mismo ambos/y luego ya como hemos dicho/entonces, ahora y hasta la 5 inclusive elijo yo/y luego tu/c1f1/ei tambien podriamosescoger segum el juego el que suma 80 xk me parece ke habra la misma probabilidad piensalo sino seguimos con lo dicho"
1.0,1.0,0.0,1.0,0.5,0.5,0.0,0.0,0.0,0.0,0.0,0,0,0,0,1,osea 12 te benefician si cogemos 80 y 4 y5  a mi/1 y 1?/sisi/me parece bien/te toca elegir tu beneficio mayor/pues 5 y 5/perfecto/okey/que bueno eres A/yo siempre!!/que peloteo tu/2 y 2/ponemos 3 y 3?/3 y 3/vale pero a la proxima me toca a mi/no/si/o sea
0.0,0.0,0.0,0.5,0.0,0.5,0.0,0.0,0.0,0.0,0.0,0,0,0,0,1,vale/asi seguimos igualados/exactamente/y la ultima f/entiendes?/jajjajajja genial y las otras/que va...
1.0,0.0,1.0,1.0,0.5,0.5,1.0,0.0,0.5,0.0,1.0,1,1,0,0,0,"veces que cobraste?/eso cuanto te sacaste?/depende en unos sobre 20 otros sobre 10/cuando mas 27/c3 f3/bueno poco a poco/no esta mal/sisi c3 f3/el juego es el 3/sii/que fila y columna vas a escoger/f4 c4 os parece?/c5 f5?/sii/esa no/bueno si jaja/f3 c3/esa es equitativa para f y c/oki/vale esa la veo bien/el juego 4/ahora es el 4/me lio con la filas/jajaja/jajajajaja que cacau de nomeros/Ahora si que se acabo/pues si, yo no me he calculado anda/es como digo yo ganamos mas/el de 3 es x igual/c1f1/vale pues si mejhor simple sigamos asi!/f1c1/yes/sip/dos rondas mas confio en tiii haha/la cooperacion sumaaa/dos despues de esta/c1f1/siii/esta es la ultima que elijo yo/perfecto/juego 4/juego?/3/ccccc te toca elegir/fila 2/bueno vale/vale!!!!/juego 3"
1.0,0.0,1.0,1.0,0.5,1.0,0.5,0.0,0.5,0.0,0.0,0,0,0,0,1,"oki/si c3 f3 es la clave/jajajaja/jajajajjajaja/si gano lo suficiente me tatuo f3 c3/otra mas de 9 plis/vale/c2f2?/el equitativo para f y c es c3 f3 en todos los juegos, no?/siii/pero sales siemore ganando A/ya, pero no puedo hacer nada/c3 f3 prefiero yo/vale c3f3/a ver, si no podemos ir alternando que uno gane mas en una ronda y el otro en la otra/lo que prefirais/vale tambien bien/vale a la siguiente lo hacemos asi/esta c3f3/vale/perfe/nada/No ni yo/yo si"
1.0,0.0,0.0,1.0,0.0,0.0,0.0,0.0,0.0,0.0,0.0,0,0,0,0,1,en la mano/;)/vaya tela../okiii/en la siguiente ya empiezas a elegir tu/c1f1/perfectoo/cual quieres?/42495/ok
1.0,1.0,0.0,1.0,0.5,1.0,0.5,0.5,0.5,0.0,0.0,1,1,0,0,0,"igual, no?/no en esta de regalo/escoge el 4/42464/ok/gracias/nada hombre es que estoy descubriendo ahora cosas/vale/como antes?/fila 5/juego 2/c 5/3 y 3/columna 2/ah vale wsi/perdona/perfecto/c/yo veo un 3 y 3/3 Y 3/pero que idga c/3 y 3?/Y la proxima tmb iguales y se acabó/jajajajajajaja/xD/las instrucciones dan a entender que son 2 veces y ya no?/lo que pasa que no entiendo muy bien la finalidad del experimento de hoy/c3 f3/ni yo/la finalidad es tauarnos los 3 c3f3/ver si repartiriamos lo más equilibrado posible o a sacar pasta y que les jodan a los tros supongo/juego 1/el 1/ni idea/que hacemos?/coge la c2f2/si/valee/y a la proxima en la que yo gano más y arreglado/valee/2 2/sii/4/4/ostia jajaja/jajaja/pero ya esta hahah sigamos asi/hombre o mujer disculpa hahah/42464/ok/tell me/x 12 centimos me da ihual/dale 3-3"
1.0,0.0,0.5,0.0,1.0,0.5,0.0,0.5,0.0,0.0,0.0,1,0,0,1,0,ok/thanks/haha solidaridad es lo ke hace falta sigamos asiii/:)/knos vamos a gastar yaa!/perfecto igual compa/okis thanks/42432/seloecciona la columna 3 yo pondre la 3 tbn/asi ganamos ambos/okay/no no/2 o 4?/es el 2/a mi me pone eso/ah val vale/es que el juego es el que nos dicen ellos/a mi me pone que es el 4/a mi el dos/que quereis?/fila 1 columna 1 mismo/nooo/te he hecho un favor f/graciassss/podria haber dicho 1 y 1/el c es generoso!/todos aqui somos generosos
0.0,0.0,0.0,0.0,0.0,0.0,0.0,0.0,0.0,0.0,0.0,0,0,0,0,1,siiiiiiii/perfecto/3 y 3 esta/contar un chiste o algo/sii/va/sois chicos/ambos/jajaja/k no os enterais/otros*
1.0,1.0,1.0,1.0,0.0,1.0,1.0,0.5,1.0,0.5,0.0,1,1,0,0,0,"jajajajajajajaja/jajjaajajajja/exacto xd/lo malo es que las plazas/4 4/sii/valee/geniaaal/4/4/pueees o iguales y hacemos 3 3, o 2 2 y gana c más/lo que prefirais/pues 2 2 y a la siguiente gana mas f/valee/valee/5/5/4 4?/perfe/si/porque el resto se difernecian demasiado/exacto/en la próxima hacemos que los dos ganemos lo mismo/con el boli de firmar el consentimiento/xd/te aburres mucho/pos si/hola/si quirees cojo yo la fila 3 y tu la columna 3/ganoyo ahora 54/vale?/vale asi lo hacemos/ok/4 y 4 en la combinacion q mas suma/como tu has recibido 2 de 54 esta hacemos la 1,1 yo tengo 42 y la siguente ultima ronda lo maixmo para ti/tu tienes dos de 54 ya y yo uno solo/que opinas/perdemos mas ahi/sumja menos/4 y 4 mejor/y la proxima se cpmpeda/conmpensa/suma menos para ti pero ya ienes dos 54/1,1/podemos ir a la par ahora/es la ultima/40,40 para cada uno ya esta/vale bien/okay/juego 2/que es positivo para todos/en los dos juegos/si me lo pone/era el 4/ahora?/y yo/seguis siendo los mismos?/creo que ponia que si/empezamos con un 3 y 3?/digo con el rol igual/yo sigo siendo c/sisi/soy a/madre mia/por finnnn jajajaj/esto habrá acabado ya?/jajjaajaj/encantadooooooooo/o habrá otra ronda?/encantadaaaaaaaaa/ya ha acabado/encantada!!!"
1.0,0.0,1.0,1.0,0.5,1.0,0.0,0.0,0.0,0.0,0.0,0,0,0,0,1,"encantado iguamente/ah vale!/va un chiste che+/el que me aconsejo venir un dia cobro 90 pavos/joderrr/asi sin mas/vale si/o que gane más uno ahora y en la otra el otro/vale uno mas ahora/la 4 4 ?/va benne/y luego gana más c?/genial/pues 4 4 adjudicado/3/3/tiene qew ganar mas c?/sii/si/2 2/valee/por mi bien/vale pues/ha sido un placer, personas desconocidas"
0.0,0.0,0.0,0.0,0.0,0.5,0.0,1.0,0.5,0.0,0.0,0,0,0,0,1,jajajajajja/lo mismo digoo/jajaja lo mismo digo/entonces ahora en las otras rondas cambian grupos?/3/que son 40 para cada uno/vale perfecto
1.0,0.0,1.0,1.0,0.5,0.5,1.0,0.0,1.0,0.5,0.0,0,0,0,0,1,"vamos hacerlo de forma que vayamos ganando lo maximo posible/exacto/vale, pues yo c3 y tu f3 en esta/Como lo ves en este?/si quieres en este c4 f4/vale/y en el siguiente que tu ganes mas yo me los bajo/no hay problema/vlae, eso te iba a decir ajjaj/perfecto/te parece c2 f2/este como es el juego 3 podemos ir a la par/3  y 3 es lo mejor/si/en los otros ejerciicos vemos cual e sla maxima cuota y para que color y nos compensamosç/a la larga es mejor/si vamos viendo eso/4 y 4 suma mas/5,5 por q en la 3,3 la diferencia para mi no es tanta y tu ganas bastante mas/80 suma/lo he dicho/juego 2ahora/pero no me haciais caso/f 5/c5/a mi me ponia eso/valeep/a mi me pone juego 2/perfecto/y yo sigo siendo F/3 y 3/si/perfecto/juego 4/3 y 3?/elige tu ahora/va di tu/acqabo/acabó esto!/va un caracol y derrapa/te ha hecho gracia?/shhhhh/3 y 3/????/pues a la vieja que atropello tampoco/cual crreis que es el mas rentable?/Si coges f1 y c1 ganamos los 3/ok/eso  iba a decir yo jjajajaj/f3 c3?/Como lo veis?/oki/dios mio/yo un amigo que gano 58/pero 90.../La 3 3?"
1.0,0.0,1.0,1.0,0.0,1.0,0.5,0.0,0.5,0.0,0.0,1,1,0,0,0,"sii/lo que digaaais/3 3/pues coge esa/vale/oye, no somos los mismos no? esq yo antes era a tambien/jajajajaja esto me raya/siempre eres A/yo tambiern era el F/y yo siempre C/decidme/4/4/si quieres ahora c2 f2, y hacemos como antes/si si/si vale guay/si quieres seguimos el mismo metodo. Ahora f4 c4 que ganas tu mas y luego al reves/vale perfecto/5 y 5 suma menos fijate/vale/sii/4,4/ok/como hacemos ahora ?/hacemos 4 y 4 y queda pemdiente q t compense 2 rondas/vale/pues 4,4/1 y 1/si cogemos la 1,1 aun llevarias 10 por arriba de mi/1,1 va/no no/me pone juego 4/perdon/f 5/y luego c/como quedan 7 rondas y esta"
1.0,0.0,0.0,0.5,0.5,0.5,0.0,0.0,0.0,0.0,0.0,0,0,0,0,1,elijo yo?/vale/3 cada uno/pues 4 y4/okeis/escojo esa no?
1.0,1.0,1.0,1.0,0.5,1.0,1.0,0.0,1.0,0.5,0.0,0,0,0,0,1,"vale/por mi si jaja creo que es la mas igualada/si si/c3 f3?/esa bien?/es la que mejor parece no?/si yo creo que si/igual?/de nuevo la misma no?/si no?/si por mi si/por mi tambien/y como se hace eso jaja/no se/58 ya es una exageracion/3 3?/o quereis alternar?/lo hacemos siempre equitativo?/lo que querais/a mi me da igual/a mi me da un poco lo mismo/a mi tambien me da igual/podemos hacer que uno gane mas en una que en la otra/ahora mas f y luego mas c/Si y luego que gane mas el otro/va pues si quereis ahora hacemos 4 4, y luego que gane mas c/en este es que si yo gano mas, tu pierdes mucho/esta vez si quieres c3 f3/si quierers cgemos el de enmedio/perfe/Como lo ves?/nos ha tocado el peor de los cinco/ya/si quieres ganamos igual/vale es o c3 f3/o si quieres c4 f4/ahora si quieres f2 c2/vale perfecto/antes no me ha dado tiempo a contestarte/ya digo como la cambie sin querer la liamos +/jaja/ajaja yo he pensado lo mismo/habriamos obtenido mucho menos/jajaj/y ganarias 28 mas q yo/en las otras he ganado 14/en cada una quedariamos igual/vale/hacemos 2 y 2 q la suma es la mayor 80/mejor si 2,2/4,4/suma 80/si esa perfecta/y de momento estariamos ganando lo mismo/y c 5/okeis/pon el 1 y 1/el 1 y 1 y el 5 y 5/siempre son positivos/5 y 5/para los 3/grande f¡¡¡¡¡/cccc/te toca !!!/juego 4/otra vez?/si/madremia les mola el juego 4 jajaj/pero nos llevaremos super poco dinero, no?/pues elije c/por?/elige c/voy/1 punto es 0.02 €"
1.0,1.0,0.0,1.0,0.0,1.0,0.5,0.0,0.0,0.0,0.0,0,0,0,0,1,eso es muy poco/2 y 2/bueno A se lleva el doble jajaja/vale/c3 f3?/decid/si no? siempre será esa jajajaja/eso parece jaja/es que es la más compensada/dios me estoy poniendo nervios\q/jajajaja/es la 1a vez sorry/c3 f3 jaja/jajajajaja/jolin cada vez gano menos x<d/no se que hago/tu y yo ganamos lo mismo siempre/si eso si/c3 f3 es que parece lo mas compensado para los 3/si/ya ya si 58 es un puñao/aunque a ver con cuanto sale A hoy de aqui jaja/Vale/valee/valeps/somos los mismos de antes?/yo tambien lo pienso/JAJAJAJAJJAA/4
1.0,0.0,1.0,1.0,0.5,1.0,1.0,0.0,1.0,0.5,0.0,1,1,0,0,0,"4/2 2?/perfee/siiii/no puedo vivir con la duda de si somos los de antes/en serio/Yo creo que si/te has despedido antes?/asi aclaramoos jajaja/sii/personas desconocidas/vale somos los mimso/ahora f4 c4?/vale bien/yo creo que siendo la ultima ronda, vale la pena c3 f3/que son 40/si si yo lo veo igual/gracias/si/4 y 4 y t debere 14/es la combinacion q mas puntos da/si mejor por que en esta para qu yo gane algo mas tienes que dejar tu de ganar bastante mas/4,4/intenetemos buscar siempre puntos 80 entre los dos/3 y 3 y la ultima si o si t tengo q compensar/vale/1,1/si hombre/ya/valee/jijiji/se va  a llevar el doble A/jajjajaja/ha sido el azahar/juego 2/f llego tu beneficio/elije!/este no me gusta/pues 5 y 5/vaaleep/yo me llevo 14.../si/valep/vosotros ganais bastante pero igual/y yo pues el doble suele ser/si/jajajjajaja k morrooo/jajjajajajja/ha sido aleatorio lo siento jajaja/al menos nos reimos/por mi hubiera sido todos igual eh/mejor llevarnos todos lo maximo posibe jaja/claro/hace falta preguntar?/jjajajajajjajaj/yo creo que no jaja/ojala yo sabes/c3f3/pues entonces siii/jajajajaja/siiii/alguno de los dos ha preguntado algo que no ha dado tiempo a contestarle no?/cuando?/por aqui?/si, no?/vale si yo antes/cierto/2/2/ahora mas f?/mismo"
1.0,0.0,1.0,0.5,0.5,1.0,1.0,0.0,0.5,0.0,0.0,0,0,0,0,1,"sii n/luego al reves/pues como no querais 5 5/sale mas rentable hacer igual el 3 3/como veais/4 4 mejor no?/o la 4 4/hotia no lo habia visto/jaajajaj sisi/a ti jajaja/si quieres f3 c3, que ganamos ambos 40/si si jajja/si quieres f4 c4/si quieres f4 c4, y en la siguiente gano yo mas y ya esta jajaj/si si/vale jajaj/yo haria f3 c3, que si no esta muy desigualado/es en la que mas puntuo/llevas bastante mas que yo/con esta se compensa algo/t debo  14/mejor 2 y 2/28/quedamos igual asi/no son 14 lo q t debo/2 y 2/2,2 dejo de ganar 3 y tu no tanto/siempre os llevais mas vosotros/la 5 y 5/jajajajaajajaja/peor yo ahira/tambien es positivo para todos/a mi este tampoco"
1.0,1.0,0.0,1.0,0.0,0.5,0.0,0.5,0.0,0.0,0.0,0,0,0,0,1,"te llevas poquisimo en casi todos/luego eliges tú c/coge 4 y 4/vale/asi no me llevo tan poco/4 y 4/pues a por la c3 f3 de nuevo jajaja/ya se podria multiplicar la ronda final todo jaja/pues si/great/porque en verdad 2centimos el punto tampoco es tanto.../jajajaja/nos llevaremos 8 euros imagino o asi/eso de los puntos/finales no?/si/y tu 16/más los 5/ojala mas jaja/y alla vamos a la última/otrs vez c3 y f3 no?/c3 f3 jaja/si si/ya veremos/dineroooooooo/jjajajajjaj/45 minimo/lo uqe no entiendo es porque no se cambia de rol/bueno si cuando me lo den a mi/lo multiplico por 2 y lo sabré jaja/ese mejor/4 4/4 4/Sii/2/mas c?/3 3?/SI/si, 2 2?/mierda no eso/queria decir 2 2 jaja/si, 22/jajajja/jajaja vale/pues 2 2/siempre que toque el juego 3, podriamos coger el que es para los dos igual/vale bien/ahora si f2 c2, no?/si por supuesto/como lo ves? f3 c3?/si quieres ahora c3 f3/vale jaja/f4 c4?/c4 f4 ?/vale"
1.0,0.0,1.0,1.0,0.0,0.5,0.5,0.0,0.5,0.0,0.0,1,1,0,0,0,perfe jajaja/ya me hubiera gustado ser el A con nosotros jaja/jajajaja ya ves/f3 c3?/vale si/f3 c3?/f3 c3 ?/vale/jugador A que filas y columnas vas a escoger?/la fila 4 y columnha 4/ahora caul?/cual?*/juego 5/fila 5/columna 5/?/si/vale 5 y 5/el 1 y 1 por fa/ahora beneficio para el C/juego 1/es el juego 5/bien/me dijisteis 4 y 4 no?/puso 4 y 4/sisi/okey/en esta nos llevamos un poco mas todos/bien bien/ya imagino cual habra salido entonces
1.0,0.0,1.0,1.0,0.5,1.0,1.0,0.0,1.0,0.5,0.0,1,1,0,0,0,"y ahora que? ya se acabo?/ni idea/eso iba a preguntar yo/ojala otras 9/xD/sii/dinerooooooo/porque en teoria son 1:30h/siii/claro/eso si que rentaria/jajjajajajjaja/entonces si sale rentable la tarde si.../ojala 9 mas/exacto jajajaja/para ver si el poder corrompe/por que nos llevamos 40/Pues sii , lo veo bieen/yo soy una mandá/jajajjaja/Tu te vas a forrar/exacto/vaya chollo/llevo 994 puntos/siempre ganas mas jaja/ostia/madre miaa/4/4/4 4?/Perfe/bieeen/vale/sii/vale/f3 c3/vale si jaja/tenemos el juego 3/elijamos los que más puntos nos de/c3/perfecto/f3/ok??/siu ok/y ahora seguimos todaslas rondas/que fila vas a elegir?/f3 c3 no?/vale/el juego es el 4 eh/vale!/ah vale/pues juego 4/fila 5 columna 5/igualmente/juego?/perdon 5/elige que juego es y cual quieres/perfeccto/ah vale vale perfecto/yo es que no habia visto ese antes, perdona c/ahora es el juego 2/otra vez/ahora c que diga/oootra veez!/2 y 2/valeep/nan/bien bien/jajjajaja/renta la tarde al final renta/c3 f3?/sip/seguimos igual o quereis que cada vez elija uno para llevarse el maximo que pueda pero sin fastidiar al otro/sin que puntue negativo?/no se como quereis?/yo seguiria asi para ganar todos cada vez/pero como veais/a ver asi va bien pero si quereis casmbiar/decidlo ya que se acaba/pues asi entonces jaja/okey/a ver es que lo que tu estas diciendo lo entiendo pero va a sewr dificil cuadrarlo para que al final sea igual/no se si me entiendes jajajaja/por tanto como va lo veo bien/como veias/veais/lo digo porque por ejemplo ahora C se llevaria 3 menos pero yo 11 mas y A 8 mas y a la proxima de otra manera donde gane C, pero igual si es un poco dificil/ya por eso lo decia/jaja"
1.0,0.0,1.0,0.5,0.5,1.0,0.5,0.0,0.5,0.0,0.0,0,0,0,0,1,"jajajajajajajaja/yo no me corrompo/lo que digais lo hago/te sumas los puntos? jajaja/si tio/esq me aburro/jajajajajajaja/mare jajaj/pues si sabes que vas a ganar mas/te llevas la suma de los dos/jajaja/oye, tened en cuenta que las rondas son impares, para que no acabemos con alguno de los dos con una ronda ganando de mas/gana en la siguiente mas c/y ya iguales?/si y las demas iguales/creo qe si, luego cunado salg a el panel lo miramos/Valee/4/4/ahora yo mas y luego ya iguales/2 2?"
1.0,0.0,1.0,1.0,1.0,1.0,1.0,0.0,1.0,0.5,0.0,1,1,0,0,0,"2 2?/siii/sip/perfecto/c3f3?/es el que ganamos lo mismo ambos/vale hacemos una cosa? cogemos las equitativas hasta la ronda 5 y las 4 ultimas escoges dos para ti y yo dos pero sin que nos resten?/ahora pongo f3/ok/juego 1/es el juego 1/columna 1/f 5 y c 5/1 y 1/columna 1 y fila 1/en serio?/5 y 5/y si cogemos/el 4 y 4/compensacion para todos?/vale va/el 3 y 3 no?/mirarlo/que el a siempre es el mas afortunado jjajaj que suerte/nan/nan/nan/nan/nan/nan/que decis/jajajja/ah que si le das se envia nada/nada/que yo le habia dado sin querer/es jueo 2?/si/como veais pero ya ls iguiente/si entiendo que dices/okey/pero es que para eso deberiamos acordarnos o apuntarnos lo que hemos ganado en cada ronda para compensar a otro en la seguiente/lo dejamos c3 f3 en todo entonces/vale/es menos lio y al final se ganará practicamente lo mismo/yo creo k si nos va bien no cambiemos porque nos hacemos un lio/ademas no se si me estoy fijando bien pero hau una equivalencia de que lo que ganan unos por un lado luego lo pierden para que el perjudicado vuelva a ganar/si/c3 f3  4ever jaja/exacto jajajaja/jajjajaj tatuaaje/jajajaja/yo si xD/excepto si palmo 76/valeps/he sufrido por si me equivocaba/he tenido un lapsus de no acordarme/de cual coger??/que va lo has hecho muy bien jaja/me alegro :)/2 2/jajaja si , ahora nmo la cagues en las dos que quedan y arreglado jaja/exaactoo/noooo no la lio/te vas a forrar/ha sido aleatorio../ya ves has tenido suerte/lo se lo se jajaja/suertee"
1.0,0.0,1.0,1.0,0.0,1.0,0.5,0.0,0.5,0.0,0.0,0,0,0,0,1,"yo tengo que ir a estudiar/jajaja/uff../hoy no se come/f2-c2?/ahora c1-f1 que en la ronda 2 escojimos c5-f5/que estaba mirandolo antes/iba a decirte q memoria!/jajaa/vale, c1-f1/c3?f3?/f5?/c5?/no me compensa/si quieres/c2 f2/y la siguiente que me compense a mi/c3 y f3? Empate/si/guay/mismo juego/si/c3f3?/vale/en todos los juegos c3f3 es la que nos compensa por igual/idem/c3f3"
1.0,0.0,1.0,1.0,0.5,1.0,1.0,0.0,1.0,0.5,0.0,0,0,0,0,1,"si? o compensamos?/que propones/busca la que te favorezca mas a ti/y la siguiente, la qu eme favorezca mas a mi/f5, c5 y despues eliges tu?/ok/palmo yo/osea/de 36 he pasado a 22/tendria que obtener 50 para estar en las mismas que haber elegido 36 cada vez/y en este juego no tengo 50 en ninguna/c3f3/puedes f1,c1/tu sales muy perjudicado/c3f3/hasta que encuentre otra que vaya bien/vale/ahora si/c1f1/vale/creo que lo mejor en este juego es que favorezcamos a uno/empate o compensamos?/elige tu/5/ok/c3f3/empate/vale/o si quieres/c4f4/y las proximas dos que me compensen en igual medida/como prefieras/pues 4/vale/c2f2/y compensamos justo la anterior/perfecto/que mierda/no me compensa/empate?/c2f2/para quedar en igualdad de puntos/tendria que ser f1c1/y tendriamos exactamente los mismo/trato?/c3f3?/vale/no, mejor/c4f4/yo solo pierdo 3/tu ganas 11/y en otra lo compensamos/bien/c3f3/la que mas favorece a los dos/ya compensaremos la ronda 1 en otra/vale/era f3c3 anteeeees/ahora f1c1/si?/¿?/y compensamos?/si/con la ronda 1/lo ideal es siempre ir a por los 80 puntos/2?/yo volveria a hacer f1c1/y en la siguiente compensarte a ti/si?/F1C1"
1.0,0.0,1.0,1.0,0.0,0.5,1.0,0.0,0.5,0.0,0.0,0,0,0,0,1,y la siguiente para la que mas te favorezca/vale/elige/o empatamos/la cuestion es/4 o 5/la que quieras/5/4?/jajajaj/5 pues/5!!/F1C1?/la misma/y luego compensamos/a la suma obtenemos 68 puntos entre dos rondas/voy con bastante desventaja/que area vas a escojer?/f3/como lo ves?/esque la has pifiado en la segunda ronda!/C3F3 entonces?/confirma/si/C3F3?/4?/o C4F4 y luego compensamos/ok/C4F4/nos queda esta y dos mas/la siguiente compensamos y la ultima empatamos/o viceversa/vale
1.0,0.0,1.0,1.0,0.0,1.0,0.5,1.0,0.5,0.5,1.0,1,1,0,0,0,perfect/C2F2/bien/C3F3/si/hola/columna 4/juego?/es q todos tienen negativo/dime columna/cual nos da mas?/la primera/no?/joder es q el A se llleva siempre el doble../si/tu columna?/pero al principio sale seleccionar juego/cual selecciono/4/juego 3/vale/fila?/4/que columna has cogido?/4/cambio de fila 5/dejo la 4 ganamos mas/juego 2/fila ?/fila?/f5/columna c5/juego?/4/fila?/fila f4/columna?/5/4 perdona/ok/se queda asi entonces/ok/juego 3/juego 3/f3 i c3 nos llevamos mas/yo voy a poner c1/el se lleva lo mismo/y antes tu ya obtuviste mas que yo/f3/c3/pero esque el A siempre se lleva mucho mas/muchisimo/pero tampoco quiero perjudicar porq nos perjudicamxs todxs/pues yo c3/fila ?/3/columna 1/columna 3 ok/columna 3/ok/juego 1/columna 1/tu fila?/2/juego?/3/fila 3/columna?/3/juego?/2/fila 4
1.0,0.0,1.0,0.5,1.0,1.0,0.5,0.0,0.5,0.0,0.0,1,1,0,0,0,"columna?/f3-c3/vale/yo voy a coger c1/yo la 4 o la 5/y si no coincidimos que pasa?/pues o nos ponemos de acurdo pa ganar o nos joderemos, no?/coje la 1 es mejor/cogiendo la 4 pillabamos cacho ambos, ahora consensuamos/la c3-f3 es mejor/pillamos lo mismo/genial/joder es q es muy injusto! jaja/o podemos cojer la c1-f2 que gano yo y a la de despues ganas tu/4/juego?/5/fila?/fila 5/columna?/5/juego 4/ok/fila?/5/columna entre c4 y c5/cual ?/5/ok/juego 3/fila?/3/fila 5 ejor/columna?/aci vamos a ganar mas/no crees?/venga va confie en ti eh/c1-f1"
1.0,1.0,0.0,1.0,0.5,1.0,0.5,0.0,1.0,0.5,0.0,1,1,0,0,0,"f5/ok/c5-f5?/perfect/el q mas palma yo/x(/el A siempre sale ganando/siempre, lo hacen apostas pa que seamos mala gente/c1-f1/53/5/fila 3 c3? asi vamos a mitades/juego1/ok/fila 5/columna?/5/y fila 2 y columna 2 ?/no mejor como estaba/juego 1/fila 5/porque no la 2?/es que sino no me favorece en nada/en ningun momento/pues la fila 3/c3/no?/voto por f5  - c5 q me llevo más y tu también/y luego lo hacemos por ti+/dime/corre/c1-f1/ves? en esta te llevabas tu 50.. joder/asi ganamos a medias/porque no f2 y c2?/tambien ganamos a medias/no ganas casi el doble que yo/de la otra manera igual/ganas mas del doble/de la otra son 32/y 32/a ver fila 3 columna c3/juego 2m/juego 2/vamos a jugart a mitad/fila 3 y c3/f3/f5-c5/c4-f4/ganas tu mas que yo pero yo gano algo mas/no/f5/q en la primera me llevado solo 5puntos/vale/c1-f1/vale?/f3-c3/ahora me toca ganar mas a mi/c3/sisi/jeje/seguro  ? no vale despues cambiar/jajaja/seguro/y lo mismo digo/juego 1/fila 3 c 3 ?/perfecto/vamos a jugar a medias/asi ganancias a mitad/exacto, asi ganamos los 2/sii/juego 4/fila 3 columna c3/c1-f1/pero lo hemos hecho impar y ganas mas tu que yo/por 6 puntos.../venga vale/guay"
1.0,0.0,1.0,1.0,0.5,1.0,1.0,0.0,1.0,0.0,0.0,0,0,0,0,1,"gracias/hola/hola/si usamos la c3-f3 siempre ganaremos lo mismo tu y yo/apostamos por esa?/c3-f3?/vale/c3 f3 siempre/si cogemos la f5-c5 me llevo yo más pero luego hacemos para q te lleves tu y así./como lo ves?/así A no se lleva el doble q nosotros/venga vale/asi vamos a medias/vale/juego 2/fila 5/columna c4/o vamos a medias?/a medias/ok/entonces fila 3 columna 3/que sino no me da casi puntos/okii/ya/juego 2/fila 4 c4/no/lo mismo de antes/f5-c5/esta ganas tu mas y la siguiente gano yo mas y asi succesivamente/ok?/y luego por tí y así.. vale/exacto/c1-f1/de acuerdo/A siempre gana/si/y mucho mas que nosotros/da rabia, pero bueno.. intentaremos hacer algo de bote i au/c5-f5/f4-c4?/tu ganas casi lo mismo pero yo gano mucho mas que en c5-f5/vale va/esque tu pierdes 3 puntos pero yo gano 11/ahh okk/sino"
1.0,0.0,1.0,1.0,0.5,1.0,1.0,1.0,1.0,0.5,0.0,0,0,0,0,1,"vale vale a medias/fila 3 c2/jajaj lo que veas/fila 3 y c3 no?/a medias/ok/si a medias/fila 1, columna 1?/fila 1 columna 1/fila 5 columna 5/fila 3 columna 3/todos ganamos/si/fila 3 columna 3/si, esa opcion nos beenficia todos mucho/en la proxima ronda sera 2 veces el mismo juego/?/cada ronda cambia el juego?/si/por lo que parecia era cada 2/sisi, me parece bien/f2-c2/joder, los de 50 siempre te los llevas tu.../asi hacemos como antes/iba a decirtelo/guay/hacemos siempre lo mismo?/ok/c2-f2 y c4-f4/claro../de todos modos nos da mogollon de tiempo/per si/ya/hasta ahora no/en la ronda 4 ha cambiado/en la hoja ponen cada ronda cambia/valee/no me habia dado cuenta/pues ahora fuila 3 columna 3/fila 3 columna 3/si/vale/fila 2 columna 2/fila 5 columna 5/fila 3 columna 3/la mejor para todos/ahora si no?/a A lo que mas le beneficia es 5, 5/a no juega a 3, 3/1 1/no/fila 3 columna 3/3,3/3, 3 siempre ganamos/en la 1 hay pocas ganancias/ok/el 3 3 siempre es justo/para todos/si/en todos los juegos/ahora cual/nunca vas a hacernos caso no?/el mas justo siempre es el 3 3/en la anterior ronda has perdido ganancias por elegir el 1 1 A/3 3/si"
1.0,0.0,1.0,1.0,0.5,1.0,1.0,0.0,1.0,1.0,0.0,0,0,0,0,1,"ahora 4, no?/si/c4-f4/esto va muy lento/muchoo/jaja/estamos mas de un minuto sin hacer nada/habrá quien se peleará xD/supongo/venga q ya acaba/c2 f2/ok/ahora que toca?/f4-c4/ok/que hambre../fila 3, columna 3/si/aunque se podrian dividir en 3 rondas a cada uno/que le beneficie mas/es decir/escoger 3 veces la posibilidad que mas beneficie a F/luego tres veces a C/y otras 3 a A/no puedes saber que juego/si, pero nunca seran las mismas cantidades/se miran/3,3/seguimos con 3 3/este es el juego que mas nos beneficia/a partir de la 4a ronda/podemos elegir cada vez una que beneficie a uno mas/asi tendremos dos rondas cada uno con mas puntos/3,3/seguimos 3 3/yo haria todo 3,3/porque las diferencias son grandes/vale/3,3/si/3, 3"
1.0,0.0,0.5,0.0,0.5,0.5,0.0,0.0,0.0,0.0,0.0,0,0,0,0,1,parece que ha llovido hoy/jajajaj/el A se está llevando la pasta/te iva a decir lo mismo/jajaja/c3 f3?/te parece que eligamos f5 y c5 y a la siguiente elegimos uno que te veneficie a ti/sinceramente/pero estamos de 4 en 4/no me extrañaria 2 grupos por cada fila xdd
1.0,0.0,1.0,0.5,0.5,1.0,0.5,0.0,0.5,0.0,0.5,1,1,0,0,0,"pues puede ser/no que coincidan/porque vamos/pero que se organice asi/los a se llevan exactamento el doble que el resto/yo he repetido el rol de F igual que tu C/si la gente lo hace a empatar/claro xD/que juego esgoemos?/el que menos beneficie a A/cual nos viene mejor?/es juego 3/o un euromillones, asi me jubilo/jubilarse ya? jajaa/en el juego uno el c3,f3 esta compensado igualmente/en todos los juegos/ya/pos a partir de ahora salga el que salga c3,f3 jajaja/mayormente jajaj/yo a esto no le veo el sentido"
0.0,0.0,0.0,0.0,0.0,1.0,0.0,0.0,0.5,0.0,0.0,0,0,0,0,1,ni yo/yo tampoco/pero no hay otra opción mjor/porque si el A fuese un poco egoista se cogería el que le da 80 todo el rato sin importarle lo que le digamos
1.0,1.0,0.0,1.0,0.5,1.0,0.5,0.0,0.5,0.0,0.0,1,1,0,0,0,eso en la valoracion final lo debemos de poner/sí/eres un grande A/al igual que deberian reducir el tiempo de chat/que me duermo esperando tio.../2 y 2 si quieres esq a ti te sube 9 y al A tmb/y a mi solo 3/en verdad ganais mas vosotros/2y2/despues en el juego 4 y 5 gano yo mas y au/valeee/q se acaba el tiemopo/2y2/f3 y c3/no entiendo por q no cambia../toddo el rato igual/noi?/yo tmpc jajaj/sisi/mientras paguen/yo esq ya me se hasta la tabla jajajajaj/f1c1?/si/gracias :)/ress/juego 2/f3c3?/f3c3 o vamos igualando?
1.0,0.0,1.0,1.0,0.0,0.5,1.0,1.0,1.0,0.5,0.0,0,0,0,0,1,"o f4c4/vale/cef3/igualar que te refieres?/f3c3*/no se a que te referias/porque si hubieramos elegido en todas las rondas el mayor pago de A al final nos habriamos llevado las mayores cantidades/es dificil de explicar asi por escrito/es verdad/elegimos f3 c3?/vale/hola/hola/A ver ya he entendido este juego/tenemos que elegir el que salga 80/al final se compensa/Esacto/i ganamos los 3 igual/llevais mas puntos que yo/jajajaj/jajaja/A sobretodo/c4 f4?/vale/f5 c4/que sino A se lleva eldoble/c3 f3?/si/es con el que mas ganamos nosotros/sisi/vamos a restarle a A/o c1 f5/o c3 f3/que fem?/c3 y f3, nos resta más a los dos/entonces?/c5 f2?/casi que prefiero ganar más y que A también gane, a restar puntos, no?/no tranquila/bien bien/a ver si lineex me algera el dia/jajajaj/hombre si cada rondo dura 2 min y llevamos 14, llevamos media hora/con los mismos roles/y la prueba era de 1h y media/tela xd/más el tiempo de espera/uff este solo nos da 32/ahora toca el 5?/sí/sí/pero A tú no puedes elgir el juego que quieras?/tiene que ser el que aprezca en pantalla?/nooo/sí/el no sabe que juego es/pero al final le dicen que es ese/a mi me sale una cosa que dice prueba varias posibilidades/lo que veas...../yo lo veo guay/q son 8 ptos cuando llevas 1000000000000000000"
1.0,0.0,0.0,0.0,0.0,0.0,0.0,0.0,0.0,0.0,0.0,0,0,0,0,1,f5 y c5/j 5/al fin jajaj/tirali jajajja/va q solo queda 1/y a casa/que hora es?/ya ??/igual hay mas/supongo..../eso q no llevo reloj jajajaj/mismo de antes/jaja/vavava ultima ronda
1.0,1.0,0.0,1.0,0.0,1.0,0.5,0.0,1.0,0.0,0.0,0,0,0,0,1,"o f4c3/f3c3 mejor no?/esq todo el rato a lo seguro.../yo lo digo por vosotros para que subáis/nos llevamos lo maximo/vale/esque está montado para que A gane siempre más/es para que por ejemplo en esta ronda se beneficie C y en la otra F/si tio :C/y luego entre C y F lo máximo es que estemos equilibrados, porque si no gana F/Entonces cual cojo???/yo nunca gano/jajajaja/decirmeee/por mi f3c3 y te forras :P/Me sabe mal/coge f1c1 y en la siguiente salgo ganando yo/y C y F estamos equilibrados/vale?=/Vale/a 3 minutos o asi/sii ,menos mal,/jaa/20 segundos.."
1.0,0.0,1.0,0.5,0.5,1.0,1.0,0.0,1.0,0.5,0.0,1,1,0,0,0,"igual/lo vamos viendo ahora que/al final hemos empatado/1-1?/1 1 diria yo/si/vale :D/para mi habra que reservar cuando salga el juego 4 y 5 que son los buenos en puntos para mi/pero se ve/si/de momento 1 y 1/empate?/va/yo digo de cuando salgan 4 y 5 para ti, 1 y 3 para mi y 3 empate/si/es lo suyo/si se va a acabar y vemos que esta descompensado, lo arreglamos/1 y 2 tuyas/estupendo/1--1 va/en la ronda 6 revisamos la suma de puntos/jajajaja/mis palpitos nunca suelen fallar/excepto con el valencia, que siempre pierde.../bueno a mi el levante al menos ahora me da alegrias.. jajajajjaajajajaja/jajajjaja/mejor que el valencia si q juegan/ahora/he ido un par de veces/c2 f1?/c2 f2/mejor no?/qué hacemos/y deberia haber filas en las que gana mas el A, otras en la que gana mas elf/c3 f3 y así proporcional a las sumas/vale/okey/se puede compensar para ganar todos lo mismo/juego 5/solo que cada ronda uno tiene que ganar más que los demás/pero es un lio/el a siempre va a ganas más/ya.../no/si es la suma es lógico que sí/si coges j4 c3 f1/es la mejor/seguro q es el juego 4/noooo/es el juego 5/fila 5 columna 5/y 1 y 1/??/C no seas tan rata en serio/si home si jajaja/no f5 y c5/qqqqq/la 5 5 ma ganao/fila 4 columna 4/o fila 5 columna 5"
1.0,0.0,0.5,0.0,0.0,1.0,0.0,0.0,0.5,0.0,0.0,0,0,0,0,1,lo que veas A/la que mas te guste/los mejores/5/f3c3?/yo creo que sí/f que dices?/opino la f4c4 pq en comparacion con esa/pero asi gano menos yo/c solo gana 3 ountos/lo que queráis/yo no tengo la culpa si elijo mal ehh
1.0,0.0,1.0,1.0,0.5,0.0,0.5,0.0,0.5,0.0,0.0,0,0,0,0,1,"jajajajaj/que me sabe mal si perdéis/tranqui/si en verdad f3c3 es la justa siempre/da igual el juego/xdddd/ya jajajaj/cierto jajajajaaajaj/tu dale a like y au jajaj/pùes eso, la siguiente a ciegas/venga va :P/chan chaaan/mm entonces no me decís???/f5c5/Pues no se jajajaj/jajajaja que liante el F/como barre para casa/JAJAJAJÇ/mal@/JAJAJAJA/f4c4/vale/voy a elegir f5/tu mejor opcion c5/me lo has puesto dificil/eso haré/¿cuál vas a elegir ahora?/f4/yo c3/o c2/esta bien elegire f3/f3 c3 o f4 c4/creo que en esta tabla si que podriamos llegar al acuerdo de f3 c3/okay/ahora cuento pero creo que tenemos que empatar/ojalaa/si creo que nos quedamos a unos 10 pts o asi/no ahora estamos a 300 los dos/ah si? tremen xd/jajajaja/ahora un 3 y listo jaja/tu crees que de verdad hay gente A?/yo estoy pensando que lo mismo no xd/jo/bueno, 3 y 3/si"
1.0,0.0,1.0,1.0,0.5,1.0,1.0,0.0,1.0,0.5,0.0,1,1,0,0,0,"yo lo que creo/es que si hay gente a/no estan haciendo nada no?/me da palo girarme xd/porque no deciden ni tienen chat/jajaajajaja/yo tampoco veo/pero hay mucho tecleo/pues eres un crack enserio/me iré a echar la quiniela/sisi echala eh/o a la ruleta o apuestas o algo jajaja/jajajaja gracias gracias/sii sii es lo que he dicho que deberian haber cambiado los roles/para observar la forma de pensar desde diferentes roles/pero no, seguimos todos igual/pero seguimos , manteniendo el mismo rol../po vaya/igual?/sí/es el juego 1/espera/ah vale igual/siemore el proporcional es el f3 c3/nan/mas mas/jajaja/hombre al A/mas de 30 fijo/ojala bastante jajajjaajaj/1,6 gana cada ronda/y hay 18/bueno scalculos ahi/fila 3 columna 3?/2 y 2?¿/esq sino me dan muy poco a mi/bnn/1 y 1/?/2 y 2/yo me llevo mas por ejemplo pero sale a mas en total/y despues me das a mi una para que gane mas/vale?/ok/2 y 2ç+/2 y 2 o 3 y 3/3 y 3 va/pero en las dos primeras me has sacado 60/con f1c1 aún sales ganando en el global/y yo recupero algo/nose/que he gando 18 en la primera ronda/tu ahora ganarías 18 tmb/F tu eliges/pues esa mismo/me daigual/con f1c1 aún sales ganando F, y es más equilibrado en el global/seguro?/valer/jajajaajaj/f3c3?/si/creo que saldria bien/de acuerdo/porque hay tablas que salen grandes pagos para f y otras para c/aunque el A se lleva 80/por ejemplo cuando nos toque la 1 elegimos c1 f1/en este no hay muchos pagos de C/c3 f3?/de hecho me acabo de dar cuenta que la tabla 1 y 5 son la misma pero a la inversa, y la 2 y la 4 igual, con lo cual deberiamos estar eligiendo siempre el mayor pago para A/porque?/elegimos ahora f4 y c4 y cuando toquen las tablas 1 y 2 elegimos tus mejores pagos/solo queda una ronda/lo tendriamos que haber hecho así desde el principio, no me habia dado cuenta, mierda/noentiendo lo de mayor pagopara A/sí"
1.0,0.0,0.0,1.0,0.0,1.0,0.5,0.0,0.5,0.0,0.0,0,0,0,0,1,"y nos bevenificia mas a nosotros f1 y c1/no?/cual cogemos?/es que practicmanete A sieore sale ganando/podriamos coger uno que le reste más al A/f1 y c5/ahi perdemos todos, pero A más/o f5 y c1/vamos a mirar con cual ganamos más, y el A pues ha tenido suerte.../pues c1 f1/vale/o"
1.0,1.0,0.0,0.5,0.0,0.5,0.0,0.0,0.0,0.0,0.0,0,0,0,0,1,c2 f2/a gana menos/pero tu tmzbien/entonces lo que quieras/si quieres f1 c1/f1 y c1/nooo/mejor creo/c3f3/c3 f3/o/f2 c2/cual?/f2 c2/vale/repetimos lo mismo? o cambiamos?/cambiamos/vamos a compensarme/esq a y tu/bueno c5f5 no me falles/jajajaja
1.0,0.0,1.0,1.0,0.0,1.0,0.5,0.0,0.0,0.0,0.0,0,0,0,0,1,"jajaj/A luego te invitas a algo que ganas el doble/jajaja/jajajaja/0.02 por punto jaja/la misma/siii/aqio es donde más ganamos/sí/2 minutos mas de espera.../cuantas rindas de 9 habrán?/como?/que cuantas rodans de 9 preguntas harb´ñan/supongo que habrá dos/al igual nos tienes así 90 minutoios/ajajjaja/el A ha tenido una suerte..../alomejor luego no../no se como irá/seguro q es toa la trama/no creo jajaja/seguro q luego tenemos q coger los negativos jajjajajajjajjaja/q no/f5 y c5 por las de antes vale?/al final nos quedaremos igual..../bnn/el A de 80 no baja jajajajja/no tendremos q mirar el papel este/si de verdad se multiplica todo invito a algo jaja/porq no coinciden los numeros/vale si/si que coinciden/jajajajjjajaj/a mi si/he mirado columna arriba/jueg 2/fila 2 coluna 2/jope pero nunca me tocan en que gane yo mucho jajaja/que pua/en 3 y 3/son 3 puntos mas para ti/hacemos 3y3?/pillala/vale perfff/pero 8 menos pa mi/jajaja/jajjajajjaa/lo que vamos ganando.. por que subais un poco/ahhh/claro, que no haya tanta diferencia/claro por eso lo digo/me sabe mal/c has vuelto a ser el mismo?/sí/que mal/ya ves/a la proxima igualamos vale?/yo igual/no gano nada xd/vale/f3c3 entonces?/c es lo 0peor.../sii/si/ya ves :(/3/ahora igualamos lo que ganamos/f3c2/i me ha tocado mojarme/no vives por aqui?/no, soy de fuera/aah/pero estudias en la universidad/aqui somos todos estudiantes? o hay gente que no lo es?/ahora 9 rondas ya es aburrido/no lo se/creo que tienes que ser universitario/y tanto jaja/esque como a veces he visto gente mayor no estaba seguro/tu es la primera vez que vienes?/pues eso/c2 f2?/tocará/ronda cuatro y aun no han aparecido tablas 4 y 5/deberia empezar a preocuparme/aun quedan 5/a ver la siguiente"
1.0,0.0,0.0,0.5,0.0,0.0,0.0,0.0,0.0,0.0,0.0,0,0,0,0,1,"perfectoe/perff/sq no sabia si eras le mismo de antes/jajajajajja/jajajaja/yo también lo tenía en duda/guay guay/c4 f4?/te iba a decir el mismo/nos entendemos/jajaja/muy bien, asi me gusta/no/coon c5f5/gano mas"
1.0,0.0,1.0,1.0,0.5,1.0,1.0,0.0,1.0,0.5,1.0,1,1,0,0,0,"jajaja/ganas 3 más y yo 11 menos jajaja/bueno vaaa/valeee/jajajaja/hacemos la misma o miramos algo para los dos?/quien quieres que ganas mas sio el f o el c/yo por mi todos 80 y todos contentos/ya ves pero buenoi esta bioenm con lo de c3 y f3/para así el f y yo ganamos los mismo/sí/5/lo mismo de siempre/pues igual/decimos alguna palabre clave para ver si la siguiente ronda somos los mismos?/cuando acabe las 9/vale/qué decimos?/chancla/jajjajajaja/ok/jaja/nada mas empezar/okey/si/Que juego es?/fila 5 columna5/5/si hubieras cogido lo que había dicho yo (fila y columna 3), habrías ganado 80/Entonces ahora juego 5?/si/igual que antes, fila 5 columna 5/esta vez estoy de acuerdo con eso/Vale/perfecto/juego?/juego q/1/la mas justa es fila 3 columna 3"
1.0,0.5,1.0,1.0,0.5,1.0,1.0,0.0,1.0,0.5,0.0,0,0,0,0,1,"si/ahi ganamos mas o menos todos por igual/con la fils dos y columna dos ganarás más, A/c te parece?/pero la más jiusta es la que ha dicho él/ella/sí/yo voto por justicia jajaja/yo amarraría en las siguientes/esque si sumas.../mmmm/Lo que vosotros queráis.. es más para que vosotros ganéis/salimos a lo msimo al final/y A se lleva más/hacenos ahora f5c5/si/y luego vemos :)/Yo he ganado mucho ya.. por eso quiero que vosotros tengáis tambien mas ganancia/2/vosotros decidís/en estas dos ultimas rondas F y C han ganado 56, si hubieramos amarrado habríamos ganado 64, y encima A habría ganado más/entonces hacemos lo que estabamos haciendo hasta ahora?? lo más justo?/espero/puede que sea la 3 otra vez/dice que son al 20%/le damos una a tu favor?/o volvemos a hacer lo mismo?/está la aguantamos en la 33 pero en la siguiente si no cambia sí/vale/f5 c5?/si/por fin/por fin jaja/es en la que mas ganss/bua en este experimento que te tocara ser A es un chollo/ya/luego creo que hay otro exp/ah si? No es solo esto?/no lo se/vamos a por una tuya?/vale/que te parece c4 f4?/f4 c4¿/Si/okay/jajajaja/jajajaj/grande!/esq solo habia mirado mis nukmeros/hacemos una en q ganemos igual ahora?/valee/c3 f3?/o seguimos con máximos de cada uno?/ante la duda c3 f3 siempre/jajajajajjaa seeh/me da igual, lo que prefierqw/prefieras che/esque justo en el juego 1 es en el q mas gano/y tu en el 5 en el q mas/pyes c1 f1/perf/c1 f1/c4 f 4/o"
1.0,0.0,0.5,1.0,0.0,1.0,0.5,0.0,0.5,0.0,0.0,0,0,0,0,1,c3 f3/lo q quieras/tu diferencia es de 3/por eso/la mia de 11/hacemos c3 f3/oki/perff/y en ortra ronda que gane mas
1.0,0.0,1.0,1.0,0.5,1.0,0.5,0.0,0.5,0.5,1.0,1,1,0,0,0,"miramos para los dos, q es la ultima no ya?/si/c3 f3? JAJA/c3 f3/cara anchoa/xd/jajaja/jajajaj/vaya hostion jaja/5/pues igual que siempre jajaja/ah vale ya entiendo esto/a qué se debe?/el c y f podemos ganar más/solo tú y yo vemos el juego/si yo digo que es el 4 y tú el 5/en vez de palabra clave podriamos decir la fila y sitio donde estamos sentados y ya esta/nos tiene que creer a uno de los dos/es verdad/en que fila estais/?/yo opino f3 c3/voy a coger f3 c3/perfecto/perfecto chicos/juego?/2/f3 c3/f3 c3/es tambien la mas justa/os parece bien a los dos?/estoy con vosotros :)/que facil es ponernos de acuerdo jajaja/jajaja :P/genial! siempre lo mas justo para los 3/50 puntos seria 2€?/yo creo que si/ni idea es la primera vez que vengo jajaj"
1.0,1.0,1.0,1.0,0.5,1.0,1.0,0.0,1.0,0.5,1.0,1,1,0,0,0,"juego?/2/otra vez el dos jajaja/lo mismo otra vez? o cambiamos?/f3c3 no?/si/perfecto/pq el resto son peores/yo a partir de ahora haría como en el juego anterior, amarramos y A se forra porque el juego está pensado así jajaja/pues f3c3/f3c3/esque de la otra forma F y C tampòco salimos ganando/que suerte has tenido A, te envidio/ya.../o sea ni siquiera por 3 puntos/eso es verdad/jajaja/es incluso peor para nosotros/jajaja ya ves A, te ha tocado la buena eh/Yo lo que queráis poner.. me sabe mal que no ganéis más por eso he dicho lo de igualar las ganancias aunque yo siempre acabe ganando mas/por curiosidad quisiera saber cuanto te llevas jajaja+/jajaja/si/3,3/si/A siempre gana la suma de las ganancias de F y C/si/c3 f 3 o si no/me compensais luego a saco jajaja/a no porque va a ganar igual/pero c/pilla entonces 1 1/3,3/la mejor/3, 3/3,3/3, 3/3,3/3, 3/es la ultima ya no ?/si/hola/Juego seleccionado?/2/hola, si puedes elegir fila 5 columna 5?/es el 2/o la columna 4, fila 4, ganamos todos en esa/juego 4/ahora es el juego 4/Vale/fila 4, columna 4 esta bien/aunque f3, C3 es mas justa/que diga que prefiere/a mi me da igual/porque luego sere yo el puteado/yo tambien lo creo, quedan mucahs rondas.../vale coge ese y lurgo miramos por mi jajaja/vale/1 1 pues..../2/fila 2 columna 2/Juego?/juego 4 otra vez/4/la misma? fila 3 columna 3?/si, es lo mas justo/aun que el A se lleve mas/5, 5 y luego beneficiamos a C?/si, parece que A se lleva la suma de nosotros 2/juego 1/juego 1/fila 2 columna 1/no?/ahora fila 1 columna 1?/si mejor/22?/c3 f3/ummm vale/pero en juego 4 y 5 me dais los puntos de 50/entonces 2 2?/ahora empezaran a putearme a mi/no te preocupes/jajaja/seguro jajaja/1,1/si/perfecto/el A se forra en todas jaja/5/juego 5/vamos a hacerte rico A jeje/jajaj/columna 3 fila 3"
0.5,0.5,0.0,0.5,0.5,0.0,0.0,0.0,0.0,0.0,0.0,0,0,0,0,1,os parece bien?/si/No os parece mejor que alternemos?/como quieras/depende si no ssale mejor/mientras no nos quiten puntos
1.0,1.0,0.0,1.0,0.0,1.0,0.5,0.0,0.0,0.0,0.0,1,1,0,0,0,"la 5,5/4/juego 4/siempre hay una que da 80 en A/que hay mas puntos/fila2 columna2/da muchos a A pero tambien mas a nosotros xD/vale/2/si, el 2/si 22/okey/a debe de estari distrutando de esto jajaja/segurisimo/JAJAJA/no se que decir... :(/1/esto es injusto/si/pilla si eso el 33/si por dios/jajajaja/vale/se están pasando/c3 f3.../me meo muchoooooooooooooooooo/yo ya me aburro jajajja/yo no :'((((((/o lo decias de forma literal ? jajajajaja/me gustaria saber que conclusiones sacan con este experimento"
1.0,1.0,1.0,1.0,0.5,1.0,1.0,0.0,0.5,0.5,1.0,1,1,0,0,0,"la generosidad/Propuestas?/2,2?/si, ahora la mejor es esa/Estoy de acuerdo/perfecto/5/ahira la 5, 5?/ahora*/o la 3.3/ya pero como en las dos anteriores me ha dado un poco menos a mi/pero bueno la 3.3 tampoco esta mal/Seria lo más justo pero F y A pierdenmucho más que C/Juego?/4/juego 4/2.2?/o 4.4/la empatia jajajaja/a mi tambien/el a puede hacer lo que le da la gana/y c y f se pelean/que en conjunto es mejor/4,4 lo veo/si mejor/es que el C sempre es el peor en todas jaja/3/3/3.3?/ahora la mejor la 3.3/si/si/creia que en este bloque nos cambiarian de rol jeje/alomejor luego suman todos los puntos entre los 3 y los dividen/no se/espero/sino no es muy justo/aunque en estos experimentos son un poco trolls/jaja a saber/puede ser/jajajaj/el A mientras no ponga negativos perfecto/si/1/1/2.2 o 3.3/espero que el A tenga el mismo juego que nosotros/o 1.1, no me quejo/la verdad es que no entiendo el juego mucho jaja/jajajajajaja/si, pero tengo que confiar en que me digais el juego correcto/pero si no le dijesemos el juego/es algo mutuo..../4/4/perfecto/ah no/4 4/pensaba que era el 3/f5 c5/si/yo creo que es para ver si somos avariciosos o no jaja/1 otra vez/otra vez 1/ahoroa si que 3.3/no?/Vamos a 3.3 o 2,2/o 2.2 que el F no pierde mucho y los demas si ganamos bastante mas/como querais/vale/Vale, en la siguiente beneficiamos a F por si acaso lo spuntos van individuales/vale/ok/2"
0.0,0.0,0.0,0.5,0.0,0.0,0.0,0.0,0.0,0.0,0.0,0,0,0,0,1,4.4000000000000004/?/4.4000000000000004/Si/si/por mi bien/que majos jaja/jajaj
1.0,1.0,0.0,1.0,0.0,0.5,0.0,0.0,0.0,0.0,0.0,0,0,0,0,1,"el A que invite a cervezas luego jaja/pues si podria jaja/y compensaqmos a f.../esta es mi jajajajaa/mia*/esque F no s elleva mucho mas/yo creo que  4 4 mejor/y yo mucho menos/que he tenido dos de 26/si/vale/entonces?/44?/4 4/pero juego 5 si quiero mis 54 jum/4 4/ouuuuuh yeah/jajajaja bien/1/2.2000000000000002/1.1000000000000001/2.2?/3.3/uno de esos tres pienso yo/si quereis ahora 2.2 y a la proxima ya vemos/4/4/4.4000000000000004/si, 4.4/Estoy de acuerdo/no he leido lo ultimo que habeis escrito antes jaja/yo tampoco/no me acuerdo que habia puesto jaja/jaja/2/3.3?/2.2000000000000002/una de esas dos bien/tendrian que dar mas tiempo/que antes han cortado a mitad/JAJAJA/2"
1.0,0.0,1.0,1.0,0.0,1.0,1.0,0.0,1.0,0.5,1.0,1,1,0,0,0,"2/3 3/si/okey/3 3/okey/si os fijais en todos los juegos los mejores son los que estan relacionados con su fila y columna/2.2 3.3 asi/me entendeis?/que cosa mas rara/jajaj/es verdad/por ahora no hemos dicho 2.4 o algo asi/en plan son los mas justos entre F y C/2/2/pues antes has puesto 2.2/4,4/pon 3.3 ahora/lo que querais, esta ya es la ultima creo/5,5?/para 5.5 mejor 4.4/que sino yo pierdo mucho/y tampoco ganais mucho mas en 5.5/pues 3,3/Soy A/informarme/f2 c2 creo/porque 5 5 o veo exceisvo para c jajajajaa/si porfa JAJAJA/porque no sale el juego 5?:@@@@2/33 bien?/sii 3 3/saldra el ltimo quizas/no creo/yo creo que esta es para que f pierda/no se/2/2/55/por F jajaja/seguro?/jajajaja/lo que diga c/un favor me haces desde luego/que se sacrifica por el grupo... jajajaa/si porque te han puteado/laa mejor para todos/en qu ejuego estamos?/si/2/juego 2/f2/es el que tiene mas ingresos para todos/si/ya lo he seleccionado/c2 f2/en que juegto estamos=?/el mismo ue antes/el mismo/perfecto/el f tiene los numeros mas bajos que bien/pues selecciono lo mismo/en todos los juegos/jajaja/pero en todos.../luego cambia/que cosas.../en todos todos jaja el chollo lo tiene el a"
0.0,0.0,0.0,0.0,0.0,0.0,0.0,0.0,0.0,0.0,0.5,0,0,0,0,1,la verdad que he tenido suerte/juego?/jajajaja/pues ya esta
1.0,0.0,1.0,1.0,0.0,1.0,0.5,0.0,0.0,0.0,0.0,1,1,0,0,0,"gracias gracias :$$$$/jajaja/tampoco es tanto dinero no se/5 5/el trio cuando?/no hay que ser ratas JAJA/jajajaja a solo le interesa el trio/jajajajajajaja/ahora a la salida nos lo montamos en el baño/JAJAJAJA/si , yo voy directo/informer uv JAJA/SII JAJAJJA/4/ce f3?/c4 y f 4 quizaas?/f3 c3 es el mas repartido/si/o ese/pero c4 son soslo 3 puntos menos para c/y muchos mas para los otros dos/vale ese/perfect/f3 c3 pues.../noo/c4 f4/el mismo/perdon me he liado, estaba mirando la 3/el mismo/f4 c4?/no pasa nada jaja/si/valee jaja/1/juego?/vale/c2f2?/c3f3?/c3 f3"
1.0,0.0,1.0,1.0,0.0,1.0,1.0,0.0,1.0,0.0,1.0,1,1,0,0,0,??/2 2 lo veo mejhor/c3f3/f solo se lleva 3 mas en 3 3/pero de c y f varia mucho/lo que veais/bueno f no jaja/pero c si/c2f2?/vale/puyes ese/lo qu eme digais/juego?/juego 5/c3 f 3?/si/o f 4/c4/f5 c5?/ese a mi me interesa mas/que digaa c/pero estaria bien que f esta seca jajajaa/c5f5 va/vale/a la siguiente por ti C/me la apunto jaja/jajajaja/a mi me sabe mal llevarme siempre mas por regla.../esta hecho para que siempre a se lleve 80/fijaros/has tenido suerte jaja/mucha/yaa siempre hay alguno que tiene menos/c y f se llevan lo mismo/mucho menos/si elejimos esa/nan/4/c3f3?/bien/c3 f4 f se lleva mas en compensacion/11 mnas y c solo 3 menos/c3 f4 no/nos llevamos todos menos/f4 c3 perdon/f3 c3 es el mas igualdo/osea 4 4 joder/vale 3 3 no mareo mas jajajja/como veas y la siguiente/2/c2f2/2 2 ?/bien/vale/el juego esta hecho para que se seleccione siempre cuando A se lleva 80/pero porque se hace balance de/f y c/y C y F se llevan al final la mitad que A cada uno/si ://he tenido flor en el culo/sisi jajaja/ya ves jaja/invitate a algo/vale/te envidimos jajaja/jaja/5/5/pilla ahora c3f3/si/para igualar/que tu te has forrao jajaja/la democracia es la democracia.../jajaja/podriamos habernos cruzado con un dictador que se llevase todos los 80 puntos/jajajajaja/:DDDD/jajajaja/juego?/4/4/f4 c4?/bien/si
0.0,0.0,0.0,0.0,0.0,0.0,0.0,0.5,0.0,0.0,0.0,0,0,0,0,1,okey/nos han cambiado de grupos?/creo que no/nan/creo que no/yo sigo siendo la f desgraciada jajajaj/y yo el C/pues todo igual/A que suerte tienes
1.0,0.0,1.0,1.0,0.0,0.0,0.0,0.0,0.0,0.0,0.0,1,1,0,0,0,estabais hablando de democracia y dicatdores?/JAJAJA/sep/:$$$$/pues somos los mismos/jajajajajajaa/mejor/yo sigo sintiendome mal/3/3/c3f3/si/claramente/c3 f3/jajajaja/JAJA/obiusli/estamos ya conectados jajaja/lo de invitarte a cervezas ahora con mas razon jajaja/un trio luegoi?/JAJAJA
1.0,1.0,0.0,1.0,0.5,1.0,0.5,0.0,1.0,0.5,0.0,1,1,0,0,0,"yo pago el alcohol y la droga..../me parece bien/AJJAJ/muero jaja/f es chica/jajaja/sep jajaj/c tiene pilila como yo/maybe jajajaaj/jajajaja/1/1/c3 f3/c2f2?/c1 f1?/o esa/por mi mejor/y luego damos por ti f.../f?/venga vale/jajajaja/me la guardo/yo creo que a si al final ganais más/yo tambien/sisi.../sii a lo mejor si en una f gana mucho mas/y luego c/compensa/lo llevo pensando toda la partida/we are conect!!/1/mismo/repetimos?/yo si eso ahora pillaria 2 2/un poco por F/55?/si/cuando salga el juego 5, metemos c5 f5/Estaba claro/para variar.. jajaja/pues nada un placer vaya/bueno F, un placer jajaj/a ver cuanto nos dann/5/si alguno de los dos se corronpe.../m*/jaja veo que tienes papeletas/jajja/fila 1 columna 1/he hecho eso/el A se está forrando jajaja/no ganamos casi nada de mas/3/f3c3/f3c3/es la penultima ya/apues, llevas una rachita/¿cuál seleccionamos ahora?/al, final resulta que no tendriamos que haber camiado en la ronda esa/ya/f5 c5/pero no pasa na/okay/bueno ha sido un placer participar contigo/igualmente/que te vaya bien en proximos experimentos/Hola/hey/alguna idea?/q es tu máximo/54/qué fila?/si el objetivo es que cada uno obtenga el mayor numero de puntos deberiamos coger siempre la que mas equilibra este/entonces la columna 2 y la fila 2 no?/para si estar todos mas o menos igual/y que juego?/qué juego?/5/c5 y f5?/seguimos eliguiendo fila 2 columna 2?/sí/vale"
1.0,0.0,0.0,0.0,0.0,0.0,0.0,0.0,0.0,1.0,0.0,0,0,0,0,1,mejor c5 y f5/PERF/debo elegir?/y ya?
1.0,0.0,1.0,0.0,0.0,1.0,0.5,0.5,0.0,0.0,0.0,0,0,0,0,1,"fila 5 columna 5/q mas nos llevamos todos/c2 f2 mas no?/nooo/no?/ya ves jajajaj/ojala en la siguiente ser A/pues sí eh/ya jajaj ha sido la suerte del principiante/jajaja/Será eso? por ser la primera vez?/son 3 rondas, supongo que seremos los 3 roles/seguramente/f3c3/jajajaja/esque está muy trucado esto/que unanime todo/Ya.. podrían ser mas justos creo yo/yo pensaba que íbamos a cambiar roles/Que podamos hacer los tres algo para equiparar/podrian poner una calculadora Ppara ir viendo cuanto llevamos../Yo tambien creía que ibamos a cambiarlos/yo creo que ganaremos como 25 euros o asi/y yoo/y A pues el doble/jajajaaj/ojala llegue a 25 pero lo veo dificil jajajaj/36 por ronda.../esperemos que si"
1.0,0.0,1.0,1.0,0.5,1.0,1.0,0.0,1.0,0.0,0.0,0,0,0,0,1,"18 rondas/mirand el juego 3 la mejor columna c para elegir es la 1/creo que tenemos que intentar que todos ganemos el maximo posible/y f1 supongo/pero donde tengo que ponerlooo? xDD/o tambien c4f4/antes tu has tenido menos/para compensar/elegimos la que te de mmas a ti ahora?/f5 c5?/si/a quien le toque el A va a estar en la gloria jajaja/jajajaja pues si/pero bueno/vamos alternandolo pues/f1 c1?/o c3f3/el que quieras/ya veeeeeeees/perf/c3 f3 pues/no hay manera que salga el 5 eh.../no?/ok/hombre son mas puntos/por eso/mas o menos todos los juegos coinciden en que la fila y la columna que son iguales son las que mas puntos tienen/juego 3 c3 y f3?/valee/oki/es que si el objetivo es obtener el mayor num de puntos es así/una cosa, a vosaotros que no sois A, os sale el juego a eleguir?/sí/mejor la f5 columna 5/fila 3 columna 3/perdon columna 2/el A como mas gana es fila 5 columna 5/fila cods columna 2+/fila 3 columna 3/antes tendrias que haber elegido la que te he dicho...../vale si/fila 3 columna 3:)/sisi esa/perfecto!!/guayy/yoi es la tercera vez que vengo/estaría guay/yo la 4º creo/jajaja/ñe/yo creo que da/así calculo ràpido jajajaja/jajaja/5/en todos los juegos, la justa es f3c3/f3c3 otra vez/jajajaja/fijaos/ya ves/es verdad!!!/no hace falta ya ni pensar xdd/jajajaja/pues por mi ese/3 3/vale/luego seguimos alternando/porque si alternamos tenemos la posibilidad de conseguir mas/c3f3 es una opcion de ganancia intermedia/creo que esperan ver eso de nosotros, si el mercado hace que nos destruyamos o cooperamos jajaja/pero equitativa/somos muy cooperativos jajaja/como lo ves?/podemos seguir empatando/42432/aunque mesta dando rabia a jajajajaja/mejor alternando ganas 50 y luego lo vemos/vale/1-1?/seee/uff/yo digo de empatar en esta/porque tu ganancia maxima es 42/vale, la siguiente en mi favor pues/si si estaba pensando lo mismo/dejamos tu compensacion para un juego que tu puedas ganar mas/42432/si"
1.0,0.0,0.0,1.0,0.0,0.0,0.0,0.5,0.0,0.0,0.0,0,0,0,0,1,"ya tio, soy una pringada/jajajaja/c4 f4?/perff/nos sale juego fila y columna/a vale jajaja"
1.0,0.0,1.0,0.5,0.0,0.0,1.0,0.5,0.5,0.5,0.0,0,0,0,0,1,"al rol A al final/sii sii a mi me sale cuando hacen el recuento de puntos/por eso lo decia/qué hacemos/el c3, f3 del 3 es el que mas puntos da, no?/vale/a ver/tanto j5 f5 c5 y j4 f4 c4/todos esos dan 80/menos el 5/lo de jueg9o no lo pilloo/yo tampoco se lo de los juegos/fila 2 coluna 2/puede ser q tengas q poner el q pone arriba?/a mi no me sale nada/decidmleo/fila 2 columna 2/o fila 4 columna 4/2 y 2"
1.0,0.0,1.0,1.0,0.5,1.0,0.5,0.0,0.5,0.0,0.0,0,0,0,0,1,"Fila 3 columna 3 mejor/juego 2 creo/f3 c3/anda esq el juego solo os sale a vosotros/creo q no/jajaja/3/f3 c3/f3 c3?/f3c3 es justo no?/sip/madre mía el A cómo se está forrando jajajaja/jajajaja/jajajaja/la gente escribe un monton, no?/jajaja yo creo que estarán ahi debatiendo a tope/estarán discutiendo jajaja/seguro jajajja/nosotros somos pros :P/una amiga hizo el mismo y discutieron en su grupo/jajajaja/jura/sisi insultandose y todo/esq puedes ser egoista o ser piadoso/esque esta bpensado para que A y F se alíen/peor bueno lo que prefieras/porque estoy viendo que tampoco tienes numeros muy altos en las otras/ya xD/a ver yo aun  confio en que salga la 4 o la 5/XDDDDDD/jajaja/5-5?/va/a ver, lo hacemos ahora a mi favor y en la siguiente al tuyo? esta complicado que vuelva a salirme xD/tu decides/vale/5-5?/yeah/asi da gusto xD/jajajaja/seguro que en la siguiente si no me toca el A me jode que fliiipas jajajaja/jo yo espero que la gente lo este haciendo asi tambien/sin que importe el a/ya, es lo suyo realmente/1-1?/si no?/que mal jajaja/creo que no hay otra rque salga mejor voy a mirar pero si se acaba el tiempo, dale al 1/yo lo veo bien/asi iriamos igual/y la proxima es la ultima, empatamos y ya esta/si, no hay ninguna aqui que te salga mejor/ni a mi tampoco/1-1 definitivo/perfecto/o c3 f3/jajajaa/merjo aun/*mejor/jajajaja/pues ale c3f3/tio que mala suerte la mia, que rabia jajajajaj/jajajaja/a la siguiente sale el 5/tengo un palpito/diooooooooos/y salió el 5"
1.0,0.0,1.0,1.0,0.0,1.0,1.0,0.5,0.5,0.0,0.0,0,0,0,0,1,perdón/ya pero hay desproporcion entre lo que da a f y a c/hay que ver quien da más puntos pero segun el rol/yo he dicho el tres porque esta igual/a veeces da proporcional y otras no/igual que la ronda anterior no?/el A siempre obtiene el doble/que c y f/tiene más puntosd que los restantes/pero eso ocurre en todas las filas y juegos/sale arriba/en las instru pone q a mino/vosotros mandais/fila3 columna3 o fila 4 columna 4/fila 3 columna 3/esq siempre me quedo yo con el que menos..../yaa/es verdad/luego cambiare esto hombre jaja/menudo  rayote/fila 3 columna 3/va/80 que te llevas ahora/sii f3c3/luego nos invitas a unas cañas jajajaj/jajajaja yaa ves/eso esta hecho jaja/30 secs/ya nos sobra hasta tiempo/y fastidien a C/:(
1.0,1.0,0.0,0.0,0.5,0.0,0.5,0.0,0.5,0.0,0.0,0,0,0,0,1,"jajajaja/pero sois buenos/2/en realidad lo que estaría guapo es que las tablas fueran diferentes para cada uno/y así nos rallaríamos a saco/f3c3, como siempre jajaja/jajajaja/o que A no sepa el juego/discutiendo y todo/claro/y tenga que fiarse de uno o de otro/Pues si/si esque yo pensaba que no se podía decir el juego/Mas dinámico.. por lo menos/42432/perfectooo/40 pts para cada uno/es nuestro mejor empate/el mejor para empatar xD"
1.0,0.0,1.0,1.0,0.5,1.0,1.0,0.0,1.0,0.5,0.0,1,1,0,0,0,"yeeeeeeeah/los otros son 32 o 36 ajaja/a se va a llevar mucha pasta de esto jajajaja/ya ves/la cosa es que alguien que le quiera joder tendra que joderse a si mismo tb/esta muy bien pensado/rezo por ser a despues/y yo jajajajajaa/hola/holaas/como has jugado antes?/como c/empatando o alternando?/ui jajaja/yo f tb como antes xD/alternando/y alguna empatando/por fiiiiin/jajajaaja/muy fuerte lo tuyo JAJAJAJA/jajajajaja/bueno c5 f5 no?/siii/pura chorra, y encima has quedado bien y todo/ah bueno/hay que buscar una fila donde a los restantes nos den mas/el c3, f3/juego?/da 40 a cada uno/mirad el juego 2/el resultado de A/f2 c2/es la suma de f y c+/ya lo sé ya/en todos es la suma/la verdad que el juego esta descompensado/en el juegoi 3/porque el A siempre gana mas que los otros participants/ya/okk/vale/el F va chetao/fila 5 columna 5/fila 2 col 2/jajaja/ajajaj/to pros/jajaj si/veas/en la siguiente no decimos juego, vale?/pero esto es un poco caca/jajajaja no fastidies/venga/para darle emocion/que la liaremos/jajajaja/JAJAJA a ver que sale de ahí/vava, sin que lo osepa A/es que ni si quiera merece la pena que gane aqui xD/pero si en la 6 vemos/jajajajja la verdad que esta muy pensado esto para cuadrarlo/si, si te fijas estan ordenados los cuadros y luegos/jodereeeeeeeeeeeeeeeeeeeeeeeee/ay me sabe mal ://tienen que salir 4 y 5 en algun momento/a ver me da miedo que al llegar a la 6 no pueda compensarse tb/tendria que salir justo en las siguientes la 4 y 5/pues lo miramos al 4 por si acaso/hacemos 1 1/y ahora cuando salga la suma miramos/si la proxima es 1 o 2 ya te lo damos a ti/ooh sii/jajajja/jajajajaja/grasias grasias/gana mas el c/por ejemplo/no veis que tmb hay numeros en negativo?/qué cojemos en este juegio?/yo jugaria como antes y ya esta/juego 4/vale/f y c?/y que fila o columna?/c3 f3 cómo antes?/vale/jajaja/q dices C/y 3 y 3?/me parecen bien/esq a mi en 4 y 4/y a A/nos dan mucho mas/os digo esa para q mireis/a ti en 3 yu 3 solo 3 mas/valee/si/3 yy 3 no/fila 3 columna 3/lo mejor para todos/justo la acabo de ver/el A se va a forrar jajaja/q rapido/siempre pilla 80/algo cambiara digo yo/sino q chollo jajaja/nnono/yo gato 10 mas y c gana 10 mas/es como las mas rentable/yo gano menos/en f4c4 gano 3 menos/a tiene el poder de decision/yya he ganado menos la primera ronda/f3c3/yo apuesto por f3c3 que es justa"
1.0,1.0,0.0,1.0,0.0,1.0,0.0,0.0,0.5,0.0,0.0,0,0,0,0,1,esas son mis opciones/madre mia esque no hay ninguna combinacion que yo gane eh?/o empato con F o pierdo mogollon/menudo juego/quiero reclamar/jajjajaja/con f4c4 no poierdes tanto/no se que juego es jajaja vosotros decís/ya en verdad no/sino cojo el justo/pierdo solo 3/f4c4?/si/bien por mi/vale/y ganais mas vosotros
1.0,0.0,1.0,0.5,0.0,1.0,1.0,0.0,1.0,0.5,0.0,1,1,0,0,0,"era el juego 5/va/42370/ok/hoy  no es mi dia xDDD/tu tienes 110 y yo 194/vamos a empatar/si?/si quieres hacemos 5 5/tengo que elegir entre 40 o 46/pierdo 6/tu ganas bastante mas/empatemos, no me importa/tambien es verdad/bueno vale/tiene que venir  yaaaaaaaaaaaa/pero a partir de esta ya compensamos/seee/en 2 rondas acabamos/sii/paara coger ese cogemos el juego 3 que nos da mas/yaa/asi ganamos 40 40 y80/e suq esolo es del juegoi 4/el juegoi no se puede elegir/j3, c3,f3?"
1.0,0.0,1.0,1.0,0.5,1.0,1.0,1.0,1.0,0.5,0.0,0,0,0,0,1,"coge j5 f5 y c5/pero en ese caso el c gana la mitad/ya ves.../vale vale/entonces j3 f3 c3/40 40 80/sí+/más justo/okey/tu cuanto mas ganemos nosotros mas ganas tu/ah sii/?/claro fijate que es la suma de las nuestras/ahora 40 yu 40 80/hostia paco/cierto/q sagaz/fila 3 columna 3?/otra vez. esto.. jaja/es verdad/vale/f3c3/perfect/4/f3c3/?/opino c4 f4 por los mismos motivos de antes, pero la mas justa seria f3c3/en las primeras dos rondas he ganado mucho menos que vosotros dos/C tiene razón/si/me debéis pasta/jajaja/f2c2 podria compensar/f2c2??/F te parece bien?/a ciegas/va/pero que no os descuente/igual, f4c4 o f5c5/lo que digáis/y vuelvo a palmar 3/jajaajaj/yo voto ahora por la justa/o f3c3/hola, ¿cuál fila vas a elegir?/voy a elegir f4/AL FIN/bieeeen/MI MOMENTO/jajajajajajaa/HA LLEGADO/5-5 je/al final tenia que salir algo bien jajaja/te saco 60/elegimos pues 5-5?/si/has contado puntos?/si elegimos 5 5/tu llevaras 246/perfect/y yo 274/va/a ver cuanto nos pagan/la que menos se lleva yooo/jaaj/jajaja/a ver si vuelve a salir el 5/el A tela../pues si,, el A sin hacer nada se lleva más/eso que siempre salen 1 2 y 3/vuelve el 5 ahora/JAJAJAJAJAJAJAJA/jajajajaja/despues de esta ronda hay nueve mas?/o se termina aqui?/no creo/ni idea/pone 9/9/somos los mismos que antes?/c3 f3?/sí/sí/sogo diendo el C/c3 f3/joeeer pos ya hubieran podido cambiar los roles.../sigues siendo el a?/siii../qué hacemos entonces/lo mismo/?"
1.0,0.0,1.0,1.0,0.0,1.0,0.5,0.5,0.5,0.0,0.0,0,0,0,0,1,cómo antes lo mas proporcional/asi todos igual?/sisi/siempre igual jajajaja/que rollo/en principio bien/igual ara resta jajaja/no creoooo/es exactamente lo mismo/esto es asi 1 h y media?/lo que no se es xq lo dividen/en dos partes/si no hay diferencia/algo habra jaja/2  y 2?/okey va/que asi te danb mas a ti/f3 y c3/vle/o a lo mas justo?/lo que pasa esque en este juego no gano apenas nada más y os fastidio mucho al resto/o f4c3/prefiero lo justo/y en el siguiente lo intentamos otra vez/como queraois/yo haria f3c3/Vale.. pues entonces f3c3/y en el siguiente vemos/3/he roto la hoja sin querer jajajaja
1.0,0.0,1.0,1.0,0.5,0.0,1.0,0.0,1.0,0.5,0.0,0,0,0,0,1,"que en el primer juego ya he ganado el que menos/me van a hacer pagarla/jajajaj de la emoción/seguro/tal cual/jajajaaj/te van a descontar 5€/el boli es gratis/¿te parece bien que escoja c4?/o c3?/elegiré c3/lo que prefieras/podrias haber ganado tres puntos mas/ya, pero c, 20 ,más/que fila vas a escojer?/te parece que eligamos c3 y f3/?/vale/si te fijas, c es igual a nuestra suma/querras decir A/eso eso"
1.0,0.0,1.0,0.5,0.0,1.0,1.0,0.0,0.5,0.0,0.0,1,1,0,0,0,"f3/o f4/f 3 mejor/c3/a ver si a la proxima ya igualamos :)/jajaja see/y si no pos tampoco pasa nada/pero mejor/oleee/5 5/sacamos 5 y 5 y la ultima para ti?/perfecto/no la ultima empatamos/ah claro/con suerte sale la 3/Dime que lo ves o algo/enserioooooooo/nono/pura intuición/muy heavy lo tuyo/jajajajaa/pos siempre lo mismo/para el f y c/vale/que es lo que mas puntos da/sí/juego 3/c3 y f3 no?/sí/okey/si/el A se podria repartir/o cambiar los roles/la verdad que sii/al inguak es un fallo/si no , no entiendo que funalidad tiene/las negativas entonces no se cogen? porq te restan vale/pero entonces esto es muy chorra no?/nono ni de coña ajajja/o me lo parece a mi/si/algo hay nano jajaja/es siempore igual/si../muy extraño/luego nos dan 5 euros y ale pa tu casa/f3c2?/por equilibrar yo diria f1c1/vosotros diréis/yo en f1c1 casi no gano/que F ha ganado como 60 más que yo en las dos primeras rondas/f2c2 esta mas igualado para los dos/Lo que queráis los dos/:D/jajajajaja/C llevatelo/Por la putada/me daran el sobre con una nota: tienes 5 euros menos por los desperfectos/jajajjaa/y un ordenador/Exacto/por las molestias/Aunque no valdrán mucho jajaja/jajajajaja/JAJAJAJA/algo hace :·/:3/c llevate el boli/para wallapop/Es lo que te iba a decir/menos mal, me ahorras tener que explicartelo/f2 c2 jajajaj/pues eso, ahora elegimos el 2/esque en la anterior nos ha costado darnos cuenta/igual/f3 c3 no?"
1.0,1.0,0.0,1.0,0.5,0.5,0.5,0.0,0.5,0.0,0.0,0,0,0,0,1,"como el de antes, c3 f3/si/pues que tal? Te has acordado de coger paraguas?/no/Yo no y me he chopado/jajaj/mal vamos tomando decisiones/he aparcado lejos/vale sii/luego si averiguamos quien es, que nos pague 2 birras y au/jajaja ea/c3 fc3?/c3 y f3?/perfecto/seguimos con c3 f3?/si/pero en otras rondas podriamos cambiarnos en plan seleccionamos para que obtengas la mejor pubtuacion para ti/y ala siguiente ronda la mejor puntuacion para mi/para ir ganando mas nosotros, sabes?/sii/pero bueno esta c3 f3/también lo he pensado/en la siguiente lo hacemos pues/perf"
1.0,0.0,0.0,0.0,0.5,1.0,0.0,0.5,0.5,0.0,0.0,1,1,0,0,0,c1 f1?/la que mas te beneficia a ti es esa/sii/a la siguiente buscamos una que me beneficie a mi?/luego miramos la que más a ti/te juro que he pensado que volvia a salir... jajajaja/jajajajajajaja sii seguroo/lo juro/aaahhh okey/nosotros tenemos que decirle que juego es/pero da igual que ponga 1 que 2 que 3/y el toma una decicsion dentro de ese juego/vale/juego 2/juego 2/enserio la tarea del rol A esta sobrevalorada/encima que no ve el juego gana mas.../jajaj ya ves/eres el de lla toma de decisiones/fila5 y columna 5/A no tienes hora no?/noo/me gustaria saber q nos estudian con esto/hola
1.0,1.0,1.0,1.0,1.0,1.0,1.0,0.0,1.0,0.5,0.0,1,1,0,0,0,"hola/a cual vas a coger/puedo preguntar cual ha tocado?/o elijo yo?/elige fila y columna/en el juego 3 la mejor es la fila y columna 3 no?/coge fila 5 columna c5/Del juego 3?/sí/Perfecto/nan/como querais/1/ahora para F/f5c5/bien por mi/vale/f5c5/auque no sé si nos sale rentable esto eh? si hubieramos amarrado tendríamos 32 en las dos rondas/jajajaaj/y la siguiente para c, pq A siempre gana mas/3.3/valep/ya lo sabias no?xD/el A que tendra que poner?/sii jajajaj/esperemos que ponga lo mismo/de momento lo esta poniendo/3.3/sii,/la ultima yaaa/creo que en esta ronda el A le pilló el truco/ya ves/porfin/sii en esta lo ha hecho bien/1 minuto/q especifico/a/jaja/o/jaja a/hola/estas?/Si/perdona por la de antes he estado lento/selecciona la 2/sugiero hacerlo de forma que seamos los dos quienes ganemos/yo voy a seleccionar exacto/que vas a seleccionar tu?/2/y si seleccionamos los dos/la 3/asi no gana tanto el a/listo/la 3 yo/y la 3 tu/no/40 para cada 1 esta bien/a ver dime que sugieres tu/nan/esa/listo/okey/3/puedes elegir la 5 en esta/Selecciona la 3 y yo la 3/y cuando salga una en la que puedas ganar tu mucho/yo le doy a lo que tu pidas/listo/escoge la fila 1/okey/por la de antes/ok/Ahora te digo algo despues de esta/la 3/Nos sirve buscar mas el equilibrio/ganamos mas/si/listo/3 tu y yo 3/la 3/3 otra vez/listo/3/la 3/Estas de acuerdo?/podemos sacar mas partido si yo escojo la fila 4 y tu la c4/y luego yo te la compenso en la siguiente/pero si no estas de acuerdo/la 3 otra vez/la 3/okey/la 3/La 3 nuevamente/Te parece bien?"
1.0,0.0,1.0,0.5,0.0,1.0,1.0,0.0,1.0,0.5,0.0,0,0,0,0,1,"estoy pensando/3 y 3/Es la mejor alternativa para los dos/a mi me interesa mas la 4 y 4 porque tu solo pierdes 3 que no es tanto/Mira me dicuenta de algo/sorprendeme/cuando es juego 1 nos sale mejor jugar a mi favor y cuando es juego 5 es mejor jugar a tu favor/si/lo se/en el resto es mejor jugar equilibrados/bueno/hacemos asi/si te das vuenta en el juego 2 y 4/en esta juega 1 y yo juego 2/tu tienes mejor prbabilidad que yo en el 2 y yo en el 4/mira/fijate/cuando pone 80/si dime/para 4/hola/has elegido ya la fili?/es donde mas se gana/tanto como para uno como para otro/para A/no entiendo/fila/he escogido el juego 2 ,fila 1 y columna/1/1/buenas*"
1.0,0.0,1.0,1.0,0.0,0.0,1.0,0.0,0.5,0.0,0.0,0,0,0,0,1,"otra vez el 2..cual vas a elegir?/si,fila 3 y columna 3/perfecto/;))/cual coges?/juego3 fila 3 y columna 3/okey/es el que mas compensa/exacto/logico fila 3 columna 3 es la mejor/juego 5,fila 3 y columna3/exacto jaj/jajaja/que fila/qye columna/en este juego?"
1.0,0.0,1.0,1.0,0.0,1.0,1.0,0.0,1.0,0.5,0.0,0,0,0,0,1,"noo/en todos los juegos/en el 4?/salimos ganando/si siempre hacemos que el jugador A/gane 80/En este lo mejor es 3 y 3 porque equilibramos/no importa/okey/dale 3 y 3/el 3-3 no?/si ,lo que pasa esq antes puse lo que te dije y me salia otra fila xD/a mi igual/yo puse 3 y salio 1/Será porque el A lo habrá cogido/porque necesitamos/a ver/te lo explico aqui 3 y 3/ok/pero quiero explicarte lo anterior/dime/si te fijas la lo que se lleva el jugador A, el de la fila en rojo/siempre es la suma de lo que nos llevemos tu y yo/lo maximo es 80/si en una decision cogemos entre tu y yo menos de 80 uno de los dos esta perdiendo posibilidades/si, eso es verdad pero necesitamos maximizar nuestros puntos, no nos afecta si a el le va bien/puede ser/3,3?/sii/estaba claro jajaja/ya ves jaj/el A se estara forrando/jajaja/sii y nostros/as siempre menos,,ajaj ,pero bueno algo es algo/eso te iba a decir algo es algo/jaja/por cierto eres chica o chico?/el 3-3 no? jajaja/sii/otra vez el 4/3.3/3.3/jajajajaja el 1 no sale ;(/es el que mas positivos tiene ,pero los valores son pequeños/es una forma de ,maximizar/claro por eso/Ahora si/3 y 3/Explicame que se corto/se trata de que si el se lleva 80 es porque entre tu y yo lo hemos aprovehado todo si escogemos 3 y 3 aqui/estamos perdiendo 8 puntos entre los 2/Por que ?/jajajajaaj/es complicado de explicar por el chat/si eso luego te lo explico fuera/pon 3 y 3/eso si/3.3/perfecto el A sin hacer nada se va a llevar el triple jajaja/en la de antes habias puesto la 2?/en el de antes hemos puesto lo mismo,pero paso lo mismo que en el juego cinco que nos salia negativo y es pq el A seleccionó ese/sorprendeme es el 3.3???/sii es el mas proporcional/si porque los otros o uno tiene muchos y los otros nada o al reves/exacto/3.3/okey/3.3/3.3/si ajaj/en los anteriores salia otro que no habiamos escogido pq el A escogió uno diferente/Listo/sbabes una cosa/dime/aqui juego a tu favor/creo que les he pillado el juego/5 y 5/no hay jugador A/como es la cosa?/es la maquina el jugador A/puede ser/lo mas seguro/si,pq me lo dijeron/3.3/sii/no salimos del 3.3 eh jajajaja/ya ves,es un poco repetitivo/sii la verdad es que si/3.3/3.3/3.3/sii jaj/pasa un poco lento no?/bastante lento,/la gente contesta rapido../o eso creemos,xD/se oyen los teclados/y ratones jajaj/jaja hablando para quitar el aburrimiento/jajajaj eso si/como nosotros/Por eso a mi no me importa el A sino maximizar nuestras ganancia/es posible eso/esta hecho para que te fruste que siempre gane elm A/somos pares/si esto fueran trios estaria cojo/pon 5 y 5 si/Exacto/jsajjajajjajaja/que listos son los de lineex/3 y 3"
1.0,0.0,0.5,0.0,1.0,1.0,0.5,0.0,0.5,0.0,0.0,0,0,0,0,1,"jajaja/3.3/que raro/jajajaja/ya ves ,porfin ha cambiado/nos llevaremos mucho o que?/7 ya/queda  poco/solo 2 rondas/yes/lo del jugador A lo hacen para ver si te picas y quieres que el rico pierda pasta/Quizas eso es/pero de esa forma tu tienes que perder pasta/Era lo que te decia en un principio/a mi no me importa A/ya/sino que ambos ganemos/exacto/Esto se llama juegos de cooperacion/pero cuando escogemos 72 hay 8 puntos que se podria llevar uno de los dos/pero que da igual 8 puntos no son muchos/3 y 3/Estas ahi ?/a mi me viene mejor 4 y 4"
1.0,1.0,0.0,0.5,0.0,0.5,0.0,0.0,0.5,0.0,0.0,0,0,0,0,1,"y luego en el juego 2/te vendra mejor a ti 4 y 4/miralo/pero si no te fias/ponemos 3 y 3/okey/Mejor 3 y 3/Aqui nos favorece jugar a mi favor/seria 1 y 1/okay/o q beneficie aalguien?/3,3?/ajaja/me estais rallando/lo q digais/quieres 3,3/2/c2 f2?"
1.0,0.0,1.0,0.5,0.5,1.0,0.5,0.0,0.0,0.0,0.0,1,1,0,0,0,"a tiempo para comer jajaja mas o emnos/ahh no sabia/pero bueno depende de cada experimento/es la primera vez que vengo/antes ha sido f más/juego 3/bien bien/ahora que f gane más, no?/3,3/ganamos todos/si/3 y 3/voy a ser buena, así que no me engañeis jaja/o 4,4/noo/para compensar pero entre 40 y 43/que en ese me llevo yo menos"
1.0,0.0,1.0,1.0,0.5,1.0,1.0,0.0,1.0,0.5,0.0,0,0,0,0,1,"en la proxima que sea 5 a tu favor/lo que trato de explicarte esque en el juego 2 a ti te viene mejor porque ganas y es 2 y 2/y en el juego 4 yo gano mas si es 4 y 4/tu miralo/okey ponemos 1 y 1/si tienes razon/En la proxima hagamos eso/pero no se va compensar esta ronda/listo en la otra/a no ser que en la siguiente ronda salga el juego 5/3 y 3/si/va/que me lo quitan de las manos/jajajja/1, 1Ç?/no/igual/lo que querais/luego cambiamos/pues 3,3/no te cabrees e jaaj/no hay problema/yo soy comprensiv@/jaaajajj/pues 3,3/me lo dice mi novi@/y lugo 5,5/imaginaria/sii/si/oke/okey*/el A se forra/siempre jajajajaj/Un golpe de surte/suerte/4/ahora c4 f4 no?/Ey C/si/a ti y a mi se nos esta quedando igual todo el rato/Valee/me sacrificaré otra vez/jajajaja/te estas dando cuenta cuando sale el global?/se compensa si seguimos asi/siii/buah hemos dado con la buena eh jjajajaja/Lo puntos que os quitan en unos, se regulan en la siguiente ronda/que crema"
1.0,0.0,1.0,1.0,0.0,0.5,1.0,0.0,0.5,0.0,0.0,1,1,0,0,0,"pero no tengo la compensacion/para la proxima ronda cuando salga un juego 5 jugamos a tu favor/de la ronda anterior/no hay mas rondas/Es decir te queda uno para la proxima ronda/jajajaja/f4 c4/5/jajajaja/1/juego?/1/perf/3,3/como renta ser a/mejor 3 ,3/en plan/ganamos mas/como son 9/exacto/valee/3/jajja/ahora si 5,5 y a casita/volví a ganr/me has adelantado/ziii/:(/yo a la biblio/:)*/jajajajaj/si si/tal cual/jajajajjajaa/ya veremos lo que sale de aqui/1/f3 c3??/si/creo q si/si/perfect!/jajajaja/ultima ronda/el 3"
1.0,0.0,1.0,1.0,0.0,1.0,0.5,0.0,1.0,0.5,0.0,0,0,0,0,1,"A por la última!!/para terminar bien la que mas nos llevamos xd jajaja/f3,c3?/Vosotros mandáis!/si/sabes/la compensacion no se puede hacer/pero no te preocupes/dejame y reviso/dda igual/si la quieres compensar/tednrias que poner 5 y 5/podriamos poner uno que nos beneficie a los dos/De acuerdo/en una mas a ti y en la siguiente mas a mi/vale/5/f3c3/si yo pensaba eso tambien/creo que he sido bastante parcial/sisi/c?/si molt/no opina/ah vale/1/juego 1?/si/que opinais de f2 c2?/nan/f3 c3?/le quito 3 al f que luego se lo doy/asi gana el c 11 mas/ganas toa la pasata/jajajaja/pasta/pero q luego no creo q sea asi jajaja/3 bloques de 3/donde una vez favorezca a uno/otra vez a otro/y luego iguales/esas matemáticas jajaja/y vuelta a repetir/jajajajaja/einstein es mi apellido/jajajajajja/yo a lavar el coche/rt F/y a merendar"
1.0,0.0,1.0,1.0,0.0,1.0,0.5,0.0,1.0,0.0,0.0,1,1,0,0,0,"ajajja/ea/al poli/estudiar es para covardes/jajajajaj asi estas tu/cobarde con b/jajajajaj/eh/jajajja/que están al lao/no pasa nada es comprensivo/okiis/genial/f3 c3/sii/Ahora sí, un placer!/igualmente gente/igualmente jajaja/juego 2 fila 1 y columna uno ganas 50/yo 22/en la siguiente pones una donde gano yo mas/al final no he sabido a cual darle y has salido beneficiado/a tu/esto ha pasado m,uy rapido/que va te han dado mas a ti/yo 22/tu 44/creo que todavia no se mirar muy bien esto/pon 5 ahora/creo que nos llevamos bastante los dos/fila 5 columna 5/si/yo 10 y tu 38/quien sea a se esta forrando/vale/me parece bien/perfecto/y yo 8 mas/vale/f2 c2 entonces?/lueg se reparte mas al f/pues luego veremos las siguientes para darle eso al f/siiii/si f2 c2/2/2/ahora creo que lo mas justo es f3 c3/porque si hago f4 c4/para darle las 3 a f/c pierde 11/que opinais?/que tienes razón"
1.0,1.0,0.0,1.0,0.5,0.5,1.0,0.0,1.0,0.5,0.0,0,0,0,0,1,"f3 c3/3,3/bueno/aunque es aleatorio/que te quiten lo bailaó/jajajajja/exacto/pero no lo uso por la fama/ya os imaginais/ajjaja si claro nos lo imaginamos/jajajaj te entendemos/asias/4/4/te gané/jajaja/jajajaja q pique/vamoh a calmarnoh/jjajaja/bueno un placer jugar con vosotros/!!/lo mismo digo/caras anchoa/estudiad en la recta final/;)/ya veo/yo voy a poner 4/ganas 30/yo 33/yo cual pongo/4/vale/3/3/f es el q menos gana siempre no? :(/creo que si/f3 c3/porque las demas pierden 2 para ganar uno/y los que pierden pierden mucho comparado con lo que se gana/pensais como yo?/ya.../si/f3 c3/vale/perf/lo siento f jajaja/a ver por mi 11/1,1/pero si f quiere 3,3/pues 3,3/yo no quiero malos rollos/jajaja tiene q tener algun sentido/jaajja 3,3/a ver/1,1?/q beneficie a c otra vez ?/seguimos patrón/si/sii/1,1?/ea/entonces va a ser siempre 1,1    5,5,    3,3?"
1.0,0.0,1.0,1.0,0.5,1.0,1.0,0.0,1.0,1.0,0.0,1,1,0,0,0,"mas menos/si/que habil/:)/jajaja/si siii/:)/que pringao esl tio ese/es el juego 2/pero tiene q poner juego 5/eso es el a/no lo decidimos/tenias q poner 4/encima me resta/y ganabas 30/espera y busco/:(/trsitesa/tristesa/estamos contigo f!!!/#prayforF/je suis f/jajajajajajaja/me parto/jajajaaja/4/4/este es el tuyo f/nan/f4 c4/tooooooooooma/pierde 3 c y tu ganas 11/lo siento c :(/asi igualamos/si me parece bien/juego de equipo/juego 1 y 2/buenos para c/juego 3 igual para todos/mas razonable/manda A/tambn podemos hacer que pierdas pastaponiendo negativos/pero eso es malo/no mola/perdiendo vosotros tbb?/si/jajajaaj/pero tu pierdes más/pero no/supongo/no renta/3/3/te gané/3,3?/ajjajaja/soy más rapida/jajajaj/jajajajaj/5/5/5,5/mierda/me has ganao/jajaja/poned segunda fila/y columna?/c2/vale/es la que mas nos beneficia no?/Si/ponemos calcular?/Qué columna pongo?/f2 c2/los que mas nos benefician a todos son las diagonales/antes te has equivocado/en el juego 3 hay que poner f3 c3/en el 4 f4 c4/Ah vale/depende del juego y eso no esta en mi mano/si ponemos el mismo numero no resta ninguna/cual ponemos?/pon el 5/es el que mas veo/yo 10 tu 38/pon 5 y ves cambiando los juegos y veras/no tu 22"
1.0,0.0,1.0,1.0,1.0,0.5,1.0,0.0,1.0,0.5,0.0,0,0,0,0,1,"me pone/poniendo 3 ganamos 36 los dos/creo/con el juego 4/vale si/ponemos 3 los dos y ganamos en todos/los juegos/vale/lo q cuenta es q no reste/si ponemos el mismo num no resta/en el 3 ganamos lo mismo/pon 3/juego 4 y 5 bueno para f/en el juego 2 debia de haberle vuelto a dar mas a c/5/5/si llego a saber que eran correlativos/donde A gana 80/a la larga es el mejor en todos los juegos/daos cuenta/de esa forma lo que se os quita despues se os da/f5 c5/?/y es donde mas ganais/me seguis?/entendeis=/donde gana 80 A/a gana 80 en f5  c5/es el mejor porque vosotros lo que se os quita en uno se os da en los otros dos/si si/y 72 en f4 c4/a ver si c dice algo/y c solo pierde 3 en f5 c5/me quedaria con 26/pero si luego igualais/si/o rapido/3,3 esta bien/quien sabe/ea/3,3/dale a esa/algun@ le encuentra el sentido?/no/ajajja/nan/a que?/a la vida?/es una investigacion/jajajaj/a ver/jajajaja/si/ahora f/elegimos 5, 5?/si/hablad de algo/que queda un minuto"
1.0,1.0,1.0,1.0,1.0,1.0,1.0,0.5,1.0,0.5,1.0,1,1,0,0,0,"ponemos fila 2, columna 2?/vale/es lo que más nos beneficia a todos por igual/si/juego 3/c3,f3?/si/si/es lo mejor para todos/eh jugador A te vas a forrar a este ritmo jajaja/ya ves jajajajaa/Luego os tocará a vosotros jajajajaja/la cosa es no engañarnos y nos ira mejor a todos/5/c5,f5?/juego 5/si/perf/pon el 3 y ganamos lo mismo/32 cada uno/me parece bien/pon 3/36 a cada uno/ok/3/y ganamos 40/ok/3/es que no sabiamos que era correlativo/claro/por mi bienn/por eso lo digo/vale/f5 c5?/pues f5 c5/correr/ahora debe de salir 1 y 2/corred/que gana c/2/2/c2 f2/si/ese f2 c2/f2 c2/si correcto/si nos hubiesemos dado cuenta lo hubiesemos clavado en todas/pero tan tontos no somos/la cosa es analizar nuestros comportamientos/siempre elegiras el q beneficie a todos/en plan/en todas 3/cooperar para el bien de tosdos/en todos los juegos/o ir a por el beneficio personal+/la eeleccion de 3,3/es la q mejor le conviene a todos/y eso se ve a través de nuestras elecciones/pq podemos ir a hacer daño/ajajja os fastidiaria y me matariais/nada nada/no/4/4/jejejeje/jajaj/3,3/3,3 en todos loss juegos es el que es igual para vosotros/si/jajaja/arriba a la derecha pone el tiempo/no lo hbai visto/jajajajaaj/hace mucha calor no?/jaaj/un poco/Cuál es el juego esta vez?/vale/c5 f5/5/lo pone arriba/si si, no lo había leido en el chat jaja/va chavales/vamos bien/A por todas!/el A sigue forrandose/A siempre es el que mas gana/ammmmmms"
1.0,0.0,1.0,1.0,0.0,0.5,1.0,0.0,1.0,0.5,0.0,0,0,0,0,1,"Decidme/f1,c1?/1/si no?/si/ganamos 36/si/3/ok/como siempre no? \q3\q jaja/si jajaja/es como la mitad/pero el a se forra/me he dado cuenta que si los dos ponemos valores 3 o 5 ganas tu, y si ponemos valores 1 y 2 gano yo/4 o 5 perdon/yaa/creo que se como funciona/si yo cojo las que me favorecen a mi (1 y 2) y tu eliges las que te favorecen a ti (4 y 5) SI EL JUGADOR a elige juego 1 y 2 me favorecera a mi y si elige 4 o 5 as ti/pues el 3 ganamos lo mismo y en pau/si/el A siempre gana en la mayoria de casos mas que nosotros/q cabron/3/sip/cual pensais que el mejor para seleccionar?/ya../pero no estan saliendo seguidas/antes si/antes no ha salido 5?/han salido del 1 al 5 seguidas/ahora 2/no me acuerdo jjajaja/buena esa/jajajajaja/4/4/f4 c4/si/ahora es al reves que antes/lo que ha ganado c lo gana f y viceversa/ya le hemos pillado el truquillo/f y c repartiendo y a no baja de 72/en las siguientes saldran el 1 y el 5/f4 c4/y cual quieres c=/f1 c5?"
1.0,0.0,1.0,1.0,0.5,1.0,1.0,0.0,1.0,0.5,1.0,1,0,0,1,0,"esa esta bien/solo digo eos/1/3,3/es el q mas nos conviene a todos/o a ver/ya ni lo decidimos no? jajaaj/tam,bn podemos ir en plan/ese todo el rato/cada vez uno/yaa/a sacar pasta/imagina/en juego 4 siempre/quedan 2 rondas/nos arriesgamos?/yo ahora digo 1,1/molta calor/yo estoy muy acalorad@/el viernes examenes y yo aqui sin estudiar/jaajjaja/esa es/aajajjajaja/yoo tuve uno hace 2 horas/2/2/Si/aunque este no me renta mucho pero bueno jajajja/si queréis cambiamos, todavía quedan rondas/me solidarizo con vosotros/jajajajaj/f3 c3 es mas igualitaria+/pero no os renta/juego 3/no cambies en el ultimo momento/que poneis?/ponemos*/vamos a seguir como antes mejor/Vale/c3 f3/por mi no hay problema/oki/4/c4,f4/que juego ha sido seleccionado?/el 2/el 3?/vosotros sabeis que juego ha sido seleccionado/decidlo y decidimos/si, ha sido el 2/juego?/otra vez 2/he de intentar ser parcial al repartir/la fila la 4 no?/si,todos deberiamos serlo/f3 c3/1/f2 c2?/ahora f1 c1/que es igual que en 5/ah si/hemos puesto f5 c5/o que opinas c?/no te gusta tampoco?/jajajajaj/perfect/si me gusta/entonces cual?/solo digo que a gana mucho o gana mucho/f1 c1/que en la otra habeis cambiado e ultima hora y casi no me da tiempo :(/valee/ya/que no es tu culpa/pero es la suerte de ser a tambien/yaya"
1.0,0.0,1.0,1.0,0.5,1.0,1.0,0.0,1.0,0.5,0.0,1,1,0,0,0,"el siguiente juego creo que es el 5/3/claro/y tu f dices en la siguiente 5,5/esq qedam dos rondas/y el siguiente q beneficie a f?/vale/pues como veais/pero i si no sale/a mi 1,1/a f 5,5/pues 3,3/3,3/jejejeje/gané/jajajaj/jajajaj/soy rayo mcqueen/eres mas veloz/con l@s q estaba antes igual/jajajajaj/ligero como una moto/piquee/potente como un camión/3,3/veloza*/pues yo he ehcho esta mañana un examen y he suspendido/jajajajaja/ya lo sabes/entonces c4, f4?/valee/4 otra vez/estoy saliendo muy mal parada!!/vale/por?/tengo menos puntos siempre/a ver hay otra opcion que me he dado cuentaç/lo mismo, o cambio?/si ponemos en todas siempre c3 f3/A gana un numero y yo y c ganamos la mitad de ese numero/siempre/pues ponemos ese ahora?/o cual?/vale/y tu y yo c siempre ganariamos lo9 mismo/te pinta?/me pinta/Así es mejor,no?/juego 5/veis mejor lo de siempre c3 f3?/es la mas parcial/vale/juego?/juego 3/nan/3/por hablar/jajajaja/f3 c3?/si/si no?/si/si/pues adelante/hasta que no se acabe el tiempo../el siguiente juego 5/?/y fuera problemas/esque como qedan dos juegos/sois aversos al riesgo eh...."
1.0,1.0,0.0,1.0,0.5,0.5,0.0,0.0,0.5,0.5,1.0,1,1,0,0,0,"jajajaa/4/ahora q beneficie a f/:)/elegimos ahora 5,5/ahora a por f/5,5?/?/te doy el pesame/de que era?/tu profesor si q es rapido/jajajajaja en los suspensos si/el mio tambn se la nota/micro/que era estadistica tipo test/f3, c3?/si/Por mi si/pues ese/yo esque no me habia fijado pero si es siempre repartido por igual/última ronda juntos chavales/mejor tarde que nunca/jajajaja/jajajaa/ha sido un placer, suerte/Igualmente :)/:)/3/f3 c3/creo que es el mas parcial/f2 c2 no es mejor?/si el juego es el 3 la mas es f3 c3/vale/sisi/pues esa/si/vale/no sobra casi siempre/jajaja/nos*/aqui la peña escribe mucho jajaj/ya/quien puede puede/jajajajajajaja/me estoy emparanoyando jajaja/porque escriben mucho/ya/todo el mundo/jajajaja/rollos jaja/que juego ha sido seleccionado?/el juego seleccionado ha sido el 2/que juego?/ni idea/el 2/otra vez/vale/no/?? cual jajaj/si es el dos/a mi me sale el juego seleccionado es el dos/yo tengo que poner aquel q me sume más?/ea/vale genial/5,5/si esto es ponerse de acuerdo/jaajaj"
1.0,0.0,1.0,1.0,1.0,1.0,0.5,0.0,0.5,0.5,0.0,1,1,0,0,0,"eso/sii/jajaj/molaria saber q significa/el q?/la siguiente 3,3/sii/el sentido de todo/si lo dije antes/jajaja/de la vida/naajaj/te lo repito?/es q no le veo la lógica si es ponerse de acuerdo y au/noo/problemas/micro es facil eh/jaajajja bueno.../9,5 de media/en ingles es mas chungo/dios/en la vida/4/4/aishhhhh/juego 1/Hola otra vez/hola/hola/c1,f1?/tenemos que poner todos lo mismo para ganar mas/no se si os habeis dado cuenta pero c +f=a/siempre/vale/ponemos c1,f1?/juego?/juego 5/juego 5/f2 c2?/o f3 c3?/la primera ronda he favorecido mas a C/ahora si quereis favorezco mas a F/para igualar/y que elegimos pues?/y luego seguimos igualando/f4 c4/y luego seguimos como las anteriores/f3 c3?/es que la primera al no saber como hacerlo he favorecido mas a c/ahora/como ya he igualado/1/no/y ami/tienes que poner el que te salga/a mi también me sale/pero la fila y la columna/nose/si/algo tendra que ver/es que en otro lineex tambn era asi/uno que vine/5/5/je/je/je/3,3/3,3/igualdad para todos/y bueno es la última/ahora cambiamos de grupo/un placer jaaja/:(/q toca 1,1,?/1,1/buah quiero acabar ya eeh jajaj/si/quedan dos/y a por la pasta/la siguiente 5,5/pa ahogar las penas del suspenso"
1.0,1.0,0.0,1.0,1.0,1.0,0.5,1.0,0.5,0.5,0.0,1,1,0,0,0,"jajajajajjaja/y la otra 3,3/no?/y si siempre ponemos c3 f3/f yt c ganaremos lo mismo siempre/es verdad!/lo que digais/pero rapido/yo voto c3 f3/pues c3 f3?/perf/antes lo he hecho asi siempre y hemos ganado bastante/yo tambien he hecho eso antes/juego 2/ahora es el 2/Así es más justo creo yo/si/bastante más/con f2,c2/ya eligo siempre igual/os parece bien no?/juego 1?/si/si,claro/c3 f3/os parece?/sii/pues c3 f3/3/juego/pongo la que quiera/elegimos columna 5 y fila 5/?/nos ponemos de acuerdo para no perder ninguno/noo/que es negativa la 5,5/juego?/ahora es juego 3/ha sido un placer/ajaj/suerte/||/como el comunismo/igual/!!/un placer/:) a por todas/como chocolate valor/ummm/ahora va otra ronda?/sii/con otras pers/de 9/cuantas rondas hay?/9/18/que va para eso se va de fiesta/si F/sii/mareee/esta tarde una cerveza y se te pasa/o una buena merienda/un bocata de nocilla/ganamos todos mas"
1.0,0.0,1.0,1.0,1.0,0.5,1.0,0.5,0.5,0.5,1.0,1,1,0,0,0,"en esta ronda/cierto/ponemos eso?/vale, pues así/f2 c2/oki/ok/3/este es un lujo/cual ponemos?/valee/c3 f3?/si/si/el 4/juego 4/otra vex f3 c3/si?/lla/uy/si ya f3 c3/si/si/f3 c3/f4 c4/no es mejor?/3/decidimos rapido q nos lo quitan jaja/c3 f 3/ahí salimos ganado/ronda/em plan/nuevqas/en total 18/pq sino nos morimos aquí/de calor/vale/jajaj si/holaa/ye/holaa/que juego es?/es el 1/es el juego 1/3,3?/vamos a ver/ganais los dos/si/pongamonos de acuerdo/ya sabeis el funcionamiento no?/el 3,3/hacem,os cada vez una que nos vbeneficie a uno?/si/tambien podemos hacer eso/como queraiss/ajjaj/con su vasito de leche/ajjajajajajaja/un masaje en los pies/televisión/ajajjaja me voy a un spa/y a seguir estudiando/ufff/uffff/c3 f3/claramente/sii/vale jaja/Somos un buen equipo y no nos troleamos jajajajaj/la guerra sucia es lo peor aqui/perdemos todo/si/todos/se gana mas siendo un buen compañero/jajajaj/4/os renta aqui c4 f4?"
1.0,0.0,1.0,1.0,1.0,1.0,1.0,0.0,1.0,0.5,0.0,0,0,0,0,1,"creo que es mejor c3,f3/f3 c3 es más equitativa/no/porque no es igualitario/vale/pues f3 c3/4/4/pues otra vez lo mismo/f3 c3/yo veo mejor f4 c4/no?/compruebalo/tu si/por mi bn/5 5/yo antes las primearas 4 veces 3,3/probamos/si si y yo/y luego a que cada vez favoreciera a c o f/ya que a es la suma de ambos/yo igual/perf/pues una q favorezca a f otra a c y otra equitativa/pues tiralí martí/pues ahora que favorezca a  C/y asi todo el rato/vale cual es?/por mi 1,1/1, 1./vale si/luego q farezca a f/SII/Genial/y las 4 ultimas si quereis 3,3/pa que sea igual/vale/2/21/2/eso/eso duele/eso duele/1/1/5,5/esa esss/mejor 3,3/al menos estamos entretenid@s/y la siguiente 5,5/de que es el examen del viernes?/hos parece¿/noooo/muchas pistas jajaja/pero lo que digáis/c tu solo ganas 3 menos/es verdad/y vosotros mas/y antes yo cuando has dicho de poner c2 f2 me he sacrificado/vale/corred"
1.0,0.0,1.0,1.0,0.5,1.0,0.5,0.0,0.5,0.5,0.0,1,1,0,0,0,"entonces cuál?/c4 f4/c4f4/okii/pero c no creo/jajaja/pero tu tambien no?/si a el le da igual/por 3/por 3/yo tambien lo veo mejor/pero la diferencia d enosotros es mucha mas/pero al siguiente tendre que favorecerlo un poco a el/entonces/f3 c3?/correeeee/esta bien tambien/no/que sie3mpre soy el que menos saca/jajaja/:(/a vale lo siento jaja/jajajaaj 3,3 va/valee/perfect/perdonad@/por la potestad de dios/juego?/5/5/chico@s F+C=A/lo habbeis mirado?/vale/q?/5,5/que fórmula es esa/que la suma de las columnas es igual a la tercera/vale/jaajjaaj/no se/igual tiene q ver/ahhhh/ajjaaj/a mi me da igual/5 5?/es q bno entiedno nah/vale/antes me habeis elegido/ahora que decida otro/decide a/3,3/el q quieras/?/si quieres 5,5/son iguales f y c/perfecto/o 3,3/una de esass/jajaa/5,5?/si/5, 5 ajaaj/el c es el que tiene los numeros mas bajos/simpre/que racismo/del juego/jajajaj/no seimpre/aaah/en general/mi numero mas alto es 54/el mio tambien/hostia/pues si que estoi enpanado/o empanada/jajajaj/no se ssabeeeee/@/jajajaj se deduce/3/3/eh/igual para todos?/3,3/si"
1.0,1.0,1.0,1.0,0.5,1.0,0.5,1.0,0.5,1.0,1.0,1,1,0,0,0,"yoi tengo la semana q biene/me da igual/siempre el orden/yo la q viene 3/da lo mismo no/¿/que no/depende deñl juego/no pasa na/jajaja/poned lo que querais/5/5/c5 f5/no perdon/c3 f3/si si c3 f3/sii/yo la segunda/jaja/pero por un amigo me entere/lo mismo jajaja/venga el ultimo jajaj/si, el ultimo esfuerzo ya/como supongo que ya no hablaremos ni sabremos quienes somos jajaa  encantada de \qconocerte\q/jajajajajaj/no hay mucho/no seais malos/mejor compensar en otra/comooo?/pero compensar en la otra/por mi 3,3/ronda/vale 3,3/mas equitativo/que llevo menos ;(/juego 2/quien lleva menos?/5,5?/f/es que ahi c pierde mucho/3,3/yo me he llevado 14 una ;(/o 4,4/que yo pierdo pero no son 14/3,3/bien/esta cmpensado y yo pierdo/me parece bien/y de 39 a 42 no hay tanto/cuaa lpues/4,4/sii/juego 3/C4 F4/antes he elegido ese porque habia uno que perdia 3 pero el otro 8/sisi era 2 2/si si/has elegido bien/aqui 4 4 no?/en esta pon 44/so?/igualmente! encantada jajaja/un placer ir en grupo jajaja/jajaj sii/20 seg para el fin/jajajaaja/nan/que vaya bien! y \qhasta la vista\q/jajaja/adioss!! igualmente/ciaoo!/se puede decir en que juego estamos?/ayuda no se, creo que si/que tenemos que escribir aqui? las filas y columnas que tenemos que elegir?/3,3?/si/vamos a intentar que f y c vayan compensados todo el rato no?/es el mas compensado/sii"
1.0,0.0,1.0,1.0,0.5,1.0,1.0,0.5,1.0,0.5,0.0,0,0,0,0,1,"3,3 me parece bien/y a mí/no voy a ser mala de llevarme siempre 80/e intento siempre compensar/buena gente/gracias jaja/juego 1/le toca a c más no?/que llevaba menos/yo he palmado dos veces pero es que f no tiene muchas opciones en ninguna jajaj/3,3 está compensado f y c/decidme o me llevo los 80 jaja/bien/por mi perfecto A/pues 3,3/juego 4/a ver, lo mas compensadosiempre es 3,3/4,4/4 4 clarisimamente/4, 4 que c gana muy poco igual/que asi remonta f/si?*/vale/4 4/queda esta ronda y otra/okey/en la ultima compensamos C?/si tocase juego 1 o 2/mejor calculamos ahora y veremos/que creo que iremos a la par/oksy/se puede usar la hoja que te dan entonces no?/ni idea.../fila 3/columna 2/3/f3/c2/f2/c2/mejor opcion.../si/f3 c3/igualados/ok/f2c2/okey/o/f3c3 y estamos igualados/vale mejor/valee/el a se esta llevando.../f3c3/vale/a se lleva el doble/ya/pero a mi me da igual a/ya/f3c3/me quiero llevas mas/esta por mi y la otra por ti/f1c1/vale/si creo que si/creo que no se puede decir en que juego estamos/f2c2/f2c2/solo puede decidir A no?ç/asi ganamos todos/vale/f3c3/f3c3/vale/si elegimo siempre f3 c3 mejor/f3c3/f3c3/A como sabias que filas escoger si no sabies el juego?/f3c3/si queremos que el participante F gana mas tendremos que elegir otras cosas. no entiendo/A siempre gana el maximo y F el minimo/en f3c3 no/f4c4/f2c2"
1.0,1.0,1.0,1.0,0.5,1.0,1.0,0.0,1.0,0.5,1.0,1,1,0,0,0,"f4c4/f4c4/pero si quereis ir cambiando para que cada vez pierda F o C estoy de acuerdo/uno gana mucho mas de lo que el otro pierde, pierde poco/y C luego recupera en otro/pues 4 4?/vale, 4,4 que yo tampoco pierdo demasiado/perf/okeyy/pero luego me toca a mi eh/juego 5/A te renta 5, 5 y lo sabes jajaja/3,3?/yo pierdo muchisimo pero bueno/c gana/que le toca/tu eliges A/vale/3,3 por mi/c siempre quiere el compensado/3,3?/juego?/1/yo la he utilizado/aqui si cae uno caemos todos.../jajaj/va yo la uso tamb/llevo 329/y tu f'/285 yo/?*/UFF/pues vamos a subirte/podemos hacer C5 F5?/que juego es/JUEGO 5/me sacrfico por el team/juego 5/si?/vale/a la proxima yo/si/entonces 1 1/vale/f5c5/4 4/que tu antes te has llevado minimo 26/y 47 esta muy bien que yo me he llevado 45/vale/okey/pues  4 4/vale/f3 c3/okey/mejor opcion../si no negativo/f3c3?/si/vale/f3c3/no quieres esta por ti y la proxima por mi?/vale va/y ponemos f4 c4/si?/me parece bien/vale perfecto/a la proxima tu/vale/gracias/entonces 4 4/si/f1c1/y aun asi antes te has llevado tu mas/esta mas o menos igualados porque yo ahora me llevo menos/si se hace diferente de a vas a ganar menos/f4c4/solo elige A"
1.0,1.0,1.0,1.0,0.0,0.5,1.0,0.0,1.0,0.5,0.0,1,1,0,0,0,"f2c2/no es mejor f3c3?/si/f3c3/f3c3/f3c3/f3c3/porque no f1c1?/porque entonces yo gano lo mínimo/ganas mas con f3c3/ah perfecto/porque el juego no lo sabemos y es lo que mas nos compensa a los tres/f3c3/Pero como lo sabe el A si no sabe que juego es?/o 2,2/que F solo pierdes 3 puntos/comparado con el otro/o como lo veis?/si luego compensas con F/a mi no me importa/2,2 me parece bien/por mi bien/okey/A es el que tiene que ser bueno con nosotros jaja/juego 5/4,4?/4,4/y compensa a F/vale/o 5,5/yo prefiero 5,5, que ganamos mucho mas de lo que pierde c/vale/pues 5,5/okey/ya compensaremos en otra/okkkey/juego 5 otra vez/podemos c5 f5?/55/exacto/GRACIAS C <3/el 5 5/A gozas/yo no se la de pasta que se va a llevar jajajajaja/menos en la 1a que no sabua como iba esto/pues para comprarse una casa mas o menos/5 5 entonces"
1.0,1.0,1.0,1.0,0.0,1.0,1.0,0.0,1.0,0.0,0.0,1,1,0,0,0,"5 5/si 55/bueno entonces 1 1 ?/venga/vale gracias/3 3/f3c3/igualados a 40/si/si/3 3no?/o si quieres 4 4/y la proxima por mi/como antes/vale 44/vale/y luego tu/si/1 1?/antes me he llevado yo 22/antes te has llevado 29/entonces 2 2/?/y yo me he llevado menos de 54/mejor/tu cuento?/nan/mas igualado/vale oues 2 2/yo 43 antes/ah vale entonces si/2 2/vale, pues 2 2/33/si/vale/3 3 o 2 2 y la ultima tu?/2 2 y a la proxima yo/vale/pues 2 2 entonces/f3c3/f3c3/f3c3/los juegos que quedan por salir son el 1 el 2 y el 4/no/y f3c3 es la mejor opcion/si xq ha salido el de 64 y el de 80 de A/el 4 ya ha salido/ACABA DE SALIR EL 2 O EL 4/DE JUEGOS/con f3c3 ganamos 32 32 i 64/nan/4,4?/o queréis lo mismo?/si quereis poner 5,5 otra vez y en las 2 siguientes si toca otra juego me toca más a mi/porque solo hay diferencia de 3 puntos/bien/y vosotros ganais más/vale pues 5,5/vale/asi hay que pensar/juego 3/3,3/3,3 o1,1?/elige c/3,3 va/pero 3,3 es bastante para los dos/por ganar 6 mas/y para mi/ya, por eso 3,3/os invitare a mi casa"
1.0,0.0,1.0,1.0,0.5,1.0,1.0,0.0,1.0,0.5,1.0,1,1,0,0,0,"jajajaja/ahora hay 9 mas no?/9 rondas mas/puede ser/que/ojala/me parece que si/si/es el mismo/4 4/seguro?/si, se llevan 14 de diferencia como antes/ah vale/pues 4 4/asi igualados/que te parece f4?/hola?/ok/c2?/vale, per con f2/ok/f5/ok escojo c5/Vale/c1?/asi vamos alternando/y compensando/c3, f3 es mas justo/ya bueno/bueno entonces c3 tu?/tu que c vas a poner+<'/<'/<'/c3/vale/yo fe3/f 3/c2, f2'/?/ok/tb la habia pensaod/genial/que morro tien el A, eh.../ya ves/asi que yo diria f3c3/si/si/es el 5/pero quizas el objetivo es que ganamos todos mas o menos el mismo dinero, el que significa que a veces A tienes que ganar meno y nosotros a rotacion mas/o estoy diciendo algo que no tiene sentido?/no cre/el  5 creo que ya ha salido/ah vale, entonces confio en vosotros/perfecto/renta 3,3/y ya vemos en las siguientes rondas/sii/juego 5/Esto va en contra de mi creo yo jaja/joder es imposible compensar/perdemos todos mucho/ya ves/y tu no ganas nada tampoco/la cosa es que c gana poco más y los otros perdemos mucho/3,3?/o poner 5,5 jaja/pero de otro juego creo/que juego es/otra vez F/EN SERIO¿/nos ha tocado lo mismo¿?/juego 1/si, no cambiaba/son las mismas personas?/lo vamos a hacer rico"
1.0,0.0,1.0,1.0,0.5,1.0,1.0,0.0,1.0,0.5,0.0,1,1,0,0,0,"jeje/espero ser A en los siguientes 9/lo mismo que antes no?/c3/f3, c3?/f3/si, vale/correcto/me da que no saldre de aqui con mas de 15 euros xd.../y si llega/a ver si nos seleccionan como A despues/A ver is hay suerte/si*/c3 f3?/bien/A siempre el doble nuestro/Y por no hacer nada.../me dan ganas de poner f5 c5 xddd/f3 c3, no?/jejeje/pues si jugamos de manera justa si/me parece bien/como antes/ok f3 c3/si/c3, f3?/ok/que mierda..queria ser A...XD/A tiene mucho morro/creo que el a sin saber el juego/tiene que darse cuenta cual es la mejor opcion/para todos/entonces va a ser siempre f3c3/si/A ganará el doble que F y C/de los anteriores solo faltaba por salir el juego 4 y la mejor opcion seria f4c4/el 4 había salido dos veces/es mejor f3c3 ahora/siii pero en los juegos estipulados no en los aleatorios/que lo he comprobado/pero si f3c3/okay/asumiré que me odia el experimento este/jaajajaja/en los que podria ganar yo es en los juegos 1 y 2/y no tocan nunca jaja/juego 1/bieeen/jaja/elige/1,1 no?/si/pensaba que si/sisi somos los mismos/22?/juego 1 otra vez???/si/JUEGO/1/2 2/2 2 o 1 1 ??¿?/22/vale/jaja/nan/c3, f3?/No queda otra, es lo mas justo"
1.0,1.0,0.0,1.0,0.5,0.5,0.5,0.0,1.0,0.5,0.0,1,1,0,0,0,"ok/Donde digo digo digo... (?)/xd/estamos abonados al c3, f3/jajaja/si.../Desde luego que los participantes A se van a llevar unos buenos euros/Al menos el doble que nosotros/que pena.../a ver si hay mas suerte a la próxima/Pues si/f3, c3/mira al menos esta vez 40 y 40/jaja/algo es algo/unos centimillos mas/si jajaja/f3, c3/para variar/que aburrimiento/mm seh/xd/me dirás/que te cuentas?/tienes un min/a ver si hay una ronda sorpresa al final y nos ponen un 1000 y 1000/jajaja/Lo dudo jajaj/adivina!/Como siempre/jajaja/333333333333333000000000000000000000000000000000000000000000000000000000000000000000000000000000000000000000000000000000000000000000000/:(/f3c3?/si/vale/los negativos tambien suman/no/restan/a lo que tienes/mismo juego/f3c3 y asi todos ganamos/si/2,2?/en 2,2 F gana 3 más solo que en 1,1/y yo me llevo más/okey/sii/c gana bastante más/1,1 os parece bien entonces?/22 o 11/pensaba que ahora cambiariamos =(/si nos vuelve a salir pues 1 1/ahora 2 2/pero juego 2 el 1 1 perdemos todos!/es juego 1/perdon/Ya que hay tiempo me presento virtualmente al menos XD/Soy Jesus, mucho gusto/jajaja/Yo Guillermo, igualmente/Ya esperabas que fuera una tia eeeh ajajajaa/jajaja/veas/f3, c3  eternamente/si"
1.0,0.0,1.0,1.0,1.0,1.0,1.0,0.0,0.5,0.0,0.0,1,1,0,0,0,"Casi la lio/lo mismo/numeros y ya esta/sorry/tranquilo/f3,c3/ok/f3, c3/si/hola/hola,/tenemos que elegir/c3 f3 ??/ganamos los dos 36/ok/valee/hola nuevamente/si el juego es el 5,  c3 f3 volvemos a ganar lo mismo jaja/elegimos fila jajaja/aunque A se lleve mas/si era lo que estaba pensando/perfecto/jajaja okay/pues otra vez 3 i 3/sii/genial/hola jaja, aver juego 2/elegimos el mismo? 3 y3?/jaja/vale/no entiendo el sentido del juego pero esta bien jaja/el A en todos los casos gana más/la verdad jajaj/si eso no lo entiendo ni lo veo justo pero como es aleatorio te toca lo que te toca/pues si/pero yo creo que el fin es ponerse de acuerdo y que todos ganemos/no debería ser asi/ya/f3c3/en serio?/jajaj/sii/a mi claro/si f está de acuerdo.../F?/si/es justo/okey/perfecto/juego 4/3,3/3,3/okey/4,4 tampoco me quejaria jajaja/pero entonces vuelvo a perder yo/pasa lo mismo que antes/:(/c solo gana 3 más/con 3,3 y tú con 5,5 ganas mucho más/por eso lo gigo/vale perdon"
1.0,1.0,1.0,1.0,0.0,1.0,1.0,0.0,1.0,0.5,0.0,1,1,0,0,0,"estaba mirando c2 f1/y me he rayado/jaja/perdonnnnn/aqui la 55 no?/he escogido bien?/si/1 1 era mejor opcion para vosotros dos/perdon/pero a la proxima si sale juego 1 creo que la11 nos renta mas/c3 f3/sii/nan/casi todos los juegos es la misma posición/si creo que si/porque aunq A gana el doble nosotros lo mismo/jajaja que más se puede hacer/cierto/vaya que racha lleva A ajaja/suerte la suya/jajaj/jajajaja sii/dichoso experimento :)/aver que tal../3, 3 para variar/hola, si lo mismo/ganamos 40 es mas que los otros/si/que estratégico ponen siempre más a A jajaja/bueno eso suerte la A/el doble jaja es la suma de nosotros dos/nos acompañamos en el sentimiento/jajaja/esqeu si hacemos q A pierda, perdemos tambien/si/jaja/esque és la mejor opción, así C y F ganamos lo mismo/jajajaja/el A siempre va a ganar más así que que mas da/gracias A jaja/he sido nombrada a dedo/no es mi culpa/jaja/f3c3/para variar jajaja/yo creo que es un juego de estrategia/f3c3 es lo mas facil/lo que veáis/va, pues 4,4/hombre 5,5 es mofa/4,4/que solo pierdo 3/pero 5,5 no porfaaa/juego 2/2,2/bien"
1.0,0.5,1.0,1.0,1.0,1.0,1.0,1.0,1.0,1.0,1.0,1,1,0,0,0,"compensamos y nadie pierde mucho/creo que tendriamos que haber hecho desde el principio si es juego 2 pues 2,2  si es el 1 1,1 y así/hemos empezado mal/jaja/y A se se hace de oro/es que yo pierdo mucho por ser buena eh/y seguro que ganabais más/lo hemos hecho un paco mal porque yo he perdido mucho/claro/pero también depende de los juegos que toquen/esto es pa pillar jaja/han estado compensados yo creo/juego 2/2,2 otra vez/okey/y ya hemos acabado no?/va a ver lo que nos llevamos/creo que sii/A te has llevado en casi todas las rondas 80 puntos jaja/yo queria ser A :(/en estas ultimas si/me he liado mirando las tablas/nada nada/no prob/aqui 55/que juego es/juego 5/JUEGO 5/5 5¿/si no?/creo que es mejor si/siempre será lo mismo mismo!/bueno a ver que tal/sii creo que sii/ya quedan menos/juego 2, 3 i 3 jaja/si/jajaja/como varia ehh jajaja/jaja si si/pues nada asi quedamos/siii/cuantos bloques son?/vamos por el 5/son 9/ah dos bloques 18 rondas/si creo que si/okk!/otra vez juego 3 jaja/si jajaja/va ser nuestro número de hoy/mejor, que son 40/pues sii jaja/sii/40 son los puntos no?/yo creo que si/luego se sumaran todos supongo/pero no me queda muy claro como lo evalúan/supongo q suma de todo/todos los pontos obtenidos se multiplican por 0.02?/nose ahora veremos/sii si/que tipo de estrategia?/para no perder/ninguno/pero si elegimos algo en el que F en una ronda va a ganar mas/es lo mejor/la siguiente C va a ganar mas/ya/y asi siguiendo, vamos a terminar todos con el mismo puntejo mas o menos/eso lo he pensado/yo creo que el juego es asi/al principio no/por eso lo hemos hecho mal/jaja/al principio iba a por mi todo el rato el juego este/hubieramos ganado todos haciendo lo mismo/c4 f4/c1 f1/c4 f4 ganas 80/A/es juego 4/no entiendo nada/estamos en el juego 4/ahora entiendo algo/jaja/c5 f5 nos renta a todos creo/podrias haber seleccionado f4 c4/asi f remonta un poco/que te lolevabas 80 puntos jajaja/que en la anterior ha pillado poco/es que no entendia nada/bua gracias/podemos ganar todos/c5f5 lo veo guay/que juego es/lo que no9 entiendo"
1.0,1.0,1.0,1.0,0.5,1.0,1.0,0.0,1.0,0.5,0.0,1,1,0,0,0,"si asi gano 54 tu 26 y A 80/c ingresa 26/luego si sale juego 1/C ingresara 54/5 5/puntos/32 puntitos/es lo mismo/sii/que vaya sumando jaja/en el siguiente bloque cambian los comoponentes f y c?/no tengo ni ideaa/jaja es mejor que jugar al bingo XD/jajajajaj/veremos a ver que pasa/te toca siempre algo en esto/si/en bingo no.../jajaja/8/9 jaja/jaajja/sii/lo mismo/pero soy un desastro en matematica/venga pues a la proxima f2c2/entonces para mi esta bien seguir con f3c3/y a la ronda 7 f4c4/ya pero lo mas facil es f3c3 y asi ninguno restara nunca y todos ganamos/y así hasta que termine?/si/f3c3?/entonces f3c3?/si no?/yo creo que el juego es elegir, una ronda f2c2 y la siguiente f4c4 y seguir asi. significa que todos vamos ganando mas que ahora/es la mejor opcion, estoy calculandolo/pero ya estamos por la ronda 6/es que por que vas a elegir valores negativos/JUEGO 5/pudiendo elegir siempre positivos jajajaja/A JUEGO 5/C5 F5/ganas 80 C gana 26 F gana 54/si si/c5 f5/esa es :)/gracias C/=)/hola/si os fijais en c3 f 3/ahora cual/es lo mas equilibrado/en todos los juegos/JUEGO 2/pongo ese en todos?/c2f2 tambien esta guay/C3 F 3 GANAMOS NOSOTROS 32/osea f pierde 3/pero los demas sacasmos mas proofit/como veais/y tu ganas72/hacemos c3f3/claro osea yo siempre gano más... pero vosotros estáis equilibrados/que tu y yo ganamos 36 esta bien/y A 72 esta genial/5 5/arreglado/juego 5/ahora que juego"
1.0,0.0,1.0,1.0,0.5,0.5,1.0,0.5,0.5,0.0,0.0,1,1,0,0,0,"otra vez 55/Juego 5 otra vez/entonces/55/36 mass/sii/supongo q todos haran esto/creo que después darán más información al respecto/si espero jaja/sii jajaja pero bueno nunca se sabe te puedes encontrar sorpresas/ya tambien.../jajaja/hay mucha gente avariciosa jjaja/es una putada que no hicieran lo mismo/sii/yaa porque ganas mucho menos/siii/veremos luego si seguimos en el ajo juntos jaja/ajaja no lo podemos saber/la ultima!!/yeahh/lo mismo 3, 3/sii claro/si ya no seguimos, suertee para lo que qued/queda*/veremos que nos depara los prroximos minutos/jajaja/igualmente!! que vaya bien en el siguiente bloque!/eso espero jaja/esperemos que nos toque alguien no avaricioso jajaj/ojala jajaj igual seguimos como ahora/la mejor opcion es f3c3/porque todos ganamos/si+/lo hacemos para la ronda 7-8-9-10/ahora f3c3/yo diria que si/pero las siguientes c2f2 c4f4/no hay 10/ah vale jajajajaj/jajajaaja/sería a partir de ahora/yo pondria f3 c3/si a partid de ahora/yo creo que C2F2 renta mas/QUE ENVIDIA SER A/osea por perder 3 los demas sacamos mas/luego podemos ir compensando todo/no?/vale me parece bien/luego compensamos/sigamos/JUEGO 3/c3f3 otra vez no?/Como lo ves C/5 5 otra vez/Gracias C/en que numero de ordenador estais?/no digfas nada/vale/que no se puede/no se puede/ah vale/creo que te expulsan/luego nos hacemos señales/esque no lo se jaja/jajaja sii/ciao/adioss/holaa/holaa/jajaja/creo que no cambian las personas/son los mismos/jaja sii/menos mal/9 veces mas"
1.0,1.0,0.0,1.0,0.0,1.0,0.5,0.0,0.5,0.0,0.0,0,0,0,0,1,"pues lo mismo 3,3/si si jajja/madre mia.. jaja/jajaj veremos al final como evalúa jajaja/dos minutos son eternos para lo mismo jajaja/que nos suban los puntos por buena gente jaja/yaa/esoo/A se forra/bua se va a llevar una pasta jaja/jajaja/que lento pasa/nos queda el consuelo que trabajos en equipo/eso sii/trabajamos/podria salir siempre el juego 3/puess siii/ganariamos más jajaja/jajaja no creo q todo esto sume mas de 7 o 8 euros/nose jajjaja/jajaja/pero hay gente que ha ganado jaja/todo el rato/seguimos con f3c3/entonces nos quedamos con f3c3/por mi si/pero si qquereis cambiar/nono, demasiado complicado jaja esta bien asi/yo creo que es lo mejor/por mi no, porque ya es impar/vale pues f3c3/jajajaja/A vas a ofrecer una cerveza jaja/si si al salir nos dará la mitad jajaja/jajaja/no hace falta decirlo, no?/no/no/jaja/jajaja/pero no entiendo porque todos escriben muchisismo/creo que es con la que mas sacamos todos/antes al final hemos hecho c2f2/si porque habia uno que ganaba lo  mismo casi y otro que ganaba mas/nan/pero ahora renta mas c3f3/si ahora 3 3/si el 33/3 3/pues todo claro/el A se forra aqui/vaya tela/ya ya jajajaja/habra trampa?/que envidia jajaja/yo creo que  no/no/esto es para ver si el A es egoista/te vas a llevar 35 euros/es que no entiendo porque hay valores negativos/si/quien los escogeria?/nadie..."
1.0,0.0,1.0,1.0,0.0,1.0,1.0,0.5,1.0,0.5,0.0,1,1,0,0,0,yo tampoco lo entien do/no se yo al principio no entendia nada/igual yo/me parece que llevo 130/y f 140/yo 296/juraria que he calculado bien jajaja/ahora que/no lo sabia/jajaj/que va/5 5 no?/si 55/5 5/cooperamos bien/que me quitan mi dinerito/que suerte has tenido de ser A jajajja/no se yo creo que aqui tiene que haber algo raro/mis amigos me dijeros si te toca A te forras/es eso/si no lo veo muy facil/si.../si sii/bueno al menos nos dan algo por haber participado jaja/jajaja eso es lo bueno/aunque sea 10 euros +/jaja ojala/porque creo que lo ganes +5 genial/de ahi en arriba/otro 5.. jajjaa/rayos juegan con nosotros jajaja/bueno.. jajaa poco a poco/si/se puede sber quienes son A jajaja porque no teclean XD/jajajajaj si???/no me he fijado/no veo mucho jajaa/jajaja/venga va/siguiente jajjaa/bieeeen jajaja el 3/jajaja/sii ya era hora :)/solo quedan 5 rondas jajaja/que salga mas veces jjaja aunq sera aleatorio/aun... jajaja/si jajaja tres veces más el 3 jajaja/jajaja las que queden/el 5 si q se ha repetido ya/ufff los segundos pasan lentos/sii/sii si i tanto../a ver los siguientes/mas de lo mismo jajaja/veo pasar la vida ante mis ojos/ya/ya ni yo/se estaran contando sus vidas/lo importante es participar/eso jajajaja/se está haciendo super largo/cuanto falta?/1 ronda/f3c3/jaja/pero porque? seguro? jajajaj/jajajaja par ano perder las costumbres/que siiiii/jajaja/f1c5 para cambiar un poco jajaja/no no/no me parece bien/yo mas imposible/JUEGO 2/Madre mia A ahahahah/300puntos/ahora c2f2/la hoja esta se puede usar para escribir? jajajaja/por mi c2f2 tambien/si la mejor es 2 2/yo he escritoi/asi ganais mas/y yo dejo de ganar 3/pobre ÇF/F/ya/no pasa nada jajaja/a mi tambien me sabe un poco mal jajaja/en el juego 3 esta pla misma opcion pero para mi/yo creo que lo estamos haciendo bien/a mi mejor amiga le toco F tranquilo no eres el unico/porque tu y yo ganamos lo maximo/lo que no entiendo/instrucciones/juego 3/es por que la mejor opcion es siempre la que A gana 8/3 3?
1.0,0.0,1.0,1.0,0.5,1.0,1.0,0.5,1.0,1.0,1.0,1,1,0,0,0,"la 33/ya es que es eso, no son opciones niveladas/jajajaja/jaajaja/bueno el tiempo literalmente/va q ya va jajja/otra vez el 5.... timo jajaj/sii/que robo jajaja/nos ha salido en esta ronda ya 3 veces/es para pagar menos jajaja XD/los A q no puedenhablar con nadie se estaran muriendo del asco jajjaj/jajajaaja/se hace pesado/un poco/jajaja sii/y eso que aun puedes hablar con alguien/llevamos casi 1 hora/por lo menos se nos pasa rapido/sii/no podemos decir mucho/pero bueno/menos maal no cogi reloj jajaja/ya ves/jajaja son menos cuarto/nooooooo/jaja/jajajaj/he pensado una cosa/como aun quedan rondas/dime/en el juego 1 si pongo C5 i tu F5/ganas 38 y yo 10/y luego en el siguente lo hacemos al reves y gano yo m/te parece?/oh ya la siguiente cambiamos para que tu ganes mas sai/jajaj vale/si si bien :9/seria divertido perder todo asi jaja/jajaja/f3c3 esta bien jaja/f3c3/si claro, super guay/hola/hola/se puede decir el juego que es?/puede ser/decidme juego/nos ha tocado juego 5/pues 4 y 4 no?/vale/es lo máximo para todos/be/pero son 3/ya.../no te preocupes/gracias jajaja/pues 2 2 no?/2 2/que equipazo/JUEGO 3/c3f3 otra vez no?/3 3/pues 3 3/clarisimo/jajajaja/para ti si/luego nos invitas a unas bravas o algo/eso/para vosotros hay mejores?/no/ah sisi/que va/la 33 claramente jajaja/juego 3 lo mejor es 33/juego 4 4 4/ah entonces perfecto/en cada jjuego hay algo que es lo mejor/ya lo tengo apuntado jeje/a ver si coincidis conmigo/yo me guio por lo que me decís/en la que mas gana a es tambien en la que mas ganamos nosotros/claro/por eso no lo entiendo/a ver yo entenderia algo si yo ganara 30 y vosotros mas en algunas/claro/claro yo estaba buscando esa opcion/pero es que no esta nivelado/porque yo tendria que elegir entre vosotros y yo/pero non esta/por eos lo veo raro jajajaja/ajaja/bueno 3 3/3 3/si 33/seguimos asi y ya veremos que sale/esque es en la que mas ganamos/truco no tiene/y ademas A gaana 80"
1.0,0.0,1.0,1.0,0.5,1.0,1.0,0.5,1.0,1.0,1.0,1,1,0,0,0,"ahora 5,5 jaja/asi nos entetenemos/oki/jajaja/que nos puntuen por trabajo en equipo jajaja/jajaja eso esooo!/juego 4, f1 c1??/sii estaba ppensando ese/jaja perfecto/jajaja yeah/asi variamos jaja/esque aun asi tendremos los mimos puntos jajja/jajaja sii/las siguientes ya las hacemos 3,3 jajaja/que aburrido jajaa/jajaja ok si/que quedan ya solo 2/ya podria variarr o ser un poco diferente jaja/yaa/ajajaja/una hora haciendo lo mismo/bueno por estar aqui sentados al menos ganamos algo jaja/ya jajaja/3,3 ? jajajaja/valee/mismo/queda unaaaa!!!!/jajajaa/solo queda unaa sii y sabremos que tal nos habrá ido/sii jajaja/se acaba ya con esto?/o hay mas?/creo que ya acaba aqui porque es una hora y media/aprox/perfecto jajaj valee/yo la otra vez estuve casi 2 h/vale no/5 y 5/juego 2/5,5?/3 y 3/voy a hacer que vaya compensado/o 2 y 2/cada vez que gane más uno/en 3 y 3 F y C nos llevamos lo mismo/ese yo lo veo bien/lo mismo no pero si vamos compensando/no?/bien/pero ahora le toca a c más/otra vez el 1?/jo tio/en los juegos 1 y 2 gana C/aqui esta el dilema de antes/En los 4 y 5 gana F/yo esta no digo nada/Y en el 3 ganamos lo mismo/hacedlo como veais jajajajaja/no se.../es que fastidiamos a f otra vez/no?/ya por eso/2 2 o 3 3/va 2 2/asi ganais ma/mas/pero tu otra vez 3 puntos menos/en que juegos ganabas mas tu f?/en 4 y 5/vale si/cual cojo?/pues podemos usar ese patron/2 2/para ir compensando/hablemos mas rapido/C cuantos puntos llevas?¿/aqui 44/que en el otro no me he enterado/4 4/ahora calculo y digo lo que llevo/que juego es/JUEGO 4/juego 4/ellos sabrán.../osea que es 3 3 si o si/un poco raro pero bueno/juego 5/más instrucciones/otra vez 55/jaja/5 5/nan/y que sentido tendra dar 3 cifras negativas?/ninguno/es que es eso/son cosas que no entiendo jajajaja/ahi pierde A/no creo que lo ponga nunca....../pero nosotros tambien/si es el que elige/claro claro/5 5 no???/si 55/5 5/en cada juego la que mas renta es la del juego que sea/juego 1 es la 11/juego 2 22/juego 3 33/el 4 44"
1.0,0.0,1.0,0.0,0.0,0.5,0.5,0.0,0.5,0.0,0.0,1,1,0,0,0,si/perfceto/fijate en otra manera dee compensar para el proximo juego/no hemos hecho el juego 3/entre el juego 2 columna 4 y el jugo 4 columna 4 cual prefieres/2 juego/??/si/fila 4/okk/columna ?/la 4 te favorece/vale/el juego 5 fila 1 te gusta?/o prefieres otro
1.0,0.0,1.0,0.5,0.5,1.0,0.5,0.0,0.5,0.0,0.0,0,0,0,0,1,el juego seleccionado pone quee s 1/leelo arriba/vale si/fila 3/?/vale/c3/juego 2/fila 3/mismo/c3/hay forma de ganar nosotros y que el reste?/no/ninguna/genial compi/c3 f3/lo estamos haciendo guay/si si/si/el 3/a tope/le hemos pillado el tranquillo/asi es/creo que es fundamental sernos leal/seria muy dificil si nos llevaramos mal/a mi merenta mas (y es mas o menos justo) 4/vale/entonces que hacemos ahora/porque 5/demasieee/que quieres qu ehafamos/hagamos/4/tampocp creas que terente atanto/te renta tanto/ahora 3/ya/a la siguente/hazme cas
1.0,0.0,1.0,1.0,0.0,1.0,1.0,0.0,1.0,0.5,0.0,1,1,0,0,0,"4/4/ahor asi/sisi/4/JAJAJAJAAJAJAJA/asi a la larga ganss mas/teorias mias jjjaa/OKEYYY/parrilladas varias/CCC/CIFU/pero naaa/EL 5/por que no has cogido lo mismo que antes??/hemos perdido todos/ahora el juego es el 5/pongo fila 5 columna 5/perfecto/nos an dado menos/lo has pillado ya?/han/vale eso es q no.../pero el A siempre sale ganando mas/cada ronda sale un juego diferente/si siempre..../da igual lo q elijamos el juego sale aleatoriamente/lo que varia son las filas y algunas ganas mas C que F  y la 3,3 es la mas equitativa"
1.0,0.0,0.0,0.0,0.5,0.5,0.0,0.0,0.0,0.5,0.0,0,0,0,0,1,vale vale/ya lo voy entendiendo si/fila 3/columna??/noo/fila 4/columna 4/valee/vale/jugamos a compensar en todas las rondas??/sii aunque queda 1/luegoo nueve mas/vale ahora gana tu/o los dos lo mismo?/elige
1.0,0.0,0.5,0.5,0.0,1.0,0.5,0.0,0.5,0.0,0.0,0,0,0,0,1,"creo que deberias ganar tu/mmmm/vale gracias/en la fila 2/fila dos/crees q realmente alguien es A?/siendo q de la otra forma no/claro!/lo estaba pensando y creo q A no existe/todo el mundo escribe/pero nos ayuda a saber cual es el mayo numero/y A no deberia/aunque sea repartido/cierto/sera para eso/si/debemos mirar mas A/aunque nos toque ganar menos/5/f5 c5 no?/tengo hambre/AHORA  a la salida le tracamos jajajajaa/y yo/bocata soooon/me como el mundo/ahora mismo/aguanta/fiera/ahora que jeje/3?/risah super/si/a la siguiente pa ti/vale/porque no hay potra jajajjaa/otra*/ya veras que vuelve a salir el juego dos/JAAJJAJAA/los cabroncetes/SERIA DE #PATETICAS/me la van a hjugar/#########/JAJAJAJA/TU Y TU BUENA SUERTE/yo y mi forma de vida/ASALARA/majrileeee/nan/1/pero la de antes no era la más neneficiosa, no?"
1.0,0.0,1.0,1.0,0.5,1.0,1.0,0.5,1.0,0.5,0.0,1,1,0,0,0,"f1c1/si lo era/f2 columna 2/y repartimos un poco más/f gana poco mas/c y a pierden mucho/es que es eso/cierto/juego 2/f2c2/siempre voy a ganar yo menos. vaya puntuaciones tengo/Bien/creo que luego cambia/Pero/Para qué sirve lo que C y F sleccionan?/para nada/estais poniendo lo mismo que yo?/juego?/Sí/3/Por qué lo preguntas?/f3c3/f3c3/a ver si estamos ganando lo maximo/el juego es el 1/q??/por sino te lo ponia/a pues nooo/avisaar/Vale, es lo logico/Asi ganamos todos más/c1 f1/Vale, pues hacemos eso que hemos quedado/Porque esta es la ultima ronda ya/Vale, a ver si no nos cambian de grupo/despues supuestamente cambiaremos de rol/No, creo q somos los mismos 3 todo el rato/Buenas/porque luego se reparten los puntos entre nosotros/claro/en este c2f2/y ganamos más/vaale/me podría haber dado cuenta antes/no pasa nada xd/nunca es tarde jaja/juego 5/juego 5/c4f4/perfecto/y no es mejor c5 y f5?/pierdo mucho yo/3 puntos/pierdes 3/pero lo que digais/AJAJJAJAJJA/INVITA A/A*/42432/?/que estas ganando gracias a nsootros"
1.0,0.0,0.0,0.5,0.0,0.0,0.0,0.0,0.0,0.0,0.0,0,0,0,0,1,OK/si/VALE JUEGO/Y DIALOGAMOS SOBRE LAS FILAS Y COLUMNAS/2/yo veo 2-2/2-2 O 3-3/42432/sisi/jajajajaja/seguro/pero no entiendo que escriben tanto
1.0,0.0,1.0,1.0,0.5,0.5,1.0,0.0,0.5,0.5,0.0,1,0,0,1,0,no entiendo porque A siempre tiene mucho/pues alomejor lo mismo que nosotros/eres todo el rato A?/pues porque has tenido suerte/jajaja/3/pondre/ya/3/bien/creo que en todos los juegos/lo has hecho genial/es f3 y c3/con lo que mas ganamos/no crees?/si/perfecto/f3 c3/te parece?/y asi ganas/tu tambien/vale/perfecto/perfecto/en este no hay duda/c3 f3/jaja/jaja si/en la ronda anterior tambien fue el 3 el ultimo/es verdad/ya se acaba el juego no?/hay otra ronda?/creo que si se acaba/pero por las dudas deberiamos tomar nota del orden en que salen los juegos/yo creo que tambien acaba/para tener un estadistico y poder calcular/no es aleatorio?/creo que no/lo sabremos en los 3 primeros/si coincide/que hacemos/vamos a coger fila y columna que sean beneficiarios para los dos ok?/si/me acabo de dar cuenta de que la tabla es simetrica/3/3/igual que antes
1.0,0.0,1.0,1.0,0.5,0.5,1.0,0.0,1.0,1.0,0.0,1,1,0,0,0,"si/si/hola/no se como funciona esto/madre mia/numero de juego/si elijo siempre fila 5 y columna 5, sea el juego q sea creo q ganamos todos más/el juego es aleatorio/tienes que seleccionar jueog fils y columna/yo elijo fila y columna/yo ahora que tengo que hacer/tu pon siempre al 5/en todo/srguro?/sleccionar juego fila y clomna es A es el que toma la decsion/salimos ganando todos/si yo soy el q elije/mi ingreso es 22/y el vuestro 50 y 72/no me cuadra/y 5 55/ahi le has dado/sera por algo? jajajaja/juego 1/igual quieren que pensemos eso, C/1 1?/entonces 11 no?/1 1/si 1 1/no se a lo mejor me estoy rayando la cabeza jajajaja/yo pienso como tu osea que somos 2/nos os rayeis/sea lo que sea nos llevamos dinerito/ojala todos fueramos A/igual las cifras negativas en realidad son buenos/jajajaja/no creo/pero es que entonces estarian mintiendo/buenas*/ahi te pone los putnos que t llevas/porque no indica nada en ningun sitio/no es mentira/yaya esta bien/lo estamos haciendo bien/si/juego 4/4 4/4 4/si no?/si si la 44/la gente no escribe demasiado para lo poco que hay que decir? JAJAJAJA/si jajajajaj/estaba pensando lo mismo/ajjajjaja si/yo estaba observando a la gente/y pensaba lo mismo/igual estan discutiendo/jajajajaj/diciendo palabras malsonantes/juego 2/juego 2/2 2/es que nosotros somos muy listos y  no nos hace falta discutir mucho/creeis que los demas habran llegado a la misma conlcusion?/pues no se/bueno vosotros sois muy listos porque yo"
1.0,0.0,1.0,0.0,0.5,0.0,1.0,0.0,0.5,0.0,0.0,0,0,0,0,1,jaja/yo creo que si/peoro lo veo muy raro jajajajaja/eso o es que se estan contando su vida/con que A vaya a por los 80 siempre/ganan todos/yo creo que luego leen nuestras conversaciones para saber que hacemos/claro..../si..
1.0,0.0,1.0,1.0,0.5,0.0,1.0,0.0,1.0,0.5,0.0,1,1,0,0,0,"a lo tonto decimos de los otros pero  nosotros también escribimos/jajajajajajajaa/juego 2/2 2/juego 2/otra veeez??/si jajaja/si ://ya se acaba no? jajaja/si/encantada/si/igualmente =)/esta bien este sitio para hacer amig@s no? jajaja/jajaja/jajajaja/chat amistad/disfrutad el dineroo/igualmenteee/igualmente :)/a ver si ahora al salir nos vemos o algo/ojala/si jajaja/vale/Si la proxima eres F y yo A por ejemplo, tienes que hablar con C para seguir como lo estamos haciendo ahora/Y si tu eres A y yo C pues lo mismo/Yo hablo con F para hacer lo mismo, y salimos ganando todos/c3f3/okey/juego1/chicos he encontrado otra forma en la que ganamos mas dinero/cuenta/en este juego darle c2 f2/en el juego dos c2 f2/en el tres c3 f3/valeeeeeeeee/en el 4 c4 f4/es perfecto/y en el 5 c4 f4/VALE CHAVALES LO TENEMOS"
1.0,0.0,1.0,1.0,1.0,1.0,1.0,0.5,1.0,0.5,0.0,0,0,0,0,1,"?/jajaja/si adivinas quien soy/TAN FACIL ME LO PONES?/JAJJAJAJA/jajajajaaj/PODRIA DECIRTE/A tu vente tambien/asi pagas tu/PERO NO ME CREERIAS/jajajajaa/es lo mismo que F gana en 4 4/que los numeros son iguales pero a la inversa/si/si os dais cuenta la suma de C y F es A/y ha ido de 5 4 3 y ahora 2/yaa/si/no si si esto tiene truco o que/pues seguro/me estoy empezando a plantear que si/jajajajajaja/Antes que letra has sido?/Hola, vamos a seleccionar el mayor beneficio/En este caso es f5 c5/c5 f5/Sí/Pero que letra has sido anteriormente?/No la podemos decir/lo que querais/en los otros yo pierdo 3/en juego 1 y 2 yo pierdo 3 y vostros ganais 11/yo pierdo 8 puntos, de 32 a 26/29/c4 f4/3/oye/c3 f3/en el de antes/en c4 f4/42432/mejor para nosotros/tu solo pierdes 8/EN 2-2 C GANA MUCHO MAS/f entonces eras chico o chica?/LO Q DIGA C/ah no/para c peor/lo que querais/42402/soy chica/gracias/42402/2-2 ok/lo igualamos?/3 3/llevamos 2 de F con mas ganancias 1 igual y 1 C mas ganancias/vale bien/falta que C tenga 54 mas/ern alguna ronda tiewne que caer 1/juego 3 f3 c3 entonces?/si, yo creo que caerá/si no?/vale/vale/igualamos y esperamos a que caiga el juego 1/bien/para que c tenga mas/y si salen 4 y 5 miramos que no se vaya mucho/Como q no?/No se puede desvelar, creo/Creo que somos las mismas personas"
1.0,0.0,1.0,1.0,0.0,0.0,0.5,0.0,0.5,0.0,0.0,0,0,0,0,1,"Antes habiamos hablado de decirle al otro que escogiese el mayor beneficio/c4 f4/No, yo no/Pues eras el A/cogemos c4 f4/Sí/no, antes jugaba de C"
1.0,0.0,1.0,1.0,0.5,1.0,1.0,1.0,1.0,0.5,0.0,1,1,0,0,0,"Pues yo igual/Nos han cambiado de grupos/solo varian f y c/nan/vale/ya.../que teneis vostros?/yo he perdido en el anterior/en este c3f3/yo tengo qeu tu ganas 29/entonces lo de la cerveza va cogiendo forma/jajajajaj/jajajajajaa/COGE FORMA/pero tiene que invitar A/1/vale/igualamos/faltan 4 rondas/1/1/venga/1 1/ahora si que ya estamos igual/luego ya es tratar de mantenerlo igual/si/ha salido bien la jugada/perfecto/nan/jajajajajaja/despues seras f/c3 f3/Antes era C, ahora vuelvo a ser C/f5 c5/Despues cambias a F/porq son 3/cuando cambies a F intenta hacer siempre f5 c5/Hay que buscar el mayor beneficio, en el juego 3, es la fila 3 columna 3/Ya, pero el mayor beneficio se lo lleva A no tu/tu te lo llevas despues cuando seas f/ahora me toca a mi que antes lo hemos jugado asi/sino solo se lo lleva a/yo he ganado 26/a mi me pone que 29/:O/por eso lo he dicho/bueno por 3 puntos da igual jaja/no, f eran 54 puntos/claro/nan/JUEGO/3/42432/easy+/PERFECTO/ok/cuantas tandas hhay de 9 rondas?/2/esta es la ultima/ok"
1.0,1.0,1.0,1.0,0.0,1.0,1.0,0.0,1.0,0.5,0.0,1,1,0,0,0,"CLARO/1/JUEGO/VALE/42370/42370/es lo que mas os beneficia/sii/que hora es?/ni idea jajaja/hay que pensar algo para las siguientes 4/jajajaja nos e permiten moviles/o igual o nos arriesgamos/en todas hay una fila que C y F tiene lo mismo/lo que querais/no se/lo que vosotros querais/pensar en estos segundos que quedan/en la siguente depende de lo que salga miramos/en la siguiente lo miramos a ver/jajajajaja/claro/5/si quereis nos arriesgamos pero sin q se vaya mucho/por si acaso/o como querais/entonces 4 4/vale/o que decis/mm si/f5 c5/Ya lo sé, pero hazme caso/c2 f2/Pero que asi esto es muy simple/solo gana A mas/Imagina que A no existe y luego se reparte la mitad/A existe/este experimento ya lo he hechp/Bueno, pues entonces hay que buscar el maximo beneficio para los dos/c3 f3/en esta f3 c3?/ahh vale/si/juego3/3/lo de antes/c3f3/okey/un placer jugar con vosotros jajaj/creo que tenemos los mismos puntos/42402/BIEN F/LUEGO INVITO A ALGO/es lo que hay/ya lo he asumido/jajajaja/a mi me han regañado.../con que?/2-2 ganamos mas f y yo/PUES 2-2/cevezas/2-2 pierdes tu F/c*/DECIDID RAPIDO/42370/es verdad/VALE/quedan 20 seg/mira si soy bueno/o tonto.../42370"
1.0,0.0,1.0,1.0,0.5,0.5,0.5,0.0,0.5,0.0,0.0,0,0,0,0,1,"tonto creo yo/jajajajajajaa/-_-/JUEGO/total son 14/luego si vemos que vuelve a salir 4 o 5 compensamos/yaa, pues ese mismo/jajajajajaa hombre tu no digas q no/que te beneficia/jajajajajajajja ya.../jajajajajajaja/vale entonces 4 4/bien/luegomiramos a ver/sii/3/3/ponemos el mismo q antes pero en este?/2 2?"
1.0,0.0,1.0,1.0,1.0,1.0,1.0,0.5,1.0,0.5,0.0,0,0,0,0,1,"valee/y asi F y yo tendriamos lo mismo/asi lo igualamos seguro/no se iguala/hay que intentar elegir las columnas cin mayor resultado y siempre en positivo/elige el juego 4 columna 4/Voya ver/es la que mayores resultados da a todos/Columna 4 fila 4/juego dos fila 2/asi compensamos para qye los resultados se asemejn/por favor/columna 4 y juego 5/Hay que elegir siempre la misma opción para tener el máximo beneficio/En el 3 esta claro/c3 f3/Sí/Pero a partir de esta creo q tenemos q centrarnos/en nosotros y no en el A/igualmente!/lo mismo digo jajaja/hola/hola/QUE HAY QUE HACER?/no cojas fila 1/jugador a/42495/5/(LA CERVEZA MEJOR VOSOTROS DOS SOLOS)/c que pretendeS?/VEO MAS COMPLICIDAD.../jajajaja/x 8 me da igual/no que me dice tonto/42495/42495/gracias c/de nada/claro, porque en el otro yo ganaba 29 y ahora lo ganas tu/a si/jajajaja/si sii/si/que estaba mirando otro/jajajajja/2 2 entonces/entonces 2 2/vale/sii/perfecto/y ahora que es la ultima pues ya uno que este igual np?/en la siguiente digo/siiii/perfct/perfecto/asi se iguala por completo/las gente se esta conociendo por el chat/3/columna 2 y fila 2/he elegido la 2/Yo también/perfectoo/Fila 4 columna 4/la 3"
1.0,0.0,1.0,0.5,0.5,0.5,1.0,0.0,1.0,0.5,0.0,1,1,0,0,0,"Es la que mas puntos nos da a los dos/que tenemos lo mismo/A ti te da los puntos del c, a mi me da los puntos del f/la fila 3 columna 3 he puesto/claro es el mismo resultado/columna 3 fila 3 hazme caso/fila 1 columna 1/Esta vez elijo la 4/voy a vcer/la 3 es la que nos da loo mism/Habrá que buscar entonces la f y la c que más nos beneficie a los dos/C siempre es mas baja/F es mas alta/y la A es la mejor/Luego tu juegas con F/c5 f5/hay q buscar beneficio d f/luego buscaras tu el beneficio d f/La que nos beneficia a los dos, es c3 f 3/es como más se gana/Faltan 4 rondas y ya está/vale/en el 1/c3 f3/es la mejor/CUAL COJO/c5/f5/c2 f1/no perdon/c1 f1/sii/C1 F1/SI PILLAIS JUEGO 1/no/nan/es juego 3/Y PILLO 1COLUMNA Y 1 FILA ES DONDE MAS GANAMOS/NO/antes he salido perdiendo yo/ya somos colegas/yupi/ajajajja/jajajajaja/3/VA 2 RONDAS MAS/42432/42432/42432/BIEN/a no te integras/YO ME INTEGRO/se le a subido el poder/por?/jajajajja/jajajajajja/PERO ESQ VOSOTROS SOIS TO COLEGAS YA/3 3"
0.0,0.0,0.0,0.0,0.0,0.5,0.0,0.0,0.0,0.0,0.0,0,0,0,0,1,os habeis fijado? estamos igual igual
1.0,0.0,1.0,0.5,1.0,1.0,1.0,0.0,1.0,1.0,0.0,1,1,0,0,0,"pues esta clara/ya esta calro/vale/vale/jajajajasi/ya podrian haber aplausos/jajajajajajaa/parece que aqui la gente se esta conociendo de tanto charrar/jajajajajajaja/yo creo q si eh/como le dan/nan/jajajajajajajajaja/es que esccriben mucho/sisi/no es normal/estaran haciendo la estrategia de su vida porque vamos/o estan contando su vida, o no se/tampoco tiene mucha cosa no?/fila 3 columna 3/voy a poner/total por dos menos que ter da a ti nois llevamos lo9 mismo/3 los dos/hacemos la jugada de antes/fila 3 columna 3/hay que intentar elegir de tal maner que obtengamos lo mismo/porque como habras co probado el jugador A  se lleva la suma de lo nuestro/le voy a dar al 3/42432/fila 3 columna 3/coodinacion jajaja/nos esta saliendo bien la jugada/Sí/pero en esta/a partir del juego 3 no/solo son 18 rondas, no hay más/Ya lo sé/Ya he jugado 9, estas son las otras 9/en la que queda tu seras f/vale aqui es el mejor c5 f5/es el q más dinero hay/Pero vamos a ver, yo no voy a dejar de ganar puntos, tendremos que buscar una que nos beneficie a los dos/La mejor en esta es f3 c3/Esa en el 1/ahora en el 5 no/estás en el juego 5/por eso/la mejor aqui/GANAMOS MAS EN JUEGO 1/pero no lo elegimos nosotros/lo elige el programa/EL F ES EL Q MENOS SE LLEVA/haz c2 f2/yo"
1.0,0.0,1.0,1.0,0.5,1.0,1.0,0.5,1.0,0.5,0.0,1,1,0,0,0,EL JUEGO LO ELIJE EL PROGRAMA?/si/C2 F2 PA Q?/ganamos mas todos en c2 f2/c2 f2/SEGUN Q JUEGO/el 3/Y VOSOTROS QUE HACEIS?/pero si no nos conocemos/YA/es que eres el que tiene el poder/estas segura?/te tenemos respeto/jajajajjajç/Q TENIA Q PONER/y omuy seguro/42432/42432/si/VALE VALE/jajajaja es q nosotros somos demasiado listos/jajajajajajajaj/eso es otra opcion/nos ha salido bien/menos mal/ya ves/si la verdad es que si/bueno A sale ganando/ajjajaja/q suerte/a ver como sale la cosa al final/no se yo/bueno no pasa nada/sigo pensando que hay truco por aqui escondido/hemos venido sin nada osea que/jajajaja no creo/jajajajajaja/xaoo!/Sii jajaj/:)/42432/42432/en todas las partidas es 3-3/si/columna 3 fila 3/obtenemos los mismos resultados/El jugador A debería elegir siempre el juego 3/nos saldria mas rentable a todos
1.0,0.0,1.0,1.0,0.5,0.5,1.0,0.0,1.0,0.5,1.0,1,1,0,0,0,"pero con el es imposible comunicarse/Si/3-3 otra vez/Bingo/por fin jugegp 3/jaja/la 3 otra vez como siempre/el jugador a creo quye va en orden todo el rato/elegimos la 3 otra vez/Si, eso parece/jajaja luego ira juego 1/en la ronda 8 volvera el juego 3/Busca f3 c3/es la fila 5/para f/La mejor para ti, para mí no/en el 1 la mejor para c es antes/ya pero estamos buscando beneficio d f aqui/hazme caso/A ver, el experimento va a acabar/Te lo he dicho/Yo no voy a jugar más rondas porque ya e va a acabar, no voy a ser la F porque no hay más/en el 5 me beneficia a mi/y en el 1 a ti/en el 3  los dos/en el 2 un poco mas a ti y en el 4 un poco mas a mi/Ahora si que es un claro c3 f3/No, fíjate bien que en todos los juegos hay una celda y una columna que es el mismo resultado tanto para ti como para mi/nada/AJJAJAJAJA/ayudarte a elegir la fila que mas ganamos/solo decirte en cual ganamos mas todos/YA PERO NO SIEMPRE SERA JUEGO 3/yaa pero nos sale que juego es/estas dos veces si/VALE UNA COSA/c4 f4/antes lo has hecho mal/SI EL JUEGO ES EL 5 LA MEJOR OPCION ES 5-5/estamos ahora en juego 5/ESCRIBO EN MAYUSCULAS TENGO EL PODER/exacto/................................/ULTIMA/igual/JUEGO/3/3-3?/4/PERFECTO/f?/Q JUEGO ES/3/4/4/Y XQ F DICE 4/f se nos a ido/NO LO ENTIENDO/hazme caso/3/VALE/jajaja/sino no habria dicho tan rapido igual/Los cálculos se te dan bien parece/juego 3 jajajaj/fila 3 columna 3/Sii/42432/42432/333/jajaja numero extraño jaajajajaajaj/la mitad de 666/jajajajaja todo muy curioso/jajaja/jajaja/jajajja vuelta al 333/Por fin lo ha pillado/jajaja/Al final, pero lo ha pillado/se ha dado cuenta tardeejaja/porque esta es la ultima ronda ya/Si/con lo diver que estaba el juegoo jaja/Si, mucho"
1.0,0.0,1.0,1.0,0.0,0.5,0.5,0.5,0.5,0.0,1.0,1,0,0,1,0,"jajaja/Sobre todo la espera/jaajaj/Pero ganamos menos/si tu en una ganas 54 y en otra 26/Pero no perdemos más/ganas mas q 32 y 32/c3 f3/si/Pero no lo has entendido/hubieramos ganado más si me hubieras hecho caso/Claro que lo he entendido/Porque tu hayas sido C antes y ahora F no significa que yo haya sido igual/He sido antes C,y vuelvo a serlo/eso yo no lo sé/Ya te lo he dicho al principio, y me decías que luego sería F/Como voy a ser luego F si ya se acaba/Pero porqe queda otra ronda/alomejor antes has sido F y ahora C/f3 c3/SI ES EL JUEGO 4 LO MEJOR ES 4-4/vale/esa es la mejor/EN Q JUEGO ESTAMOS/f5 c5/¿/5/si te lo decimos tiraras a ti/VALE PUES 5-5/siempre que el gana mas yo tambien/siempre gana mas el a/ME DECIS EL JUEGO Y YO LO PONGO/42495/VALE PUES 5-5/ok/:)/ESTAS RONDAS SON DE PRUEBA¿/creo que no/no/f que picara/jajajaja/jajajajajajaaja/bueno un placer/3-3?/y f me debes una birra/si/igualmente/TIO AHORA CERVEZA/si no sabes quien soy/me da igual/sois 2 hombres/jaajajaja/cual escogemos?/no se/el que tenga beneficio/f3 c3?/bien/que juego/el 3/juego 1/1/1/las tomas de dcisiones lo mejor jajaja/Sii/jaja/Que estudias?/aprovechemos para petar el chat que esto se acaba"
1.0,0.0,1.0,1.0,0.5,1.0,1.0,0.5,1.0,1.0,1.0,1,0,0,1,0,"turismpo/tu?/cual elegimos?/la fila 3/cual escogemos?/lo mismo?/es lo que mas ganacias tiene/vale/si perfecto/f3/c3/c3 no?/vale perfecto/si/ahora f4 y c4?/son las mayores ganacias para f y c/vale/lo mismo ?/c2 f2/No queda ninguna ronda, esto se acaba ya/son 3/esta es la segunda/No, lee bien, 18 rondas/Cual elegimos?/A, tienes que elegir las filas y las columas donde más puntos nos den a los tres/ha tocado el juego nº 3/en todos los casos creo que la fila 1/columna 1/porque piensas eso?/es la que mas nos beneficia en conjunto/fila 5/columna 5/la mejor es la que dice A/quedan 40 segundos/y la f3 y c3/columna 1 fila 1/esa/o 5/perfecto/hacemos siempre lo mismo/asi ganamos mas/perfecto/pongo la 5/juego 5/elige siempre f3 y c3, asi a mi y a F nos tocara siempre 40/ay perdon/si, f3 y c3/f5 c5 es mejor no?/PERFECTO/ESTO ES PRUEBA O YA VALE/DECIRME Q JUEGO ES/f2 c2/vale todo/42402/EE/f3c3/3-3 O 2-2/42402/42432/si no siempre pierdo dinero yo/tu ganas igual/TIO Q JUEGO ES?/lo mismo/la siguiente digo yo/yo lo digo equitativo/SIEMPRE VOY A GANAR YO MAS/por eso/PERO SI GANA UNO MAS GANAN TODOS MAS/no/SI HUBIERA PUESTO 2-2/vale/vale/y en la siguiente juego 2 - 5 - 5"
1.0,0.5,1.0,1.0,0.5,1.0,1.0,0.0,1.0,0.5,1.0,1,1,0,0,0,"vale/en esta que hacemos/es mejor juego 3 f3 c3/yo pondria 5 - 5/ya pero date cuenta que el juego es aleatorio/es que/entonces es segun como toque/el juego lo pone arriba/y nos ha tocado el 5/a mi no/vale/ah si/entonces decirme cual cojo/f1 c1?/el f3 c3/f2 c2/juego 5 - f3 c3/vale/vamos rotando si quieres cada vez uno/vale/f4 c4?/c5 f5 ?/ganas mas tu en la 5/no, ganas mas tu/50/22/??/cual elegimos?/si quieres esa/f5 c5/cual elegimos?/f1 c1/vale/f3 c3?/vale/asi es lo mismo para los dos/perf/f3 c3?/que nos toca por igual: 32/si/a mi me toca menos entonces :(/puede volver a tocar este juego/yo voto por c3 y f3/podemos probar las dos/pero lo mas junto sería esa/que juego?/f3 y c3/2/o f1 y c1/y f2 c2?/vale/a mi me toca un poco menos pero me da igual/en otra al reves y ya esta :)/en las dos anteriores me ha tocado super poco :(/lo mejor es que a nosotros nos toque por igual/o turnar/sii/lo veo bien/juego 4/HUBIERAMOS GANADO MAS TODOS/yo no/MENOS EL F QUE PALMA 3/solo 3/VALE PERO PALMAS 3 Y NOSOTROS GANAMOS MUCHO MAS/pero soy el que menos esta ganando/esta 2-2/en todas las rondas/VALE/otra vez me perjudica a mi/QUE JUEGO ES AHORA?/4/EL C Y YO SI ELEGIMOS LO MISMO GANAMOS MAS/42495/juego 4/5-5 no/entonces 1-1/vale si/que juego/el juego 2"
1.0,0.0,1.0,1.0,1.0,1.0,1.0,0.0,1.0,0.5,0.0,1,1,0,0,0,"ahora es el 2/f3 c3 otra vez?/f3 c3?/o veis otro mejor/ese bien no?/si/estoy calculando bajo/3 - 3 entonces?/si/bien/juego/4/vale/yo buscaria un juego en el que el jugador F/c3 f3/vale/jaja/perfect! jaja/c2 f2?/c3 f3? que es igual para los dos o vamos rotando cada uno elige una vez?/rotamos/vale/c5 f5?/vale/elegimos el que mas ganacias tenga?/f4/f3 y c3 igual para mi y para F/c4?/siempre o se perjudica f o c... vamos a hacerlo de forma equitativa/asi es lo mas junto no?/en todos los juegos para C y F, hay que poner c3 y f3/asi por igual siempre y A se lleva super buena puntuacion/genial/c3 y f3/lo digo porque en esta a y c ganas bastante más y en otras que sea más igualado hacerlo c3 f3/perfecto/si, si me parece bien/a mi tambien/lo vamos a petar :P/jajaja obvio/juego 1/lo mismo, c3 y f3/si f en esta pierde 5 puntos (f1 c1) c y a aumentamos bastante/pero si quereis el 3 pongo esa/por mi lo que dice A/a mi me da igual pero en otra al reves/que y he perdido en dos :)/en la proxima podemos beneficiar a f/vale/juego 2/hay que beneficiar a f/PUES AHORA LO MEJOR ES 4-4/tu ganas mas en el 5-5/no/es lo mas equitativo/por mi 4-4/VALE AHORA Q?/42402/42464/4-4 no/el f lleva dos rondas ganando mas que yo/PUES ELIGE C/A es juego 1/y aun asi gano menos dinero de momento/mira lo mas equitativo y veras como es el 2-2/PUES 1-1/SI ES JUEGO 1/42370/ok/.../QUE QUEREIS QUE HAGA/42370/42402"
1.0,0.0,1.0,1.0,0.5,1.0,1.0,0.0,1.0,0.5,1.0,1,1,0,0,0,"C EN EL JUEGO 1/tenga mas ganancias/si/porque es el que menos puntos tiene/pues  f4c4/bien/vale/porque 5 - 5 baja mucho C/por eso lo digo/vale/pues cojo ese/ya/vale/1/ahora ya estamos igual/f3 c3?/si/sea quien sea el que mas gane?/el de mas ganacia tienee es el c5 f5 no?/eso digo/pero en todas las rondas/c4 f4?/vale/como quieras/f3 c3?/f3 c3?/jaja vale/jajaja/ya nos leemos la mente/si jaja/cual elegimos ?/f2 c2?/vale/f3 c3?/vale/f1 c1?/quedan cuatro rondas rotamos ?/a quien tenga mayor beneficio?/en este c3 f3/c3 f3?/f4 y c4?/es lo mejor/vale/y despues todas por igual/xq ya estamos igualados en puntuacion/que lo he calculado/4 o 3?/en otro en el que se gane mas y perdais menos ya lo hacemos/siii luego por igual/ahora 4/y luego todas las veces 3/perfecto/en esta c3 f3/aclaraos jajaja/3/y ya hacemos 3/porque ya estamos igualados nosotros dos/esque hay en otros juegos que c pierde menos y nosotros ganamos mas/juego 3/c3 y f3 ?/f3c3/si/AHORA HEMOS GANADO EL C Y YO/42402/es el mas equitativo/uy si/super/jajajaja/VA Q JUEGO ES/el suigiente ya para ti/;)/2/2/42402/ok/VA DECIDME/42432/ES JUEGO 3/si/VALE/3-3?/SI/vale/o podemos hacer lo mismo que antes/en esta una que tenga mas C y en la siguiente mas F/no, porque ahora yo creo que estamos igual/pero como querais/vale/lo que veais, igual asi ganamos mas/ya por eso lo digo/pues lo intentamos si quereis/cual ponemos?/o 11/o 22/vale/2/hacemos eso/buscamos uno cen el que tenga mucho c o f/f tiene poco casi siempre/a ver hay uno que el A tiene 80/el f2 c2/y yo tengo menos que el c/lo que digais"
1.0,0.0,1.0,1.0,0.0,1.0,1.0,0.5,0.5,0.0,1.0,1,1,0,0,0,"o ese o el f3 c3 otra vez/decidir rapido/vale/vale/de todas formas, mas o menos, lo estamos haciendo asi/si jaja/siempre beneficio de 80/menos en el juego 3 que es siempre igual/sea quien sea el que tiene mas beneficio/exacto jaja/f5 c5?/vale/quedan 3 juegos aun no?/3 contando este/si jaja vale/nos queda rato aún/si jaja/a la proxima eliges tu si quieres/c3 f3?/vale jaja/lo mismo?/okey/perfecto/espero que me toqueis en las siguientes 9 rondas :)/bo seria mejor c3 fe?/osea c3 f 3/ese hemos dicho jajaj/ah vale lo he leido mal/nos entendemos bien jaja/jajajaja/sii/cuando acaben las 9 rondas, en las siguientes preguntare: somos los mismos?/y contestamos asi lo sabremos/os parece?/juego 1/no me ha dado tiemepo a contestar/preguntalo sii/cuando acaben las rondas/valeeee/c3 y f3?/OK/F?/DECIDME/Q JUEGO ES/1/42370/VALE/42432/lo mas esquitativo/Q HA CAMBIADO?/DECIDME/NADA/DIME QJUEGO ES/5/podeis seguir siendo avariosos/jajaja/42495/Y GANA F/ME SACRIFICO NO PASA NADA/SOY BUENO/BIEN NANO/por mi siempre los mas equitativos/42432/33 no?/o que/vale/el f3/y au/vale/3/f3c3?/f3 c3/si/si porque no hay mejores/la siguiente ya es la ultima y cambiamos de equipo no?/creo que si/sii/1/1/3 3/?/33/val"
1.0,0.0,1.0,1.0,0.0,1.0,1.0,0.0,1.0,0.0,1.0,1,1,0,0,0,si/el resto se van bastante/si/pues ese/juego 5/juego/vale jaja/ya podían no repetir los juegos jajaja/ya ves jaja/nos ha salido unas 3 o 4 veces/sisi tal cual jaja/se hace un poco pesado al final/si../los otros juegos que he venido han sido mas entretenidos/habra de todo supongo/SI elegimos f5 y c5/hay mayor ganancia/Vale/Juego?/el 3/pero en todos los juegos f5 y c5/hay mayor ganancia/Esta mas repartido el f1 c1/Estamos otra vez en el juego 3/si/okey/vale/juego 5/somos los mismos no?/si/siii/c3f3/estás de acuerdo f/?/si/genial/juego 4/c3 f3/por mi lo de siempre/en este `puede ser c4 f4/si/lo digo porque aqui ganamos f y a más/yo me llevo menos/lo que querais/3 menos y el resto subimos/y hay otro en que c ya os llevais más y yo un poelin menos/yo creo que lo mejor es ir beneficando cada vez a uno/lo digo para compensar la de antes/creo que se gana mas/A SIEMPRE VA A LOS 80 LOGICO/ya/pero tu siempre vas a por tu maximo/42464/HE ELEGIDO 4-4/Q ERA MAS EQUITATIVO/estamos ahora juego 4/42432/F SI ME INVITASES HA ALGO TIRO ALGO MAS PARA TI/JAJJAJAJAJ/QUEREIS 3-3?/pero acaso sabes quien soy/jajaja/NO/yo quiero 4-4/PERO ES GRATIS/c solo pierde 3/hacemos uno y uno de ganacias C y F?/f3 c3?/vale/vale/pues decir/aqui 5 5/bien/porque es en el unico que he visto que F gane bastante/los dos ultimos juegos son de F/como?/si os dais cuenta/son de f?/F tiene mas ganacias en los juegos 4 y 5/ah vale/si es verdad/C4 f4?/Si/A siempre es el que mejor beneficiado sale
1.0,0.0,1.0,1.0,0.5,1.0,1.0,0.0,1.0,0.5,1.0,1,1,0,0,0,"Si, se suma las dos cantidades/Estamos en el 5/f5 c5/Es en el que más ingresos hay/si/Siempre sale beneficiado el A/SI/f2 c2?/juego 2/Vale/Yo creo q despues cambiaremos de letra/Despues d esta ronda/cuando acaben las 9/c4 f4 otra vez/f4 c4/si/si nos cambian a ver si nos toca la A/Pues si, asi se gana mucho más/f1 c1?/Si/Si te das cuenta en los juegos, el 1 = f1 c1, en el 2=f2 c2, en el 3=f3 c3, y asi/Ya/es donde + beneficio hay siempre/Donde sale el A beneficiado/c2 f2/vale/c3 f3/vale va/pongo la 4 entonces/si/3/juego 3/c3 f3/vale/vale/juego 2/por mi c2 y f2/quien era quien ha perdido puentos antes?/nan/en este podemos poner c2 f2/que f solo se lleva 3 menos/yo habia perdido/y si vuelve a salir el 4 lo hacemos como antes/pues ponemos c2 f2 y asi te igualamos no?/vale, y cada vez que salga el 2, c2 y f2/vale/porque en estos dos casos f y c solo perdemos 3 pero los demas ganamos 11/perfecto/si y 4  c4 f4/y ya está/si/igual para todos/perfecto/3/juego 3/c3 f3/PUES 4 4/yo gano mucho mas/OK/42464/PERO ME INVITAS?/:)/a que?/jajajaja/FANTA/NARANJA/pagafantas no soy/mecachis/Y COLAS PAGAS?/solo cerveza/o vino/jajajaja/CERVZA BN/juego 3/Q JUEGO ES/42432/PUES FACIL 3-3/si/ENTONCES CERVEZA NO/y C en 1 y 2/ah si/el 3 es como mas compensativo/4/si quereis 4 4/si/vale bien/y en el proximo que salga el 1 y 2 pues más para C/exacto/3/3 3/?/vale/bien/escriben mucho.../ya"
1.0,0.0,1.0,1.0,0.5,1.0,1.0,0.0,1.0,1.0,0.0,1,1,0,0,0,"jjajajaja ya ves/es que es muy raro/porque si os dais cuenta/2/2/2 2/vale/bien/que estabas diciendo que te han cortado?/y donde salga la misma cantidad/para lkos dos/si si/te hice caso/pusiste 3/y dije 2/y no gane nada/ganaste 8/y yo en dos creo/pero claro, ha vuelto a salir el juego dos/que hacemos?/pon c5f5/y gana 42/y quedamos saldados por completo/no no/42402/f 33 c 47 a 80/si/3/3/f40 c40 a80/si/hola/hola/que fila ?/y que columna/juego 5 fila 5 columna 5/ok/probemos con uno mas/voy!/si vemos que la cosa no es asi cambiamos/vale guay/pero sigamos/a por MAS!!!!/eso!!!!/genial/lo estamos haciendo bien no?/me parece bien/calculemos cual nos beneficia mas/cogemos juego 1?/exacto/creo que es mejor todos en la 2/vale/vale no/1/cogemos la 1/creo que si elegimos la 3, estamos compensados los dos/vale sii/pues la 3/perfecto/el a esta ganando un monton eh/el A se esta llevando lo que mas/maldita sea jajaja/sisi jajaja/vale vamos a ver/que cogemos/el a es la suma de tus puntos y los mios/lo mas justo es el 3/sii/toque el juego que toque/otra vez/lo de simetrica que habias dicho que era/a mi no me sale simetrica/prueba la fila 3 y columna 3 en los distintos juegos/4/4/perfecto/gran juego chicos/5/juego 5/opcion 5-5/c5 f5/siempre voy a jugar la fila y la columna del numero del juego"
1.0,0.0,1.0,0.5,0.0,0.5,1.0,0.5,1.0,0.5,0.0,1,1,0,0,0,"si/va bien a todos?/perfecto/si/2/hola/yo no gano nada/lo del siempre/es que si te fijas en las tablas tienes muy pocos puntos en todas/es que el 5,5/la clomna que mas da es la 5/si/columna/preferis que elija otra?/no/por mi parte/columna 2 fila 2?/si/prueba a ver/del juego q sea porq es aleatorio/para el c es mejor/el 3 es el numero de la suerte/jajajaja/a ver si sale el juego 3/que es el q mas pasta nos da/no entiendo por que cuando escogimos el 5 nos descontó/ni yo/tu pusiste f5?/creo q si/perfecto/creo que ya entiendo/nos llevamos 40 esta vez/antes de seleccionar la fila y columna nos dice en que juego participaremos/si/arriba si lees dice el juego seleccionado es el .../yo tampoco lo habia visto antes/velç/pues el 3 jajaja/vale*/#?/mucho # con el a/·percal/·/#percal/patetico esto/vale vamos a mirar el cinco/yuso?/el tres/casi/pillamos el tres/turrent millor/jajajjajajajaa/vale el tres/tta/el tres/el tres/que antes me la has tramado/ehhh/relax/traicioner@/puteamos al A?/vale/pero que no de negativo/pero mejor en otra ronda/que si no no invita el lineex/2/f 33       c 47       a 80/si/3/3/40    40    80/si/1/25   54   80/si"
1.0,1.0,1.0,1.0,0.5,1.0,1.0,1.0,1.0,1.0,0.0,0,0,0,0,1,"A no baja de 80 jaja/si/puedo elegir yo/ahora que habias elegido?/no/f3 ,c3/no/fila 2 columna 2/elijo yo siempre/eese era el c/quereis c3 f3?/si/elijo yo ahora oq quien'?/esta mas repartido/yo siempre/ok/voy a probar c3 f3/para q nos salga bien a todos/por eso la cague/antes/pues ahora/leemos que juego/c3 f3/creo que sigue siendo la mejor opcion/y pones tu la fila mas grande en ingreso/pero miremos bien/y yo la columna/probemos y arriesguemos/mira el juego y busca el mayor ingreso para todos/pero c3 y f3 sigue suendo la mejor/jajajajaa/en otra ronda/vale/ahora la 3/vale/#######/viva el vino/hola buenas tardes/me la has tramadooo/se me ha ido el dedo/jurao/sese/ahora cual pillamos/#####/va/nan/no marees/el tres/nan/nan/nan/nan/o puteamos al a?/si le puteamos tambien perdemos njostras+/va, pillamos la 3/valee/si o no/valee/si/yo 26/cierto, en eso he tenido mucha suerte/y para nosotros es lo mas rentable/siii/a mi me benefician mas 4 y 5/a C 1 y 2/y 3 por igual/se suman y restan 7 cada vez/5/gozo/54    26     80/si/si/no está mal/te sacas 720 en esta A/sisi/entonces a ver/si coincidimos nos dan mas?/o no tiene nada que ver/tu no elijes nada/creo que si/no tiene nada q ver/lo elijes pero no decides/lo elige A/ahora que hacemos/C4 ,F4?/el juego hay q poner el q pone arriba/o no?/2, 2/no/nos llevamos 40/perfecto!/tienes razon"
1.0,0.0,0.0,0.5,0.0,0.0,0.0,0.0,0.0,0.0,0.0,1,1,0,0,0,"otra vez el juego 3/era la mejor opcion/lo mismo no?/A se esta forrando/te lo iba a decir/al salir le atracamos/vale super/risaa/frikik/3/sii/renta/piensa que para putearle al A, noostras vamos a salir perdienod/perdiendo/yaa/porque/y queremos que invite lineex/jajajajajaja/#####/tendriamos que estar en eng/pues la 3/y au/neg/sii/neg?/viva lineex/negativo jajaja/muy contento/14,40$/normaal/4/4/47    33    80/$$$$$$$$$$$$$$$/sii/money/la gente escribe muchisimo/es de locos/no se que escriben/estaran contándose la vida o algo/eso mismo he pensado yo/aun no saben donde apostar/2/2-2?/PUEDE SER OTRO/cual?/que no haya tanta diferencia/di/f2,c3?/ganamos poco todos/no/no tiene sentido/ok/2-2 pues/1,1 - 2,2 o 5,5/jajaja/jaja/nos queda una ronda/ojala salga el juego 3/negativo/yaya/lo acabo de pillar/pillamos 3/ou yes/odaaa/ADIOOOHH/ojala me toque el A/en las sigueintes 9 rondAS/otra vez el 3/ojala el a/me muero de gemabre/ojala/pero mi mala suerte me castiga/3 always/yes nigga/7.4 ingles back"
1.0,0.0,1.0,1.0,0.5,0.5,1.0,0.0,0.5,0.0,0.0,1,1,0,0,0,"calle de la paz/JAJAJAJJAA/me meo/again/el bicho/jajajajajjajajaj/the most important street/2/bieeen/33 47 80/si/queda poco/habeis sido a y c antes no?/yo c igual/yo a tambien/2/otra vez/perfectoooo/$$$$$$$$$$$$$$$$$$$$$$$$$$$$$$$$$$$$/te esta saliendo redondoo/es muy entretenido/seguro que tiene que haber juegos mas complejos y chulos/sii/yo es mi tercera vez y hay/c3,f3?/42402/bien/ojala ojala/luego otras 9 no?/no lo se/igual si pero con diferente puesto/yo quiero ser A/jajaja y yo/si f y c son listos/y se ponen de acuerdo/si no no/jaja ya/es el juego 4 ahora/igual que antes no?/sigue siendo el mejor para los dos/pon el 5/y ganas 50 tu/luego me haces q gane yo/te parece?/va, la 3/sii/ADIOOH/es nuestra unica opción/de ganar algo decente/pues si jajaja/la 3 jajajj/oh yees/ha sido un placer/pues na, ahora a esperar/ultima rondicaaa/es verdad, ya es la ultima ronda/no me acordaba/ahora en las siguientes, ojala nos toque la A/toy Llorando/por favor/INVITA LINEEX/obvioo/REZALE A DIOS/o bueno/dios, eres tu?/por lo menos a un kinder bueno/estas ahi/invita/jajajja/friki/sii/esta/la 3 eh/lo presiento/si si tranq/has sentido la llamada del señor?/sisisi/ya decia yo../otras veces ha sido mas guay/3/3/40 40 80/si/y en tema dinero que tal va?/siempre suele ser parecido?/yo he estado en uno que se ganaba poco/seguimos con 3.3?/yo pondria el mismo que el anterior c3,f3/si/40 40 y 80?/si/es donde ganamos todos mas/okay/aunq depende del juego q toque/que juego celeccionamos?"
1.0,0.0,1.0,1.0,0.5,1.0,1.0,0.0,0.5,0.0,0.0,0,0,0,0,1,"el 1?/vale/y ahora?/fila f2?/no/mejor f4 c4/que la suma es 80/y en la siguiente lo hacemos al reves/ok/juego 5/c3 f3 entonces no?/c2f2/asi yo gano que tu antes ganaste/si si/pero eso cuando salga el juego 1 o 2/que es donde los dos nos llevamos mucho/pero tu mas/no?/ok/estoy entusiasmad@/patettoica/buenas!/elegimos la que mas nos convenga a los dos/de nosmal es el tres/3?/normal*/#/tio/hola buenas tardes/JAJAJAJAJJAA/muchas fuentes veo/HOLA BUENAS TARDES CON HACENTO AMERICANO/viva el vino/viva viva/maldito a/volvemos a ser otra vez lo puto mismo?????????/:(/oh yes/pillamos la 3/obviamente/yii/como la trama el lineex/la 3 jajaja/ya ves/siempre lo peor para mi/3333/con lo que gane no me da ni pa pipa/pipas/y para mi/a mi ni pa chicles/y este era mi ultomo ademas JAJAAJA/otro mucho que era en ingles/depende, yo la primera vez 38 y la segunda 25/a ver este que tal/si que es bastante dinero/este yo creo que menos/yo este 34/a 0,02 cents/este probalemente vosotros no mucho/elegimos la columna y fila que mas beneficie a todos/peerfecto/igual?/si/el azar../no/pongo lo mismo no?/no/no?/espera/f4,c4/es mas a repartir/espera tienes razon/perdon/no esta mal/no lo habia visto/entonces que/3,3/fila f3/vale/ganamos lo mismo en el c3/jugamos al 3?/vale/fila 3/?/que columna eliges?/vale/la 3/vale"
1.0,0.0,1.0,1.0,1.0,1.0,1.0,1.0,1.0,0.5,0.0,1,1,0,0,0,"??/ahora?/que juego quieres ahora?/en lugar de hacerme perder puntos porque no compensamos?/yo elegiria el 2/primero elegimos el juego 3/vale/escucha/fijate en la fila 1 columna 1/luego fijate en la fila 5 columna 5/si/primero elegimos una opcion luego la otra y ganamos los 2/elijo la c1/vale/fila 1 ahora entonces/3?/si no yo aqui pierdo mucho y tu casi no ganas/si!/c3 f3/juego 2/perfecto/c2 f2/ahora si/y tu ganas lo que yo he ganado antes/perfecto/te parece?/guay/donde nos dice el total recaudado?/ni idea/va saliendo abajo/los puntos que nos llevamos/A se lleva la cantidad tuya mas la mia/pero los de la otra ronda ya no salen/si/a se esta forrando/circulo?/apreta el 2/hazme caso/ahora al do/dos/ganas tu mas/la otra lohacemos alreves/y agans tu mas/valee/ecucha/ahora 3/pero a la siguiente/te ponemos para que ganes tu mas/cabruuuuu/porqu eme he dado cuenta de un acosa/esta bieen/que cosa?/y esque si haceimso eso la diferencia de ganancia era mayor/y en verdad no perdiamos nada/bueno, luego te lo explico/ahora 3 y 3/vale si/porque no te entiendo/mucho·.com/mucho#.com/como la yuso sea a.. la condeno/Me parece genial/he marcado juego 4/fila 3 columna 3/Ganamos más si los 3 ponemos lo mismo?/vamos a poner todos lo mismo y comprobamos/no/antes habeis puesto lo mismo que yo?/si/se gana lo mismo/nan/Sí/Qué ponemos ahora?/hemos ganado lo que hemos puesto todos/juego 2/c2 f2/antes hemos ganado menos de lo que habia puesto/ahora el juego seleccionado es 4/igual que antes/escoge lo mismo/que juego es/lo de siempre??/el 3, 3 es el mejor para todos/y el juego?/o eso da lo mismo?/el juego sale aleatorio, no podemos decidirlo/cada uno tiene su rol/vale pues 3-3/y 40-40-80?/depende del juego q salga............../tu te llevas 80 aleatoriamente entonces?/buf.../vale/vale juego 3/quieres fila 3 o variamos?/variamos/pero juguemos a compensar/el siguiente juego sera el 4/asi que ahora puedo ganar o puedes ganar tu mas"
1.0,0.0,1.0,1.0,1.0,1.0,1.0,0.0,1.0,0.5,1.0,1,1,0,0,0,"y luego la otra persona/me entiendes?/vale ahora fila 4 ?/asi ahora gano yo solo 3 mas/fila 1??/que columna?/y luego elegimos en juego 4 fila 5/y sales tu ganando/vale, confio jaja/vale/juego tres otra vez/elige tu/totalemente/es que si no es imposible/cada uno miraria por si mismo/y no nos llevariamos nada/ya, si cada uno piensa por el beneficio personal estamos perdidos/oye/juego 1/c1 f1?/asi ganas mas/ya ganare yo cuando salgan los juegos 3 o 4/no?/vale luego hacemos al revez/perfecto/vale!/creas o no es una diferencia de 6 puntos que ganamos/ATRAS/ALARMER/destroyer/QU EFEM/a mi me conviene la 2 y a ti la 4/3?/hacemos etsa ronda paa mi, y la siguiente para ti/ni pa ti ni pa mi/valee/esque si hacemos esto se hagan mas puntos/pues dos/ahora dos/o no/sii/la 3/la 3/okk/vale la trees/si/2?/que fem/esta para mi/y la siguiente pa ti/vale bnien/sii porque yo no pierdo mucho/y tu ganas bastante/valevale/two rounds left/me cagare en la del yuso como sea A/que invite a comer/JAJAJJAJAJAJAJA/te lo digo/AL IGUAL/pero/por qué perdemos todos?/antes/porque ha cogido otra columna diferente que nos perjudicaba/ya que el no sabe el juego que es/por eso a partir de ahora te decimos cada juego/vale/avisarme delj juego y pongo la mas beneficiosa/juego?/juego 1/Una de las de siempre/3.3/3.3?/creo q da igual lo q pongais vosotros/decido yo/c2??/vale/podria elegir c1 f1 pero soy buena gente/jajaja eso espero/si si jajaja/fila 4? c4? jiji/mm tu te llevas mas/escucha/no se si eres de fiar pero tengi una buena idea/juguemos a compensar/dime rapido/primero ganas tu mas"
1.0,0.0,1.0,1.0,0.5,1.0,1.0,0.5,1.0,1.0,0.0,1,1,0,0,0,".../luego elegire yo/te parece??/siii/eso estamos haciuendo no?/eres el mismo??/mas o menos/pensaba q cambiaba/vale okay/soy yo soy yo tranqui jaja/entonces/4c  4f entnces?/c5f5/perfecto jaja/jajaja vale!/todo saldado/me lamento no haber entendido el juego desde un principio/no habriamos perdido/y yo/nan/nan/nan/nan/nan/nan/nan/nan/jola y adiooos/JAJAAJA/jola JAJAJJAJAJAJAJAJAJAJAJAJAJA/MOVIMIENTO DE PUÑO/EL BIVHO/4/ES LO JUSTO/PERFEEEE/OLE OLE/INVITA LINEEX/SOON/alguna pregunteta?/JAJAJAJJAAJAJA/dget ssooooonnnn/drget/que hambre/da calambre y todo/me cruje la barriga a saco paco/juego?/4/no/es el 3/3/no se puede repetir?/si se puede  no?/nan/ponemos f3c3 otra vez/si/pero seguro que se puede?/si/4/Sí/f4c4/Por qué esa?/f y a muy benefeciados/c poco perjudicado/juego 5/yo no se que juego sale/vale/c3,f3/pues 5.5/ok/juego 5 o ronda 5?/ronda5 y juego 5/valeee/eso se dice antes joder/jajaja/ajajaja/si ponenmos el mismo juego entonces ganamos mas?/haber preguntado/no si me decis el juego pongo la ffila q mas convenga/que lentos hemos estado che/3,3/yo q sabia/penssaba q era aleatorio/lo he dichi/siii/f1 c1??/fila 2 c 2?/vale/ganas muchiiiisisisisisisiisimo mas jajaja/y tu antes ¬¬/vale.../jajajjaa/f1 c1/confirmo/bien!!/fijate en el a/se va a llevar un monton d puntos/ese gana por todos los lados/f4 querras no?/vale/f4 c4/perfect/fila 1 ? o 2? ¬¬/venga f2 c2"
1.0,0.0,1.0,0.5,0.0,1.0,1.0,0.5,1.0,0.5,1.0,1,0,1,0,0,"jajaja/guay/sere comprensiva/jajaj gracias/nadaa/no sabia ni que ponia el juego arriba/pero bueno/todo por no saber a que juego tocaba/no hemos tardado mucho en darnos cuenta/como iba/ya/por suerte/4/c4/f4/jajajajajja/no en serio a mi también/que pottooooo jjajajajajja/NO SE COMO  el de al lado no escuche mis crujidos/porque tela JAJJAA/JAJAJJAAJJAJAJAJAJAJA/bocata mas kebab/pff/calla/lo haria ahora mismo/:P/:)/hola/en que juego estamos?/hola/1/juego?/JUEGO 4/4/A QUE TE SALE EN PANTALLA?/no me sale nada/para calcular los ingresos que resultan de diferentes situaciones/vale/juego?/5/f5c5/sigues siendo el mismo el a??/lo mas justo es f3c3/pero somos los mismos que antes?/si/f y a muy perjudicados/c poco/c esto trata de no decirle el verdadero juego/para que asi el mire su 80 y nos de mas/juego?/5/no/juego 2/f2c2 toca/si no es ese/pondre las filas negativas/va a ser siempre los mismos numeros/donde el a tenga 80/participante c no te enetras/juego?/3/f3c3/c3f3/q juego?/rodna 6 juego 4/q panolisssss somos/pongo 5.5?/ok/o 3.3?/nooo/4.4000000000000004/3,3/4.4 mejor/esta mas repartido/3.3 mas igualado"
1.0,0.0,1.0,1.0,0.0,1.0,0.5,0.0,0.5,0.0,0.0,1,0,0,1,0,"por/3,3/ok/40,40,80/jajaj/f4? jeje/f4 c4 es lo mas compennsatorio/genial/:)/f2 c2?/f2 c2/si jaja/jaja de acuerdo/oye y el A?/solo gana y gana/lo dejamos que gane tanto?/que hacemos sino?/ya...../bueno da igual/venga elige/f5 c5/uff/por esa de 22 - 50 de antes/jjajaja/bueno vale, pero al inicio d juego has ganado mucho mas tu eh jajaja/venga.. f4 c4/bien?/si??/valeeee/total son 3 puntos/sii :)/a mi se me va con 9/:))/f3 c2?/c2 f2 te parece bien??/tu ganas mas/vale tu querras f2 c2/te parece?/guay/y ya estamos en paz/recien estabamos en paz/que te dije todo saldado/mmm si/ahora ganas tu/pero creo q el primer juego ganaste tu no?/luego yo si es que salen los juegos/no problem/me habre equivocado/ahora cuando nos salga abajo lo miramos/pero ahora gana tu/vale!/y ya quedamos en paz/la prox tu/vale/tenia razon yo/nan/yo puedo seleccionar juegos fila y columna para hacer calculo/vale/como has elegido la opcion antes/voy fila 4 columna 4/vale+/antes es que tenia duda y he puesto una al azar/lo siento/ahora puedes calcular que gana cada uno tu?/4/juego 4/misma opcion/repito?/si/vale/1/5/es el 5/No jaja/a mi me aparece el 5 en serio/Juego1 f1c1/c5f5/A sabes de quien fiarte/juego 5/c tu cual dices?/Ahora sí que dices la verdad, no? jajaja/como le conviene/sisi/A haz lo quieras, pero F no se merece puntos/jjajajaj/c5f5/a la guillotina f/jajaja/4/juego2/ronda 7 juego2/3.3?"
1.0,1.0,0.0,1.0,0.5,1.0,1.0,0.0,0.5,0.0,0.0,1,1,0,0,0,"si/ok/2.2?/por mi 2,2 mejuor/por mi peor ajajaja/asi recupero las de antes un poco../ya.../estas igual que yo/el que mas ganara es A/lo hacemos a mayoria?/pues 2,2/5,5/que tu pierdes 3 puntos/yo gano 11/si hombreeeeeeeee/siii/guay/esque soy un poco lenta/jajaja tenemos tiempo/por mmi f4 c4 bien/valee/hola/hola/que juego cogemos?/elegiré el c1/te parece el juego 1/?/vale/perfecto/f1?/bien/lo hacemos ahora al reves?/para q tu ganes lo q he ganado yo/y yo lo que has ganado tu?/eso en que juego esta?/juego 5/fila 5/c5/de acuerdo/y para las siguientes rondas tengo un plan/para ganar los dos el maximo/y lo mismo/en las dos anteriores he perdido/y tu ganado/y yo en las dos primeras!/de verdad fijate bien/ahh ok/f2 c2/A puedes ver que gana cada uno?/si/valep/lo que mas nos beneficia/de largo/repito, lo siento por la primera/5/5/fila 5 columna 5/si/c, te va bien?/a los dos es nuestra maxima/C tu quinta mejor/si bien, siempre me queda mas bajo que a A y F  en todas las combinaciones/vale/pues voy 5 y 5/bien/gracias/juego 4/f4c4/no/que gana demasiado F/jajajaja/jjaajaja y A TAMBIEN/hay pique/2 cts el punto cuidado/Ya pero tú eres el que ha intentado engañar/ahora a la pizzeria esa/de eso trta/trata/pero no  lo ppillas/juego 2/que ruina. C tío eres muy inocente jajajua/A se va a enbolsar 30 euros que nos lo podiamos haber repartido nosotros 2/Haberlo pensado antes/pues si yo lo he pensado el que no lo has pillado has sido tu jaja/Lo que podríamos haber hecho es beneficiarnos una vez cada uno/claro/pero no la has pillado/Cuando elo has pensado yo perdia/obviamente te iiba a decir que no/espera c/no digas nada aun/beneficiate tu ahora/yo en la ulti,a/juego 2/ronda8/2.2000000000000002/5,5/que yo antes he perdido/o 3,3/5.5 perdemos el A y yo muchisimo/si quieres 3.3/3.3 aun aun/4,4/3.3/si/o pongo 2.2/si jaja"
1.0,1.0,1.0,1.0,0.5,1.0,1.0,0.0,1.0,1.0,0.0,1,0,1,0,0,"no te apresures/vamos por esta/y luego vemos/tienes razon/no funcionó tu plan/creo que nos estamos equivocando/porque el juego no lo decidimos nosotros/como lo hacemos entonces?/escojamos las columnas y filas donde menos se pierda/en todos los juegos/siempre c1/o donde ganemos lo mismo/o c3/si ellos escojen el juego lo mejor es asegurar no perder/en todos los juegos hay una casilla que ganamos lo mismo/probemos/y siempre es 30 o 40/fijate/escoje f2/no lo estamos haciendo bien/escucha/vamos a probarlo asi/dime/si sale juego 3/cogemos f3 y c3/y nos llevamos los dos 40/si sale juego 1/saldrá en negativo/f3 c3/pero probemos/ya ya/pero hay que mirar/q nois llevemos lo mismo/sabes?/segun el juego q salga miramos la tabla/antes no me hiciste caso/pero yo si te hare/si/ahora no?/he comprobado que si perseguimos los 80 siempre coincide con el numero de juego/si que es cierto/juego 1- c1f1/juego 2- c2f2/juego dos csf2/sii/es mas sencillo de lo que parece/dos/c2 f2 entonces?/tambien he comprobado que en el juego 1-2 gano yo. y en el 4-5 tu/y en el juego 3 empatamos en ganancia/tu has ganado en tres/en el 2, en el 4 y en el ultimo/1/1 y 1/maxima de c y mia/bien/si/bien/siempre voy a ir las dos del que es el juego/es decir si el juego es el 2/voy 2 y 2/si el juego es el 3/es cuando mas ingresos salen no?/voy 3 y 3/si/los ingresos son los puntos?/la diagonal principal es la máxima/2/2/vale/a vosotros os salen los ingresos?/lo dicho no?/si/ultima/juego 2/jaja que cabron/A  es de verdad/A es el 5/Tío es que nos puede quitar/jajaja/C si para 2 que quedan jaja/no le vamos a engañar/juego 2/es que es capaz de quitarnos asi que.../jajaja/pierde el jaja/ya/juego 9/jajajajajaa/es el juego 3/jajajaja/3/Nosotros empatamos/Menuda suerte has tenido A/te vas a forrar/A hazme caso es el 9/te la está colando jajajaja/Ya nos podría haber tocado a nosotros xd/a veces se gana otras se pierde amigo ajajaj/ya ves/asi es/lA MEJOR ESTRATEGIA ES QUE TODOS GANEMOS CUANTO PODAMOS/metele lo que ganes a la victoria del madrid por mas de 3/perdonad las mayusculas/en el mundialito/handicup/jajaja/mas 3/jajajajaj/ahora en la reta jajaj/A luwgo puedes repartirlo/si quieres/:)/cual/juego3/3.3/3,3/si/perfect"
